behavior,crossing_pedestrian_v,crossing_pedestrian_x,crossing_pedestrian_y,crossing_pedestrian_yaw,ctrl_state,ctrl_v,ego_v,ego_x,ego_y,ego_yaw,perc_near_x,t
,0.0,55.0,-46.0,-1.5707963267948963,,nan,0.0,29.99999999999999,-51.75,-2.987141537818687e-23,nan,9.828000000000001
,0.0,55.0,-46.0,-1.5707963267948963,,nan,0.0,29.99999999999999,-51.75,-2.987141537818687e-23,nan,9.828000000000001
,0.0,55.0,-46.0,-1.5707963267948963,,nan,0.0,29.99999999999999,-51.75,-2.987141537818687e-23,nan,9.828000000000001
,0.0,55.0,-46.0,-1.5707963267948963,,nan,0.0,29.99999999999999,-51.75,-2.987141537818687e-23,nan,9.828000000000001
,0.0,55.0,-46.0,-1.5707963267948963,,nan,0.0,29.99999999999999,-51.75,-2.987141537818687e-23,nan,9.829
,0.0,55.0,-46.0,-1.5707963267948963,,nan,0.0,29.99999999999999,-51.75,-2.987141537818687e-23,nan,9.829
,0.0,55.0,-46.0,-1.5707963267948963,,nan,0.0,29.99999999999999,-51.75,-2.987141537818687e-23,nan,9.829
,0.0,55.0,-46.0,-1.5707963267948963,,nan,0.0,29.99999999999999,-51.75,-2.987141537818687e-23,nan,9.829
,0.0,55.0,-46.0,-1.5707963267948963,,nan,0.0,29.99999999999999,-51.75,-2.987141537818687e-23,nan,9.829
,0.0,55.0,-46.0,-1.5707963267948963,,nan,0.0,29.99999999999999,-51.75,-2.987141537818687e-23,nan,9.84
,0.0,55.0,-46.0,-1.5707963267948963,NO_PATH,2.13557181e-19,0.0,29.99999999999999,-51.75,-2.987141537818687e-23,nan,9.860000000000001
,0.0,55.0,-46.0,-1.5707963267948963,NO_PATH,7.91265688e-19,0.0,29.99999999999999,-51.75,-2.987141537818687e-23,nan,9.88
,0.0,55.0,-46.0,-1.5707963267948963,NO_PATH,7.91265688e-19,0.0,29.99999999999999,-51.75,-2.987141537818687e-23,nan,9.9
,0.0,55.0,-46.0,-1.5707963267948963,NO_PATH,2.46976701e-19,0.0,29.99999999999999,-51.75,-2.987141537818687e-23,nan,9.92
,0.0,55.0,-46.0,-1.5707963267948963,NO_PATH,-5.72915706e-20,0.0,29.99999999999999,-51.75,-2.987141537818687e-23,nan,9.940000000000001
,0.0,55.0,-46.0,-1.5707963267948963,NO_PATH,1.18432128e-18,0.0,29.99999999999999,-51.75,-2.987141537818687e-23,nan,9.96
,0.0,55.0,-46.0,-1.5707963267948963,NO_PATH,9.0732228e-19,0.0,29.99999999999999,-51.75,-2.987141537818687e-23,nan,9.981
,0.0,55.0,-46.0,-1.5707963267948963,NO_PATH,9.0732228e-19,0.0,29.99999999999999,-51.75,-2.987141537818687e-23,nan,10.0
,0.0,55.0,-46.0,-1.5707963267948963,NO_PATH,6.37007366e-19,0.0,29.99999999999999,-51.75,-2.987141537818687e-23,nan,10.020000000000001
,0.0,55.0,-46.0,-1.5707963267948963,NO_PATH,3.03043092e-19,0.0,29.99999999999999,-51.75,-2.987141537818687e-23,nan,10.040000000000001
,0.0,55.0,-46.0,-1.5707963267948963,NO_PATH,1.13038332e-18,0.0,29.99999999999999,-51.75,-2.987141537818687e-23,nan,10.06
,0.0,55.0,-46.0,-1.5707963267948963,NO_PATH,9.43613914e-19,0.0,29.99999999999999,-51.75,-2.987141537818687e-23,nan,10.08
,0.0,55.0,-46.0,-1.5707963267948963,NO_PATH,3.54236243e-19,0.0,29.99999999999999,-51.75,-2.987141537818687e-23,nan,10.100000000000001
,0.0,55.0,-46.0,-1.5707963267948963,NO_PATH,3.54236243e-19,0.0,29.99999999999999,-51.75,-2.987141537818687e-23,nan,10.120000000000001
,0.0,55.0,-46.0,-1.5707963267948963,NO_PATH,7.26935685e-19,0.0,29.99999999999999,-51.75,-2.987141537818687e-23,nan,10.14
,0.0,55.0,-46.0,-1.5707963267948963,NO_PATH,4.060827e-19,0.0,29.99999999999999,-51.75,-2.987141537818687e-23,nan,10.16
,0.0,55.0,-46.0,-1.5707963267948963,NO_PATH,5.93490133e-19,0.0,29.99999999999999,-51.75,-2.987141537818687e-23,nan,10.180000000000001
,0.0,55.0,-46.0,-1.5707963267948963,NO_PATH,6.78924216e-19,0.0,29.99999999999999,-51.75,-2.987141537818687e-23,nan,10.200000000000001
,0.0,55.0,-46.0,-1.5707963267948963,NO_PATH,6.78924216e-19,0.0,29.99999999999999,-51.75,-2.987141537818687e-23,nan,10.22
,0.0,55.0,-46.0,-1.5707963267948963,NO_PATH,7.16777437e-19,0.0,29.99999999999999,-51.75,-2.987141537818687e-23,nan,10.24
,0.0,55.0,-46.0,-1.5707963267948963,NO_PATH,-1.75968522e-19,0.0,29.99999999999999,-51.75,-2.987141537818687e-23,nan,10.26
,0.0,55.0,-46.0,-1.5707963267948963,NO_PATH,2.71014347e-19,0.0,29.99999999999999,-51.75,-2.987141537818687e-23,nan,10.280000000000001
,0.0,55.0,-46.0,-1.5707963267948963,NO_PATH,2.71014347e-19,0.0,29.99999999999999,-51.75,-2.987141537818687e-23,nan,10.3
,0.0,55.0,-46.0,-1.5707963267948963,NO_PATH,1.08708883e-18,0.0,29.99999999999999,-51.75,-2.987141537818687e-23,nan,10.32
,0.0,55.0,-46.0,-1.5707963267948963,NO_PATH,1.97878584e-19,0.0,29.99999999999999,-51.75,-2.987141537818687e-23,nan,10.34
,0.0,55.0,-46.0,-1.5707963267948963,NO_PATH,8.80138226e-19,0.0,29.99999999999999,-51.75,-2.987141537818687e-23,nan,10.360000000000001
,0.0,55.0,-46.0,-1.5707963267948963,NO_PATH,2.8263832e-19,0.0,29.99999999999999,-51.75,-2.987141537818687e-23,nan,10.38
,0.0,55.0,-46.0,-1.5707963267948963,NO_PATH,2.8263832e-19,0.0,29.99999999999999,-51.75,-2.987141537818687e-23,nan,10.4
,0.0,55.0,-46.0,-1.5707963267948963,NO_PATH,8.53819323e-20,0.0,29.99999999999999,-51.75,-2.987141537818687e-23,nan,10.42
,0.0,55.0,-46.0,-1.5707963267948963,NO_PATH,4.29280251e-19,0.0,29.99999999999999,-51.75,-2.987141537818687e-23,nan,10.440000000000001
,0.0,55.0,-46.0,-1.5707963267948963,NO_PATH,3.85862637e-19,0.0,29.99999999999999,-51.75,-2.987141537818687e-23,nan,10.46
,0.0,55.0,-46.0,-1.5707963267948963,NO_PATH,3.85862637e-19,0.0,29.99999999999999,-51.75,-2.987141537818687e-23,nan,10.48
,0.0,55.0,-46.0,-1.5707963267948963,NO_PATH,4.8039615e-19,0.0,29.99999999999999,-51.75,-2.987141537818687e-23,nan,10.5
,0.0,55.0,-46.0,-1.5707963267948963,NO_PATH,1.95286658e-19,0.0,29.99999999999999,-51.75,-2.987141537818687e-23,nan,10.520000000000001
,0.0,55.0,-46.0,-1.5707963267948963,NO_PATH,1.28483443e-19,0.0,29.99999999999999,-51.75,-2.987141537818687e-23,nan,10.540000000000001
,0.0,55.0,-46.0,-1.5707963267948963,NO_PATH,1.28483443e-19,0.0,29.99999999999999,-51.75,-2.987141537818687e-23,nan,10.56
,0.0,55.0,-46.0,-1.5707963267948963,NO_PATH,2.09129408e-19,0.0,29.99999999999999,-51.75,-2.987141537818687e-23,nan,10.58
,0.0,55.0,-46.0,-1.5707963267948963,NO_PATH,2.09129408e-19,0.0,29.99999999999999,-51.75,-2.987141537818687e-23,nan,10.600000000000001
,0.0,55.0,-46.0,-1.5707963267948963,NO_PATH,4.28607614e-20,0.0,29.99999999999999,-51.75,-2.987141537818687e-23,nan,10.621
,0.0,55.0,-46.0,-1.5707963267948963,NO_PATH,4.2317562e-19,0.0,29.99999999999999,-51.75,-2.987141537818687e-23,nan,10.64
,0.0,55.0,-46.0,-1.5707963267948963,NO_PATH,1.65188909e-19,0.0,29.99999999999999,-51.75,-2.987141537818687e-23,nan,10.66
,0.0,55.0,-46.0,-1.5707963267948963,NO_PATH,1.78409748e-19,0.0,29.99999999999999,-51.75,-2.987141537818687e-23,nan,10.681000000000001
,0.0,55.0,-46.0,-1.5707963267948963,NO_PATH,1.40861769e-18,0.0,29.99999999999999,-51.75,-2.987141537818687e-23,nan,10.700000000000001
,0.0,55.0,-46.0,-1.5707963267948963,NO_PATH,1.40861769e-18,0.0,29.99999999999999,-51.75,-2.987141537818687e-23,nan,10.72
,0.0,55.0,-46.0,-1.5707963267948963,NO_PATH,4.44548907e-19,0.0,29.99999999999999,-51.75,-2.987141537818687e-23,nan,10.74
,0.0,55.0,-46.0,-1.5707963267948963,NO_PATH,1.06717796e-18,0.0,29.99999999999999,-51.75,-2.987141537818687e-23,nan,10.76
,0.0,55.0,-46.0,-1.5707963267948963,NO_PATH,7.10610675e-19,0.0,29.99999999999999,-51.75,-2.987141537818687e-23,nan,10.780000000000001
,0.0,55.0,-46.0,-1.5707963267948963,NO_PATH,7.9382216e-19,0.0,29.99999999999999,-51.75,-2.987141537818687e-23,nan,10.801
,0.0,55.0,-46.0,-1.5707963267948963,NO_PATH,7.9382216e-19,0.0,29.99999999999999,-51.75,-2.987141537818687e-23,nan,10.821000000000002
,0.0,55.0,-46.0,-1.5707963267948963,NO_PATH,1.32506299e-19,0.0,29.99999999999999,-51.75,-2.987141537818687e-23,nan,10.841000000000001
,0.0,55.0,-46.0,-1.5707963267948963,NO_PATH,1.32506299e-19,0.0,29.99999999999999,-51.75,-2.987141537818687e-23,nan,10.860000000000001
,0.0,55.0,-46.0,-1.5707963267948963,NO_PATH,7.6729439e-19,0.0,29.99999999999999,-51.75,-2.987141537818687e-23,nan,10.88
,0.0,55.0,-46.0,-1.5707963267948963,NO_PATH,7.6729439e-19,0.0,29.99999999999999,-51.75,-2.987141537818687e-23,nan,10.901
,0.0,55.0,-46.0,-1.5707963267948963,NO_PATH,9.94575091e-19,0.0,29.99999999999999,-51.75,-2.987141537818687e-23,nan,10.92
,0.0,55.0,-46.0,-1.5707963267948963,NO_PATH,4.97271384e-19,0.0,29.99999999999999,-51.75,-2.987141537818687e-23,nan,10.940000000000001
,0.0,55.0,-46.0,-1.5707963267948963,NO_PATH,4.97271384e-19,0.0,29.99999999999999,-51.75,-2.987141537818687e-23,nan,10.96
,0.0,55.0,-46.0,-1.5707963267948963,NO_PATH,3.1006545e-19,0.0,29.99999999999999,-51.75,-2.987141537818687e-23,nan,10.98
,0.0,55.0,-46.0,-1.5707963267948963,NO_PATH,2.14152599e-19,0.0,29.99999999999999,-51.75,-2.987141537818687e-23,nan,11.001000000000001
,0.0,55.0,-46.0,-1.5707963267948963,NO_PATH,1.25409086e-18,0.0,29.99999999999999,-51.75,-2.987141537818687e-23,nan,11.020000000000001
,0.0,55.0,-46.0,-1.5707963267948963,NO_PATH,5.33895936e-19,0.0,29.99999999999999,-51.75,-2.987141537818687e-23,nan,11.040000000000001
,0.0,55.0,-46.0,-1.5707963267948963,NO_PATH,4.8184003e-19,0.0,29.99999999999999,-51.75,-2.987141537818687e-23,nan,11.06
,0.0,55.0,-46.0,-1.5707963267948963,NO_PATH,6.06547967e-19,0.0,29.99999999999999,-51.75,-2.987141537818687e-23,nan,11.08
,0.0,55.0,-46.0,-1.5707963267948963,NO_PATH,6.06547967e-19,0.0,29.99999999999999,-51.75,-2.987141537818687e-23,nan,11.100000000000001
,0.0,55.0,-46.0,-1.5707963267948963,NO_PATH,8.22348885e-19,0.0,29.99999999999999,-51.75,-2.987141537818687e-23,nan,11.120000000000001
,0.0,55.0,-46.0,-1.5707963267948963,NO_PATH,9.16136637e-19,0.0,29.99999999999999,-51.75,-2.987141537818687e-23,nan,11.14
,0.0,55.0,-46.0,-1.5707963267948963,NO_PATH,9.16136637e-19,0.0,29.99999999999999,-51.75,-2.987141537818687e-23,nan,11.16
,0.0,55.0,-46.0,-1.5707963267948963,NO_PATH,8.407652e-19,0.0,29.99999999999999,-51.75,-2.987141537818687e-23,nan,11.180000000000001
,0.0,55.0,-46.0,-1.5707963267948963,NO_PATH,1.73085752e-18,0.0,29.99999999999999,-51.75,-2.987141537818687e-23,nan,11.201
,0.0,55.0,-46.0,-1.5707963267948963,NO_PATH,1.73085752e-18,0.0,29.99999999999999,-51.75,-2.987141537818687e-23,nan,11.22
,0.0,55.0,-46.0,-1.5707963267948963,NO_PATH,-3.23525269e-19,0.0,29.99999999999999,-51.75,-2.987141537818687e-23,nan,11.241000000000001
,0.0,55.0,-46.0,-1.5707963267948963,NO_PATH,6.12623021e-19,0.0,29.99999999999999,-51.75,-2.987141537818687e-23,nan,11.260000000000002
,0.0,55.0,-46.0,-1.5707963267948963,NO_PATH,9.1897514e-19,0.0,29.99999999999999,-51.75,-2.987141537818687e-23,nan,11.281
,0.0,55.0,-46.0,-1.5707963267948963,NO_PATH,9.1897514e-19,0.0,29.99999999999999,-51.75,-2.987141537818687e-23,nan,11.3
,0.0,55.0,-46.0,-1.5707963267948963,NO_PATH,1.84411505e-19,0.0,29.99999999999999,-51.75,-2.987141537818687e-23,nan,11.32
,0.0,55.0,-46.0,-1.5707963267948963,NO_PATH,5.50984129e-19,0.0,29.99999999999999,-51.75,-2.987141537818687e-23,nan,11.34
,0.0,55.0,-46.0,-1.5707963267948963,NO_PATH,5.50984129e-19,0.0,29.99999999999999,-51.75,-2.987141537818687e-23,nan,11.360000000000001
,0.0,55.0,-46.0,-1.5707963267948963,NO_PATH,7.64634608e-19,0.0,29.99999999999999,-51.75,-2.987141537818687e-23,nan,11.38
,0.0,55.0,-46.0,-1.5707963267948963,NO_PATH,4.49597917e-19,0.0,29.99999999999999,-51.75,-2.987141537818687e-23,nan,11.4
,0.0,55.0,-46.0,-1.5707963267948963,NO_PATH,4.65376332e-19,0.0,29.99999999999999,-51.75,-2.987141537818687e-23,nan,11.42
,0.0,55.0,-46.0,-1.5707963267948963,NO_PATH,9.22879681e-19,0.0,29.99999999999999,-51.75,-2.987141537818687e-23,nan,11.440000000000001
,0.0,55.0,-46.0,-1.5707963267948963,NO_PATH,9.22879681e-19,0.0,29.99999999999999,-51.75,-2.987141537818687e-23,nan,11.46
,0.0,55.0,-46.0,-1.5707963267948963,NO_PATH,2.45283303e-19,0.0,29.99999999999999,-51.75,-2.987141537818687e-23,nan,11.48
,0.0,55.0,-46.0,-1.5707963267948963,NO_PATH,3.94555629e-19,0.0,29.99999999999999,-51.75,-2.987141537818687e-23,nan,11.5
,0.0,55.0,-46.0,-1.5707963267948963,NO_PATH,2.90849549e-19,0.0,29.99999999999999,-51.75,-2.987141537818687e-23,nan,11.520000000000001
,0.0,55.0,-46.0,-1.5707963267948963,NO_PATH,7.76189771e-19,0.0,29.99999999999999,-51.75,-2.987141537818687e-23,nan,11.540000000000001
,0.0,55.0,-46.0,-1.5707963267948963,NO_PATH,6.12040686e-19,0.0,29.99999999999999,-51.75,-2.987141537818687e-23,nan,11.56
,0.0,55.0,-46.0,-1.5707963267948963,NO_PATH,6.12040686e-19,0.0,29.99999999999999,-51.75,-2.987141537818687e-23,nan,11.58
,0.0,55.0,-46.0,-1.5707963267948963,NO_PATH,1.03934996e-18,0.0,29.99999999999999,-51.75,-2.987141537818687e-23,nan,11.600000000000001
,0.0,55.0,-46.0,-1.5707963267948963,NO_PATH,-6.44324139e-20,0.0,29.99999999999999,-51.75,-2.987141537818687e-23,nan,11.620000000000001
,0.0,55.0,-46.0,-1.5707963267948963,NO_PATH,-6.44324139e-20,0.0,29.99999999999999,-51.75,-2.987141537818687e-23,nan,11.64
,0.0,55.0,-46.0,-1.5707963267948963,NO_PATH,1.80300886e-19,0.0,29.99999999999999,-51.75,-2.987141537818687e-23,nan,11.66
,0.0,55.0,-46.0,-1.5707963267948963,NO_PATH,2.24098393e-19,0.0,29.99999999999999,-51.75,-2.987141537818687e-23,nan,11.680000000000001
,0.0,55.0,-46.0,-1.5707963267948963,NO_PATH,1.2607027e-18,0.0,29.99999999999999,-51.75,-2.987141537818687e-23,nan,11.700000000000001
,0.0,55.0,-46.0,-1.5707963267948963,NO_PATH,1.2607027e-18,0.0,29.99999999999999,-51.75,-2.987141537818687e-23,nan,11.722000000000001
,0.0,55.0,-46.0,-1.5707963267948963,NO_PATH,1.01682381e-18,0.0,29.99999999999999,-51.75,-2.987141537818687e-23,nan,11.74
,0.0,55.0,-46.0,-1.5707963267948963,NO_PATH,5.38877986e-19,0.0,29.99999999999999,-51.75,-2.987141537818687e-23,nan,11.760000000000002
,0.0,55.0,-46.0,-1.5707963267948963,NO_PATH,5.38877986e-19,0.0,29.99999999999999,-51.75,-2.987141537818687e-23,nan,11.780000000000001
,0.0,55.0,-46.0,-1.5707963267948963,NO_PATH,1.05020327e-18,0.0,29.99999999999999,-51.75,-2.987141537818687e-23,nan,11.8
,0.0,55.0,-46.0,-1.5707963267948963,NO_PATH,1.05020327e-18,0.0,29.99999999999999,-51.75,-2.987141537818687e-23,nan,11.82
,0.0,55.0,-46.0,-1.5707963267948963,NO_PATH,6.44528755e-19,0.0,29.99999999999999,-51.75,-2.987141537818687e-23,nan,11.84
,0.0,55.0,-46.0,-1.5707963267948963,NO_PATH,1.11186714e-18,0.0,29.99999999999999,-51.75,-2.987141537818687e-23,nan,11.860000000000001
,0.0,55.0,-46.0,-1.5707963267948963,NO_PATH,4.48181224e-19,0.0,29.99999999999999,-51.75,-2.987141537818687e-23,nan,11.88
,0.0,55.0,-46.0,-1.5707963267948963,NO_PATH,5.03336961e-19,0.0,29.99999999999999,-51.75,-2.987141537818687e-23,nan,11.9
,0.0,55.0,-46.0,-1.5707963267948963,NO_PATH,8.89503079e-19,0.0,29.99999999999999,-51.75,-2.987141537818687e-23,nan,11.92
,0.0,55.0,-46.0,-1.5707963267948963,NO_PATH,9.3295764e-19,0.0,29.99999999999999,-51.75,-2.987141537818687e-23,nan,11.940000000000001
,0.0,55.0,-46.0,-1.5707963267948963,NO_PATH,9.3295764e-19,0.0,29.99999999999999,-51.75,-2.987141537818687e-23,nan,11.96
,0.0,55.0,-46.0,-1.5707963267948963,NO_PATH,1.69124373e-19,0.0,29.99999999999999,-51.75,-2.987141537818687e-23,nan,11.98
,0.0,55.0,-46.0,-1.5707963267948963,NO_PATH,1.78360262e-19,0.0,29.99999999999999,-51.75,-2.987141537818687e-23,nan,12.002
,0.0,55.0,-46.0,-1.5707963267948963,NO_PATH,7.68654009e-19,0.0,29.99999999999999,-51.75,-2.987141537818687e-23,nan,12.020000000000001
,0.0,55.0,-46.0,-1.5707963267948963,NO_PATH,3.32601207e-19,0.0,29.99999999999999,-51.75,-2.987141537818687e-23,nan,12.041
,0.0,55.0,-46.0,-1.5707963267948963,NO_PATH,3.4651676e-19,0.0,29.99999999999999,-51.75,-2.987141537818687e-23,nan,12.06
,0.0,55.0,-46.0,-1.5707963267948963,NO_PATH,9.8289157e-19,0.0,29.99999999999999,-51.75,-2.987141537818687e-23,nan,12.081000000000001
,0.0,55.0,-46.0,-1.5707963267948963,NO_PATH,5.03350945e-19,0.0,29.99999999999999,-51.75,-2.987141537818687e-23,nan,12.100000000000001
,0.0,55.0,-46.0,-1.5707963267948963,NO_PATH,4.14295856e-19,0.0,29.99999999999999,-51.75,-2.987141537818687e-23,nan,12.120000000000001
,0.0,55.0,-46.0,-1.5707963267948963,NO_PATH,4.14295856e-19,0.0,29.99999999999999,-51.75,-2.987141537818687e-23,nan,12.14
,0.0,55.0,-46.0,-1.5707963267948963,NO_PATH,1.49383268e-18,0.0,29.99999999999999,-51.75,-2.987141537818687e-23,nan,12.16
,0.0,55.0,-46.0,-1.5707963267948963,NO_PATH,5.25410198e-19,0.0,29.99999999999999,-51.75,-2.987141537818687e-23,nan,12.180000000000001
,0.0,55.0,-46.0,-1.5707963267948963,NO_PATH,5.25410198e-19,0.0,29.99999999999999,-51.75,-2.987141537818687e-23,nan,12.200000000000001
,0.0,55.0,-46.0,-1.5707963267948963,NO_PATH,9.4670155e-19,0.0,29.99999999999999,-51.75,-2.987141537818687e-23,nan,12.22
,0.0,55.0,-46.0,-1.5707963267948963,NO_PATH,9.4670155e-19,0.0,29.99999999999999,-51.75,-2.987141537818687e-23,nan,12.24
,0.0,55.0,-46.0,-1.5707963267948963,NO_PATH,-2.58179977e-19,0.0,29.99999999999999,-51.75,-2.987141537818687e-23,nan,12.260000000000002
,0.0,55.0,-46.0,-1.5707963267948963,NO_PATH,-2.58179977e-19,0.0,29.99999999999999,-51.75,-2.987141537818687e-23,nan,12.280000000000001
,0.0,55.0,-46.0,-1.5707963267948963,NO_PATH,2.97890579e-19,0.0,29.99999999999999,-51.75,-2.987141537818687e-23,nan,12.3
,0.0,55.0,-46.0,-1.5707963267948963,NO_PATH,2.05118088e-20,0.0,29.99999999999999,-51.75,-2.987141537818687e-23,nan,12.32
,0.0,55.0,-46.0,-1.5707963267948963,NO_PATH,5.82206447e-19,0.0,29.99999999999999,-51.75,-2.987141537818687e-23,nan,12.340000000000002
,0.0,55.0,-46.0,-1.5707963267948963,NO_PATH,6.79827627e-19,0.0,29.99999999999999,-51.75,-2.987141537818687e-23,nan,12.360000000000001
,0.0,55.0,-46.0,-1.5707963267948963,NO_PATH,6.79827627e-19,0.0,29.99999999999999,-51.75,-2.987141537818687e-23,nan,12.38
,0.0,55.0,-46.0,-1.5707963267948963,NO_PATH,4.36598066e-20,0.0,29.99999999999999,-51.75,-2.987141537818687e-23,nan,12.4
,0.0,55.0,-46.0,-1.5707963267948963,NO_PATH,3.43115616e-19,0.0,29.99999999999999,-51.75,-2.987141537818687e-23,nan,12.42
,0.0,55.0,-46.0,-1.5707963267948963,NO_PATH,-3.57597708e-19,0.0,29.99999999999999,-51.75,-2.987141537818687e-23,nan,12.440000000000001
,0.0,55.0,-46.0,-1.5707963267948963,NO_PATH,1.74924174e-19,0.0,29.99999999999999,-51.75,-2.987141537818687e-23,nan,12.46
,0.0,55.0,-46.0,-1.5707963267948963,NO_PATH,2.43249425e-19,0.0,29.99999999999999,-51.75,-2.987141537818687e-23,nan,12.481000000000002
,0.0,55.0,-46.0,-1.5707963267948963,NO_PATH,2.43249425e-19,0.0,29.99999999999999,-51.75,-2.987141537818687e-23,nan,12.501000000000001
,0.0,55.0,-46.0,-1.5707963267948963,NO_PATH,2.96542466e-19,0.0,29.99999999999999,-51.75,-2.987141537818687e-23,nan,12.520000000000001
,0.0,55.0,-46.0,-1.5707963267948963,NO_PATH,2.96542466e-19,0.0,29.99999999999999,-51.75,-2.987141537818687e-23,nan,12.540000000000001
,0.0,55.0,-46.0,-1.5707963267948963,NO_PATH,8.34674667e-19,0.0,29.99999999999999,-51.75,-2.987141537818687e-23,nan,12.56
,0.0,55.0,-46.0,-1.5707963267948963,NO_PATH,8.34674667e-19,0.0,29.99999999999999,-51.75,-2.987141537818687e-23,nan,12.58
,0.0,55.0,-46.0,-1.5707963267948963,NO_PATH,3.63751308e-19,0.0,29.99999999999999,-51.75,-2.987141537818687e-23,nan,12.600000000000001
,0.0,55.0,-46.0,-1.5707963267948963,NO_PATH,1.02261451e-18,0.0,29.99999999999999,-51.75,-2.987141537818687e-23,nan,12.620000000000001
,0.0,55.0,-46.0,-1.5707963267948963,NO_PATH,2.2157795e-19,0.0,29.99999999999999,-51.75,-2.987141537818687e-23,nan,12.64
,0.0,55.0,-46.0,-1.5707963267948963,NO_PATH,1.0155429e-18,0.0,29.99999999999999,-51.75,-2.987141537818687e-23,nan,12.66
,0.0,55.0,-46.0,-1.5707963267948963,NO_PATH,4.5807986e-19,0.0,29.99999999999999,-51.75,-2.987141537818687e-23,nan,12.680000000000001
,0.0,55.0,-46.0,-1.5707963267948963,NO_PATH,4.5807986e-19,0.0,29.99999999999999,-51.75,-2.987141537818687e-23,nan,12.700000000000001
,0.0,55.0,-46.0,-1.5707963267948963,NO_PATH,5.16583662e-19,0.0,29.99999999999999,-51.75,-2.987141537818687e-23,nan,12.72
,0.0,55.0,-46.0,-1.5707963267948963,NO_PATH,5.16583662e-19,0.0,29.99999999999999,-51.75,-2.987141537818687e-23,nan,12.74
,0.0,55.0,-46.0,-1.5707963267948963,NO_PATH,-7.52569901e-19,0.0,29.99999999999999,-51.75,-2.987141537818687e-23,nan,12.760000000000002
,0.0,55.0,-46.0,-1.5707963267948963,NO_PATH,2.73611898e-19,0.0,29.99999999999999,-51.75,-2.987141537818687e-23,nan,12.781
,0.0,55.0,-46.0,-1.5707963267948963,NO_PATH,5.98602494e-19,0.0,29.99999999999999,-51.75,-2.987141537818687e-23,nan,12.8
,0.0,55.0,-46.0,-1.5707963267948963,NO_PATH,4.09177366e-19,0.0,29.99999999999999,-51.75,-2.987141537818687e-23,nan,12.82
,0.0,55.0,-46.0,-1.5707963267948963,NO_PATH,4.09177366e-19,0.0,29.99999999999999,-51.75,-2.987141537818687e-23,nan,12.841000000000001
,0.0,55.0,-46.0,-1.5707963267948963,NO_PATH,3.03662579e-19,0.0,29.99999999999999,-51.75,-2.987141537818687e-23,nan,12.860000000000001
,0.0,55.0,-46.0,-1.5707963267948963,NO_PATH,6.67587209e-19,0.0,29.99999999999999,-51.75,-2.987141537818687e-23,nan,12.88
,0.0,55.0,-46.0,-1.5707963267948963,NO_PATH,4.80458286e-19,0.0,29.99999999999999,-51.75,-2.987141537818687e-23,nan,12.9
,0.0,55.0,-46.0,-1.5707963267948963,NO_PATH,-3.58306717e-19,0.0,29.99999999999999,-51.75,-2.987141537818687e-23,nan,12.92
,0.0,55.0,-46.0,-1.5707963267948963,NO_PATH,1.47949087e-18,0.0,29.99999999999999,-51.75,-2.987141537818687e-23,nan,12.940000000000001
,0.0,55.0,-46.0,-1.5707963267948963,NO_PATH,1.47949087e-18,0.0,29.99999999999999,-51.75,-2.987141537818687e-23,nan,12.96
,0.0,55.0,-46.0,-1.5707963267948963,NO_PATH,9.09122328e-19,0.0,29.99999999999999,-51.75,-2.987141537818687e-23,nan,12.98
,0.0,55.0,-46.0,-1.5707963267948963,NO_PATH,9.09122328e-19,0.0,29.99999999999999,-51.75,-2.987141537818687e-23,nan,13.0
,0.0,55.0,-46.0,-1.5707963267948963,NO_PATH,8.85941045e-19,0.0,29.99999999999999,-51.75,-2.987141537818687e-23,nan,13.020000000000001
,0.0,55.0,-46.0,-1.5707963267948963,NO_PATH,6.00380475e-19,0.0,29.99999999999999,-51.75,-2.987141537818687e-23,nan,13.040000000000001
,0.0,55.0,-46.0,-1.5707963267948963,NO_PATH,-1.95347118e-19,0.0,29.99999999999999,-51.75,-2.987141537818687e-23,nan,13.06
,0.0,55.0,-46.0,-1.5707963267948963,NO_PATH,4.90911204e-19,0.0,29.99999999999999,-51.75,-2.987141537818687e-23,nan,13.08
,0.0,55.0,-46.0,-1.5707963267948963,NO_PATH,4.60663394e-19,0.0,29.99999999999999,-51.75,-2.987141537818687e-23,nan,13.101
,0.0,55.0,-46.0,-1.5707963267948963,NO_PATH,1.71099333e-19,0.0,29.99999999999999,-51.75,-2.987141537818687e-23,nan,13.120000000000001
,0.0,55.0,-46.0,-1.5707963267948963,NO_PATH,1.71099333e-19,0.0,29.99999999999999,-51.75,-2.987141537818687e-23,nan,13.14
,0.0,55.0,-46.0,-1.5707963267948963,NO_PATH,9.58482337e-19,0.0,29.99999999999999,-51.75,-2.987141537818687e-23,nan,13.161000000000001
,0.0,55.0,-46.0,-1.5707963267948963,NO_PATH,9.58482337e-19,0.0,29.99999999999999,-51.75,-2.987141537818687e-23,nan,13.180000000000001
,0.0,55.0,-46.0,-1.5707963267948963,NO_PATH,4.97282103e-19,0.0,29.99999999999999,-51.75,-2.987141537818687e-23,nan,13.200000000000001
,0.0,55.0,-46.0,-1.5707963267948963,NO_PATH,3.70013942e-19,0.0,29.99999999999999,-51.75,-2.987141537818687e-23,nan,13.22
,0.0,55.0,-46.0,-1.5707963267948963,NO_PATH,3.70013942e-19,0.0,29.99999999999999,-51.75,-2.987141537818687e-23,nan,13.24
,0.0,55.0,-46.0,-1.5707963267948963,NO_PATH,3.32000671e-19,0.0,29.99999999999999,-51.75,-2.987141537818687e-23,nan,13.260000000000002
,0.0,55.0,-46.0,-1.5707963267948963,NO_PATH,9.43183748e-19,0.0,29.99999999999999,-51.75,-2.987141537818687e-23,nan,13.280000000000001
,0.0,55.0,-46.0,-1.5707963267948963,NO_PATH,9.43183748e-19,0.0,29.99999999999999,-51.75,-2.987141537818687e-23,nan,13.3
,0.0,55.0,-46.0,-1.5707963267948963,NO_PATH,5.21427146e-19,0.0,29.99999999999999,-51.75,-2.987141537818687e-23,nan,13.321000000000002
,0.0,55.0,-46.0,-1.5707963267948963,NO_PATH,5.06652422e-19,0.0,29.99999999999999,-51.75,-2.987141537818687e-23,nan,13.340000000000002
,0.0,55.0,-46.0,-1.5707963267948963,NO_PATH,6.7945357e-19,0.0,29.99999999999999,-51.75,-2.987141537818687e-23,nan,13.360000000000001
,0.0,55.0,-46.0,-1.5707963267948963,NO_PATH,6.7945357e-19,0.0,29.99999999999999,-51.75,-2.987141537818687e-23,nan,13.38
,0.0,55.0,-46.0,-1.5707963267948963,NO_PATH,6.56359526e-19,0.0,29.99999999999999,-51.75,-2.987141537818687e-23,nan,13.4
,0.0,55.0,-46.0,-1.5707963267948963,NO_PATH,1.19620571e-18,0.0,29.99999999999999,-51.75,-2.987141537818687e-23,nan,13.421000000000001
,0.0,55.0,-46.0,-1.5707963267948963,NO_PATH,5.08938858e-20,0.0,29.99999999999999,-51.75,-2.987141537818687e-23,nan,13.440000000000001
,0.0,55.0,-46.0,-1.5707963267948963,NO_PATH,6.09727663e-19,0.0,29.99999999999999,-51.75,-2.987141537818687e-23,nan,13.46
,0.0,55.0,-46.0,-1.5707963267948963,NO_PATH,6.96287637e-19,0.0,29.99999999999999,-51.75,-2.987141537818687e-23,nan,13.48
,0.0,55.0,-46.0,-1.5707963267948963,NO_PATH,6.96287637e-19,0.0,29.99999999999999,-51.75,-2.987141537818687e-23,nan,13.5
,0.0,55.0,-46.0,-1.5707963267948963,NO_PATH,1.06886929e-18,0.0,29.99999999999999,-51.75,-2.987141537818687e-23,nan,13.520000000000001
,0.0,55.0,-46.0,-1.5707963267948963,NO_PATH,1.06886929e-18,0.0,29.99999999999999,-51.75,-2.987141537818687e-23,nan,13.540000000000001
,0.0,55.0,-46.0,-1.5707963267948963,NO_PATH,5.62753232e-19,0.0,29.99999999999999,-51.75,-2.987141537818687e-23,nan,13.56
,0.0,55.0,-46.0,-1.5707963267948963,NO_PATH,4.76258509e-19,0.0,29.99999999999999,-51.75,-2.987141537818687e-23,nan,13.58
,0.0,55.0,-46.0,-1.5707963267948963,NO_PATH,4.75790521e-19,0.0,29.99999999999999,-51.75,-2.987141537818687e-23,nan,13.600000000000001
,0.0,55.0,-46.0,-1.5707963267948963,NO_PATH,5.24355862e-19,0.0,29.99999999999999,-51.75,-2.987141537818687e-23,nan,13.620000000000001
,0.0,55.0,-46.0,-1.5707963267948963,NO_PATH,5.85348772e-19,0.0,29.99999999999999,-51.75,-2.987141537818687e-23,nan,13.641
,0.0,55.0,-46.0,-1.5707963267948963,NO_PATH,5.85348772e-19,0.0,29.99999999999999,-51.75,-2.987141537818687e-23,nan,13.66
,0.0,55.0,-46.0,-1.5707963267948963,NO_PATH,1.48577191e-19,0.0,29.99999999999999,-51.75,-2.987141537818687e-23,nan,13.680000000000001
,0.0,55.0,-46.0,-1.5707963267948963,NO_PATH,1.48577191e-19,0.0,29.99999999999999,-51.75,-2.987141537818687e-23,nan,13.700000000000001
,0.0,55.0,-46.0,-1.5707963267948963,NO_PATH,5.92557452e-19,0.0,29.99999999999999,-51.75,-2.987141537818687e-23,nan,13.72
,0.0,55.0,-46.0,-1.5707963267948963,NO_PATH,7.96424522e-20,0.0,29.99999999999999,-51.75,-2.987141537818687e-23,nan,13.74
,0.0,55.0,-46.0,-1.5707963267948963,NO_PATH,1.29388124e-19,0.0,29.99999999999999,-51.75,-2.987141537818687e-23,nan,13.761000000000001
,0.0,55.0,-46.0,-1.5707963267948963,NO_PATH,3.66524847e-19,0.0,29.99999999999999,-51.75,-2.987141537818687e-23,nan,13.780000000000001
,0.0,55.0,-46.0,-1.5707963267948963,NO_PATH,6.63811412e-19,0.0,29.99999999999999,-51.75,-2.987141537818687e-23,nan,13.8
,0.0,55.0,-46.0,-1.5707963267948963,NO_PATH,-3.47741223e-19,0.0,29.99999999999999,-51.75,-2.987141537818687e-23,nan,13.82
,0.0,55.0,-46.0,-1.5707963267948963,NO_PATH,-3.47741223e-19,0.0,29.99999999999999,-51.75,-2.987141537818687e-23,nan,13.840000000000002
,0.0,55.0,-46.0,-1.5707963267948963,NO_PATH,4.8555001e-19,0.0,29.99999999999999,-51.75,-2.987141537818687e-23,nan,13.860000000000001
,0.0,55.0,-46.0,-1.5707963267948963,NO_PATH,8.23959589e-19,0.0,29.99999999999999,-51.75,-2.987141537818687e-23,nan,13.88
,0.0,55.0,-46.0,-1.5707963267948963,NO_PATH,8.23959589e-19,0.0,29.99999999999999,-51.75,-2.987141537818687e-23,nan,13.9
,0.0,55.0,-46.0,-1.5707963267948963,NO_PATH,5.41299856e-19,0.0,29.99999999999999,-51.75,-2.987141537818687e-23,nan,13.920000000000002
,0.0,55.0,-46.0,-1.5707963267948963,NO_PATH,-8.27600709e-19,0.0,29.99999999999999,-51.75,-2.987141537818687e-23,nan,13.940000000000001
,0.0,55.0,-46.0,-1.5707963267948963,NO_PATH,8.54360597e-19,0.0,29.99999999999999,-51.75,-2.987141537818687e-23,nan,13.96
,0.0,55.0,-46.0,-1.5707963267948963,NO_PATH,8.54360597e-19,0.0,29.99999999999999,-51.75,-2.987141537818687e-23,nan,13.98
,0.0,55.0,-46.0,-1.5707963267948963,NO_PATH,1.75810187e-19,0.0,29.99999999999999,-51.75,-2.987141537818687e-23,nan,14.0
,0.0,55.0,-46.0,-1.5707963267948963,NO_PATH,1.75810187e-19,0.0,29.99999999999999,-51.75,-2.987141537818687e-23,nan,14.020000000000001
,0.0,55.0,-46.0,-1.5707963267948963,NO_PATH,5.48835641e-19,0.0,29.99999999999999,-51.75,-2.987141537818687e-23,nan,14.040000000000001
,0.0,55.0,-46.0,-1.5707963267948963,NO_PATH,1.02456809e-18,0.0,29.99999999999999,-51.75,-2.987141537818687e-23,nan,14.06
,0.0,55.0,-46.0,-1.5707963267948963,NO_PATH,4.67405926e-19,0.0,29.99999999999999,-51.75,-2.987141537818687e-23,nan,14.08
,0.0,55.0,-46.0,-1.5707963267948963,NO_PATH,-1.88133381e-19,0.0,29.99999999999999,-51.75,-2.987141537818687e-23,nan,14.101
,0.0,55.0,-46.0,-1.5707963267948963,NO_PATH,4.31766421e-19,0.0,29.99999999999999,-51.75,-2.987141537818687e-23,nan,14.120000000000001
,0.0,55.0,-46.0,-1.5707963267948963,NO_PATH,3.28322532e-19,0.0,29.99999999999999,-51.75,-2.987141537818687e-23,nan,14.14
,0.0,55.0,-46.0,-1.5707963267948963,NO_PATH,3.28322532e-19,0.0,29.99999999999999,-51.75,-2.987141537818687e-23,nan,14.16
,0.0,55.0,-46.0,-1.5707963267948963,NO_PATH,3.22507929e-19,0.0,29.99999999999999,-51.75,-2.987141537818687e-23,nan,14.180000000000001
,0.0,55.0,-46.0,-1.5707963267948963,NO_PATH,3.22507929e-19,0.0,29.99999999999999,-51.75,-2.987141537818687e-23,nan,14.201
,0.0,55.0,-46.0,-1.5707963267948963,NO_PATH,4.18525834e-19,0.0,29.99999999999999,-51.75,-2.987141537818687e-23,nan,14.22
,0.0,55.0,-46.0,-1.5707963267948963,NO_PATH,2.92775766e-19,0.0,29.99999999999999,-51.75,-2.987141537818687e-23,nan,14.24
,0.0,55.0,-46.0,-1.5707963267948963,NO_PATH,4.30339491e-19,0.0,29.99999999999999,-51.75,-2.987141537818687e-23,nan,14.260000000000002
,0.0,55.0,-46.0,-1.5707963267948963,NO_PATH,8.94202298e-22,0.0,29.99999999999999,-51.75,-2.987141537818687e-23,nan,14.280000000000001
,0.0,55.0,-46.0,-1.5707963267948963,NO_PATH,8.94202298e-22,0.0,29.99999999999999,-51.75,-2.987141537818687e-23,nan,14.3
,0.0,55.0,-46.0,-1.5707963267948963,NO_PATH,4.09133104e-19,0.0,29.99999999999999,-51.75,-2.987141537818687e-23,nan,14.32
,0.0,55.0,-46.0,-1.5707963267948963,NO_PATH,7.83338927e-19,0.0,29.99999999999999,-51.75,-2.987141537818687e-23,nan,14.340000000000002
,0.0,55.0,-46.0,-1.5707963267948963,NO_PATH,4.32263086e-19,0.0,29.99999999999999,-51.75,-2.987141537818687e-23,nan,14.360000000000001
,0.0,55.0,-46.0,-1.5707963267948963,NO_PATH,3.4803704e-19,0.0,29.99999999999999,-51.75,-2.987141537818687e-23,nan,14.38
,0.0,55.0,-46.0,-1.5707963267948963,NO_PATH,1.07322146e-18,0.0,29.99999999999999,-51.75,-2.987141537818687e-23,nan,14.4
,0.0,55.0,-46.0,-1.5707963267948963,NO_PATH,3.30329845e-19,0.0,29.99999999999999,-51.75,-2.987141537818687e-23,nan,14.420000000000002
,0.0,55.0,-46.0,-1.5707963267948963,NO_PATH,3.30329845e-19,0.0,29.99999999999999,-51.75,-2.987141537818687e-23,nan,14.440000000000001
,0.0,55.0,-46.0,-1.5707963267948963,NO_PATH,9.7747668e-19,0.0,29.99999999999999,-51.75,-2.987141537818687e-23,nan,14.46
,0.0,55.0,-46.0,-1.5707963267948963,NO_PATH,6.36976886e-19,0.0,29.99999999999999,-51.75,-2.987141537818687e-23,nan,14.48
,0.0,55.0,-46.0,-1.5707963267948963,NO_PATH,9.66999403e-19,0.0,29.99999999999999,-51.75,-2.987141537818687e-23,nan,14.500000000000002
,0.0,55.0,-46.0,-1.5707963267948963,NO_PATH,3.1355462e-19,0.0,29.99999999999999,-51.75,-2.987141537818687e-23,nan,14.520000000000001
,0.0,55.0,-46.0,-1.5707963267948963,NO_PATH,3.57730889e-19,0.0,29.99999999999999,-51.75,-2.987141537818687e-23,nan,14.540000000000001
,0.0,55.0,-46.0,-1.5707963267948963,NO_PATH,3.57730889e-19,0.0,29.99999999999999,-51.75,-2.987141537818687e-23,nan,14.56
,0.0,55.0,-46.0,-1.5707963267948963,NO_PATH,2.78656533e-19,0.0,29.99999999999999,-51.75,-2.987141537818687e-23,nan,14.58
,0.0,55.0,-46.0,-1.5707963267948963,NO_PATH,1.7311835e-19,0.0,29.99999999999999,-51.75,-2.987141537818687e-23,nan,14.600000000000001
,0.0,55.0,-46.0,-1.5707963267948963,NO_PATH,1.7311835e-19,0.0,29.99999999999999,-51.75,-2.987141537818687e-23,nan,14.620000000000001
,0.0,55.0,-46.0,-1.5707963267948963,NO_PATH,-4.55942878e-20,0.0,29.99999999999999,-51.75,-2.987141537818687e-23,nan,14.64
,0.0,55.0,-46.0,-1.5707963267948963,NO_PATH,-1.7046238e-19,0.0,29.99999999999999,-51.75,-2.987141537818687e-23,nan,14.66
,0.0,55.0,-46.0,-1.5707963267948963,NO_PATH,-1.7046238e-19,0.0,29.99999999999999,-51.75,-2.987141537818687e-23,nan,14.680000000000001
,0.0,55.0,-46.0,-1.5707963267948963,NO_PATH,6.2359282e-19,0.0,29.99999999999999,-51.75,-2.987141537818687e-23,nan,14.700000000000001
,0.0,55.0,-46.0,-1.5707963267948963,NO_PATH,5.3318344e-19,0.0,29.99999999999999,-51.75,-2.987141537818687e-23,nan,14.72
,0.0,55.0,-46.0,-1.5707963267948963,NO_PATH,4.1114837e-19,0.0,29.99999999999999,-51.75,-2.987141537818687e-23,nan,14.741000000000001
,0.0,55.0,-46.0,-1.5707963267948963,NO_PATH,-2.58368924e-19,0.0,29.99999999999999,-51.75,-2.987141537818687e-23,nan,14.760000000000002
,0.0,55.0,-46.0,-1.5707963267948963,NO_PATH,5.7311591e-19,0.0,29.99999999999999,-51.75,-2.987141537818687e-23,nan,14.780000000000001
,0.0,55.0,-46.0,-1.5707963267948963,NO_PATH,1.13097313e-18,0.0,29.99999999999999,-51.75,-2.987141537818687e-23,nan,14.8
,0.0,55.0,-46.0,-1.5707963267948963,NO_PATH,1.13097313e-18,0.0,29.99999999999999,-51.75,-2.987141537818687e-23,nan,14.82
,0.0,55.0,-46.0,-1.5707963267948963,NO_PATH,4.82197306e-19,0.0,29.99999999999999,-51.75,-2.987141537818687e-23,nan,14.840000000000002
,0.0,55.0,-46.0,-1.5707963267948963,NO_PATH,7.09871156e-19,0.0,29.99999999999999,-51.75,-2.987141537818687e-23,nan,14.860000000000001
,0.0,55.0,-46.0,-1.5707963267948963,NO_PATH,7.09871156e-19,0.0,29.99999999999999,-51.75,-2.987141537818687e-23,nan,14.88
,0.0,55.0,-46.0,-1.5707963267948963,NO_PATH,1.2158963e-18,0.0,29.99999999999999,-51.75,-2.987141537818687e-23,nan,14.9
,0.0,55.0,-46.0,-1.5707963267948963,NO_PATH,1.06070081e-18,0.0,29.99999999999999,-51.75,-2.987141537818687e-23,nan,14.920000000000002
,0.0,55.0,-46.0,-1.5707963267948963,NO_PATH,1.25980416e-18,0.0,29.99999999999999,-51.75,-2.987141537818687e-23,nan,14.940000000000001
,0.0,55.0,-46.0,-1.5707963267948963,NO_PATH,4.4198917e-20,0.0,29.99999999999999,-51.75,-2.987141537818687e-23,nan,14.96
,0.0,55.0,-46.0,-1.5707963267948963,NO_PATH,4.4198917e-20,0.0,29.99999999999999,-51.75,-2.987141537818687e-23,nan,14.98
,0.0,55.0,-46.0,-1.5707963267948963,NO_PATH,2.20348935e-19,0.0,29.99999999999999,-51.75,-2.987141537818687e-23,nan,15.000000000000002
,0.0,55.0,-46.0,-1.5707963267948963,NO_PATH,2.01743303e-19,0.0,29.99999999999999,-51.75,-2.987141537818687e-23,nan,15.020000000000001
,0.0,55.0,-46.0,-1.5707963267948963,NO_PATH,2.01743303e-19,0.0,29.99999999999999,-51.75,-2.987141537818687e-23,nan,15.040000000000001
,0.0,55.0,-46.0,-1.5707963267948963,NO_PATH,6.70131479e-19,0.0,29.99999999999999,-51.75,-2.987141537818687e-23,nan,15.06
,0.0,55.0,-46.0,-1.5707963267948963,NO_PATH,1.97932752e-19,0.0,29.99999999999999,-51.75,-2.987141537818687e-23,nan,15.08
,0.0,55.0,-46.0,-1.5707963267948963,NO_PATH,4.91956703e-19,0.0,29.99999999999999,-51.75,-2.987141537818687e-23,nan,15.100000000000001
,0.0,55.0,-46.0,-1.5707963267948963,NO_PATH,5.56529243e-19,0.0,29.99999999999999,-51.75,-2.987141537818687e-23,nan,15.120000000000001
,0.0,55.0,-46.0,-1.5707963267948963,NO_PATH,1.16855906e-19,0.0,29.99999999999999,-51.75,-2.987141537818687e-23,nan,15.14
,0.0,55.0,-46.0,-1.5707963267948963,NO_PATH,1.16855906e-19,0.0,29.99999999999999,-51.75,-2.987141537818687e-23,nan,15.16
,0.0,55.0,-46.0,-1.5707963267948963,NO_PATH,5.46735312e-19,0.0,29.99999999999999,-51.75,-2.987141537818687e-23,nan,15.180000000000001
,0.0,55.0,-46.0,-1.5707963267948963,NO_PATH,4.72553956e-19,0.0,29.99999999999999,-51.75,-2.987141537818687e-23,nan,15.200000000000001
,0.0,55.0,-46.0,-1.5707963267948963,NO_PATH,4.76628245e-19,0.0,29.99999999999999,-51.75,-2.987141537818687e-23,nan,15.22
,0.0,55.0,-46.0,-1.5707963267948963,NO_PATH,-2.83091865e-19,0.0,29.99999999999999,-51.75,-2.987141537818687e-23,nan,15.24
,0.0,55.0,-46.0,-1.5707963267948963,NO_PATH,-2.83091865e-19,0.0,29.99999999999999,-51.75,-2.987141537818687e-23,nan,15.260000000000002
,0.0,55.0,-46.0,-1.5707963267948963,NO_PATH,3.00625261e-19,0.0,29.99999999999999,-51.75,-2.987141537818687e-23,nan,15.280000000000001
,0.0,55.0,-46.0,-1.5707963267948963,NO_PATH,8.58527731e-20,0.0,29.99999999999999,-51.75,-2.987141537818687e-23,nan,15.3
,0.0,55.0,-46.0,-1.5707963267948963,NO_PATH,1.21491604e-18,0.0,29.99999999999999,-51.75,-2.987141537818687e-23,nan,15.32
,0.0,55.0,-46.0,-1.5707963267948963,NO_PATH,3.75903567e-19,0.0,29.99999999999999,-51.75,-2.987141537818687e-23,nan,15.340000000000002
,0.0,55.0,-46.0,-1.5707963267948963,NO_PATH,3.75903567e-19,0.0,29.99999999999999,-51.75,-2.987141537818687e-23,nan,15.360000000000001
,0.0,55.0,-46.0,-1.5707963267948963,NO_PATH,1.13434056e-18,0.0,29.99999999999999,-51.75,-2.987141537818687e-23,nan,15.38
,0.0,55.0,-46.0,-1.5707963267948963,NO_PATH,1.17332899e-18,0.0,29.99999999999999,-51.75,-2.987141537818687e-23,nan,15.4
,0.0,55.0,-46.0,-1.5707963267948963,NO_PATH,-1.33777706e-19,0.0,29.99999999999999,-51.75,-2.987141537818687e-23,nan,15.420000000000002
,0.0,55.0,-46.0,-1.5707963267948963,NO_PATH,9.03818918e-19,0.0,29.99999999999999,-51.75,-2.987141537818687e-23,nan,15.440000000000001
,0.0,55.0,-46.0,-1.5707963267948963,NO_PATH,9.03818918e-19,0.0,29.99999999999999,-51.75,-2.987141537818687e-23,nan,15.46
,0.0,55.0,-46.0,-1.5707963267948963,NO_PATH,5.00937378e-19,0.0,29.99999999999999,-51.75,-2.987141537818687e-23,nan,15.48
,0.0,55.0,-46.0,-1.5707963267948963,NO_PATH,5.00937378e-19,0.0,29.99999999999999,-51.75,-2.987141537818687e-23,nan,15.500000000000002
,0.0,55.0,-46.0,-1.5707963267948963,NO_PATH,6.97294927e-19,0.0,29.99999999999999,-51.75,-2.987141537818687e-23,nan,15.521
,0.0,55.0,-46.0,-1.5707963267948963,NO_PATH,3.3562498e-19,0.0,29.99999999999999,-51.75,-2.987141537818687e-23,nan,15.540000000000001
,0.0,55.0,-46.0,-1.5707963267948963,NO_PATH,9.99932323e-19,0.0,29.99999999999999,-51.75,-2.987141537818687e-23,nan,15.56
,0.0,55.0,-46.0,-1.5707963267948963,NO_PATH,-2.22550886e-20,0.0,29.99999999999999,-51.75,-2.987141537818687e-23,nan,15.580000000000002
,0.0,55.0,-46.0,-1.5707963267948963,NO_PATH,3.20413352e-19,0.0,29.99999999999999,-51.75,-2.987141537818687e-23,nan,15.600000000000001
,0.0,55.0,-46.0,-1.5707963267948963,NO_PATH,-4.08026204e-19,0.0,29.99999999999999,-51.75,-2.987141537818687e-23,nan,15.620000000000001
,0.0,55.0,-46.0,-1.5707963267948963,NO_PATH,2.35485475e-19,0.0,29.99999999999999,-51.75,-2.987141537818687e-23,nan,15.64
,0.0,55.0,-46.0,-1.5707963267948963,NO_PATH,6.27583826e-19,0.0,29.99999999999999,-51.75,-2.987141537818687e-23,nan,15.661000000000001
,0.0,55.0,-46.0,-1.5707963267948963,NO_PATH,6.27583826e-19,0.0,29.99999999999999,-51.75,-2.987141537818687e-23,nan,15.680000000000001
,0.0,55.0,-46.0,-1.5707963267948963,NO_PATH,1.17119475e-18,0.0,29.99999999999999,-51.75,-2.987141537818687e-23,nan,15.700000000000001
,0.0,55.0,-46.0,-1.5707963267948963,NO_PATH,7.41584474e-19,0.0,29.99999999999999,-51.75,-2.987141537818687e-23,nan,15.72
,0.0,55.0,-46.0,-1.5707963267948963,NO_PATH,1.67197942e-19,0.0,29.99999999999999,-51.75,-2.987141537818687e-23,nan,15.74
,0.0,55.0,-46.0,-1.5707963267948963,NO_PATH,1.67197942e-19,0.0,29.99999999999999,-51.75,-2.987141537818687e-23,nan,15.760000000000002
,0.0,55.0,-46.0,-1.5707963267948963,NO_PATH,3.64991883e-19,0.0,29.99999999999999,-51.75,-2.987141537818687e-23,nan,15.780000000000001
,0.0,55.0,-46.0,-1.5707963267948963,NO_PATH,3.64991883e-19,0.0,29.99999999999999,-51.75,-2.987141537818687e-23,nan,15.8
,0.0,55.0,-46.0,-1.5707963267948963,NO_PATH,1.96140574e-19,0.0,29.99999999999999,-51.75,-2.987141537818687e-23,nan,15.82
,0.0,55.0,-46.0,-1.5707963267948963,NO_PATH,2.61226889e-19,0.0,29.99999999999999,-51.75,-2.987141537818687e-23,nan,15.840000000000002
,0.0,55.0,-46.0,-1.5707963267948963,NO_PATH,7.60650003e-19,0.0,29.99999999999999,-51.75,-2.987141537818687e-23,nan,15.860000000000001
,0.0,55.0,-46.0,-1.5707963267948963,NO_PATH,-3.5571308e-20,0.0,29.99999999999999,-51.75,-2.987141537818687e-23,nan,15.88
,0.0,55.0,-46.0,-1.5707963267948963,NO_PATH,-3.5571308e-20,0.0,29.99999999999999,-51.75,-2.987141537818687e-23,nan,15.9
,0.0,55.0,-46.0,-1.5707963267948963,NO_PATH,-1.53974951e-19,0.0,29.99999999999999,-51.75,-2.987141537818687e-23,nan,15.920000000000002
,0.0,55.0,-46.0,-1.5707963267948963,NO_PATH,-3.95929949e-20,0.0,29.99999999999999,-51.75,-2.987141537818687e-23,nan,15.940000000000001
,0.0,55.0,-46.0,-1.5707963267948963,NO_PATH,1.2288219e-18,0.0,29.99999999999999,-51.75,-2.987141537818687e-23,nan,15.961
,0.0,55.0,-46.0,-1.5707963267948963,NO_PATH,1.2288219e-18,0.0,29.99999999999999,-51.75,-2.987141537818687e-23,nan,15.98
,0.0,55.0,-46.0,-1.5707963267948963,NO_PATH,9.52560019e-19,0.0,29.99999999999999,-51.75,-2.987141537818687e-23,nan,16.0
,0.0,55.0,-46.0,-1.5707963267948963,NO_PATH,1.91455144e-19,0.0,29.99999999999999,-51.75,-2.987141537818687e-23,nan,16.02
,0.0,55.0,-46.0,-1.5707963267948963,NO_PATH,-7.07453955e-20,0.0,29.99999999999999,-51.75,-2.987141537818687e-23,nan,16.040000000000003
,0.0,55.0,-46.0,-1.5707963267948963,NO_PATH,2.20409536e-20,0.0,29.99999999999999,-51.75,-2.987141537818687e-23,nan,16.060000000000002
,0.0,55.0,-46.0,-1.5707963267948963,NO_PATH,1.20740265e-18,0.0,29.99999999999999,-51.75,-2.987141537818687e-23,nan,16.080000000000002
,0.0,55.0,-46.0,-1.5707963267948963,NO_PATH,2.19921019e-19,0.0,29.99999999999999,-51.75,-2.987141537818687e-23,nan,16.1
,0.0,55.0,-46.0,-1.5707963267948963,NO_PATH,2.19921019e-19,0.0,29.99999999999999,-51.75,-2.987141537818687e-23,nan,16.12
,0.0,55.0,-46.0,-1.5707963267948963,NO_PATH,6.44208378e-19,0.0,29.99999999999999,-51.75,-2.987141537818687e-23,nan,16.14
,0.0,55.0,-46.0,-1.5707963267948963,NO_PATH,6.44208378e-19,0.0,29.99999999999999,-51.75,-2.987141537818687e-23,nan,16.16
,0.0,55.0,-46.0,-1.5707963267948963,NO_PATH,8.7168992e-19,0.0,29.99999999999999,-51.75,-2.987141537818687e-23,nan,16.18
,0.0,55.0,-46.0,-1.5707963267948963,NO_PATH,1.51166926e-19,0.0,29.99999999999999,-51.75,-2.987141537818687e-23,nan,16.2
,0.0,55.0,-46.0,-1.5707963267948963,NO_PATH,1.15220462e-18,0.0,29.99999999999999,-51.75,-2.987141537818687e-23,nan,16.220000000000002
,0.0,55.0,-46.0,-1.5707963267948963,NO_PATH,4.20458841e-19,0.0,29.99999999999999,-51.75,-2.987141537818687e-23,nan,16.240000000000002
,0.0,55.0,-46.0,-1.5707963267948963,NO_PATH,4.20458841e-19,0.0,29.99999999999999,-51.75,-2.987141537818687e-23,nan,16.26
,0.0,55.0,-46.0,-1.5707963267948963,NO_PATH,1.45192985e-18,0.0,29.99999999999999,-51.75,-2.987141537818687e-23,nan,16.28
,0.0,55.0,-46.0,-1.5707963267948963,NO_PATH,9.02910794e-19,0.0,29.99999999999999,-51.75,-2.987141537818687e-23,nan,16.3
,0.0,55.0,-46.0,-1.5707963267948963,NO_PATH,7.53249624e-20,0.0,29.99999999999999,-51.75,-2.987141537818687e-23,nan,16.32
,0.0,55.0,-46.0,-1.5707963267948963,NO_PATH,7.53249624e-20,0.0,29.99999999999999,-51.75,-2.987141537818687e-23,nan,16.34
,0.0,55.0,-46.0,-1.5707963267948963,NO_PATH,5.67050025e-19,0.0,29.99999999999999,-51.75,-2.987141537818687e-23,nan,16.36
,0.0,55.0,-46.0,-1.5707963267948963,NO_PATH,6.40258358e-19,0.0,29.99999999999999,-51.75,-2.987141537818687e-23,nan,16.380000000000003
,0.0,55.0,-46.0,-1.5707963267948963,NO_PATH,6.40258358e-19,0.0,29.99999999999999,-51.75,-2.987141537818687e-23,nan,16.400000000000002
,0.0,55.0,-46.0,-1.5707963267948963,NO_PATH,5.39582807e-19,0.0,29.99999999999999,-51.75,-2.987141537818687e-23,nan,16.42
,0.0,55.0,-46.0,-1.5707963267948963,NO_PATH,5.12644428e-19,0.0,29.99999999999999,-51.75,-2.987141537818687e-23,nan,16.44
,0.0,55.0,-46.0,-1.5707963267948963,NO_PATH,5.12644428e-19,0.0,29.99999999999999,-51.75,-2.987141537818687e-23,nan,16.46
,0.0,55.0,-46.0,-1.5707963267948963,NO_PATH,3.34400826e-19,0.0,29.99999999999999,-51.75,-2.987141537818687e-23,nan,16.48
,0.0,55.0,-46.0,-1.5707963267948963,NO_PATH,8.94701545e-19,0.0,29.99999999999999,-51.75,-2.987141537818687e-23,nan,16.5
,0.0,55.0,-46.0,-1.5707963267948963,NO_PATH,3.27662522e-19,0.0,29.99999999999999,-51.75,-2.987141537818687e-23,nan,16.52
,0.0,55.0,-46.0,-1.5707963267948963,NO_PATH,6.20234274e-19,0.0,29.99999999999999,-51.75,-2.987141537818687e-23,nan,16.540000000000003
,0.0,55.0,-46.0,-1.5707963267948963,NO_PATH,1.02075898e-18,0.0,29.99999999999999,-51.75,-2.987141537818687e-23,nan,16.560000000000002
,0.0,55.0,-46.0,-1.5707963267948963,NO_PATH,1.02075898e-18,0.0,29.99999999999999,-51.75,-2.987141537818687e-23,nan,16.580000000000002
,0.0,55.0,-46.0,-1.5707963267948963,NO_PATH,6.68650483e-19,0.0,29.99999999999999,-51.75,-2.987141537818687e-23,nan,16.601000000000003
,0.0,55.0,-46.0,-1.5707963267948963,NO_PATH,3.38265363e-19,0.0,29.99999999999999,-51.75,-2.987141537818687e-23,nan,16.62
,0.0,55.0,-46.0,-1.5707963267948963,NO_PATH,3.38265363e-19,0.0,29.99999999999999,-51.75,-2.987141537818687e-23,nan,16.64
,0.0,55.0,-46.0,-1.5707963267948963,NO_PATH,7.10729296e-19,0.0,29.99999999999999,-51.75,-2.987141537818687e-23,nan,16.66
,0.0,55.0,-46.0,-1.5707963267948963,NO_PATH,3.95473987e-20,0.0,29.99999999999999,-51.75,-2.987141537818687e-23,nan,16.68
,0.0,55.0,-46.0,-1.5707963267948963,NO_PATH,8.77774734e-19,0.0,29.99999999999999,-51.75,-2.987141537818687e-23,nan,16.7
,0.0,55.0,-46.0,-1.5707963267948963,NO_PATH,3.53875248e-19,0.0,29.99999999999999,-51.75,-2.987141537818687e-23,nan,16.720000000000002
,0.0,55.0,-46.0,-1.5707963267948963,NO_PATH,3.53875248e-19,0.0,29.99999999999999,-51.75,-2.987141537818687e-23,nan,16.740000000000002
,0.0,55.0,-46.0,-1.5707963267948963,NO_PATH,-1.24468162e-19,0.0,29.99999999999999,-51.75,-2.987141537818687e-23,nan,16.76
,0.0,55.0,-46.0,-1.5707963267948963,NO_PATH,-1.24468162e-19,0.0,29.99999999999999,-51.75,-2.987141537818687e-23,nan,16.78
,0.0,55.0,-46.0,-1.5707963267948963,NO_PATH,2.4245767e-19,0.0,29.99999999999999,-51.75,-2.987141537818687e-23,nan,16.8
,0.0,55.0,-46.0,-1.5707963267948963,NO_PATH,1.05422856e-18,0.0,29.99999999999999,-51.75,-2.987141537818687e-23,nan,16.82
,0.0,55.0,-46.0,-1.5707963267948963,NO_PATH,1.05422856e-18,0.0,29.99999999999999,-51.75,-2.987141537818687e-23,nan,16.84
,0.0,55.0,-46.0,-1.5707963267948963,NO_PATH,-6.69637737e-19,0.0,29.99999999999999,-51.75,-2.987141537818687e-23,nan,16.86
,0.0,55.0,-46.0,-1.5707963267948963,NO_PATH,5.92722414e-19,0.0,29.99999999999999,-51.75,-2.987141537818687e-23,nan,16.880000000000003
,0.0,55.0,-46.0,-1.5707963267948963,NO_PATH,8.63595342e-19,0.0,29.99999999999999,-51.75,-2.987141537818687e-23,nan,16.901
,0.0,55.0,-46.0,-1.5707963267948963,NO_PATH,8.63595342e-19,0.0,29.99999999999999,-51.75,-2.987141537818687e-23,nan,16.92
,0.0,55.0,-46.0,-1.5707963267948963,NO_PATH,9.95253503e-19,0.0,29.99999999999999,-51.75,-2.987141537818687e-23,nan,16.94
,0.0,55.0,-46.0,-1.5707963267948963,NO_PATH,6.35405983e-19,0.0,29.99999999999999,-51.75,-2.987141537818687e-23,nan,16.96
,0.0,55.0,-46.0,-1.5707963267948963,NO_PATH,7.53590444e-19,0.0,29.99999999999999,-51.75,-2.987141537818687e-23,nan,16.98
,0.0,55.0,-46.0,-1.5707963267948963,NO_PATH,7.53590444e-19,0.0,29.99999999999999,-51.75,-2.987141537818687e-23,nan,17.0
,0.0,55.0,-46.0,-1.5707963267948963,NO_PATH,7.53151335e-19,0.0,29.99999999999999,-51.75,-2.987141537818687e-23,nan,17.02
,0.0,55.0,-46.0,-1.5707963267948963,NO_PATH,2.44810417e-19,0.0,29.99999999999999,-51.75,-2.987141537818687e-23,nan,17.040000000000003
,0.0,55.0,-46.0,-1.5707963267948963,NO_PATH,2.44810417e-19,0.0,29.99999999999999,-51.75,-2.987141537818687e-23,nan,17.060000000000002
,0.0,55.0,-46.0,-1.5707963267948963,NO_PATH,6.72547677e-19,0.0,29.99999999999999,-51.75,-2.987141537818687e-23,nan,17.080000000000002
,0.0,55.0,-46.0,-1.5707963267948963,NO_PATH,6.12409276e-19,0.0,29.99999999999999,-51.75,-2.987141537818687e-23,nan,17.1
,0.0,55.0,-46.0,-1.5707963267948963,NO_PATH,2.59564851e-19,0.0,29.99999999999999,-51.75,-2.987141537818687e-23,nan,17.121000000000002
,0.0,55.0,-46.0,-1.5707963267948963,NO_PATH,5.83150349e-19,0.0,29.99999999999999,-51.75,-2.987141537818687e-23,nan,17.14
,0.0,55.0,-46.0,-1.5707963267948963,NO_PATH,3.95009772e-19,0.0,29.99999999999999,-51.75,-2.987141537818687e-23,nan,17.16
,0.0,55.0,-46.0,-1.5707963267948963,NO_PATH,3.95009772e-19,0.0,29.99999999999999,-51.75,-2.987141537818687e-23,nan,17.18
,0.0,55.0,-46.0,-1.5707963267948963,NO_PATH,1.15687658e-19,0.0,29.99999999999999,-51.75,-2.987141537818687e-23,nan,17.200000000000003
,0.0,55.0,-46.0,-1.5707963267948963,NO_PATH,1.15687658e-19,0.0,29.99999999999999,-51.75,-2.987141537818687e-23,nan,17.220000000000002
,0.0,55.0,-46.0,-1.5707963267948963,NO_PATH,-6.14734143e-20,0.0,29.99999999999999,-51.75,-2.987141537818687e-23,nan,17.240000000000002
,0.0,55.0,-46.0,-1.5707963267948963,NO_PATH,3.1126983e-19,0.0,29.99999999999999,-51.75,-2.987141537818687e-23,nan,17.26
,0.0,55.0,-46.0,-1.5707963267948963,NO_PATH,2.72838832e-20,0.0,29.99999999999999,-51.75,-2.987141537818687e-23,nan,17.28
,0.0,55.0,-46.0,-1.5707963267948963,NO_PATH,2.72768087e-19,0.0,29.99999999999999,-51.75,-2.987141537818687e-23,nan,17.3
,0.0,55.0,-46.0,-1.5707963267948963,NO_PATH,-2.978434e-19,0.0,29.99999999999999,-51.75,-2.987141537818687e-23,nan,17.32
,0.0,55.0,-46.0,-1.5707963267948963,NO_PATH,1.06104853e-18,0.0,29.99999999999999,-51.75,-2.987141537818687e-23,nan,17.341
,0.0,55.0,-46.0,-1.5707963267948963,NO_PATH,1.40355673e-18,0.0,29.99999999999999,-51.75,-2.987141537818687e-23,nan,17.36
,0.0,55.0,-46.0,-1.5707963267948963,NO_PATH,7.69650577e-19,0.0,29.99999999999999,-51.75,-2.987141537818687e-23,nan,17.380000000000003
,0.0,55.0,-46.0,-1.5707963267948963,NO_PATH,7.69650577e-19,0.0,29.99999999999999,-51.75,-2.987141537818687e-23,nan,17.400000000000002
,0.0,55.0,-46.0,-1.5707963267948963,NO_PATH,2.75381493e-19,0.0,29.99999999999999,-51.75,-2.987141537818687e-23,nan,17.42
,0.0,55.0,-46.0,-1.5707963267948963,NO_PATH,4.23300122e-19,0.0,29.99999999999999,-51.75,-2.987141537818687e-23,nan,17.44
,0.0,55.0,-46.0,-1.5707963267948963,NO_PATH,9.21780158e-19,0.0,29.99999999999999,-51.75,-2.987141537818687e-23,nan,17.46
,0.0,55.0,-46.0,-1.5707963267948963,NO_PATH,1.41072417e-19,0.0,29.99999999999999,-51.75,-2.987141537818687e-23,nan,17.481
,0.0,55.0,-46.0,-1.5707963267948963,NO_PATH,7.83889869e-19,0.0,29.99999999999999,-51.75,-2.987141537818687e-23,nan,17.5
,0.0,55.0,-46.0,-1.5707963267948963,NO_PATH,-2.60938711e-19,0.0,29.99999999999999,-51.75,-2.987141537818687e-23,nan,17.52
,0.0,55.0,-46.0,-1.5707963267948963,NO_PATH,2.38438023e-19,0.0,29.99999999999999,-51.75,-2.987141537818687e-23,nan,17.540000000000003
,0.0,55.0,-46.0,-1.5707963267948963,NO_PATH,2.38438023e-19,0.0,29.99999999999999,-51.75,-2.987141537818687e-23,nan,17.560000000000002
,0.0,55.0,-46.0,-1.5707963267948963,NO_PATH,6.26605808e-20,0.0,29.99999999999999,-51.75,-2.987141537818687e-23,nan,17.580000000000002
,0.0,55.0,-46.0,-1.5707963267948963,NO_PATH,6.26605808e-20,0.0,29.99999999999999,-51.75,-2.987141537818687e-23,nan,17.6
,0.0,55.0,-46.0,-1.5707963267948963,NO_PATH,7.58851568e-19,0.0,29.99999999999999,-51.75,-2.987141537818687e-23,nan,17.62
,0.0,55.0,-46.0,-1.5707963267948963,NO_PATH,1.11516613e-18,0.0,29.99999999999999,-51.75,-2.987141537818687e-23,nan,17.64
,0.0,55.0,-46.0,-1.5707963267948963,NO_PATH,1.11516613e-18,0.0,29.99999999999999,-51.75,-2.987141537818687e-23,nan,17.66
,0.0,55.0,-46.0,-1.5707963267948963,NO_PATH,9.86668281e-19,0.0,29.99999999999999,-51.75,-2.987141537818687e-23,nan,17.68
,0.0,55.0,-46.0,-1.5707963267948963,NO_PATH,2.62579548e-19,0.0,29.99999999999999,-51.75,-2.987141537818687e-23,nan,17.700000000000003
,0.0,55.0,-46.0,-1.5707963267948963,NO_PATH,9.12814759e-19,0.0,29.99999999999999,-51.75,-2.987141537818687e-23,nan,17.720000000000002
,0.0,55.0,-46.0,-1.5707963267948963,NO_PATH,9.12814759e-19,0.0,29.99999999999999,-51.75,-2.987141537818687e-23,nan,17.740000000000002
,0.0,55.0,-46.0,-1.5707963267948963,NO_PATH,6.76276306e-19,0.0,29.99999999999999,-51.75,-2.987141537818687e-23,nan,17.76
,0.0,55.0,-46.0,-1.5707963267948963,NO_PATH,2.85991994e-19,0.0,29.99999999999999,-51.75,-2.987141537818687e-23,nan,17.78
,0.0,55.0,-46.0,-1.5707963267948963,NO_PATH,-1.35959162e-19,0.0,29.99999999999999,-51.75,-2.987141537818687e-23,nan,17.8
,0.0,55.0,-46.0,-1.5707963267948963,NO_PATH,3.16682183e-19,0.0,29.99999999999999,-51.75,-2.987141537818687e-23,nan,17.82
,0.0,55.0,-46.0,-1.5707963267948963,NO_PATH,3.16682183e-19,0.0,29.99999999999999,-51.75,-2.987141537818687e-23,nan,17.84
,0.0,55.0,-46.0,-1.5707963267948963,NO_PATH,-4.31489327e-19,0.0,29.99999999999999,-51.75,-2.987141537818687e-23,nan,17.86
,0.0,55.0,-46.0,-1.5707963267948963,NO_PATH,-1.1454639e-19,0.0,29.99999999999999,-51.75,-2.987141537818687e-23,nan,17.880000000000003
,0.0,55.0,-46.0,-1.5707963267948963,NO_PATH,5.5491408e-19,0.0,29.99999999999999,-51.75,-2.987141537818687e-23,nan,17.900000000000002
,0.0,55.0,-46.0,-1.5707963267948963,NO_PATH,5.5491408e-19,0.0,29.99999999999999,-51.75,-2.987141537818687e-23,nan,17.92
,0.0,55.0,-46.0,-1.5707963267948963,NO_PATH,3.01921244e-19,0.0,29.99999999999999,-51.75,-2.987141537818687e-23,nan,17.941000000000003
,0.0,55.0,-46.0,-1.5707963267948963,NO_PATH,6.54670854e-19,0.0,29.99999999999999,-51.75,-2.987141537818687e-23,nan,17.96
,0.0,55.0,-46.0,-1.5707963267948963,NO_PATH,1.05921916e-18,0.0,29.99999999999999,-51.75,-2.987141537818687e-23,nan,17.98
,0.0,55.0,-46.0,-1.5707963267948963,NO_PATH,-2.40211087e-19,0.0,29.99999999999999,-51.75,-2.987141537818687e-23,nan,18.0
,0.0,55.0,-46.0,-1.5707963267948963,NO_PATH,6.88283725e-19,0.0,29.99999999999999,-51.75,-2.987141537818687e-23,nan,18.02
,0.0,55.0,-46.0,-1.5707963267948963,NO_PATH,6.88283725e-19,0.0,29.99999999999999,-51.75,-2.987141537818687e-23,nan,18.040000000000003
,0.0,55.0,-46.0,-1.5707963267948963,NO_PATH,1.55249619e-20,0.0,29.99999999999999,-51.75,-2.987141537818687e-23,nan,18.060000000000002
,0.0,55.0,-46.0,-1.5707963267948963,NO_PATH,9.04660013e-19,0.0,29.99999999999999,-51.75,-2.987141537818687e-23,nan,18.080000000000002
,0.0,55.0,-46.0,-1.5707963267948963,NO_PATH,4.39926173e-19,0.0,29.99999999999999,-51.75,-2.987141537818687e-23,nan,18.1
,0.0,55.0,-46.0,-1.5707963267948963,NO_PATH,4.39926173e-19,0.0,29.99999999999999,-51.75,-2.987141537818687e-23,nan,18.12
,0.0,55.0,-46.0,-1.5707963267948963,NO_PATH,5.27833022e-19,0.0,29.99999999999999,-51.75,-2.987141537818687e-23,nan,18.14
,0.0,55.0,-46.0,-1.5707963267948963,NO_PATH,2.66985176e-19,0.0,29.99999999999999,-51.75,-2.987141537818687e-23,nan,18.16
,0.0,55.0,-46.0,-1.5707963267948963,NO_PATH,2.66985176e-19,0.0,29.99999999999999,-51.75,-2.987141537818687e-23,nan,18.18
,0.0,55.0,-46.0,-1.5707963267948963,NO_PATH,5.68748667e-20,0.0,29.99999999999999,-51.75,-2.987141537818687e-23,nan,18.200000000000003
,0.0,55.0,-46.0,-1.5707963267948963,NO_PATH,5.68748667e-20,0.0,29.99999999999999,-51.75,-2.987141537818687e-23,nan,18.221
,0.0,55.0,-46.0,-1.5707963267948963,NO_PATH,5.15828433e-19,0.0,29.99999999999999,-51.75,-2.987141537818687e-23,nan,18.240000000000002
,0.0,55.0,-46.0,-1.5707963267948963,NO_PATH,5.78514524e-19,0.0,29.99999999999999,-51.75,-2.987141537818687e-23,nan,18.26
,0.0,55.0,-46.0,-1.5707963267948963,NO_PATH,5.03819768e-20,0.0,29.99999999999999,-51.75,-2.987141537818687e-23,nan,18.28
,0.0,55.0,-46.0,-1.5707963267948963,NO_PATH,5.03819768e-20,0.0,29.99999999999999,-51.75,-2.987141537818687e-23,nan,18.301000000000002
,0.0,55.0,-46.0,-1.5707963267948963,NO_PATH,5.89399074e-19,0.0,29.99999999999999,-51.75,-2.987141537818687e-23,nan,18.32
,0.0,55.0,-46.0,-1.5707963267948963,NO_PATH,3.20273796e-19,0.0,29.99999999999999,-51.75,-2.987141537818687e-23,nan,18.34
,0.0,55.0,-46.0,-1.5707963267948963,NO_PATH,3.20273796e-19,0.0,29.99999999999999,-51.75,-2.987141537818687e-23,nan,18.36
,0.0,55.0,-46.0,-1.5707963267948963,NO_PATH,3.21161247e-19,0.0,29.99999999999999,-51.75,-2.987141537818687e-23,nan,18.380000000000003
,0.0,55.0,-46.0,-1.5707963267948963,NO_PATH,3.21161247e-19,0.0,29.99999999999999,-51.75,-2.987141537818687e-23,nan,18.400000000000002
,0.0,55.0,-46.0,-1.5707963267948963,NO_PATH,7.84951782e-19,0.0,29.99999999999999,-51.75,-2.987141537818687e-23,nan,18.42
,0.0,55.0,-46.0,-1.5707963267948963,NO_PATH,-6.91534403e-20,0.0,29.99999999999999,-51.75,-2.987141537818687e-23,nan,18.44
,0.0,55.0,-46.0,-1.5707963267948963,NO_PATH,-2.07483279e-19,0.0,29.99999999999999,-51.75,-2.987141537818687e-23,nan,18.46
,0.0,55.0,-46.0,-1.5707963267948963,NO_PATH,8.45447053e-19,0.0,29.99999999999999,-51.75,-2.987141537818687e-23,nan,18.48
,0.0,55.0,-46.0,-1.5707963267948963,NO_PATH,8.45447053e-19,0.0,29.99999999999999,-51.75,-2.987141537818687e-23,nan,18.5
,0.0,55.0,-46.0,-1.5707963267948963,NO_PATH,6.61106551e-19,0.0,29.99999999999999,-51.75,-2.987141537818687e-23,nan,18.52
,0.0,55.0,-46.0,-1.5707963267948963,NO_PATH,9.422983e-19,0.0,29.99999999999999,-51.75,-2.987141537818687e-23,nan,18.540000000000003
,0.0,55.0,-46.0,-1.5707963267948963,NO_PATH,5.80262341e-19,0.0,29.99999999999999,-51.75,-2.987141537818687e-23,nan,18.560000000000002
,0.0,55.0,-46.0,-1.5707963267948963,NO_PATH,3.40103823e-19,0.0,29.99999999999999,-51.75,-2.987141537818687e-23,nan,18.581
,0.0,55.0,-46.0,-1.5707963267948963,NO_PATH,-4.93563208e-20,0.0,29.99999999999999,-51.75,-2.987141537818687e-23,nan,18.6
,0.0,55.0,-46.0,-1.5707963267948963,NO_PATH,-4.93563208e-20,0.0,29.99999999999999,-51.75,-2.987141537818687e-23,nan,18.62
,0.0,55.0,-46.0,-1.5707963267948963,NO_PATH,-1.37816709e-19,0.0,29.99999999999999,-51.75,-2.987141537818687e-23,nan,18.64
,0.0,55.0,-46.0,-1.5707963267948963,NO_PATH,5.12025391e-19,0.0,29.99999999999999,-51.75,-2.987141537818687e-23,nan,18.66
,0.0,55.0,-46.0,-1.5707963267948963,NO_PATH,5.12025391e-19,0.0,29.99999999999999,-51.75,-2.987141537818687e-23,nan,18.68
,0.0,55.0,-46.0,-1.5707963267948963,NO_PATH,6.69963044e-19,0.0,29.99999999999999,-51.75,-2.987141537818687e-23,nan,18.700000000000003
,0.0,55.0,-46.0,-1.5707963267948963,NO_PATH,6.69963044e-19,0.0,29.99999999999999,-51.75,-2.987141537818687e-23,nan,18.720000000000002
,0.0,55.0,-46.0,-1.5707963267948963,NO_PATH,1.49841022e-19,0.0,29.99999999999999,-51.75,-2.987141537818687e-23,nan,18.740000000000002
,0.0,55.0,-46.0,-1.5707963267948963,NO_PATH,1.5885417e-18,0.0,29.99999999999999,-51.75,-2.987141537818687e-23,nan,18.76
,0.0,55.0,-46.0,-1.5707963267948963,NO_PATH,1.5885417e-18,0.0,29.99999999999999,-51.75,-2.987141537818687e-23,nan,18.78
,0.0,55.0,-46.0,-1.5707963267948963,NO_PATH,4.28361144e-19,0.0,29.99999999999999,-51.75,-2.987141537818687e-23,nan,18.801000000000002
,0.0,55.0,-46.0,-1.5707963267948963,NO_PATH,4.75609241e-19,0.0,29.99999999999999,-51.75,-2.987141537818687e-23,nan,18.821
,0.0,55.0,-46.0,-1.5707963267948963,NO_PATH,-3.90942941e-19,0.0,29.99999999999999,-51.75,-2.987141537818687e-23,nan,18.84
,0.0,55.0,-46.0,-1.5707963267948963,NO_PATH,3.62135838e-19,0.0,29.99999999999999,-51.75,-2.987141537818687e-23,nan,18.86
,0.0,55.0,-46.0,-1.5707963267948963,NO_PATH,3.62135838e-19,0.0,29.99999999999999,-51.75,-2.987141537818687e-23,nan,18.880000000000003
,0.0,55.0,-46.0,-1.5707963267948963,NO_PATH,7.19972705e-19,0.0,29.99999999999999,-51.75,-2.987141537818687e-23,nan,18.900000000000002
,0.0,55.0,-46.0,-1.5707963267948963,NO_PATH,7.19972705e-19,0.0,29.99999999999999,-51.75,-2.987141537818687e-23,nan,18.92
,0.0,55.0,-46.0,-1.5707963267948963,NO_PATH,5.54945766e-20,0.0,29.99999999999999,-51.75,-2.987141537818687e-23,nan,18.94
,0.0,55.0,-46.0,-1.5707963267948963,NO_PATH,2.46317811e-20,0.0,29.99999999999999,-51.75,-2.987141537818687e-23,nan,18.96
,0.0,55.0,-46.0,-1.5707963267948963,NO_PATH,1.86823608e-19,0.0,29.99999999999999,-51.75,-2.987141537818687e-23,nan,18.98
,0.0,55.0,-46.0,-1.5707963267948963,NO_PATH,1.86823608e-19,0.0,29.99999999999999,-51.75,-2.987141537818687e-23,nan,19.001
,0.0,55.0,-46.0,-1.5707963267948963,NO_PATH,4.38259473e-19,0.0,29.99999999999999,-51.75,-2.987141537818687e-23,nan,19.02
,0.0,55.0,-46.0,-1.5707963267948963,NO_PATH,4.07449299e-19,0.0,29.99999999999999,-51.75,-2.987141537818687e-23,nan,19.040000000000003
,0.0,55.0,-46.0,-1.5707963267948963,NO_PATH,1.21970881e-18,0.0,29.99999999999999,-51.75,-2.987141537818687e-23,nan,19.060000000000002
,0.0,55.0,-46.0,-1.5707963267948963,NO_PATH,1.21982949e-19,0.0,29.99999999999999,-51.75,-2.987141537818687e-23,nan,19.080000000000002
,0.0,55.0,-46.0,-1.5707963267948963,NO_PATH,9.80458383e-19,0.0,29.99999999999999,-51.75,-2.987141537818687e-23,nan,19.1
,0.0,55.0,-46.0,-1.5707963267948963,NO_PATH,3.74640255e-20,0.0,29.99999999999999,-51.75,-2.987141537818687e-23,nan,19.12
,0.0,55.0,-46.0,-1.5707963267948963,NO_PATH,3.74640255e-20,0.0,29.99999999999999,-51.75,-2.987141537818687e-23,nan,19.14
,0.0,55.0,-46.0,-1.5707963267948963,NO_PATH,3.78061472e-19,0.0,29.99999999999999,-51.75,-2.987141537818687e-23,nan,19.16
,0.0,55.0,-46.0,-1.5707963267948963,NO_PATH,6.60608231e-19,0.0,29.99999999999999,-51.75,-2.987141537818687e-23,nan,19.18
,0.0,55.0,-46.0,-1.5707963267948963,NO_PATH,1.03856472e-18,0.0,29.99999999999999,-51.75,-2.987141537818687e-23,nan,19.200000000000003
,0.0,55.0,-46.0,-1.5707963267948963,NO_PATH,7.12937716e-19,0.0,29.99999999999999,-51.75,-2.987141537818687e-23,nan,19.221
,0.0,55.0,-46.0,-1.5707963267948963,NO_PATH,2.92540029e-19,0.0,29.99999999999999,-51.75,-2.987141537818687e-23,nan,19.240000000000002
,0.0,55.0,-46.0,-1.5707963267948963,NO_PATH,6.9011352e-19,0.0,29.99999999999999,-51.75,-2.987141537818687e-23,nan,19.26
,0.0,55.0,-46.0,-1.5707963267948963,NO_PATH,2.7894193e-19,0.0,29.99999999999999,-51.75,-2.987141537818687e-23,nan,19.28
,0.0,55.0,-46.0,-1.5707963267948963,NO_PATH,4.47702933e-19,0.0,29.99999999999999,-51.75,-2.987141537818687e-23,nan,19.301000000000002
,0.0,55.0,-46.0,-1.5707963267948963,NO_PATH,4.47702933e-19,0.0,29.99999999999999,-51.75,-2.987141537818687e-23,nan,19.32
,0.0,55.0,-46.0,-1.5707963267948963,NO_PATH,7.46609134e-19,0.0,29.99999999999999,-51.75,-2.987141537818687e-23,nan,19.34
,0.0,55.0,-46.0,-1.5707963267948963,NO_PATH,7.62700228e-19,0.0,29.99999999999999,-51.75,-2.987141537818687e-23,nan,19.36
,0.0,55.0,-46.0,-1.5707963267948963,NO_PATH,7.62700228e-19,0.0,29.99999999999999,-51.75,-2.987141537818687e-23,nan,19.380000000000003
,0.0,55.0,-46.0,-1.5707963267948963,NO_PATH,4.98604955e-19,0.0,29.99999999999999,-51.75,-2.987141537818687e-23,nan,19.400000000000002
,0.0,55.0,-46.0,-1.5707963267948963,NO_PATH,3.01240504e-19,0.0,29.99999999999999,-51.75,-2.987141537818687e-23,nan,19.42
,0.0,55.0,-46.0,-1.5707963267948963,NO_PATH,3.01240504e-19,0.0,29.99999999999999,-51.75,-2.987141537818687e-23,nan,19.44
,0.0,55.0,-46.0,-1.5707963267948963,NO_PATH,2.03560427e-19,0.0,29.99999999999999,-51.75,-2.987141537818687e-23,nan,19.46
,0.0,55.0,-46.0,-1.5707963267948963,NO_PATH,3.5955072e-19,0.0,29.99999999999999,-51.75,-2.987141537818687e-23,nan,19.48
,0.0,55.0,-46.0,-1.5707963267948963,NO_PATH,6.8914586e-19,0.0,29.99999999999999,-51.75,-2.987141537818687e-23,nan,19.5
,0.0,55.0,-46.0,-1.5707963267948963,NO_PATH,6.61613102e-19,0.0,29.99999999999999,-51.75,-2.987141537818687e-23,nan,19.52
,0.0,55.0,-46.0,-1.5707963267948963,NO_PATH,6.61613102e-19,0.0,29.99999999999999,-51.75,-2.987141537818687e-23,nan,19.540000000000003
,0.0,55.0,-46.0,-1.5707963267948963,NO_PATH,3.02112324e-19,0.0,29.99999999999999,-51.75,-2.987141537818687e-23,nan,19.560000000000002
,0.0,55.0,-46.0,-1.5707963267948963,NO_PATH,4.30522545e-19,0.0,29.99999999999999,-51.75,-2.987141537818687e-23,nan,19.580000000000002
,0.0,55.0,-46.0,-1.5707963267948963,NO_PATH,2.26561372e-19,0.0,29.99999999999999,-51.75,-2.987141537818687e-23,nan,19.6
,0.0,55.0,-46.0,-1.5707963267948963,NO_PATH,1.48035678e-19,0.0,29.99999999999999,-51.75,-2.987141537818687e-23,nan,19.62
,0.0,55.0,-46.0,-1.5707963267948963,NO_PATH,1.48035678e-19,0.0,29.99999999999999,-51.75,-2.987141537818687e-23,nan,19.64
,0.0,55.0,-46.0,-1.5707963267948963,NO_PATH,6.59167202e-19,0.0,29.99999999999999,-51.75,-2.987141537818687e-23,nan,19.66
,0.0,55.0,-46.0,-1.5707963267948963,NO_PATH,7.77740421e-19,0.0,29.99999999999999,-51.75,-2.987141537818687e-23,nan,19.68
,0.0,55.0,-46.0,-1.5707963267948963,NO_PATH,-2.78001602e-19,0.0,29.99999999999999,-51.75,-2.987141537818687e-23,nan,19.701
,0.0,55.0,-46.0,-1.5707963267948963,NO_PATH,-2.78001602e-19,0.0,29.99999999999999,-51.75,-2.987141537818687e-23,nan,19.720000000000002
,0.0,55.0,-46.0,-1.5707963267948963,NO_PATH,7.0405927e-19,0.0,29.99999999999999,-51.75,-2.987141537818687e-23,nan,19.741
,0.0,55.0,-46.0,-1.5707963267948963,NO_PATH,4.88623055e-19,0.0,29.99999999999999,-51.75,-2.987141537818687e-23,nan,19.76
,0.0,55.0,-46.0,-1.5707963267948963,NO_PATH,1.59201506e-20,0.0,29.99999999999999,-51.75,-2.987141537818687e-23,nan,19.78
,0.0,55.0,-46.0,-1.5707963267948963,NO_PATH,2.43613419e-19,0.0,29.99999999999999,-51.75,-2.987141537818687e-23,nan,19.8
,0.0,55.0,-46.0,-1.5707963267948963,NO_PATH,-1.05162491e-19,0.0,29.99999999999999,-51.75,-2.987141537818687e-23,nan,19.82
,0.0,55.0,-46.0,-1.5707963267948963,NO_PATH,3.70335429e-19,0.0,29.99999999999999,-51.75,-2.987141537818687e-23,nan,19.84
,0.0,55.0,-46.0,-1.5707963267948963,NO_PATH,1.25714997e-18,0.0,29.99999999999999,-51.75,-2.987141537818687e-23,nan,19.860000000000003
,0.0,55.0,-46.0,-1.5707963267948963,NO_PATH,5.97201644e-19,0.0,29.99999999999999,-51.75,-2.987141537818687e-23,nan,19.880000000000003
,0.0,55.0,-46.0,-1.5707963267948963,NO_PATH,7.39664775e-19,0.0,29.99999999999999,-51.75,-2.987141537818687e-23,nan,19.900000000000002
,0.0,55.0,-46.0,-1.5707963267948963,NO_PATH,5.14447055e-19,0.0,29.99999999999999,-51.75,-2.987141537818687e-23,nan,19.921000000000003
,0.0,55.0,-46.0,-1.5707963267948963,NO_PATH,3.20574706e-19,0.0,29.99999999999999,-51.75,-2.987141537818687e-23,nan,19.94
,0.0,55.0,-46.0,-1.5707963267948963,NO_PATH,9.19904938e-19,0.0,29.99999999999999,-51.75,-2.987141537818687e-23,nan,19.96
,0.0,55.0,-46.0,-1.5707963267948963,NO_PATH,5.79138397e-20,0.0,29.99999999999999,-51.75,-2.987141537818687e-23,nan,19.981
,0.0,55.0,-46.0,-1.5707963267948963,NO_PATH,5.79138397e-20,0.0,29.99999999999999,-51.75,-2.987141537818687e-23,nan,20.0
,0.0,55.0,-46.0,-1.5707963267948963,NO_PATH,7.57707803e-19,0.0,29.99999999999999,-51.75,-2.987141537818687e-23,nan,20.02
,0.0,55.0,-46.0,-1.5707963267948963,NO_PATH,7.57707803e-19,0.0,29.99999999999999,-51.75,-2.987141537818687e-23,nan,20.040000000000003
,0.0,55.0,-46.0,-1.5707963267948963,NO_PATH,9.47316068e-19,0.0,29.99999999999999,-51.75,-2.987141537818687e-23,nan,20.060000000000002
,0.0,55.0,-46.0,-1.5707963267948963,NO_PATH,8.33342898e-19,0.0,29.99999999999999,-51.75,-2.987141537818687e-23,nan,20.080000000000002
,0.0,55.0,-46.0,-1.5707963267948963,NO_PATH,-2.79764356e-19,0.0,29.99999999999999,-51.75,-2.987141537818687e-23,nan,20.1
,0.0,55.0,-46.0,-1.5707963267948963,NO_PATH,-2.79764356e-19,0.0,29.99999999999999,-51.75,-2.987141537818687e-23,nan,20.121000000000002
,0.0,55.0,-46.0,-1.5707963267948963,NO_PATH,2.82102249e-19,0.0,29.99999999999999,-51.75,-2.987141537818687e-23,nan,20.14
,0.0,55.0,-46.0,-1.5707963267948963,NO_PATH,2.82102249e-19,0.0,29.99999999999999,-51.75,-2.987141537818687e-23,nan,20.16
,0.0,55.0,-46.0,-1.5707963267948963,NO_PATH,7.23461896e-19,0.0,29.99999999999999,-51.75,-2.987141537818687e-23,nan,20.18
,0.0,55.0,-46.0,-1.5707963267948963,NO_PATH,1.16076128e-19,0.0,29.99999999999999,-51.75,-2.987141537818687e-23,nan,20.201
,0.0,55.0,-46.0,-1.5707963267948963,NO_PATH,1.16076128e-19,0.0,29.99999999999999,-51.75,-2.987141537818687e-23,nan,20.220000000000002
,0.0,55.0,-46.0,-1.5707963267948963,NO_PATH,1.12448027e-18,0.0,29.99999999999999,-51.75,-2.987141537818687e-23,nan,20.240000000000002
,0.0,55.0,-46.0,-1.5707963267948963,NO_PATH,7.50535633e-20,0.0,29.99999999999999,-51.75,-2.987141537818687e-23,nan,20.26
,0.0,55.0,-46.0,-1.5707963267948963,NO_PATH,7.50535633e-20,0.0,29.99999999999999,-51.75,-2.987141537818687e-23,nan,20.28
,0.0,55.0,-46.0,-1.5707963267948963,NO_PATH,9.4421126e-19,0.0,29.99999999999999,-51.75,-2.987141537818687e-23,nan,20.3
,0.0,55.0,-46.0,-1.5707963267948963,NO_PATH,7.68604308e-19,0.0,29.99999999999999,-51.75,-2.987141537818687e-23,nan,20.321
,0.0,55.0,-46.0,-1.5707963267948963,NO_PATH,7.48639858e-19,0.0,29.99999999999999,-51.75,-2.987141537818687e-23,nan,20.34
,0.0,55.0,-46.0,-1.5707963267948963,NO_PATH,3.78737235e-19,0.0,29.99999999999999,-51.75,-2.987141537818687e-23,nan,20.360000000000003
,0.0,55.0,-46.0,-1.5707963267948963,NO_PATH,1.64027872e-19,0.0,29.99999999999999,-51.75,-2.987141537818687e-23,nan,20.380000000000003
,0.0,55.0,-46.0,-1.5707963267948963,NO_PATH,1.02419266e-18,0.0,29.99999999999999,-51.75,-2.987141537818687e-23,nan,20.400000000000002
,0.0,55.0,-46.0,-1.5707963267948963,NO_PATH,1.02419266e-18,0.0,29.99999999999999,-51.75,-2.987141537818687e-23,nan,20.42
,0.0,55.0,-46.0,-1.5707963267948963,NO_PATH,9.66595679e-19,0.0,29.99999999999999,-51.75,-2.987141537818687e-23,nan,20.44
,0.0,55.0,-46.0,-1.5707963267948963,NO_PATH,2.95875717e-19,0.0,29.99999999999999,-51.75,-2.987141537818687e-23,nan,20.46
,0.0,55.0,-46.0,-1.5707963267948963,NO_PATH,5.51881326e-19,0.0,29.99999999999999,-51.75,-2.987141537818687e-23,nan,20.48
,0.0,55.0,-46.0,-1.5707963267948963,NO_PATH,-5.30588662e-20,0.0,29.99999999999999,-51.75,-2.987141537818687e-23,nan,20.501
,0.0,55.0,-46.0,-1.5707963267948963,NO_PATH,4.33161174e-19,0.0,29.99999999999999,-51.75,-2.987141537818687e-23,nan,20.52
,0.0,55.0,-46.0,-1.5707963267948963,NO_PATH,3.57427529e-19,0.0,29.99999999999999,-51.75,-2.987141537818687e-23,nan,20.541
,0.0,55.0,-46.0,-1.5707963267948963,NO_PATH,6.58265517e-19,0.0,29.99999999999999,-51.75,-2.987141537818687e-23,nan,20.561
,0.0,55.0,-46.0,-1.5707963267948963,NO_PATH,7.64094968e-19,0.0,29.99999999999999,-51.75,-2.987141537818687e-23,nan,20.580000000000002
,0.0,55.0,-46.0,-1.5707963267948963,NO_PATH,5.13658942e-19,0.0,29.99999999999999,-51.75,-2.987141537818687e-23,nan,20.6
,0.0,55.0,-46.0,-1.5707963267948963,NO_PATH,3.4003331e-19,0.0,29.99999999999999,-51.75,-2.987141537818687e-23,nan,20.62
,0.0,55.0,-46.0,-1.5707963267948963,NO_PATH,3.4003331e-19,0.0,29.99999999999999,-51.75,-2.987141537818687e-23,nan,20.64
,0.0,55.0,-46.0,-1.5707963267948963,NO_PATH,3.63929919e-19,0.0,29.99999999999999,-51.75,-2.987141537818687e-23,nan,20.66
,0.0,55.0,-46.0,-1.5707963267948963,NO_PATH,3.53350367e-19,0.0,29.99999999999999,-51.75,-2.987141537818687e-23,nan,20.68
,0.0,55.0,-46.0,-1.5707963267948963,NO_PATH,4.64645521e-19,0.0,29.99999999999999,-51.75,-2.987141537818687e-23,nan,20.700000000000003
,0.0,55.0,-46.0,-1.5707963267948963,NO_PATH,5.96559687e-19,0.0,29.99999999999999,-51.75,-2.987141537818687e-23,nan,20.721
,0.0,55.0,-46.0,-1.5707963267948963,NO_PATH,1.01531329e-18,0.0,29.99999999999999,-51.75,-2.987141537818687e-23,nan,20.741
,0.0,55.0,-46.0,-1.5707963267948963,NO_PATH,1.01531329e-18,0.0,29.99999999999999,-51.75,-2.987141537818687e-23,nan,20.76
,0.0,55.0,-46.0,-1.5707963267948963,NO_PATH,2.61718943e-19,0.0,29.99999999999999,-51.75,-2.987141537818687e-23,nan,20.78
,0.0,55.0,-46.0,-1.5707963267948963,NO_PATH,4.33118446e-19,0.0,29.99999999999999,-51.75,-2.987141537818687e-23,nan,20.8
,0.0,55.0,-46.0,-1.5707963267948963,NO_PATH,4.70465712e-19,0.0,29.99999999999999,-51.75,-2.987141537818687e-23,nan,20.82
,0.0,55.0,-46.0,-1.5707963267948963,NO_PATH,2.2521748e-19,0.0,29.99999999999999,-51.75,-2.987141537818687e-23,nan,20.84
,0.0,55.0,-46.0,-1.5707963267948963,NO_PATH,-3.17232053e-20,0.0,29.99999999999999,-51.75,-2.987141537818687e-23,nan,20.860000000000003
,0.0,55.0,-46.0,-1.5707963267948963,NO_PATH,2.93535061e-19,0.0,29.99999999999999,-51.75,-2.987141537818687e-23,nan,20.880000000000003
,0.0,55.0,-46.0,-1.5707963267948963,NO_PATH,2.55931061e-19,0.0,29.99999999999999,-51.75,-2.987141537818687e-23,nan,20.900000000000002
,0.0,55.0,-46.0,-1.5707963267948963,NO_PATH,1.20282868e-19,0.0,29.99999999999999,-51.75,-2.987141537818687e-23,nan,20.92
,0.0,55.0,-46.0,-1.5707963267948963,NO_PATH,1.57440445e-19,0.0,29.99999999999999,-51.75,-2.987141537818687e-23,nan,20.94
,0.0,55.0,-46.0,-1.5707963267948963,NO_PATH,1.57440445e-19,0.0,29.99999999999999,-51.75,-2.987141537818687e-23,nan,20.96
,0.0,55.0,-46.0,-1.5707963267948963,NO_PATH,4.1910677e-19,0.0,29.99999999999999,-51.75,-2.987141537818687e-23,nan,20.98
,0.0,55.0,-46.0,-1.5707963267948963,NO_PATH,3.85452394e-19,0.0,29.99999999999999,-51.75,-2.987141537818687e-23,nan,21.001
,0.0,55.0,-46.0,-1.5707963267948963,NO_PATH,8.98044941e-19,0.0,29.99999999999999,-51.75,-2.987141537818687e-23,nan,21.021
,0.0,55.0,-46.0,-1.5707963267948963,NO_PATH,2.52087004e-19,0.0,29.99999999999999,-51.75,-2.987141537818687e-23,nan,21.042
,0.0,55.0,-46.0,-1.5707963267948963,NO_PATH,3.52007537e-19,0.0,29.99999999999999,-51.75,-2.987141537818687e-23,nan,21.061
,0.0,55.0,-46.0,-1.5707963267948963,NO_PATH,1.11757992e-18,0.0,29.99999999999999,-51.75,-2.987141537818687e-23,nan,21.080000000000002
,0.0,55.0,-46.0,-1.5707963267948963,NO_PATH,1.11757992e-18,0.0,29.99999999999999,-51.75,-2.987141537818687e-23,nan,21.1
,0.0,55.0,-46.0,-1.5707963267948963,NO_PATH,8.24642211e-19,0.0,29.99999999999999,-51.75,-2.987141537818687e-23,nan,21.12
,0.0,55.0,-46.0,-1.5707963267948963,NO_PATH,8.24642211e-19,0.0,29.99999999999999,-51.75,-2.987141537818687e-23,nan,21.14
,0.0,55.0,-46.0,-1.5707963267948963,NO_PATH,1.21628911e-19,0.0,29.99999999999999,-51.75,-2.987141537818687e-23,nan,21.16
,0.0,55.0,-46.0,-1.5707963267948963,NO_PATH,2.46527768e-19,0.0,29.99999999999999,-51.75,-2.987141537818687e-23,nan,21.18
,0.0,55.0,-46.0,-1.5707963267948963,NO_PATH,4.50334985e-19,0.0,29.99999999999999,-51.75,-2.987141537818687e-23,nan,21.200000000000003
,0.0,55.0,-46.0,-1.5707963267948963,NO_PATH,6.92037856e-19,0.0,29.99999999999999,-51.75,-2.987141537818687e-23,nan,21.220000000000002
,0.0,55.0,-46.0,-1.5707963267948963,NO_PATH,3.68608959e-19,0.0,29.99999999999999,-51.75,-2.987141537818687e-23,nan,21.240000000000002
,0.0,55.0,-46.0,-1.5707963267948963,NO_PATH,3.68608959e-19,0.0,29.99999999999999,-51.75,-2.987141537818687e-23,nan,21.26
,0.0,55.0,-46.0,-1.5707963267948963,NO_PATH,7.02499724e-19,0.0,29.99999999999999,-51.75,-2.987141537818687e-23,nan,21.28
,0.0,55.0,-46.0,-1.5707963267948963,NO_PATH,1.07566223e-18,0.0,29.99999999999999,-51.75,-2.987141537818687e-23,nan,21.301000000000002
,0.0,55.0,-46.0,-1.5707963267948963,NO_PATH,1.07566223e-18,0.0,29.99999999999999,-51.75,-2.987141537818687e-23,nan,21.32
,0.0,55.0,-46.0,-1.5707963267948963,NO_PATH,9.37836012e-19,0.0,29.99999999999999,-51.75,-2.987141537818687e-23,nan,21.34
,0.0,55.0,-46.0,-1.5707963267948963,NO_PATH,-1.0057147e-20,0.0,29.99999999999999,-51.75,-2.987141537818687e-23,nan,21.360000000000003
,0.0,55.0,-46.0,-1.5707963267948963,NO_PATH,-1.0057147e-20,0.0,29.99999999999999,-51.75,-2.987141537818687e-23,nan,21.380000000000003
,0.0,55.0,-46.0,-1.5707963267948963,NO_PATH,8.75914645e-19,0.0,29.99999999999999,-51.75,-2.987141537818687e-23,nan,21.401
,0.0,55.0,-46.0,-1.5707963267948963,NO_PATH,8.75914645e-19,0.0,29.99999999999999,-51.75,-2.987141537818687e-23,nan,21.42
,0.0,55.0,-46.0,-1.5707963267948963,NO_PATH,6.22150143e-19,0.0,29.99999999999999,-51.75,-2.987141537818687e-23,nan,21.44
,0.0,55.0,-46.0,-1.5707963267948963,NO_PATH,2.81313856e-19,0.0,29.99999999999999,-51.75,-2.987141537818687e-23,nan,21.46
,0.0,55.0,-46.0,-1.5707963267948963,NO_PATH,1.14315721e-18,0.0,29.99999999999999,-51.75,-2.987141537818687e-23,nan,21.48
,0.0,55.0,-46.0,-1.5707963267948963,NO_PATH,-1.24343666e-19,0.0,29.99999999999999,-51.75,-2.987141537818687e-23,nan,21.5
,0.0,55.0,-46.0,-1.5707963267948963,NO_PATH,-1.24343666e-19,0.0,29.99999999999999,-51.75,-2.987141537818687e-23,nan,21.52
,0.0,55.0,-46.0,-1.5707963267948963,NO_PATH,8.67022884e-19,0.0,29.99999999999999,-51.75,-2.987141537818687e-23,nan,21.540000000000003
,0.0,55.0,-46.0,-1.5707963267948963,NO_PATH,7.41396212e-19,0.0,29.99999999999999,-51.75,-2.987141537818687e-23,nan,21.560000000000002
,0.0,55.0,-46.0,-1.5707963267948963,NO_PATH,1.89636743e-19,0.0,29.99999999999999,-51.75,-2.987141537818687e-23,nan,21.580000000000002
,0.0,55.0,-46.0,-1.5707963267948963,NO_PATH,3.52818678e-19,0.0,29.99999999999999,-51.75,-2.987141537818687e-23,nan,21.6
,0.0,55.0,-46.0,-1.5707963267948963,NO_PATH,2.04210312e-19,0.0,29.99999999999999,-51.75,-2.987141537818687e-23,nan,21.62
,0.0,55.0,-46.0,-1.5707963267948963,NO_PATH,7.3345909e-20,0.0,29.99999999999999,-51.75,-2.987141537818687e-23,nan,21.64
,0.0,55.0,-46.0,-1.5707963267948963,NO_PATH,1.06146729e-18,0.0,29.99999999999999,-51.75,-2.987141537818687e-23,nan,21.66
,0.0,55.0,-46.0,-1.5707963267948963,NO_PATH,1.94171704e-19,0.0,29.99999999999999,-51.75,-2.987141537818687e-23,nan,21.68
,0.0,55.0,-46.0,-1.5707963267948963,NO_PATH,5.53581939e-19,0.0,29.99999999999999,-51.75,-2.987141537818687e-23,nan,21.700000000000003
,0.0,55.0,-46.0,-1.5707963267948963,NO_PATH,5.53581939e-19,0.0,29.99999999999999,-51.75,-2.987141537818687e-23,nan,21.720000000000002
,0.0,55.0,-46.0,-1.5707963267948963,NO_PATH,-1.23049551e-19,0.0,29.99999999999999,-51.75,-2.987141537818687e-23,nan,21.740000000000002
,0.0,55.0,-46.0,-1.5707963267948963,NO_PATH,7.72174539e-19,0.0,29.99999999999999,-51.75,-2.987141537818687e-23,nan,21.76
,0.0,55.0,-46.0,-1.5707963267948963,NO_PATH,7.72174539e-19,0.0,29.99999999999999,-51.75,-2.987141537818687e-23,nan,21.78
,0.0,55.0,-46.0,-1.5707963267948963,NO_PATH,-5.53574875e-20,0.0,29.99999999999999,-51.75,-2.987141537818687e-23,nan,21.801000000000002
,0.0,55.0,-46.0,-1.5707963267948963,NO_PATH,1.38387126e-18,0.0,29.99999999999999,-51.75,-2.987141537818687e-23,nan,21.82
,0.0,55.0,-46.0,-1.5707963267948963,NO_PATH,-4.89268857e-22,0.0,29.99999999999999,-51.75,-2.987141537818687e-23,nan,21.84
,0.0,55.0,-46.0,-1.5707963267948963,NO_PATH,-4.89268857e-22,0.0,29.99999999999999,-51.75,-2.987141537818687e-23,nan,21.860000000000003
,0.0,55.0,-46.0,-1.5707963267948963,NO_PATH,4.70933339e-19,0.0,29.99999999999999,-51.75,-2.987141537818687e-23,nan,21.880000000000003
,0.0,55.0,-46.0,-1.5707963267948963,NO_PATH,6.62714717e-19,0.0,29.99999999999999,-51.75,-2.987141537818687e-23,nan,21.900000000000002
,0.0,55.0,-46.0,-1.5707963267948963,NO_PATH,5.26866761e-19,0.0,29.99999999999999,-51.75,-2.987141537818687e-23,nan,21.923000000000002
,0.0,55.0,-46.0,-1.5707963267948963,NO_PATH,9.29511638e-19,0.0,29.99999999999999,-51.75,-2.987141537818687e-23,nan,21.94
,0.0,55.0,-46.0,-1.5707963267948963,NO_PATH,5.66797814e-19,0.0,29.99999999999999,-51.75,-2.987141537818687e-23,nan,21.961000000000002
,0.0,55.0,-46.0,-1.5707963267948963,NO_PATH,8.34684752e-20,0.0,29.99999999999999,-51.75,-2.987141537818687e-23,nan,21.98
,0.0,55.0,-46.0,-1.5707963267948963,NO_PATH,7.69536264e-19,0.0,29.99999999999999,-51.75,-2.987141537818687e-23,nan,22.0
,0.0,55.0,-46.0,-1.5707963267948963,NO_PATH,7.69536264e-19,0.0,29.99999999999999,-51.75,-2.987141537818687e-23,nan,22.020000000000003
,0.0,55.0,-46.0,-1.5707963267948963,NO_PATH,8.90167472e-19,0.0,29.99999999999999,-51.75,-2.987141537818687e-23,nan,22.040000000000003
,0.0,55.0,-46.0,-1.5707963267948963,NO_PATH,9.20943271e-19,0.0,29.99999999999999,-51.75,-2.987141537818687e-23,nan,22.061
,0.0,55.0,-46.0,-1.5707963267948963,NO_PATH,2.22353734e-19,0.0,29.99999999999999,-51.75,-2.987141537818687e-23,nan,22.080000000000002
,0.0,55.0,-46.0,-1.5707963267948963,NO_PATH,2.22353734e-19,0.0,29.99999999999999,-51.75,-2.987141537818687e-23,nan,22.1
,0.0,55.0,-46.0,-1.5707963267948963,NO_PATH,1.75706413e-19,0.0,29.99999999999999,-51.75,-2.987141537818687e-23,nan,22.121000000000002
,0.0,55.0,-46.0,-1.5707963267948963,NO_PATH,1.75706413e-19,0.0,29.99999999999999,-51.75,-2.987141537818687e-23,nan,22.14
,0.0,55.0,-46.0,-1.5707963267948963,NO_PATH,1.01033505e-18,0.0,29.99999999999999,-51.75,-2.987141537818687e-23,nan,22.16
,0.0,55.0,-46.0,-1.5707963267948963,NO_PATH,2.88019726e-19,0.0,29.99999999999999,-51.75,-2.987141537818687e-23,nan,22.18
,0.0,55.0,-46.0,-1.5707963267948963,NO_PATH,1.04741544e-18,0.0,29.99999999999999,-51.75,-2.987141537818687e-23,nan,22.200000000000003
,0.0,55.0,-46.0,-1.5707963267948963,NO_PATH,1.04741544e-18,0.0,29.99999999999999,-51.75,-2.987141537818687e-23,nan,22.220000000000002
,0.0,55.0,-46.0,-1.5707963267948963,NO_PATH,9.85061394e-19,0.0,29.99999999999999,-51.75,-2.987141537818687e-23,nan,22.240000000000002
,0.0,55.0,-46.0,-1.5707963267948963,NO_PATH,9.71462992e-19,0.0,29.99999999999999,-51.75,-2.987141537818687e-23,nan,22.26
,0.0,55.0,-46.0,-1.5707963267948963,NO_PATH,9.71462992e-19,0.0,29.99999999999999,-51.75,-2.987141537818687e-23,nan,22.28
,0.0,55.0,-46.0,-1.5707963267948963,NO_PATH,1.02840574e-18,0.0,29.99999999999999,-51.75,-2.987141537818687e-23,nan,22.301000000000002
,0.0,55.0,-46.0,-1.5707963267948963,NO_PATH,7.17120733e-19,0.0,29.99999999999999,-51.75,-2.987141537818687e-23,nan,22.32
,0.0,55.0,-46.0,-1.5707963267948963,NO_PATH,7.17120733e-19,0.0,29.99999999999999,-51.75,-2.987141537818687e-23,nan,22.34
,0.0,55.0,-46.0,-1.5707963267948963,NO_PATH,4.19147582e-19,0.0,29.99999999999999,-51.75,-2.987141537818687e-23,nan,22.360000000000003
,0.0,55.0,-46.0,-1.5707963267948963,NO_PATH,7.14104692e-19,0.0,29.99999999999999,-51.75,-2.987141537818687e-23,nan,22.381
,0.0,55.0,-46.0,-1.5707963267948963,NO_PATH,8.86511967e-19,0.0,29.99999999999999,-51.75,-2.987141537818687e-23,nan,22.400000000000002
,0.0,55.0,-46.0,-1.5707963267948963,NO_PATH,5.26717993e-19,0.0,29.99999999999999,-51.75,-2.987141537818687e-23,nan,22.42
,0.0,55.0,-46.0,-1.5707963267948963,NO_PATH,6.14717181e-19,0.0,29.99999999999999,-51.75,-2.987141537818687e-23,nan,22.44
,0.0,55.0,-46.0,-1.5707963267948963,NO_PATH,6.14717181e-19,0.0,29.99999999999999,-51.75,-2.987141537818687e-23,nan,22.46
,0.0,55.0,-46.0,-1.5707963267948963,NO_PATH,1.01804371e-18,0.0,29.99999999999999,-51.75,-2.987141537818687e-23,nan,22.48
,0.0,55.0,-46.0,-1.5707963267948963,NO_PATH,1.01804371e-18,0.0,29.99999999999999,-51.75,-2.987141537818687e-23,nan,22.5
,0.0,55.0,-46.0,-1.5707963267948963,NO_PATH,2.26544356e-19,0.0,29.99999999999999,-51.75,-2.987141537818687e-23,nan,22.521
,0.0,55.0,-46.0,-1.5707963267948963,NO_PATH,2.24514584e-19,0.0,29.99999999999999,-51.75,-2.987141537818687e-23,nan,22.540000000000003
,0.0,55.0,-46.0,-1.5707963267948963,NO_PATH,2.48792159e-19,0.0,29.99999999999999,-51.75,-2.987141537818687e-23,nan,22.560000000000002
,0.0,55.0,-46.0,-1.5707963267948963,NO_PATH,9.65032147e-19,0.0,29.99999999999999,-51.75,-2.987141537818687e-23,nan,22.581000000000003
,0.0,55.0,-46.0,-1.5707963267948963,NO_PATH,1.13035164e-18,0.0,29.99999999999999,-51.75,-2.987141537818687e-23,nan,22.601000000000003
,0.0,55.0,-46.0,-1.5707963267948963,NO_PATH,1.13035164e-18,0.0,29.99999999999999,-51.75,-2.987141537818687e-23,nan,22.62
,0.0,55.0,-46.0,-1.5707963267948963,NO_PATH,2.03908545e-19,0.0,29.99999999999999,-51.75,-2.987141537818687e-23,nan,22.64
,0.0,55.0,-46.0,-1.5707963267948963,NO_PATH,2.03908545e-19,0.0,29.99999999999999,-51.75,-2.987141537818687e-23,nan,22.66
,0.0,55.0,-46.0,-1.5707963267948963,NO_PATH,4.48022904e-19,0.0,29.99999999999999,-51.75,-2.987141537818687e-23,nan,22.68
,0.0,55.0,-46.0,-1.5707963267948963,NO_PATH,4.48022904e-19,0.0,29.99999999999999,-51.75,-2.987141537818687e-23,nan,22.700000000000003
,0.0,55.0,-46.0,-1.5707963267948963,NO_PATH,5.70097496e-19,0.0,29.99999999999999,-51.75,-2.987141537818687e-23,nan,22.721
,0.0,55.0,-46.0,-1.5707963267948963,NO_PATH,4.47498099e-19,0.0,29.99999999999999,-51.75,-2.987141537818687e-23,nan,22.740000000000002
,0.0,55.0,-46.0,-1.5707963267948963,NO_PATH,4.47498099e-19,0.0,29.99999999999999,-51.75,-2.987141537818687e-23,nan,22.76
,0.0,55.0,-46.0,-1.5707963267948963,NO_PATH,4.90587883e-19,0.0,29.99999999999999,-51.75,-2.987141537818687e-23,nan,22.781000000000002
,0.0,55.0,-46.0,-1.5707963267948963,NO_PATH,6.31587696e-19,0.0,29.99999999999999,-51.75,-2.987141537818687e-23,nan,22.8
,0.0,55.0,-46.0,-1.5707963267948963,NO_PATH,8.13052227e-19,0.0,29.99999999999999,-51.75,-2.987141537818687e-23,nan,22.82
,0.0,55.0,-46.0,-1.5707963267948963,NO_PATH,8.13052227e-19,0.0,29.99999999999999,-51.75,-2.987141537818687e-23,nan,22.84
,0.0,55.0,-46.0,-1.5707963267948963,NO_PATH,8.8609927e-19,0.0,29.99999999999999,-51.75,-2.987141537818687e-23,nan,22.860000000000003
,0.0,55.0,-46.0,-1.5707963267948963,NO_PATH,8.82402677e-19,0.0,29.99999999999999,-51.75,-2.987141537818687e-23,nan,22.880000000000003
,0.0,55.0,-46.0,-1.5707963267948963,NO_PATH,8.82402677e-19,0.0,29.99999999999999,-51.75,-2.987141537818687e-23,nan,22.900000000000002
,0.0,55.0,-46.0,-1.5707963267948963,NO_PATH,3.93261229e-20,0.0,29.99999999999999,-51.75,-2.987141537818687e-23,nan,22.92
,0.0,55.0,-46.0,-1.5707963267948963,NO_PATH,3.93261229e-20,0.0,29.99999999999999,-51.75,-2.987141537818687e-23,nan,22.94
,0.0,55.0,-46.0,-1.5707963267948963,NO_PATH,2.38025992e-19,0.0,29.99999999999999,-51.75,-2.987141537818687e-23,nan,22.96
,0.0,55.0,-46.0,-1.5707963267948963,NO_PATH,1.16715172e-18,0.0,29.99999999999999,-51.75,-2.987141537818687e-23,nan,22.98
,0.0,55.0,-46.0,-1.5707963267948963,NO_PATH,7.50103423e-19,0.0,29.99999999999999,-51.75,-2.987141537818687e-23,nan,23.001
,0.0,55.0,-46.0,-1.5707963267948963,NO_PATH,7.50103423e-19,0.0,29.99999999999999,-51.75,-2.987141537818687e-23,nan,23.020000000000003
,0.0,55.0,-46.0,-1.5707963267948963,NO_PATH,6.45510698e-19,0.0,29.99999999999999,-51.75,-2.987141537818687e-23,nan,23.040000000000003
,0.0,55.0,-46.0,-1.5707963267948963,NO_PATH,5.39713109e-19,0.0,29.99999999999999,-51.75,-2.987141537818687e-23,nan,23.060000000000002
,0.0,55.0,-46.0,-1.5707963267948963,NO_PATH,4.83320894e-19,0.0,29.99999999999999,-51.75,-2.987141537818687e-23,nan,23.081000000000003
,0.0,55.0,-46.0,-1.5707963267948963,NO_PATH,6.0564193e-19,0.0,29.99999999999999,-51.75,-2.987141537818687e-23,nan,23.1
,0.0,55.0,-46.0,-1.5707963267948963,NO_PATH,1.02658283e-18,0.0,29.99999999999999,-51.75,-2.987141537818687e-23,nan,23.12
,0.0,55.0,-46.0,-1.5707963267948963,NO_PATH,5.74289195e-19,0.0,29.99999999999999,-51.75,-2.987141537818687e-23,nan,23.14
,0.0,55.0,-46.0,-1.5707963267948963,NO_PATH,5.74289195e-19,0.0,29.99999999999999,-51.75,-2.987141537818687e-23,nan,23.16
,0.0,55.0,-46.0,-1.5707963267948963,NO_PATH,8.04614434e-19,0.0,29.99999999999999,-51.75,-2.987141537818687e-23,nan,23.18
,0.0,55.0,-46.0,-1.5707963267948963,NO_PATH,8.04614434e-19,0.0,29.99999999999999,-51.75,-2.987141537818687e-23,nan,23.201
,0.0,55.0,-46.0,-1.5707963267948963,NO_PATH,7.714306e-19,0.0,29.99999999999999,-51.75,-2.987141537818687e-23,nan,23.220000000000002
,0.0,55.0,-46.0,-1.5707963267948963,NO_PATH,3.65794861e-19,0.0,29.99999999999999,-51.75,-2.987141537818687e-23,nan,23.240000000000002
,0.0,55.0,-46.0,-1.5707963267948963,NO_PATH,3.65794861e-19,0.0,29.99999999999999,-51.75,-2.987141537818687e-23,nan,23.26
,0.0,55.0,-46.0,-1.5707963267948963,NO_PATH,6.3994172e-19,0.0,29.99999999999999,-51.75,-2.987141537818687e-23,nan,23.28
,0.0,55.0,-46.0,-1.5707963267948963,NO_PATH,6.3994172e-19,0.0,29.99999999999999,-51.75,-2.987141537818687e-23,nan,23.3
,0.0,55.0,-46.0,-1.5707963267948963,NO_PATH,2.14646771e-19,0.0,29.99999999999999,-51.75,-2.987141537818687e-23,nan,23.32
,0.0,55.0,-46.0,-1.5707963267948963,NO_PATH,2.14646771e-19,0.0,29.99999999999999,-51.75,-2.987141537818687e-23,nan,23.34
,0.0,55.0,-46.0,-1.5707963267948963,NO_PATH,5.12249481e-19,0.0,29.99999999999999,-51.75,-2.987141537818687e-23,nan,23.360000000000003
,0.0,55.0,-46.0,-1.5707963267948963,NO_PATH,2.62836718e-19,0.0,29.99999999999999,-51.75,-2.987141537818687e-23,nan,23.380000000000003
,0.0,55.0,-46.0,-1.5707963267948963,NO_PATH,2.62836718e-19,0.0,29.99999999999999,-51.75,-2.987141537818687e-23,nan,23.400000000000002
,0.0,55.0,-46.0,-1.5707963267948963,NO_PATH,2.28858094e-19,0.0,29.99999999999999,-51.75,-2.987141537818687e-23,nan,23.42
,0.0,55.0,-46.0,-1.5707963267948963,NO_PATH,2.28858094e-19,0.0,29.99999999999999,-51.75,-2.987141537818687e-23,nan,23.44
,0.0,55.0,-46.0,-1.5707963267948963,NO_PATH,7.31241132e-19,0.0,29.99999999999999,-51.75,-2.987141537818687e-23,nan,23.46
,0.0,55.0,-46.0,-1.5707963267948963,NO_PATH,1.22923994e-18,0.0,29.99999999999999,-51.75,-2.987141537818687e-23,nan,23.48
,0.0,55.0,-46.0,-1.5707963267948963,NO_PATH,4.93615514e-19,0.0,29.99999999999999,-51.75,-2.987141537818687e-23,nan,23.5
,0.0,55.0,-46.0,-1.5707963267948963,NO_PATH,7.44338284e-19,0.0,29.99999999999999,-51.75,-2.987141537818687e-23,nan,23.520000000000003
,0.0,55.0,-46.0,-1.5707963267948963,NO_PATH,7.44338284e-19,0.0,29.99999999999999,-51.75,-2.987141537818687e-23,nan,23.540000000000003
,0.0,55.0,-46.0,-1.5707963267948963,NO_PATH,1.22824441e-19,0.0,29.99999999999999,-51.75,-2.987141537818687e-23,nan,23.560000000000002
,0.0,55.0,-46.0,-1.5707963267948963,NO_PATH,3.1959328e-19,0.0,29.99999999999999,-51.75,-2.987141537818687e-23,nan,23.580000000000002
,0.0,55.0,-46.0,-1.5707963267948963,NO_PATH,-3.88929609e-20,0.0,29.99999999999999,-51.75,-2.987141537818687e-23,nan,23.6
,0.0,55.0,-46.0,-1.5707963267948963,NO_PATH,-3.88929609e-20,0.0,29.99999999999999,-51.75,-2.987141537818687e-23,nan,23.62
,0.0,55.0,-46.0,-1.5707963267948963,NO_PATH,7.82872916e-19,0.0,29.99999999999999,-51.75,-2.987141537818687e-23,nan,23.641000000000002
,0.0,55.0,-46.0,-1.5707963267948963,NO_PATH,1.02378691e-19,0.0,29.99999999999999,-51.75,-2.987141537818687e-23,nan,23.66
,0.0,55.0,-46.0,-1.5707963267948963,NO_PATH,1.02378691e-19,0.0,29.99999999999999,-51.75,-2.987141537818687e-23,nan,23.68
,0.0,55.0,-46.0,-1.5707963267948963,NO_PATH,1.34612027e-18,0.0,29.99999999999999,-51.75,-2.987141537818687e-23,nan,23.700000000000003
,0.0,55.0,-46.0,-1.5707963267948963,NO_PATH,-2.61669368e-20,0.0,29.99999999999999,-51.75,-2.987141537818687e-23,nan,23.720000000000002
,0.0,55.0,-46.0,-1.5707963267948963,NO_PATH,-2.61669368e-20,0.0,29.99999999999999,-51.75,-2.987141537818687e-23,nan,23.740000000000002
,0.0,55.0,-46.0,-1.5707963267948963,NO_PATH,6.01918977e-19,0.0,29.99999999999999,-51.75,-2.987141537818687e-23,nan,23.761000000000003
,0.0,55.0,-46.0,-1.5707963267948963,NO_PATH,-4.32026614e-20,0.0,29.99999999999999,-51.75,-2.987141537818687e-23,nan,23.78
,0.0,55.0,-46.0,-1.5707963267948963,NO_PATH,8.45994048e-19,0.0,29.99999999999999,-51.75,-2.987141537818687e-23,nan,23.8
,0.0,55.0,-46.0,-1.5707963267948963,NO_PATH,1.21575704e-18,0.0,29.99999999999999,-51.75,-2.987141537818687e-23,nan,23.82
,0.0,55.0,-46.0,-1.5707963267948963,NO_PATH,1.21575704e-18,0.0,29.99999999999999,-51.75,-2.987141537818687e-23,nan,23.84
,0.0,55.0,-46.0,-1.5707963267948963,NO_PATH,3.71316169e-19,0.0,29.99999999999999,-51.75,-2.987141537818687e-23,nan,23.860000000000003
,0.0,55.0,-46.0,-1.5707963267948963,NO_PATH,3.71316169e-19,0.0,29.99999999999999,-51.75,-2.987141537818687e-23,nan,23.880000000000003
,0.0,55.0,-46.0,-1.5707963267948963,NO_PATH,3.67014356e-19,0.0,29.99999999999999,-51.75,-2.987141537818687e-23,nan,23.901
,0.0,55.0,-46.0,-1.5707963267948963,NO_PATH,-6.42130867e-20,0.0,29.99999999999999,-51.75,-2.987141537818687e-23,nan,23.92
,0.0,55.0,-46.0,-1.5707963267948963,NO_PATH,1.13452418e-18,0.0,29.99999999999999,-51.75,-2.987141537818687e-23,nan,23.94
,0.0,55.0,-46.0,-1.5707963267948963,NO_PATH,1.13452418e-18,0.0,29.99999999999999,-51.75,-2.987141537818687e-23,nan,23.96
,0.0,55.0,-46.0,-1.5707963267948963,NO_PATH,1.19386216e-18,0.0,29.99999999999999,-51.75,-2.987141537818687e-23,nan,23.98
,0.0,55.0,-46.0,-1.5707963267948963,NO_PATH,9.28783564e-19,0.0,29.99999999999999,-51.75,-2.987141537818687e-23,nan,24.0
,0.0,55.0,-46.0,-1.5707963267948963,NO_PATH,5.00995974e-19,0.0,29.99999999999999,-51.75,-2.987141537818687e-23,nan,24.020000000000003
,0.0,55.0,-46.0,-1.5707963267948963,NO_PATH,8.4817825e-19,0.0,29.99999999999999,-51.75,-2.987141537818687e-23,nan,24.040000000000003
,0.0,55.0,-46.0,-1.5707963267948963,NO_PATH,7.70512463e-19,0.0,29.99999999999999,-51.75,-2.987141537818687e-23,nan,24.060000000000002
,0.0,55.0,-46.0,-1.5707963267948963,NO_PATH,1.31144852e-19,0.0,29.99999999999999,-51.75,-2.987141537818687e-23,nan,24.080000000000002
,0.0,55.0,-46.0,-1.5707963267948963,NO_PATH,4.02760668e-19,0.0,29.99999999999999,-51.75,-2.987141537818687e-23,nan,24.1
,0.0,55.0,-46.0,-1.5707963267948963,NO_PATH,3.40989759e-19,0.0,29.99999999999999,-51.75,-2.987141537818687e-23,nan,24.121000000000002
,0.0,55.0,-46.0,-1.5707963267948963,NO_PATH,-4.94803285e-20,0.0,29.99999999999999,-51.75,-2.987141537818687e-23,nan,24.14
,0.0,55.0,-46.0,-1.5707963267948963,NO_PATH,-4.94803285e-20,0.0,29.99999999999999,-51.75,-2.987141537818687e-23,nan,24.16
,0.0,55.0,-46.0,-1.5707963267948963,NO_PATH,-8.20029909e-20,0.0,29.99999999999999,-51.75,-2.987141537818687e-23,nan,24.180000000000003
,0.0,55.0,-46.0,-1.5707963267948963,NO_PATH,4.44646406e-19,0.0,29.99999999999999,-51.75,-2.987141537818687e-23,nan,24.200000000000003
,0.0,55.0,-46.0,-1.5707963267948963,NO_PATH,8.76297914e-19,0.0,29.99999999999999,-51.75,-2.987141537818687e-23,nan,24.221
,0.0,55.0,-46.0,-1.5707963267948963,NO_PATH,6.92769364e-19,0.0,29.99999999999999,-51.75,-2.987141537818687e-23,nan,24.240000000000002
,0.0,55.0,-46.0,-1.5707963267948963,NO_PATH,6.47914424e-19,0.0,29.99999999999999,-51.75,-2.987141537818687e-23,nan,24.26
,0.0,55.0,-46.0,-1.5707963267948963,NO_PATH,1.00886309e-18,0.0,29.99999999999999,-51.75,-2.987141537818687e-23,nan,24.281000000000002
,0.0,55.0,-46.0,-1.5707963267948963,NO_PATH,7.58651096e-19,0.0,29.99999999999999,-51.75,-2.987141537818687e-23,nan,24.301000000000002
,0.0,55.0,-46.0,-1.5707963267948963,NO_PATH,7.6995723e-19,0.0,29.99999999999999,-51.75,-2.987141537818687e-23,nan,24.32
,0.0,55.0,-46.0,-1.5707963267948963,NO_PATH,4.27537207e-19,0.0,29.99999999999999,-51.75,-2.987141537818687e-23,nan,24.34
,0.0,55.0,-46.0,-1.5707963267948963,NO_PATH,4.27537207e-19,0.0,29.99999999999999,-51.75,-2.987141537818687e-23,nan,24.360000000000003
,0.0,55.0,-46.0,-1.5707963267948963,NO_PATH,5.83604964e-19,0.0,29.99999999999999,-51.75,-2.987141537818687e-23,nan,24.380000000000003
,0.0,55.0,-46.0,-1.5707963267948963,NO_PATH,1.28389246e-19,0.0,29.99999999999999,-51.75,-2.987141537818687e-23,nan,24.400000000000002
,0.0,55.0,-46.0,-1.5707963267948963,NO_PATH,5.19205348e-19,0.0,29.99999999999999,-51.75,-2.987141537818687e-23,nan,24.42
,0.0,55.0,-46.0,-1.5707963267948963,NO_PATH,5.19205348e-19,0.0,29.99999999999999,-51.75,-2.987141537818687e-23,nan,24.44
,0.0,55.0,-46.0,-1.5707963267948963,NO_PATH,6.68635184e-19,0.0,29.99999999999999,-51.75,-2.987141537818687e-23,nan,24.461000000000002
,0.0,55.0,-46.0,-1.5707963267948963,NO_PATH,1.91367328e-19,0.0,29.99999999999999,-51.75,-2.987141537818687e-23,nan,24.48
,0.0,55.0,-46.0,-1.5707963267948963,NO_PATH,1.91367328e-19,0.0,29.99999999999999,-51.75,-2.987141537818687e-23,nan,24.5
,0.0,55.0,-46.0,-1.5707963267948963,NO_PATH,2.24279786e-19,0.0,29.99999999999999,-51.75,-2.987141537818687e-23,nan,24.520000000000003
,0.0,55.0,-46.0,-1.5707963267948963,NO_PATH,1.85661342e-20,0.0,29.99999999999999,-51.75,-2.987141537818687e-23,nan,24.540000000000003
,0.0,55.0,-46.0,-1.5707963267948963,NO_PATH,-1.73088404e-20,0.0,29.99999999999999,-51.75,-2.987141537818687e-23,nan,24.560000000000002
,0.0,55.0,-46.0,-1.5707963267948963,NO_PATH,4.72910993e-19,0.0,29.99999999999999,-51.75,-2.987141537818687e-23,nan,24.580000000000002
,0.0,55.0,-46.0,-1.5707963267948963,NO_PATH,6.79666817e-20,0.0,29.99999999999999,-51.75,-2.987141537818687e-23,nan,24.6
,0.0,55.0,-46.0,-1.5707963267948963,NO_PATH,6.79666817e-20,0.0,29.99999999999999,-51.75,-2.987141537818687e-23,nan,24.62
,0.0,55.0,-46.0,-1.5707963267948963,NO_PATH,2.05777698e-19,0.0,29.99999999999999,-51.75,-2.987141537818687e-23,nan,24.64
,0.0,55.0,-46.0,-1.5707963267948963,NO_PATH,2.05777698e-19,0.0,29.99999999999999,-51.75,-2.987141537818687e-23,nan,24.66
,0.0,55.0,-46.0,-1.5707963267948963,NO_PATH,9.1999561e-19,0.0,29.99999999999999,-51.75,-2.987141537818687e-23,nan,24.680000000000003
,0.0,55.0,-46.0,-1.5707963267948963,NO_PATH,1.66179736e-19,0.0,29.99999999999999,-51.75,-2.987141537818687e-23,nan,24.700000000000003
,0.0,55.0,-46.0,-1.5707963267948963,NO_PATH,1.66179736e-19,0.0,29.99999999999999,-51.75,-2.987141537818687e-23,nan,24.720000000000002
,0.0,55.0,-46.0,-1.5707963267948963,NO_PATH,6.02575548e-19,0.0,29.99999999999999,-51.75,-2.987141537818687e-23,nan,24.741000000000003
,0.0,55.0,-46.0,-1.5707963267948963,NO_PATH,9.17235349e-19,0.0,29.99999999999999,-51.75,-2.987141537818687e-23,nan,24.761000000000003
,0.0,55.0,-46.0,-1.5707963267948963,NO_PATH,5.46233692e-19,0.0,29.99999999999999,-51.75,-2.987141537818687e-23,nan,24.78
,0.0,55.0,-46.0,-1.5707963267948963,NO_PATH,5.46233692e-19,0.0,29.99999999999999,-51.75,-2.987141537818687e-23,nan,24.8
,0.0,55.0,-46.0,-1.5707963267948963,NO_PATH,9.18300154e-19,0.0,29.99999999999999,-51.75,-2.987141537818687e-23,nan,24.821
,0.0,55.0,-46.0,-1.5707963267948963,NO_PATH,1.56353089e-19,0.0,29.99999999999999,-51.75,-2.987141537818687e-23,nan,24.84
,0.0,55.0,-46.0,-1.5707963267948963,NO_PATH,6.04814493e-19,0.0,29.99999999999999,-51.75,-2.987141537818687e-23,nan,24.860000000000003
,0.0,55.0,-46.0,-1.5707963267948963,NO_PATH,1.10581751e-18,0.0,29.99999999999999,-51.75,-2.987141537818687e-23,nan,24.880000000000003
,0.0,55.0,-46.0,-1.5707963267948963,NO_PATH,1.10581751e-18,0.0,29.99999999999999,-51.75,-2.987141537818687e-23,nan,24.900000000000002
,0.0,55.0,-46.0,-1.5707963267948963,NO_PATH,-3.10666363e-19,0.0,29.99999999999999,-51.75,-2.987141537818687e-23,nan,24.92
,0.0,55.0,-46.0,-1.5707963267948963,NO_PATH,-3.10666363e-19,0.0,29.99999999999999,-51.75,-2.987141537818687e-23,nan,24.94
,0.0,55.0,-46.0,-1.5707963267948963,NO_PATH,-4.69109803e-19,0.0,29.99999999999999,-51.75,-2.987141537818687e-23,nan,24.96
,0.0,55.0,-46.0,-1.5707963267948963,NO_PATH,-4.69109803e-19,0.0,29.99999999999999,-51.75,-2.987141537818687e-23,nan,24.98
,0.0,55.0,-46.0,-1.5707963267948963,NO_PATH,1.21606461e-18,0.0,29.99999999999999,-51.75,-2.987141537818687e-23,nan,25.0
,0.0,55.0,-46.0,-1.5707963267948963,NO_PATH,1.93313361e-19,0.0,29.99999999999999,-51.75,-2.987141537818687e-23,nan,25.020000000000003
,0.0,55.0,-46.0,-1.5707963267948963,NO_PATH,4.89118626e-19,0.0,29.99999999999999,-51.75,-2.987141537818687e-23,nan,25.040000000000003
,0.0,55.0,-46.0,-1.5707963267948963,NO_PATH,4.93834124e-19,0.0,29.99999999999999,-51.75,-2.987141537818687e-23,nan,25.060000000000002
,0.0,55.0,-46.0,-1.5707963267948963,NO_PATH,3.9143657e-19,0.0,29.99999999999999,-51.75,-2.987141537818687e-23,nan,25.080000000000002
,0.0,55.0,-46.0,-1.5707963267948963,NO_PATH,3.9143657e-19,0.0,29.99999999999999,-51.75,-2.987141537818687e-23,nan,25.1
,0.0,55.0,-46.0,-1.5707963267948963,NO_PATH,4.74389487e-19,0.0,29.99999999999999,-51.75,-2.987141537818687e-23,nan,25.12
,0.0,55.0,-46.0,-1.5707963267948963,NO_PATH,9.2443323e-19,0.0,29.99999999999999,-51.75,-2.987141537818687e-23,nan,25.14
,0.0,55.0,-46.0,-1.5707963267948963,NO_PATH,9.2443323e-19,0.0,29.99999999999999,-51.75,-2.987141537818687e-23,nan,25.16
,0.0,55.0,-46.0,-1.5707963267948963,NO_PATH,-3.84819805e-19,0.0,29.99999999999999,-51.75,-2.987141537818687e-23,nan,25.180000000000003
,0.0,55.0,-46.0,-1.5707963267948963,NO_PATH,-3.84819805e-19,0.0,29.99999999999999,-51.75,-2.987141537818687e-23,nan,25.201
,0.0,55.0,-46.0,-1.5707963267948963,NO_PATH,6.31361588e-19,0.0,29.99999999999999,-51.75,-2.987141537818687e-23,nan,25.220000000000002
,0.0,55.0,-46.0,-1.5707963267948963,NO_PATH,5.26527717e-19,0.0,29.99999999999999,-51.75,-2.987141537818687e-23,nan,25.240000000000002
,0.0,55.0,-46.0,-1.5707963267948963,NO_PATH,6.05188917e-19,0.0,29.99999999999999,-51.75,-2.987141537818687e-23,nan,25.26
,0.0,55.0,-46.0,-1.5707963267948963,NO_PATH,6.05188917e-19,0.0,29.99999999999999,-51.75,-2.987141537818687e-23,nan,25.28
,0.0,55.0,-46.0,-1.5707963267948963,NO_PATH,4.35471975e-19,0.0,29.99999999999999,-51.75,-2.987141537818687e-23,nan,25.3
,0.0,55.0,-46.0,-1.5707963267948963,NO_PATH,2.6434389e-20,0.0,29.99999999999999,-51.75,-2.987141537818687e-23,nan,25.32
,0.0,55.0,-46.0,-1.5707963267948963,NO_PATH,2.6434389e-20,0.0,29.99999999999999,-51.75,-2.987141537818687e-23,nan,25.34
,0.0,55.0,-46.0,-1.5707963267948963,NO_PATH,-5.89697677e-20,0.0,29.99999999999999,-51.75,-2.987141537818687e-23,nan,25.360000000000003
,0.0,55.0,-46.0,-1.5707963267948963,NO_PATH,3.01318453e-19,0.0,29.99999999999999,-51.75,-2.987141537818687e-23,nan,25.380000000000003
,0.0,55.0,-46.0,-1.5707963267948963,NO_PATH,3.01318453e-19,0.0,29.99999999999999,-51.75,-2.987141537818687e-23,nan,25.400000000000002
,0.0,55.0,-46.0,-1.5707963267948963,NO_PATH,5.05530319e-19,0.0,29.99999999999999,-51.75,-2.987141537818687e-23,nan,25.42
,0.0,55.0,-46.0,-1.5707963267948963,NO_PATH,8.16262141e-19,0.0,29.99999999999999,-51.75,-2.987141537818687e-23,nan,25.44
,0.0,55.0,-46.0,-1.5707963267948963,NO_PATH,3.60827501e-19,0.0,29.99999999999999,-51.75,-2.987141537818687e-23,nan,25.46
,0.0,55.0,-46.0,-1.5707963267948963,NO_PATH,3.60827501e-19,0.0,29.99999999999999,-51.75,-2.987141537818687e-23,nan,25.48
,0.0,55.0,-46.0,-1.5707963267948963,NO_PATH,2.18678783e-19,0.0,29.99999999999999,-51.75,-2.987141537818687e-23,nan,25.5
,0.0,55.0,-46.0,-1.5707963267948963,NO_PATH,9.0157847e-19,0.0,29.99999999999999,-51.75,-2.987141537818687e-23,nan,25.520000000000003
,0.0,55.0,-46.0,-1.5707963267948963,NO_PATH,9.0157847e-19,0.0,29.99999999999999,-51.75,-2.987141537818687e-23,nan,25.540000000000003
,0.0,55.0,-46.0,-1.5707963267948963,NO_PATH,-1.73284315e-20,0.0,29.99999999999999,-51.75,-2.987141537818687e-23,nan,25.560000000000002
,0.0,55.0,-46.0,-1.5707963267948963,NO_PATH,-1.73284315e-20,0.0,29.99999999999999,-51.75,-2.987141537818687e-23,nan,25.580000000000002
,0.0,55.0,-46.0,-1.5707963267948963,NO_PATH,7.52421655e-19,0.0,29.99999999999999,-51.75,-2.987141537818687e-23,nan,25.6
,0.0,55.0,-46.0,-1.5707963267948963,NO_PATH,3.89417558e-20,0.0,29.99999999999999,-51.75,-2.987141537818687e-23,nan,25.62
,0.0,55.0,-46.0,-1.5707963267948963,NO_PATH,-1.99607117e-20,0.0,29.99999999999999,-51.75,-2.987141537818687e-23,nan,25.64
,0.0,55.0,-46.0,-1.5707963267948963,NO_PATH,9.40872172e-19,0.0,29.99999999999999,-51.75,-2.987141537818687e-23,nan,25.66
,0.0,55.0,-46.0,-1.5707963267948963,NO_PATH,9.40872172e-19,0.0,29.99999999999999,-51.75,-2.987141537818687e-23,nan,25.680000000000003
,0.0,55.0,-46.0,-1.5707963267948963,NO_PATH,1.01661573e-18,0.0,29.99999999999999,-51.75,-2.987141537818687e-23,nan,25.700000000000003
,0.0,55.0,-46.0,-1.5707963267948963,NO_PATH,4.87158504e-19,0.0,29.99999999999999,-51.75,-2.987141537818687e-23,nan,25.720000000000002
,0.0,55.0,-46.0,-1.5707963267948963,NO_PATH,1.21073215e-18,0.0,29.99999999999999,-51.75,-2.987141537818687e-23,nan,25.740000000000002
,0.0,55.0,-46.0,-1.5707963267948963,NO_PATH,1.21073215e-18,0.0,29.99999999999999,-51.75,-2.987141537818687e-23,nan,25.76
,0.0,55.0,-46.0,-1.5707963267948963,NO_PATH,5.91747176e-19,0.0,29.99999999999999,-51.75,-2.987141537818687e-23,nan,25.78
,0.0,55.0,-46.0,-1.5707963267948963,NO_PATH,7.0748706e-19,0.0,29.99999999999999,-51.75,-2.987141537818687e-23,nan,25.8
,0.0,55.0,-46.0,-1.5707963267948963,NO_PATH,7.0748706e-19,0.0,29.99999999999999,-51.75,-2.987141537818687e-23,nan,25.82
,0.0,55.0,-46.0,-1.5707963267948963,NO_PATH,7.35453009e-19,0.0,29.99999999999999,-51.75,-2.987141537818687e-23,nan,25.841
,0.0,55.0,-46.0,-1.5707963267948963,NO_PATH,7.54086217e-19,0.0,29.99999999999999,-51.75,-2.987141537818687e-23,nan,25.860000000000003
,0.0,55.0,-46.0,-1.5707963267948963,NO_PATH,7.54086217e-19,0.0,29.99999999999999,-51.75,-2.987141537818687e-23,nan,25.880000000000003
,0.0,55.0,-46.0,-1.5707963267948963,NO_PATH,1.02321981e-18,0.0,29.99999999999999,-51.75,-2.987141537818687e-23,nan,25.900000000000002
,0.0,55.0,-46.0,-1.5707963267948963,NO_PATH,6.60954396e-19,0.0,29.99999999999999,-51.75,-2.987141537818687e-23,nan,25.92
,0.0,55.0,-46.0,-1.5707963267948963,NO_PATH,2.17139607e-19,0.0,29.99999999999999,-51.75,-2.987141537818687e-23,nan,25.94
,0.0,55.0,-46.0,-1.5707963267948963,NO_PATH,3.40687924e-20,0.0,29.99999999999999,-51.75,-2.987141537818687e-23,nan,25.96
,0.0,55.0,-46.0,-1.5707963267948963,NO_PATH,3.40687924e-20,0.0,29.99999999999999,-51.75,-2.987141537818687e-23,nan,25.98
,0.0,55.0,-46.0,-1.5707963267948963,NO_PATH,3.12234769e-19,0.0,29.99999999999999,-51.75,-2.987141537818687e-23,nan,26.001
,0.0,55.0,-46.0,-1.5707963267948963,NO_PATH,2.02029158e-20,0.0,29.99999999999999,-51.75,-2.987141537818687e-23,nan,26.021
,0.0,55.0,-46.0,-1.5707963267948963,NO_PATH,7.8272888e-19,0.0,29.99999999999999,-51.75,-2.987141537818687e-23,nan,26.040000000000003
,0.0,55.0,-46.0,-1.5707963267948963,NO_PATH,7.22560135e-19,0.0,29.99999999999999,-51.75,-2.987141537818687e-23,nan,26.060000000000002
,0.0,55.0,-46.0,-1.5707963267948963,NO_PATH,2.70863003e-19,0.0,29.99999999999999,-51.75,-2.987141537818687e-23,nan,26.080000000000002
,0.0,55.0,-46.0,-1.5707963267948963,NO_PATH,2.70863003e-19,0.0,29.99999999999999,-51.75,-2.987141537818687e-23,nan,26.1
,0.0,55.0,-46.0,-1.5707963267948963,NO_PATH,5.72720449e-19,0.0,29.99999999999999,-51.75,-2.987141537818687e-23,nan,26.12
,0.0,55.0,-46.0,-1.5707963267948963,NO_PATH,1.51723975e-19,0.0,29.99999999999999,-51.75,-2.987141537818687e-23,nan,26.14
,0.0,55.0,-46.0,-1.5707963267948963,NO_PATH,1.00342382e-18,0.0,29.99999999999999,-51.75,-2.987141537818687e-23,nan,26.16
,0.0,55.0,-46.0,-1.5707963267948963,NO_PATH,1.00342382e-18,0.0,29.99999999999999,-51.75,-2.987141537818687e-23,nan,26.180000000000003
,0.0,55.0,-46.0,-1.5707963267948963,NO_PATH,-1.38257005e-20,0.0,29.99999999999999,-51.75,-2.987141537818687e-23,nan,26.200000000000003
,0.0,55.0,-46.0,-1.5707963267948963,NO_PATH,-1.38257005e-20,0.0,29.99999999999999,-51.75,-2.987141537818687e-23,nan,26.220000000000002
,0.0,55.0,-46.0,-1.5707963267948963,NO_PATH,6.07266741e-19,0.0,29.99999999999999,-51.75,-2.987141537818687e-23,nan,26.240000000000002
,0.0,55.0,-46.0,-1.5707963267948963,NO_PATH,6.07266741e-19,0.0,29.99999999999999,-51.75,-2.987141537818687e-23,nan,26.26
,0.0,55.0,-46.0,-1.5707963267948963,NO_PATH,8.7894695e-19,0.0,29.99999999999999,-51.75,-2.987141537818687e-23,nan,26.28
,0.0,55.0,-46.0,-1.5707963267948963,NO_PATH,8.7894695e-19,0.0,29.99999999999999,-51.75,-2.987141537818687e-23,nan,26.301000000000002
,0.0,55.0,-46.0,-1.5707963267948963,NO_PATH,8.64355754e-19,0.0,29.99999999999999,-51.75,-2.987141537818687e-23,nan,26.32
,0.0,55.0,-46.0,-1.5707963267948963,NO_PATH,-6.48228302e-19,0.0,29.99999999999999,-51.75,-2.987141537818687e-23,nan,26.340000000000003
,0.0,55.0,-46.0,-1.5707963267948963,NO_PATH,4.0564135e-19,0.0,29.99999999999999,-51.75,-2.987141537818687e-23,nan,26.360000000000003
,0.0,55.0,-46.0,-1.5707963267948963,NO_PATH,6.59165486e-19,0.0,29.99999999999999,-51.75,-2.987141537818687e-23,nan,26.380000000000003
,0.0,55.0,-46.0,-1.5707963267948963,NO_PATH,3.33904279e-19,0.0,29.99999999999999,-51.75,-2.987141537818687e-23,nan,26.400000000000002
,0.0,55.0,-46.0,-1.5707963267948963,NO_PATH,3.33904279e-19,0.0,29.99999999999999,-51.75,-2.987141537818687e-23,nan,26.42
,0.0,55.0,-46.0,-1.5707963267948963,NO_PATH,6.30420291e-19,0.0,29.99999999999999,-51.75,-2.987141537818687e-23,nan,26.44
,0.0,55.0,-46.0,-1.5707963267948963,NO_PATH,6.30420291e-19,0.0,29.99999999999999,-51.75,-2.987141537818687e-23,nan,26.46
,0.0,55.0,-46.0,-1.5707963267948963,NO_PATH,3.06412739e-19,0.0,29.99999999999999,-51.75,-2.987141537818687e-23,nan,26.48
,0.0,55.0,-46.0,-1.5707963267948963,NO_PATH,1.62262494e-19,0.0,29.99999999999999,-51.75,-2.987141537818687e-23,nan,26.5
,0.0,55.0,-46.0,-1.5707963267948963,NO_PATH,3.3794916e-19,0.0,29.99999999999999,-51.75,-2.987141537818687e-23,nan,26.520000000000003
,0.0,55.0,-46.0,-1.5707963267948963,NO_PATH,3.3794916e-19,0.0,29.99999999999999,-51.75,-2.987141537818687e-23,nan,26.540000000000003
,0.0,55.0,-46.0,-1.5707963267948963,NO_PATH,9.78846889e-19,0.0,29.99999999999999,-51.75,-2.987141537818687e-23,nan,26.560000000000002
,0.0,55.0,-46.0,-1.5707963267948963,NO_PATH,-2.57577831e-19,0.0,29.99999999999999,-51.75,-2.987141537818687e-23,nan,26.580000000000002
,0.0,55.0,-46.0,-1.5707963267948963,NO_PATH,-2.57577831e-19,0.0,29.99999999999999,-51.75,-2.987141537818687e-23,nan,26.6
,0.0,55.0,-46.0,-1.5707963267948963,NO_PATH,4.84440763e-19,0.0,29.99999999999999,-51.75,-2.987141537818687e-23,nan,26.62
,0.0,55.0,-46.0,-1.5707963267948963,NO_PATH,4.44656827e-19,0.0,29.99999999999999,-51.75,-2.987141537818687e-23,nan,26.64
,0.0,55.0,-46.0,-1.5707963267948963,NO_PATH,8.98274687e-19,0.0,29.99999999999999,-51.75,-2.987141537818687e-23,nan,26.66
,0.0,55.0,-46.0,-1.5707963267948963,NO_PATH,8.98274687e-19,0.0,29.99999999999999,-51.75,-2.987141537818687e-23,nan,26.680000000000003
,0.0,55.0,-46.0,-1.5707963267948963,NO_PATH,1.06617405e-18,0.0,29.99999999999999,-51.75,-2.987141537818687e-23,nan,26.700000000000003
,0.0,55.0,-46.0,-1.5707963267948963,NO_PATH,1.77369972e-19,0.0,29.99999999999999,-51.75,-2.987141537818687e-23,nan,26.720000000000002
,0.0,55.0,-46.0,-1.5707963267948963,NO_PATH,4.11806781e-19,0.0,29.99999999999999,-51.75,-2.987141537818687e-23,nan,26.740000000000002
,0.0,55.0,-46.0,-1.5707963267948963,NO_PATH,1.98358819e-19,0.0,29.99999999999999,-51.75,-2.987141537818687e-23,nan,26.76
,0.0,55.0,-46.0,-1.5707963267948963,NO_PATH,3.71697728e-19,0.0,29.99999999999999,-51.75,-2.987141537818687e-23,nan,26.78
,0.0,55.0,-46.0,-1.5707963267948963,NO_PATH,3.71697728e-19,0.0,29.99999999999999,-51.75,-2.987141537818687e-23,nan,26.8
,0.0,55.0,-46.0,-1.5707963267948963,NO_PATH,9.13827754e-19,0.0,29.99999999999999,-51.75,-2.987141537818687e-23,nan,26.82
,0.0,55.0,-46.0,-1.5707963267948963,NO_PATH,7.52011276e-19,0.0,29.99999999999999,-51.75,-2.987141537818687e-23,nan,26.840000000000003
,0.0,55.0,-46.0,-1.5707963267948963,NO_PATH,7.52011276e-19,0.0,29.99999999999999,-51.75,-2.987141537818687e-23,nan,26.860000000000003
,0.0,55.0,-46.0,-1.5707963267948963,NO_PATH,9.3336788e-19,0.0,29.99999999999999,-51.75,-2.987141537818687e-23,nan,26.880000000000003
,0.0,55.0,-46.0,-1.5707963267948963,NO_PATH,5.38418449e-19,0.0,29.99999999999999,-51.75,-2.987141537818687e-23,nan,26.900000000000002
,0.0,55.0,-46.0,-1.5707963267948963,NO_PATH,6.9614893e-19,0.0,29.99999999999999,-51.75,-2.987141537818687e-23,nan,26.92
,0.0,55.0,-46.0,-1.5707963267948963,NO_PATH,6.9614893e-19,0.0,29.99999999999999,-51.75,-2.987141537818687e-23,nan,26.94
,0.0,55.0,-46.0,-1.5707963267948963,NO_PATH,7.31303832e-19,0.0,29.99999999999999,-51.75,-2.987141537818687e-23,nan,26.96
,0.0,55.0,-46.0,-1.5707963267948963,NO_PATH,5.58085873e-19,0.0,29.99999999999999,-51.75,-2.987141537818687e-23,nan,26.98
,0.0,55.0,-46.0,-1.5707963267948963,NO_PATH,5.58085873e-19,0.0,29.99999999999999,-51.75,-2.987141537818687e-23,nan,27.0
,0.0,55.0,-46.0,-1.5707963267948963,NO_PATH,5.74346498e-19,0.0,29.99999999999999,-51.75,-2.987141537818687e-23,nan,27.020000000000003
,0.0,55.0,-46.0,-1.5707963267948963,NO_PATH,4.45661125e-19,0.0,29.99999999999999,-51.75,-2.987141537818687e-23,nan,27.040000000000003
,0.0,55.0,-46.0,-1.5707963267948963,NO_PATH,5.1885438e-19,0.0,29.99999999999999,-51.75,-2.987141537818687e-23,nan,27.060000000000002
,0.0,55.0,-46.0,-1.5707963267948963,NO_PATH,5.1885438e-19,0.0,29.99999999999999,-51.75,-2.987141537818687e-23,nan,27.080000000000002
,0.0,55.0,-46.0,-1.5707963267948963,NO_PATH,3.17251419e-19,0.0,29.99999999999999,-51.75,-2.987141537818687e-23,nan,27.1
,0.0,55.0,-46.0,-1.5707963267948963,NO_PATH,6.96495254e-19,0.0,29.99999999999999,-51.75,-2.987141537818687e-23,nan,27.12
,0.0,55.0,-46.0,-1.5707963267948963,NO_PATH,-6.50396836e-19,0.0,29.99999999999999,-51.75,-2.987141537818687e-23,nan,27.14
,0.0,55.0,-46.0,-1.5707963267948963,NO_PATH,2.47046691e-19,0.0,29.99999999999999,-51.75,-2.987141537818687e-23,nan,27.16
,0.0,55.0,-46.0,-1.5707963267948963,NO_PATH,-1.47392822e-19,0.0,29.99999999999999,-51.75,-2.987141537818687e-23,nan,27.180000000000003
,0.0,55.0,-46.0,-1.5707963267948963,NO_PATH,-1.47392822e-19,0.0,29.99999999999999,-51.75,-2.987141537818687e-23,nan,27.200000000000003
,0.0,55.0,-46.0,-1.5707963267948963,NO_PATH,3.00679975e-19,0.0,29.99999999999999,-51.75,-2.987141537818687e-23,nan,27.220000000000002
,0.0,55.0,-46.0,-1.5707963267948963,NO_PATH,4.26500411e-19,0.0,29.99999999999999,-51.75,-2.987141537818687e-23,nan,27.240000000000002
,0.0,55.0,-46.0,-1.5707963267948963,NO_PATH,4.26500411e-19,0.0,29.99999999999999,-51.75,-2.987141537818687e-23,nan,27.26
,0.0,55.0,-46.0,-1.5707963267948963,NO_PATH,9.08318102e-20,0.0,29.99999999999999,-51.75,-2.987141537818687e-23,nan,27.28
,0.0,55.0,-46.0,-1.5707963267948963,NO_PATH,5.86271752e-20,0.0,29.99999999999999,-51.75,-2.987141537818687e-23,nan,27.301000000000002
,0.0,55.0,-46.0,-1.5707963267948963,NO_PATH,5.90072465e-19,0.0,29.99999999999999,-51.75,-2.987141537818687e-23,nan,27.32
,0.0,55.0,-46.0,-1.5707963267948963,NO_PATH,3.6230042e-19,0.0,29.99999999999999,-51.75,-2.987141537818687e-23,nan,27.340000000000003
,0.0,55.0,-46.0,-1.5707963267948963,NO_PATH,5.82291086e-20,0.0,29.99999999999999,-51.75,-2.987141537818687e-23,nan,27.360000000000003
,0.0,55.0,-46.0,-1.5707963267948963,NO_PATH,5.82291086e-20,0.0,29.99999999999999,-51.75,-2.987141537818687e-23,nan,27.380000000000003
,0.0,55.0,-46.0,-1.5707963267948963,NO_PATH,5.37285038e-19,0.0,29.99999999999999,-51.75,-2.987141537818687e-23,nan,27.401000000000003
,0.0,55.0,-46.0,-1.5707963267948963,NO_PATH,5.37285038e-19,0.0,29.99999999999999,-51.75,-2.987141537818687e-23,nan,27.42
,0.0,55.0,-46.0,-1.5707963267948963,NO_PATH,-2.43370569e-19,0.0,29.99999999999999,-51.75,-2.987141537818687e-23,nan,27.44
,0.0,55.0,-46.0,-1.5707963267948963,NO_PATH,-2.43370569e-19,0.0,29.99999999999999,-51.75,-2.987141537818687e-23,nan,27.46
,0.0,55.0,-46.0,-1.5707963267948963,NO_PATH,-2.32111121e-19,0.0,29.99999999999999,-51.75,-2.987141537818687e-23,nan,27.48
,0.0,55.0,-46.0,-1.5707963267948963,NO_PATH,5.87183774e-19,0.0,29.99999999999999,-51.75,-2.987141537818687e-23,nan,27.5
,0.0,55.0,-46.0,-1.5707963267948963,NO_PATH,7.09058498e-19,0.0,29.99999999999999,-51.75,-2.987141537818687e-23,nan,27.520000000000003
,0.0,55.0,-46.0,-1.5707963267948963,NO_PATH,3.88507992e-19,0.0,29.99999999999999,-51.75,-2.987141537818687e-23,nan,27.540000000000003
,0.0,55.0,-46.0,-1.5707963267948963,NO_PATH,3.34641289e-19,0.0,29.99999999999999,-51.75,-2.987141537818687e-23,nan,27.560000000000002
,0.0,55.0,-46.0,-1.5707963267948963,NO_PATH,3.42126067e-19,0.0,29.99999999999999,-51.75,-2.987141537818687e-23,nan,27.580000000000002
,0.0,55.0,-46.0,-1.5707963267948963,NO_PATH,3.42126067e-19,0.0,29.99999999999999,-51.75,-2.987141537818687e-23,nan,27.6
,0.0,55.0,-46.0,-1.5707963267948963,NO_PATH,2.51598263e-19,0.0,29.99999999999999,-51.75,-2.987141537818687e-23,nan,27.621000000000002
,0.0,55.0,-46.0,-1.5707963267948963,NO_PATH,4.44790373e-19,0.0,29.99999999999999,-51.75,-2.987141537818687e-23,nan,27.641000000000002
,0.0,55.0,-46.0,-1.5707963267948963,NO_PATH,5.34900911e-19,0.0,29.99999999999999,-51.75,-2.987141537818687e-23,nan,27.66
,0.0,55.0,-46.0,-1.5707963267948963,NO_PATH,1.14857524e-18,0.0,29.99999999999999,-51.75,-2.987141537818687e-23,nan,27.680000000000003
,0.0,55.0,-46.0,-1.5707963267948963,NO_PATH,8.75701621e-19,0.0,29.99999999999999,-51.75,-2.987141537818687e-23,nan,27.700000000000003
,0.0,55.0,-46.0,-1.5707963267948963,NO_PATH,3.17219575e-19,0.0,29.99999999999999,-51.75,-2.987141537818687e-23,nan,27.720000000000002
,0.0,55.0,-46.0,-1.5707963267948963,NO_PATH,6.91492894e-19,0.0,29.99999999999999,-51.75,-2.987141537818687e-23,nan,27.740000000000002
,0.0,55.0,-46.0,-1.5707963267948963,NO_PATH,1.16672585e-18,0.0,29.99999999999999,-51.75,-2.987141537818687e-23,nan,27.76
,0.0,55.0,-46.0,-1.5707963267948963,NO_PATH,1.16672585e-18,0.0,29.99999999999999,-51.75,-2.987141537818687e-23,nan,27.78
,0.0,55.0,-46.0,-1.5707963267948963,NO_PATH,4.94900546e-19,0.0,29.99999999999999,-51.75,-2.987141537818687e-23,nan,27.8
,0.0,55.0,-46.0,-1.5707963267948963,NO_PATH,1.52739942e-19,0.0,29.99999999999999,-51.75,-2.987141537818687e-23,nan,27.82
,0.0,55.0,-46.0,-1.5707963267948963,NO_PATH,8.35837321e-19,0.0,29.99999999999999,-51.75,-2.987141537818687e-23,nan,27.840000000000003
,0.0,55.0,-46.0,-1.5707963267948963,NO_PATH,1.96669178e-19,0.0,29.99999999999999,-51.75,-2.987141537818687e-23,nan,27.860000000000003
,0.0,55.0,-46.0,-1.5707963267948963,NO_PATH,1.96669178e-19,0.0,29.99999999999999,-51.75,-2.987141537818687e-23,nan,27.880000000000003
,0.0,55.0,-46.0,-1.5707963267948963,NO_PATH,5.13243372e-19,0.0,29.99999999999999,-51.75,-2.987141537818687e-23,nan,27.900000000000002
,0.0,55.0,-46.0,-1.5707963267948963,NO_PATH,8.340155e-19,0.0,29.99999999999999,-51.75,-2.987141537818687e-23,nan,27.921000000000003
,0.0,55.0,-46.0,-1.5707963267948963,NO_PATH,5.57332251e-19,0.0,29.99999999999999,-51.75,-2.987141537818687e-23,nan,27.94
,0.0,55.0,-46.0,-1.5707963267948963,NO_PATH,5.57332251e-19,0.0,29.99999999999999,-51.75,-2.987141537818687e-23,nan,27.96
,0.0,55.0,-46.0,-1.5707963267948963,NO_PATH,8.12161855e-19,0.0,29.99999999999999,-51.75,-2.987141537818687e-23,nan,27.98
,0.0,55.0,-46.0,-1.5707963267948963,NO_PATH,8.12161855e-19,0.0,29.99999999999999,-51.75,-2.987141537818687e-23,nan,28.0
,0.0,55.0,-46.0,-1.5707963267948963,NO_PATH,8.3390778e-19,0.0,29.99999999999999,-51.75,-2.987141537818687e-23,nan,28.020000000000003
,0.0,55.0,-46.0,-1.5707963267948963,NO_PATH,8.3390778e-19,0.0,29.99999999999999,-51.75,-2.987141537818687e-23,nan,28.040000000000003
,0.0,55.0,-46.0,-1.5707963267948963,NO_PATH,2.86918718e-19,0.0,29.99999999999999,-51.75,-2.987141537818687e-23,nan,28.060000000000002
,0.0,55.0,-46.0,-1.5707963267948963,NO_PATH,1.78925258e-19,0.0,29.99999999999999,-51.75,-2.987141537818687e-23,nan,28.080000000000002
,0.0,55.0,-46.0,-1.5707963267948963,NO_PATH,1.78925258e-19,0.0,29.99999999999999,-51.75,-2.987141537818687e-23,nan,28.1
,0.0,55.0,-46.0,-1.5707963267948963,NO_PATH,2.18174783e-19,0.0,29.99999999999999,-51.75,-2.987141537818687e-23,nan,28.12
,0.0,55.0,-46.0,-1.5707963267948963,NO_PATH,2.97701522e-19,0.0,29.99999999999999,-51.75,-2.987141537818687e-23,nan,28.14
,0.0,55.0,-46.0,-1.5707963267948963,NO_PATH,3.1550611e-20,0.0,29.99999999999999,-51.75,-2.987141537818687e-23,nan,28.16
,0.0,55.0,-46.0,-1.5707963267948963,NO_PATH,3.1550611e-20,0.0,29.99999999999999,-51.75,-2.987141537818687e-23,nan,28.180000000000003
,0.0,55.0,-46.0,-1.5707963267948963,NO_PATH,6.3616145e-19,0.0,29.99999999999999,-51.75,-2.987141537818687e-23,nan,28.200000000000003
,0.0,55.0,-46.0,-1.5707963267948963,NO_PATH,5.0700033e-19,0.0,29.99999999999999,-51.75,-2.987141537818687e-23,nan,28.220000000000002
,0.0,55.0,-46.0,-1.5707963267948963,NO_PATH,5.0700033e-19,0.0,29.99999999999999,-51.75,-2.987141537818687e-23,nan,28.240000000000002
,0.0,55.0,-46.0,-1.5707963267948963,NO_PATH,7.63060885e-19,0.0,29.99999999999999,-51.75,-2.987141537818687e-23,nan,28.26
,0.0,55.0,-46.0,-1.5707963267948963,NO_PATH,7.63060885e-19,0.0,29.99999999999999,-51.75,-2.987141537818687e-23,nan,28.28
,0.0,55.0,-46.0,-1.5707963267948963,NO_PATH,9.83541073e-19,0.0,29.99999999999999,-51.75,-2.987141537818687e-23,nan,28.3
,0.0,55.0,-46.0,-1.5707963267948963,NO_PATH,9.00507142e-19,0.0,29.99999999999999,-51.75,-2.987141537818687e-23,nan,28.32
,0.0,55.0,-46.0,-1.5707963267948963,NO_PATH,8.12094822e-19,0.0,29.99999999999999,-51.75,-2.987141537818687e-23,nan,28.340000000000003
,0.0,55.0,-46.0,-1.5707963267948963,NO_PATH,5.16803961e-19,0.0,29.99999999999999,-51.75,-2.987141537818687e-23,nan,28.360000000000003
,0.0,55.0,-46.0,-1.5707963267948963,NO_PATH,1.09206871e-18,0.0,29.99999999999999,-51.75,-2.987141537818687e-23,nan,28.380000000000003
,0.0,55.0,-46.0,-1.5707963267948963,NO_PATH,5.39277693e-19,0.0,29.99999999999999,-51.75,-2.987141537818687e-23,nan,28.401000000000003
,0.0,55.0,-46.0,-1.5707963267948963,NO_PATH,5.39277693e-19,0.0,29.99999999999999,-51.75,-2.987141537818687e-23,nan,28.42
,0.0,55.0,-46.0,-1.5707963267948963,NO_PATH,4.19482347e-19,0.0,29.99999999999999,-51.75,-2.987141537818687e-23,nan,28.44
,0.0,55.0,-46.0,-1.5707963267948963,NO_PATH,9.68900344e-19,0.0,29.99999999999999,-51.75,-2.987141537818687e-23,nan,28.46
,0.0,55.0,-46.0,-1.5707963267948963,NO_PATH,9.68900344e-19,0.0,29.99999999999999,-51.75,-2.987141537818687e-23,nan,28.48
,0.0,55.0,-46.0,-1.5707963267948963,NO_PATH,3.69192088e-19,0.0,29.99999999999999,-51.75,-2.987141537818687e-23,nan,28.5
,0.0,55.0,-46.0,-1.5707963267948963,NO_PATH,-6.52640552e-20,0.0,29.99999999999999,-51.75,-2.987141537818687e-23,nan,28.520000000000003
,0.0,55.0,-46.0,-1.5707963267948963,NO_PATH,-6.52640552e-20,0.0,29.99999999999999,-51.75,-2.987141537818687e-23,nan,28.540000000000003
,0.0,55.0,-46.0,-1.5707963267948963,NO_PATH,4.27811939e-19,0.0,29.99999999999999,-51.75,-2.987141537818687e-23,nan,28.560000000000002
,0.0,55.0,-46.0,-1.5707963267948963,NO_PATH,5.02400061e-19,0.0,29.99999999999999,-51.75,-2.987141537818687e-23,nan,28.580000000000002
,0.0,55.0,-46.0,-1.5707963267948963,NO_PATH,6.46593574e-19,0.0,29.99999999999999,-51.75,-2.987141537818687e-23,nan,28.6
,0.0,55.0,-46.0,-1.5707963267948963,NO_PATH,7.17499934e-19,0.0,29.99999999999999,-51.75,-2.987141537818687e-23,nan,28.62
,0.0,55.0,-46.0,-1.5707963267948963,NO_PATH,4.47790637e-19,0.0,29.99999999999999,-51.75,-2.987141537818687e-23,nan,28.64
,0.0,55.0,-46.0,-1.5707963267948963,NO_PATH,4.68674064e-19,0.0,29.99999999999999,-51.75,-2.987141537818687e-23,nan,28.66
,0.0,55.0,-46.0,-1.5707963267948963,NO_PATH,2.40988501e-19,0.0,29.99999999999999,-51.75,-2.987141537818687e-23,nan,28.680000000000003
,0.0,55.0,-46.0,-1.5707963267948963,NO_PATH,2.40988501e-19,0.0,29.99999999999999,-51.75,-2.987141537818687e-23,nan,28.700000000000003
,0.0,55.0,-46.0,-1.5707963267948963,NO_PATH,5.31039619e-19,0.0,29.99999999999999,-51.75,-2.987141537818687e-23,nan,28.720000000000002
,0.0,55.0,-46.0,-1.5707963267948963,NO_PATH,2.81438081e-19,0.0,29.99999999999999,-51.75,-2.987141537818687e-23,nan,28.740000000000002
,0.0,55.0,-46.0,-1.5707963267948963,NO_PATH,8.87612211e-19,0.0,29.99999999999999,-51.75,-2.987141537818687e-23,nan,28.76
,0.0,55.0,-46.0,-1.5707963267948963,NO_PATH,4.69632809e-19,0.0,29.99999999999999,-51.75,-2.987141537818687e-23,nan,28.78
,0.0,55.0,-46.0,-1.5707963267948963,NO_PATH,4.69632809e-19,0.0,29.99999999999999,-51.75,-2.987141537818687e-23,nan,28.8
,0.0,55.0,-46.0,-1.5707963267948963,NO_PATH,9.40876979e-19,0.0,29.99999999999999,-51.75,-2.987141537818687e-23,nan,28.82
,0.0,55.0,-46.0,-1.5707963267948963,NO_PATH,8.49617142e-19,0.0,29.99999999999999,-51.75,-2.987141537818687e-23,nan,28.840000000000003
,0.0,55.0,-46.0,-1.5707963267948963,NO_PATH,2.53626834e-19,0.0,29.99999999999999,-51.75,-2.987141537818687e-23,nan,28.861
,0.0,55.0,-46.0,-1.5707963267948963,NO_PATH,2.15708093e-20,0.0,29.99999999999999,-51.75,-2.987141537818687e-23,nan,28.880000000000003
,0.0,55.0,-46.0,-1.5707963267948963,NO_PATH,2.15708093e-20,0.0,29.99999999999999,-51.75,-2.987141537818687e-23,nan,28.900000000000002
,0.0,55.0,-46.0,-1.5707963267948963,NO_PATH,6.22630619e-19,0.0,29.99999999999999,-51.75,-2.987141537818687e-23,nan,28.921000000000003
,0.0,55.0,-46.0,-1.5707963267948963,NO_PATH,5.20714101e-19,0.0,29.99999999999999,-51.75,-2.987141537818687e-23,nan,28.94
,0.0,55.0,-46.0,-1.5707963267948963,NO_PATH,5.49026804e-19,0.0,29.99999999999999,-51.75,-2.987141537818687e-23,nan,28.96
,0.0,55.0,-46.0,-1.5707963267948963,NO_PATH,4.283301e-19,0.0,29.99999999999999,-51.75,-2.987141537818687e-23,nan,28.98
,0.0,55.0,-46.0,-1.5707963267948963,NO_PATH,5.47890781e-19,0.0,29.99999999999999,-51.75,-2.987141537818687e-23,nan,29.000000000000004
,0.0,55.0,-46.0,-1.5707963267948963,NO_PATH,5.47890781e-19,0.0,29.99999999999999,-51.75,-2.987141537818687e-23,nan,29.020000000000003
,0.0,55.0,-46.0,-1.5707963267948963,NO_PATH,1.35162336e-19,0.0,29.99999999999999,-51.75,-2.987141537818687e-23,nan,29.040000000000003
,0.0,55.0,-46.0,-1.5707963267948963,NO_PATH,1.07975488e-18,0.0,29.99999999999999,-51.75,-2.987141537818687e-23,nan,29.060000000000002
,0.0,55.0,-46.0,-1.5707963267948963,NO_PATH,3.30870075e-19,0.0,29.99999999999999,-51.75,-2.987141537818687e-23,nan,29.080000000000002
,0.0,55.0,-46.0,-1.5707963267948963,NO_PATH,3.30870075e-19,0.0,29.99999999999999,-51.75,-2.987141537818687e-23,nan,29.101000000000003
,0.0,55.0,-46.0,-1.5707963267948963,NO_PATH,9.40986878e-19,0.0,29.99999999999999,-51.75,-2.987141537818687e-23,nan,29.121000000000002
,0.0,55.0,-46.0,-1.5707963267948963,NO_PATH,4.06642347e-19,0.0,29.99999999999999,-51.75,-2.987141537818687e-23,nan,29.14
,0.0,55.0,-46.0,-1.5707963267948963,NO_PATH,3.57889181e-19,0.0,29.99999999999999,-51.75,-2.987141537818687e-23,nan,29.16
,0.0,55.0,-46.0,-1.5707963267948963,NO_PATH,3.57889181e-19,0.0,29.99999999999999,-51.75,-2.987141537818687e-23,nan,29.180000000000003
,0.0,55.0,-46.0,-1.5707963267948963,NO_PATH,3.64446917e-19,0.0,29.99999999999999,-51.75,-2.987141537818687e-23,nan,29.200000000000003
,0.0,55.0,-46.0,-1.5707963267948963,NO_PATH,4.63124542e-19,0.0,29.99999999999999,-51.75,-2.987141537818687e-23,nan,29.220000000000002
,0.0,55.0,-46.0,-1.5707963267948963,NO_PATH,6.0744835e-19,0.0,29.99999999999999,-51.75,-2.987141537818687e-23,nan,29.241000000000003
,0.0,55.0,-46.0,-1.5707963267948963,NO_PATH,6.0744835e-19,0.0,29.99999999999999,-51.75,-2.987141537818687e-23,nan,29.26
,0.0,55.0,-46.0,-1.5707963267948963,NO_PATH,1.76932109e-19,0.0,29.99999999999999,-51.75,-2.987141537818687e-23,nan,29.28
,0.0,55.0,-46.0,-1.5707963267948963,NO_PATH,1.76932109e-19,0.0,29.99999999999999,-51.75,-2.987141537818687e-23,nan,29.3
,0.0,55.0,-46.0,-1.5707963267948963,NO_PATH,2.13833972e-19,0.0,29.99999999999999,-51.75,-2.987141537818687e-23,nan,29.32
,0.0,55.0,-46.0,-1.5707963267948963,NO_PATH,2.13833972e-19,0.0,29.99999999999999,-51.75,-2.987141537818687e-23,nan,29.340000000000003
,0.0,55.0,-46.0,-1.5707963267948963,NO_PATH,7.54592409e-19,0.0,29.99999999999999,-51.75,-2.987141537818687e-23,nan,29.360000000000003
,0.0,55.0,-46.0,-1.5707963267948963,NO_PATH,7.54592409e-19,0.0,29.99999999999999,-51.75,-2.987141537818687e-23,nan,29.380000000000003
,0.0,55.0,-46.0,-1.5707963267948963,NO_PATH,2.55815636e-19,0.0,29.99999999999999,-51.75,-2.987141537818687e-23,nan,29.400000000000002
,0.0,55.0,-46.0,-1.5707963267948963,NO_PATH,2.55815636e-19,0.0,29.99999999999999,-51.75,-2.987141537818687e-23,nan,29.421000000000003
,0.0,55.0,-46.0,-1.5707963267948963,NO_PATH,1.00241076e-18,0.0,29.99999999999999,-51.75,-2.987141537818687e-23,nan,29.44
,0.0,55.0,-46.0,-1.5707963267948963,NO_PATH,1.17412773e-18,0.0,29.99999999999999,-51.75,-2.987141537818687e-23,nan,29.46
,0.0,55.0,-46.0,-1.5707963267948963,NO_PATH,9.92562722e-20,0.0,29.99999999999999,-51.75,-2.987141537818687e-23,nan,29.48
,0.0,55.0,-46.0,-1.5707963267948963,NO_PATH,1.82562429e-19,0.0,29.99999999999999,-51.75,-2.987141537818687e-23,nan,29.500000000000004
,0.0,55.0,-46.0,-1.5707963267948963,NO_PATH,-1.15859346e-19,0.0,29.99999999999999,-51.75,-2.987141537818687e-23,nan,29.520000000000003
,0.0,55.0,-46.0,-1.5707963267948963,NO_PATH,-1.15859346e-19,0.0,29.99999999999999,-51.75,-2.987141537818687e-23,nan,29.540000000000003
,0.0,55.0,-46.0,-1.5707963267948963,NO_PATH,-1.65793846e-19,0.0,29.99999999999999,-51.75,-2.987141537818687e-23,nan,29.560000000000002
,0.0,55.0,-46.0,-1.5707963267948963,NO_PATH,-1.65793846e-19,0.0,29.99999999999999,-51.75,-2.987141537818687e-23,nan,29.580000000000002
,0.0,55.0,-46.0,-1.5707963267948963,NO_PATH,2.23823463e-19,0.0,29.99999999999999,-51.75,-2.987141537818687e-23,nan,29.6
,0.0,55.0,-46.0,-1.5707963267948963,NO_PATH,3.02121353e-19,0.0,29.99999999999999,-51.75,-2.987141537818687e-23,nan,29.62
,0.0,55.0,-46.0,-1.5707963267948963,NO_PATH,3.02121353e-19,0.0,29.99999999999999,-51.75,-2.987141537818687e-23,nan,29.64
,0.0,55.0,-46.0,-1.5707963267948963,NO_PATH,1.12388342e-18,0.0,29.99999999999999,-51.75,-2.987141537818687e-23,nan,29.66
,0.0,55.0,-46.0,-1.5707963267948963,NO_PATH,6.06131851e-19,0.0,29.99999999999999,-51.75,-2.987141537818687e-23,nan,29.681
,0.0,55.0,-46.0,-1.5707963267948963,NO_PATH,6.70983715e-19,0.0,29.99999999999999,-51.75,-2.987141537818687e-23,nan,29.700000000000003
,0.0,55.0,-46.0,-1.5707963267948963,NO_PATH,2.61056711e-19,0.0,29.99999999999999,-51.75,-2.987141537818687e-23,nan,29.720000000000002
,0.0,55.0,-46.0,-1.5707963267948963,NO_PATH,2.61056711e-19,0.0,29.99999999999999,-51.75,-2.987141537818687e-23,nan,29.740000000000002
,0.0,55.0,-46.0,-1.5707963267948963,NO_PATH,-9.00594734e-20,0.0,29.99999999999999,-51.75,-2.987141537818687e-23,nan,29.76
,0.0,55.0,-46.0,-1.5707963267948963,NO_PATH,1.34320006e-19,0.0,29.99999999999999,-51.75,-2.987141537818687e-23,nan,29.781000000000002
,0.0,55.0,-46.0,-1.5707963267948963,NO_PATH,8.02712108e-19,0.0,29.99999999999999,-51.75,-2.987141537818687e-23,nan,29.8
,0.0,55.0,-46.0,-1.5707963267948963,NO_PATH,5.68432409e-19,0.0,29.99999999999999,-51.75,-2.987141537818687e-23,nan,29.82
,0.0,55.0,-46.0,-1.5707963267948963,NO_PATH,5.68432409e-19,0.0,29.99999999999999,-51.75,-2.987141537818687e-23,nan,29.840000000000003
,0.0,55.0,-46.0,-1.5707963267948963,NO_PATH,8.38147251e-19,0.0,29.99999999999999,-51.75,-2.987141537818687e-23,nan,29.860000000000003
,0.0,55.0,-46.0,-1.5707963267948963,NO_PATH,4.75773395e-19,0.0,29.99999999999999,-51.75,-2.987141537818687e-23,nan,29.880000000000003
,0.0,55.0,-46.0,-1.5707963267948963,NO_PATH,4.75773395e-19,0.0,29.99999999999999,-51.75,-2.987141537818687e-23,nan,29.900000000000002
,0.0,55.0,-46.0,-1.5707963267948963,NO_PATH,6.23124066e-19,0.0,29.99999999999999,-51.75,-2.987141537818687e-23,nan,29.92
,0.0,55.0,-46.0,-1.5707963267948963,NO_PATH,4.6003348e-19,0.0,29.99999999999999,-51.75,-2.987141537818687e-23,nan,29.94
,0.0,55.0,-46.0,-1.5707963267948963,NO_PATH,9.66332247e-19,0.0,29.99999999999999,-51.75,-2.987141537818687e-23,nan,29.96
,0.0,55.0,-46.0,-1.5707963267948963,NO_PATH,9.66332247e-19,0.0,29.99999999999999,-51.75,-2.987141537818687e-23,nan,29.98
,0.0,55.0,-46.0,-1.5707963267948963,NO_PATH,8.06983743e-19,0.0,29.99999999999999,-51.75,-2.987141537818687e-23,nan,30.000000000000004
,0.0,55.0,-46.0,-1.5707963267948963,NO_PATH,5.08928358e-19,0.0,29.99999999999999,-51.75,-2.987141537818687e-23,nan,30.020000000000003
,0.0,55.0,-46.0,-1.5707963267948963,NO_PATH,5.08928358e-19,0.0,29.99999999999999,-51.75,-2.987141537818687e-23,nan,30.040000000000003
,0.0,55.0,-46.0,-1.5707963267948963,NO_PATH,1.07101375e-18,0.0,29.99999999999999,-51.75,-2.987141537818687e-23,nan,30.060000000000002
,0.0,55.0,-46.0,-1.5707963267948963,NO_PATH,4.99526021e-19,0.0,29.99999999999999,-51.75,-2.987141537818687e-23,nan,30.080000000000002
,0.0,55.0,-46.0,-1.5707963267948963,NO_PATH,4.99526021e-19,0.0,29.99999999999999,-51.75,-2.987141537818687e-23,nan,30.1
,0.0,55.0,-46.0,-1.5707963267948963,NO_PATH,9.8604081e-19,0.0,29.99999999999999,-51.75,-2.987141537818687e-23,nan,30.12
,0.0,55.0,-46.0,-1.5707963267948963,NO_PATH,3.28806398e-20,0.0,29.99999999999999,-51.75,-2.987141537818687e-23,nan,30.14
,0.0,55.0,-46.0,-1.5707963267948963,NO_PATH,3.28806398e-20,0.0,29.99999999999999,-51.75,-2.987141537818687e-23,nan,30.16
,0.0,55.0,-46.0,-1.5707963267948963,NO_PATH,-1.70204172e-19,0.0,29.99999999999999,-51.75,-2.987141537818687e-23,nan,30.180000000000003
,0.0,55.0,-46.0,-1.5707963267948963,NO_PATH,-1.70204172e-19,0.0,29.99999999999999,-51.75,-2.987141537818687e-23,nan,30.200000000000003
,0.0,55.0,-46.0,-1.5707963267948963,NO_PATH,1.41770858e-18,0.0,29.99999999999999,-51.75,-2.987141537818687e-23,nan,30.221000000000004
,0.0,55.0,-46.0,-1.5707963267948963,NO_PATH,1.41770858e-18,0.0,29.99999999999999,-51.75,-2.987141537818687e-23,nan,30.240000000000002
,0.0,55.0,-46.0,-1.5707963267948963,NO_PATH,-1.2227473e-19,0.0,29.99999999999999,-51.75,-2.987141537818687e-23,nan,30.26
,0.0,55.0,-46.0,-1.5707963267948963,NO_PATH,-1.2227473e-19,0.0,29.99999999999999,-51.75,-2.987141537818687e-23,nan,30.28
,0.0,55.0,-46.0,-1.5707963267948963,NO_PATH,9.47424816e-20,0.0,29.99999999999999,-51.75,-2.987141537818687e-23,nan,30.301000000000002
,0.0,55.0,-46.0,-1.5707963267948963,NO_PATH,9.47424816e-20,0.0,29.99999999999999,-51.75,-2.987141537818687e-23,nan,30.32
,0.0,55.0,-46.0,-1.5707963267948963,NO_PATH,2.74379778e-19,0.0,29.99999999999999,-51.75,-2.987141537818687e-23,nan,30.340000000000003
,0.0,55.0,-46.0,-1.5707963267948963,NO_PATH,-1.12511682e-19,0.0,29.99999999999999,-51.75,-2.987141537818687e-23,nan,30.360000000000003
,0.0,55.0,-46.0,-1.5707963267948963,NO_PATH,-1.12511682e-19,0.0,29.99999999999999,-51.75,-2.987141537818687e-23,nan,30.380000000000003
,0.0,55.0,-46.0,-1.5707963267948963,NO_PATH,7.62745276e-19,0.0,29.99999999999999,-51.75,-2.987141537818687e-23,nan,30.400000000000002
,0.0,55.0,-46.0,-1.5707963267948963,NO_PATH,8.86406466e-19,0.0,29.99999999999999,-51.75,-2.987141537818687e-23,nan,30.42
,0.0,55.0,-46.0,-1.5707963267948963,NO_PATH,8.39910338e-19,0.0,29.99999999999999,-51.75,-2.987141537818687e-23,nan,30.44
,0.0,55.0,-46.0,-1.5707963267948963,NO_PATH,8.39910338e-19,0.0,29.99999999999999,-51.75,-2.987141537818687e-23,nan,30.46
,0.0,55.0,-46.0,-1.5707963267948963,NO_PATH,6.93538683e-19,0.0,29.99999999999999,-51.75,-2.987141537818687e-23,nan,30.48
,0.0,55.0,-46.0,-1.5707963267948963,NO_PATH,8.71755534e-19,0.0,29.99999999999999,-51.75,-2.987141537818687e-23,nan,30.500000000000004
,0.0,55.0,-46.0,-1.5707963267948963,NO_PATH,5.76092292e-19,0.0,29.99999999999999,-51.75,-2.987141537818687e-23,nan,30.521
,0.0,55.0,-46.0,-1.5707963267948963,NO_PATH,5.75121377e-19,0.0,29.99999999999999,-51.75,-2.987141537818687e-23,nan,30.541
,0.0,55.0,-46.0,-1.5707963267948963,NO_PATH,9.03260199e-19,0.0,29.99999999999999,-51.75,-2.987141537818687e-23,nan,30.560000000000002
,0.0,55.0,-46.0,-1.5707963267948963,NO_PATH,6.62079771e-19,0.0,29.99999999999999,-51.75,-2.987141537818687e-23,nan,30.580000000000002
,0.0,55.0,-46.0,-1.5707963267948963,NO_PATH,1.3652892e-18,0.0,29.99999999999999,-51.75,-2.987141537818687e-23,nan,30.6
,0.0,55.0,-46.0,-1.5707963267948963,NO_PATH,-1.94805412e-19,0.0,29.99999999999999,-51.75,-2.987141537818687e-23,nan,30.62
,0.0,55.0,-46.0,-1.5707963267948963,NO_PATH,-1.94805412e-19,0.0,29.99999999999999,-51.75,-2.987141537818687e-23,nan,30.64
,0.0,55.0,-46.0,-1.5707963267948963,NO_PATH,3.89416712e-19,0.0,29.99999999999999,-51.75,-2.987141537818687e-23,nan,30.66
,0.0,55.0,-46.0,-1.5707963267948963,NO_PATH,2.85437939e-19,0.0,29.99999999999999,-51.75,-2.987141537818687e-23,nan,30.680000000000003
,0.0,55.0,-46.0,-1.5707963267948963,NO_PATH,1.83981164e-19,0.0,29.99999999999999,-51.75,-2.987141537818687e-23,nan,30.700000000000003
,0.0,55.0,-46.0,-1.5707963267948963,NO_PATH,5.54956421e-19,0.0,29.99999999999999,-51.75,-2.987141537818687e-23,nan,30.720000000000002
,0.0,55.0,-46.0,-1.5707963267948963,NO_PATH,5.54956421e-19,0.0,29.99999999999999,-51.75,-2.987141537818687e-23,nan,30.740000000000002
,0.0,55.0,-46.0,-1.5707963267948963,NO_PATH,-8.38895693e-20,0.0,29.99999999999999,-51.75,-2.987141537818687e-23,nan,30.76
,0.0,55.0,-46.0,-1.5707963267948963,NO_PATH,9.96585807e-19,0.0,29.99999999999999,-51.75,-2.987141537818687e-23,nan,30.78
,0.0,55.0,-46.0,-1.5707963267948963,NO_PATH,2.94615823e-19,0.0,29.99999999999999,-51.75,-2.987141537818687e-23,nan,30.8
,0.0,55.0,-46.0,-1.5707963267948963,NO_PATH,4.74985804e-19,0.0,29.99999999999999,-51.75,-2.987141537818687e-23,nan,30.82
,0.0,55.0,-46.0,-1.5707963267948963,NO_PATH,6.09867517e-19,0.0,29.99999999999999,-51.75,-2.987141537818687e-23,nan,30.840000000000003
,0.0,55.0,-46.0,-1.5707963267948963,NO_PATH,6.73760951e-19,0.0,29.99999999999999,-51.75,-2.987141537818687e-23,nan,30.860000000000003
,0.0,55.0,-46.0,-1.5707963267948963,NO_PATH,7.02293946e-19,0.0,29.99999999999999,-51.75,-2.987141537818687e-23,nan,30.880000000000003
,0.0,55.0,-46.0,-1.5707963267948963,NO_PATH,7.02293946e-19,0.0,29.99999999999999,-51.75,-2.987141537818687e-23,nan,30.900000000000002
,0.0,55.0,-46.0,-1.5707963267948963,NO_PATH,6.8484259e-19,0.0,29.99999999999999,-51.75,-2.987141537818687e-23,nan,30.92
,0.0,55.0,-46.0,-1.5707963267948963,NO_PATH,7.83517039e-19,0.0,29.99999999999999,-51.75,-2.987141537818687e-23,nan,30.94
,0.0,55.0,-46.0,-1.5707963267948963,NO_PATH,7.83517039e-19,0.0,29.99999999999999,-51.75,-2.987141537818687e-23,nan,30.96
,0.0,55.0,-46.0,-1.5707963267948963,NO_PATH,1.60598162e-20,0.0,29.99999999999999,-51.75,-2.987141537818687e-23,nan,30.98
,0.0,55.0,-46.0,-1.5707963267948963,NO_PATH,1.60598162e-20,0.0,29.99999999999999,-51.75,-2.987141537818687e-23,nan,31.001
,0.0,55.0,-46.0,-1.5707963267948963,NO_PATH,3.17697299e-19,0.0,29.99999999999999,-51.75,-2.987141537818687e-23,nan,31.021
,0.0,55.0,-46.0,-1.5707963267948963,NO_PATH,5.14142772e-19,0.0,29.99999999999999,-51.75,-2.987141537818687e-23,nan,31.040000000000003
,0.0,55.0,-46.0,-1.5707963267948963,NO_PATH,4.88148814e-19,0.0,29.99999999999999,-51.75,-2.987141537818687e-23,nan,31.060000000000002
,0.0,55.0,-46.0,-1.5707963267948963,NO_PATH,4.88148814e-19,0.0,29.99999999999999,-51.75,-2.987141537818687e-23,nan,31.080000000000002
,0.0,55.0,-46.0,-1.5707963267948963,NO_PATH,5.43544131e-19,0.0,29.99999999999999,-51.75,-2.987141537818687e-23,nan,31.1
,0.0,55.0,-46.0,-1.5707963267948963,NO_PATH,5.43544131e-19,0.0,29.99999999999999,-51.75,-2.987141537818687e-23,nan,31.12
,0.0,55.0,-46.0,-1.5707963267948963,NO_PATH,5.0158661e-19,0.0,29.99999999999999,-51.75,-2.987141537818687e-23,nan,31.14
,0.0,55.0,-46.0,-1.5707963267948963,NO_PATH,5.37961766e-19,0.0,29.99999999999999,-51.75,-2.987141537818687e-23,nan,31.160000000000004
,0.0,55.0,-46.0,-1.5707963267948963,NO_PATH,7.00767759e-19,0.0,29.99999999999999,-51.75,-2.987141537818687e-23,nan,31.180000000000003
,0.0,55.0,-46.0,-1.5707963267948963,NO_PATH,7.00767759e-19,0.0,29.99999999999999,-51.75,-2.987141537818687e-23,nan,31.200000000000003
,0.0,55.0,-46.0,-1.5707963267948963,NO_PATH,4.34089197e-19,0.0,29.99999999999999,-51.75,-2.987141537818687e-23,nan,31.220000000000002
,0.0,55.0,-46.0,-1.5707963267948963,NO_PATH,9.9198114e-21,0.0,29.99999999999999,-51.75,-2.987141537818687e-23,nan,31.240000000000002
,0.0,55.0,-46.0,-1.5707963267948963,NO_PATH,9.9198114e-21,0.0,29.99999999999999,-51.75,-2.987141537818687e-23,nan,31.26
,0.0,55.0,-46.0,-1.5707963267948963,NO_PATH,1.52098123e-19,0.0,29.99999999999999,-51.75,-2.987141537818687e-23,nan,31.28
,0.0,55.0,-46.0,-1.5707963267948963,NO_PATH,1.52098123e-19,0.0,29.99999999999999,-51.75,-2.987141537818687e-23,nan,31.3
,0.0,55.0,-46.0,-1.5707963267948963,NO_PATH,7.32358006e-19,0.0,29.99999999999999,-51.75,-2.987141537818687e-23,nan,31.32
,0.0,55.0,-46.0,-1.5707963267948963,NO_PATH,2.04659052e-19,0.0,29.99999999999999,-51.75,-2.987141537818687e-23,nan,31.340000000000003
,0.0,55.0,-46.0,-1.5707963267948963,NO_PATH,5.38907475e-19,0.0,29.99999999999999,-51.75,-2.987141537818687e-23,nan,31.360000000000003
,0.0,55.0,-46.0,-1.5707963267948963,NO_PATH,4.44432533e-19,0.0,29.99999999999999,-51.75,-2.987141537818687e-23,nan,31.380000000000003
,0.0,55.0,-46.0,-1.5707963267948963,NO_PATH,4.44432533e-19,0.0,29.99999999999999,-51.75,-2.987141537818687e-23,nan,31.400000000000002
,0.0,55.0,-46.0,-1.5707963267948963,NO_PATH,1.20958514e-19,0.0,29.99999999999999,-51.75,-2.987141537818687e-23,nan,31.42
,0.0,55.0,-46.0,-1.5707963267948963,NO_PATH,1.07373829e-18,0.0,29.99999999999999,-51.75,-2.987141537818687e-23,nan,31.44
,0.0,55.0,-46.0,-1.5707963267948963,NO_PATH,-7.29043953e-19,0.0,29.99999999999999,-51.75,-2.987141537818687e-23,nan,31.46
,0.0,55.0,-46.0,-1.5707963267948963,NO_PATH,-7.29043953e-19,0.0,29.99999999999999,-51.75,-2.987141537818687e-23,nan,31.48
,0.0,55.0,-46.0,-1.5707963267948963,NO_PATH,1.04908614e-18,0.0,29.99999999999999,-51.75,-2.987141537818687e-23,nan,31.500000000000004
,0.0,55.0,-46.0,-1.5707963267948963,NO_PATH,4.60054269e-19,0.0,29.99999999999999,-51.75,-2.987141537818687e-23,nan,31.520000000000003
,0.0,55.0,-46.0,-1.5707963267948963,NO_PATH,4.60054269e-19,0.0,29.99999999999999,-51.75,-2.987141537818687e-23,nan,31.540000000000003
,0.0,55.0,-46.0,-1.5707963267948963,NO_PATH,2.48451559e-19,0.0,29.99999999999999,-51.75,-2.987141537818687e-23,nan,31.560000000000002
,0.0,55.0,-46.0,-1.5707963267948963,NO_PATH,7.16812469e-19,0.0,29.99999999999999,-51.75,-2.987141537818687e-23,nan,31.580000000000002
,0.0,55.0,-46.0,-1.5707963267948963,NO_PATH,7.16812469e-19,0.0,29.99999999999999,-51.75,-2.987141537818687e-23,nan,31.6
,0.0,55.0,-46.0,-1.5707963267948963,NO_PATH,3.1160087e-19,0.0,29.99999999999999,-51.75,-2.987141537818687e-23,nan,31.62
,0.0,55.0,-46.0,-1.5707963267948963,NO_PATH,8.82776477e-19,0.0,29.99999999999999,-51.75,-2.987141537818687e-23,nan,31.64
,0.0,55.0,-46.0,-1.5707963267948963,NO_PATH,8.82776477e-19,0.0,29.99999999999999,-51.75,-2.987141537818687e-23,nan,31.660000000000004
,0.0,55.0,-46.0,-1.5707963267948963,NO_PATH,2.07359761e-19,0.0,29.99999999999999,-51.75,-2.987141537818687e-23,nan,31.680000000000003
,0.0,55.0,-46.0,-1.5707963267948963,NO_PATH,6.53181874e-19,0.0,29.99999999999999,-51.75,-2.987141537818687e-23,nan,31.700000000000003
,0.0,55.0,-46.0,-1.5707963267948963,NO_PATH,2.35567942e-19,0.0,29.99999999999999,-51.75,-2.987141537818687e-23,nan,31.720000000000002
,0.0,55.0,-46.0,-1.5707963267948963,NO_PATH,8.33231074e-19,0.0,29.99999999999999,-51.75,-2.987141537818687e-23,nan,31.740000000000002
,0.0,55.0,-46.0,-1.5707963267948963,NO_PATH,9.3285704e-19,0.0,29.99999999999999,-51.75,-2.987141537818687e-23,nan,31.76
,0.0,55.0,-46.0,-1.5707963267948963,NO_PATH,-1.61524477e-19,0.0,29.99999999999999,-51.75,-2.987141537818687e-23,nan,31.78
,0.0,55.0,-46.0,-1.5707963267948963,NO_PATH,-1.89584915e-19,0.0,29.99999999999999,-51.75,-2.987141537818687e-23,nan,31.8
,0.0,55.0,-46.0,-1.5707963267948963,NO_PATH,9.5875504e-19,0.0,29.99999999999999,-51.75,-2.987141537818687e-23,nan,31.82
,0.0,55.0,-46.0,-1.5707963267948963,NO_PATH,-2.97330163e-20,0.0,29.99999999999999,-51.75,-2.987141537818687e-23,nan,31.840000000000003
,0.0,55.0,-46.0,-1.5707963267948963,NO_PATH,2.07668986e-19,0.0,29.99999999999999,-51.75,-2.987141537818687e-23,nan,31.860000000000003
,0.0,55.0,-46.0,-1.5707963267948963,NO_PATH,2.07668986e-19,0.0,29.99999999999999,-51.75,-2.987141537818687e-23,nan,31.880000000000003
,0.0,55.0,-46.0,-1.5707963267948963,NO_PATH,5.77595144e-19,0.0,29.99999999999999,-51.75,-2.987141537818687e-23,nan,31.901000000000003
,0.0,55.0,-46.0,-1.5707963267948963,NO_PATH,5.77595144e-19,0.0,29.99999999999999,-51.75,-2.987141537818687e-23,nan,31.92
,0.0,55.0,-46.0,-1.5707963267948963,NO_PATH,-1.38303126e-20,0.0,29.99999999999999,-51.75,-2.987141537818687e-23,nan,31.94
,0.0,55.0,-46.0,-1.5707963267948963,NO_PATH,1.32357356e-18,0.0,29.99999999999999,-51.75,-2.987141537818687e-23,nan,31.96
,0.0,55.0,-46.0,-1.5707963267948963,NO_PATH,5.28063832e-19,0.0,29.99999999999999,-51.75,-2.987141537818687e-23,nan,31.98
,0.0,55.0,-46.0,-1.5707963267948963,NO_PATH,4.40730673e-19,0.0,29.99999999999999,-51.75,-2.987141537818687e-23,nan,32.0
,0.0,55.0,-46.0,-1.5707963267948963,NO_PATH,4.26535392e-19,0.0,29.99999999999999,-51.75,-2.987141537818687e-23,nan,32.02
,0.0,55.0,-46.0,-1.5707963267948963,NO_PATH,4.47264691e-19,0.0,29.99999999999999,-51.75,-2.987141537818687e-23,nan,32.04
,0.0,55.0,-46.0,-1.5707963267948963,NO_PATH,1.30083497e-18,0.0,29.99999999999999,-51.75,-2.987141537818687e-23,nan,32.06
,0.0,55.0,-46.0,-1.5707963267948963,NO_PATH,7.17567922e-19,0.0,29.99999999999999,-51.75,-2.987141537818687e-23,nan,32.080000000000005
,0.0,55.0,-46.0,-1.5707963267948963,NO_PATH,1.2518058e-19,0.0,29.99999999999999,-51.75,-2.987141537818687e-23,nan,32.1
,0.0,55.0,-46.0,-1.5707963267948963,NO_PATH,9.46709653e-20,0.0,29.99999999999999,-51.75,-2.987141537818687e-23,nan,32.120000000000005
,0.0,55.0,-46.0,-1.5707963267948963,NO_PATH,9.76261755e-20,0.0,29.99999999999999,-51.75,-2.987141537818687e-23,nan,32.14
,0.0,55.0,-46.0,-1.5707963267948963,NO_PATH,7.12558474e-19,0.0,29.99999999999999,-51.75,-2.987141537818687e-23,nan,32.160000000000004
,0.0,55.0,-46.0,-1.5707963267948963,NO_PATH,2.5675796e-19,0.0,29.99999999999999,-51.75,-2.987141537818687e-23,nan,32.18
,0.0,55.0,-46.0,-1.5707963267948963,NO_PATH,6.47288243e-20,0.0,29.99999999999999,-51.75,-2.987141537818687e-23,nan,32.2
,0.0,55.0,-46.0,-1.5707963267948963,NO_PATH,4.26640387e-19,0.0,29.99999999999999,-51.75,-2.987141537818687e-23,nan,32.22
,0.0,55.0,-46.0,-1.5707963267948963,NO_PATH,4.49827477e-19,0.0,29.99999999999999,-51.75,-2.987141537818687e-23,nan,32.24
,0.0,55.0,-46.0,-1.5707963267948963,NO_PATH,4.49827477e-19,0.0,29.99999999999999,-51.75,-2.987141537818687e-23,nan,32.260000000000005
,0.0,55.0,-46.0,-1.5707963267948963,NO_PATH,1.24588685e-18,0.0,29.99999999999999,-51.75,-2.987141537818687e-23,nan,32.28
,0.0,55.0,-46.0,-1.5707963267948963,NO_PATH,7.88887638e-19,0.0,29.99999999999999,-51.75,-2.987141537818687e-23,nan,32.300000000000004
,0.0,55.0,-46.0,-1.5707963267948963,NO_PATH,3.69805473e-19,0.0,29.99999999999999,-51.75,-2.987141537818687e-23,nan,32.32
,0.0,55.0,-46.0,-1.5707963267948963,NO_PATH,4.62962761e-19,0.0,29.99999999999999,-51.75,-2.987141537818687e-23,nan,32.34
,0.0,55.0,-46.0,-1.5707963267948963,NO_PATH,4.62962761e-19,0.0,29.99999999999999,-51.75,-2.987141537818687e-23,nan,32.36
,0.0,55.0,-46.0,-1.5707963267948963,NO_PATH,3.3152273e-19,0.0,29.99999999999999,-51.75,-2.987141537818687e-23,nan,32.38
,0.0,55.0,-46.0,-1.5707963267948963,NO_PATH,3.3152273e-19,0.0,29.99999999999999,-51.75,-2.987141537818687e-23,nan,32.4
,0.0,55.0,-46.0,-1.5707963267948963,NO_PATH,3.67874564e-19,0.0,29.99999999999999,-51.75,-2.987141537818687e-23,nan,32.42
,0.0,55.0,-46.0,-1.5707963267948963,NO_PATH,3.67874564e-19,0.0,29.99999999999999,-51.75,-2.987141537818687e-23,nan,32.440000000000005
,0.0,55.0,-46.0,-1.5707963267948963,NO_PATH,7.27168274e-19,0.0,29.99999999999999,-51.75,-2.987141537818687e-23,nan,32.46
,0.0,55.0,-46.0,-1.5707963267948963,NO_PATH,7.27168274e-19,0.0,29.99999999999999,-51.75,-2.987141537818687e-23,nan,32.480000000000004
,0.0,55.0,-46.0,-1.5707963267948963,NO_PATH,1.07798529e-19,0.0,29.99999999999999,-51.75,-2.987141537818687e-23,nan,32.5
,0.0,55.0,-46.0,-1.5707963267948963,NO_PATH,8.50748535e-19,0.0,29.99999999999999,-51.75,-2.987141537818687e-23,nan,32.52
,0.0,55.0,-46.0,-1.5707963267948963,NO_PATH,6.87759161e-19,0.0,29.99999999999999,-51.75,-2.987141537818687e-23,nan,32.54
,0.0,55.0,-46.0,-1.5707963267948963,NO_PATH,2.90679544e-19,0.0,29.99999999999999,-51.75,-2.987141537818687e-23,nan,32.561
,0.0,55.0,-46.0,-1.5707963267948963,NO_PATH,1.32454834e-18,0.0,29.99999999999999,-51.75,-2.987141537818687e-23,nan,32.580000000000005
,0.0,55.0,-46.0,-1.5707963267948963,NO_PATH,-7.11538964e-20,0.0,29.99999999999999,-51.75,-2.987141537818687e-23,nan,32.6
,0.0,55.0,-46.0,-1.5707963267948963,NO_PATH,2.06531649e-19,0.0,29.99999999999999,-51.75,-2.987141537818687e-23,nan,32.620000000000005
,0.0,55.0,-46.0,-1.5707963267948963,NO_PATH,2.06531649e-19,0.0,29.99999999999999,-51.75,-2.987141537818687e-23,nan,32.64
,0.0,55.0,-46.0,-1.5707963267948963,NO_PATH,7.3407662e-21,0.0,29.99999999999999,-51.75,-2.987141537818687e-23,nan,32.660000000000004
,0.0,55.0,-46.0,-1.5707963267948963,NO_PATH,6.71184929e-19,0.0,29.99999999999999,-51.75,-2.987141537818687e-23,nan,32.68
,0.0,55.0,-46.0,-1.5707963267948963,NO_PATH,6.71184929e-19,0.0,29.99999999999999,-51.75,-2.987141537818687e-23,nan,32.7
,0.0,55.0,-46.0,-1.5707963267948963,NO_PATH,4.71339169e-20,0.0,29.99999999999999,-51.75,-2.987141537818687e-23,nan,32.72
,0.0,55.0,-46.0,-1.5707963267948963,NO_PATH,-3.67664272e-20,0.0,29.99999999999999,-51.75,-2.987141537818687e-23,nan,32.74
,0.0,55.0,-46.0,-1.5707963267948963,NO_PATH,6.94739585e-19,0.0,29.99999999999999,-51.75,-2.987141537818687e-23,nan,32.760000000000005
,0.0,55.0,-46.0,-1.5707963267948963,NO_PATH,1.05767645e-18,0.0,29.99999999999999,-51.75,-2.987141537818687e-23,nan,32.78
,0.0,55.0,-46.0,-1.5707963267948963,NO_PATH,1.05767645e-18,0.0,29.99999999999999,-51.75,-2.987141537818687e-23,nan,32.800000000000004
,0.0,55.0,-46.0,-1.5707963267948963,NO_PATH,1.14505856e-19,0.0,29.99999999999999,-51.75,-2.987141537818687e-23,nan,32.82
,0.0,55.0,-46.0,-1.5707963267948963,NO_PATH,5.56929814e-20,0.0,29.99999999999999,-51.75,-2.987141537818687e-23,nan,32.84
,0.0,55.0,-46.0,-1.5707963267948963,NO_PATH,4.65941998e-19,0.0,29.99999999999999,-51.75,-2.987141537818687e-23,nan,32.86
,0.0,55.0,-46.0,-1.5707963267948963,NO_PATH,4.65941998e-19,0.0,29.99999999999999,-51.75,-2.987141537818687e-23,nan,32.88
,0.0,55.0,-46.0,-1.5707963267948963,NO_PATH,8.13199171e-19,0.0,29.99999999999999,-51.75,-2.987141537818687e-23,nan,32.9
,0.0,55.0,-46.0,-1.5707963267948963,NO_PATH,1.58986801e-19,0.0,29.99999999999999,-51.75,-2.987141537818687e-23,nan,32.92
,0.0,55.0,-46.0,-1.5707963267948963,NO_PATH,1.58986801e-19,0.0,29.99999999999999,-51.75,-2.987141537818687e-23,nan,32.940000000000005
,0.0,55.0,-46.0,-1.5707963267948963,NO_PATH,8.28554359e-19,0.0,29.99999999999999,-51.75,-2.987141537818687e-23,nan,32.96
,0.0,55.0,-46.0,-1.5707963267948963,NO_PATH,-1.96171643e-19,0.0,29.99999999999999,-51.75,-2.987141537818687e-23,nan,32.980000000000004
,0.0,55.0,-46.0,-1.5707963267948963,NO_PATH,9.61777457e-19,0.0,29.99999999999999,-51.75,-2.987141537818687e-23,nan,33.0
,0.0,55.0,-46.0,-1.5707963267948963,NO_PATH,9.61777457e-19,0.0,29.99999999999999,-51.75,-2.987141537818687e-23,nan,33.02
,0.0,55.0,-46.0,-1.5707963267948963,NO_PATH,5.44004427e-19,0.0,29.99999999999999,-51.75,-2.987141537818687e-23,nan,33.04
,0.0,55.0,-46.0,-1.5707963267948963,NO_PATH,9.84141524e-19,0.0,29.99999999999999,-51.75,-2.987141537818687e-23,nan,33.06
,0.0,55.0,-46.0,-1.5707963267948963,NO_PATH,7.92433193e-19,0.0,29.99999999999999,-51.75,-2.987141537818687e-23,nan,33.080000000000005
,0.0,55.0,-46.0,-1.5707963267948963,NO_PATH,1.08566847e-18,0.0,29.99999999999999,-51.75,-2.987141537818687e-23,nan,33.1
,0.0,55.0,-46.0,-1.5707963267948963,NO_PATH,5.86356639e-19,0.0,29.99999999999999,-51.75,-2.987141537818687e-23,nan,33.120000000000005
,0.0,55.0,-46.0,-1.5707963267948963,NO_PATH,7.55156786e-19,0.0,29.99999999999999,-51.75,-2.987141537818687e-23,nan,33.14
,0.0,55.0,-46.0,-1.5707963267948963,NO_PATH,7.55156786e-19,0.0,29.99999999999999,-51.75,-2.987141537818687e-23,nan,33.160000000000004
,0.0,55.0,-46.0,-1.5707963267948963,NO_PATH,-7.44891588e-20,0.0,29.99999999999999,-51.75,-2.987141537818687e-23,nan,33.18
,0.0,55.0,-46.0,-1.5707963267948963,NO_PATH,2.50410815e-19,0.0,29.99999999999999,-51.75,-2.987141537818687e-23,nan,33.2
,0.0,55.0,-46.0,-1.5707963267948963,NO_PATH,2.50410815e-19,0.0,29.99999999999999,-51.75,-2.987141537818687e-23,nan,33.22
,0.0,55.0,-46.0,-1.5707963267948963,NO_PATH,4.38102694e-19,0.0,29.99999999999999,-51.75,-2.987141537818687e-23,nan,33.24
,0.0,55.0,-46.0,-1.5707963267948963,NO_PATH,4.98448458e-19,0.0,29.99999999999999,-51.75,-2.987141537818687e-23,nan,33.260000000000005
,0.0,55.0,-46.0,-1.5707963267948963,NO_PATH,4.98448458e-19,0.0,29.99999999999999,-51.75,-2.987141537818687e-23,nan,33.28
,0.0,55.0,-46.0,-1.5707963267948963,NO_PATH,1.07725355e-18,0.0,29.99999999999999,-51.75,-2.987141537818687e-23,nan,33.300000000000004
,0.0,55.0,-46.0,-1.5707963267948963,NO_PATH,-2.24324882e-19,0.0,29.99999999999999,-51.75,-2.987141537818687e-23,nan,33.32
,0.0,55.0,-46.0,-1.5707963267948963,NO_PATH,9.56873473e-19,0.0,29.99999999999999,-51.75,-2.987141537818687e-23,nan,33.34
,0.0,55.0,-46.0,-1.5707963267948963,NO_PATH,8.34221539e-19,0.0,29.99999999999999,-51.75,-2.987141537818687e-23,nan,33.36
,0.0,55.0,-46.0,-1.5707963267948963,NO_PATH,8.34221539e-19,0.0,29.99999999999999,-51.75,-2.987141537818687e-23,nan,33.38
,0.0,55.0,-46.0,-1.5707963267948963,NO_PATH,3.92747068e-19,0.0,29.99999999999999,-51.75,-2.987141537818687e-23,nan,33.4
,0.0,55.0,-46.0,-1.5707963267948963,NO_PATH,4.50466598e-19,0.0,29.99999999999999,-51.75,-2.987141537818687e-23,nan,33.422000000000004
,0.0,55.0,-46.0,-1.5707963267948963,NO_PATH,4.50466598e-19,0.0,29.99999999999999,-51.75,-2.987141537818687e-23,nan,33.440000000000005
,0.0,55.0,-46.0,-1.5707963267948963,NO_PATH,9.43710396e-19,0.0,29.99999999999999,-51.75,-2.987141537818687e-23,nan,33.46
,0.0,55.0,-46.0,-1.5707963267948963,NO_PATH,7.60746793e-19,0.0,29.99999999999999,-51.75,-2.987141537818687e-23,nan,33.480000000000004
,0.0,55.0,-46.0,-1.5707963267948963,NO_PATH,7.60746793e-19,0.0,29.99999999999999,-51.75,-2.987141537818687e-23,nan,33.5
,0.0,55.0,-46.0,-1.5707963267948963,NO_PATH,1.56196539e-19,0.0,29.99999999999999,-51.75,-2.987141537818687e-23,nan,33.52
,0.0,55.0,-46.0,-1.5707963267948963,NO_PATH,7.96376497e-19,0.0,29.99999999999999,-51.75,-2.987141537818687e-23,nan,33.54
,0.0,55.0,-46.0,-1.5707963267948963,NO_PATH,2.1136764e-21,0.0,29.99999999999999,-51.75,-2.987141537818687e-23,nan,33.56
,0.0,55.0,-46.0,-1.5707963267948963,NO_PATH,2.93983244e-19,0.0,29.99999999999999,-51.75,-2.987141537818687e-23,nan,33.580000000000005
,0.0,55.0,-46.0,-1.5707963267948963,NO_PATH,4.31287743e-19,0.0,29.99999999999999,-51.75,-2.987141537818687e-23,nan,33.6
,0.0,55.0,-46.0,-1.5707963267948963,NO_PATH,-1.54470267e-20,0.0,29.99999999999999,-51.75,-2.987141537818687e-23,nan,33.620000000000005
,0.0,55.0,-46.0,-1.5707963267948963,NO_PATH,4.15462167e-19,0.0,29.99999999999999,-51.75,-2.987141537818687e-23,nan,33.64
,0.0,55.0,-46.0,-1.5707963267948963,NO_PATH,4.15462167e-19,0.0,29.99999999999999,-51.75,-2.987141537818687e-23,nan,33.660000000000004
,0.0,55.0,-46.0,-1.5707963267948963,NO_PATH,-1.81903667e-19,0.0,29.99999999999999,-51.75,-2.987141537818687e-23,nan,33.681000000000004
,0.0,55.0,-46.0,-1.5707963267948963,NO_PATH,-3.94218536e-19,0.0,29.99999999999999,-51.75,-2.987141537818687e-23,nan,33.701
,0.0,55.0,-46.0,-1.5707963267948963,NO_PATH,-3.94218536e-19,0.0,29.99999999999999,-51.75,-2.987141537818687e-23,nan,33.72
,0.0,55.0,-46.0,-1.5707963267948963,NO_PATH,1.0896962e-18,0.0,29.99999999999999,-51.75,-2.987141537818687e-23,nan,33.74
,0.0,55.0,-46.0,-1.5707963267948963,NO_PATH,5.7353893e-19,0.0,29.99999999999999,-51.75,-2.987141537818687e-23,nan,33.760000000000005
,0.0,55.0,-46.0,-1.5707963267948963,NO_PATH,1.22729745e-18,0.0,29.99999999999999,-51.75,-2.987141537818687e-23,nan,33.78
,0.0,55.0,-46.0,-1.5707963267948963,NO_PATH,1.22729745e-18,0.0,29.99999999999999,-51.75,-2.987141537818687e-23,nan,33.800000000000004
,0.0,55.0,-46.0,-1.5707963267948963,NO_PATH,2.72577508e-19,0.0,29.99999999999999,-51.75,-2.987141537818687e-23,nan,33.82
,0.0,55.0,-46.0,-1.5707963267948963,NO_PATH,3.42585156e-19,0.0,29.99999999999999,-51.75,-2.987141537818687e-23,nan,33.84
,0.0,55.0,-46.0,-1.5707963267948963,NO_PATH,6.28890046e-19,0.0,29.99999999999999,-51.75,-2.987141537818687e-23,nan,33.86
,0.0,55.0,-46.0,-1.5707963267948963,NO_PATH,6.28890046e-19,0.0,29.99999999999999,-51.75,-2.987141537818687e-23,nan,33.88
,0.0,55.0,-46.0,-1.5707963267948963,NO_PATH,8.00300557e-19,0.0,29.99999999999999,-51.75,-2.987141537818687e-23,nan,33.9
,0.0,55.0,-46.0,-1.5707963267948963,NO_PATH,8.00300557e-19,0.0,29.99999999999999,-51.75,-2.987141537818687e-23,nan,33.92
,0.0,55.0,-46.0,-1.5707963267948963,NO_PATH,1.01632076e-18,0.0,29.99999999999999,-51.75,-2.987141537818687e-23,nan,33.940000000000005
,0.0,55.0,-46.0,-1.5707963267948963,NO_PATH,4.34461407e-19,0.0,29.99999999999999,-51.75,-2.987141537818687e-23,nan,33.96
,0.0,55.0,-46.0,-1.5707963267948963,NO_PATH,5.44102324e-19,0.0,29.99999999999999,-51.75,-2.987141537818687e-23,nan,33.980000000000004
,0.0,55.0,-46.0,-1.5707963267948963,NO_PATH,1.15978774e-18,0.0,29.99999999999999,-51.75,-2.987141537818687e-23,nan,34.0
,0.0,55.0,-46.0,-1.5707963267948963,NO_PATH,7.93776627e-20,0.0,29.99999999999999,-51.75,-2.987141537818687e-23,nan,34.02
,0.0,55.0,-46.0,-1.5707963267948963,NO_PATH,7.93776627e-20,0.0,29.99999999999999,-51.75,-2.987141537818687e-23,nan,34.04
,0.0,55.0,-46.0,-1.5707963267948963,NO_PATH,7.14911028e-19,0.0,29.99999999999999,-51.75,-2.987141537818687e-23,nan,34.06
,0.0,55.0,-46.0,-1.5707963267948963,NO_PATH,7.51220791e-19,0.0,29.99999999999999,-51.75,-2.987141537818687e-23,nan,34.080000000000005
,0.0,55.0,-46.0,-1.5707963267948963,NO_PATH,5.15954915e-19,0.0,29.99999999999999,-51.75,-2.987141537818687e-23,nan,34.1
,0.0,55.0,-46.0,-1.5707963267948963,NO_PATH,5.15954915e-19,0.0,29.99999999999999,-51.75,-2.987141537818687e-23,nan,34.121
,0.0,55.0,-46.0,-1.5707963267948963,NO_PATH,6.85714493e-19,0.0,29.99999999999999,-51.75,-2.987141537818687e-23,nan,34.14
,0.0,55.0,-46.0,-1.5707963267948963,NO_PATH,3.19104613e-19,0.0,29.99999999999999,-51.75,-2.987141537818687e-23,nan,34.160000000000004
,0.0,55.0,-46.0,-1.5707963267948963,NO_PATH,6.9457149e-19,0.0,29.99999999999999,-51.75,-2.987141537818687e-23,nan,34.18
,0.0,55.0,-46.0,-1.5707963267948963,NO_PATH,7.61187442e-19,0.0,29.99999999999999,-51.75,-2.987141537818687e-23,nan,34.2
,0.0,55.0,-46.0,-1.5707963267948963,NO_PATH,7.61187442e-19,0.0,29.99999999999999,-51.75,-2.987141537818687e-23,nan,34.22
,0.0,55.0,-46.0,-1.5707963267948963,NO_PATH,9.56866135e-20,0.0,29.99999999999999,-51.75,-2.987141537818687e-23,nan,34.24
,0.0,55.0,-46.0,-1.5707963267948963,NO_PATH,8.64182033e-19,0.0,29.99999999999999,-51.75,-2.987141537818687e-23,nan,34.260000000000005
,0.0,55.0,-46.0,-1.5707963267948963,NO_PATH,5.22989926e-19,0.0,29.99999999999999,-51.75,-2.987141537818687e-23,nan,34.28
,0.0,55.0,-46.0,-1.5707963267948963,NO_PATH,-2.31896979e-20,0.0,29.99999999999999,-51.75,-2.987141537818687e-23,nan,34.300000000000004
,0.0,55.0,-46.0,-1.5707963267948963,NO_PATH,2.58009257e-19,0.0,29.99999999999999,-51.75,-2.987141537818687e-23,nan,34.32
,0.0,55.0,-46.0,-1.5707963267948963,NO_PATH,5.19576197e-20,0.0,29.99999999999999,-51.75,-2.987141537818687e-23,nan,34.341
,0.0,55.0,-46.0,-1.5707963267948963,NO_PATH,4.06557438e-19,0.0,29.99999999999999,-51.75,-2.987141537818687e-23,nan,34.361000000000004
,0.0,55.0,-46.0,-1.5707963267948963,NO_PATH,1.06542467e-19,0.0,29.99999999999999,-51.75,-2.987141537818687e-23,nan,34.38
,0.0,55.0,-46.0,-1.5707963267948963,NO_PATH,1.06542467e-19,0.0,29.99999999999999,-51.75,-2.987141537818687e-23,nan,34.400000000000006
,0.0,55.0,-46.0,-1.5707963267948963,NO_PATH,8.52260607e-19,0.0,29.99999999999999,-51.75,-2.987141537818687e-23,nan,34.421
,0.0,55.0,-46.0,-1.5707963267948963,NO_PATH,8.52260607e-19,0.0,29.99999999999999,-51.75,-2.987141537818687e-23,nan,34.440000000000005
,0.0,55.0,-46.0,-1.5707963267948963,NO_PATH,5.05365374e-19,0.0,29.99999999999999,-51.75,-2.987141537818687e-23,nan,34.46
,0.0,55.0,-46.0,-1.5707963267948963,NO_PATH,6.16332866e-19,0.0,29.99999999999999,-51.75,-2.987141537818687e-23,nan,34.480000000000004
,0.0,55.0,-46.0,-1.5707963267948963,NO_PATH,7.61309896e-19,0.0,29.99999999999999,-51.75,-2.987141537818687e-23,nan,34.501000000000005
,0.0,55.0,-46.0,-1.5707963267948963,NO_PATH,2.68385731e-19,0.0,29.99999999999999,-51.75,-2.987141537818687e-23,nan,34.52
,0.0,55.0,-46.0,-1.5707963267948963,NO_PATH,2.68385731e-19,0.0,29.99999999999999,-51.75,-2.987141537818687e-23,nan,34.54
,0.0,55.0,-46.0,-1.5707963267948963,NO_PATH,3.56672224e-19,0.0,29.99999999999999,-51.75,-2.987141537818687e-23,nan,34.56
,0.0,55.0,-46.0,-1.5707963267948963,NO_PATH,3.56672224e-19,0.0,29.99999999999999,-51.75,-2.987141537818687e-23,nan,34.580000000000005
,0.0,55.0,-46.0,-1.5707963267948963,NO_PATH,9.56591154e-19,0.0,29.99999999999999,-51.75,-2.987141537818687e-23,nan,34.6
,0.0,55.0,-46.0,-1.5707963267948963,NO_PATH,3.83222591e-19,0.0,29.99999999999999,-51.75,-2.987141537818687e-23,nan,34.620000000000005
,0.0,55.0,-46.0,-1.5707963267948963,NO_PATH,-4.31990646e-20,0.0,29.99999999999999,-51.75,-2.987141537818687e-23,nan,34.64
,0.0,55.0,-46.0,-1.5707963267948963,NO_PATH,-4.31990646e-20,0.0,29.99999999999999,-51.75,-2.987141537818687e-23,nan,34.660000000000004
,0.0,55.0,-46.0,-1.5707963267948963,NO_PATH,1.66396595e-19,0.0,29.99999999999999,-51.75,-2.987141537818687e-23,nan,34.68
,0.0,55.0,-46.0,-1.5707963267948963,NO_PATH,1.66396595e-19,0.0,29.99999999999999,-51.75,-2.987141537818687e-23,nan,34.7
,0.0,55.0,-46.0,-1.5707963267948963,NO_PATH,5.54197224e-19,0.0,29.99999999999999,-51.75,-2.987141537818687e-23,nan,34.72
,0.0,55.0,-46.0,-1.5707963267948963,NO_PATH,2.93778201e-19,0.0,29.99999999999999,-51.75,-2.987141537818687e-23,nan,34.74
,0.0,55.0,-46.0,-1.5707963267948963,NO_PATH,7.68233897e-19,0.0,29.99999999999999,-51.75,-2.987141537818687e-23,nan,34.760000000000005
,0.0,55.0,-46.0,-1.5707963267948963,NO_PATH,6.96785879e-19,0.0,29.99999999999999,-51.75,-2.987141537818687e-23,nan,34.78
,0.0,55.0,-46.0,-1.5707963267948963,NO_PATH,6.63341709e-20,0.0,29.99999999999999,-51.75,-2.987141537818687e-23,nan,34.801
,0.0,55.0,-46.0,-1.5707963267948963,NO_PATH,6.63341709e-20,0.0,29.99999999999999,-51.75,-2.987141537818687e-23,nan,34.82
,0.0,55.0,-46.0,-1.5707963267948963,NO_PATH,4.65241085e-19,0.0,29.99999999999999,-51.75,-2.987141537818687e-23,nan,34.841
,0.0,55.0,-46.0,-1.5707963267948963,NO_PATH,4.65241085e-19,0.0,29.99999999999999,-51.75,-2.987141537818687e-23,nan,34.86
,0.0,55.0,-46.0,-1.5707963267948963,NO_PATH,3.26127289e-19,0.0,29.99999999999999,-51.75,-2.987141537818687e-23,nan,34.88
,0.0,55.0,-46.0,-1.5707963267948963,NO_PATH,5.92284349e-19,0.0,29.99999999999999,-51.75,-2.987141537818687e-23,nan,34.900000000000006
,0.0,55.0,-46.0,-1.5707963267948963,NO_PATH,8.42591471e-19,0.0,29.99999999999999,-51.75,-2.987141537818687e-23,nan,34.92
,0.0,55.0,-46.0,-1.5707963267948963,NO_PATH,7.51299723e-19,0.0,29.99999999999999,-51.75,-2.987141537818687e-23,nan,34.940000000000005
,0.0,55.0,-46.0,-1.5707963267948963,NO_PATH,3.53953327e-19,0.0,29.99999999999999,-51.75,-2.987141537818687e-23,nan,34.96
,0.0,55.0,-46.0,-1.5707963267948963,NO_PATH,5.59905462e-19,0.0,29.99999999999999,-51.75,-2.987141537818687e-23,nan,34.980000000000004
,0.0,55.0,-46.0,-1.5707963267948963,NO_PATH,3.8356911e-19,0.0,29.99999999999999,-51.75,-2.987141537818687e-23,nan,35.0
,0.0,55.0,-46.0,-1.5707963267948963,NO_PATH,3.8356911e-19,0.0,29.99999999999999,-51.75,-2.987141537818687e-23,nan,35.02
,0.0,55.0,-46.0,-1.5707963267948963,NO_PATH,1.58887124e-19,0.0,29.99999999999999,-51.75,-2.987141537818687e-23,nan,35.04
,0.0,55.0,-46.0,-1.5707963267948963,NO_PATH,1.58887124e-19,0.0,29.99999999999999,-51.75,-2.987141537818687e-23,nan,35.06
,0.0,55.0,-46.0,-1.5707963267948963,NO_PATH,9.30739128e-20,0.0,29.99999999999999,-51.75,-2.987141537818687e-23,nan,35.080000000000005
,0.0,55.0,-46.0,-1.5707963267948963,NO_PATH,9.30739128e-20,0.0,29.99999999999999,-51.75,-2.987141537818687e-23,nan,35.1
,0.0,55.0,-46.0,-1.5707963267948963,NO_PATH,-7.21685107e-20,0.0,29.99999999999999,-51.75,-2.987141537818687e-23,nan,35.120000000000005
,0.0,55.0,-46.0,-1.5707963267948963,NO_PATH,4.26424522e-19,0.0,29.99999999999999,-51.75,-2.987141537818687e-23,nan,35.14
,0.0,55.0,-46.0,-1.5707963267948963,NO_PATH,8.96549516e-19,0.0,29.99999999999999,-51.75,-2.987141537818687e-23,nan,35.160000000000004
,0.0,55.0,-46.0,-1.5707963267948963,NO_PATH,6.71219435e-19,0.0,29.99999999999999,-51.75,-2.987141537818687e-23,nan,35.18
,0.0,55.0,-46.0,-1.5707963267948963,NO_PATH,2.83621193e-19,0.0,29.99999999999999,-51.75,-2.987141537818687e-23,nan,35.2
,0.0,55.0,-46.0,-1.5707963267948963,NO_PATH,2.09965118e-19,0.0,29.99999999999999,-51.75,-2.987141537818687e-23,nan,35.22
,0.0,55.0,-46.0,-1.5707963267948963,NO_PATH,2.09965118e-19,0.0,29.99999999999999,-51.75,-2.987141537818687e-23,nan,35.24
,0.0,55.0,-46.0,-1.5707963267948963,NO_PATH,4.35194263e-19,0.0,29.99999999999999,-51.75,-2.987141537818687e-23,nan,35.260000000000005
,0.0,55.0,-46.0,-1.5707963267948963,NO_PATH,4.35194263e-19,0.0,29.99999999999999,-51.75,-2.987141537818687e-23,nan,35.28
,0.0,55.0,-46.0,-1.5707963267948963,NO_PATH,5.35663071e-19,0.0,29.99999999999999,-51.75,-2.987141537818687e-23,nan,35.300000000000004
,0.0,55.0,-46.0,-1.5707963267948963,NO_PATH,3.4647316e-19,0.0,29.99999999999999,-51.75,-2.987141537818687e-23,nan,35.32
,0.0,55.0,-46.0,-1.5707963267948963,NO_PATH,2.43227652e-19,0.0,29.99999999999999,-51.75,-2.987141537818687e-23,nan,35.34
,0.0,55.0,-46.0,-1.5707963267948963,NO_PATH,9.4935274e-19,0.0,29.99999999999999,-51.75,-2.987141537818687e-23,nan,35.36
,0.0,55.0,-46.0,-1.5707963267948963,NO_PATH,3.67377461e-19,0.0,29.99999999999999,-51.75,-2.987141537818687e-23,nan,35.38
,0.0,55.0,-46.0,-1.5707963267948963,NO_PATH,1.25008027e-18,0.0,29.99999999999999,-51.75,-2.987141537818687e-23,nan,35.400000000000006
,0.0,55.0,-46.0,-1.5707963267948963,NO_PATH,-3.26405525e-20,0.0,29.99999999999999,-51.75,-2.987141537818687e-23,nan,35.42
,0.0,55.0,-46.0,-1.5707963267948963,NO_PATH,-3.26405525e-20,0.0,29.99999999999999,-51.75,-2.987141537818687e-23,nan,35.440000000000005
,0.0,55.0,-46.0,-1.5707963267948963,NO_PATH,1.05895078e-18,0.0,29.99999999999999,-51.75,-2.987141537818687e-23,nan,35.46
,0.0,55.0,-46.0,-1.5707963267948963,NO_PATH,6.35249885e-20,0.0,29.99999999999999,-51.75,-2.987141537818687e-23,nan,35.481
,0.0,55.0,-46.0,-1.5707963267948963,NO_PATH,6.35249885e-20,0.0,29.99999999999999,-51.75,-2.987141537818687e-23,nan,35.5
,0.0,55.0,-46.0,-1.5707963267948963,NO_PATH,5.07796991e-19,0.0,29.99999999999999,-51.75,-2.987141537818687e-23,nan,35.523
,0.0,55.0,-46.0,-1.5707963267948963,NO_PATH,3.70138996e-19,0.0,29.99999999999999,-51.75,-2.987141537818687e-23,nan,35.54
,0.0,55.0,-46.0,-1.5707963267948963,NO_PATH,3.70138996e-19,0.0,29.99999999999999,-51.75,-2.987141537818687e-23,nan,35.56
,0.0,55.0,-46.0,-1.5707963267948963,NO_PATH,1.09733763e-18,0.0,29.99999999999999,-51.75,-2.987141537818687e-23,nan,35.580000000000005
,0.0,55.0,-46.0,-1.5707963267948963,NO_PATH,3.61229671e-19,0.0,29.99999999999999,-51.75,-2.987141537818687e-23,nan,35.6
,0.0,55.0,-46.0,-1.5707963267948963,NO_PATH,9.79882188e-19,0.0,29.99999999999999,-51.75,-2.987141537818687e-23,nan,35.620000000000005
,0.0,55.0,-46.0,-1.5707963267948963,NO_PATH,9.79882188e-19,0.0,29.99999999999999,-51.75,-2.987141537818687e-23,nan,35.64
,0.0,55.0,-46.0,-1.5707963267948963,NO_PATH,2.6145511e-19,0.0,29.99999999999999,-51.75,-2.987141537818687e-23,nan,35.660000000000004
,0.0,55.0,-46.0,-1.5707963267948963,NO_PATH,9.21541062e-19,0.0,29.99999999999999,-51.75,-2.987141537818687e-23,nan,35.68
,0.0,55.0,-46.0,-1.5707963267948963,NO_PATH,-2.52712609e-19,0.0,29.99999999999999,-51.75,-2.987141537818687e-23,nan,35.7
,0.0,55.0,-46.0,-1.5707963267948963,NO_PATH,3.56789634e-19,0.0,29.99999999999999,-51.75,-2.987141537818687e-23,nan,35.72
,0.0,55.0,-46.0,-1.5707963267948963,NO_PATH,3.56789634e-19,0.0,29.99999999999999,-51.75,-2.987141537818687e-23,nan,35.74
,0.0,55.0,-46.0,-1.5707963267948963,NO_PATH,-3.14699477e-20,0.0,29.99999999999999,-51.75,-2.987141537818687e-23,nan,35.760000000000005
,0.0,55.0,-46.0,-1.5707963267948963,NO_PATH,-3.14699477e-20,0.0,29.99999999999999,-51.75,-2.987141537818687e-23,nan,35.78
,0.0,55.0,-46.0,-1.5707963267948963,NO_PATH,-1.61384781e-19,0.0,29.99999999999999,-51.75,-2.987141537818687e-23,nan,35.800000000000004
,0.0,55.0,-46.0,-1.5707963267948963,NO_PATH,-2.33624371e-19,0.0,29.99999999999999,-51.75,-2.987141537818687e-23,nan,35.82
,0.0,55.0,-46.0,-1.5707963267948963,NO_PATH,5.80153262e-19,0.0,29.99999999999999,-51.75,-2.987141537818687e-23,nan,35.84
,0.0,55.0,-46.0,-1.5707963267948963,NO_PATH,2.48676681e-19,0.0,29.99999999999999,-51.75,-2.987141537818687e-23,nan,35.861000000000004
,0.0,55.0,-46.0,-1.5707963267948963,NO_PATH,7.59997629e-19,0.0,29.99999999999999,-51.75,-2.987141537818687e-23,nan,35.88
,0.0,55.0,-46.0,-1.5707963267948963,NO_PATH,7.59997629e-19,0.0,29.99999999999999,-51.75,-2.987141537818687e-23,nan,35.900000000000006
,0.0,55.0,-46.0,-1.5707963267948963,NO_PATH,5.93216656e-19,0.0,29.99999999999999,-51.75,-2.987141537818687e-23,nan,35.92
,0.0,55.0,-46.0,-1.5707963267948963,NO_PATH,1.32102357e-18,0.0,29.99999999999999,-51.75,-2.987141537818687e-23,nan,35.940000000000005
,0.0,55.0,-46.0,-1.5707963267948963,NO_PATH,2.48720438e-19,0.0,29.99999999999999,-51.75,-2.987141537818687e-23,nan,35.96
,0.0,55.0,-46.0,-1.5707963267948963,NO_PATH,3.36199965e-19,0.0,29.99999999999999,-51.75,-2.987141537818687e-23,nan,35.980000000000004
,0.0,55.0,-46.0,-1.5707963267948963,NO_PATH,2.93403404e-19,0.0,29.99999999999999,-51.75,-2.987141537818687e-23,nan,36.0
,0.0,55.0,-46.0,-1.5707963267948963,NO_PATH,2.84412002e-19,0.0,29.99999999999999,-51.75,-2.987141537818687e-23,nan,36.02
,0.0,55.0,-46.0,-1.5707963267948963,NO_PATH,7.57098417e-19,0.0,29.99999999999999,-51.75,-2.987141537818687e-23,nan,36.04
,0.0,55.0,-46.0,-1.5707963267948963,NO_PATH,7.57098417e-19,0.0,29.99999999999999,-51.75,-2.987141537818687e-23,nan,36.06
,0.0,55.0,-46.0,-1.5707963267948963,NO_PATH,9.40169735e-19,0.0,29.99999999999999,-51.75,-2.987141537818687e-23,nan,36.080000000000005
,0.0,55.0,-46.0,-1.5707963267948963,NO_PATH,4.60566014e-19,0.0,29.99999999999999,-51.75,-2.987141537818687e-23,nan,36.1
,0.0,55.0,-46.0,-1.5707963267948963,NO_PATH,6.21362889e-19,0.0,29.99999999999999,-51.75,-2.987141537818687e-23,nan,36.120000000000005
,0.0,55.0,-46.0,-1.5707963267948963,NO_PATH,6.21362889e-19,0.0,29.99999999999999,-51.75,-2.987141537818687e-23,nan,36.14
,0.0,55.0,-46.0,-1.5707963267948963,NO_PATH,2.98926373e-19,0.0,29.99999999999999,-51.75,-2.987141537818687e-23,nan,36.160000000000004
,0.0,55.0,-46.0,-1.5707963267948963,NO_PATH,2.98926373e-19,0.0,29.99999999999999,-51.75,-2.987141537818687e-23,nan,36.18
,0.0,55.0,-46.0,-1.5707963267948963,NO_PATH,8.82018763e-19,0.0,29.99999999999999,-51.75,-2.987141537818687e-23,nan,36.2
,0.0,55.0,-46.0,-1.5707963267948963,NO_PATH,2.05831035e-19,0.0,29.99999999999999,-51.75,-2.987141537818687e-23,nan,36.22
,0.0,55.0,-46.0,-1.5707963267948963,NO_PATH,2.05831035e-19,0.0,29.99999999999999,-51.75,-2.987141537818687e-23,nan,36.24
,0.0,55.0,-46.0,-1.5707963267948963,NO_PATH,7.82540215e-19,0.0,29.99999999999999,-51.75,-2.987141537818687e-23,nan,36.260000000000005
,0.0,55.0,-46.0,-1.5707963267948963,NO_PATH,7.82540215e-19,0.0,29.99999999999999,-51.75,-2.987141537818687e-23,nan,36.28
,0.0,55.0,-46.0,-1.5707963267948963,NO_PATH,8.5067295e-19,0.0,29.99999999999999,-51.75,-2.987141537818687e-23,nan,36.301
,0.0,55.0,-46.0,-1.5707963267948963,NO_PATH,8.5067295e-19,0.0,29.99999999999999,-51.75,-2.987141537818687e-23,nan,36.32
,0.0,55.0,-46.0,-1.5707963267948963,NO_PATH,1.10833146e-18,0.0,29.99999999999999,-51.75,-2.987141537818687e-23,nan,36.34
,0.0,55.0,-46.0,-1.5707963267948963,NO_PATH,6.39150394e-19,0.0,29.99999999999999,-51.75,-2.987141537818687e-23,nan,36.36
,0.0,55.0,-46.0,-1.5707963267948963,NO_PATH,6.39150394e-19,0.0,29.99999999999999,-51.75,-2.987141537818687e-23,nan,36.38
,0.0,55.0,-46.0,-1.5707963267948963,NO_PATH,6.26095558e-19,0.0,29.99999999999999,-51.75,-2.987141537818687e-23,nan,36.401
,0.0,55.0,-46.0,-1.5707963267948963,NO_PATH,6.26095558e-19,0.0,29.99999999999999,-51.75,-2.987141537818687e-23,nan,36.42
,0.0,55.0,-46.0,-1.5707963267948963,NO_PATH,4.60458192e-19,0.0,29.99999999999999,-51.75,-2.987141537818687e-23,nan,36.440000000000005
,0.0,55.0,-46.0,-1.5707963267948963,NO_PATH,1.55061682e-19,0.0,29.99999999999999,-51.75,-2.987141537818687e-23,nan,36.46
,0.0,55.0,-46.0,-1.5707963267948963,NO_PATH,1.55061682e-19,0.0,29.99999999999999,-51.75,-2.987141537818687e-23,nan,36.480000000000004
,0.0,55.0,-46.0,-1.5707963267948963,NO_PATH,8.45359172e-19,0.0,29.99999999999999,-51.75,-2.987141537818687e-23,nan,36.501000000000005
,0.0,55.0,-46.0,-1.5707963267948963,NO_PATH,8.45359172e-19,0.0,29.99999999999999,-51.75,-2.987141537818687e-23,nan,36.52
,0.0,55.0,-46.0,-1.5707963267948963,NO_PATH,1.36698373e-19,0.0,29.99999999999999,-51.75,-2.987141537818687e-23,nan,36.54
,0.0,55.0,-46.0,-1.5707963267948963,NO_PATH,4.79230946e-19,0.0,29.99999999999999,-51.75,-2.987141537818687e-23,nan,36.56
,0.0,55.0,-46.0,-1.5707963267948963,NO_PATH,-6.16596041e-19,0.0,29.99999999999999,-51.75,-2.987141537818687e-23,nan,36.580000000000005
,0.0,55.0,-46.0,-1.5707963267948963,NO_PATH,-6.16596041e-19,0.0,29.99999999999999,-51.75,-2.987141537818687e-23,nan,36.6
,0.0,55.0,-46.0,-1.5707963267948963,NO_PATH,4.27166093e-19,0.0,29.99999999999999,-51.75,-2.987141537818687e-23,nan,36.620000000000005
,0.0,55.0,-46.0,-1.5707963267948963,NO_PATH,4.03988589e-19,0.0,29.99999999999999,-51.75,-2.987141537818687e-23,nan,36.64
,0.0,55.0,-46.0,-1.5707963267948963,NO_PATH,7.35236975e-19,0.0,29.99999999999999,-51.75,-2.987141537818687e-23,nan,36.660000000000004
,0.0,55.0,-46.0,-1.5707963267948963,NO_PATH,7.35236975e-19,0.0,29.99999999999999,-51.75,-2.987141537818687e-23,nan,36.68
,0.0,55.0,-46.0,-1.5707963267948963,NO_PATH,6.40983146e-19,0.0,29.99999999999999,-51.75,-2.987141537818687e-23,nan,36.7
,0.0,55.0,-46.0,-1.5707963267948963,NO_PATH,1.14093718e-18,0.0,29.99999999999999,-51.75,-2.987141537818687e-23,nan,36.72
,0.0,55.0,-46.0,-1.5707963267948963,NO_PATH,1.14093718e-18,0.0,29.99999999999999,-51.75,-2.987141537818687e-23,nan,36.74
,0.0,55.0,-46.0,-1.5707963267948963,NO_PATH,4.57728429e-19,0.0,29.99999999999999,-51.75,-2.987141537818687e-23,nan,36.760000000000005
,0.0,55.0,-46.0,-1.5707963267948963,NO_PATH,7.86497531e-19,0.0,29.99999999999999,-51.75,-2.987141537818687e-23,nan,36.78
,0.0,55.0,-46.0,-1.5707963267948963,NO_PATH,7.86497531e-19,0.0,29.99999999999999,-51.75,-2.987141537818687e-23,nan,36.800000000000004
,0.0,55.0,-46.0,-1.5707963267948963,NO_PATH,5.64625656e-19,0.0,29.99999999999999,-51.75,-2.987141537818687e-23,nan,36.82
,0.0,55.0,-46.0,-1.5707963267948963,NO_PATH,5.64625656e-19,0.0,29.99999999999999,-51.75,-2.987141537818687e-23,nan,36.84
,0.0,55.0,-46.0,-1.5707963267948963,NO_PATH,9.20441479e-19,0.0,29.99999999999999,-51.75,-2.987141537818687e-23,nan,36.86
,0.0,55.0,-46.0,-1.5707963267948963,NO_PATH,9.20441479e-19,0.0,29.99999999999999,-51.75,-2.987141537818687e-23,nan,36.88
,0.0,55.0,-46.0,-1.5707963267948963,NO_PATH,9.53698462e-19,0.0,29.99999999999999,-51.75,-2.987141537818687e-23,nan,36.900000000000006
,0.0,55.0,-46.0,-1.5707963267948963,NO_PATH,7.41757793e-19,0.0,29.99999999999999,-51.75,-2.987141537818687e-23,nan,36.92
,0.0,55.0,-46.0,-1.5707963267948963,NO_PATH,-4.62936196e-19,0.0,29.99999999999999,-51.75,-2.987141537818687e-23,nan,36.940000000000005
,0.0,55.0,-46.0,-1.5707963267948963,NO_PATH,2.57405641e-19,0.0,29.99999999999999,-51.75,-2.987141537818687e-23,nan,36.96
,0.0,55.0,-46.0,-1.5707963267948963,NO_PATH,2.57405641e-19,0.0,29.99999999999999,-51.75,-2.987141537818687e-23,nan,36.980000000000004
,0.0,55.0,-46.0,-1.5707963267948963,NO_PATH,4.7719169e-19,0.0,29.99999999999999,-51.75,-2.987141537818687e-23,nan,37.001000000000005
,0.0,55.0,-46.0,-1.5707963267948963,NO_PATH,3.96918548e-19,0.0,29.99999999999999,-51.75,-2.987141537818687e-23,nan,37.021
,0.0,55.0,-46.0,-1.5707963267948963,NO_PATH,6.65930807e-19,0.0,29.99999999999999,-51.75,-2.987141537818687e-23,nan,37.04
,0.0,55.0,-46.0,-1.5707963267948963,NO_PATH,1.3273205e-18,0.0,29.99999999999999,-51.75,-2.987141537818687e-23,nan,37.06
,0.0,55.0,-46.0,-1.5707963267948963,NO_PATH,1.3273205e-18,0.0,29.99999999999999,-51.75,-2.987141537818687e-23,nan,37.080000000000005
,0.0,55.0,-46.0,-1.5707963267948963,NO_PATH,9.54679592e-19,0.0,29.99999999999999,-51.75,-2.987141537818687e-23,nan,37.1
CRUISE,0.0,55.0,-46.0,-1.5707963267948963,NO_PATH,2.75516948e-19,0.0,29.99999999999999,-51.75,-2.987141537818687e-23,nan,37.120000000000005
CRUISE,0.0,55.0,-46.0,-1.5707963267948963,TRACKING,7.63906126e-19,0.0,29.99999999999999,-51.75,-2.987141537818687e-23,nan,37.14
CRUISE,0.0,55.0,-46.0,-1.5707963267948963,TRACKING,1.08917551e-18,0.021749236156054508,30.000284985487344,-51.75,2.2897131817658934e-13,nan,37.160000000000004
CRUISE,0.0,55.0,-46.0,-1.5707963267948963,TRACKING,3.79634969e-19,0.05174923615562932,30.001169970210466,-51.75,1.1082633100127285e-12,nan,37.18
CRUISE,0.0,55.0,-46.0,-1.5707963267948963,TRACKING,0.0584999998,0.08174923615626994,30.00265495493359,-51.75,2.583694553596665e-12,nan,37.2
CRUISE,0.0,55.0,-46.0,-1.5707963267948963,TRACKING,0.0884999998,0.11174923615620003,30.00473993965671,-51.75,4.655264251120508e-12,nan,37.221000000000004
CRUISE,0.0,55.0,-46.0,-1.5707963267948963,TRACKING,0.0884999998,0.14174923615577484,30.00742492437983,-51.75,7.322972428346003e-12,nan,37.24
CRUISE,0.0,55.0,-46.0,-1.5707963267948963,TRACKING,0.1185,0.17174923615641546,30.010709909102957,-51.75,1.0586820461336546e-11,nan,37.260000000000005
CRUISE,0.0,55.0,-46.0,-1.5707963267948963,TRACKING,0.1785,0.20174923615634555,30.014594893826075,-51.74999999999987,1.4446812243922391e-11,nan,37.28
CRUISE,0.0,55.0,-46.0,-1.5707963267948963,TRACKING,0.2085,0.23174923615556509,30.019079878549192,-51.74999999999973,1.8902956576721362e-11,nan,37.301
CRUISE,0.0,55.0,-46.0,-1.5707963267948963,TRACKING,0.2085,0.2617492361562057,30.02416486327232,-51.74999999999959,2.3955266094996896e-11,nan,37.32
CRUISE,0.0,55.0,-46.0,-1.5707963267948963,TRACKING,0.2685,0.29174923615649107,30.02984984799544,-51.74999999999941,2.9603760735893987e-11,nan,37.34
CRUISE,0.0,55.0,-46.0,-1.5707963267948963,TRACKING,0.2985,0.3217492361557106,30.03613483271856,-51.749999999999126,3.584846960404035e-11,nan,37.361000000000004
CRUISE,0.0,55.0,-46.0,-1.5707963267948963,TRACKING,0.3285,0.35174923615599596,30.043019817441685,-51.74999999999882,4.268943185101999e-11,nan,37.38
CRUISE,0.0,55.0,-46.0,-1.5707963267948963,TRACKING,0.3285,0.3817492361566366,30.050504802164806,-51.749999999998394,5.012669886787677e-11,nan,37.400000000000006
CRUISE,0.0,55.0,-46.0,-1.5707963267948963,TRACKING,0.3585,0.4102492361557353,30.05856128765177,-51.74999999999789,5.81320208392421e-11,nan,37.42
CRUISE,0.0,55.0,-46.0,-1.5707963267948963,TRACKING,0.3885,0.44024923615602063,30.067216272374896,-51.749999999997286,6.673230624292269e-11,nan,37.440000000000005
CRUISE,0.0,55.0,-46.0,-1.5707963267948963,TRACKING,0.447,0.470249236156306,30.076471257098017,-51.749999999996554,7.592915282405753e-11,nan,37.46
CRUISE,0.0,55.0,-46.0,-1.5707963267948963,TRACKING,0.477,0.5002492361558808,30.086326241821133,-51.74999999999567,8.572268764480738e-11,nan,37.481
CRUISE,0.0,55.0,-46.0,-1.5707963267948963,TRACKING,0.477,0.5302492361561661,30.09678122654426,-51.749999999994635,9.611306519560621e-11,nan,37.5
CRUISE,0.0,55.0,-46.0,-1.5707963267948963,TRACKING,0.537,0.5602492361564515,30.107836211267383,-51.74999999999343,1.0710046893097778e-10,nan,37.52
CRUISE,0.0,55.0,-46.0,-1.5707963267948963,TRACKING,0.567,0.5902492361560263,30.119491195990502,-51.74999999999202,1.1868511435199796e-10,nan,37.54
CRUISE,0.0,55.0,-46.0,-1.5707963267948963,TRACKING,0.597,0.6202492361556011,30.131746180713623,-51.74999999999039,1.3086725154888666e-10,nan,37.56
CRUISE,0.0,55.0,-46.0,-1.5707963267948963,TRACKING,0.597,0.650249236156597,30.14460116543675,-51.74999999998853,1.4364716930697392e-10,nan,37.580000000000005
CRUISE,0.0,55.0,-46.0,-1.5707963267948963,TRACKING,0.627,0.6802492361561718,30.15805615015987,-51.749999999986414,1.5702520191967886e-10,nan,37.601
CRUISE,0.0,55.0,-46.0,-1.5707963267948963,TRACKING,0.657,0.7102492361557466,30.17211113488299,-51.749999999984006,1.710017240687265e-10,nan,37.620000000000005
CRUISE,0.0,55.0,-46.0,-1.5707963267948963,TRACKING,0.717,0.7402492361563873,30.186766119606116,-51.7499999999813,1.8557715170637531e-10,nan,37.64
CRUISE,0.0,55.0,-46.0,-1.5707963267948963,TRACKING,0.747,0.7702492361563174,30.202021104329237,-51.74999999997824,2.0075196311892053e-10,nan,37.660000000000004
CRUISE,0.0,55.0,-46.0,-1.5707963267948963,TRACKING,0.747,0.8002492361555369,30.217876089052353,-51.74999999997483,2.1652667766464695e-10,nan,37.68
CRUISE,0.0,55.0,-46.0,-1.5707963267948963,TRACKING,0.807,0.8302492361561775,30.23433107377548,-51.749999999971024,2.329018637168426e-10,nan,37.7
CRUISE,0.0,55.0,-46.0,-1.5707963267948963,TRACKING,0.837,0.8602492361564629,30.2513860584986,-51.74999999996681,2.4987815525923656e-10,nan,37.72
CRUISE,0.0,55.0,-46.0,-1.5707963267948963,TRACKING,0.837,0.8902492361556824,30.26904104322172,-51.74999999996215,2.674562280561676e-10,nan,37.74
CRUISE,0.0,55.0,-46.0,-1.5707963267948963,TRACKING,0.897,0.920249236156323,30.287296027944848,-51.749999999957005,2.8563681585311214e-10,nan,37.760000000000005
CRUISE,0.0,55.0,-46.0,-1.5707963267948963,TRACKING,0.897,0.9502492361566084,30.30615101266797,-51.749999999951356,3.044206942999982e-10,nan,37.78
CRUISE,0.0,55.0,-46.0,-1.5707963267948963,TRACKING,0.927,0.9802492361554727,30.325605997391083,-51.749999999945175,3.238086980813859e-10,nan,37.800000000000004
CRUISE,0.0,55.0,-46.0,-1.5707963267948963,TRACKING,0.957,1.0102492361561133,30.34566098211421,-51.7499999999384,3.438016958825709e-10,nan,37.82
CRUISE,0.0,55.0,-46.0,-1.5707963267948963,TRACKING,1.017,1.0402492361563986,30.36631596683733,-51.74999999993103,3.6440060054842254e-10,nan,37.841
CRUISE,0.0,55.0,-46.0,-1.5707963267948963,TRACKING,1.047,1.0702492361556182,30.38757095156045,-51.749999999923006,3.8560635615720243e-10,nan,37.861000000000004
CRUISE,0.0,55.0,-46.0,-1.5707963267948963,TRACKING,1.077,1.1002492361559035,30.409425936283572,-51.7499999999143,4.0741992902527846e-10,nan,37.88
CRUISE,0.0,55.0,-46.0,-1.5707963267948963,TRACKING,1.107,1.1302492361565442,30.431880921006695,-51.74999999990487,4.2984228977223505e-10,nan,37.900000000000006
CRUISE,0.0,55.0,-46.0,-1.5707963267948963,TRACKING,1.107,1.1602492361557637,30.454935905729815,-51.74999999989468,4.528744212600389e-10,nan,37.92
CRUISE,0.0,55.0,-46.0,-1.5707963267948963,TRACKING,1.137,1.190249236156049,30.478590890452942,-51.74999999988369,4.765172937544682e-10,nan,37.940000000000005
CRUISE,0.0,55.0,-46.0,-1.5707963267948963,TRACKING,1.197,1.2202492361563344,30.502845875176064,-51.749999999871854,5.007718386860826e-10,nan,37.96
CRUISE,0.0,55.0,-46.0,-1.5707963267948963,TRACKING,1.197,1.2502492361559092,30.527700859899184,-51.74999999985913,5.256389612902158e-10,nan,37.980000000000004
CRUISE,0.0,55.0,-46.0,-1.5707963267948963,TRACKING,1.227,1.2802492361561946,30.55315584462231,-51.749999999845464,5.511194883789598e-10,nan,38.0
CRUISE,0.0,55.0,-46.0,-1.5707963267948963,TRACKING,1.257,1.31024923615648,30.579210829345435,-51.749999999830834,5.772141777361946e-10,nan,38.02
CRUISE,0.0,55.0,-46.0,-1.5707963267948963,TRACKING,1.317,1.3402492361560547,30.60586581406855,-51.74999999981518,6.039236750738327e-10,nan,38.04
CRUISE,0.0,55.0,-46.0,-1.5707963267948963,TRACKING,1.317,1.3702492361552743,30.633120798791666,-51.74999999979846,6.312485073694962e-10,nan,38.06
CRUISE,0.0,55.0,-46.0,-1.5707963267948963,TRACKING,1.347,1.4002492361562702,30.66097578351479,-51.74999999978061,6.591890425262877e-10,nan,38.080000000000005
CRUISE,0.0,55.0,-46.0,-1.5707963267948963,TRACKING,1.407,1.4302492361562003,30.68943076823791,-51.749999999761606,6.877454878385935e-10,nan,38.1
CRUISE,1.1264054540494678e-89,55.0,-46.0,-1.5488051782197683,TRACKING,1.407,1.4602492361554198,30.718485752961026,-51.74999999974138,7.169178497025206e-10,nan,38.120000000000005
CRUISE,1.5526774111183226e-86,55.0,-46.0,-1.423141472076179,TRACKING,1.467,1.4902492361564157,30.748140737684153,-51.749999999719876,7.467059100627015e-10,nan,38.14
CRUISE,1.1869425753260943,55.00322289825673,-46.021120455552435,-1.4221738616161483,TRACKING,1.497,1.5202492361563458,30.77839572240727,-51.74999999969705,7.771092218860967e-10,nan,38.160000000000004
CRUISE,1.1869425753260943,55.00322289825673,-46.021120455552435,-1.4221738616161483,TRACKING,1.497,1.5502492361555653,30.809250707130392,-51.74999999967282,8.081270677773822e-10,nan,38.18
CRUISE,1.18694257532629,55.006672168091974,-46.04460734496759,-1.4280800558907587,TRACKING,1.557,1.580249236156206,30.84070569185352,-51.74999999964717,8.39758453342427e-10,nan,38.201
CRUISE,1.1875136167969038,55.009983794660116,-46.06811980440369,-1.4339208392958063,TRACKING,1.587,1.6102492361564913,30.87276067657664,-51.74999999962001,8.720020922706017e-10,nan,38.22
CRUISE,1.1875136167966323,55.013159922297575,-46.09165671340406,-1.43969621183129,TRACKING,1.587,1.6402492361557108,30.90541566129976,-51.749999999591296,9.048564015190714e-10,nan,38.24
CRUISE,1.1891798828671092,55.019113354552275,-46.1388177196358,-1.4508271993220228,TRACKING,1.647,1.6702492361563515,30.93867064602289,-51.749999999560956,9.383194841091242e-10,nan,38.261
CRUISE,1.1891798828671092,55.019113354552275,-46.1388177196358,-1.4508271993220228,TRACKING,1.677,1.7002492361566368,30.97252563074601,-51.74999999952893,9.723891339228873e-10,nan,38.28
CRUISE,1.189179882865433,55.021899507171796,-46.16243753149687,-1.4562028027334717,TRACKING,1.677,1.730249236155501,31.006980615469125,-51.74999999949515,1.0070628754071148e-09,nan,38.300000000000004
CRUISE,1.1913605419998092,55.024563167920796,-46.186095612563804,-1.4612633279093932,TRACKING,1.707,1.7602492361561417,31.042035600192253,-51.74999999945956,1.0423378991424094e-09,nan,38.32
CRUISE,1.1913605419995787,55.02711377786284,-46.20978589067047,-1.466066061801702,TRACKING,1.767,1.7902492361567823,31.077690584915377,-51.74999999942209,1.0782111746026482e-09,nan,38.34
CRUISE,1.1917165470871567,55.02955099852063,-46.23349168139841,-1.4708174372495801,TRACKING,1.767,1.8202492361556466,31.113945569638496,-51.74999999938265,1.1146794360847196e-09,nan,38.36
CRUISE,1.1925472257450944,55.03188133179764,-46.257228491637164,-1.4752777815123457,TRACKING,1.797,1.850249236155932,31.15080055436162,-51.74999999934119,1.1517392148846752e-09,nan,38.38
CRUISE,1.1925472257455916,55.034105767899796,-46.28097545981249,-1.4797381257751119,TRACKING,1.827,1.8802492361565726,31.188255539084743,-51.749999999297636,1.1893869337775084e-09,nan,38.400000000000006
CRUISE,1.1940546797964893,55.03622820057916,-46.3047514396498,-1.483888441630056,TRACKING,1.887,1.9102492361557921,31.22631052380786,-51.74999999925192,1.227618926166061e-09,nan,38.421
CRUISE,1.1940546797971188,55.03825602425428,-46.328546267034426,-1.4878718191115565,TRACKING,1.917,1.9402492361560775,31.264965508530988,-51.74999999920397,1.2664315221121657e-09,nan,38.440000000000005
CRUISE,1.194381293777386,55.040189408927816,-46.352352230985986,-1.491798426878224,TRACKING,1.917,1.970249236156718,31.304220493254114,-51.7499999991537,1.3058211337156939e-09,nan,38.46
CRUISE,1.1948712148202123,55.04378928300347,-46.400011207512954,-1.4991974846928784,TRACKING,1.977,2.0002492361559376,31.34407547797723,-51.74999999910104,1.3457843295767235e-09,nan,38.480000000000004
CRUISE,1.1959140427784902,55.04546096414451,-46.423866806080724,-1.502578853704309,TRACKING,1.977,2.0302492361558677,31.38453046270035,-51.749999999045926,1.3863179345841933e-09,nan,38.5
CRUISE,1.1959140427794281,55.047053915463735,-46.44773197204995,-1.5058806827417646,TRACKING,2.037,2.0602492361565083,31.425585447423476,-51.749999998988265,1.427419125182767e-09,nan,38.521
CRUISE,1.1962499962945041,55.048568478536964,-46.471605607560114,-1.5091121060358659,TRACKING,2.067,2.090249236156083,31.467240432146596,-51.749999998928004,1.4690855287300853e-09,nan,38.54
CRUISE,1.1962499962945041,55.048568478536964,-46.471605607560114,-1.5091121060358659,TRACKING,2.097,2.120249236155658,31.50949541686972,-51.74999999886505,1.511315330895478e-09,nan,38.56
CRUISE,1.1964739653370422,55.05000881543425,-46.495491690573715,-1.5121792492621402,TRACKING,2.097,2.1502492361562986,31.552350401592843,-51.749999998799325,1.554107362709017e-09,nan,38.580000000000005
CRUISE,1.1964739653384484,55.0513758836338,-46.519382078947466,-1.5152463924884136,TRACKING,2.157,2.1802492361562287,31.595805386315963,-51.74999999873076,1.5974611782173837e-09,nan,38.6
CRUISE,1.1971945160388222,55.052672667281065,-46.54328793291878,-1.5180484035086597,TRACKING,2.187,2.2102492361558035,31.639860371039084,-51.74999999865928,1.6413771856486121e-09,nan,38.620000000000005
CRUISE,1.1971945160387576,55.05390399962281,-46.56720013373107,-1.5207841314773995,TRACKING,2.187,2.2402492275819696,31.684515355672485,-51.7499999985844,1.6855438257245667e-09,nan,38.64
CRUISE,1.1974660514453117,55.05507028644531,-46.59111831414063,-1.5234511779732158,TRACKING,2.247,2.270249212021014,31.729770339977136,-51.749999998504926,1.7291301037219937e-09,nan,38.660000000000004
CRUISE,1.1975824237799373,55.05617499654208,-46.61504446662621,-1.5259906731621733,TRACKING,2.247,2.3002492077303316,31.77562532413867,-51.7499999984217,1.772786371849587e-09,nan,38.68
CRUISE,1.1975824237783823,55.05721894279291,-46.63897334736448,-1.5285301683511294,TRACKING,2.277,2.3302492153444376,31.82208030839231,-51.749999998335795,1.8173367407785403e-09,nan,38.7
CRUISE,1.1980804185832152,55.0582047167588,-46.66291316946041,-1.530834469864527,TRACKING,2.307,2.3602492340117465,31.869135292969784,-51.74999999824819,1.863594211440387e-09,nan,38.72
CRUISE,1.198080418583423,55.059136277481656,-46.686856657635765,-1.5330972666116494,TRACKING,2.367,2.390249236155384,31.9167902776929,-51.7499999981579,1.910943508870889e-09,nan,38.74
CRUISE,1.198294291540515,55.06001400763021,-46.7108043199739,-1.5352946575027966,TRACKING,2.397,2.4202492361560246,31.965045262416027,-51.74999999806417,1.9588836997438587e-09,nan,38.760000000000005
CRUISE,1.19834775978618,55.060840811448045,-46.73475700513391,-1.537393939609981,TRACKING,2.397,2.4502492361566652,32.01390024713915,-51.74999999796693,2.0074222221020385e-09,nan,38.78
CRUISE,1.1983477597852672,55.06161733003759,-46.75871137320754,-1.5394932217171653,TRACKING,2.457,2.4802492361558848,32.06335523186227,-51.74999999786608,2.056567046548133e-09,nan,38.800000000000004
YIELD,1.1985824372502347,55.062345280772924,-46.782671727944404,-1.541445419680866,TRACKING,2.487,2.51024923615617,32.113410216585386,-51.74999999776156,2.106326452535331e-09,nan,38.82
YIELD,1.1988824086119776,55.06366220515204,-46.83060020699055,-1.5452144416213098,TRACKING,2.517,2.540249236155745,32.1640652013085,-51.749999997653276,2.15670881811818e-09,nan,38.84
YIELD,1.1988824086119776,55.06366220515204,-46.83060020699055,-1.5452144416213098,TRACKING,2.547,2.5702492361560303,32.215320186031626,-51.749999997541174,2.207722371164891e-09,nan,38.86
YIELD,1.1988985736405255,55.06480816231646,-46.87854194715662,-1.548660898502109,TRACKING,2.547,2.6002492361563156,32.26717517075475,-51.74999999742516,2.2593749079011537e-09,nan,38.88
YIELD,1.1988985736405255,55.06480816231646,-46.87854194715662,-1.548660898502109,TRACKING,2.577,2.6302492361558905,32.31963015547787,-51.74999999730513,2.311673530250254e-09,nan,38.900000000000006
YIELD,1.1990440589144482,55.06532076218734,-46.90251734666492,-1.5502576185024022,TRACKING,2.607,2.660249236156176,32.37268514020099,-51.74999999718102,2.3646243384495806e-09,nan,38.92
YIELD,1.199044058912914,55.06579507942117,-46.926493534088536,-1.5518543385026944,TRACKING,2.637,2.690249236156461,32.42634012492412,-51.7499999970527,2.418232137308137e-09,nan,38.940000000000005
YIELD,1.1992486379543192,55.06663435981935,-46.97445448365681,-1.5547579400994163,TRACKING,2.697,2.720249236156036,32.48059510964724,-51.74999999692011,2.47250021660692e-09,nan,38.96
YIELD,1.1992486379543192,55.06663435981935,-46.97445448365681,-1.5547579400994163,TRACKING,2.697,2.750249236155611,32.53545009437036,-51.74999999678315,2.527430073254944e-09,nan,38.980000000000004
YIELD,1.199358662215854,55.06733901416044,-47.02242165949038,-1.5574705531798647,TRACKING,2.757,2.780249205346763,32.59090507868944,-51.749999996643595,2.5844283945987305e-09,nan,39.0
YIELD,1.199358662215854,55.06733901416044,-47.02242165949038,-1.5574705531798647,TRACKING,2.757,2.81024912137795,32.64696006156499,-51.74999999650137,2.643607128689814e-09,nan,39.02
YIELD,1.1993586622144827,55.06764375243053,-47.04640689522059,-1.558778370618374,TRACKING,2.817,2.840249078842305,32.70361504327407,-51.749999996354575,2.7036577753556842e-09,nan,39.04
YIELD,1.1994979624050164,55.0679179665523,-47.07039444995392,-1.559980679760332,TRACKING,2.847,2.8702491021959986,32.76087002511717,-51.74999999620272,2.7643166702660334e-09,nan,39.06
YIELD,1.1995277200506835,55.06838279848649,-47.11837240366427,-1.5622770278407916,TRACKING,2.877,2.9002491891610305,32.818725008401294,-51.74999999604531,2.8252621406446494e-09,nan,39.081
YIELD,1.1995723565235454,55.068575016796714,-47.14236307962327,-1.5633449465378952,TRACKING,2.907,2.9302492351618525,32.877179992923594,-51.74999999587992,2.8847788135728573e-09,nan,39.1
YIELD,1.1995723565235454,55.068575016796714,-47.14236307962327,-1.5633449465378952,TRACKING,2.907,2.9602492361568977,32.93623497764672,-51.749999995708386,2.94421038811725e-09,nan,39.120000000000005
YIELD,1.1995723565243648,55.06874161491078,-47.16635394717569,-1.5644128652349958,TRACKING,2.937,2.990249236155762,32.99588996236984,-51.74999999553155,3.0042432811643226e-09,nan,39.14
YIELD,1.1996667684157503,55.069002436507986,-47.214339429819404,-1.5663295470725593,TRACKING,2.967,3.0202492361560473,33.05614494709297,-51.74999999534929,3.064863116122967e-09,nan,39.160000000000004
YIELD,1.1996667684157503,55.069002436507986,-47.214339429819404,-1.5663295470725593,TRACKING,3.027,3.0502492361563327,33.11699993181609,-51.749999995161424,3.1260552919670282e-09,nan,39.18
YIELD,1.1996919185642785,55.06909891088875,-47.23833282186579,-1.567253719065356,TRACKING,3.057,3.0802492361559075,33.1784549165392,-51.74999999496787,3.187805589280627e-09,nan,39.201
YIELD,1.1997170687172236,55.06922827362975,-47.286321324222115,-1.5689909733050362,TRACKING,3.087,3.1102492361554823,33.24050990126232,-51.749999994768544,3.250100761163353e-09,nan,39.221000000000004
YIELD,1.1997170687172236,55.06922827362975,-47.286321324222115,-1.5689909733050362,TRACKING,3.087,3.140249236156478,33.303164885985446,-51.749999994563254,3.312929207449092e-09,nan,39.24
YIELD,1.1997808754894301,55.06926234943608,-47.3103165978897,-1.5697814509107075,TRACKING,3.147,3.170249236156053,33.36641987070856,-51.74999999435191,3.3762815916488726e-09,nan,39.260000000000005
YIELD,1.1997808754895087,55.069277989122874,-47.33431220971996,-1.5705458786783226,TRACKING,3.177,3.200249236155628,33.43027485543168,-51.7499999941344,3.4401513949345043e-09,nan,39.281000000000006
YIELD,1.1997978474810693,55.06927532284095,-47.35830799623066,-1.5712948816436836,TRACKING,3.177,3.230249207112479,33.494729839845434,-51.7499999939092,3.5034942119697377e-09,nan,39.300000000000004
YIELD,1.19981481947765,55.069255349504424,-47.38230428381529,-1.5719976102022806,TRACKING,3.207,3.2602490505837523,33.55978482168032,-51.7499999936749,3.5652471205232003e-09,nan,39.321000000000005
YIELD,1.199814819477911,55.06921851329765,-47.406300551439074,-1.5727003387608762,TRACKING,3.237,3.290248950607122,33.62543980108099,-51.74999999343368,3.6270559196717418e-09,nan,39.34
YIELD,1.1998577273351496,55.06916552054962,-47.43029751836303,-1.573329310283581,TRACKING,3.297,3.320248942990389,33.69169477986024,-51.74999999318598,3.6892874211237897e-09,nan,39.36
YIELD,1.1998577273350122,55.06909771518362,-47.45429457673711,-1.5739452658587765,TRACKING,3.327,3.3502490314575084,33.75854975992664,-51.7499999929322,3.752330358904365e-09,nan,39.38
YIELD,1.1998735376031666,55.06901519239286,-47.47829174713179,-1.5745433697875408,TRACKING,3.357,3.380249198133356,33.82600474302402,-51.74999999267299,3.81677093932892e-09,nan,39.400000000000006
YIELD,1.1998803134318214,55.0689188327931,-47.50228915962093,-1.5751083206586491,TRACKING,3.357,3.4102492361562042,33.89405972771367,-51.749999992410324,3.8842674510448436e-09,nan,39.42
YIELD,1.1998803134330254,55.06880891585035,-47.52628651384202,-1.5756732715297586,TRACKING,3.417,3.4402492361564896,33.962714712436785,-51.749999992140836,3.952474668156452e-09,nan,39.440000000000005
YIELD,1.1999088786644183,55.06868617752882,-47.55028434873261,-1.5761698154067258,TRACKING,3.447,3.470249236155354,34.0319696971599,-51.74999999186429,4.021297805434087e-09,nan,39.46
YIELD,1.1999088786641834,55.06855160517228,-47.5742821487461,-1.5766627589155788,TRACKING,3.447,3.5002492361563498,34.10182468188303,-51.74999999158055,4.090758790924328e-09,nan,39.480000000000004
YIELD,1.1999237958840172,55.06824799579312,-47.62227797453739,-1.5775875257596785,TRACKING,3.477,3.530249236156635,34.17227966660615,-51.749999991289556,4.160878603711509e-09,nan,39.5
YIELD,1.1999237958840172,55.06824799579312,-47.62227797453739,-1.5775875257596785,TRACKING,3.507,3.5602492361554994,34.24333465132927,-51.74999999099118,4.231675978909479e-09,nan,39.52
YIELD,1.199936727357653,55.067901400598934,-47.6702739320879,-1.5784490832096079,TRACKING,3.567,3.5902492361564953,34.3149896360524,-51.74999999068531,4.303166281244111e-09,nan,39.54
YIELD,1.199936727357653,55.067901400598934,-47.6702739320879,-1.5784490832096079,TRACKING,3.567,3.6202492354838967,34.3872446207688,-51.74999999037187,4.375383967847339e-09,nan,39.56
YIELD,1.1999367273581996,55.067713063580726,-47.69427192744073,-1.5788598489945522,TRACKING,3.597,3.650249087122859,34.46009960364753,-51.749999990054114,4.450897223412067e-09,nan,39.580000000000005
YIELD,1.1999528672966562,55.06751501951237,-47.71827000607429,-1.5792424944260466,TRACKING,3.627,3.6802488853872717,34.533554582225975,-51.74999998972982,4.528303285491103e-09,nan,39.6
YIELD,1.199952867296825,55.06730828058202,-47.742268172806156,-1.5795970195040905,TRACKING,3.687,3.7102488005317014,34.607609558507555,-51.749999989397786,4.606842109678527e-09,nan,39.620000000000005
YIELD,1.1999613618592133,55.06686969976045,-47.790264461182986,-1.5802708594876447,TRACKING,3.717,3.7402488415146706,34.682264534972745,-51.74999998905715,4.686010724223599e-09,nan,39.64
YIELD,1.199961361859153,55.06663866268094,-47.8142625762114,-1.5805918510680363,TRACKING,3.747,3.770249010008797,34.75751951417301,-51.749999988707096,4.76528784551486e-09,nan,39.660000000000004
YIELD,1.1999717429400454,55.066400105250516,-47.8382607422571,-1.5808849501095057,TRACKING,3.777,3.800249224979524,34.83337449782072,-51.74999998834587,4.843430381281033e-09,nan,39.68
YIELD,1.1999717429400454,55.066400105250516,-47.8382607422571,-1.5808849501095057,TRACKING,3.777,3.830249236155936,34.90982948254384,-51.74999998797342,4.9203746780666045e-09,nan,39.7
YIELD,1.1999717429405794,55.066154858989634,-47.86225892394251,-1.5811594541250238,TRACKING,3.807,3.8602492361562213,34.98688446726697,-51.74999998759206,4.997909051567287e-09,nan,39.720000000000006
YIELD,1.19997335861301,55.06590302992638,-47.88625705361114,-1.5814298270165652,TRACKING,3.867,3.8902492361565066,35.06453945199009,-51.74999998720164,5.076003084824014e-09,nan,39.74
YIELD,1.199977128516203,55.065381084279096,-47.93425330034221,-1.5819237533945678,TRACKING,3.897,3.9202492361560815,35.14279443671322,-51.749999986801974,5.154627654762402e-09,nan,39.760000000000005
YIELD,1.199977128516203,55.065381084279096,-47.93425330034221,-1.5819237533945678,TRACKING,3.897,3.9502492361556563,35.22164942143633,-51.74999998639289,5.2337570804798935e-09,nan,39.78
YIELD,1.1999836736086322,55.064836718878674,-47.9822495207057,-1.5823525568073233,TRACKING,3.957,3.9802492361559416,35.30110440615945,-51.74999998597424,5.313370872179517e-09,nan,39.801
YIELD,1.1999836736086322,55.064836718878674,-47.9822495207057,-1.5823525568073233,TRACKING,3.957,4.010249135305344,35.381159389794725,-51.74999998554351,5.391699423876495e-09,nan,39.82
YIELD,1.1999856802318614,55.06455702092245,-48.006247584314835,-1.5825544340651265,TRACKING,3.987,4.04024884219254,35.46181436794972,-51.74999998510029,5.468358615236068e-09,nan,39.84
YIELD,1.1999870179832586,55.06427271497635,-48.03024564060701,-1.5827404952789093,TRACKING,4.017,4.070248689259159,35.54306934230991,-51.749999984646465,5.544766311126595e-09,nan,39.86
YIELD,1.1999870179828624,55.06398394392772,-48.054243643585494,-1.5829265564926915,TRACKING,4.047,4.100248693810471,35.6249243159609,-51.74999998418276,5.6215459131504204e-09,nan,39.88
YIELD,1.199991039894693,55.06369093367617,-48.07824165954343,-1.58308742928545,TRACKING,4.107,4.130248860347763,35.70737929213434,-51.749999983709934,5.699356141129302e-09,nan,39.900000000000006
YIELD,1.1999910398955551,55.063394194830714,-48.10223964577655,-1.5832420049729543,TRACKING,4.107,4.1602491696231425,35.79043427385664,-51.749999983228825,5.778983241222884e-09,nan,39.92
YIELD,1.1999926541439687,55.06309377738153,-48.12623760238668,-1.5833891750862854,TRACKING,4.137,4.190249236156518,35.87408925856613,-51.7499999827413,5.862043247285882e-09,nan,39.940000000000005
YIELD,1.1999930577074491,55.06279000778762,-48.15023554101827,-1.5835252368383645,TRACKING,4.197,4.22024323921022,35.958344183319795,-51.74999998224333,5.945758349288555e-09,nan,39.96
YIELD,1.1999930577069713,55.06248297299497,-48.17423343809629,-1.5836612985904406,TRACKING,4.22694,4.248617272811828,36.04316724917342,-51.749999981734945,6.030089151881864e-09,nan,39.980000000000004
YIELD,1.1999954476369048,55.06217291002599,-48.198231339268474,-1.583774066805694,TRACKING,4.22694,4.276235573839671,36.12854429803753,-51.749999981216135,6.115059043197342e-09,nan,40.001000000000005
YIELD,1.1999954476366732,55.06186019824877,-48.22222921085124,-1.5838842468501912,TRACKING,4.25472,4.302705682136576,36.21445185998484,-51.74999998068694,6.200676796120539e-09,nan,40.02
YIELD,1.1999963799832045,55.061544867704,-48.246227057491716,-1.5839883692252115,TRACKING,4.2813012,4.32873126984461,36.30087993380925,-51.74999998014787,6.287384935080419e-09,nan,40.04
YIELD,1.1999966130695947,55.06122718545126,-48.270224887104106,-1.5840834050960146,TRACKING,4.3333524,4.354649694294466,36.3878274460638,-51.74999997960175,6.377490595027459e-09,nan,40.06
YIELD,1.1999966130699504,55.060907222545325,-48.294222686416916,-1.5841784409668185,TRACKING,4.35884638,4.379987368692895,36.47528327191443,-51.74999997904581,6.469099445377783e-09,nan,40.080000000000005
YIELD,1.1999975553406543,55.06058514168353,-48.318220476247134,-1.5842591818779828,TRACKING,4.38381984,4.404804679231944,36.563237004189304,-51.74999997847907,6.561582360749816e-09,nan,40.1
YIELD,1.1999975553406104,55.06026112321938,-48.34221823999404,-1.5843399227891461,TRACKING,4.40827279,4.429099104174128,36.65167821064591,-51.749999977900664,6.654335550318737e-09,nan,40.120000000000005
YIELD,1.1999986127650726,55.05993524585469,-48.36621599126205,-1.5844087122387376,TRACKING,4.40827279,4.452842648708355,36.740596285423955,-51.74999997730962,6.746623901516181e-09,nan,40.14
YIELD,1.199998709355933,55.05927902678471,-48.414211450833214,-1.5845291842999722,TRACKING,4.43221586,4.47609080386826,36.8299812810635,-51.74999997670425,6.8371618387075195e-09,nan,40.160000000000004
YIELD,1.199998709355933,55.05927902678471,-48.414211450833214,-1.5845291842999722,TRACKING,4.45565947,4.49885139610231,36.91982342826888,-51.74999997608687,6.927571519728491e-09,nan,40.18
YIELD,1.1999990957165574,55.05861757288712,-48.46220685690966,-1.584627396799989,TRACKING,4.50108969,4.521092666657722,37.01011274500691,-51.749999975458174,7.018379840089554e-09,nan,40.2
YIELD,1.1999990957165574,55.05861757288712,-48.46220685690966,-1.584627396799989,TRACKING,4.50108969,4.5426452213064294,37.10083765539789,-51.74999997481804,7.109530056628089e-09,nan,40.220000000000006
YIELD,1.1999995943182145,55.05795188754223,-48.51020222044979,-1.5846996648574627,TRACKING,4.52309651,4.563743427412703,37.19198452991099,-51.749999974166435,7.200969787525463e-09,nan,40.24
YIELD,1.1999995943182145,55.05795188754223,-48.51020222044979,-1.5846996648574627,TRACKING,4.56529292,4.584587372456639,37.2835508258883,-51.74999997350229,7.291953053910888e-09,nan,40.260000000000005
YIELD,1.1999996547137124,55.0576178450807,-48.534199888151456,-1.584731123906482,TRACKING,4.56529292,4.604992101482708,37.3755277466841,-51.749999972823886,7.381091808988806e-09,nan,40.28
YIELD,1.1999997956330466,55.05728315472529,-48.55819755024899,-1.5847544687172455,TRACKING,4.58595099,4.624974961515704,37.46790685437072,-51.74999997213288,7.469571947295993e-09,nan,40.301
YIELD,1.1999999611282721,55.0566121549223,-48.60619285398498,-1.5847926019272078,TRACKING,4.62600123,4.643941089219794,37.56066026561956,-51.749999971425886,7.55459838162298e-09,nan,40.32
YIELD,1.1999999611282721,55.0566121549223,-48.60619285398498,-1.5847926019272078,TRACKING,4.62600123,4.663099366214141,37.65379927025568,-51.74999997071352,7.644179445766563e-09,nan,40.34
YIELD,1.1999999611292294,55.05627613924397,-48.6301905008726,-1.5848027830278693,TRACKING,4.64540222,4.6818580622584705,37.74731582718221,-51.74999996999111,7.735059171323771e-09,nan,40.36
YIELD,1.1999999794247829,55.05593988386922,-48.65418814458579,-1.5848110353576033,TRACKING,4.68299845,4.700696577450003,37.841220270566964,-51.74999996925977,7.82834988094619e-09,nan,40.38
YIELD,1.1999999977196603,55.05560351376505,-48.67818578724009,-1.5848135013745617,TRACKING,4.7012104,4.718625807937826,37.9354861258136,-51.74999996851686,7.922024347696755e-09,nan,40.401
YIELD,1.1999999750917225,55.0549306724534,-48.72618107076931,-1.5848099406398026,TRACKING,4.71904243,4.736160257810695,38.030105645864325,-51.74999996776238,8.016129335242489e-09,nan,40.421
YIELD,1.1999999750922334,55.054594449636284,-48.75017871503499,-1.5848017906959164,TRACKING,4.73650247,4.75332891609952,38.12507145280825,-51.74999996699635,8.110705673714714e-09,nan,40.440000000000005
YIELD,1.1999999750922334,55.054594449636284,-48.75017871503499,-1.5848017906959164,TRACKING,4.73650247,4.770139413689378,38.22037632264725,-51.749999966218766,8.205783445271037e-09,nan,40.46
YIELD,1.1999999492914561,55.05425842608206,-48.774176361833604,-1.5847921073461086,TRACKING,4.75359826,4.786588142351178,38.316013068840405,-51.74999996543229,8.30344936505614e-09,nan,40.480000000000004
YIELD,1.1999999234909555,55.05392270115294,-48.79817401203761,-1.5847778237785324,TRACKING,4.77033741,4.802670347613969,38.411974533081214,-51.74999996463499,8.402408434503177e-09,nan,40.501000000000005
YIELD,1.199999923492142,55.05358731899591,-48.82217166703454,-1.5847635402109566,TRACKING,4.80277539,4.81841712031823,38.50825394467721,-51.749999963829715,8.504974981408943e-09,nan,40.52
YIELD,1.1999999365980125,55.052917537274084,-48.87016699120848,-1.5847372143687826,TRACKING,4.81848865,4.833835376833662,38.604844671508346,-51.74999996301066,8.606884384717137e-09,nan,40.54
YIELD,1.1999999365980125,55.052917537274084,-48.87016699120848,-1.5847372143687826,TRACKING,4.81848865,4.848932030367337,38.701740222050674,-51.74999996217563,8.7064166659582e-09,nan,40.56
YIELD,1.1999999425204706,55.05258311391233,-48.89416465990742,-1.5847245260506673,TRACKING,4.8338741,4.8636887545789875,38.79893398855365,-51.749999961326075,8.804508930307104e-09,nan,40.580000000000005
YIELD,1.19999994505888,55.05191514841735,-48.94216000979683,-1.5847003175967318,TRACKING,4.86368882,4.8781312882681505,38.896419682744956,-51.74999996046402,8.902598148303898e-09,nan,40.6
YIELD,1.19999994505888,55.05191514841735,-48.94216000979683,-1.5847003175967318,TRACKING,4.87813134,4.8919775422660905,38.99418826465643,-51.74999995958975,9.000895690577798e-09,nan,40.621
YIELD,1.1999999559084227,55.05158159108923,-48.9661576908434,-1.5846892851461922,TRACKING,4.87813134,4.90582376590325,39.09223377104062,-51.749999958703185,9.099341391076823e-09,nan,40.64
YIELD,1.1999999599879696,55.05091525704758,-49.014153063885615,-1.5846678582550133,TRACKING,4.89197756,4.9193811538849275,39.19055331354097,-51.74999995780424,9.197890684169572e-09,nan,40.660000000000004
YIELD,1.199999961736254,55.05058246612238,-49.03815075572176,-1.5846577570439706,TRACKING,4.91938116,4.932661605596422,39.28914101206718,-51.74999995689065,9.294795836462198e-09,nan,40.68
YIELD,1.199999961736254,55.05058246612238,-49.03815075572176,-1.5846577570439706,TRACKING,4.91938116,4.945665144766309,39.387991270257544,-51.749999955962934,9.390345075367305e-09,nan,40.7
YIELD,1.199999969253359,55.04991760295126,-49.08614614948228,-1.5846384439036183,TRACKING,4.94566513,4.958397533625458,39.487098616517805,-51.749999955021075,9.484359262202989e-09,nan,40.720000000000006
YIELD,1.199999969253359,55.04991760295126,-49.08614614948228,-1.5846384439036183,TRACKING,4.95839751,4.970864276931053,39.58645768875811,-51.749999954067405,9.578552669816008e-09,nan,40.74
YIELD,1.199999969253288,55.049585505974974,-49.11014385108217,-1.584629388906382,TRACKING,4.95839751,4.983070972123471,39.68607544480035,-51.74999995310556,9.675864461934387e-09,nan,40.760000000000005
YIELD,1.199999973293507,55.04892194891359,-49.15813926320825,-1.5846121721294664,TRACKING,4.98307097,4.994773686632925,39.78591929083459,-51.74999995213381,9.774978317704772e-09,nan,40.78
YIELD,1.1999999732945192,55.04859047537663,-49.18213697350847,-1.5846037331443403,TRACKING,4.99477369,5.006476401135274,39.8859971911819,-51.749999951149995,9.874429530269425e-09,nan,40.801
YIELD,1.19999997684034,55.04825919840012,-49.20613468659031,-1.5845958455947873,TRACKING,5.0064764,5.017934981694339,39.98630621633628,-51.749999950154034,9.974200129006274e-09,nan,40.82
YIELD,1.199999976841627,55.047928110045085,-49.230132402278805,-1.5845879870681585,TRACKING,5.01793498,5.029159507962788,40.086841604569535,-51.74999994914599,1.0074341715639207e-08,nan,40.84
YIELD,1.199999981404023,55.04759720807161,-49.25413012058366,-1.5845805368211479,TRACKING,5.02915951,5.039920808329157,40.1875959248104,-51.749999948126074,1.0175037788562945e-08,nan,40.86
YIELD,1.199999981404023,55.04759720807161,-49.25413012058366,-1.5845805368211479,TRACKING,5.02915951,5.050682109845184,40.28856546782988,-51.7499999470959,1.0277582499283998e-08,nan,40.88
YIELD,1.1999999818999827,55.04693591645643,-49.30212556435105,-1.5845665015194534,TRACKING,5.05068211,5.061218936241829,40.38974754128203,-51.74999994605651,1.0382976052382006e-08,nan,40.900000000000006
YIELD,1.1999999838845303,55.04660551743883,-49.32612328968109,-1.584559945883015,TRACKING,5.05068211,5.07154053192167,40.49113759026938,-51.74999994500416,1.0488493386355705e-08,nan,40.922000000000004
YIELD,1.1999999838845303,55.04660551743883,-49.32612328968109,-1.584559945883015,TRACKING,5.06121892,5.08164686019299,40.59272116676325,-51.74999994393812,1.05934221902295e-08,nan,40.940000000000005
YIELD,1.1999999838834166,55.04627527574159,-49.350121017176576,-1.584553390246575,TRACKING,5.0715405,5.091542481835631,40.69450434474455,-51.74999994285713,1.069689234082355e-08,nan,40.96
YIELD,1.1999999870281455,55.045945187685156,-49.37411874682989,-1.5845473063185902,TRACKING,5.09154248,5.101231671787332,40.796492648916626,-51.74999994176205,1.0799527441089701e-08,nan,40.980000000000004
YIELD,1.1999999877051286,55.04528543657368,-49.42211421202484,-1.584535622343587,TRACKING,5.09154248,5.110718734584907,40.89867210933767,-51.74999994065438,1.0902303975379255e-08,nan,41.0
YIELD,1.1999999877051286,55.04528543657368,-49.42211421202484,-1.584535622343587,TRACKING,5.10123167,5.120007884947597,41.00103873825378,-51.74999993953396,1.1005151673777392e-08,nan,41.02
YIELD,1.1999999887223993,55.044626227767274,-49.470109684732385,-1.584524654403489,TRACKING,5.11071873,5.12910325151239,41.10358863108646,-51.749999938400755,1.1108012532425467e-08,nan,41.04
YIELD,1.1999999887223993,55.044626227767274,-49.470109684732385,-1.584524654403489,TRACKING,5.12000788,5.1380088768056,41.20631786928873,-51.74999993725347,1.1209851423075348e-08,nan,41.06
YIELD,1.1999999908996348,55.04396752308468,-49.518105164441934,-1.5845147183471824,TRACKING,5.13800888,5.1467287311346865,41.309222616300275,-51.74999993609281,1.1311133374547243e-08,nan,41.080000000000005
YIELD,1.1999999908996348,55.04396752308468,-49.518105164441934,-1.5845147183471824,TRACKING,5.14672872,5.1552666791877755,41.41229921351727,-51.749999934917504,1.1410797559287727e-08,nan,41.1
YIELD,1.199999992067895,55.043309284582676,-49.56610065058534,-1.5845053076577766,TRACKING,5.15526665,5.163626503589569,41.51555243600456,-51.74999993372985,1.1510602999304214e-08,nan,41.120000000000005
YIELD,1.199999992067895,55.043309284582676,-49.56610065058534,-1.5845053076577766,TRACKING,5.15526665,5.171811902172863,41.61896205431484,-51.74999993253208,1.1612145456774417e-08,nan,41.14
YIELD,1.1999999920680466,55.04298033177348,-49.59009839594681,-1.5845007086484155,TRACKING,5.1718119,5.179826569104762,41.72253299344748,-51.74999993132288,1.1714591168709766e-08,nan,41.160000000000004
YIELD,1.1999999931018384,55.04232274347483,-49.638093891058595,-1.5844921149533515,TRACKING,5.17982657,5.18767403957483,41.826261885419996,-51.7499999301018,1.181766555537388e-08,nan,41.181000000000004
YIELD,1.1999999931018384,55.04232274347483,-49.638093891058595,-1.5844921149533515,TRACKING,5.18767404,5.1953578015307755,41.93014543496607,-51.7499999288683,1.1920984494546807e-08,nan,41.2
YIELD,1.1999999942952846,55.04199410278913,-49.66209164072911,-1.5844880214150217,TRACKING,5.18767404,5.2028812701472305,42.03418041572615,-51.74999992762245,1.2024607868306129e-08,nan,41.220000000000006
YIELD,1.1999999944281456,55.041337102358234,-49.71008714394585,-1.5844803123774998,TRACKING,5.20288127,5.192811746738357,42.138058935704606,-51.749999926366456,1.2127075780766392e-08,nan,41.24
YIELD,1.1999999944281456,55.041337102358234,-49.71008714394585,-1.5844803123774998,TRACKING,5.20288127,5.182316383323382,42.24172925445783,-51.74999992510182,1.2228904513383439e-08,nan,41.260000000000005
YIELD,1.1999999951552862,55.040680459758086,-49.75808265208859,-1.584473123388246,TRACKING,5.19281175,5.171343636046544,42.34518202933672,-51.74999992382606,1.2327956257641316e-08,nan,41.28
YIELD,1.1999999951552862,55.040680459758086,-49.75808265208859,-1.584473123388246,TRACKING,5.17134362,5.160244872724462,42.448413333141026,-51.74999992254274,1.2426739138375612e-08,nan,41.300000000000004
YIELD,1.199999996078558,55.04002415278714,-49.806078164849744,-1.5844664752344153,TRACKING,5.17134362,5.149028253757848,42.55143199276291,-51.74999992125282,1.2526120243633282e-08,nan,41.32
YIELD,1.199999996078558,55.04002415278714,-49.806078164849744,-1.5844664752344153,TRACKING,5.16024484,5.105821331062543,42.65384551180433,-51.74999991995481,1.2620703486781782e-08,nan,41.34
YIELD,1.1999999961786196,55.039696116294394,-49.83007592283548,-1.5844632628327384,TRACKING,5.14902825,5.051660201984021,42.7551765151039,-51.74999991866529,1.271758223793293e-08,nan,41.36
YIELD,1.1999999965828285,55.03936815445002,-49.85407368185061,-1.5844602442550664,TRACKING,5.04014131,4.9967708538581235,42.85541065050604,-51.74999991738651,1.2818394318006323e-08,nan,41.38
YIELD,1.1999999965828323,55.03904026504475,-49.8780714418556,-1.584457225677397,TRACKING,5.04014131,4.941044651203441,42.95453033186819,-51.749999916112344,1.2918334203384104e-08,nan,41.400000000000006
YIELD,1.1999999972264133,55.03838469408165,-49.9260669647262,-1.5844516817744168,TRACKING,4.92863276,4.885250134683616,43.05253417637368,-51.74999991485055,1.3023091594388868e-08,nan,41.42
YIELD,1.1999999972264133,55.03838469408165,-49.9260669647262,-1.5844516817744168,TRACKING,4.87278713,4.829401284371215,43.14942108192864,-51.749999913596,1.3128915611066658e-08,nan,41.440000000000005
YIELD,1.199999997470441,55.03805700652542,-49.95006472750359,-1.5844490242275286,TRACKING,4.87278713,4.773526376573045,43.24519040690048,-51.749999912348414,1.323537986560995e-08,nan,41.46
YIELD,1.1999999975743867,55.03772938094564,-49.974062491131725,-1.5844464819905648,TRACKING,4.76110304,4.72060612006544,43.33989952311284,-51.749999911118884,1.3351573411697226e-08,nan,41.480000000000004
YIELD,1.1999999975764626,55.03740181637388,-49.99806025559271,-1.5844439397535997,TRACKING,4.76110304,4.660835847807476,43.43341394283693,-51.74999990989092,1.3463940928852493e-08,nan,41.5
YIELD,1.1999999980252156,55.037074310792995,-50.022058020866446,-1.5844416076400571,TRACKING,4.64940302,4.606015480374737,43.52583315402732,-51.74999990865516,1.3566013416330684e-08,nan,41.52
YIELD,1.1999999980252158,55.03674686037677,-50.04605578689432,-1.5844393126071186,TRACKING,4.64940302,4.550106198851012,43.617134251621366,-51.749999907423074,1.366530586176032e-08,nan,41.54
YIELD,1.1999999982189673,55.03641946479095,-50.07005355367223,-1.5844370759591087,TRACKING,4.59350129,4.494114202967836,43.70731569759603,-51.74999990619434,1.3761204270088647e-08,nan,41.56
YIELD,1.1999999982682257,55.03609212146105,-50.09405132116593,-1.5844349268884872,TRACKING,4.53752861,4.4379500684677,43.796373892734444,-51.74999990496497,1.3850213920894827e-08,nan,41.580000000000005
YIELD,1.1999999982679201,55.03576482970405,-50.118049089363055,-1.584432777817865,TRACKING,4.48136806,4.381752064163891,43.884308160246384,-51.74999990374281,1.3937685167930015e-08,nan,41.6
YIELD,1.199999998584384,55.03543758762749,-50.14204685824339,-1.584430814291675,TRACKING,4.36894595,4.325521868015159,43.97111785216355,-51.749999902527264,1.4022948447954902e-08,54.83576482970405,41.620000000000005
YIELD,1.1999999987560426,55.034783243096804,-50.190042397910744,-1.584426989266965,TRACKING,4.3126899,4.269263464303208,44.05680240173791,-51.74999990131331,1.4101834204263113e-08,54.83576482970405,41.64
YIELD,1.1999999987560426,55.034783243096804,-50.190042397910744,-1.584426989266965,TRACKING,4.3126899,4.212919911481805,44.14136068198205,-51.749999900106225,1.417783043551506e-08,54.83576482970405,41.660000000000004
YIELD,1.1999999987565144,55.03412907678852,-50.238037940012724,-1.5844233466289785,TRACKING,4.19952001,4.156030803362398,44.22478121382188,-51.74999989890747,1.425156213008464e-08,54.83576482970405,41.68
YIELD,1.1999999987565144,55.03412907678852,-50.238037940012724,-1.5844233466289785,TRACKING,4.19952001,4.099108151465458,44.30706332592766,-51.74999989771814,1.4323596805879006e-08,54.83576482970405,41.7
YIELD,1.19999999890787,55.033475080195835,-50.28603348443351,-1.5844199283406357,TRACKING,4.08564818,4.04215375024819,44.38820637131427,-51.74999989653929,1.4394506907103497e-08,54.834129076788514,41.720000000000006
YIELD,1.19999999890787,55.033475080195835,-50.28603348443351,-1.5844199283406357,TRACKING,4.0286752,3.9851786433082736,44.46820993501488,-51.74999989537189,1.4464828092560194e-08,54.834129076788514,41.74
YIELD,1.1999999991068435,55.03314814278571,-50.31003125747574,-1.5844183116052946,TRACKING,4.0286752,3.9281849367512223,44.54707363268309,-51.749999894216785,1.453503047138158e-08,54.834129076788514,41.760000000000005
YIELD,1.1999999991071673,55.03282124285516,-50.33402903103034,-1.5844167681238623,TRACKING,3.97168251,3.8701526658478267,44.62477668624085,-51.74999989307492,1.4605471270901669e-08,54.834129076788514,41.78
YIELD,1.1999999992160595,55.03216755277019,-50.382024579637175,-1.5844137878529858,TRACKING,3.85665063,3.8120880123500465,44.701318447103624,-51.74999989194739,1.467683965999187e-08,54.832494379958895,41.802
YIELD,1.1999999992160595,55.03216755277019,-50.382024579637175,-1.5844137878529858,TRACKING,3.85665063,3.753991667983315,44.77669827957523,-51.74999989083856,1.4752379563017124e-08,54.832494379958895,41.82
YIELD,1.1999999992158514,55.03184076029398,-50.40602235465746,-1.5844123413642701,TRACKING,3.74049014,3.6946917608894134,44.850892114436526,-51.749999889741886,1.4826952222572352e-08,54.832494379958895,41.84
YIELD,1.1999999993560493,55.031514001896866,-50.43002013014362,-1.5844109828557633,TRACKING,3.68119023,3.645488099379727,44.9240858870564,-51.75000056661808,-3.5413554616830375e-05,54.832494379958895,41.86
YIELD,1.199999999378561,55.03086057993581,-50.478015682409286,-1.5844083726589846,TRACKING,3.68119023,3.591007530295458,44.9962006173672,-51.75000723820116,-0.00018296979480567462,54.832494379958895,41.88
YIELD,1.1999999994320747,55.03053391495188,-50.50201345916971,-1.584407142006564,TRACKING,3.56331259,3.531705019174382,45.06715419152006,-51.75002909716793,-0.0004816960837183262,54.83086057993581,41.900000000000006
YIELD,1.1999999994320747,55.03053391495188,-50.50201345916971,-1.584407142006564,TRACKING,3.5047602,3.466444543083159,45.13680735485524,-51.75007613938152,-0.0009188147605716431,54.83086057993581,41.92
YIELD,1.1999999995320616,55.029880672660674,-50.550009013885635,-1.5844047767539426,TRACKING,3.44501233,3.4029332435815944,45.20518150844683,-51.7501552587864,-0.0014452115795420529,54.83086057993581,41.940000000000005
YIELD,1.1999999995320616,55.029880672660674,-50.550009013885635,-1.5844047767539426,TRACKING,3.44501233,3.3477197755836703,45.27244049298455,-51.75027054681256,-0.002060691508867435,54.83086057993581,41.96
YIELD,1.1999999995647666,55.029227539465296,-50.598004570088904,-1.5844025613784651,TRACKING,3.32544911,3.2851459178543743,45.338463153463934,-51.75042773300874,-0.0027874350359953343,54.83086057993581,41.980000000000004
YIELD,1.1999999995647666,55.029227539465296,-50.598004570088904,-1.5844025613784651,TRACKING,3.32544911,3.221291563922461,45.40320217476752,-51.75063166685088,-0.0035924733859148484,54.82922753946529,42.0
YIELD,1.1999999995851145,55.02890101189396,-50.6220023487225,-1.5844015101424451,TRACKING,3.20544911,3.1587089560673434,45.466683103473194,-51.750884353881446,-0.004440150095767298,54.82922753946529,42.02
YIELD,1.1999999995863964,55.028574509549955,-50.64600012769935,-1.5844004589064244,TRACKING,3.14544911,3.0969465001326344,45.52892516514238,-51.75118608483269,-0.005305771915119035,54.82922753946529,42.04
YIELD,1.199999999635016,55.02824803171277,-50.6699979070106,-1.5843994708777056,TRACKING,3.14544911,3.037362201009697,45.58996345026155,-51.751534893658565,-0.006172880525883953,54.82922753946529,42.06
YIELD,1.1999999996331858,55.027921577586085,-50.69399568664437,-1.5843984828489863,TRACKING,3.08544911,2.9865624280665934,45.649945897439984,-51.75192892598881,-0.007031850675118998,54.82922753946529,42.080000000000005
YIELD,1.19999999969646,55.02759514693066,-50.71799346659807,-1.5843975391247838,TRACKING,3.02649741,2.931025513141312,45.70885745514678,-51.75236572309674,-0.007874006143394775,54.82922753946529,42.1
YIELD,1.199999999696588,55.02694235095677,-50.765989027395406,-1.584395740285413,TRACKING,2.97061877,2.874714905424222,45.76664398941784,-51.752842249134424,-0.008692842957808913,54.827595146930655,42.120000000000005
YIELD,1.199999999696588,55.02694235095677,-50.765989027395406,-1.584395740285413,TRACKING,2.91481576,2.818594093445581,45.82330788122595,-51.75335585944721,-0.00948450862206282,54.827595146930655,42.14
YIELD,1.199999999731267,55.02661598474062,-50.78998680822687,-1.5843948939684427,TRACKING,2.8590701,2.7649631718031054,45.878899849918675,-51.753902090966946,-0.010261122435525884,54.827595146930655,42.160000000000004
YIELD,1.1999999997315483,55.02628963883421,-50.813984589334545,-1.5843940476514735,TRACKING,2.80332168,2.7045596739394115,45.933287107322556,-51.75447981933709,-0.011029215230936975,54.827595146930655,42.18
YIELD,1.1999999997760658,55.025963313037366,-50.83798237071612,-1.5843932384008426,TRACKING,2.74632168,2.6446831818020136,45.986481504883955,-51.75508539367966,-0.01178105325187391,54.827595146930655,42.2
YIELD,1.19999999977606,55.02563700601585,-50.86198015235345,-1.5843924662165514,TRACKING,2.68684201,2.5852973750329626,46.03848745035102,-51.75571585519392,-0.012511570631587265,54.82596331303736,42.220000000000006
YIELD,1.1999999997864366,55.02531071750905,-50.88597793424263,-1.584391702917394,TRACKING,2.62728743,2.525707930470524,46.089301941135815,-51.75636826487603,-0.013217594897948022,54.82596331303736,42.24
YIELD,1.1999999998012654,55.02498444682932,-50.90997571637459,-1.5843909751587821,TRACKING,2.56765663,2.471253958264053,46.13901051382052,-51.757039605397196,-0.013881180163120071,54.82596331303736,42.260000000000005
YIELD,1.1999999998011792,55.02465819361418,-50.93397349874398,-1.5843902474001716,TRACKING,2.44828683,2.4127881853931807,46.18756781162737,-51.7577256946214,-0.01445677171527839,54.82596331303736,42.28
YIELD,1.199999999833529,55.024331957575114,-50.957971281347305,-1.584389559715645,TRACKING,2.44828683,2.3504424806702553,46.23488841666258,-51.75841951765424,-0.014936843069827302,54.82596331303736,42.300000000000004
YIELD,1.199999999833443,55.024005737624684,-50.98196906416956,-1.5843888936094732,TRACKING,2.38828683,2.287849536058932,46.28095292682752,-51.75911549672186,-0.015344233229659306,54.82433195757511,42.32
YIELD,1.199999999851226,55.02335334512054,-51.02996463045876,-1.5843876037120468,TRACKING,2.26828683,2.226543025756931,46.325787576104474,-51.759810112705786,-0.01570006077756755,54.82433195757511,42.34
YIELD,1.199999999851226,55.02335334512054,-51.02996463045876,-1.5843876037120468,TRACKING,2.26828683,2.1663382355356298,46.36940799997521,-51.76050084058996,-0.0160400317850224,54.82433195757511,42.36
YIELD,1.199999999850957,55.02302717169044,-51.0539624139137,-1.5843869744014556,TRACKING,2.20828683,2.1077727588690083,46.411860717964316,-51.76118776751014,-0.016401840730410382,54.82433195757511,42.38
YIELD,1.1999999998751716,55.02270101312055,-51.07796019757094,-1.58438637868063,TRACKING,2.14828683,2.0480612722572293,46.45311841611432,-51.761870613574374,-0.016779567611143593,54.82433195757511,42.400000000000006
YIELD,1.1999999998825752,55.02204873771251,-51.12595576545297,-1.5843852326486465,TRACKING,2.08954788,1.9887286803472595,46.49318792771339,-51.762549475241755,-0.017162405203263394,54.82270101312055,42.42
YIELD,1.1999999998825752,55.02204873771251,-51.12595576545297,-1.5843852326486465,GOAL_REACHED,1.97217135,1.9296181012382678,46.53207420996787,-51.76322348069646,-0.017543430273431488,54.82270101312055,42.440000000000005
YIELD,1.1999999998884372,55.021722620242656,-51.1499535496692,-1.5843846858015314,GOAL_REACHED,1.97217135,1.8739814092083917,46.569843261299205,-51.763891551691984,-0.017902928000949156,54.82270101312055,42.46
YIELD,1.1999999999053494,55.02107042436265,-51.197949118632685,-1.5843836265170308,GOAL_REACHED,1.85491627,1.8195006460100587,46.60651698183659,-51.76455261193466,-0.018202599100917136,54.82270101312055,42.480000000000004
YIELD,1.1999999999053494,55.02107042436265,-51.197949118632685,-1.5843836265170308,GOAL_REACHED,1.85491627,1.76173184129503,46.64204808628996,-51.76520253234203,-0.018412960332870782,54.821070424362645,42.5
YIELD,1.1999999999046278,55.0207443449461,-51.22194690336634,-1.5843831226820755,GOAL_REACHED,1.79791627,1.6979721592069703,46.67631817937714,-51.765835295699816,-0.01853034880286543,54.821070424362645,42.52
YIELD,1.1999999999104862,55.02041827759757,-51.24594468826402,-1.5843826264830037,GOAL_REACHED,1.73791627,1.635800781522214,46.70933926984176,-51.7664480577948,-0.018586051592712177,54.821070424362645,42.54
YIELD,1.1999999999144948,55.020092221889485,-51.26994247331999,-1.5843821481009905,GOAL_REACHED,1.67791627,1.573022612446966,46.74109994920726,-51.76703864790574,-0.01860709719467591,54.821070424362645,42.56
YIELD,1.199999999913937,55.01976617766151,-51.29394025853195,-1.584381669718976,GOAL_REACHED,1.55791627,1.5125061553080372,46.771647463456084,-51.76760720606155,-0.01861269396455624,54.821070424362645,42.580000000000005
YIELD,1.1999999999268018,55.01944014462079,-51.3179380438961,-1.584381221844985,GOAL_REACHED,1.49791627,1.452197022335479,46.800987705954284,-51.768153306090895,-0.018607887174208627,54.819440144620785,42.6
YIELD,1.1999999999263724,55.019114122211775,-51.34193582940473,-1.5843807793547604,GOAL_REACHED,1.43791627,1.3919916467716278,46.82912357349331,-51.7686767311396,-0.01859629791460653,54.819440144620785,42.620000000000005
YIELD,1.199999999934045,55.0187881103645,-51.36593361505692,-1.5843803474280134,GOAL_REACHED,1.43791627,1.3318816666709101,46.85605752282627,-51.769177171587,-0.01858429799613263,54.819440144620785,42.64
YIELD,1.199999999934317,55.01813611713759,-51.413929186775334,-1.5843795086724433,GOAL_REACHED,1.37791627,1.2717085735119658,46.88178804255973,-51.76965509180319,-0.018576673871105627,54.819440144620785,42.660000000000004
YIELD,1.199999999934317,55.01813611713759,-51.413929186775334,-1.5843795086724433,GOAL_REACHED,1.25791627,1.2116016552906845,46.906316321461425,-51.77011060028436,-0.018571852993722635,54.819440144620785,42.68
YIELD,1.1999999999378181,55.017810135373765,-51.43792697283638,-1.5843791071640205,GOAL_REACHED,1.19791627,1.1515333909956134,46.92964327120582,-51.77054375148818,-0.01856879170606378,54.81781013537376,42.7
YIELD,1.1999999999378492,55.01748416324526,-51.46192475902831,-1.5843787056555974,GOAL_REACHED,1.19791627,1.0914898977173344,46.95176944847671,-51.7709545785976,-0.018566852696967815,54.81781013537376,42.720000000000006
YIELD,1.1999999999477737,55.016832246904386,-51.50992033179165,-1.5843779511657015,NO_PATH,1.07791627,1.0314622528114823,46.97269520962737,-51.77134310161366,-0.018565627975228094,54.81781013537376,42.74
YIELD,1.1999999999477737,55.016832246904386,-51.50992033179165,-1.5843779511657015,NO_PATH,1.07791627,0.9714447091666722,46.99242078212845,-51.7717093325264,-0.018564857068621616,54.81781013537376,42.760000000000005
YIELD,1.199999999951701,55.016180366124864,-51.55791590503813,-1.5843772255958561,NO_PATH,0.957916273,0.9114336312739154,47.01094631118738,-51.772053278476655,-0.018564373679512566,54.81781013537376,42.78
YIELD,1.199999999951701,55.016180366124864,-51.55791590503813,-1.5843772255958561,NO_PATH,0.957916273,0.8514271515690993,47.02827189603696,-51.77237494368464,-0.018564071702866877,54.81781013537376,42.800000000000004
YIELD,1.1999999999522861,55.015854438648084,-51.58191369183679,-1.5843768681042514,NO_PATH,0.897916273,0.7914232339931049,47.04439759909302,-51.77267433062483,-0.018563883945000977,54.81618036612486,42.82
YIELD,1.1999999999581505,55.015528519565805,-51.60591147874956,-1.58437652983284,NO_PATH,0.837916273,0.7314207786239065,47.05932345334785,-51.77295144072488,-0.018563767811075108,54.81618036612486,42.84
YIELD,1.1999999999580393,55.015202608528035,-51.6299092657716,-1.5843761949532273,NO_PATH,0.717916273,0.6714192460918784,47.073049479638954,-51.77320627480259,-0.018563696403334343,54.81618036612486,42.86
YIELD,1.1999999999610915,55.01455081026358,-51.67790484013914,-1.5843755435923748,NO_PATH,0.657916273,0.6114183030662994,47.085575691171286,-51.77343883317488,-0.018563652844937936,54.81618036612486,42.88
YIELD,1.1999999999610915,55.01455081026358,-51.67790484013914,-1.5843755435923748,NO_PATH,0.657916273,0.5514180347428372,47.09690210095813,-51.77364911601616,-0.01856362655243135,54.81618036612486,42.901
FOLLOW,1.1999999999616362,55.0142249227436,-51.70190262748063,-1.5843752218544578,NO_PATH,0.537916273,0.49141790323829787,47.10702871450371,-51.7738371235786,-0.01856361085527278,54.814550810263576,42.92
FOLLOW,1.1999999999645803,55.013899042832406,-51.7259004149255,-1.584374911118526,NO_PATH,0.537916273,0.4314178238120934,47.11595553299291,-51.774002855980065,-0.01856360161712583,54.814550810263576,42.940000000000005
FOLLOW,1.1999999999677389,55.013247305252115,-51.773895990117296,-1.584374300463896,NO_PATH,0.417916273,0.3714177985701756,47.12368255741204,-51.77414631328663,-0.018563596302497477,54.814550810263576,42.961000000000006
FOLLOW,1.1999999999677389,55.013247305252115,-51.773895990117296,-1.584374300463896,NO_PATH,0.357916273,0.31141779820266685,47.13020978856109,-51.77426749553431,-0.018563593346211067,54.814550810263576,42.980000000000004
FOLLOW,1.1999999999681121,55.01259559624216,-51.821891565697165,-1.5843737149263137,NO_PATH,0.297916273,0.2514177983102665,47.13553722646872,-51.77436640273565,-0.01856359184728579,54.81292144723421,43.0
FOLLOW,1.1999999999681121,55.01259559624216,-51.821891565697165,-1.5843737149263137,NO_PATH,0.297916273,0.19141779845833878,47.13966487113777,-51.77444303489839,-0.01856359118106156,54.81292144723421,43.02
FOLLOW,0.0,55.01259559624216,-51.821891565697165,-1.5843737149263137,NO_PATH,0.177916273,0.1314177985738599,47.14259272256757,-51.7744973920274,-0.018563590971252226,54.81292144723421,43.04
FOLLOW,0.0,55.01259559624216,-51.821891565697165,-1.5843737149263137,NO_PATH,0.177916273,0.07141779866253532,47.14432078075752,-51.77452947412487,-0.01856359101142792,54.81292144723421,43.06
FOLLOW,0.0,55.01259559624216,-51.821891565697165,-1.5843737149263137,NO_PATH,0.117916273,0.01153423897822296,47.14485020990797,-51.774539302861186,-0.018563591161388553,54.81292144723421,43.080000000000005
FOLLOW,0.0,55.01259559624216,-51.821891565697165,-1.5843737149263137,NO_PATH,9.36140054e-11,0.0,47.14485020990797,-51.774539302861186,-0.018563591161388553,54.812595596242154,43.1
FOLLOW,0.0,55.01259559624216,-51.821891565697165,-1.5843737149263137,NO_PATH,0.0,0.0,47.14485020990797,-51.774539302861186,-0.018563591161388553,54.812595596242154,43.120000000000005
FOLLOW,0.0,55.01259559624216,-51.821891565697165,-1.5843737149263137,NO_PATH,0.0,0.0,47.14485020990797,-51.774539302861186,-0.018563591161388553,54.812595596242154,43.14
FOLLOW,0.0,55.01259559624216,-51.821891565697165,-1.5843737149263137,NO_PATH,0.0,0.0,47.14485020990797,-51.774539302861186,-0.018563591161388553,54.812595596242154,43.160000000000004
FOLLOW,0.0,55.01259559624216,-51.821891565697165,-1.5843737149263137,NO_PATH,0.0,0.0,47.14485020990797,-51.774539302861186,-0.018563591161388553,54.812595596242154,43.18
FOLLOW,0.0,55.01259559624216,-51.821891565697165,-1.5843737149263137,NO_PATH,0.0,0.0,47.14485020990797,-51.774539302861186,-0.018563591161388553,54.812595596242154,43.2
FOLLOW,0.0,55.01259559624216,-51.821891565697165,-1.5843737149263137,NO_PATH,0.0,0.0,47.14485020990797,-51.774539302861186,-0.018563591161388553,54.812595596242154,43.220000000000006
FOLLOW,0.0,55.01259559624216,-51.821891565697165,-1.5843737149263137,NO_PATH,0.0,0.0,47.14485020990797,-51.774539302861186,-0.018563591161388553,54.812595596242154,43.24
FOLLOW,0.0,55.01259559624216,-51.821891565697165,-1.5843737149263137,NO_PATH,0.0,0.0,47.14485020990797,-51.774539302861186,-0.018563591161388553,54.812595596242154,43.260000000000005
FOLLOW,0.0,55.01259559624216,-51.821891565697165,-1.5843737149263137,NO_PATH,0.0,0.0,47.14485020990797,-51.774539302861186,-0.018563591161388553,54.812595596242154,43.28
FOLLOW,0.0,55.01259559624216,-51.821891565697165,-1.5843737149263137,NO_PATH,0.0,0.0,47.14485020990797,-51.774539302861186,-0.018563591161388553,54.812595596242154,43.300000000000004
FOLLOW,0.0,55.01259559624216,-51.821891565697165,-1.5843737149263137,NO_PATH,0.0,0.0,47.14485020990797,-51.774539302861186,-0.018563591161388553,54.812595596242154,43.321000000000005
FOLLOW,0.0,55.01259559624216,-51.821891565697165,-1.5843737149263137,NO_PATH,0.0,0.0,47.14485020990797,-51.774539302861186,-0.018563591161388553,54.812595596242154,43.34
FOLLOW,0.0,55.01259559624216,-51.821891565697165,-1.5843737149263137,NO_PATH,0.0,0.0,47.14485020990797,-51.774539302861186,-0.018563591161388553,54.812595596242154,43.36
FOLLOW,0.0,55.01259559624216,-51.821891565697165,-1.5843737149263137,NO_PATH,0.0,0.0,47.14485020990797,-51.774539302861186,-0.018563591161388553,54.812595596242154,43.38
FOLLOW,0.0,55.01259559624216,-51.821891565697165,-1.5843737149263137,NO_PATH,0.0,0.0,47.14485020990797,-51.774539302861186,-0.018563591161388553,54.812595596242154,43.400000000000006
FOLLOW,0.0,55.01259559624216,-51.821891565697165,-1.5843737149263137,NO_PATH,0.0,0.0,47.14485020990797,-51.774539302861186,-0.018563591161388553,54.812595596242154,43.42
FOLLOW,0.0,55.01259559624216,-51.821891565697165,-1.5843737149263137,NO_PATH,0.0,0.0,47.14485020990797,-51.774539302861186,-0.018563591161388553,54.812595596242154,43.440000000000005
FOLLOW,0.0,55.01259559624216,-51.821891565697165,-1.5843737149263137,NO_PATH,0.0,0.0,47.14485020990797,-51.774539302861186,-0.018563591161388553,54.812595596242154,43.46
FOLLOW,0.0,55.01259559624216,-51.821891565697165,-1.5843737149263137,NO_PATH,0.0,0.0,47.14485020990797,-51.774539302861186,-0.018563591161388553,54.812595596242154,43.480000000000004
FOLLOW,0.0,55.01259559624216,-51.821891565697165,-1.5843737149263137,NO_PATH,0.0,0.0,47.14485020990797,-51.774539302861186,-0.018563591161388553,54.812595596242154,43.5
FOLLOW,0.0,55.01259559624216,-51.821891565697165,-1.5843737149263137,NO_PATH,0.0,0.0,47.14485020990797,-51.774539302861186,-0.018563591161388553,54.812595596242154,43.52
FOLLOW,0.0,55.01259559624216,-51.821891565697165,-1.5843737149263137,NO_PATH,0.0,0.0,47.14485020990797,-51.774539302861186,-0.018563591161388553,54.812595596242154,43.540000000000006
FOLLOW,0.0,55.01259559624216,-51.821891565697165,-1.5843737149263137,NO_PATH,0.0,0.0,47.14485020990797,-51.774539302861186,-0.018563591161388553,54.812595596242154,43.56
FOLLOW,0.0,55.01259559624216,-51.821891565697165,-1.5843737149263137,NO_PATH,0.0,0.0,47.14485020990797,-51.774539302861186,-0.018563591161388553,54.812595596242154,43.580000000000005
FOLLOW,0.0,55.01259559624216,-51.821891565697165,-1.5843737149263137,NO_PATH,0.0,0.0,47.14485020990797,-51.774539302861186,-0.018563591161388553,54.812595596242154,43.601000000000006
FOLLOW,0.0,55.01259559624216,-51.821891565697165,-1.5843737149263137,NO_PATH,0.0,0.0,47.14485020990797,-51.774539302861186,-0.018563591161388553,54.812595596242154,43.621
FOLLOW,0.0,55.01259559624216,-51.821891565697165,-1.5843737149263137,NO_PATH,0.0,0.0,47.14485020990797,-51.774539302861186,-0.018563591161388553,54.812595596242154,43.64
FOLLOW,0.0,55.01259559624216,-51.821891565697165,-1.5843737149263137,NO_PATH,0.0,0.0,47.14485020990797,-51.774539302861186,-0.018563591161388553,54.812595596242154,43.660000000000004
FOLLOW,0.0,55.01259559624216,-51.821891565697165,-1.5843737149263137,NO_PATH,0.0,0.0,47.14485020990797,-51.774539302861186,-0.018563591161388553,54.812595596242154,43.68
FOLLOW,0.0,55.01259559624216,-51.821891565697165,-1.5843737149263137,NO_PATH,0.0,0.0,47.14485020990797,-51.774539302861186,-0.018563591161388553,54.812595596242154,43.7
FOLLOW,0.0,55.01259559624216,-51.821891565697165,-1.5843737149263137,NO_PATH,0.0,0.0,47.14485020990797,-51.774539302861186,-0.018563591161388553,54.812595596242154,43.720000000000006
FOLLOW,0.0,55.01259559624216,-51.821891565697165,-1.5843737149263137,NO_PATH,0.0,0.0,47.14485020990797,-51.774539302861186,-0.018563591161388553,54.812595596242154,43.74
FOLLOW,0.0,55.01259559624216,-51.821891565697165,-1.5843737149263137,NO_PATH,0.0,0.0,47.14485020990797,-51.774539302861186,-0.018563591161388553,54.812595596242154,43.760000000000005
FOLLOW,0.0,55.01259559624216,-51.821891565697165,-1.5843737149263137,NO_PATH,0.0,0.0,47.14485020990797,-51.774539302861186,-0.018563591161388553,54.812595596242154,43.78
FOLLOW,0.0,55.01259559624216,-51.821891565697165,-1.5843737149263137,NO_PATH,0.0,0.0,47.14485020990797,-51.774539302861186,-0.018563591161388553,54.812595596242154,43.800000000000004
FOLLOW,0.0,55.01259559624216,-51.821891565697165,-1.5843737149263137,NO_PATH,0.0,0.0,47.14485020990797,-51.774539302861186,-0.018563591161388553,54.812595596242154,43.82
FOLLOW,0.0,55.01259559624216,-51.821891565697165,-1.5843737149263137,NO_PATH,0.0,0.0,47.14485020990797,-51.774539302861186,-0.018563591161388553,54.812595596242154,43.84
FOLLOW,0.0,55.01259559624216,-51.821891565697165,-1.5843737149263137,NO_PATH,0.0,0.0,47.14485020990797,-51.774539302861186,-0.018563591161388553,54.812595596242154,43.861000000000004
FOLLOW,0.0,55.01259559624216,-51.821891565697165,-1.5843737149263137,NO_PATH,0.0,0.0,47.14485020990797,-51.774539302861186,-0.018563591161388553,54.812595596242154,43.88
FOLLOW,0.0,55.01259559624216,-51.821891565697165,-1.5843737149263137,NO_PATH,0.0,0.0,47.14485020990797,-51.774539302861186,-0.018563591161388553,54.812595596242154,43.900000000000006
FOLLOW,0.0,55.01259559624216,-51.821891565697165,-1.5843737149263137,NO_PATH,0.0,0.0,47.14485020990797,-51.774539302861186,-0.018563591161388553,54.812595596242154,43.92
FOLLOW,0.0,55.01259559624216,-51.821891565697165,-1.5843737149263137,NO_PATH,0.0,0.0,47.14485020990797,-51.774539302861186,-0.018563591161388553,54.812595596242154,43.940000000000005
FOLLOW,0.0,55.01259559624216,-51.821891565697165,-1.5843737149263137,NO_PATH,0.0,0.0,47.14485020990797,-51.774539302861186,-0.018563591161388553,54.812595596242154,43.96
FOLLOW,0.0,55.01259559624216,-51.821891565697165,-1.5843737149263137,NO_PATH,0.0,0.0,47.14485020990797,-51.774539302861186,-0.018563591161388553,54.812595596242154,43.980000000000004
FOLLOW,0.0,55.01259559624216,-51.821891565697165,-1.5843737149263137,NO_PATH,0.0,0.0,47.14485020990797,-51.774539302861186,-0.018563591161388553,54.812595596242154,44.001000000000005
FOLLOW,0.0,55.01259559624216,-51.821891565697165,-1.5843737149263137,NO_PATH,0.0,0.0,47.14485020990797,-51.774539302861186,-0.018563591161388553,54.812595596242154,44.022000000000006
FOLLOW,0.0,55.01259559624216,-51.821891565697165,-1.5843737149263137,NO_PATH,0.0,0.0,47.14485020990797,-51.774539302861186,-0.018563591161388553,54.812595596242154,44.040000000000006
FOLLOW,0.0,55.01259559624216,-51.821891565697165,-1.5843737149263137,NO_PATH,0.0,0.0,47.14485020990797,-51.774539302861186,-0.018563591161388553,54.812595596242154,44.06
FOLLOW,0.0,55.01259559624216,-51.821891565697165,-1.5843737149263137,NO_PATH,0.0,0.0,47.14485020990797,-51.774539302861186,-0.018563591161388553,54.812595596242154,44.080000000000005
FOLLOW,0.0,55.01259559624216,-51.821891565697165,-1.5843737149263137,NO_PATH,0.0,0.0,47.14485020990797,-51.774539302861186,-0.018563591161388553,54.812595596242154,44.1
FOLLOW,0.0,55.01259559624216,-51.821891565697165,-1.5843737149263137,NO_PATH,0.0,0.0,47.14485020990797,-51.774539302861186,-0.018563591161388553,54.812595596242154,44.120000000000005
FOLLOW,0.0,55.01259559624216,-51.821891565697165,-1.5843737149263137,NO_PATH,0.0,0.0,47.14485020990797,-51.774539302861186,-0.018563591161388553,54.812595596242154,44.14
FOLLOW,0.0,55.01259559624216,-51.821891565697165,-1.5843737149263137,NO_PATH,0.0,0.0,47.14485020990797,-51.774539302861186,-0.018563591161388553,54.812595596242154,44.160000000000004
FOLLOW,0.0,55.01259559624216,-51.821891565697165,-1.5843737149263137,NO_PATH,0.0,0.0,47.14485020990797,-51.774539302861186,-0.018563591161388553,54.812595596242154,44.18
FOLLOW,0.0,55.01259559624216,-51.821891565697165,-1.5843737149263137,NO_PATH,0.0,0.0,47.14485020990797,-51.774539302861186,-0.018563591161388553,54.812595596242154,44.2
FOLLOW,0.0,55.01259559624216,-51.821891565697165,-1.5843737149263137,NO_PATH,0.0,0.0,47.14485020990797,-51.774539302861186,-0.018563591161388553,54.812595596242154,44.220000000000006
FOLLOW,0.0,55.01259559624216,-51.821891565697165,-1.5843737149263137,NO_PATH,0.0,0.0,47.14485020990797,-51.774539302861186,-0.018563591161388553,54.812595596242154,44.24
FOLLOW,0.0,55.01259559624216,-51.821891565697165,-1.5843737149263137,NO_PATH,0.0,0.0,47.14485020990797,-51.774539302861186,-0.018563591161388553,54.812595596242154,44.260000000000005
FOLLOW,0.0,55.01259559624216,-51.821891565697165,-1.5843737149263137,NO_PATH,0.0,0.0,47.14485020990797,-51.774539302861186,-0.018563591161388553,54.812595596242154,44.28
FOLLOW,0.0,55.01259559624216,-51.821891565697165,-1.5843737149263137,NO_PATH,0.0,0.0,47.14485020990797,-51.774539302861186,-0.018563591161388553,54.812595596242154,44.300000000000004
FOLLOW,0.0,55.01259559624216,-51.821891565697165,-1.5843737149263137,NO_PATH,0.0,0.0,47.14485020990797,-51.774539302861186,-0.018563591161388553,54.812595596242154,44.32
FOLLOW,0.0,55.01259559624216,-51.821891565697165,-1.5843737149263137,NO_PATH,0.0,0.0,47.14485020990797,-51.774539302861186,-0.018563591161388553,54.812595596242154,44.34
FOLLOW,0.0,55.01259559624216,-51.821891565697165,-1.5843737149263137,NO_PATH,0.0,0.0,47.14485020990797,-51.774539302861186,-0.018563591161388553,54.812595596242154,44.36
FOLLOW,0.0,55.01259559624216,-51.821891565697165,-1.5843737149263137,NO_PATH,0.0,0.0,47.14485020990797,-51.774539302861186,-0.018563591161388553,54.812595596242154,44.381
FOLLOW,0.0,55.01259559624216,-51.821891565697165,-1.5843737149263137,NO_PATH,0.0,0.0,47.14485020990797,-51.774539302861186,-0.018563591161388553,54.812595596242154,44.400000000000006
FOLLOW,0.0,55.01259559624216,-51.821891565697165,-1.5843737149263137,NO_PATH,0.0,0.0,47.14485020990797,-51.774539302861186,-0.018563591161388553,54.812595596242154,44.42
FOLLOW,0.0,55.01259559624216,-51.821891565697165,-1.5843737149263137,NO_PATH,0.0,0.0,47.14485020990797,-51.774539302861186,-0.018563591161388553,54.812595596242154,44.440000000000005
FOLLOW,0.0,55.01259559624216,-51.821891565697165,-1.5843737149263137,NO_PATH,0.0,0.0,47.14485020990797,-51.774539302861186,-0.018563591161388553,54.812595596242154,44.46
FOLLOW,0.0,55.01259559624216,-51.821891565697165,-1.5843737149263137,NO_PATH,0.0,0.0,47.14485020990797,-51.774539302861186,-0.018563591161388553,54.812595596242154,44.480000000000004
FOLLOW,0.0,55.01259559624216,-51.821891565697165,-1.5843737149263137,NO_PATH,0.0,0.0,47.14485020990797,-51.774539302861186,-0.018563591161388553,54.812595596242154,44.501000000000005
FOLLOW,0.0,55.01259559624216,-51.821891565697165,-1.5843737149263137,NO_PATH,0.0,0.0,47.14485020990797,-51.774539302861186,-0.018563591161388553,54.812595596242154,44.52
FOLLOW,0.0,55.01259559624216,-51.821891565697165,-1.5843737149263137,NO_PATH,0.0,0.0,47.14485020990797,-51.774539302861186,-0.018563591161388553,54.812595596242154,44.540000000000006
FOLLOW,0.0,55.01259559624216,-51.821891565697165,-1.5843737149263137,NO_PATH,0.0,0.0,47.14485020990797,-51.774539302861186,-0.018563591161388553,54.812595596242154,44.56
FOLLOW,0.0,55.01259559624216,-51.821891565697165,-1.5843737149263137,NO_PATH,0.0,0.0,47.14485020990797,-51.774539302861186,-0.018563591161388553,54.812595596242154,44.580000000000005
FOLLOW,0.0,55.01259559624216,-51.821891565697165,-1.5843737149263137,NO_PATH,0.0,0.0,47.14485020990797,-51.774539302861186,-0.018563591161388553,54.812595596242154,44.6
FOLLOW,0.0,55.01259559624216,-51.821891565697165,-1.5843737149263137,NO_PATH,0.0,0.0,47.14485020990797,-51.774539302861186,-0.018563591161388553,54.812595596242154,44.620000000000005
FOLLOW,0.0,55.01259559624216,-51.821891565697165,-1.5843737149263137,NO_PATH,0.0,0.0,47.14485020990797,-51.774539302861186,-0.018563591161388553,54.812595596242154,44.64
FOLLOW,0.0,55.01259559624216,-51.821891565697165,-1.5843737149263137,NO_PATH,0.0,0.0,47.14485020990797,-51.774539302861186,-0.018563591161388553,54.812595596242154,44.660000000000004
FOLLOW,0.0,55.01259559624216,-51.821891565697165,-1.5843737149263137,NO_PATH,0.0,0.0,47.14485020990797,-51.774539302861186,-0.018563591161388553,54.812595596242154,44.68
FOLLOW,0.0,55.01259559624216,-51.821891565697165,-1.5843737149263137,NO_PATH,0.0,0.0,47.14485020990797,-51.774539302861186,-0.018563591161388553,54.812595596242154,44.701
FOLLOW,0.0,55.01259559624216,-51.821891565697165,-1.5843737149263137,NO_PATH,0.0,0.0,47.14485020990797,-51.774539302861186,-0.018563591161388553,54.812595596242154,44.720000000000006
FOLLOW,0.0,55.01259559624216,-51.821891565697165,-1.5843737149263137,NO_PATH,0.0,0.0,47.14485020990797,-51.774539302861186,-0.018563591161388553,54.812595596242154,44.74
FOLLOW,0.0,55.01259559624216,-51.821891565697165,-1.5843737149263137,NO_PATH,0.0,0.0,47.14485020990797,-51.774539302861186,-0.018563591161388553,54.812595596242154,44.760000000000005
FOLLOW,0.0,55.01259559624216,-51.821891565697165,-1.5843737149263137,NO_PATH,0.0,0.0,47.14485020990797,-51.774539302861186,-0.018563591161388553,54.812595596242154,44.78
FOLLOW,0.0,55.01259559624216,-51.821891565697165,-1.5843737149263137,NO_PATH,0.0,0.0,47.14485020990797,-51.774539302861186,-0.018563591161388553,54.812595596242154,44.800000000000004
FOLLOW,0.0,55.01259559624216,-51.821891565697165,-1.5843737149263137,NO_PATH,0.0,0.0,47.14485020990797,-51.774539302861186,-0.018563591161388553,54.812595596242154,44.82
FOLLOW,0.0,55.01259559624216,-51.821891565697165,-1.5843737149263137,NO_PATH,0.0,0.0,47.14485020990797,-51.774539302861186,-0.018563591161388553,54.812595596242154,44.84
FOLLOW,0.0,55.01259559624216,-51.821891565697165,-1.5843737149263137,NO_PATH,0.0,0.0,47.14485020990797,-51.774539302861186,-0.018563591161388553,54.812595596242154,44.86
FOLLOW,0.0,55.01259559624216,-51.821891565697165,-1.5843737149263137,NO_PATH,0.0,0.0,47.14485020990797,-51.774539302861186,-0.018563591161388553,54.812595596242154,44.88
FOLLOW,0.0,55.01259559624216,-51.821891565697165,-1.5843737149263137,NO_PATH,0.0,0.0,47.14485020990797,-51.774539302861186,-0.018563591161388553,54.812595596242154,44.900000000000006
FOLLOW,0.0,55.01259559624216,-51.821891565697165,-1.5843737149263137,NO_PATH,0.0,0.0,47.14485020990797,-51.774539302861186,-0.018563591161388553,54.812595596242154,44.92
FOLLOW,0.0,55.01259559624216,-51.821891565697165,-1.5843737149263137,NO_PATH,0.0,0.0,47.14485020990797,-51.774539302861186,-0.018563591161388553,54.812595596242154,44.940000000000005
FOLLOW,0.0,55.01259559624216,-51.821891565697165,-1.5843737149263137,NO_PATH,0.0,0.0,47.14485020990797,-51.774539302861186,-0.018563591161388553,54.812595596242154,44.96
FOLLOW,0.0,55.01259559624216,-51.821891565697165,-1.5843737149263137,NO_PATH,0.0,0.0,47.14485020990797,-51.774539302861186,-0.018563591161388553,54.812595596242154,44.980000000000004
FOLLOW,0.0,55.01259559624216,-51.821891565697165,-1.5843737149263137,NO_PATH,0.0,0.0,47.14485020990797,-51.774539302861186,-0.018563591161388553,54.812595596242154,45.0
FOLLOW,0.0,55.01259559624216,-51.821891565697165,-1.5843737149263137,NO_PATH,0.0,0.0,47.14485020990797,-51.774539302861186,-0.018563591161388553,54.812595596242154,45.02
FOLLOW,0.0,55.01259559624216,-51.821891565697165,-1.5843737149263137,NO_PATH,0.0,0.0,47.14485020990797,-51.774539302861186,-0.018563591161388553,54.812595596242154,45.041000000000004
FOLLOW,0.0,55.01259559624216,-51.821891565697165,-1.5843737149263137,NO_PATH,0.0,0.0,47.14485020990797,-51.774539302861186,-0.018563591161388553,54.812595596242154,45.06
FOLLOW,0.0,55.01259559624216,-51.821891565697165,-1.5843737149263137,NO_PATH,0.0,0.0,47.14485020990797,-51.774539302861186,-0.018563591161388553,54.812595596242154,45.080000000000005
FOLLOW,0.0,55.01259559624216,-51.821891565697165,-1.5843737149263137,NO_PATH,0.0,0.0,47.14485020990797,-51.774539302861186,-0.018563591161388553,54.812595596242154,45.1
FOLLOW,0.0,55.01259559624216,-51.821891565697165,-1.5843737149263137,NO_PATH,0.0,0.0,47.14485020990797,-51.774539302861186,-0.018563591161388553,54.812595596242154,45.120000000000005
FOLLOW,0.0,55.01259559624216,-51.821891565697165,-1.5843737149263137,NO_PATH,0.0,0.0,47.14485020990797,-51.774539302861186,-0.018563591161388553,54.812595596242154,45.14
FOLLOW,0.0,55.01259559624216,-51.821891565697165,-1.5843737149263137,NO_PATH,0.0,0.0,47.14485020990797,-51.774539302861186,-0.018563591161388553,54.812595596242154,45.160000000000004
FOLLOW,0.0,55.01259559624216,-51.821891565697165,-1.5843737149263137,NO_PATH,0.0,0.0,47.14485020990797,-51.774539302861186,-0.018563591161388553,54.812595596242154,45.18
FOLLOW,0.0,55.01259559624216,-51.821891565697165,-1.5843737149263137,NO_PATH,0.0,0.0,47.14485020990797,-51.774539302861186,-0.018563591161388553,54.812595596242154,45.2
FOLLOW,0.0,55.01259559624216,-51.821891565697165,-1.5843737149263137,NO_PATH,0.0,0.0,47.14485020990797,-51.774539302861186,-0.018563591161388553,54.812595596242154,45.220000000000006
FOLLOW,0.0,55.01259559624216,-51.821891565697165,-1.5843737149263137,NO_PATH,0.0,0.0,47.14485020990797,-51.774539302861186,-0.018563591161388553,54.812595596242154,45.24
FOLLOW,0.0,55.01259559624216,-51.821891565697165,-1.5843737149263137,NO_PATH,0.0,0.0,47.14485020990797,-51.774539302861186,-0.018563591161388553,54.812595596242154,45.260000000000005
FOLLOW,0.0,55.01259559624216,-51.821891565697165,-1.5843737149263137,NO_PATH,0.0,0.0,47.14485020990797,-51.774539302861186,-0.018563591161388553,54.812595596242154,45.28
FOLLOW,0.0,55.01259559624216,-51.821891565697165,-1.5843737149263137,NO_PATH,0.0,0.0,47.14485020990797,-51.774539302861186,-0.018563591161388553,54.812595596242154,45.300000000000004
FOLLOW,0.0,55.01259559624216,-51.821891565697165,-1.5843737149263137,NO_PATH,0.0,0.0,47.14485020990797,-51.774539302861186,-0.018563591161388553,54.812595596242154,45.321000000000005
FOLLOW,0.0,55.01259559624216,-51.821891565697165,-1.5843737149263137,NO_PATH,0.0,0.0,47.14485020990797,-51.774539302861186,-0.018563591161388553,54.812595596242154,45.34
FOLLOW,0.0,55.01259559624216,-51.821891565697165,-1.5843737149263137,NO_PATH,0.0,0.0,47.14485020990797,-51.774539302861186,-0.018563591161388553,54.812595596242154,45.36
FOLLOW,0.0,55.01259559624216,-51.821891565697165,-1.5843737149263137,NO_PATH,0.0,0.0,47.14485020990797,-51.774539302861186,-0.018563591161388553,54.812595596242154,45.38
FOLLOW,0.0,55.01259559624216,-51.821891565697165,-1.5843737149263137,NO_PATH,0.0,0.0,47.14485020990797,-51.774539302861186,-0.018563591161388553,54.812595596242154,45.400000000000006
FOLLOW,0.0,55.01259559624216,-51.821891565697165,-1.5843737149263137,NO_PATH,0.0,0.0,47.14485020990797,-51.774539302861186,-0.018563591161388553,54.812595596242154,45.42
FOLLOW,0.0,55.01259559624216,-51.821891565697165,-1.5843737149263137,NO_PATH,0.0,0.0,47.14485020990797,-51.774539302861186,-0.018563591161388553,54.812595596242154,45.440000000000005
FOLLOW,0.0,55.01259559624216,-51.821891565697165,-1.5843737149263137,NO_PATH,0.0,0.0,47.14485020990797,-51.774539302861186,-0.018563591161388553,54.812595596242154,45.46
FOLLOW,0.0,55.01259559624216,-51.821891565697165,-1.5843737149263137,NO_PATH,0.0,0.0,47.14485020990797,-51.774539302861186,-0.018563591161388553,54.812595596242154,45.480000000000004
FOLLOW,0.0,55.01259559624216,-51.821891565697165,-1.5843737149263137,NO_PATH,0.0,0.0,47.14485020990797,-51.774539302861186,-0.018563591161388553,54.812595596242154,45.5
FOLLOW,0.0,55.01259559624216,-51.821891565697165,-1.5843737149263137,NO_PATH,0.0,0.0,47.14485020990797,-51.774539302861186,-0.018563591161388553,54.812595596242154,45.52
FOLLOW,0.0,55.01259559624216,-51.821891565697165,-1.5843737149263137,NO_PATH,0.0,0.0,47.14485020990797,-51.774539302861186,-0.018563591161388553,54.812595596242154,45.540000000000006
FOLLOW,0.0,55.01259559624216,-51.821891565697165,-1.5843737149263137,NO_PATH,0.0,0.0,47.14485020990797,-51.774539302861186,-0.018563591161388553,54.812595596242154,45.56
FOLLOW,0.0,55.01259559624216,-51.821891565697165,-1.5843737149263137,NO_PATH,0.0,0.0,47.14485020990797,-51.774539302861186,-0.018563591161388553,54.812595596242154,45.580000000000005
FOLLOW,0.0,55.01259559624216,-51.821891565697165,-1.5843737149263137,NO_PATH,0.0,0.0,47.14485020990797,-51.774539302861186,-0.018563591161388553,54.812595596242154,45.6
FOLLOW,0.0,55.01259559624216,-51.821891565697165,-1.5843737149263137,NO_PATH,0.0,0.0,47.14485020990797,-51.774539302861186,-0.018563591161388553,54.812595596242154,45.620000000000005
FOLLOW,0.0,55.01259559624216,-51.821891565697165,-1.5843737149263137,NO_PATH,0.0,0.0,47.14485020990797,-51.774539302861186,-0.018563591161388553,54.812595596242154,45.64
FOLLOW,0.0,55.01259559624216,-51.821891565697165,-1.5843737149263137,NO_PATH,0.0,0.0,47.14485020990797,-51.774539302861186,-0.018563591161388553,54.812595596242154,45.660000000000004
FOLLOW,0.0,55.01259559624216,-51.821891565697165,-1.5843737149263137,NO_PATH,0.0,0.0,47.14485020990797,-51.774539302861186,-0.018563591161388553,54.812595596242154,45.68
FOLLOW,0.0,55.01259559624216,-51.821891565697165,-1.5843737149263137,NO_PATH,0.0,0.0,47.14485020990797,-51.774539302861186,-0.018563591161388553,54.812595596242154,45.7
FOLLOW,0.0,55.01259559624216,-51.821891565697165,-1.5843737149263137,NO_PATH,0.0,0.0,47.14485020990797,-51.774539302861186,-0.018563591161388553,54.812595596242154,45.720000000000006
FOLLOW,0.0,55.01259559624216,-51.821891565697165,-1.5843737149263137,NO_PATH,0.0,0.0,47.14485020990797,-51.774539302861186,-0.018563591161388553,54.812595596242154,45.74
FOLLOW,0.0,55.01259559624216,-51.821891565697165,-1.5843737149263137,NO_PATH,0.0,0.0,47.14485020990797,-51.774539302861186,-0.018563591161388553,54.812595596242154,45.760000000000005
FOLLOW,0.0,55.01259559624216,-51.821891565697165,-1.5843737149263137,NO_PATH,0.0,0.0,47.14485020990797,-51.774539302861186,-0.018563591161388553,54.812595596242154,45.78
FOLLOW,0.0,55.01259559624216,-51.821891565697165,-1.5843737149263137,NO_PATH,0.0,0.0,47.14485020990797,-51.774539302861186,-0.018563591161388553,54.812595596242154,45.800000000000004
FOLLOW,0.0,55.01259559624216,-51.821891565697165,-1.5843737149263137,NO_PATH,0.0,0.0,47.14485020990797,-51.774539302861186,-0.018563591161388553,54.812595596242154,45.82
FOLLOW,0.0,55.01259559624216,-51.821891565697165,-1.5843737149263137,NO_PATH,0.0,0.0,47.14485020990797,-51.774539302861186,-0.018563591161388553,54.812595596242154,45.84
FOLLOW,0.0,55.01259559624216,-51.821891565697165,-1.5843737149263137,NO_PATH,0.0,0.0,47.14485020990797,-51.774539302861186,-0.018563591161388553,54.812595596242154,45.86
FOLLOW,0.0,55.01259559624216,-51.821891565697165,-1.5843737149263137,NO_PATH,0.0,0.0,47.14485020990797,-51.774539302861186,-0.018563591161388553,54.812595596242154,45.88
FOLLOW,0.0,55.01259559624216,-51.821891565697165,-1.5843737149263137,NO_PATH,0.0,0.0,47.14485020990797,-51.774539302861186,-0.018563591161388553,54.812595596242154,45.900000000000006
FOLLOW,0.0,55.01259559624216,-51.821891565697165,-1.5843737149263137,NO_PATH,0.0,0.0,47.14485020990797,-51.774539302861186,-0.018563591161388553,54.812595596242154,45.92
FOLLOW,0.0,55.01259559624216,-51.821891565697165,-1.5843737149263137,NO_PATH,0.0,0.0,47.14485020990797,-51.774539302861186,-0.018563591161388553,54.812595596242154,45.940000000000005
FOLLOW,0.0,55.01259559624216,-51.821891565697165,-1.5843737149263137,NO_PATH,0.0,0.0,47.14485020990797,-51.774539302861186,-0.018563591161388553,54.812595596242154,45.96
FOLLOW,0.0,55.01259559624216,-51.821891565697165,-1.5843737149263137,NO_PATH,0.0,0.0,47.14485020990797,-51.774539302861186,-0.018563591161388553,54.812595596242154,45.980000000000004
FOLLOW,0.0,55.01259559624216,-51.821891565697165,-1.5843737149263137,NO_PATH,0.0,0.0,47.14485020990797,-51.774539302861186,-0.018563591161388553,54.812595596242154,46.0
FOLLOW,0.0,55.01259559624216,-51.821891565697165,-1.5843737149263137,NO_PATH,0.0,0.0,47.14485020990797,-51.774539302861186,-0.018563591161388553,54.812595596242154,46.02
FOLLOW,0.0,55.01259559624216,-51.821891565697165,-1.5843737149263137,NO_PATH,0.0,0.0,47.14485020990797,-51.774539302861186,-0.018563591161388553,54.812595596242154,46.040000000000006
FOLLOW,0.0,55.01259559624216,-51.821891565697165,-1.5843737149263137,NO_PATH,0.0,0.0,47.14485020990797,-51.774539302861186,-0.018563591161388553,54.812595596242154,46.06
FOLLOW,0.0,55.01259559624216,-51.821891565697165,-1.5843737149263137,NO_PATH,0.0,0.0,47.14485020990797,-51.774539302861186,-0.018563591161388553,54.812595596242154,46.080000000000005
FOLLOW,0.0,55.01259559624216,-51.821891565697165,-1.5843737149263137,NO_PATH,0.0,0.0,47.14485020990797,-51.774539302861186,-0.018563591161388553,54.812595596242154,46.1
FOLLOW,0.0,55.01259559624216,-51.821891565697165,-1.5843737149263137,NO_PATH,0.0,0.0,47.14485020990797,-51.774539302861186,-0.018563591161388553,54.812595596242154,46.120000000000005
FOLLOW,0.0,55.01259559624216,-51.821891565697165,-1.5843737149263137,NO_PATH,0.0,0.0,47.14485020990797,-51.774539302861186,-0.018563591161388553,54.812595596242154,46.14
FOLLOW,0.0,55.01259559624216,-51.821891565697165,-1.5843737149263137,NO_PATH,0.0,0.0,47.14485020990797,-51.774539302861186,-0.018563591161388553,54.812595596242154,46.160000000000004
FOLLOW,0.0,55.01259559624216,-51.821891565697165,-1.5843737149263137,NO_PATH,0.0,0.0,47.14485020990797,-51.774539302861186,-0.018563591161388553,54.812595596242154,46.18
FOLLOW,0.0,55.01259559624216,-51.821891565697165,-1.5843737149263137,NO_PATH,0.0,0.0,47.14485020990797,-51.774539302861186,-0.018563591161388553,54.812595596242154,46.2
FOLLOW,0.0,55.01259559624216,-51.821891565697165,-1.5843737149263137,NO_PATH,0.0,0.0,47.14485020990797,-51.774539302861186,-0.018563591161388553,54.812595596242154,46.220000000000006
FOLLOW,0.0,55.01259559624216,-51.821891565697165,-1.5843737149263137,NO_PATH,0.0,0.0,47.14485020990797,-51.774539302861186,-0.018563591161388553,54.812595596242154,46.24
FOLLOW,0.0,55.01259559624216,-51.821891565697165,-1.5843737149263137,NO_PATH,0.0,0.0,47.14485020990797,-51.774539302861186,-0.018563591161388553,54.812595596242154,46.261
FOLLOW,0.0,55.01259559624216,-51.821891565697165,-1.5843737149263137,NO_PATH,0.0,0.0,47.14485020990797,-51.774539302861186,-0.018563591161388553,54.812595596242154,46.28
FOLLOW,0.0,55.01259559624216,-51.821891565697165,-1.5843737149263137,NO_PATH,0.0,0.0,47.14485020990797,-51.774539302861186,-0.018563591161388553,54.812595596242154,46.300000000000004
FOLLOW,0.0,55.01259559624216,-51.821891565697165,-1.5843737149263137,NO_PATH,0.0,0.0,47.14485020990797,-51.774539302861186,-0.018563591161388553,54.812595596242154,46.32
FOLLOW,0.0,55.01259559624216,-51.821891565697165,-1.5843737149263137,NO_PATH,0.0,0.0,47.14485020990797,-51.774539302861186,-0.018563591161388553,54.812595596242154,46.34
FOLLOW,0.0,55.01259559624216,-51.821891565697165,-1.5843737149263137,NO_PATH,0.0,0.0,47.14485020990797,-51.774539302861186,-0.018563591161388553,54.812595596242154,46.36
FOLLOW,0.0,55.01259559624216,-51.821891565697165,-1.5843737149263137,NO_PATH,0.0,0.0,47.14485020990797,-51.774539302861186,-0.018563591161388553,54.812595596242154,46.38
FOLLOW,0.0,55.01259559624216,-51.821891565697165,-1.5843737149263137,NO_PATH,0.0,0.0,47.14485020990797,-51.774539302861186,-0.018563591161388553,54.812595596242154,46.400000000000006
FOLLOW,0.0,55.01259559624216,-51.821891565697165,-1.5843737149263137,NO_PATH,0.0,0.0,47.14485020990797,-51.774539302861186,-0.018563591161388553,54.812595596242154,46.421
FOLLOW,0.0,55.01259559624216,-51.821891565697165,-1.5843737149263137,NO_PATH,0.0,0.0,47.14485020990797,-51.774539302861186,-0.018563591161388553,54.812595596242154,46.440000000000005
FOLLOW,0.0,55.01259559624216,-51.821891565697165,-1.5843737149263137,NO_PATH,0.0,0.0,47.14485020990797,-51.774539302861186,-0.018563591161388553,54.812595596242154,46.46
FOLLOW,0.0,55.01259559624216,-51.821891565697165,-1.5843737149263137,NO_PATH,0.0,0.0,47.14485020990797,-51.774539302861186,-0.018563591161388553,54.812595596242154,46.480000000000004
FOLLOW,0.0,55.01259559624216,-51.821891565697165,-1.5843737149263137,NO_PATH,0.0,0.0,47.14485020990797,-51.774539302861186,-0.018563591161388553,54.812595596242154,46.5
FOLLOW,0.0,55.01259559624216,-51.821891565697165,-1.5843737149263137,NO_PATH,0.0,0.0,47.14485020990797,-51.774539302861186,-0.018563591161388553,54.812595596242154,46.52
FOLLOW,0.0,55.01259559624216,-51.821891565697165,-1.5843737149263137,NO_PATH,0.0,0.0,47.14485020990797,-51.774539302861186,-0.018563591161388553,54.812595596242154,46.540000000000006
FOLLOW,0.0,55.01259559624216,-51.821891565697165,-1.5843737149263137,NO_PATH,0.0,0.0,47.14485020990797,-51.774539302861186,-0.018563591161388553,54.812595596242154,46.56
FOLLOW,0.0,55.01259559624216,-51.821891565697165,-1.5843737149263137,NO_PATH,0.0,0.0,47.14485020990797,-51.774539302861186,-0.018563591161388553,54.812595596242154,46.580000000000005
FOLLOW,0.0,55.01259559624216,-51.821891565697165,-1.5843737149263137,NO_PATH,0.0,0.0,47.14485020990797,-51.774539302861186,-0.018563591161388553,54.812595596242154,46.601000000000006
FOLLOW,0.0,55.01259559624216,-51.821891565697165,-1.5843737149263137,NO_PATH,0.0,0.0,47.14485020990797,-51.774539302861186,-0.018563591161388553,54.812595596242154,46.620000000000005
FOLLOW,0.0,55.01259559624216,-51.821891565697165,-1.5843737149263137,NO_PATH,0.0,0.0,47.14485020990797,-51.774539302861186,-0.018563591161388553,54.812595596242154,46.64
FOLLOW,0.0,55.01259559624216,-51.821891565697165,-1.5843737149263137,NO_PATH,0.0,0.0,47.14485020990797,-51.774539302861186,-0.018563591161388553,54.812595596242154,46.660000000000004
FOLLOW,0.0,55.01259559624216,-51.821891565697165,-1.5843737149263137,NO_PATH,0.0,0.0,47.14485020990797,-51.774539302861186,-0.018563591161388553,54.812595596242154,46.68
FOLLOW,0.0,55.01259559624216,-51.821891565697165,-1.5843737149263137,NO_PATH,0.0,0.0,47.14485020990797,-51.774539302861186,-0.018563591161388553,54.812595596242154,46.7
FOLLOW,0.0,55.01259559624216,-51.821891565697165,-1.5843737149263137,NO_PATH,0.0,0.0,47.14485020990797,-51.774539302861186,-0.018563591161388553,54.812595596242154,46.720000000000006
FOLLOW,0.0,55.01259559624216,-51.821891565697165,-1.5843737149263137,NO_PATH,0.0,0.0,47.14485020990797,-51.774539302861186,-0.018563591161388553,54.812595596242154,46.74
FOLLOW,0.0,55.01259559624216,-51.821891565697165,-1.5843737149263137,NO_PATH,0.0,0.0,47.14485020990797,-51.774539302861186,-0.018563591161388553,54.812595596242154,46.760000000000005
FOLLOW,0.0,55.01259559624216,-51.821891565697165,-1.5843737149263137,NO_PATH,0.0,0.0,47.14485020990797,-51.774539302861186,-0.018563591161388553,54.812595596242154,46.78
FOLLOW,0.0,55.01259559624216,-51.821891565697165,-1.5843737149263137,NO_PATH,0.0,0.0,47.14485020990797,-51.774539302861186,-0.018563591161388553,54.812595596242154,46.800000000000004
FOLLOW,0.0,55.01259559624216,-51.821891565697165,-1.5843737149263137,NO_PATH,0.0,0.0,47.14485020990797,-51.774539302861186,-0.018563591161388553,54.812595596242154,46.821000000000005
FOLLOW,0.0,55.01259559624216,-51.821891565697165,-1.5843737149263137,NO_PATH,0.0,0.0,47.14485020990797,-51.774539302861186,-0.018563591161388553,54.812595596242154,46.84
FOLLOW,0.0,55.01259559624216,-51.821891565697165,-1.5843737149263137,NO_PATH,0.0,0.0,47.14485020990797,-51.774539302861186,-0.018563591161388553,54.812595596242154,46.86
FOLLOW,0.0,55.01259559624216,-51.821891565697165,-1.5843737149263137,NO_PATH,0.0,0.0,47.14485020990797,-51.774539302861186,-0.018563591161388553,54.812595596242154,46.88
FOLLOW,0.0,55.01259559624216,-51.821891565697165,-1.5843737149263137,NO_PATH,0.0,0.0,47.14485020990797,-51.774539302861186,-0.018563591161388553,54.812595596242154,46.900000000000006
FOLLOW,0.0,55.01259559624216,-51.821891565697165,-1.5843737149263137,NO_PATH,0.0,0.0,47.14485020990797,-51.774539302861186,-0.018563591161388553,54.812595596242154,46.92
FOLLOW,0.0,55.01259559624216,-51.821891565697165,-1.5843737149263137,NO_PATH,0.0,0.0,47.14485020990797,-51.774539302861186,-0.018563591161388553,54.812595596242154,46.940000000000005
FOLLOW,0.0,55.01259559624216,-51.821891565697165,-1.5843737149263137,NO_PATH,0.0,0.0,47.14485020990797,-51.774539302861186,-0.018563591161388553,54.812595596242154,46.96
FOLLOW,0.0,55.01259559624216,-51.821891565697165,-1.5843737149263137,NO_PATH,0.0,0.0,47.14485020990797,-51.774539302861186,-0.018563591161388553,54.812595596242154,46.980000000000004
FOLLOW,0.0,55.01259559624216,-51.821891565697165,-1.5843737149263137,NO_PATH,0.0,0.0,47.14485020990797,-51.774539302861186,-0.018563591161388553,54.812595596242154,47.0
FOLLOW,0.0,55.01259559624216,-51.821891565697165,-1.5843737149263137,NO_PATH,0.0,0.0,47.14485020990797,-51.774539302861186,-0.018563591161388553,54.812595596242154,47.02
FOLLOW,0.0,55.01259559624216,-51.821891565697165,-1.5843737149263137,NO_PATH,0.0,0.0,47.14485020990797,-51.774539302861186,-0.018563591161388553,54.812595596242154,47.040000000000006
FOLLOW,0.0,55.01259559624216,-51.821891565697165,-1.5843737149263137,NO_PATH,0.0,0.0,47.14485020990797,-51.774539302861186,-0.018563591161388553,54.812595596242154,47.061
FOLLOW,0.0,55.01259559624216,-51.821891565697165,-1.5843737149263137,NO_PATH,0.0,0.0,47.14485020990797,-51.774539302861186,-0.018563591161388553,54.812595596242154,47.080000000000005
FOLLOW,0.0,55.01259559624216,-51.821891565697165,-1.5843737149263137,NO_PATH,0.0,0.0,47.14485020990797,-51.774539302861186,-0.018563591161388553,54.812595596242154,47.1
FOLLOW,0.0,55.01259559624216,-51.821891565697165,-1.5843737149263137,NO_PATH,0.0,0.0,47.14485020990797,-51.774539302861186,-0.018563591161388553,54.812595596242154,47.120000000000005
FOLLOW,0.0,55.01259559624216,-51.821891565697165,-1.5843737149263137,NO_PATH,0.0,0.0,47.14485020990797,-51.774539302861186,-0.018563591161388553,54.812595596242154,47.14
FOLLOW,0.0,55.01259559624216,-51.821891565697165,-1.5843737149263137,NO_PATH,0.0,0.0,47.14485020990797,-51.774539302861186,-0.018563591161388553,54.812595596242154,47.160000000000004
FOLLOW,0.0,55.01259559624216,-51.821891565697165,-1.5843737149263137,NO_PATH,0.0,0.0,47.14485020990797,-51.774539302861186,-0.018563591161388553,54.812595596242154,47.18
FOLLOW,0.0,55.01259559624216,-51.821891565697165,-1.5843737149263137,NO_PATH,0.0,0.0,47.14485020990797,-51.774539302861186,-0.018563591161388553,54.812595596242154,47.2
FOLLOW,0.0,55.01259559624216,-51.821891565697165,-1.5843737149263137,NO_PATH,0.0,0.0,47.14485020990797,-51.774539302861186,-0.018563591161388553,54.812595596242154,47.220000000000006
FOLLOW,0.0,55.01259559624216,-51.821891565697165,-1.5843737149263137,NO_PATH,0.0,0.0,47.14485020990797,-51.774539302861186,-0.018563591161388553,54.812595596242154,47.24
FOLLOW,0.0,55.01259559624216,-51.821891565697165,-1.5843737149263137,NO_PATH,0.0,0.0,47.14485020990797,-51.774539302861186,-0.018563591161388553,54.812595596242154,47.260000000000005
FOLLOW,0.0,55.01259559624216,-51.821891565697165,-1.5843737149263137,NO_PATH,0.0,0.0,47.14485020990797,-51.774539302861186,-0.018563591161388553,54.812595596242154,47.28
FOLLOW,0.0,55.01259559624216,-51.821891565697165,-1.5843737149263137,NO_PATH,0.0,0.0,47.14485020990797,-51.774539302861186,-0.018563591161388553,54.812595596242154,47.300000000000004
FOLLOW,0.0,55.01259559624216,-51.821891565697165,-1.5843737149263137,NO_PATH,0.0,0.0,47.14485020990797,-51.774539302861186,-0.018563591161388553,54.812595596242154,47.32
FOLLOW,0.0,55.01259559624216,-51.821891565697165,-1.5843737149263137,NO_PATH,0.0,0.0,47.14485020990797,-51.774539302861186,-0.018563591161388553,54.812595596242154,47.34
FOLLOW,0.0,55.01259559624216,-51.821891565697165,-1.5843737149263137,NO_PATH,0.0,0.0,47.14485020990797,-51.774539302861186,-0.018563591161388553,54.812595596242154,47.36
FOLLOW,0.0,55.01259559624216,-51.821891565697165,-1.5843737149263137,NO_PATH,0.0,0.0,47.14485020990797,-51.774539302861186,-0.018563591161388553,54.812595596242154,47.38
FOLLOW,0.0,55.01259559624216,-51.821891565697165,-1.5843737149263137,NO_PATH,0.0,0.0,47.14485020990797,-51.774539302861186,-0.018563591161388553,54.812595596242154,47.400000000000006
FOLLOW,0.0,55.01259559624216,-51.821891565697165,-1.5843737149263137,NO_PATH,0.0,0.0,47.14485020990797,-51.774539302861186,-0.018563591161388553,54.812595596242154,47.42
FOLLOW,0.0,55.01259559624216,-51.821891565697165,-1.5843737149263137,NO_PATH,0.0,0.0,47.14485020990797,-51.774539302861186,-0.018563591161388553,54.812595596242154,47.440000000000005
FOLLOW,0.0,55.01259559624216,-51.821891565697165,-1.5843737149263137,NO_PATH,0.0,0.0,47.14485020990797,-51.774539302861186,-0.018563591161388553,54.812595596242154,47.46
FOLLOW,0.0,55.01259559624216,-51.821891565697165,-1.5843737149263137,NO_PATH,0.0,0.0,47.14485020990797,-51.774539302861186,-0.018563591161388553,54.812595596242154,47.480000000000004
FOLLOW,0.0,55.01259559624216,-51.821891565697165,-1.5843737149263137,NO_PATH,0.0,0.0,47.14485020990797,-51.774539302861186,-0.018563591161388553,54.812595596242154,47.501000000000005
FOLLOW,0.0,55.01259559624216,-51.821891565697165,-1.5843737149263137,NO_PATH,0.0,0.0,47.14485020990797,-51.774539302861186,-0.018563591161388553,54.812595596242154,47.52
FOLLOW,0.0,55.01259559624216,-51.821891565697165,-1.5843737149263137,NO_PATH,0.0,0.0,47.14485020990797,-51.774539302861186,-0.018563591161388553,54.812595596242154,47.540000000000006
FOLLOW,0.0,55.01259559624216,-51.821891565697165,-1.5843737149263137,NO_PATH,0.0,0.0,47.14485020990797,-51.774539302861186,-0.018563591161388553,54.812595596242154,47.56
FOLLOW,0.0,55.01259559624216,-51.821891565697165,-1.5843737149263137,NO_PATH,0.0,0.0,47.14485020990797,-51.774539302861186,-0.018563591161388553,54.812595596242154,47.580000000000005
FOLLOW,0.0,55.01259559624216,-51.821891565697165,-1.5843737149263137,NO_PATH,0.0,0.0,47.14485020990797,-51.774539302861186,-0.018563591161388553,54.812595596242154,47.6
FOLLOW,0.0,55.01259559624216,-51.821891565697165,-1.5843737149263137,NO_PATH,0.0,0.0,47.14485020990797,-51.774539302861186,-0.018563591161388553,54.812595596242154,47.620000000000005
FOLLOW,0.0,55.01259559624216,-51.821891565697165,-1.5843737149263137,NO_PATH,0.0,0.0,47.14485020990797,-51.774539302861186,-0.018563591161388553,54.812595596242154,47.64
FOLLOW,0.0,55.01259559624216,-51.821891565697165,-1.5843737149263137,NO_PATH,0.0,0.0,47.14485020990797,-51.774539302861186,-0.018563591161388553,54.812595596242154,47.660000000000004
FOLLOW,0.0,55.01259559624216,-51.821891565697165,-1.5843737149263137,NO_PATH,0.0,0.0,47.14485020990797,-51.774539302861186,-0.018563591161388553,54.812595596242154,47.68
FOLLOW,0.0,55.01259559624216,-51.821891565697165,-1.5843737149263137,NO_PATH,0.0,0.0,47.14485020990797,-51.774539302861186,-0.018563591161388553,54.812595596242154,47.7
FOLLOW,0.0,55.01259559624216,-51.821891565697165,-1.5843737149263137,NO_PATH,0.0,0.0,47.14485020990797,-51.774539302861186,-0.018563591161388553,54.812595596242154,47.720000000000006
FOLLOW,0.0,55.01259559624216,-51.821891565697165,-1.5843737149263137,NO_PATH,0.0,0.0,47.14485020990797,-51.774539302861186,-0.018563591161388553,54.812595596242154,47.74
FOLLOW,0.0,55.01259559624216,-51.821891565697165,-1.5843737149263137,NO_PATH,0.0,0.0,47.14485020990797,-51.774539302861186,-0.018563591161388553,54.812595596242154,47.760000000000005
FOLLOW,0.0,55.01259559624216,-51.821891565697165,-1.5843737149263137,NO_PATH,0.0,0.0,47.14485020990797,-51.774539302861186,-0.018563591161388553,54.812595596242154,47.78
FOLLOW,0.0,55.01259559624216,-51.821891565697165,-1.5843737149263137,NO_PATH,0.0,0.0,47.14485020990797,-51.774539302861186,-0.018563591161388553,54.812595596242154,47.800000000000004
FOLLOW,0.0,55.01259559624216,-51.821891565697165,-1.5843737149263137,NO_PATH,0.0,0.0,47.14485020990797,-51.774539302861186,-0.018563591161388553,54.812595596242154,47.82
FOLLOW,0.0,55.01259559624216,-51.821891565697165,-1.5843737149263137,NO_PATH,0.0,0.0,47.14485020990797,-51.774539302861186,-0.018563591161388553,54.812595596242154,47.84
FOLLOW,0.0,55.01259559624216,-51.821891565697165,-1.5843737149263137,NO_PATH,0.0,0.0,47.14485020990797,-51.774539302861186,-0.018563591161388553,54.812595596242154,47.86
FOLLOW,0.0,55.01259559624216,-51.821891565697165,-1.5843737149263137,NO_PATH,0.0,0.0,47.14485020990797,-51.774539302861186,-0.018563591161388553,54.812595596242154,47.88
FOLLOW,0.0,55.01259559624216,-51.821891565697165,-1.5843737149263137,NO_PATH,0.0,0.0,47.14485020990797,-51.774539302861186,-0.018563591161388553,54.812595596242154,47.900000000000006
FOLLOW,0.0,55.01259559624216,-51.821891565697165,-1.5843737149263137,NO_PATH,0.0,0.0,47.14485020990797,-51.774539302861186,-0.018563591161388553,54.812595596242154,47.92
FOLLOW,0.0,55.01259559624216,-51.821891565697165,-1.5843737149263137,NO_PATH,0.0,0.0,47.14485020990797,-51.774539302861186,-0.018563591161388553,54.812595596242154,47.940000000000005
FOLLOW,0.0,55.01259559624216,-51.821891565697165,-1.5843737149263137,NO_PATH,0.0,0.0,47.14485020990797,-51.774539302861186,-0.018563591161388553,54.812595596242154,47.96
FOLLOW,0.0,55.01259559624216,-51.821891565697165,-1.5843737149263137,NO_PATH,0.0,0.0,47.14485020990797,-51.774539302861186,-0.018563591161388553,54.812595596242154,47.980000000000004
FOLLOW,0.0,55.01259559624216,-51.821891565697165,-1.5843737149263137,NO_PATH,0.0,0.0,47.14485020990797,-51.774539302861186,-0.018563591161388553,54.812595596242154,48.0
FOLLOW,0.0,55.01259559624216,-51.821891565697165,-1.5843737149263137,NO_PATH,0.0,0.0,47.14485020990797,-51.774539302861186,-0.018563591161388553,54.812595596242154,48.02
FOLLOW,0.0,55.01259559624216,-51.821891565697165,-1.5843737149263137,NO_PATH,0.0,0.0,47.14485020990797,-51.774539302861186,-0.018563591161388553,54.812595596242154,48.040000000000006
FOLLOW,0.0,55.01259559624216,-51.821891565697165,-1.5843737149263137,NO_PATH,0.0,0.0,47.14485020990797,-51.774539302861186,-0.018563591161388553,54.812595596242154,48.06
FOLLOW,0.0,55.01259559624216,-51.821891565697165,-1.5843737149263137,NO_PATH,0.0,0.0,47.14485020990797,-51.774539302861186,-0.018563591161388553,54.812595596242154,48.080000000000005
FOLLOW,0.0,55.01259559624216,-51.821891565697165,-1.5843737149263137,NO_PATH,0.0,0.0,47.14485020990797,-51.774539302861186,-0.018563591161388553,54.812595596242154,48.1
FOLLOW,0.0,55.01259559624216,-51.821891565697165,-1.5843737149263137,NO_PATH,0.0,0.0,47.14485020990797,-51.774539302861186,-0.018563591161388553,54.812595596242154,48.120000000000005
FOLLOW,0.0,55.01259559624216,-51.821891565697165,-1.5843737149263137,NO_PATH,0.0,0.0,47.14485020990797,-51.774539302861186,-0.018563591161388553,54.812595596242154,48.14
FOLLOW,0.0,55.01259559624216,-51.821891565697165,-1.5843737149263137,NO_PATH,0.0,0.0,47.14485020990797,-51.774539302861186,-0.018563591161388553,54.812595596242154,48.160000000000004
FOLLOW,0.0,55.01259559624216,-51.821891565697165,-1.5843737149263137,NO_PATH,0.0,0.0,47.14485020990797,-51.774539302861186,-0.018563591161388553,54.812595596242154,48.18
FOLLOW,0.0,55.01259559624216,-51.821891565697165,-1.5843737149263137,NO_PATH,0.0,0.0,47.14485020990797,-51.774539302861186,-0.018563591161388553,54.812595596242154,48.2
FOLLOW,0.0,55.01259559624216,-51.821891565697165,-1.5843737149263137,NO_PATH,0.0,0.0,47.14485020990797,-51.774539302861186,-0.018563591161388553,54.812595596242154,48.220000000000006
FOLLOW,0.0,55.01259559624216,-51.821891565697165,-1.5843737149263137,NO_PATH,0.0,0.0,47.14485020990797,-51.774539302861186,-0.018563591161388553,54.812595596242154,48.241
FOLLOW,0.0,55.01259559624216,-51.821891565697165,-1.5843737149263137,NO_PATH,0.0,0.0,47.14485020990797,-51.774539302861186,-0.018563591161388553,54.812595596242154,48.260000000000005
FOLLOW,0.0,55.01259559624216,-51.821891565697165,-1.5843737149263137,NO_PATH,0.0,0.0,47.14485020990797,-51.774539302861186,-0.018563591161388553,54.812595596242154,48.28
FOLLOW,0.0,55.01259559624216,-51.821891565697165,-1.5843737149263137,NO_PATH,0.0,0.0,47.14485020990797,-51.774539302861186,-0.018563591161388553,54.812595596242154,48.300000000000004
FOLLOW,0.0,55.01259559624216,-51.821891565697165,-1.5843737149263137,NO_PATH,0.0,0.0,47.14485020990797,-51.774539302861186,-0.018563591161388553,54.812595596242154,48.32
FOLLOW,0.0,55.01259559624216,-51.821891565697165,-1.5843737149263137,NO_PATH,0.0,0.0,47.14485020990797,-51.774539302861186,-0.018563591161388553,54.812595596242154,48.34
FOLLOW,0.0,55.01259559624216,-51.821891565697165,-1.5843737149263137,NO_PATH,0.0,0.0,47.14485020990797,-51.774539302861186,-0.018563591161388553,54.812595596242154,48.36000000000001
FOLLOW,0.0,55.01259559624216,-51.821891565697165,-1.5843737149263137,NO_PATH,0.0,0.0,47.14485020990797,-51.774539302861186,-0.018563591161388553,54.812595596242154,48.38
FOLLOW,0.0,55.01259559624216,-51.821891565697165,-1.5843737149263137,NO_PATH,0.0,0.0,47.14485020990797,-51.774539302861186,-0.018563591161388553,54.812595596242154,48.400000000000006
FOLLOW,0.0,55.01259559624216,-51.821891565697165,-1.5843737149263137,NO_PATH,0.0,0.0,47.14485020990797,-51.774539302861186,-0.018563591161388553,54.812595596242154,48.42
FOLLOW,0.0,55.01259559624216,-51.821891565697165,-1.5843737149263137,NO_PATH,0.0,0.0,47.14485020990797,-51.774539302861186,-0.018563591161388553,54.812595596242154,48.440000000000005
FOLLOW,0.0,55.01259559624216,-51.821891565697165,-1.5843737149263137,NO_PATH,0.0,0.0,47.14485020990797,-51.774539302861186,-0.018563591161388553,54.812595596242154,48.46
FOLLOW,0.0,55.01259559624216,-51.821891565697165,-1.5843737149263137,NO_PATH,0.0,0.0,47.14485020990797,-51.774539302861186,-0.018563591161388553,54.812595596242154,48.480000000000004
FOLLOW,0.0,55.01259559624216,-51.821891565697165,-1.5843737149263137,NO_PATH,0.0,0.0,47.14485020990797,-51.774539302861186,-0.018563591161388553,54.812595596242154,48.501000000000005
FOLLOW,0.0,55.01259559624216,-51.821891565697165,-1.5843737149263137,NO_PATH,0.0,0.0,47.14485020990797,-51.774539302861186,-0.018563591161388553,54.812595596242154,48.52
FOLLOW,0.0,55.01259559624216,-51.821891565697165,-1.5843737149263137,NO_PATH,0.0,0.0,47.14485020990797,-51.774539302861186,-0.018563591161388553,54.812595596242154,48.540000000000006
FOLLOW,0.0,55.01259559624216,-51.821891565697165,-1.5843737149263137,NO_PATH,0.0,0.0,47.14485020990797,-51.774539302861186,-0.018563591161388553,54.812595596242154,48.56
FOLLOW,0.0,55.01259559624216,-51.821891565697165,-1.5843737149263137,NO_PATH,0.0,0.0,47.14485020990797,-51.774539302861186,-0.018563591161388553,54.812595596242154,48.580000000000005
FOLLOW,0.0,55.01259559624216,-51.821891565697165,-1.5843737149263137,NO_PATH,0.0,0.0,47.14485020990797,-51.774539302861186,-0.018563591161388553,54.812595596242154,48.6
FOLLOW,0.0,55.01259559624216,-51.821891565697165,-1.5843737149263137,NO_PATH,0.0,0.0,47.14485020990797,-51.774539302861186,-0.018563591161388553,54.812595596242154,48.620000000000005
FOLLOW,0.0,55.01259559624216,-51.821891565697165,-1.5843737149263137,NO_PATH,0.0,0.0,47.14485020990797,-51.774539302861186,-0.018563591161388553,54.812595596242154,48.64
FOLLOW,0.0,55.01259559624216,-51.821891565697165,-1.5843737149263137,NO_PATH,0.0,0.0,47.14485020990797,-51.774539302861186,-0.018563591161388553,54.812595596242154,48.660000000000004
FOLLOW,0.0,55.01259559624216,-51.821891565697165,-1.5843737149263137,NO_PATH,0.0,0.0,47.14485020990797,-51.774539302861186,-0.018563591161388553,54.812595596242154,48.68
FOLLOW,0.0,55.01259559624216,-51.821891565697165,-1.5843737149263137,NO_PATH,0.0,0.0,47.14485020990797,-51.774539302861186,-0.018563591161388553,54.812595596242154,48.701
FOLLOW,0.0,55.01259559624216,-51.821891565697165,-1.5843737149263137,NO_PATH,0.0,0.0,47.14485020990797,-51.774539302861186,-0.018563591161388553,54.812595596242154,48.720000000000006
FOLLOW,0.0,55.01259559624216,-51.821891565697165,-1.5843737149263137,NO_PATH,0.0,0.0,47.14485020990797,-51.774539302861186,-0.018563591161388553,54.812595596242154,48.741
FOLLOW,0.0,55.01259559624216,-51.821891565697165,-1.5843737149263137,NO_PATH,0.0,0.0,47.14485020990797,-51.774539302861186,-0.018563591161388553,54.812595596242154,48.760000000000005
FOLLOW,0.0,55.01259559624216,-51.821891565697165,-1.5843737149263137,NO_PATH,0.0,0.0,47.14485020990797,-51.774539302861186,-0.018563591161388553,54.812595596242154,48.78
FOLLOW,0.0,55.01259559624216,-51.821891565697165,-1.5843737149263137,NO_PATH,0.0,0.0,47.14485020990797,-51.774539302861186,-0.018563591161388553,54.812595596242154,48.801
FOLLOW,0.0,55.01259559624216,-51.821891565697165,-1.5843737149263137,NO_PATH,0.0,0.0,47.14485020990797,-51.774539302861186,-0.018563591161388553,54.812595596242154,48.82
FOLLOW,0.0,55.01259559624216,-51.821891565697165,-1.5843737149263137,NO_PATH,0.0,0.0,47.14485020990797,-51.774539302861186,-0.018563591161388553,54.812595596242154,48.84
FOLLOW,0.0,55.01259559624216,-51.821891565697165,-1.5843737149263137,NO_PATH,0.0,0.0,47.14485020990797,-51.774539302861186,-0.018563591161388553,54.812595596242154,48.86000000000001
FOLLOW,0.0,55.01259559624216,-51.821891565697165,-1.5843737149263137,NO_PATH,0.0,0.0,47.14485020990797,-51.774539302861186,-0.018563591161388553,54.812595596242154,48.88
FOLLOW,0.0,55.01259559624216,-51.821891565697165,-1.5843737149263137,NO_PATH,0.0,0.0,47.14485020990797,-51.774539302861186,-0.018563591161388553,54.812595596242154,48.900000000000006
FOLLOW,0.0,55.01259559624216,-51.821891565697165,-1.5843737149263137,NO_PATH,0.0,0.0,47.14485020990797,-51.774539302861186,-0.018563591161388553,54.812595596242154,48.92
FOLLOW,0.0,55.01259559624216,-51.821891565697165,-1.5843737149263137,NO_PATH,0.0,0.0,47.14485020990797,-51.774539302861186,-0.018563591161388553,54.812595596242154,48.940000000000005
FOLLOW,0.0,55.01259559624216,-51.821891565697165,-1.5843737149263137,NO_PATH,0.0,0.0,47.14485020990797,-51.774539302861186,-0.018563591161388553,54.812595596242154,48.961000000000006
FOLLOW,0.0,55.01259559624216,-51.821891565697165,-1.5843737149263137,NO_PATH,0.0,0.0,47.14485020990797,-51.774539302861186,-0.018563591161388553,54.812595596242154,48.980000000000004
FOLLOW,0.0,55.01259559624216,-51.821891565697165,-1.5843737149263137,NO_PATH,0.0,0.0,47.14485020990797,-51.774539302861186,-0.018563591161388553,54.812595596242154,49.0
FOLLOW,0.0,55.01259559624216,-51.821891565697165,-1.5843737149263137,NO_PATH,0.0,0.0,47.14485020990797,-51.774539302861186,-0.018563591161388553,54.812595596242154,49.02
FOLLOW,1.199999999970254,55.012172000180726,-51.85308869002503,-1.5843733526836172,NO_PATH,0.0,0.0,47.14485020990797,-51.774539302861186,-0.018563591161388553,54.812595596242154,49.040000000000006
FOLLOW,1.1999999999695012,55.01184616474653,-51.87708647807397,-1.5843730740353896,NO_PATH,0.0,0.0,47.14485020990797,-51.774539302861186,-0.018563591161388553,54.812595596242154,49.06
FOLLOW,1.1999999999695012,55.01184616474653,-51.87708647807397,-1.5843730740353896,NO_PATH,0.0,0.0,47.14485020990797,-51.774539302861186,-0.018563591161388553,54.812595596242154,49.080000000000005
FOLLOW,1.1999362603940589,55.011523315818934,-51.901083286428886,-1.5840431952864824,NO_PATH,0.0,0.0,47.14485020990797,-51.774539302861186,-0.018563591161388553,54.81152331581893,49.1
FOLLOW,1.1999362603940815,55.011210116484094,-51.92507996765031,-1.583630916512406,NO_PATH,0.0,0.0,47.14485020990797,-51.774539302861186,-0.018563591161388553,54.81152331581893,49.120000000000005
FOLLOW,1.1999406401731525,55.010906788060524,-51.94907681947909,-1.583225935375335,NO_PATH,0.0,0.0,47.14485020990797,-51.774539302861186,-0.018563591161388553,54.81152331581893,49.14
FOLLOW,1.1999435600251567,55.010612921291035,-51.97307389125911,-1.5828379820579406,NO_PATH,0.0,0.0,47.14485020990797,-51.774539302861186,-0.018563591161388553,54.81152331581893,49.160000000000004
FOLLOW,1.199943560026875,55.01032836428704,-51.99707107523986,-1.5824500287405472,NO_PATH,0.0,0.0,47.14485020990797,-51.774539302861186,-0.018563591161388553,54.81152331581893,49.18
FOLLOW,1.1999545318090805,55.01005270696433,-52.02106857160832,-1.5820998328412081,NO_PATH,0.0,0.0,47.14485020990797,-51.774539302861186,-0.018563591161388553,54.81005270696433,49.2
FOLLOW,1.1999604102889392,55.00952638779659,-52.0690639308639,-1.581416224158852,NO_PATH,0.0,0.0,47.14485020990797,-51.774539302861186,-0.018563591161388553,54.81005270696433,49.221000000000004
FOLLOW,1.1999604102889392,55.00952638779659,-52.0690639308639,-1.581416224158852,NO_PATH,0.0,0.0,47.14485020990797,-51.774539302861186,-0.018563591161388553,54.81005270696433,49.24
FOLLOW,1.1999609286834738,55.00903186401114,-52.1170598040288,-1.5807674846865827,NO_PATH,0.0,0.0,47.14485020990797,-51.774539302861186,-0.018563591161388553,54.81005270696433,49.260000000000005
FOLLOW,1.1999655942245453,55.00879601985544,-52.141057956959195,-1.580464583429846,NO_PATH,0.0,0.0,47.14485020990797,-51.774539302861186,-0.018563591161388553,54.81005270696433,49.28
FOLLOW,1.1999655942263827,55.008567444781114,-52.1650561802262,-1.5801616821731108,NO_PATH,0.0,0.0,47.14485020990797,-51.774539302861186,-0.018563591161388553,54.808796019855436,49.300000000000004
FOLLOW,1.1999655942263827,55.008567444781114,-52.1650561802262,-1.5801616821731108,NO_PATH,0.0,0.0,47.14485020990797,-51.774539302861186,-0.018563591161388553,54.808796019855436,49.32
FOLLOW,1.1999722857299207,55.00813123394969,-52.213053028650066,-1.5796040017423665,NO_PATH,0.0,0.0,47.14485020990797,-51.774539302861186,-0.018563591161388553,54.808796019855436,49.34
FOLLOW,1.1999726500790324,55.0079229562895,-52.237051574155345,-1.5793330719588055,NO_PATH,0.0,0.0,47.14485020990797,-51.774539302861186,-0.018563591161388553,54.808796019855436,49.36000000000001
FOLLOW,1.1999726500790324,55.0079229562895,-52.237051574155345,-1.5793330719588055,NO_PATH,0.0,0.0,47.14485020990797,-51.774539302861186,-0.018563591161388553,54.808796019855436,49.38
FOLLOW,1.19997592922231,55.00752506209688,-52.28504896158518,-1.5788263611828228,NO_PATH,0.0,0.0,47.14485020990797,-51.774539302861186,-0.018563591161388553,54.807720969094,49.400000000000006
FOLLOW,1.19997592922231,55.00752506209688,-52.28504896158518,-1.5788263611828228,NO_PATH,0.0,0.0,47.14485020990797,-51.774539302861186,-0.018563591161388553,54.807720969094,49.42
FOLLOW,1.199980578539052,55.00733513278952,-52.3090477843562,-1.5785884736022981,NO_PATH,0.0,0.0,47.14485020990797,-51.774539302861186,-0.018563591161388553,54.807720969094,49.440000000000005
FOLLOW,1.1999810835654672,55.00697176868511,-52.35704563674367,-1.5781348531270976,NO_PATH,0.0,0.0,47.14485020990797,-51.774539302861186,-0.018563591161388553,54.807720969094,49.46
FOLLOW,1.1999831036740727,55.00679806785144,-52.381044670172216,-1.5779225868438524,NO_PATH,0.0,0.0,47.14485020990797,-51.774539302861186,-0.018563591161388553,54.807720969094,49.480000000000004
FOLLOW,1.199983103674475,55.00662946120726,-52.40504373993094,-1.5777103205606056,NO_PATH,0.0,0.0,47.14485020990797,-51.774539302861186,-0.018563591161388553,54.80679806785144,49.5
FOLLOW,1.199983103674475,55.00662946120726,-52.40504373993094,-1.5777103205606056,NO_PATH,0.0,0.0,47.14485020990797,-51.774539302861186,-0.018563591161388553,54.80679806785144,49.52
FOLLOW,1.1999863369726638,55.00646586380692,-52.42904288316535,-1.577510886621561,NO_PATH,0.0,0.0,47.14485020990797,-51.774539302861186,-0.018563591161388553,54.80679806785144,49.540000000000006
FOLLOW,1.199986336972846,55.006306893364965,-52.453042083365,-1.5773200075786498,NO_PATH,0.0,0.0,47.14485020990797,-51.774539302861186,-0.018563591161388553,54.80679806785144,49.56
FOLLOW,1.1999866892377324,55.00615250308424,-52.47704131698931,-1.5771304012987342,NO_PATH,0.0,0.0,47.14485020990797,-51.774539302861186,-0.018563591161388553,54.80679806785144,49.580000000000005
FOLLOW,1.1999880982963718,55.00600251868634,-52.50104061026188,-1.5769522498857713,NO_PATH,0.0,0.0,47.14485020990797,-51.774539302861186,-0.018563591161388553,54.80679806785144,49.6
FOLLOW,1.199988098297219,55.005856809798786,-52.52503992987354,-1.5767740984728105,NO_PATH,0.0,0.0,47.14485020990797,-51.774539302861186,-0.018563591161388553,54.806002518686334,49.620000000000005
FOLLOW,1.1999903564174934,55.005715293005935,-52.549039303931075,-1.57660750960016,NO_PATH,0.0,0.0,47.14485020990797,-51.774539302861186,-0.018563591161388553,54.806002518686334,49.64
FOLLOW,1.1999908474723875,55.00544386101697,-52.59703815542976,-1.5762888947231042,NO_PATH,0.0,0.0,47.14485020990797,-51.774539302861186,-0.018563591161388553,54.806002518686334,49.660000000000004
FOLLOW,1.1999908474723875,55.00544386101697,-52.59703815542976,-1.5762888947231042,NO_PATH,0.0,0.0,47.14485020990797,-51.774539302861186,-0.018563591161388553,54.806002518686334,49.68
FOLLOW,1.1999915840527349,55.005187231812066,-52.64503713257619,-1.5759892779618947,NO_PATH,0.0,0.0,47.14485020990797,-51.774539302861186,-0.018563591161388553,54.80531374875225,49.702000000000005
FOLLOW,1.1999915840527349,55.005187231812066,-52.64503713257619,-1.5759892779618947,NO_PATH,0.0,0.0,47.14485020990797,-51.774539302861186,-0.018563591161388553,54.80531374875225,49.720000000000006
FOLLOW,1.1999931614359098,55.00494445646834,-52.693036237034775,-1.575715503365599,NO_PATH,0.0,0.0,47.14485020990797,-51.774539302861186,-0.018563591161388553,54.80531374875225,49.74
FOLLOW,1.1999931614359098,55.00494445646834,-52.693036237034775,-1.575715503365599,NO_PATH,0.0,0.0,47.14485020990797,-51.774539302861186,-0.018563591161388553,54.80531374875225,49.760000000000005
FOLLOW,1.1999936750347657,55.004827928939505,-52.71703582248965,-1.575583082180822,NO_PATH,0.0,0.0,47.14485020990797,-51.774539302861186,-0.018563591161388553,54.80531374875225,49.78
FOLLOW,1.1999940174315165,55.00460407778977,-52.76503506108166,-1.5753304676187039,NO_PATH,0.0,0.0,47.14485020990797,-51.774539302861186,-0.018563591161388553,54.804714487701304,49.800000000000004
FOLLOW,1.1999940174315165,55.00460407778977,-52.76503506108166,-1.5753304676187039,NO_PATH,0.0,0.0,47.14485020990797,-51.774539302861186,-0.018563591161388553,54.804714487701304,49.82
FOLLOW,1.1999951240112234,55.00449661072634,-52.78903471851231,-1.5752139828476501,NO_PATH,0.0,0.0,47.14485020990797,-51.774539302861186,-0.018563591161388553,54.804714487701304,49.84
FOLLOW,1.1999951240113869,55.004391887671225,-52.81303439250009,-1.5750999537040973,NO_PATH,0.0,0.0,47.14485020990797,-51.774539302861186,-0.018563591161388553,54.804714487701304,49.86000000000001
FOLLOW,1.1999954849080392,55.00428989472575,-52.83703408185478,-1.574988103952528,NO_PATH,0.0,0.0,47.14485020990797,-51.774539302861186,-0.018563591161388553,54.804714487701304,49.88
FOLLOW,1.1999957255056501,55.00419050982742,-52.861033790573615,-1.574881339448919,NO_PATH,0.0,0.0,47.14485020990797,-51.774539302861186,-0.018563591161388553,54.804714487701304,49.900000000000006
FOLLOW,1.1999957255060638,55.00409368724664,-52.88503350976645,-1.5747745749453097,NO_PATH,0.0,0.0,47.14485020990797,-51.774539302861186,-0.018563591161388553,54.804190509827414,49.92
FOLLOW,1.199996507138646,55.003999353108426,-52.9090332513775,-1.5746760135391733,NO_PATH,0.0,0.0,47.14485020990797,-51.774539302861186,-0.018563591161388553,54.804190509827414,49.940000000000005
FOLLOW,1.1999968050251277,55.00381763814623,-52.957032770604116,-1.5744851167921348,NO_PATH,0.0,0.0,47.14485020990797,-51.774539302861186,-0.018563591161388553,54.804190509827414,49.96
FOLLOW,1.199996932688816,55.0037301386265,-52.981032549745336,-1.574394676207511,NO_PATH,0.0,0.0,47.14485020990797,-51.774539302861186,-0.018563591161388553,54.804190509827414,49.980000000000004
FOLLOW,1.199996932688816,55.0037301386265,-52.981032549745336,-1.574394676207511,NO_PATH,0.0,0.0,47.14485020990797,-51.774539302861186,-0.018563591161388553,54.8037301386265,50.0
FOLLOW,1.199997309641822,55.00356158579638,-53.02903213859076,-1.5742195344228835,NO_PATH,0.0,0.0,47.14485020990797,-51.774539302861186,-0.018563591161388553,54.8037301386265,50.02
FOLLOW,1.199997309641822,55.00356158579638,-53.02903213859076,-1.5742195344228835,NO_PATH,0.0,0.0,47.14485020990797,-51.774539302861186,-0.018563591161388553,54.8037301386265,50.040000000000006
FOLLOW,1.1999977969588125,55.003401209908475,-53.07703176835894,-1.5740545617684392,NO_PATH,0.0,0.0,47.14485020990797,-51.774539302861186,-0.018563591161388553,54.8037301386265,50.06
FOLLOW,1.1999977969588125,55.003401209908475,-53.07703176835894,-1.5740545617684392,NO_PATH,0.0,0.0,47.14485020990797,-51.774539302861186,-0.018563591161388553,54.8037301386265,50.080000000000005
YIELD,1.1999977969581759,55.00332388632199,-53.10103159973051,-1.5739779146512731,NO_PATH,0.0,0.0,47.14485020990797,-51.774539302861186,-0.018563591161388553,54.80332388632199,50.1
YIELD,1.199997823717801,55.003248402252815,-53.12503143722579,-1.5739015078088565,NO_PATH,0.0,0.0,47.14485020990797,-51.774539302861186,-0.018563591161388553,54.80332388632199,50.120000000000005
YIELD,1.1999980645432544,55.003174697137716,-53.14903128533514,-1.5738296661866873,NO_PATH,0.0,0.0,47.14485020990797,-51.774539302861186,-0.018563591161388553,54.80332388632199,50.14
YIELD,1.1999984095231333,55.00303242802604,-53.19703100152279,-1.573690348718343,NO_PATH,0.0,0.0,47.14485020990797,-51.774539302861186,-0.018563591161388553,54.80332388632199,50.160000000000004
YIELD,1.1999984095231333,55.00303242802604,-53.19703100152279,-1.573690348718343,NO_PATH,0.0,0.0,47.14485020990797,-51.774539302861186,-0.018563591161388553,54.80332388632199,50.18
YIELD,1.1999984095241252,55.00296371411033,-53.22103087134198,-1.5736252236746238,NO_PATH,0.0,0.0,47.14485020990797,-51.774539302861186,-0.018563591161388553,54.80332388632199,50.2
YIELD,1.1999984661658685,55.002896562467996,-53.24503074614972,-1.5735606967773628,NO_PATH,0.0,0.0,47.14485020990797,-51.774539302861186,-0.018563591161388553,54.80296371411033,50.220000000000006
YIELD,1.199998598332817,55.00283091471336,-53.26903062832847,-1.5734995593767074,NO_PATH,0.0,0.0,47.14485020990797,-51.774539302861186,-0.018563591161388553,54.80296371411033,50.24
YIELD,1.1999988433056277,55.0027039753776,-53.31703040854799,-1.57338204369836,NO_PATH,0.0,0.0,47.14485020990797,-51.774539302861186,-0.018563591161388553,54.80296371411033,50.260000000000005
YIELD,1.1999988433056277,55.0027039753776,-53.31703040854799,-1.57338204369836,NO_PATH,0.0,0.0,47.14485020990797,-51.774539302861186,-0.018563591161388553,54.80296371411033,50.28
YIELD,1.1999988433074005,55.00264255143631,-53.34103030680874,-1.5733265052658971,NO_PATH,0.0,0.0,47.14485020990797,-51.774539302861186,-0.018563591161388553,54.80296371411033,50.300000000000004
YIELD,1.199998936415327,55.0025824562632,-53.36503020936466,-1.573272118599525,NO_PATH,0.0,0.0,47.14485020990797,-51.774539302861186,-0.018563591161388553,54.80264255143631,50.32
YIELD,1.1999989763172196,55.00252363299243,-53.3890301168011,-1.5732198709273233,NO_PATH,0.0,0.0,47.14485020990797,-51.774539302861186,-0.018563591161388553,54.80264255143631,50.34
YIELD,1.199999095122103,55.00240971619856,-53.43702994291266,-1.5731183446057486,NO_PATH,0.0,0.0,47.14485020990797,-51.774539302861186,-0.018563591161388553,54.80264255143631,50.36000000000001
YIELD,1.199999095122103,55.00240971619856,-53.43702994291266,-1.5731183446057486,NO_PATH,0.0,0.0,47.14485020990797,-51.774539302861186,-0.018563591161388553,54.80264255143631,50.38
YIELD,1.1999990951220076,55.002354547856484,-53.46102986140535,-1.5730692222207334,NO_PATH,0.0,0.0,47.14485020990797,-51.774539302861186,-0.018563591161388553,54.80235454785648,50.400000000000006
YIELD,1.1999992344040595,55.00230054894608,-53.485029783950694,-1.5730220786977698,NO_PATH,0.0,0.0,47.14485020990797,-51.774539302861186,-0.018563591161388553,54.80235454785648,50.42
YIELD,1.199999249880458,55.00219580612934,-53.53302963964788,-1.5729326288701946,NO_PATH,0.0,0.0,47.14485020990797,-51.774539302861186,-0.018563591161388553,54.80235454785648,50.440000000000005
YIELD,1.1999993758042269,55.00214500452352,-53.55702957326955,-1.5728916340178312,NO_PATH,0.0,0.0,47.14485020990797,-51.774539302861186,-0.018563591161388553,54.80235454785648,50.46
YIELD,1.1999993758042269,55.00214500452352,-53.55702957326955,-1.5728916340178312,NO_PATH,0.0,0.0,47.14485020990797,-51.774539302861186,-0.018563591161388553,54.80235454785648,50.480000000000004
YIELD,1.1999994371304457,55.00204633431875,-53.60502944748704,-1.5728110679990575,NO_PATH,0.0,0.0,47.14485020990797,-51.774539302861186,-0.018563591161388553,nan,50.5
YIELD,1.1999994439448738,55.001998419567286,-53.629029388534725,-1.57277256068329,NO_PATH,0.0,0.0,47.14485020990797,-51.774539302861186,-0.018563591161388553,nan,50.52
YIELD,1.1999994439448738,55.001998419567286,-53.629029388534725,-1.57277256068329,NO_PATH,0.0,0.0,47.14485020990797,-51.774539302861186,-0.018563591161388553,nan,50.540000000000006
YIELD,1.1999994439441872,55.00195142898916,-53.6530293314097,-1.5727340533675238,NO_PATH,0.0,0.0,47.14485020990797,-51.774539302861186,-0.018563591161388553,nan,50.56
YIELD,1.1999995051963421,55.00190533769928,-53.67702927725377,-1.5726977287623405,NO_PATH,0.0,0.0,47.14485020990797,-51.774539302861186,-0.018563591161388553,nan,50.580000000000005
YIELD,1.199999585575203,55.00181576216485,-53.72502917467401,-1.5726266201044645,NO_PATH,0.0,0.0,47.14485020990797,-51.774539302861186,-0.018563591161388553,nan,50.6
YIELD,1.199999585575203,55.00181576216485,-53.72502917467401,-1.5726266201044645,NO_PATH,0.0,0.0,47.14485020990797,-51.774539302861186,-0.018563591161388553,nan,50.621
YIELD,1.199999599006428,55.00172946362546,-53.77302908064496,-1.572560410121832,NO_PATH,0.0,0.0,47.14485020990797,-51.774539302861186,-0.018563591161388553,nan,50.64
YIELD,1.199999599006428,55.00172946362546,-53.77302908064496,-1.572560410121832,NO_PATH,0.0,0.0,47.14485020990797,-51.774539302861186,-0.018563591161388553,nan,50.660000000000004
YIELD,1.1999996303431413,55.001687483582494,-53.797029036535704,-1.572529013406791,NO_PATH,0.0,0.0,47.14485020990797,-51.774539302861186,-0.018563591161388553,nan,50.68
YIELD,1.199999630342495,55.001646257059335,-53.82102899373266,-1.5724976166917506,NO_PATH,0.0,0.0,47.14485020990797,-51.774539302861186,-0.018563591161388553,nan,50.7
YIELD,1.1999996882904125,55.00160577004581,-53.845028952999925,-1.5724680159847217,NO_PATH,0.0,0.0,47.14485020990797,-51.774539302861186,-0.018563591161388553,nan,50.720000000000006
YIELD,1.199999688289945,55.001565978207104,-53.86902891377757,-1.5724391849954122,NO_PATH,0.0,0.0,47.14485020990797,-51.774539302861186,-0.018563591161388553,nan,50.74
YIELD,1.1999997043184414,55.001526877397154,-53.893028875851286,-1.5724107346765586,NO_PATH,0.0,0.0,47.14485020990797,-51.774539302861186,-0.018563591161388553,nan,50.760000000000005
YIELD,1.1999997203467632,55.00145066389741,-53.94102880415394,-1.5723561180615955,NO_PATH,0.0,0.0,47.14485020990797,-51.774539302861186,-0.018563591161388553,nan,50.78
YIELD,1.1999997203467632,55.00145066389741,-53.94102880415394,-1.5723561180615955,NO_PATH,0.0,0.0,47.14485020990797,-51.774539302861186,-0.018563591161388553,nan,50.800000000000004
YIELD,1.1999997624146599,55.00141352677669,-53.9650287704586,-1.5723304130314923,NO_PATH,0.0,0.0,47.14485020990797,-51.774539302861186,-0.018563591161388553,nan,50.82
YIELD,1.1999997787391687,55.00134106706654,-54.013028706421615,-1.5722805153526849,NO_PATH,0.0,0.0,47.14485020990797,-51.774539302861186,-0.018563591161388553,nan,50.84
YIELD,1.199999785737036,55.001305719058735,-54.03702867610489,-1.5722566119764154,NO_PATH,0.0,0.0,47.14485020990797,-51.774539302861186,-0.018563591161388553,nan,50.86000000000001
YIELD,1.199999785735318,55.001270944731246,-54.06102864662624,-1.5722327086001466,NO_PATH,0.0,0.0,47.14485020990797,-51.774539302861186,-0.018563591161388553,nan,50.88
YIELD,1.199999785735318,55.001270944731246,-54.06102864662624,-1.5722327086001466,NO_PATH,0.0,0.0,47.14485020990797,-51.774539302861186,-0.018563591161388553,nan,50.900000000000006
YIELD,1.1999998164144536,55.001203046092776,-54.109028591163664,-1.5721881899492043,TRACKING,0.0,0.0,47.14485020990797,-51.774539302861186,-0.018563591161388553,nan,50.92
YIELD,1.1999998164144536,55.001203046092776,-54.109028591163664,-1.5721881899492043,TRACKING,0.0,0.0,47.14485020990797,-51.774539302861186,-0.018563591161388553,nan,50.940000000000005
YIELD,1.1999998333834287,55.00113724485363,-54.15702853922357,-1.5721455089159062,TRACKING,0.0,0.021749236696425665,47.145136064398294,-51.7745446101919,-0.018563591070479862,nan,50.96
YIELD,1.1999998333834287,55.00113724485363,-54.15702853922357,-1.5721455089159062,TRACKING,0.0284999998,0.05174923669577564,47.14602089664549,-51.77456103802175,-0.018563590965271066,nan,50.980000000000004
YIELD,1.1999998333824968,55.00110510479376,-54.18102851437028,-1.5721244302350617,TRACKING,0.0284999998,0.08122216454296188,47.147494164709904,-51.77458881451832,-0.018559871915945495,nan,51.0
YIELD,1.1999998485748395,55.00104229859333,-54.22902846720507,-1.5720841914451238,TRACKING,0.0884999998,0.11110820805441163,47.14956386210005,-51.77462777476896,-0.018546130589792792,nan,51.02
YIELD,1.1999998485748395,55.00104229859333,-54.22902846720507,-1.5720841914451238,TRACKING,0.0884999998,0.14103409997576274,47.15223111940191,-51.77467785515145,-0.018517999504340646,nan,51.040000000000006
YIELD,1.1999998666934961,55.00101161594624,-54.25302844474434,-1.5720647191829331,TRACKING,0.1485,0.17139481446322935,47.15550530649973,-51.774738805831014,-0.018473573967348045,nan,51.06
YIELD,1.1999998687057651,55.00098138785002,-54.277028423081894,-1.572046007797714,TRACKING,0.1785,0.20167360836401108,47.159385657104266,-51.774810537419576,-0.018414201414388716,nan,51.080000000000005
YIELD,1.1999998687073539,55.00095160882664,-54.30102840198088,-1.5720272964124928,TRACKING,0.2085,0.23152942406362592,47.16386692451607,-51.774893021570136,-0.018341512876482804,nan,51.101000000000006
YIELD,1.1999998799970286,55.00089336142489,-54.34902836182563,-1.571991477724135,TRACKING,0.2385,0.26136670477766766,47.16894505451189,-51.774986190001684,-0.018257086278822717,nan,51.120000000000005
YIELD,1.1999998946790882,55.000864878015186,-54.373028342684584,-1.5719742104146475,TRACKING,0.2385,0.2913896961586075,47.17462160499468,-51.77508985702545,-0.018162348965976766,nan,51.14
YIELD,1.1999998946776047,55.000836799867876,-54.39702832415321,-1.571957451580237,TRACKING,0.2985,0.3214308110051019,47.18089811371505,-51.77520382750785,-0.018058547560995848,nan,51.161
YIELD,1.1999998946776047,55.000836799867876,-54.39702832415321,-1.571957451580237,TRACKING,0.3285,0.3514599069096561,47.18777536675455,-51.77532791122756,-0.017946717777587638,nan,51.18
YIELD,1.199999895492766,55.000809123932285,-54.421028306097185,-1.5719407257928188,TRACKING,0.3585,0.3816684700927834,47.19525598707235,-51.77546192630477,-0.01782772891825739,nan,51.201
YIELD,1.1999999028222363,55.000754946177736,-54.46902827163268,-1.5719085300037332,TRACKING,0.3885,0.41201698943008597,47.20334556970408,-51.77560568282725,-0.017702254149411192,nan,51.220000000000006
YIELD,1.1999999028222363,55.000754946177736,-54.46902827163268,-1.5719085300037332,TRACKING,0.4185,0.44202124145706173,47.2120353817683,-51.775758984974274,-0.017570971711935026,nan,51.24
YIELD,1.1999999133891361,55.00072843325844,-54.493028255171204,-1.571892972364523,TRACKING,0.4485,0.47207995975476125,47.22132627408233,-51.775921646318025,-0.01743411098412932,nan,51.260000000000005
YIELD,0.9599999307110421,55.00067906726291,-54.53862822515688,-1.571864097173449,TRACKING,0.4785,0.5019799345572958,47.231215015546184,-51.776093396791374,-0.017292416839000815,nan,51.28
YIELD,0.9599999307110421,55.00067906726291,-54.53862822515688,-1.571864097173449,TRACKING,0.4785,0.5321171983346835,47.241706364580146,-51.776274105217766,-0.017146245659015825,nan,51.300000000000004
CRUISE,0.0,55.00067906726291,-54.53862822515688,-1.571864097173449,TRACKING,0.5085,0.5621197725322277,47.25279776551015,-51.776463501926244,-0.016995276879619832,nan,51.32
CRUISE,0.0,55.00067906726291,-54.53862822515688,-1.571864097173449,TRACKING,0.5385,0.5906020718149045,47.264460088589026,-51.776660864726765,-0.016840478931524183,nan,51.34
CRUISE,0.0,55.00067906726291,-54.53862822515688,-1.571864097173449,TRACKING,0.5685,0.6207257281983597,47.27672343682175,-51.776866475577805,-0.016681310775758237,nan,51.36000000000001
CRUISE,0.0,55.00067906726291,-54.53862822515688,-1.571864097173449,TRACKING,0.597,0.6507154410239324,47.28958657820155,-51.77708006596539,-0.016517510021542996,nan,51.38
CRUISE,0.0,55.00067906726291,-54.53862822515688,-1.571864097173449,TRACKING,0.657,0.6807176679293969,47.30304965555735,-51.77730138528758,-0.0163495328706715,nan,51.400000000000006
CRUISE,0.0,55.00067906726291,-54.53862822515688,-1.571864097173449,TRACKING,0.657,0.7107217336017261,47.3171127244283,-51.7775301791524,-0.016177736533056278,nan,51.42
CRUISE,0.0,55.00067906726291,-54.53862822515688,-1.571864097173449,TRACKING,0.717,0.7407299920803,47.33177587913821,-51.777766191470796,-0.016002427212412434,nan,51.440000000000005
CRUISE,0.0,55.00067906726291,-54.53862822515688,-1.571864097173449,TRACKING,0.747,0.7708057489000067,47.34704052138669,-51.77800918295719,-0.015823508905099083,nan,51.46
CRUISE,0.0,55.00067906726291,-54.53862822515688,-1.571864097173449,TRACKING,0.747,0.7992230619548588,47.36287643720267,-51.778258410510446,-0.015641643964115066,nan,51.480000000000004
CRUISE,0.0,55.00067906726291,-54.53862822515688,-1.571864097173449,TRACKING,0.777,0.829332600924042,47.379311485407,-51.77851405544915,-0.015456757411969387,nan,51.5
CRUISE,0.0,55.00067906726291,-54.53862822515688,-1.571864097173449,TRACKING,0.8355,0.8593287047040825,47.39634648586882,-51.77877585473177,-0.015268515334475383,nan,51.521
CRUISE,0.0,55.00067906726291,-54.53862822515688,-1.571864097173449,TRACKING,0.8655,0.889283886359022,47.4139804977929,-51.77904351518748,-0.015077486472030995,nan,51.540000000000006
CRUISE,0.0,55.00067906726291,-54.53862822515688,-1.571864097173449,TRACKING,0.8655,0.9194089699578629,47.432216993598615,-51.77931681274497,-0.014883556447860095,nan,51.56
CRUISE,0.0,55.00067906726291,-54.53862822515688,-1.571864097173449,TRACKING,0.8955,0.9493966412822399,47.45105329644777,-51.77959541559935,-0.014686350446764146,nan,51.580000000000005
CRUISE,0.0,55.00067906726291,-54.53862822515688,-1.571864097173449,TRACKING,0.9255,0.9793929120757036,47.47048946472015,-51.779879029955275,-0.014486241033783863,nan,51.6
CRUISE,0.0,55.00067906726291,-54.53862822515688,-1.571864097173449,TRACKING,0.9855,1.0093936536358825,47.49052569153977,-51.78016736454436,-0.01428347017886156,nan,51.620000000000005
CRUISE,0.0,55.00067906726291,-54.53862822515688,-1.571864097173449,TRACKING,1.0155,1.0393994658612187,47.5111619151209,-51.780460124505574,-0.014078300900384628,nan,51.64
CRUISE,0.0,55.00067906726291,-54.53862822515688,-1.571864097173449,TRACKING,1.0155,1.0694435807690443,47.53239902225044,-51.7807570271315,-0.013870710599543281,nan,51.660000000000004
CRUISE,0.0,55.00067906726291,-54.53862822515688,-1.571864097173449,TRACKING,1.0455,1.0994415618542124,47.55423610009491,-51.7810577580125,-0.013660691141632306,nan,51.68
CRUISE,0.0,55.00067906726291,-54.53862822515688,-1.571864097173449,TRACKING,1.0755,1.129444254305967,47.57667320880471,-51.781362015471984,-0.013448469913213868,nan,51.701
CRUISE,0.0,55.00067906726291,-54.53862822515688,-1.571864097173449,TRACKING,1.1055,1.1594510104753664,47.59971036720938,-51.78166949799922,-0.013234249503117674,nan,51.720000000000006
CRUISE,0.0,55.00067906726291,-54.53862822515688,-1.571864097173449,TRACKING,1.1655,1.189401036395578,47.623346561755945,-51.78197989251941,-0.013018429144333089,nan,51.74
CRUISE,0.0,55.00067906726291,-54.53862822515688,-1.571864097173449,TRACKING,1.1955,1.2194990598954478,47.64758456360901,-51.78229294206899,-0.012801046464517315,nan,51.761
CRUISE,0.0,55.00067906726291,-54.53862822515688,-1.571864097173449,TRACKING,1.1955,1.2494970493451358,47.67242276566598,-51.78260831950127,-0.012581661815845836,nan,51.78
CRUISE,0.0,55.00067906726291,-54.53862822515688,-1.571864097173449,TRACKING,1.2555,1.2794994856397004,47.697861012762374,-51.78292571205466,-0.012360457996229906,nan,51.800000000000004
CRUISE,0.0,55.00067906726291,-54.53862822515688,-1.571864097173449,TRACKING,1.2555,1.3095048556836602,47.72389937327037,-51.783244810678156,-0.012137575078712146,nan,51.82
CRUISE,0.0,55.00067906726291,-54.53862822515688,-1.571864097173449,TRACKING,1.3155,1.3389533735485808,47.75053215232282,-51.78356530630731,-0.011913142043594989,nan,51.84
CRUISE,0.0,55.00067906726291,-54.53862822515688,-1.571864097173449,TRACKING,1.3155,1.3679891212181021,47.7777401093631,-51.7838868884949,-0.011687398222464142,nan,51.86000000000001
CRUISE,0.0,55.00067906726291,-54.53862822515688,-1.571864097173449,TRACKING,1.3455,1.3979780655860847,47.80554764221262,-51.78420925502255,-0.01146039430918875,nan,51.88
CRUISE,0.0,55.00067906726291,-54.53862822515688,-1.571864097173449,TRACKING,1.3755,1.427967055838849,47.833954993803296,-51.78453209903252,-0.011232169153490255,nan,51.900000000000006
CRUISE,0.0,55.00067906726291,-54.53862822515688,-1.571864097173449,TRACKING,1.4055,1.4579562115631328,47.862962168779354,-51.784855112257716,-0.011002753214816535,nan,51.92100000000001
CRUISE,0.0,55.00067906726291,-54.53862822515688,-1.571864097173449,TRACKING,1.4655,1.4879408008616886,47.892569093343866,-51.78517768706654,-0.010772287726412968,nan,51.940000000000005
CRUISE,0.0,55.00067906726291,-54.53862822515688,-1.571864097173449,TRACKING,1.4655,1.5179778856405637,47.92277681724267,-51.78549977666831,-0.010540932599834055,nan,51.96
CRUISE,0.0,55.00067906726291,-54.53862822515688,-1.571864097173449,TRACKING,1.4955,1.5479573812651828,47.95358421227293,-51.785821122810916,-0.010308927340251958,nan,51.980000000000004
CRUISE,0.0,55.00067906726291,-54.53862822515688,-1.571864097173449,TRACKING,1.5555,1.5779405423240933,47.9849912996128,-51.78614142618544,-0.010076189809587861,nan,52.001000000000005
CRUISE,0.0,55.00067906726291,-54.53862822515688,-1.571864097173449,TRACKING,1.5555,1.6079259322995814,48.01699813121578,-51.786460384269866,-0.009842664702199532,nan,52.022000000000006
CRUISE,0.0,55.00067906726291,-54.53862822515688,-1.571864097173449,TRACKING,1.6155,1.6379127197619852,48.04960473898345,-51.78677769152359,-0.009608318307097876,nan,52.040000000000006
CRUISE,0.0,55.00067906726291,-54.53862822515688,-1.571864097173449,TRACKING,1.6155,1.667982587213497,48.08281283686352,-51.7870930598007,-0.00937352651290235,nan,52.06
CRUISE,0.0,55.00067906726291,-54.53862822515688,-1.571864097173449,TRACKING,1.6455,1.6979527785307675,48.116620442622285,-51.787406182614625,-0.009138664041113029,nan,52.080000000000005
CRUISE,0.0,55.00067906726291,-54.53862822515688,-1.571864097173449,TRACKING,1.7055,1.727929948872689,48.15102761115535,-51.78771677297875,-0.00890352770582856,nan,52.1
CRUISE,0.0,55.00067906726291,-54.53862822515688,-1.571864097173449,TRACKING,1.7055,1.7580021601155935,48.18603630806068,-51.78802455881564,-0.008668419017908421,nan,52.120000000000005
CRUISE,0.0,55.00067906726291,-54.53862822515688,-1.571864097173449,TRACKING,1.7655,1.7878043457597246,48.22164175118346,-51.788329227214035,-0.008433203712034147,nan,52.141000000000005
CRUISE,0.0,55.00067906726291,-54.53862822515688,-1.571864097173449,TRACKING,1.7655,1.8171643301554343,48.25783650163161,-51.78863052366744,-0.008197765194453041,nan,52.160000000000004
CRUISE,0.0,55.00067906726291,-54.53862822515688,-1.571864097173449,TRACKING,1.7955,1.847118373130136,48.29462750531782,-51.78892816821254,-0.007963093385316906,nan,52.18
CRUISE,0.0,55.00067906726291,-54.53862822515688,-1.571864097173449,TRACKING,1.8555,1.8772589167572127,48.332021477663815,-51.78922187525317,-0.007728838133761643,nan,52.2
CRUISE,0.0,55.00067906726291,-54.53862822515688,-1.571864097173449,TRACKING,1.8855,1.907266155415027,48.370015771759675,-51.78951137986466,-0.007494163660282226,nan,52.220000000000006
CRUISE,0.0,55.00067906726291,-54.53862822515688,-1.571864097173449,TRACKING,1.9155,1.9372726484440337,48.40861025545271,-51.789796384716766,-0.00725902146715096,nan,52.24
CRUISE,0.0,55.00067906726291,-54.53862822515688,-1.571864097173449,TRACKING,1.9455,1.9671347790578064,48.447801882062876,-51.790076621027644,-0.0070241525488082025,nan,52.260000000000005
CRUISE,0.0,55.00067906726291,-54.53862822515688,-1.571864097173449,TRACKING,1.9755,1.9971896119801602,48.48759455361402,-51.79035180934303,-0.006790216192085202,nan,52.281000000000006
CRUISE,0.0,55.00067906726291,-54.53862822515688,-1.571864097173449,TRACKING,1.9755,2.0273795851053653,48.52798963562685,-51.79062169863392,-0.006556788709496468,nan,52.300000000000004
CRUISE,0.0,55.00067906726291,-54.53862822515688,-1.571864097173449,TRACKING,2.0355,2.05791541330517,48.56899644751435,-51.79088602451786,-0.0063235560697583945,nan,52.32
CRUISE,0.0,55.00067906726291,-54.53862822515688,-1.571864097173449,TRACKING,2.0355,2.0878960164417903,48.61060357047744,-51.79114451208615,-0.006090344155761313,nan,52.34
CRUISE,0.0,55.00067906726291,-54.53862822515688,-1.571864097173449,TRACKING,2.0955,2.118073464340974,48.65281438615326,-51.79139691560996,-0.005857951553711269,nan,52.36000000000001
CRUISE,0.0,55.00067906726291,-54.53862822515688,-1.571864097173449,TRACKING,2.0955,2.148014182124168,48.69562418394704,-51.79164298697649,-0.00562715353494638,nan,52.38
CRUISE,0.0,55.00067906726291,-54.53862822515688,-1.571864097173449,TRACKING,2.1255,2.177972771408762,48.73903311965333,-51.791882506332875,-0.00539737651219201,nan,52.400000000000006
CRUISE,0.0,55.00067906726291,-54.53862822515688,-1.571864097173449,TRACKING,2.1555,2.207942555297791,48.78304144157725,-51.79211523497898,-0.005168221850804608,nan,52.42
CRUISE,0.0,55.00067906726291,-54.53862822515688,-1.571864097173449,TRACKING,2.2155,2.2379192143416806,48.82764930195789,-51.792340920245806,-0.004939406729719741,nan,52.440000000000005
CRUISE,0.0,55.00067906726291,-54.53862822515688,-1.571864097173449,TRACKING,2.2455,2.268130270279668,48.87286153125974,-51.79255944411467,-0.004711793918007311,nan,52.46
CRUISE,0.0,55.00067906726291,-54.53862822515688,-1.571864097173449,TRACKING,2.2455,2.298060852422552,48.918672555791645,-51.7927704971756,-0.004486306349087296,nan,52.480000000000004
CRUISE,0.0,55.00067906726291,-54.53862822515688,-1.571864097173449,TRACKING,2.2755,2.3287198554585666,48.96508967459777,-51.79297388042846,-0.00426223088998225,nan,52.5
CRUISE,0.0,55.00067906726291,-54.53862822515688,-1.571864097173449,TRACKING,2.3355,2.359518954727805,49.01212951072647,-51.79316937515416,-0.00403903301548324,nan,52.52
CRUISE,0.0,55.00067906726291,-54.53862822515688,-1.571864097173449,TRACKING,2.3655,2.389546714941656,49.059769987452164,-51.79335674766701,-0.003816435097308546,nan,52.540000000000006
CRUISE,0.0,55.00067906726291,-54.53862822515688,-1.571864097173449,TRACKING,2.3655,2.4193039690357323,49.10800584393521,-51.793535749811035,-0.003595384704519122,nan,52.56
CRUISE,0.0,55.00067906726291,-54.53862822515688,-1.571864097173449,TRACKING,2.4255,2.449385342580593,49.15684287985087,-51.793706252687855,-0.0033769877295364704,nan,52.580000000000005
CRUISE,0.0,55.00067906726291,-54.53862822515688,-1.571864097173449,TRACKING,2.4555,2.479441435404976,49.206281186399586,-51.79386810384259,-0.0031604354629975124,nan,52.6
CRUISE,0.0,55.00067906726291,-54.53862822515688,-1.571864097173449,TRACKING,2.4555,2.509481598948126,49.25632040644081,-51.794021118406945,-0.002945154052918814,nan,52.620000000000005
CRUISE,0.0,55.00067906726291,-54.53862822515688,-1.571864097173449,TRACKING,2.5155,2.5395121136808014,49.30696032278391,-51.79416509029379,-0.0027307344139083246,nan,52.64
CRUISE,0.0,55.00067906726291,-54.53862822515688,-1.571864097173449,TRACKING,2.5455,2.5692440363960736,49.35819477235186,-51.794299804244886,-0.0025183631736066885,nan,52.660000000000004
CRUISE,0.0,55.00067906726291,-54.53862822515688,-1.571864097173449,TRACKING,2.5455,2.5993322172679756,49.4100308384422,-51.79442517256332,-0.0023090877029079684,nan,52.68000000000001
CRUISE,0.0,55.00067906726291,-54.53862822515688,-1.571864097173449,TRACKING,2.5755,2.629392473115502,49.46246826018747,-51.7945410789845,-0.00210198750578262,nan,52.7
CRUISE,0.0,55.00067906726291,-54.53862822515688,-1.571864097173449,TRACKING,2.6055,2.659435387380893,49.51550665113923,-51.79464737070075,-0.001896428085108846,nan,52.720000000000006
CRUISE,0.0,55.00067906726291,-54.53862822515688,-1.571864097173449,TRACKING,2.6355,2.6894676552701258,49.569145770544324,-51.794743869568094,-0.0016919485696910083,nan,52.74
CRUISE,0.0,55.00067906726291,-54.53862822515688,-1.571864097173449,TRACKING,2.6955,2.719139501802509,49.62337852501715,-51.79483039404738,-0.001489837688774586,nan,52.760000000000005
CRUISE,0.0,55.00067906726291,-54.53862822515688,-1.571864097173449,TRACKING,2.7255,2.7482272240724344,49.67819492530436,-51.79490689413169,-0.0012912985016993105,nan,52.78
CRUISE,0.0,55.00067906726291,-54.53862822515688,-1.571864097173449,TRACKING,2.7555,2.7781600256389565,49.73360843874816,-51.79497329089509,-0.0010952829197955077,nan,52.800000000000004
CRUISE,0.0,55.00067906726291,-54.53862822515688,-1.571864097173449,TRACKING,2.7555,2.8081119113515,49.78962090257452,-51.795029457074214,-0.0009010811816901934,nan,52.82
CRUISE,0.0,55.00067906726291,-54.53862822515688,-1.571864097173449,TRACKING,2.7855,2.8380754646878206,49.84623257780455,-51.7950752666885,-0.0007081739943835353,nan,52.84
CRUISE,0.0,55.00067906726291,-54.53862822515688,-1.571864097173449,TRACKING,2.8155,2.8683937808970024,49.903450782353886,-51.79511058414081,-0.0005178926866827414,nan,52.86000000000001
CRUISE,0.0,55.00067906726291,-54.53862822515688,-1.571864097173449,TRACKING,2.8755,2.8982896594431553,49.961267113331026,-51.79513538279725,-0.0003315204162618406,nan,52.881
CRUISE,0.0,55.00067906726291,-54.53862822515688,-1.571864097173449,TRACKING,2.8755,2.928129721731462,50.01968098539113,-51.79514963357331,-0.00014796256321416573,nan,52.900000000000006
CRUISE,0.0,55.00067906726291,-54.53862822515688,-1.571864097173449,TRACKING,2.9055,2.9575208205749606,50.07868178413959,-51.7951532600824,3.351492708334186e-05,nan,52.92
CRUISE,0.0,55.00067906726291,-54.53862822515688,-1.571864097173449,TRACKING,2.9355,2.9875719079033396,50.13828295361411,-51.79514615038188,0.00021350092607362042,nan,52.940000000000005
CRUISE,0.0,55.00067906726291,-54.53862822515688,-1.571864097173449,TRACKING,2.9655,3.017273573258764,50.19847789384651,-51.79512819558224,0.000390553274040393,nan,52.96
CRUISE,0.0,55.00067906726291,-54.53862822515688,-1.571864097173449,TRACKING,2.9955,3.04742045303424,50.25927553598837,-51.7950994238098,0.0005633792831572974,nan,52.980000000000004
CRUISE,0.0,55.00067906726291,-54.53862822515688,-1.571864097173449,TRACKING,3.0555,3.077521706174338,50.32067542789985,-51.79505984887845,0.0007331501003829869,nan,53.0
CRUISE,0.0,55.00067906726291,-54.53862822515688,-1.571864097173449,TRACKING,3.0855,3.1075947248594296,50.38267689457713,-51.79500942959545,0.0009006678630398566,nan,53.02
CRUISE,0.0,55.00067906726291,-54.53862822515688,-1.571864097173449,TRACKING,3.1155,3.137649685448383,50.44527955581139,-51.79494808648576,0.001066515177963812,nan,53.040000000000006
CRUISE,0.0,55.00067906726291,-54.53862822515688,-1.571864097173449,TRACKING,3.1155,3.1644032225347303,50.508420819711816,-51.79487600094928,0.0012086785527999216,nan,53.06
CRUISE,0.0,55.00067906726291,-54.53862822515688,-1.571864097173449,TRACKING,3.1755,3.1958248970290764,50.57218088481607,-51.79479565728909,0.0013047729559651088,nan,53.081
CRUISE,0.0,55.00067906726291,-54.53862822515688,-1.571864097173449,TRACKING,3.2055,3.2267801457856167,50.63656211700983,-51.79470941815112,0.0013695064493631447,nan,53.1
CRUISE,0.0,55.00067906726291,-54.53862822515688,-1.571864097173449,TRACKING,3.2355,3.2574220526654805,50.701557598335256,-51.79461888305722,0.0014131307239329122,nan,53.121
CRUISE,0.0,55.00067906726291,-54.53862822515688,-1.571864097173449,TRACKING,3.2355,3.287141963736705,50.767148023626845,-51.794525184998655,0.0014389925052595224,nan,53.14
CRUISE,0.0,55.00067906726291,-54.53862822515688,-1.571864097173449,TRACKING,3.2655,3.3183591305324613,50.83336243421286,-51.794429435295946,0.0014519199594325001,nan,53.160000000000004
CRUISE,0.0,55.00067906726291,-54.53862822515688,-1.571864097173449,TRACKING,3.2955,3.348487505555782,50.9001815322373,-51.79433210832887,0.001460569721887216,nan,53.18000000000001
CRUISE,0.0,55.00067906726291,-54.53862822515688,-1.571864097173449,TRACKING,3.3555,3.3785735823290626,50.96760254382883,-51.794233424226505,0.0014663893182810981,nan,53.2
CRUISE,0.0,55.00067906726291,-54.53862822515688,-1.571864097173449,TRACKING,3.3855,3.408631560662314,51.03562484032002,-51.794133533671236,0.0014703092071320087,nan,53.220000000000006
CRUISE,0.0,55.00067906726291,-54.53862822515688,-1.571864097173449,TRACKING,3.3855,3.4386706171642203,51.10424800230637,-51.79403253916418,0.0014729494204759922,nan,53.24
CRUISE,0.0,55.00067906726291,-54.53862822515688,-1.571864097173449,TRACKING,3.4455,3.468696900994765,51.17347174671041,-51.79393051035884,0.0014747277062949085,nan,53.260000000000005
CRUISE,0.0,55.00067906726291,-54.53862822515688,-1.571864097173449,TRACKING,3.4755,3.4987145568121183,51.24329588235694,-51.79382749442236,0.0014759254433361754,nan,53.28
CRUISE,0.0,55.00067906726291,-54.53862822515688,-1.571864097173449,TRACKING,3.5055,3.52872638052178,51.313720280045466,-51.793723523143306,0.0014767320869490564,nan,53.301
CRUISE,0.0,55.00067906726291,-54.53862822515688,-1.571864097173449,TRACKING,3.5355,3.5587342506465154,51.38474485226612,-51.79361861833606,0.0014772753339333668,nan,53.32
CRUISE,0.0,55.00067906726291,-54.53862822515688,-1.571864097173449,TRACKING,3.5355,3.588739441910905,51.45636953970019,-51.793512794970944,0.0014776412432415834,nan,53.34
CRUISE,0.0,55.00067906726291,-54.53862822515688,-1.571864097173449,TRACKING,3.5655,3.6187428222196254,51.52859430222914,-51.793406063173904,0.0014778876693481069,nan,53.36000000000001
CRUISE,0.0,55.00067906726291,-54.53862822515688,-1.571864097173449,TRACKING,3.6255,3.648745092303026,51.601419113852444,-51.79329842977846,0.0014780536160670023,nan,53.38
CRUISE,0.0,55.00067906726291,-54.53862822515688,-1.571864097173449,TRACKING,3.6255,3.6787470460426386,51.67484396570067,-51.793189899438936,0.0014781653786682424,nan,53.400000000000006
CRUISE,0.0,55.00067906726291,-54.53862822515688,-1.571864097173449,TRACKING,3.6555,3.7087483852739824,51.74886884649205,-51.79308047533122,0.0014782406044352866,nan,53.42
CRUISE,0.0,55.00067906726291,-54.53862822515688,-1.571864097173449,TRACKING,3.6855,3.7387487223884923,51.82349373863162,-51.79297015964579,0.0014782912569201423,nan,53.440000000000005
CRUISE,0.0,55.00067906726291,-54.53862822515688,-1.571864097173449,TRACKING,3.7155,3.768748816269978,51.89871863237035,-51.79285895386215,0.0014783253744118023,nan,53.46
CRUISE,0.0,55.00067906726291,-54.53862822515688,-1.571864097173449,TRACKING,3.7755,3.7987488638586866,51.97454352658905,-51.79274685896338,0.001478348361125131,nan,53.480000000000004
CRUISE,0.0,55.00067906726291,-54.53862822515688,-1.571864097173449,TRACKING,3.7755,3.8287487874157278,52.050968419571305,-51.792633875613895,0.0014783638565089169,nan,53.5
CRUISE,0.0,55.00067906726291,-54.53862822515688,-1.571864097173449,TRACKING,3.8055,3.858748704910865,52.127993309752924,-51.792520004262805,0.0014783743056072604,nan,53.52
CRUISE,0.0,55.00067906726291,-54.53862822515688,-1.571864097173449,TRACKING,3.8655,3.8887487535599283,52.20561819958307,-51.79240524521905,0.0014783813593584885,nan,53.540000000000006
CRUISE,0.0,55.00067906726291,-54.53862822515688,-1.571864097173449,TRACKING,3.8655,3.918748938066411,52.28384309176801,-51.79228959869089,0.001478386130823147,nan,53.56
CRUISE,0.0,55.00067906726291,-54.53862822515688,-1.571864097173449,TRACKING,3.8955,3.9487491777969614,52.362667988195916,-51.792173064817185,0.0014783893650897983,nan,53.580000000000005
CRUISE,0.0,55.00067906726291,-54.53862822515688,-1.571864097173449,TRACKING,3.9555,3.9787492361374426,52.442092886067904,-51.792055643691604,0.001478391561771817,nan,53.6
CRUISE,0.0,55.00067906726291,-54.53862822515688,-1.571864097173449,TRACKING,3.9855,4.008749236146224,52.522117783337706,-51.79193733538618,0.0014783930633121183,nan,53.620000000000005
CRUISE,0.0,55.00067906726291,-54.53862822515688,-1.571864097173449,TRACKING,4.0155,4.03874923615066,52.60274267995177,-51.79181813994501,0.0014783940974701425,nan,53.64
CRUISE,0.0,55.00067906726291,-54.53862822515688,-1.571864097173449,TRACKING,4.0155,4.068749236154539,52.68396757591012,-51.791698057397745,0.0014783948173708427,nan,53.660000000000004
CRUISE,0.0,55.00067906726291,-54.53862822515688,-1.571864097173449,TRACKING,4.0455,4.098749236155657,52.76579247121274,-51.79157708776446,0.001478395326026657,nan,53.68000000000001
CRUISE,0.0,55.00067906726291,-54.53862822515688,-1.571864097173449,TRACKING,4.0755,4.1287492358574465,52.84821736585664,-51.79145523105865,0.0014783956927230258,nan,53.7
CRUISE,0.0,55.00067906726291,-54.53862822515688,-1.571864097173449,TRACKING,4.1055,4.158749004810429,52.931242256956025,-51.79133248728604,0.001478395959846267,nan,53.720000000000006
CRUISE,0.0,55.00067906726291,-54.53862822515688,-1.571864097173449,TRACKING,4.1355,4.188748733611455,53.01486714140762,-51.79120885645486,0.001478396158254304,nan,53.74
CRUISE,0.0,55.00067906726291,-54.53862822515688,-1.571864097173449,TRACKING,4.1955,4.218748623897698,53.09909202217761,-51.79108433857065,0.0014783963114917145,nan,53.760000000000005
CRUISE,0.0,55.00067906726291,-54.53862822515688,-1.571864097173449,TRACKING,4.1955,4.248682756025002,53.183916243381645,-51.79095893461317,0.001478396436845208,nan,53.78
CRUISE,0.0,55.00067906726291,-54.53862822515688,-1.571864097173449,TRACKING,4.2255,4.276460017883839,53.26929663939842,-51.790832708407514,0.0014783965470243738,nan,53.800000000000004
CRUISE,0.0,55.00067906726291,-54.53862822515688,-1.571864097173449,TRACKING,4.28205,4.3022602473055835,53.35519364104309,-51.790705718456174,0.0014783966499901941,nan,53.82
CRUISE,0.0,55.00067906726291,-54.53862822515688,-1.571864097173449,TRACKING,4.30866,4.330064002261301,53.44164827971118,-51.790577904090775,0.001478396746797807,nan,53.84
CRUISE,0.0,55.00067906726291,-54.53862822515688,-1.571864097173449,TRACKING,4.3346832,4.355976289974057,53.528622272689134,-51.7904493219054,0.0014783968383494034,nan,53.86000000000001
CRUISE,0.0,55.00067906726291,-54.53862822515688,-1.571864097173449,TRACKING,4.3601622,4.382290413460905,53.6161291955557,-51.790319951830284,0.0014783969266538323,nan,53.88
CRUISE,0.0,55.00067906726291,-54.53862822515688,-1.571864097173449,TRACKING,4.385109,4.406086344383007,53.70410854597906,-51.790189883312074,0.0014783970129940707,nan,53.901
CRUISE,0.0,55.00067906726291,-54.53862822515688,-1.571864097173449,TRACKING,4.385109,4.4291601005557375,53.79254939758365,-51.79005913250475,0.0014783970984084468,nan,53.92
CRUISE,0.0,55.00067906726291,-54.53862822515688,-1.571864097173449,TRACKING,4.40953534,4.453569647209903,53.88148202098411,-51.78992765465576,0.0014783971844681886,nan,53.940000000000005
CRUISE,0.0,55.00067906726291,-54.53862822515688,-1.571864097173449,TRACKING,4.45637098,4.476791872701776,53.97088104086122,-51.78979548727351,0.0014783972686835346,nan,53.96
CRUISE,0.0,55.00067906726291,-54.53862822515688,-1.571864097173449,TRACKING,4.45637098,4.4995298576724645,54.06073673098385,-51.78966264474034,0.0014783973521524574,nan,53.980000000000004
CRUISE,0.0,55.00067906726291,-54.53862822515688,-1.571864097173449,TRACKING,4.47930027,4.521756693675078,54.15103929811179,-51.78952914153813,0.0014783974358970346,nan,54.0
CRUISE,0.0,55.00067906726291,-54.53862822515688,-1.571864097173449,TRACKING,4.50176121,4.543520168249576,54.24177942692937,-51.78939499144186,0.001478397521016927,nan,54.02
CRUISE,0.0,55.00067906726291,-54.53862822515688,-1.571864097173449,TRACKING,4.52375379,4.5648297738155295,54.33294799465544,-51.7892602079407,0.0014783976081245243,nan,54.040000000000006
CRUISE,0.0,55.00067906726291,-54.53862822515688,-1.571864097173449,TRACKING,4.54528778,4.585659147835491,54.42453570474126,-51.78912480477229,0.0014783976947990432,nan,54.06
CRUISE,0.0,55.00067906726291,-54.53862822515688,-1.571864097173449,TRACKING,4.56637256,4.606045686097606,54.51653372900396,-51.7889887949882,0.0014783977818915483,nan,54.080000000000005
CRUISE,0.0,55.00067906726291,-54.53862822515688,-1.571864097173449,TRACKING,4.60723173,4.626006934634801,54.6089335077567,-51.78885219124287,0.001478397869366115,nan,54.1
CRUISE,0.0,55.00067906726291,-54.53862822515688,-1.571864097173449,TRACKING,4.60723173,4.6455397304640496,54.70172653952654,-51.788715006104724,0.001478397957185589,nan,54.120000000000005
CRUISE,0.0,55.00067906726291,-54.53862822515688,-1.571864097173449,TRACKING,4.64640393,4.664636398793165,54.79490433406288,-51.788577252125386,0.0014783980451888866,nan,54.14
CRUISE,0.0,55.00067906726291,-54.53862822515688,-1.571864097173449,TRACKING,4.64640393,4.683334563162182,54.88845886081503,-51.78843894116874,0.0014783981291107528,nan,54.160000000000004
CRUISE,0.0,55.00067906726291,-54.53862822515688,-1.571864097173449,TRACKING,4.66537929,4.70164269634654,54.98238226044832,-51.78830008485584,0.0014783982100846286,nan,54.18000000000001
CRUISE,0.0,55.00067906726291,-54.53862822515688,-1.571864097173449,TRACKING,4.70215073,4.719550244852355,55.07666665358925,-51.78816069483695,0.0014783982873483915,nan,54.2
CRUISE,0.0,55.00067906726291,-54.53862822515688,-1.571864097173449,TRACKING,4.70215073,4.737065438295952,55.17130432281944,-51.788020782533,0.0014783983688094109,nan,54.220000000000006
CRUISE,0.0,55.00067906726291,-54.53862822515688,-1.571864097173449,TRACKING,4.73740396,4.754215318651457,55.266287901533794,-51.78788035883691,0.0014783984541210827,nan,54.24
CRUISE,0.0,55.00067906726291,-54.53862822515688,-1.571864097173449,TRACKING,4.73740396,4.771007375768089,55.36161017370299,-51.78773943441694,0.0014783985440136051,nan,54.260000000000005
CRUISE,0.0,55.00067906726291,-54.53862822515688,-1.571864097173449,TRACKING,4.75448095,4.787436269605865,55.45726394186386,-51.78759801990537,0.0014783986345270443,nan,54.28
CRUISE,0.0,55.00067906726291,-54.53862822515688,-1.571864097173449,TRACKING,4.77120169,4.8035008219648025,55.55324207440091,-51.78745612584525,0.0014783987255337792,nan,54.300000000000004
CRUISE,0.0,55.00067906726291,-54.53862822515688,-1.571864097173449,TRACKING,4.80360399,4.819230246724873,55.64953780464847,-51.787313762240416,0.0014783988170763067,nan,54.32
CRUISE,0.0,55.00067906726291,-54.53862822515688,-1.571864097173449,TRACKING,4.81929996,4.834631535084991,55.746144507102336,-51.78717093888588,0.0014783989091857706,nan,54.34
CRUISE,0.0,55.00067906726291,-54.53862822515688,-1.571864097173449,TRACKING,4.81929996,4.849711493413272,55.84305569170631,-51.787027665374964,0.0014783990022699236,nan,54.36000000000001
CRUISE,0.0,55.00067906726291,-54.53862822515688,-1.571864097173449,TRACKING,4.8497164,4.864450292020485,55.94026473949989,-51.78688395148988,0.0014783990947612364,nan,54.38
CRUISE,0.0,55.00067906726291,-54.53862822515688,-1.571864097173449,TRACKING,4.8644504,4.8788769648179775,56.03776539308461,-51.78673980648893,0.0014783991900316447,nan,54.400000000000006
CRUISE,0.0,55.00067906726291,-54.53862822515688,-1.571864097173449,TRACKING,4.8644504,4.892939933168258,56.13553744399978,-51.786595260244994,0.001478399285255105,nan,54.42
CRUISE,0.0,55.00067906726291,-54.53862822515688,-1.571864097173449,TRACKING,4.89300271,4.906833681457319,56.233603189776694,-51.78645027979367,0.0014783993797240044,nan,54.440000000000005
CRUISE,0.0,55.00067906726291,-54.53862822515688,-1.571864097173449,TRACKING,4.89300271,4.9203761554770775,56.33194267388447,-51.786304894642136,0.001478399475192573,nan,54.46
CRUISE,0.0,55.00067906726291,-54.53862822515688,-1.571864097173449,TRACKING,4.9068337,4.933636103515225,56.430549941928945,-51.78615911358918,0.001478399570732136,nan,54.480000000000004
CRUISE,0.0,55.00067906726291,-54.53862822515688,-1.571864097173449,TRACKING,4.92037616,4.94661942955309,56.52941936592695,-51.786012944955345,0.0014783996665309672,nan,54.5
CRUISE,0.0,55.00067906726291,-54.53862822515688,-1.571864097173449,TRACKING,4.94661943,4.959331906407123,56.62854547696194,-51.78586639682574,0.0014783997625266308,nan,54.52
CRUISE,0.0,55.00067906726291,-54.53862822515688,-1.571864097173449,TRACKING,4.95933191,4.971779184342779,56.727922920206126,-51.7857194771168,0.0014783998586700234,nan,54.540000000000006
CRUISE,0.0,55.00067906726291,-54.53862822515688,-1.571864097173449,TRACKING,4.97177918,4.983712546204693,56.82754358647729,-51.78557219781119,0.0014783999518864588,nan,54.56
CRUISE,0.0,55.00067906726291,-54.53862822515688,-1.571864097173449,TRACKING,4.97177918,4.995645924214367,56.92740291683365,-51.785424565647965,0.0014784000412834176,nan,54.580000000000005
CRUISE,0.0,55.00067906726291,-54.53862822515688,-1.571864097173449,TRACKING,4.98371255,5.007330352413315,57.02748624280512,-51.78527660231929,0.0014784001302085667,nan,54.6
CRUISE,0.0,55.00067906726291,-54.53862822515688,-1.571864097173449,TRACKING,4.99564591,5.018776074251947,57.127812077315824,-51.7851282804569,0.0014784002195255344,nan,54.620000000000005
CRUISE,0.0,55.00067906726291,-54.53862822515688,-1.571864097173449,TRACKING,5.00733032,5.029983155316912,57.22836396532956,-51.78497962439566,0.0014784003133344787,nan,54.64
CRUISE,0.0,55.00067906726291,-54.53862822515688,-1.571864097173449,TRACKING,5.01877607,5.040956548829092,57.32913719344101,-51.78483064110152,0.0014784004104064481,nan,54.660000000000004
CRUISE,0.0,55.00067906726291,-54.53862822515688,-1.571864097173449,TRACKING,5.04095655,5.051701027363575,57.43012714232328,-51.7846813373975,0.0014784005077944722,nan,54.68000000000001
CRUISE,0.0,55.00067906726291,-54.53862822515688,-1.571864097173449,TRACKING,5.05170103,5.062221364257885,57.531329290958745,-51.784531719967475,0.0014784006055561852,nan,54.7
CRUISE,0.0,55.00067906726291,-54.53862822515688,-1.571864097173449,TRACKING,5.05170103,5.0725222332818,57.632739013471586,-51.78438179565031,0.0014784007037414995,nan,54.720000000000006
CRUISE,0.0,55.00067906726291,-54.53862822515688,-1.571864097173449,TRACKING,5.06222136,5.082608212732199,57.734351959551574,-51.78423157087787,0.0014784008027496286,nan,54.74
CRUISE,0.0,55.00067906726291,-54.53862822515688,-1.571864097173449,TRACKING,5.08260821,5.092483789395781,57.83616388645558,-51.78408105191869,0.0014784009014921558,nan,54.760000000000005
CRUISE,0.0,55.00067906726291,-54.53862822515688,-1.571864097173449,TRACKING,5.09248379,5.102153360910931,57.93817064539685,-51.783930244910515,0.0014784010019983278,nan,54.78
CRUISE,0.0,55.00067906726291,-54.53862822515688,-1.571864097173449,TRACKING,5.09248379,5.11162120819853,58.04036817333043,-51.78377915585898,0.0014784011027290738,nan,54.800000000000004
CRUISE,0.0,55.00067906726291,-54.53862822515688,-1.571864097173449,TRACKING,5.10215334,5.121355017037907,58.142748781867176,-51.78362779612908,0.0014784012023327697,nan,54.82
CRUISE,0.0,55.00067906726291,-54.53862822515688,-1.571864097173449,TRACKING,5.12135502,5.129978103562642,58.245318987814166,-51.78347615609186,0.0014784013033484283,nan,54.84
CRUISE,0.0,55.00067906726291,-54.53862822515688,-1.571864097173449,TRACKING,5.12135502,5.138865680033275,58.34806535914525,-51.783324255601336,0.0014784014042778832,nan,54.86000000000001
CRUISE,0.0,55.00067906726291,-54.53862822515688,-1.571864097173449,TRACKING,5.13886568,5.147558579691349,58.450986756438226,-51.783172096341644,0.001478401505370094,nan,54.881
CRUISE,0.0,55.00067906726291,-54.53862822515688,-1.571864097173449,TRACKING,5.13886568,5.156079017620799,58.5540795971606,-51.78301968360907,0.0014784016065499117,nan,54.900000000000006
CRUISE,0.0,55.00067906726291,-54.53862822515688,-1.571864097173449,TRACKING,5.14755858,5.164421704017738,58.657340358027085,-51.78286702261235,0.0014784017077639705,nan,54.92
CRUISE,0.0,55.00067906726291,-54.53862822515688,-1.571864097173449,TRACKING,5.1644217,5.172590532392713,58.76076553699392,-51.78271411852547,0.0014784018071986405,nan,54.940000000000005
CRUISE,0.0,55.00067906726291,-54.53862822515688,-1.571864097173449,TRACKING,5.17259053,5.180588967178933,58.864351704421786,-51.78256097641663,0.001478401903396852,nan,54.96
CRUISE,0.0,55.00067906726291,-54.53862822515688,-1.571864097173449,TRACKING,5.18058895,5.188420546212383,58.968095504536386,-51.782407601252984,0.0014784019996628836,nan,54.980000000000004
CRUISE,0.0,55.00067906726291,-54.53862822515688,-1.571864097173449,TRACKING,5.18058895,5.1960887201936705,59.07199364865916,-51.78225399789674,0.0014784020959988898,nan,55.0
CRUISE,0.0,55.00067906726291,-54.53862822515688,-1.571864097173449,TRACKING,5.18842052,5.203596928296885,59.17603540989875,-51.78210018221079,0.0014784021949990527,nan,55.02
CRUISE,0.0,55.00067906726291,-54.53862822515688,-1.571864097173449,TRACKING,5.20359693,5.21094851793443,59.280232504692286,-51.78194613687359,0.001478402296468383,nan,55.040000000000006
CRUISE,0.0,55.00067906726291,-54.53862822515688,-1.571864097173449,TRACKING,5.21094852,5.218146743788514,59.384574330744584,-51.7817918775548,0.001478402398174611,nan,55.06
CRUISE,0.0,55.00067906726291,-54.53862822515688,-1.571864097173449,TRACKING,5.21814674,5.2251948052234205,59.489057868769244,-51.78163740871817,0.0014784025001745827,nan,55.080000000000005
CRUISE,0.0,55.00067906726291,-54.53862822515688,-1.571864097173449,TRACKING,5.21814674,5.23209583486775,59.59368016246896,-51.781482734734304,0.0014784026025243399,nan,55.1
CRUISE,0.0,55.00067906726291,-54.53862822515688,-1.571864097173449,TRACKING,5.23209583,5.2388528999850825,59.69843831685098,-51.78132785988343,0.0014784027056834203,nan,55.120000000000005
CRUISE,0.0,55.00067906726291,-54.53862822515688,-1.571864097173449,TRACKING,5.23209583,5.245469013179732,59.80332949560754,-51.78117278835535,0.0014784028083370082,nan,55.14
CRUISE,0.0,55.00067906726291,-54.53862822515688,-1.571864097173449,TRACKING,5.2388529,5.251947110642038,59.908350925967504,-51.78101752425339,0.0014784029123493115,nan,55.160000000000004
CRUISE,0.0,55.00067906726291,-54.53862822515688,-1.571864097173449,TRACKING,5.25194709,5.258290063610081,60.01349989111199,-51.780862071592786,0.0014784030165399965,nan,55.18000000000001
CRUISE,0.0,55.00067906726291,-54.53862822515688,-1.571864097173449,TRACKING,5.25829003,5.264500649120232,60.118773730190604,-51.780706434306786,0.001478403120287883,nan,55.201
CRUISE,0.0,55.00067906726291,-54.53862822515688,-1.571864097173449,TRACKING,5.26450065,5.27058170737558,60.224169840457236,-51.78055061624641,0.0014784032250101924,nan,55.220000000000006
CRUISE,0.0,55.00067906726291,-54.53862822515688,-1.571864097173449,TRACKING,5.27058171,5.27653590679099,60.329685623451574,-51.780394621250124,0.0014784033295254684,nan,55.24
CRUISE,0.0,55.00067906726291,-54.53862822515688,-1.571864097173449,TRACKING,5.27653591,5.282365893807072,60.4353185029711,-51.78023845312674,0.001478403434098611,nan,55.260000000000005
CRUISE,0.0,55.00067906726291,-54.53862822515688,-1.571864097173449,TRACKING,5.28236589,5.288074259661621,60.54106603622899,-51.780082115487595,0.0014784035386604592,nan,55.28
CRUISE,0.0,55.00067906726291,-54.53862822515688,-1.571864097173449,TRACKING,5.28236589,5.29366354152291,60.646925831379555,-51.77992561186862,0.001478403643085887,nan,55.300000000000004
CRUISE,0.0,55.00067906726291,-54.53862822515688,-1.571864097173449,TRACKING,5.28807426,5.299136230020011,60.75289554458162,-51.77976894573118,0.0014784037455776037,nan,55.32
CRUISE,0.0,55.00067906726291,-54.53862822515688,-1.571864097173449,TRACKING,5.29913622,5.304494760178422,60.85897288427048,-51.77961212046486,0.0014784038465401434,nan,55.34
CRUISE,0.0,55.00067906726291,-54.53862822515688,-1.571864097173449,TRACKING,5.30449474,5.309741501780162,60.96515560594679,-51.7794551393908,0.0014784039477135098,nan,55.36000000000001
CRUISE,0.0,55.00067906726291,-54.53862822515688,-1.571864097173449,TRACKING,5.30449474,5.314771572848902,61.071434765864794,-51.77929801573125,0.0014784040492054932,nan,55.38
CRUISE,0.0,55.00067906726291,-54.53862822515688,-1.571864097173449,TRACKING,5.30974147,5.319801678081237,61.177819559486124,-51.77914073589551,0.0014784041526097543,nan,55.401
CRUISE,0.0,55.00067906726291,-54.53862822515688,-1.571864097173449,TRACKING,5.31980168,5.324726848729261,61.28430327690035,-51.77898330980102,0.0014784042570466828,nan,55.42
CRUISE,0.0,55.00067906726291,-54.53862822515688,-1.571864097173449,TRACKING,5.31980168,5.3295514172730405,61.39088388803919,-51.77882574044739,0.0014784043616900414,nan,55.440000000000005
CRUISE,0.0,55.00067906726291,-54.53862822515688,-1.571864097173449,TRACKING,5.32472685,5.334275383711875,61.497559380862754,-51.77866803080928,0.0014784044666081683,nan,55.46
CRUISE,0.0,55.00067906726291,-54.53862822515688,-1.571864097173449,TRACKING,5.33427538,5.338900846736218,61.60432777690908,-51.77851018381165,0.0014784045718510463,nan,55.480000000000004
CRUISE,0.0,55.00067906726291,-54.53862822515688,-1.571864097173449,TRACKING,5.33427538,5.3434298214481855,61.71118713685046,-51.77835220232032,0.001478404677305884,nan,55.501000000000005
CRUISE,0.0,55.00067906726291,-54.53862822515688,-1.571864097173449,TRACKING,5.33890085,5.3478643295494335,61.8181354984965,-51.77819408923749,0.0014784047835579863,nan,55.52
CRUISE,0.0,55.00067906726291,-54.53862822515688,-1.571864097173449,TRACKING,5.34786431,5.352206325679067,61.92517097760533,-51.778035847348406,0.001478404889914979,nan,55.540000000000006
CRUISE,0.0,55.00067906726291,-54.53862822515688,-1.571864097173449,TRACKING,5.35220629,5.356457697420732,62.03229175625428,-51.777877479341285,0.0014784049967993724,nan,55.56
CRUISE,0.0,55.00067906726291,-54.53862822515688,-1.571864097173449,TRACKING,5.35220629,5.360620411207263,62.13949605628016,-51.777718987844885,0.0014784051035612923,nan,55.580000000000005
CRUISE,0.0,55.00067906726291,-54.53862822515688,-1.571864097173449,TRACKING,5.3564577,5.364696285332252,62.246782135042146,-51.77756037543542,0.0014784052103919948,nan,55.6
CRUISE,0.0,55.00067906726291,-54.53862822515688,-1.571864097173449,TRACKING,5.36062041,5.36868713137897,62.3541442949234,-51.77740165053564,0.0014784053172477774,nan,55.620000000000005
CRUISE,0.0,55.00067906726291,-54.53862822515688,-1.571864097173449,TRACKING,5.36469629,5.372594723155335,62.46158884720139,-51.777242803814794,0.0014784054240611943,nan,55.64
CRUISE,0.0,55.00067906726291,-54.53862822515688,-1.571864097173449,TRACKING,5.37259472,5.376420797449252,62.569110165475315,-51.77708384359091,0.001478405530770437,nan,55.660000000000004
CRUISE,0.0,55.00067906726291,-54.53862822515688,-1.571864097173449,TRACKING,5.3764208,5.380167057589824,62.67670664733131,-51.77692477223092,0.001478405636306541,nan,55.68000000000001
CRUISE,0.0,55.00067906726291,-54.53862822515688,-1.571864097173449,TRACKING,5.3764208,5.383835179317873,62.784376725122094,-51.77676559205247,0.0014784057404770659,nan,55.7
CRUISE,0.0,55.00067906726291,-54.53862822515688,-1.571864097173449,TRACKING,5.38383516,5.387426776819187,62.892115272859535,-51.776606310636495,0.0014784058447873342,nan,55.720000000000006
CRUISE,0.0,55.00067906726291,-54.53862822515688,-1.571864097173449,TRACKING,5.38383516,5.3909434042962,62.99992796992425,-51.776446919586085,0.0014784059488654499,nan,55.74
CRUISE,0.0,55.00067906726291,-54.53862822515688,-1.571864097173449,TRACKING,5.38742674,5.394386700099433,63.107809753637646,-51.77628742638863,0.0014784060542961674,nan,55.760000000000005
CRUISE,0.0,55.00067906726291,-54.53862822515688,-1.571864097173449,TRACKING,5.3909434,5.397758165209465,63.21575918285785,-51.7761278331738,0.0014784061606144543,nan,55.78
CRUISE,0.0,55.00067906726291,-54.53862822515688,-1.571864097173449,TRACKING,5.3943867,5.401059297145771,63.323774845679715,-51.77596814202741,0.0014784062670901944,nan,55.800000000000004
CRUISE,0.0,55.00067906726291,-54.53862822515688,-1.571864097173449,TRACKING,5.39775817,5.404291563146593,63.43185536038357,-51.775808354992286,0.0014784063737968381,nan,55.82
CRUISE,0.0,55.00067906726291,-54.53862822515688,-1.571864097173449,TRACKING,5.4010593,5.40745639984353,63.539999374074206,-51.77564847406855,0.0014784064807900517,nan,55.84
CRUISE,0.0,55.00067906726291,-54.53862822515688,-1.571864097173449,TRACKING,5.4074564,5.410555215916097,63.64820556121007,-51.77548850121513,0.0014784065880478422,nan,55.86000000000001
CRUISE,0.0,55.00067906726291,-54.53862822515688,-1.571864097173449,TRACKING,5.4074564,5.41358940034756,63.75647262522461,-51.775328438349426,0.0014784066958335807,nan,55.88
CRUISE,0.0,55.00067906726291,-54.53862822515688,-1.571864097173449,TRACKING,5.41055521,5.41656028599318,63.8647992677268,-51.77516828739081,0.0014784068036924124,nan,55.900000000000006
CRUISE,0.0,55.00067906726291,-54.53862822515688,-1.571864097173449,TRACKING,5.41656025,5.41946915254602,63.973184211918074,-51.77500805022743,0.0014784069119921299,nan,55.92
CRUISE,0.0,55.00067906726291,-54.53862822515688,-1.571864097173449,TRACKING,5.41656025,5.422317362717118,64.08162624210038,-51.77484772865636,0.0014784070202951873,nan,55.940000000000005
CRUISE,0.0,55.00067906726291,-54.53862822515688,-1.571864097173449,TRACKING,5.42231736,5.425106157626258,64.19012416767157,-51.77468732443793,0.0014784071287036163,nan,55.96
CRUISE,0.0,55.00067906726291,-54.53862822515688,-1.571864097173449,TRACKING,5.42231736,5.427836774611078,64.2986768219081,-51.77452683929636,0.0014784072371099965,nan,55.980000000000004
CRUISE,0.0,55.00067906726291,-54.53862822515688,-1.571864097173449,TRACKING,5.42510616,5.430510427355209,64.40728038944864,-51.7743662788722,0.0014784073454339852,nan,56.0
CRUISE,0.0,55.00067906726291,-54.53862822515688,-1.571864097173449,TRACKING,5.42783677,5.433128304201465,64.51593909969874,-51.774205636912605,0.0014784074536215563,nan,56.02
CRUISE,0.0,55.00067906726291,-54.53862822515688,-1.571864097173449,TRACKING,5.43051043,5.435638098764867,64.624648221295,-51.774044920411086,0.001478407560952892,nan,56.040000000000006
CRUISE,0.0,55.00067906726291,-54.53862822515688,-1.571864097173449,TRACKING,5.4331283,5.438147906392293,64.73340753834857,-51.773884129686806,0.0014784076673190407,nan,56.06
CRUISE,0.0,55.00067906726291,-54.53862822515688,-1.571864097173449,TRACKING,5.4356381,5.440605353978773,64.84221610908207,-51.773723266133985,0.0014784077737825636,nan,56.080000000000005
CRUISE,0.0,55.00067906726291,-54.53862822515688,-1.571864097173449,TRACKING,5.43814789,5.443012560113589,64.95107292475838,-51.77356233124345,0.0014784078799668261,nan,56.1
CRUISE,0.0,55.00067906726291,-54.53862822515688,-1.571864097173449,TRACKING,5.44301256,5.445369601367641,65.05997698209056,-51.773401326500526,0.0014784079870417074,nan,56.120000000000005
CRUISE,0.0,55.00067906726291,-54.53862822515688,-1.571864097173449,TRACKING,5.4453696,5.447677494942276,65.16892729596107,-51.77324025336078,0.0014784080946508762,nan,56.14
CRUISE,0.0,55.00067906726291,-54.53862822515688,-1.571864097173449,TRACKING,5.4453696,5.449937243765396,65.27792290107256,-51.77307911325045,0.0014784082023958874,nan,56.160000000000004
CRUISE,0.0,55.00067906726291,-54.53862822515688,-1.571864097173449,TRACKING,5.44767749,5.452149851735507,65.38696285260067,-51.772917907566466,0.0014784083103519174,nan,56.18000000000001
CRUISE,0.0,55.00067906726291,-54.53862822515688,-1.571864097173449,TRACKING,5.45214985,5.454271106859971,65.49604541193692,-51.77275663887926,0.0014784084185869486,nan,56.2
CRUISE,0.0,55.00067906726291,-54.53862822515688,-1.571864097173449,TRACKING,5.45427111,5.456392365255784,65.6051703957856,-51.77259530745925,0.0014784085270591332,nan,56.220000000000006
CRUISE,0.0,55.00067906726291,-54.53862822515688,-1.571864097173449,TRACKING,5.45427111,5.458469384176571,65.71433700796783,-51.772433914483756,0.001478408635892018,nan,56.24
CRUISE,0.0,55.00067906726291,-54.53862822515688,-1.571864097173449,TRACKING,5.45639236,5.460503975594954,65.82354439684163,-51.77227246121176,0.0014784087447760298,nan,56.260000000000005
CRUISE,0.0,55.00067906726291,-54.53862822515688,-1.571864097173449,TRACKING,5.46050394,5.462496095576549,65.93279171336152,-51.7721109488991,0.0014784088541378961,nan,56.28
CRUISE,0.0,55.00067906726291,-54.53862822515688,-1.571864097173449,TRACKING,5.46050394,5.464446708282123,66.04207812554252,-51.771949378775545,0.0014784089635662184,nan,56.300000000000004
CRUISE,0.0,55.00067906726291,-54.53862822515688,-1.571864097173449,TRACKING,5.46444671,5.466356629426946,66.15140281784095,-51.77178775204659,0.0014784090730457534,nan,56.32
CRUISE,0.0,55.00067906726291,-54.53862822515688,-1.571864097173449,TRACKING,5.46444671,5.468226707517924,66.26076499136663,-51.77162606989295,0.001478409182489478,nan,56.34
CRUISE,0.0,55.00067906726291,-54.53862822515688,-1.571864097173449,TRACKING,5.46635663,5.470057773348107,66.37016386421314,-51.771464333470504,0.0014784092918204638,nan,56.36000000000001
CRUISE,0.0,55.00067906726291,-54.53862822515688,-1.571864097173449,TRACKING,5.47005777,5.471850640755557,66.47959867078485,-51.771302543911034,0.0014784094009817012,nan,56.38
CRUISE,0.0,55.00067906726291,-54.53862822515688,-1.571864097173449,TRACKING,5.47005777,5.473606112471105,66.58906866096214,-51.771140702322505,0.0014784095094510516,nan,56.400000000000006
CRUISE,0.0,55.00067906726291,-54.53862822515688,-1.571864097173449,TRACKING,5.47185064,5.475324972921994,66.69857310123155,-51.77097880978972,0.0014784096173176978,nan,56.42
CRUISE,0.0,55.00067906726291,-54.53862822515688,-1.571864097173449,TRACKING,5.47532495,5.4770079734184804,66.80811127324067,-51.77081686737582,0.0014784097252503346,nan,56.441
CRUISE,0.0,55.00067906726291,-54.53862822515688,-1.571864097173449,TRACKING,5.47532495,5.4786558161808285,66.91768247266344,-51.77065487612148,0.0014784098327688807,nan,56.46
CRUISE,0.0,55.00067906726291,-54.53862822515688,-1.571864097173449,TRACKING,5.47700794,5.480269317167252,67.02728601113823,-51.77049283704608,0.001478409940895254,nan,56.480000000000004
CRUISE,0.0,55.00067906726291,-54.53862822515688,-1.571864097173449,TRACKING,5.48026932,5.4818162008340385,67.13691907390381,-51.770330754310436,0.001478410049401747,nan,56.5
CRUISE,0.0,55.00067906726291,-54.53862822515688,-1.571864097173449,TRACKING,5.4818162,5.483363084515027,67.24658462119113,-51.77016862353756,0.0014784101580342652,nan,56.52
CRUISE,0.0,55.00067906726291,-54.53862822515688,-1.571864097173449,TRACKING,5.48336308,5.484877698177435,67.35628052527495,-51.77000644787318,0.0014784102668744035,nan,56.540000000000006
CRUISE,0.0,55.00067906726291,-54.53862822515688,-1.571864097173449,TRACKING,5.4848777,5.486361374155726,67.466004664715,-51.76984423045377,0.001478410376042905,nan,56.56
CRUISE,0.0,55.00067906726291,-54.53862822515688,-1.571864097173449,TRACKING,5.4848777,5.487814119180177,67.575759373009,-51.769681967828674,0.0014784104852872053,nan,56.580000000000005
CRUISE,0.0,55.00067906726291,-54.53862822515688,-1.571864097173449,TRACKING,5.48781411,5.489236581004997,67.68554256068153,-51.76951966308761,0.001478410594838229,nan,56.6
CRUISE,0.0,55.00067906726291,-54.53862822515688,-1.571864097173449,TRACKING,5.48781411,5.490629366458488,67.79535363375294,-51.769357317108444,0.0014784107044254825,nan,56.620000000000005
CRUISE,0.0,55.00067906726291,-54.53862822515688,-1.571864097173449,TRACKING,5.48923656,5.491993048771567,67.90519200976834,-51.76919493075309,0.0014784108146276064,nan,56.64
CRUISE,0.0,55.00067906726291,-54.53862822515688,-1.571864097173449,TRACKING,5.49062933,5.493328317602155,68.015057120011,-51.769032504861826,0.0014784109248825908,nan,56.660000000000004
CRUISE,0.0,55.00067906726291,-54.53862822515688,-1.571864097173449,TRACKING,5.49199305,5.494635730981232,68.12494840645674,-51.768870040259216,0.001478411035086989,nan,56.68000000000001
CRUISE,0.0,55.00067906726291,-54.53862822515688,-1.571864097173449,TRACKING,5.49463573,5.495915870005488,68.23486532294318,-51.7687075377526,0.0014784111452199734,nan,56.7
CRUISE,0.0,55.00067906726291,-54.53862822515688,-1.571864097173449,TRACKING,5.49463573,5.497169303655428,68.3448060813619,-51.768544999985465,0.0014784112552066098,nan,56.720000000000006
CRUISE,0.0,55.00067906726291,-54.53862822515688,-1.571864097173449,TRACKING,5.49591587,5.498396589036957,68.45477266505519,-51.76838242402556,0.0014784113649980366,nan,56.74
CRUISE,0.0,55.00067906726291,-54.53862822515688,-1.571864097173449,TRACKING,5.4971693,5.499598281728284,68.56476330756006,-51.76821981248351,0.001478411474152728,nan,56.760000000000005
CRUISE,0.0,55.00067906726291,-54.53862822515688,-1.571864097173449,TRACKING,5.49959827,5.500774911226448,68.674777507668,-51.76805716610122,0.0014784115830461444,nan,56.78
CRUISE,0.0,55.00067906726291,-54.53862822515688,-1.571864097173449,TRACKING,5.50077489,5.501926991892484,68.78481477395263,-51.767894485605666,0.001478411691971214,nan,56.801
CRUISE,0.0,55.00067906726291,-54.53862822515688,-1.571864097173449,TRACKING,5.50192695,5.503054988349435,68.89487462435673,-51.76773177170888,0.0014784118005093207,nan,56.82
CRUISE,0.0,55.00067906726291,-54.53862822515688,-1.571864097173449,TRACKING,5.50192695,5.5041594906382,69.00495658880146,-51.76756902510759,0.0014784119095705148,nan,56.84
CRUISE,0.0,55.00067906726291,-54.53862822515688,-1.571864097173449,TRACKING,5.50305499,5.505240951556943,69.11506020549405,-51.7674062464834,0.0014784120186911074,nan,56.86000000000001
CRUISE,0.0,55.00067906726291,-54.53862822515688,-1.571864097173449,TRACKING,5.50415949,5.5062998517954584,69.22518502274033,-51.767243436504174,0.001478412127956034,nan,56.88
CRUISE,0.0,55.00067906726291,-54.53862822515688,-1.571864097173449,TRACKING,5.50524095,5.507336661982242,69.33533059826897,-51.76708059582386,0.0014784122374352584,nan,56.900000000000006
CRUISE,0.0,55.00067906726291,-54.53862822515688,-1.571864097173449,TRACKING,5.50629985,5.508351842954503,69.44549649903504,-51.76691772508272,0.0014784123471749378,nan,56.92
CRUISE,0.0,55.00067906726291,-54.53862822515688,-1.571864097173449,TRACKING,5.50733666,5.509395557604883,69.55568115751613,-51.76675482659773,0.0014784124571831539,nan,56.940000000000005
CRUISE,0.0,55.00067906726291,-54.53862822515688,-1.571864097173449,TRACKING,5.50835184,5.510320176285078,69.66588651498554,-51.76659189749906,0.0014784125672340873,nan,56.96
CRUISE,0.0,55.00067906726291,-54.53862822515688,-1.571864097173449,TRACKING,5.50939555,5.5112731465097236,69.7761109035169,-51.76642894025265,0.0014784126774130448,nan,56.980000000000004
CRUISE,0.0,55.00067906726291,-54.53862822515688,-1.571864097173449,TRACKING,5.51127311,5.512205201711283,69.88635395416458,-51.76626595540432,0.001478412787994689,nan,57.0
CRUISE,0.0,55.00067906726291,-54.53862822515688,-1.571864097173449,TRACKING,5.5122052,5.513118798721899,69.9966152955773,-51.76610294350286,0.0014784128987030388,nan,57.02
CRUISE,0.0,55.00067906726291,-54.53862822515688,-1.571864097173449,TRACKING,5.5122052,5.5140133364686195,70.10689454679435,-51.765939905111026,0.0014784130093886039,nan,57.040000000000006
CRUISE,0.0,55.00067906726291,-54.53862822515688,-1.571864097173449,TRACKING,5.5131188,5.514889232434131,70.21719133456283,-51.76577684078054,0.0014784131199667844,nan,57.06
CRUISE,0.0,55.00067906726291,-54.53862822515688,-1.571864097173449,TRACKING,5.51488923,5.515746856454904,70.32750529307415,-51.76561375105214,0.0014784132303696054,nan,57.080000000000005
CRUISE,0.0,55.00067906726291,-54.53862822515688,-1.571864097173449,TRACKING,5.51488923,5.516586590131171,70.4378360641344,-51.765450636455355,0.0014784133405507831,nan,57.1
CRUISE,0.0,55.00067906726291,-54.53862822515688,-1.571864097173449,TRACKING,5.51658659,5.517408820476062,70.54818329681524,-51.76528749750823,0.0014784134501177023,nan,57.121
CRUISE,0.0,55.00067906726291,-54.53862822515688,-1.571864097173449,TRACKING,5.51740881,5.518197103528891,70.65854632913337,-51.76512433519067,0.0014784135597303073,nan,57.14
CRUISE,0.0,55.00067906726291,-54.53862822515688,-1.571864097173449,TRACKING,5.51819707,5.518985363722146,70.7689251268502,-51.76496114955299,0.0014784136691628048,nan,57.160000000000004
CRUISE,0.0,55.00067906726291,-54.53862822515688,-1.571864097173449,TRACKING,5.51898534,5.5197571653786,70.87931937713265,-51.76479794105791,0.0014784137784806081,nan,57.18000000000001
CRUISE,0.0,55.00067906726291,-54.53862822515688,-1.571864097173449,TRACKING,5.51975717,5.520513223920323,70.98972876450608,-51.76463471017217,0.0014784138879642748,nan,57.2
CRUISE,0.0,55.00067906726291,-54.53862822515688,-1.571864097173449,TRACKING,5.52051322,5.521253517081751,71.10015297349995,-51.764471457361935,0.0014784139975286097,nan,57.220000000000006
CRUISE,0.0,55.00067906726291,-54.53862822515688,-1.571864097173449,TRACKING,5.52051322,5.521978373783421,71.21059169505627,-51.76430818308421,0.0014784141072554612,nan,57.24
CRUISE,0.0,55.00067906726291,-54.53862822515688,-1.571864097173449,TRACKING,5.52197837,5.5218273901776005,71.32102683009754,-51.764144772494866,0.0014828315898880143,nan,57.260000000000005
CRUISE,0.0,55.00067906726291,-54.53862822515688,-1.571864097173449,TRACKING,5.52197837,5.522695673569292,71.43147877620167,-51.76398038198962,0.0014956758803271889,nan,57.28
CRUISE,0.0,55.00067906726291,-54.53862822515688,-1.571864097173449,TRACKING,5.52338304,5.523514870281442,71.54194743783373,-51.76381420995566,0.0015146202915098921,nan,57.300000000000004
CRUISE,0.0,55.00067906726291,-54.53862822515688,-1.571864097173449,TRACKING,5.52406347,5.5242864004130166,71.65243176669446,-51.763645675199214,0.0015380002159275398,nan,57.32
CRUISE,0.0,55.00067906726291,-54.53862822515688,-1.571864097173449,TRACKING,5.52406347,5.52502316461076,71.76293101184382,-51.763474357810914,0.0015645416563399865,nan,57.34
CRUISE,0.0,55.00067906726291,-54.53862822515688,-1.571864097173449,TRACKING,5.52472971,5.526044935277974,71.87345085911035,-51.76330000592995,0.0015916340391707408,nan,57.36000000000001
CRUISE,0.0,55.00067906726291,-54.53862822515688,-1.571864097173449,TRACKING,5.52538205,5.526638542690527,71.9839829964667,-51.76312272684375,0.0016171498958890652,nan,57.38
CRUISE,0.0,55.00067906726291,-54.53862822515688,-1.571864097173449,TRACKING,5.52664618,5.527277876662321,72.09452754629358,-51.76294267347636,0.0016414489142127658,nan,57.400000000000006
CRUISE,0.0,55.00067906726291,-54.53862822515688,-1.571864097173449,TRACKING,5.52664618,5.5278837492034985,72.20508431555308,-51.76275996948137,0.001664694028528519,nan,57.42
CRUISE,0.0,55.00067906726291,-54.53862822515688,-1.571864097173449,TRACKING,5.52785813,5.527865588750165,72.31564038806654,-51.76257480462855,0.001683901955555251,nan,57.440000000000005
CRUISE,0.0,55.00067906726291,-54.53862822515688,-1.571864097173449,TRACKING,5.5284452,5.528634674582029,72.42621147414584,-51.76238785923303,0.001696739394865414,nan,57.461000000000006
CRUISE,0.0,55.00067906726291,-54.53862822515688,-1.571864097173449,TRACKING,5.52902003,5.529327013799211,72.53679670793163,-51.76219972119938,0.0017053107853082985,nan,57.480000000000004
CRUISE,0.0,55.00067906726291,-54.53862822515688,-1.571864097173449,TRACKING,5.52902003,5.529964575549388,72.64739489693712,-51.76201078077728,0.0017110338800495018,nan,57.50000000000001
CRUISE,0.0,55.00067906726291,-54.53862822515688,-1.571864097173449,TRACKING,5.52958287,5.530561766512421,72.75800517095747,-51.761821298668835,0.001714855279583598,nan,57.52
CRUISE,0.0,55.00067906726291,-54.53862822515688,-1.571864097173449,TRACKING,5.53067357,5.531128199695502,72.86862687171919,-51.76163144895265,0.0017174069956538683,nan,57.540000000000006
CRUISE,0.0,55.00067906726291,-54.53862822515688,-1.571864097173449,TRACKING,5.53120191,5.53167068421253,72.9792594909174,-51.761441347944725,0.0017191108704428895,nan,57.56
CRUISE,0.0,55.00067906726291,-54.53862822515688,-1.571864097173449,TRACKING,5.53171923,5.532257217108421,73.08990336796711,-51.76125107356126,0.0017202486325114767,nan,57.580000000000005
CRUISE,0.0,55.00067906726291,-54.53862822515688,-1.571864097173449,TRACKING,5.53171923,5.532741140513502,73.20055752953446,-51.76106067802459,0.0017210086440700998,nan,57.6
CRUISE,0.0,55.00067906726291,-54.53862822515688,-1.571864097173449,TRACKING,5.53222576,5.533218628996722,73.31122076859073,-51.76087019700646,0.0017215161334054035,nan,57.620000000000005
CRUISE,0.0,55.00067906726291,-54.53862822515688,-1.571864097173449,TRACKING,5.53272172,5.533688810355996,73.42189392761087,-51.76067965206317,0.0017218549354873112,nan,57.64
CRUISE,0.0,55.00067906726291,-54.53862822515688,-1.571864097173449,TRACKING,5.53368282,5.534150968398803,73.53257633168838,-51.76048905989353,0.0017220810713855902,nan,57.660000000000004
CRUISE,0.0,55.00067906726291,-54.53862822515688,-1.571864097173449,TRACKING,5.53414839,5.534604547719611,73.6432678119398,-51.7602984311969,0.0017222319830620864,nan,57.68000000000001
CRUISE,0.0,55.00067906726291,-54.53862822515688,-1.571864097173449,TRACKING,5.53414839,5.535050146037418,73.75396820389143,-51.76010777330068,0.0017223327234441503,nan,57.7
CRUISE,0.0,55.00067906726291,-54.53862822515688,-1.571864097173449,TRACKING,5.53460424,5.535487230098203,73.86467734666397,-51.75991709119061,0.0017224000378483558,nan,57.720000000000006
CRUISE,0.0,55.00067906726291,-54.53862822515688,-1.571864097173449,TRACKING,5.53505058,5.535915513499465,73.97539506230073,-51.75972638814964,0.0017224450137708787,nan,57.74
CRUISE,0.0,55.00067906726291,-54.53862822515688,-1.571864097173449,TRACKING,5.53548762,5.536334518279592,74.08612116920834,-51.75953566655172,0.0017224750766164283,nan,57.760000000000005
CRUISE,0.0,55.00067906726291,-54.53862822515688,-1.571864097173449,TRACKING,5.53633452,5.536744769091972,74.19685548983101,-51.759344928066234,0.0017224951854247948,nan,57.781000000000006
CRUISE,0.0,55.00067906726291,-54.53862822515688,-1.571864097173449,TRACKING,5.53674477,5.537146517817455,74.30759785388423,-51.759154173899525,0.0017225086543587787,nan,57.800000000000004
CRUISE,0.0,55.00067906726291,-54.53862822515688,-1.571864097173449,TRACKING,5.53674477,5.537539816912953,74.41834809219463,-51.75896340492967,0.0017225176768172065,nan,57.82
CRUISE,0.0,55.00067906726291,-54.53862822515688,-1.571864097173449,TRACKING,5.53753977,5.5379249239134,74.52910565574271,-51.75877262251885,0.0017225237373335845,nan,57.84
CRUISE,0.0,55.00067906726291,-54.53862822515688,-1.571864097173449,TRACKING,5.53753977,5.538294131270584,74.63987100445252,-51.75858182614457,0.0017225278206746302,nan,57.86000000000001
CRUISE,0.0,55.00067906726291,-54.53862822515688,-1.571864097173449,TRACKING,5.53829407,5.538663279445499,74.75064373635556,-51.758391016680044,0.0017225305843111673,nan,57.88
CRUISE,0.0,55.00067906726291,-54.53862822515688,-1.571864097173449,TRACKING,5.53866328,5.539024782050499,74.86142370596123,-51.758200194493575,0.001722532465587901,nan,57.900000000000006
CRUISE,0.0,55.00067906726291,-54.53862822515688,-1.571864097173449,TRACKING,5.53866328,5.539378900573041,74.9722107653143,-51.75800935992131,0.0017225337582283148,nan,57.92
CRUISE,0.0,55.00067906726291,-54.53862822515688,-1.571864097173449,TRACKING,5.53902478,5.539725634981093,75.08300476673294,-51.75781851327134,0.0017225346579628018,nan,57.940000000000005
CRUISE,0.0,55.00067906726291,-54.53862822515688,-1.571864097173449,TRACKING,5.53972563,5.539003764443991,75.19378444738264,-51.75762750928103,0.001728258137540933,nan,57.96
CRUISE,0.0,55.00067906726291,-54.53862822515688,-1.571864097173449,TRACKING,5.53972563,5.539092530233883,75.30456425044423,-51.75743520043842,0.0017468669063575046,nan,57.980000000000004
CRUISE,0.0,55.00067906726291,-54.53862822515688,-1.571864097173449,TRACKING,5.54039756,5.538029361535176,75.41532346750468,-51.75723996708107,0.001785067283799091,nan,58.00000000000001
CRUISE,0.0,55.00067906726291,-54.53862822515688,-1.571864097173449,TRACKING,5.54072305,5.530042699408931,75.52597785753417,-51.757038706168856,0.0018748899244355778,nan,58.02
CRUISE,0.0,55.00067906726291,-54.53862822515688,-1.571864097173449,TRACKING,5.54072305,5.532520823469,75.63661263801418,-51.75682196094417,0.0020678357395236134,nan,58.040000000000006
CRUISE,0.0,55.00067906726291,-54.53862822515688,-1.571864097173449,TRACKING,5.5410351,5.530145939342117,75.74722810554326,-51.756579213862224,0.002356749749785709,nan,58.06
CRUISE,0.0,55.00067906726291,-54.53862822515688,-1.571864097173449,TRACKING,5.54134715,5.5310262740062175,75.85784568480302,-51.7562981942838,0.002772056887308754,nan,58.080000000000005
CRUISE,0.0,55.00067906726291,-54.53862822515688,-1.571864097173449,TRACKING,5.54165269,5.531989711054097,75.96848642248861,-51.7559635963289,0.0033353910004557483,nan,58.1
CRUISE,0.0,55.00067906726291,-54.53862822515688,-1.571864097173449,TRACKING,5.54195198,5.5355548702070445,76.0791735841122,-51.75555804229064,0.0040752968768922185,nan,58.120000000000005
CRUISE,0.0,55.00067906726291,-54.53862822515688,-1.571864097173449,TRACKING,5.54224504,5.543644338440823,76.18999936162895,-51.75505944910011,0.005043567719180936,nan,58.14
CRUISE,0.0,55.00067906726291,-54.53862822515688,-1.571864097173449,TRACKING,5.54227883,5.555526576392785,76.30104483242404,-51.75444045093817,0.006279133493131331,nan,58.161
CRUISE,0.0,55.00067906726291,-54.53862822515688,-1.571864097173449,TRACKING,5.54227883,5.568716446263658,76.4123504474512,-51.75366934029895,0.007820410614877765,nan,58.18000000000001
CRUISE,0.0,55.00067906726291,-54.53862822515688,-1.571864097173449,TRACKING,5.54230818,5.58044819528307,76.52390415224353,-51.75271116499612,0.009678760189054988,nan,58.2
CRUISE,0.0,55.00067906726291,-54.53862822515688,-1.571864097173449,TRACKING,5.54231756,5.583421508664856,76.63555216878842,-51.75153082645737,0.011852670158258381,nan,58.220000000000006
CRUISE,0.0,55.00067906726291,-54.53862822515688,-1.571864097173449,TRACKING,5.54231756,5.540135294516437,76.74664627584097,-51.75010132994338,0.014328418618923,nan,58.24
CRUISE,0.0,55.00067906726291,-54.53862822515688,-1.571864097173449,TRACKING,5.54232156,5.484304620769371,76.85658436815997,-51.748403600144776,0.017087831300498135,nan,58.260000000000005
CRUISE,0.0,55.00067906726291,-54.53862822515688,-1.571864097173449,TRACKING,5.42532156,5.4280936294402835,76.96540640204982,-51.74641396389357,0.020138681198015564,nan,58.28
CRUISE,0.0,55.00067906726291,-54.53862822515688,-1.571864097173449,TRACKING,5.42532156,5.360990539374831,77.072939742224,-51.744103068017246,0.02352449149555215,nan,58.300000000000004
CRUISE,0.0,55.00067906726291,-54.53862822515688,-1.571864097173449,TRACKING,5.3054588,5.279717536947477,77.17892819149525,-51.74145675544414,0.02717353461301895,nan,58.32
CRUISE,0.0,55.00067906726291,-54.53862822515688,-1.571864097173449,TRACKING,5.2454588,5.209221371907477,77.28336446329888,-51.738461616049506,0.031063582089835947,nan,58.34
CRUISE,0.0,55.00067906726291,-54.53862822515688,-1.571864097173449,TRACKING,5.2454588,5.149801418466868,77.3865940376779,-51.735093487651525,0.03522963610198077,nan,58.36000000000001
CRUISE,0.0,55.00067906726291,-54.53862822515688,-1.571864097173449,TRACKING,5.1254588,5.089496449109904,77.48860846099893,-51.73133351630496,0.039685973691162724,nan,58.38
CRUISE,0.0,55.00067906726291,-54.53862822515688,-1.571864097173449,TRACKING,5.1254588,5.028558007604875,77.58939171504778,-51.72716281370964,0.04444066181059055,nan,58.401
CRUISE,0.0,55.00067906726291,-54.53862822515688,-1.571864097173449,TRACKING,5.0054588,4.956232671760594,77.68875620320757,-51.72255546814787,0.04944847570751979,nan,58.42
CRUISE,0.0,55.00067906726291,-54.53862822515688,-1.571864097173449,TRACKING,5.0054588,4.90062997616732,77.7868909283264,-51.717505461174845,0.05462984588004625,nan,58.440000000000005
CRUISE,0.0,55.00067906726291,-54.53862822515688,-1.571864097173449,TRACKING,4.9454588,4.857161281868765,77.88409816967359,-51.712015009399195,0.05998631203566085,nan,58.46
CRUISE,0.0,55.00067906726291,-54.53862822515688,-1.571864097173449,TRACKING,4.8254588,4.826020202501221,77.98057141703488,-51.70602698333836,0.0655580712357308,nan,58.480000000000004
CRUISE,0.0,55.00067906726291,-54.53862822515688,-1.571864097173449,TRACKING,4.8254588,4.774590060298609,78.07613085351915,-51.69956177644922,0.07137719333420467,nan,58.50000000000001
CRUISE,0.0,55.00067906726291,-54.53862822515688,-1.571864097173449,TRACKING,4.7654588,4.7172324802118055,78.17052060624532,-51.692617807142476,0.07743577897464034,nan,58.521
CRUISE,0.0,55.00067906726291,-54.53862822515688,-1.571864097173449,TRACKING,4.6484588,4.650908514539884,78.26356719102716,-51.685183993984595,0.08367959849842674,nan,58.540000000000006
CRUISE,0.0,55.00067906726291,-54.53862822515688,-1.571864097173449,TRACKING,4.5884588,4.595102109677133,78.3554122671987,-51.677272421581655,0.09008444770721204,nan,58.56100000000001
CRUISE,0.0,55.00067906726291,-54.53862822515688,-1.571864097173449,TRACKING,4.5884588,4.538052994300405,78.44607589855461,-51.668884134834784,0.0966837520622002,nan,58.580000000000005
CRUISE,0.0,55.00067906726291,-54.53862822515688,-1.571864097173449,TRACKING,4.4684588,4.480170597711706,78.53553531580808,-51.660015099387635,0.10349605925627893,nan,58.6
CRUISE,0.0,55.00067906726291,-54.53862822515688,-1.571864097173449,TRACKING,4.4684588,4.4181407851092445,78.6237223573964,-51.65065647123749,0.11051323392360811,nan,58.620000000000005
CRUISE,0.0,55.00067906726291,-54.53862822515688,-1.571864097173449,TRACKING,4.4084588,4.35109242875359,78.71050890460151,-51.64079709274035,0.11765723864938249,nan,58.64
CRUISE,0.0,55.00067906726291,-54.53862822515688,-1.571864097173449,TRACKING,4.2884588,4.293077643189257,78.79604933429268,-51.630462892723266,0.12490251510618547,nan,58.661
CRUISE,0.0,55.00067906726291,-54.53862822515688,-1.571864097173449,TRACKING,4.2884588,4.231518454539951,78.88029519560725,-51.61963987974145,0.1322111867928672,nan,58.68000000000001
CRUISE,0.0,55.00067906726291,-54.53862822515688,-1.571864097173449,TRACKING,4.22973066,4.172227521154357,78.9632973272984,-51.60847744214803,0.1395725335162242,nan,58.7
CRUISE,0.0,55.00067906726291,-54.53862822515688,-1.571864097173449,TRACKING,4.12480132,4.11887078138588,79.04513912226216,-51.59689393611618,0.14690702799998015,nan,58.720000000000006
CRUISE,0.0,55.00067906726291,-54.53862822515688,-1.571864097173449,TRACKING,4.07257792,4.0709386171605635,79.12589072626658,-51.584778314779896,0.15416968348061097,nan,58.74
CRUISE,0.0,55.00067906726291,-54.53862822515688,-1.571864097173449,TRACKING,4.07476579,4.047556391573036,79.20586937337013,-51.57208556707317,0.1614123168100573,nan,58.760000000000005
CRUISE,0.0,55.00067906726291,-54.53862822515688,-1.571864097173449,TRACKING,4.07695367,4.047443585006247,79.28572529563037,-51.5588253431547,0.1686973914365129,nan,58.78
CRUISE,0.0,55.00067906726291,-54.53862822515688,-1.571864097173449,TRACKING,4.08029817,4.0482758116430855,79.36549024954448,-51.54496332055079,0.1759818170589696,nan,58.800000000000004
CRUISE,0.0,55.00067906726291,-54.53862822515688,-1.571864097173449,TRACKING,4.08371031,4.0524509938984945,79.44522429958818,-51.53049808449798,0.1832396264202224,nan,58.82
CRUISE,0.0,55.00067906726291,-54.53862822515688,-1.571864097173449,TRACKING,4.08718999,4.0575171494385955,79.52494802561324,-51.5154377768614,0.19045697934044076,nan,58.84
CRUISE,0.0,55.00067906726291,-54.53862822515688,-1.571864097173449,TRACKING,4.08718999,4.062620077536319,79.60464642670125,-51.499823467596386,0.19767370711069965,nan,58.86000000000001
CRUISE,0.0,55.00067906726291,-54.53862822515688,-1.571864097173449,TRACKING,4.09422818,4.065257638893299,79.68432090452558,-51.48361573920509,0.20494593154912524,nan,58.88
CRUISE,0.0,55.00067906726291,-54.53862822515688,-1.571864097173449,TRACKING,4.09779725,4.06612547167504,79.76388106811511,-51.46680136213388,0.21221942518994125,nan,58.900000000000006
CRUISE,0.0,55.00067906726291,-54.53862822515688,-1.571864097173449,TRACKING,4.09779725,4.071085218870445,79.84340785897243,-51.449380987241696,0.21947258315710083,nan,58.92
CRUISE,0.0,55.00067906726291,-54.53862822515688,-1.571864097173449,TRACKING,4.10509721,4.086443359845823,79.92303248551553,-51.43135798664435,0.22670595729595644,nan,58.941
CRUISE,0.0,55.00067906726291,-54.53862822515688,-1.571864097173449,TRACKING,4.10509721,4.1164245940242346,80.00306061010994,-51.412769034141995,0.23401748611863762,nan,58.96
CRUISE,0.0,55.00067906726291,-54.53862822515688,-1.571864097173449,TRACKING,4.11254981,4.152364179741215,80.08367242036383,-51.39341109916027,0.24144417763544504,nan,58.980000000000004
CRUISE,0.0,55.00067906726291,-54.53862822515688,-1.571864097173449,TRACKING,4.11254981,4.1540904042901445,80.16427019649359,-51.37326350276426,0.24884049443791384,nan,59.00000000000001
CRUISE,0.0,55.00067906726291,-54.53862822515688,-1.571864097173449,TRACKING,4.12018984,4.155241487056459,80.24473460849438,-51.35251625688005,0.2562162450559849,nan,59.02
CRUISE,0.0,55.00067906726291,-54.53862822515688,-1.571864097173449,TRACKING,4.12018984,4.157752276015414,80.32508972982251,-51.33116558240019,0.263547728232965,nan,59.040000000000006
CRUISE,0.0,55.00067906726291,-54.53862822515688,-1.571864097173449,TRACKING,4.12808465,4.171057436897964,80.40550868508821,-51.30918657029093,0.27088712292854955,nan,59.06
CRUISE,0.0,55.00067906726291,-54.53862822515688,-1.571864097173449,TRACKING,4.13194051,4.172700909232778,80.48583401205332,-51.28657797381555,0.27827728891271947,nan,59.080000000000005
CRUISE,0.0,55.00067906726291,-54.53862822515688,-1.571864097173449,TRACKING,4.13587047,4.173597124153384,80.56600871765461,-51.263367545302984,0.2856796932857108,nan,59.1
CRUISE,0.0,55.00067906726291,-54.53862822515688,-1.571864097173449,TRACKING,4.13987313,4.175037508094501,80.64603306060134,-51.239557729093725,0.29306033025843137,nan,59.120000000000005
CRUISE,0.0,55.00067906726291,-54.53862822515688,-1.571864097173449,TRACKING,4.1439508,4.177743787857458,80.72592905160283,-51.21514450286468,0.30039623202307797,nan,59.141000000000005
CRUISE,0.0,55.00067906726291,-54.53862822515688,-1.571864097173449,TRACKING,4.14810183,4.177165486104233,80.80565216693527,-51.19010865246279,0.3077006091986552,nan,59.160000000000004
CRUISE,0.0,55.00067906726291,-54.53862822515688,-1.571864097173449,TRACKING,4.14810183,4.1608628471033455,80.88492863114976,-51.16446875500183,0.31499518967445733,nan,59.18000000000001
CRUISE,0.0,55.00067906726291,-54.53862822515688,-1.571864097173449,TRACKING,4.15206077,4.129829061150169,80.96347903370955,-51.138403385272795,0.3222457904910175,nan,59.2
CRUISE,0.0,55.00067906726291,-54.53862822515688,-1.571864097173449,TRACKING,4.16023153,4.127534598464132,81.0416778952336,-51.111980525832344,0.32951330023833875,nan,59.220000000000006
CRUISE,0.0,55.00067906726291,-54.53862822515688,-1.571864097173449,TRACKING,4.16444535,4.131135617261527,81.11974090791695,-51.08495508109911,0.336734804890207,nan,59.24
CRUISE,0.0,55.00067906726291,-54.53862822515688,-1.571864097173449,TRACKING,4.16444535,4.145482347535668,81.19783805510386,-51.05731810575062,0.3439703157012927,nan,59.261
CRUISE,0.0,55.00067906726291,-54.53862822515688,-1.571864097173449,TRACKING,4.17277554,4.143821369760144,81.27578707078854,-51.029141167991945,0.3512762191792173,nan,59.28
CRUISE,0.0,55.00067906726291,-54.53862822515688,-1.571864097173449,TRACKING,4.17690326,4.14560977216838,81.35353752464935,-51.00036178646707,0.3585897592075036,nan,59.300000000000004
CRUISE,0.0,55.00067906726291,-54.53862822515688,-1.571864097173449,TRACKING,4.17690326,4.150264196239784,81.43115216105019,-50.97096668881752,0.36588406771374543,nan,59.32
CRUISE,0.0,55.00067906726291,-54.53862822515688,-1.571864097173449,TRACKING,4.18544691,4.156568272880161,81.50867296093861,-50.94095791388387,0.37314172514091787,nan,59.34
CRUISE,0.0,55.00067906726291,-54.53862822515688,-1.571864097173449,TRACKING,4.18986577,4.16323336799161,81.58608836493866,-50.910418946761475,0.3804114017839819,nan,59.36000000000001
CRUISE,0.0,55.00067906726291,-54.53862822515688,-1.571864097173449,TRACKING,4.18986577,4.169022430044225,81.66339660584981,-50.87928512348167,0.38775391535177395,nan,59.38
CRUISE,0.0,55.00067906726291,-54.53862822515688,-1.571864097173449,TRACKING,4.19831327,4.186394398302439,81.74074850196597,-50.847506430404835,0.3951526396815101,nan,59.400000000000006
CRUISE,0.0,55.00067906726291,-54.53862822515688,-1.571864097173449,TRACKING,4.20269902,4.2147302985177495,81.8183920371932,-50.8150770695824,0.4026278981081952,nan,59.42100000000001
CRUISE,0.0,55.00067906726291,-54.53862822515688,-1.571864097173449,TRACKING,4.20719673,4.229446521665872,81.89623009046961,-50.78199897764325,0.41014059952961435,nan,59.440000000000005
CRUISE,0.0,55.00067906726291,-54.53862822515688,-1.571864097173449,TRACKING,4.21180393,4.2439886689850255,81.9740451764086,-50.748292113580796,0.4176744340660201,nan,59.46
CRUISE,0.0,55.00067906726291,-54.53862822515688,-1.571864097173449,TRACKING,4.21600421,4.257198878884455,82.05173776125783,-50.71361862131307,0.42516913115657473,nan,59.480000000000004
CRUISE,0.0,55.00067906726291,-54.53862822515688,-1.571864097173449,TRACKING,4.22032489,4.258583553115222,82.12919652971124,-50.678214795590875,0.43263571176757204,nan,59.50000000000001
CRUISE,0.0,55.00067906726291,-54.53862822515688,-1.571864097173449,TRACKING,4.22032489,4.260968769896476,82.20642670748094,-50.642216495710436,0.4400815645688332,nan,59.52
CRUISE,0.0,55.00067906726291,-54.53862822515688,-1.571864097173449,TRACKING,4.22932766,4.263868969870144,82.28343698125893,-50.605621980341276,0.4474856003639041,nan,59.541000000000004
CRUISE,0.0,55.00067906726291,-54.53862822515688,-1.571864097173449,TRACKING,4.23401477,4.270080852841494,82.36029641657896,-50.56839273467771,0.4548784761972751,nan,59.56
CRUISE,0.0,55.00067906726291,-54.53862822515688,-1.571864097173449,TRACKING,4.23401477,4.279099934907428,82.43699724161488,-50.530531168948286,0.4623346237281317,nan,59.580000000000005
CRUISE,0.0,55.00067906726291,-54.53862822515688,-1.571864097173449,TRACKING,4.23822462,4.277862456759789,82.51343883490644,-50.49206778914965,0.4698026878402675,nan,59.6
CRUISE,0.0,55.00067906726291,-54.53862822515688,-1.571864097173449,TRACKING,4.24256828,4.267768152391229,82.58938742341593,-50.452980199731144,0.47717573050062023,nan,59.620000000000005
CRUISE,0.0,55.00067906726291,-54.53862822515688,-1.571864097173449,TRACKING,4.25165762,4.248941802163474,82.66465244710477,-50.41330359629145,0.48438759625823385,nan,59.64
CRUISE,0.0,55.00067906726291,-54.53862822515688,-1.571864097173449,TRACKING,4.25165762,4.244505904430597,82.73947032198268,-50.373218672488306,0.4915766624471464,nan,59.660000000000004
CRUISE,0.0,55.00067906726291,-54.53862822515688,-1.571864097173449,TRACKING,4.2564093,4.2353165045769385,82.81397048489781,-50.332802657631646,0.49886001582566847,nan,59.68000000000001
CRUISE,0.0,55.00067906726291,-54.53862822515688,-1.571864097173449,TRACKING,4.26509506,4.2350760460792145,82.88819995433491,-50.29202249594293,0.5062053107538942,nan,59.7
CRUISE,0.0,55.00067906726291,-54.53862822515688,-1.571864097173449,TRACKING,4.26509506,4.237828332872051,82.96217508941484,-50.25067289231656,0.5135336839458061,nan,59.720000000000006
CRUISE,0.0,55.00067906726291,-54.53862822515688,-1.571864097173449,TRACKING,4.26958406,4.245129682788323,83.03596347736975,-50.208711268171285,0.5208387379689777,nan,59.74
CRUISE,0.0,55.00067906726291,-54.53862822515688,-1.571864097173449,TRACKING,4.2742282,4.253856501703166,83.10957898873136,-50.16618378936835,0.5281490641057713,nan,59.760000000000005
CRUISE,0.0,55.00067906726291,-54.53862822515688,-1.571864097173449,TRACKING,4.28333868,4.258069282892724,83.18302649810369,-50.123130908771095,0.5355622877723356,nan,59.78
CRUISE,0.0,55.00067906726291,-54.53862822515688,-1.571864097173449,TRACKING,4.2878202,4.269628519640421,83.25632908453119,-50.07945005016822,0.5430328675012643,nan,59.800000000000004
CRUISE,0.0,55.00067906726291,-54.53862822515688,-1.571864097173449,TRACKING,4.2878202,4.287661078697307,83.32962072686148,-50.035120676400076,0.5505556934706695,nan,59.82
CRUISE,0.0,55.00067906726291,-54.53862822515688,-1.571864097173449,TRACKING,4.29246216,4.311197837031808,83.40304371748738,-49.99013029077844,0.5581422177200943,nan,59.84
CRUISE,0.0,55.00067906726291,-54.53862822515688,-1.571864097173449,TRACKING,4.3022503,4.32184621861132,83.47647811152426,-49.944602868977,0.5658190613089787,nan,59.86000000000001
CRUISE,0.0,55.00067906726291,-54.53862822515688,-1.571864097173449,TRACKING,4.30652138,4.3243936575243405,83.54962945153493,-49.8984681565414,0.5735588802946944,nan,59.88
CRUISE,0.0,55.00067906726291,-54.53862822515688,-1.571864097173449,TRACKING,4.30652138,4.327176160716971,83.6224323784523,-49.851687548632164,0.5812937925960591,nan,59.900000000000006
CRUISE,0.0,55.00067906726291,-54.53862822515688,-1.571864097173449,TRACKING,4.31558662,4.330758034579009,83.69490799578097,-49.80427555708901,0.5889945813211973,nan,59.92
CRUISE,0.0,55.00067906726291,-54.53862822515688,-1.571864097173449,TRACKING,4.32039028,4.334959440251173,83.76707062783011,-49.75624397171341,0.5966299743187268,nan,59.940000000000005
CRUISE,0.0,55.00067906726291,-54.53862822515688,-1.571864097173449,TRACKING,4.32039028,4.341244443613477,83.83902259876263,-49.70771388112344,0.6042854330298584,nan,59.96
CRUISE,0.0,55.00067906726291,-54.53862822515688,-1.571864097173449,TRACKING,4.32537493,4.343305341560296,83.91066938211355,-49.65859361249205,0.6120033369986678,nan,59.980000000000004
CRUISE,0.0,55.00067906726291,-54.53862822515688,-1.571864097173449,TRACKING,4.33400458,4.33687369277409,83.98178140614559,-49.60884891932447,0.619678519086005,nan,60.00000000000001
CRUISE,0.0,55.00067906726291,-54.53862822515688,-1.571864097173449,TRACKING,4.33860224,4.323967194362555,84.05214687632883,-49.558455313007954,0.6272049052325935,nan,60.02
CRUISE,0.0,55.00067906726291,-54.53862822515688,-1.571864097173449,TRACKING,4.34340153,4.316256272168967,84.12183879269841,-49.50749032309807,0.6345863007791532,nan,60.040000000000006
CRUISE,0.0,55.00067906726291,-54.53862822515688,-1.571864097173449,TRACKING,4.34839786,4.324617178961996,84.19125749664519,-49.455994994995926,0.6419699293697979,nan,60.06
CRUISE,0.0,55.00067906726291,-54.53862822515688,-1.571864097173449,TRACKING,4.34839786,4.325963448348691,84.26035258969746,-49.40394094862432,0.6494113211850056,nan,60.080000000000005
CRUISE,0.0,55.00067906726291,-54.53862822515688,-1.571864097173449,TRACKING,4.35255291,4.331266827233971,84.32908241367608,-49.351269854735314,0.6568475424700556,nan,60.1
CRUISE,0.0,55.00067906726291,-54.53862822515688,-1.571864097173449,TRACKING,4.3614805,4.343865086654622,84.3975064802788,-49.29786236334309,0.6641866311478709,nan,60.120000000000005
CRUISE,0.0,55.00067906726291,-54.53862822515688,-1.571864097173449,TRACKING,4.3614805,4.36479855721827,84.46586452429983,-49.24370118375129,0.6713196233118788,nan,60.14
CRUISE,0.0,55.00067906726291,-54.53862822515688,-1.571864097173449,TRACKING,4.37057169,4.374734575767759,84.53396495221968,-49.188834076889655,0.6784966215901878,nan,60.160000000000004
CRUISE,0.0,55.00067906726291,-54.53862822515688,-1.571864097173449,TRACKING,4.37487918,4.390446212965154,84.60187043337861,-49.1333217523765,0.685965770309242,nan,60.18000000000001
CRUISE,0.0,55.00067906726291,-54.53862822515688,-1.571864097173449,TRACKING,4.37941293,4.415815714615744,84.66992408339478,-49.07722659114763,0.6936481865896016,nan,60.2
CRUISE,0.0,55.00067906726291,-54.53862822515688,-1.571864097173449,TRACKING,4.37941293,4.421617989746604,84.73770530313517,-49.02044860058133,0.7013220982559841,nan,60.220000000000006
CRUISE,0.0,55.00067906726291,-54.53862822515688,-1.571864097173449,TRACKING,4.38418148,4.424276081476754,84.80508963795296,-48.96312451369513,0.7089490262892714,nan,60.24
CRUISE,0.0,55.00067906726291,-54.53862822515688,-1.571864097173449,TRACKING,4.3944144,4.428402602946422,84.87220644418176,-48.90535202607218,0.7166102272406633,nan,60.260000000000005
CRUISE,0.0,55.00067906726291,-54.53862822515688,-1.571864097173449,TRACKING,4.39866001,4.418997566991184,84.93892734020487,-48.84730721860842,0.7243804271079931,nan,60.28
CRUISE,0.0,55.00067906726291,-54.53862822515688,-1.571864097173449,TRACKING,4.39866001,4.411246430167274,85.0051720358646,-48.78902090994638,0.7322157081690895,nan,60.300000000000004
CRUISE,0.0,55.00067906726291,-54.53862822515688,-1.571864097173449,TRACKING,4.40786021,4.415512616931873,85.07098447118072,-48.73015663775177,0.7400180348972686,nan,60.32
CRUISE,0.0,55.00067906726291,-54.53862822515688,-1.571864097173449,TRACKING,4.40786021,4.419855753827656,85.13647601980998,-48.67080109810477,0.7478518927318372,nan,60.34
CRUISE,0.0,55.00067906726291,-54.53862822515688,-1.571864097173449,TRACKING,4.41698871,4.4221752208307405,85.20153304529434,-48.6108952093346,0.7557286714289202,nan,60.36000000000001
CRUISE,0.0,55.00067906726291,-54.53862822515688,-1.571864097173449,TRACKING,4.4211497,4.412591217946911,85.26591356576375,-48.5504292163715,0.7635638630128251,nan,60.38
CRUISE,0.0,55.00067906726291,-54.53862822515688,-1.571864097173449,TRACKING,4.4211497,4.393237143857741,85.32930296069496,-48.48943631637193,0.7712270036786474,nan,60.400000000000006
CRUISE,0.0,55.00067906726291,-54.53862822515688,-1.571864097173449,TRACKING,4.42556647,4.4002067079080485,85.39217128526418,-48.427875352268224,0.7788107377721388,nan,60.42
CRUISE,0.0,55.00067906726291,-54.53862822515688,-1.571864097173449,TRACKING,4.43521069,4.4077297291224316,85.45465516779196,-48.36573733132691,0.786333174181407,nan,60.440000000000005
CRUISE,0.0,55.00067906726291,-54.53862822515688,-1.571864097173449,TRACKING,4.44043046,4.415308162249842,85.5167729376906,-48.30305804159395,0.7938358907442561,nan,60.46
CRUISE,0.0,55.00067906726291,-54.53862822515688,-1.571864097173449,TRACKING,4.44452376,4.413978464709283,85.57844126541585,-48.23988937198176,0.8013738971151575,nan,60.480000000000004
CRUISE,0.0,55.00067906726291,-54.53862822515688,-1.571864097173449,TRACKING,4.44452376,4.418505588904835,85.63968792185995,-48.17619855997141,0.8089211346993763,nan,60.50000000000001
CRUISE,0.0,55.00067906726291,-54.53862822515688,-1.571864097173449,TRACKING,4.45378999,4.421352619980046,85.70047817001473,-48.11199997263557,0.8164523015225775,nan,60.52
CRUISE,0.0,55.00067906726291,-54.53862822515688,-1.571864097173449,TRACKING,4.45378999,4.434846330127043,85.76081367496693,-48.047095677064284,0.8238825212488361,nan,60.540000000000006
CRUISE,0.0,55.00067906726291,-54.53862822515688,-1.571864097173449,TRACKING,4.45871081,4.460096506066901,85.8208899456789,-47.98134301961863,0.8312412460067471,nan,60.56
CRUISE,0.0,55.00067906726291,-54.53862822515688,-1.571864097173449,TRACKING,4.46482473,4.491676385832831,85.88085672874416,-47.91466951372268,0.8386846869274314,nan,60.581
CRUISE,0.0,55.00067906726291,-54.53862822515688,-1.571864097173449,TRACKING,4.47307146,4.5144714461660636,85.9409219230608,-47.84730862720068,0.8463363408779904,nan,60.6
CRUISE,0.0,55.00067906726291,-54.53862822515688,-1.571864097173449,TRACKING,4.47760638,4.512659966893913,86.0004872651912,-47.77950739279745,0.8539765849253,nan,60.620000000000005
CRUISE,0.0,55.00067906726291,-54.53862822515688,-1.571864097173449,TRACKING,4.47760638,4.509255107441872,86.05950204235445,-47.71129498269595,0.861492044585175,nan,60.64
CRUISE,0.0,55.00067906726291,-54.53862822515688,-1.571864097173449,TRACKING,4.49950195,4.522549918563306,86.11810520494609,-47.64253700169229,0.8687441159742858,nan,60.660000000000004
CRUISE,0.0,55.00067906726291,-54.53862822515688,-1.571864097173449,TRACKING,4.51685474,4.548281539052311,86.17652964274042,-47.57299010757827,0.8757637489406713,nan,60.68000000000001
CRUISE,0.0,55.00067906726291,-54.53862822515688,-1.571864097173449,TRACKING,4.53420753,4.558352360801281,86.23464756017991,-47.502858376077235,0.8825813798509181,nan,60.7
CRUISE,0.0,55.00067906726291,-54.53862822515688,-1.571864097173449,TRACKING,4.55192244,4.568793229630534,86.29246278145207,-47.43217948846875,0.8891596147318853,nan,60.720000000000006
CRUISE,0.0,55.00067906726291,-54.53862822515688,-1.571864097173449,TRACKING,4.56998373,4.5874288546398665,86.35000794819074,-47.36087052293105,0.8954599465877742,nan,60.74
CRUISE,0.0,55.00067906726291,-54.53862822515688,-1.571864097173449,TRACKING,4.58838803,4.596693099565956,86.40742055775553,-47.28912934504482,0.9016023531077775,nan,60.760000000000005
CRUISE,0.0,55.00067906726291,-54.53862822515688,-1.571864097173449,TRACKING,4.60369994,4.594767585648138,86.46434530115219,-47.21695629777177,0.9076333135274531,nan,60.78
CRUISE,0.0,55.00067906726291,-54.53862822515688,-1.571864097173449,TRACKING,4.60369994,4.61296302449517,86.52087959609914,-47.14416411334803,0.9135627092249969,nan,60.800000000000004
CRUISE,0.0,55.00067906726291,-54.53862822515688,-1.571864097173449,TRACKING,4.6193646,4.63229987072012,86.5772164080923,-47.07073260271963,0.919414102778193,nan,60.82
CRUISE,0.0,55.00067906726291,-54.53862822515688,-1.571864097173449,TRACKING,4.63537142,4.6514256251346735,86.63326079392144,-46.99662423365102,0.9251042970739288,nan,60.84
CRUISE,0.0,55.00067906726291,-54.53862822515688,-1.571864097173449,TRACKING,4.6692721,4.654562610258573,86.68905827839517,-46.92211715073551,0.9307007665769192,nan,60.86000000000001
CRUISE,0.0,55.00067906726291,-54.53862822515688,-1.571864097173449,TRACKING,4.68268776,4.669305748222324,86.74466802170328,-46.84721102509711,0.9363764969353529,nan,60.88
CRUISE,0.0,55.00067906726291,-54.53862822515688,-1.571864097173449,TRACKING,4.6965043,4.682520177490628,86.79993999671666,-46.77169003592206,0.9420974574567372,nan,60.900000000000006
CRUISE,0.0,55.00067906726291,-54.53862822515688,-1.571864097173449,TRACKING,4.6965043,4.697551314645347,86.85493946832155,-46.695615870692684,0.9478256589955827,nan,60.92
CRUISE,0.0,55.00067906726291,-54.53862822515688,-1.571864097173449,TRACKING,4.72579153,4.719786501347084,86.90973920094241,-46.61889356294469,0.9535987997611609,nan,60.940000000000005
CRUISE,0.0,55.00067906726291,-54.53862822515688,-1.571864097173449,TRACKING,4.73703328,4.735384583532194,86.96425501768184,-46.54157078660784,0.9594860036373918,nan,60.96
CRUISE,0.0,55.00067906726291,-54.53862822515688,-1.571864097173449,TRACKING,4.74872968,4.769133342300588,87.01858373666207,-46.463428153339684,0.9654606272475025,nan,60.980000000000004
CRUISE,0.0,55.00067906726291,-54.53862822515688,-1.571864097173449,TRACKING,4.76087588,4.799799633116632,87.07294380764336,-46.384389990174,0.9715224728462011,nan,61.001000000000005
CRUISE,0.0,55.00067906726291,-54.53862822515688,-1.571864097173449,TRACKING,4.76087588,4.809099030881839,87.12693017460481,-46.30486518581414,0.9775479065388386,nan,61.02
CRUISE,0.0,55.00067906726291,-54.53862822515688,-1.571864097173449,TRACKING,4.77353482,4.81957496171372,87.18055085223183,-46.22485155228612,0.9835002712216604,nan,61.040000000000006
CRUISE,0.0,55.00067906726291,-54.53862822515688,-1.571864097173449,TRACKING,4.80033309,4.839100526500507,87.23393566262314,-46.144213229380085,0.9894265199506508,nan,61.06
CRUISE,0.0,55.00067906726291,-54.53862822515688,-1.571864097173449,TRACKING,4.81058692,4.84989510495297,87.28701224202791,-46.06308345397954,0.9954411289600357,nan,61.080000000000005
CRUISE,0.0,55.00067906726291,-54.53862822515688,-1.571864097173449,TRACKING,4.82133185,4.861119427818824,87.33965911829189,-45.98140279880531,1.0014816725096234,nan,61.101000000000006
CRUISE,0.0,55.00067906726291,-54.53862822515688,-1.571864097173449,TRACKING,4.83255295,4.8684635146767326,87.39188439050815,-45.89928368973192,1.0075063249731606,nan,61.120000000000005
CRUISE,0.0,55.00067906726291,-54.53862822515688,-1.571864097173449,TRACKING,4.83255295,4.871984797457064,87.4437003837387,-45.81679202820087,1.0134831304906087,nan,61.14
CRUISE,0.0,55.00067906726291,-54.53862822515688,-1.571864097173449,TRACKING,4.85659496,4.858557327006749,87.49520712788187,-45.7342723007066,1.019510835591228,nan,61.160000000000004
CRUISE,0.0,55.00067906726291,-54.53862822515688,-1.571864097173449,TRACKING,4.86548375,4.852366127512962,87.54618484406373,-45.65167834383027,1.0256283392898597,nan,61.181000000000004
CRUISE,0.0,55.00067906726291,-54.53862822515688,-1.571864097173449,TRACKING,4.86548375,4.853750421789913,87.59632933395866,-45.568585668943996,1.0316668818308097,nan,61.2
CRUISE,0.0,55.00067906726291,-54.53862822515688,-1.571864097173449,TRACKING,4.87490257,4.8678339100808845,87.64604770704338,-45.484939498608725,1.0376870951299433,nan,61.220000000000006
CRUISE,0.0,55.00067906726291,-54.53862822515688,-1.571864097173449,TRACKING,4.88483529,4.87922001485877,87.69530845698796,-45.40076474154842,1.0436315074915865,nan,61.24
CRUISE,0.0,55.00067906726291,-54.53862822515688,-1.571864097173449,TRACKING,4.90641173,4.88078488374601,87.74423574901662,-45.316281435673744,1.0495924043793023,nan,61.260000000000005
CRUISE,0.0,55.00067906726291,-54.53862822515688,-1.571864097173449,TRACKING,4.91408439,4.887694918754027,87.79277768866915,-45.23146261724522,1.0556644237654451,nan,61.28
CRUISE,0.0,55.00067906726291,-54.53862822515688,-1.571864097173449,TRACKING,4.92232196,4.902580510013673,87.84082966200629,-45.14606766269723,1.0617676113546948,nan,61.300000000000004
CRUISE,0.0,55.00067906726291,-54.53862822515688,-1.571864097173449,TRACKING,4.93110715,4.911484106156913,87.88841012832296,-45.06019406478043,1.0678560835769013,nan,61.32
CRUISE,0.0,55.00067906726291,-54.53862822515688,-1.571864097173449,TRACKING,4.9405016,4.926127704464349,87.93558168230746,-44.97379155622243,1.0738976598160237,nan,61.341
CRUISE,0.0,55.00067906726291,-54.53862822515688,-1.571864097173449,TRACKING,4.9405016,4.938823134638379,87.98239561703014,-44.88693360029431,1.0799364702647432,nan,61.36000000000001
CRUISE,0.0,55.00067906726291,-54.53862822515688,-1.571864097173449,TRACKING,4.95707872,4.978034837401843,88.02911709052613,-44.79925522252782,1.0861402996729141,nan,61.38
CRUISE,0.0,55.00067906726291,-54.53862822515688,-1.571864097173449,TRACKING,4.96426576,5.003266920568978,88.07545836768145,-44.71061628195287,1.0923915703240263,nan,61.400000000000006
CRUISE,0.0,55.00067906726291,-54.53862822515688,-1.571864097173449,TRACKING,4.97203048,5.006819684045801,88.12128210209018,-44.62160598396431,1.098640389233512,nan,61.42
CRUISE,0.0,55.00067906726291,-54.53862822515688,-1.571864097173449,TRACKING,4.98043415,5.012079002546824,88.16659379563133,-44.532226900833166,1.1048390378403756,nan,61.440000000000005
CRUISE,0.0,55.00067906726291,-54.53862822515688,-1.571864097173449,TRACKING,4.98043415,5.025984839422575,88.21149675966669,-44.44234269147328,1.1110260317628722,nan,61.46
CRUISE,0.0,55.00067906726291,-54.53862822515688,-1.571864097173449,TRACKING,4.98945828,5.02894100979465,88.25594583416284,-44.352137539639756,1.1173238095824123,nan,61.480000000000004
CRUISE,0.0,55.00067906726291,-54.53862822515688,-1.571864097173449,TRACKING,5.00134476,5.039809270508747,88.29983028286273,-44.26142645904819,1.1236689826825375,nan,61.50000000000001
CRUISE,0.0,55.00067906726291,-54.53862822515688,-1.571864097173449,TRACKING,5.00820424,5.042747035299549,88.3431551948164,-44.17037229741974,1.130010073772808,nan,61.521
CRUISE,0.0,55.00067906726291,-54.53862822515688,-1.571864097173449,TRACKING,5.00820424,5.043052571070222,88.38593512213129,-44.07903286109861,1.136307034143161,nan,61.540000000000006
CRUISE,0.0,55.00067906726291,-54.53862822515688,-1.571864097173449,TRACKING,5.01572904,5.019190931291947,88.42821244485998,-43.98780280878841,1.1426265283812809,nan,61.56
CRUISE,0.0,55.00067906726291,-54.53862822515688,-1.571864097173449,TRACKING,5.02389988,4.9990818032837625,88.46963597868287,-43.89673342198724,1.1489684135175773,nan,61.580000000000005
CRUISE,0.0,55.00067906726291,-54.53862822515688,-1.571864097173449,TRACKING,5.0341128,5.006176707170166,88.51039435043835,-43.80530683558194,1.1553427628236446,nan,61.601000000000006
CRUISE,0.0,55.00067906726291,-54.53862822515688,-1.571864097173449,TRACKING,5.04017149,5.016433684210751,88.5505821529267,-43.71343425000779,1.1617065887269822,nan,61.620000000000005
CRUISE,0.0,55.00067906726291,-54.53862822515688,-1.571864097173449,TRACKING,5.04725622,5.025304254481248,88.59021947098468,-43.621134996486944,1.168007896391982,nan,61.64
CRUISE,0.0,55.00067906726291,-54.53862822515688,-1.571864097173449,TRACKING,5.04725622,5.0212302224377225,88.62938370484277,-43.52861728200368,1.1743145473182213,nan,61.660000000000004
CRUISE,0.0,55.00067906726291,-54.53862822515688,-1.571864097173449,TRACKING,5.0583348,5.023763788176564,88.66803106759401,-43.43588265545673,1.1807396139582824,nan,61.68000000000001
CRUISE,0.0,55.00067906726291,-54.53862822515688,-1.571864097173449,TRACKING,5.06303125,5.036911265981292,88.70606847217279,-43.342658037696886,1.1872158714472436,nan,61.7
CRUISE,0.0,55.00067906726291,-54.53862822515688,-1.571864097173449,TRACKING,5.06303125,5.043542710432984,88.74352674810697,-43.24901322051822,1.193688292224024,nan,61.720000000000006
CRUISE,0.0,55.00067906726291,-54.53862822515688,-1.571864097173449,TRACKING,5.06838425,5.056787570681436,88.78057729626717,-43.15499324853835,1.2002183008944702,nan,61.74
CRUISE,0.0,55.00067906726291,-54.53862822515688,-1.571864097173449,TRACKING,5.07444653,5.083873390510535,88.81731662236206,-43.0603629013577,1.2068807423216013,nan,61.760000000000005
CRUISE,0.0,55.00067906726291,-54.53862822515688,-1.571864097173449,TRACKING,5.0778219,5.11538992036173,88.85345825660525,-42.964744913131035,1.2135611243990807,nan,61.78
CRUISE,0.0,55.00067906726291,-54.53862822515688,-1.571864097173449,TRACKING,5.08526158,5.122268287562684,88.88897522736218,-42.86866469914229,1.2202770710499424,nan,61.800000000000004
CRUISE,0.0,55.00067906726291,-54.53862822515688,-1.571864097173449,TRACKING,5.09006057,5.123103892166664,88.92384878175491,-42.772331569687616,1.226973432861681,nan,61.82000000000001
CRUISE,0.0,55.00067906726291,-54.53862822515688,-1.571864097173449,TRACKING,5.09558642,5.125856994752196,88.95809449693941,-42.675724474068524,1.233607279911375,nan,61.84
CRUISE,0.0,55.00067906726291,-54.53862822515688,-1.571864097173449,TRACKING,5.10181781,5.1383816160811815,88.9917898782326,-42.57868528939839,1.240217049738818,nan,61.86000000000001
CRUISE,0.0,55.00067906726291,-54.53862822515688,-1.571864097173449,TRACKING,5.10181781,5.136101105572923,89.02490638601743,-42.481441409704765,1.2469302320543294,nan,61.88
CRUISE,0.0,55.00067906726291,-54.53862822515688,-1.571864097173449,TRACKING,5.10824651,5.145940515764027,89.05735237964579,-42.38379522160798,1.2537037984835684,nan,61.902
CRUISE,0.0,55.00067906726291,-54.53862822515688,-1.571864097173449,TRACKING,5.10824651,5.146470078355884,89.08913202773131,-42.2858975589523,1.260476020156146,nan,61.92
CRUISE,0.0,55.00067906726291,-54.53862822515688,-1.571864097173449,TRACKING,5.11249486,5.128014942016056,89.12018887625354,-42.18800856689428,1.2671874414174797,nan,61.940000000000005
CRUISE,0.0,55.00067906726291,-54.53862822515688,-1.571864097173449,TRACKING,5.12319426,5.099516332076841,89.15037515994558,-42.09052598108576,1.2738150159473993,nan,61.961000000000006
CRUISE,0.0,55.00067906726291,-54.53862822515688,-1.571864097173449,TRACKING,5.12319426,5.096712164282813,89.17995003605932,-41.99294507176983,1.2805473740215012,nan,61.981
CRUISE,0.0,55.00067906726291,-54.53862822515688,-1.571864097173449,TRACKING,5.12554449,5.0992106116652485,89.20882721043338,-41.89515662692232,1.2873301596936326,nan,62.00000000000001
CRUISE,0.0,55.00067906726291,-54.53862822515688,-1.571864097173449,TRACKING,5.12861352,5.106107101688141,89.23704587718319,-41.79706056991598,1.2940604382315979,nan,62.02
CRUISE,0.0,55.00067906726291,-54.53862822515688,-1.571864097173449,TRACKING,5.13313462,5.111420177969054,89.26464715153834,-41.698652928221094,1.3007373536975524,nan,62.040000000000006
CRUISE,0.0,55.00067906726291,-54.53862822515688,-1.571864097173449,TRACKING,5.13838897,5.103795909876426,89.29164144803924,-41.60014670890607,1.3074520669248744,nan,62.06
CRUISE,0.0,55.00067906726291,-54.53862822515688,-1.571864097173449,TRACKING,5.1455328,5.10289246723418,89.3180109874524,-41.50155650480224,1.3142900337236407,nan,62.080000000000005
CRUISE,0.0,55.00067906726291,-54.53862822515688,-1.571864097173449,TRACKING,5.1455328,5.118443636590171,89.34373635843697,-41.40254848905343,1.3212274280223453,nan,62.101000000000006
CRUISE,0.0,55.00067906726291,-54.53862822515688,-1.571864097173449,TRACKING,5.14813964,5.130789746426983,89.36899974866311,-41.30313858019774,1.328258174295364,nan,62.120000000000005
CRUISE,0.0,55.00067906726291,-54.53862822515688,-1.571864097173449,TRACKING,5.15554025,5.159225637860676,89.39358163844986,-41.20311426392394,1.3352527315442293,nan,62.14
CRUISE,0.0,55.00067906726291,-54.53862822515688,-1.571864097173449,TRACKING,5.15554025,5.195708273464094,89.4175142468305,-41.10210833813389,1.342233341159701,nan,62.160000000000004
CRUISE,0.0,55.00067906726291,-54.53862822515688,-1.571864097173449,TRACKING,5.16186089,5.202325736275042,89.4407752855856,-41.0007332153569,1.3493217322109319,nan,62.18000000000001
CRUISE,0.0,55.00067906726291,-54.53862822515688,-1.571864097173449,TRACKING,5.16186089,5.204313281510491,89.46329643900378,-40.89910755938405,1.3564883520551976,nan,62.2
CRUISE,0.0,55.00067906726291,-54.53862822515688,-1.571864097173449,TRACKING,5.16409512,5.20209741261063,89.48507648269015,-40.79737076377634,1.3636598189710143,nan,62.220000000000006
CRUISE,0.0,55.00067906726291,-54.53862822515688,-1.571864097173449,TRACKING,5.17078426,5.202183063462744,89.5061267163235,-40.695489530876664,1.3707774085328985,nan,62.24
CRUISE,0.0,55.00067906726291,-54.53862822515688,-1.571864097173449,TRACKING,5.17078426,5.207076372786897,89.52650252177318,-40.593341263646394,1.3778745767616996,nan,62.260000000000005
CRUISE,0.0,55.00067906726291,-54.53862822515688,-1.571864097173449,TRACKING,5.1752743,5.21005234521353,89.54613310619747,-40.49102486733434,1.3850411652969619,nan,62.28
CRUISE,0.0,55.00067906726291,-54.53862822515688,-1.571864097173449,TRACKING,5.17910003,5.213726789895763,89.56504308038465,-40.38848167800605,1.3922510436934599,nan,62.300000000000004
CRUISE,0.0,55.00067906726291,-54.53862822515688,-1.571864097173449,TRACKING,5.18174299,5.191091017398499,89.5831199445702,-40.28608682338314,1.3993512556337016,nan,62.32000000000001
CRUISE,0.0,55.00067906726291,-54.53862822515688,-1.571864097173449,TRACKING,5.18592389,5.171051438568931,89.60043404099156,-40.18408346266367,1.4062226633492296,nan,62.34
CRUISE,0.0,55.00067906726291,-54.53862822515688,-1.571864097173449,TRACKING,5.19010478,5.14254174628937,89.61697573891063,-40.082461102126594,1.4129423998127084,nan,62.36000000000001
CRUISE,0.0,55.00067906726291,-54.53862822515688,-1.571864097173449,TRACKING,5.1734747,5.132768303524799,89.63280491821364,-39.98099118400845,1.4196908538902102,nan,62.38
CRUISE,0.0,55.00067906726291,-54.53862822515688,-1.571864097173449,TRACKING,5.1734747,5.120338160004879,89.64791831147433,-39.87962911663802,1.4265862046517601,nan,62.401
CRUISE,0.0,55.00067906726291,-54.53862822515688,-1.571864097173449,TRACKING,5.14105444,5.104015815968875,89.66228657295311,-39.77848187542909,1.4336906570169377,nan,62.42
CRUISE,0.0,55.00067906726291,-54.53862822515688,-1.571864097173449,TRACKING,5.1249074,5.074663789344346,89.67583521735165,-39.67777124090319,1.4409225104664134,nan,62.440000000000005
CRUISE,0.0,55.00067906726291,-54.53862822515688,-1.571864097173449,TRACKING,5.1249074,5.06221033793194,89.68860847940276,-39.57729733444304,1.4481281998208027,nan,62.46
CRUISE,0.0,55.00067906726291,-54.53862822515688,-1.571864097173449,TRACKING,5.10927121,5.058203188894606,89.70070193694472,-39.47684643477311,1.4552422247745131,nan,62.480000000000004
CRUISE,0.0,55.00067906726291,-54.53862822515688,-1.571864097173449,TRACKING,5.07701932,5.062587755046471,89.71207520208964,-39.37629021915398,1.4621628470471428,nan,62.50000000000001
CRUISE,0.0,55.00067906726291,-54.53862822515688,-1.571864097173449,TRACKING,5.06188005,5.053904995729463,89.72271646210389,-39.27574773753581,1.4688090014031745,nan,62.52
CRUISE,0.0,55.00067906726291,-54.53862822515688,-1.571864097173449,TRACKING,5.04740813,5.035501741435204,89.73266968734757,-39.175444417226274,1.475145349174735,nan,62.540000000000006
CRUISE,0.0,55.00067906726291,-54.53862822515688,-1.571864097173449,TRACKING,5.0332425,5.019188272251418,89.7419687639157,-39.075393717691504,1.4811503767508243,nan,62.56
CRUISE,0.0,55.00067906726291,-54.53862822515688,-1.571864097173449,TRACKING,5.01781195,5.0060559771353565,89.75065330529075,-38.975572868174076,1.486811383438365,nan,62.581
CRUISE,0.0,55.00067906726291,-54.53862822515688,-1.571864097173449,TRACKING,5.00299481,4.993276450556476,89.75876440558535,-38.87597725345688,1.492117577653802,nan,62.6
CRUISE,0.0,55.00067906726291,-54.53862822515688,-1.571864097173449,TRACKING,5.00299481,4.98314823473684,89.76634136330763,-38.77655500729074,1.4970801549576755,nan,62.620000000000005
CRUISE,0.0,55.00067906726291,-54.53862822515688,-1.571864097173449,TRACKING,4.97519855,4.976275713122072,89.77344485985553,-38.677254012437636,1.5017162392619159,nan,62.64
CRUISE,0.0,55.00067906726291,-54.53862822515688,-1.571864097173449,TRACKING,4.98077853,4.976082189463631,89.78010659846883,-38.57795595188639,1.5060300184573279,nan,62.660000000000004
CRUISE,0.0,55.00067906726291,-54.53862822515688,-1.571864097173449,TRACKING,4.98549275,4.979386604598164,89.78635907281,-38.478573191986456,1.5100077499343636,nan,62.68000000000001
CRUISE,0.0,55.00067906726291,-54.53862822515688,-1.571864097173449,TRACKING,4.98549275,4.986597310792515,89.79222793810237,-38.37905726128471,1.5136458739234784,nan,62.7
CRUISE,0.0,55.00067906726291,-54.53862822515688,-1.571864097173449,TRACKING,4.99773752,4.994375522341073,89.79773443177908,-38.279359901934036,1.5169668730262085,nan,62.720000000000006
CRUISE,0.0,55.00067906726291,-54.53862822515688,-1.571864097173449,TRACKING,5.00488692,5.001089652339826,89.80293708495232,-38.17950542942803,1.5200053943068117,nan,62.74
CRUISE,0.0,55.00067906726291,-54.53862822515688,-1.571864097173449,TRACKING,5.00488692,5.009033005881213,89.80785882971101,-38.079488803271005,1.5227692697351358,nan,62.760000000000005
CRUISE,0.0,55.00067906726291,-54.53862822515688,-1.571864097173449,TRACKING,5.02188224,5.019609054110257,89.81252738143017,-37.979260133335195,1.5252366672803663,nan,62.78
CRUISE,0.0,55.00067906726291,-54.53862822515688,-1.571864097173449,TRACKING,5.02188224,5.030524340550381,89.8169892219224,-37.878803230431494,1.5273792294757818,nan,62.800000000000004
CRUISE,0.0,55.00067906726291,-54.53862822515688,-1.571864097173449,TRACKING,5.04207461,5.041352884936067,89.82126575909012,-37.77812108338551,1.5291858622666308,nan,62.82000000000001
CRUISE,0.0,55.00067906726291,-54.53862822515688,-1.571864097173449,TRACKING,5.05302709,5.051112360350031,89.82538703135249,-37.67723001574325,1.5306974517887912,nan,62.84
CRUISE,0.0,55.00067906726291,-54.53862822515688,-1.571864097173449,TRACKING,5.06452099,5.063601759049263,89.82937905125718,-37.57612262537938,1.5319374282400167,nan,62.86000000000001
CRUISE,0.0,55.00067906726291,-54.53862822515688,-1.571864097173449,TRACKING,5.06452099,5.083353174605998,89.8332751604326,-37.47466185691062,1.5328748449299456,nan,62.88
CRUISE,0.0,55.00067906726291,-54.53862822515688,-1.571864097173449,TRACKING,5.08854118,5.105029530322006,89.83710768106229,-37.372782519119156,1.5334866954541175,nan,62.900000000000006
CRUISE,0.0,55.00067906726291,-54.53862822515688,-1.571864097173449,TRACKING,5.1126127,5.134842660902494,89.84091445118882,-37.27033739657963,1.533791268432241,nan,62.92
CRUISE,0.0,55.00067906726291,-54.53862822515688,-1.571864097173449,TRACKING,5.16062675,5.151002997106283,89.84471828349076,-37.167455463324785,1.5338573633745507,nan,62.940000000000005
CRUISE,0.0,55.00067906726291,-54.53862822515688,-1.571864097173449,TRACKING,5.1694945,5.163917164920756,89.84853483783462,-37.06429570254617,1.5337474229859211,nan,62.96
CRUISE,0.0,55.00067906726291,-54.53862822515688,-1.571864097173449,TRACKING,5.17740197,5.1755739091806685,89.85237770502046,-36.960898571395916,1.5335181515725036,nan,62.980000000000004
CRUISE,0.0,55.00067906726291,-54.53862822515688,-1.571864097173449,TRACKING,5.17740197,5.188150398347643,89.856255980943,-36.85728047476952,1.5331997021059702,nan,63.001000000000005
CRUISE,0.0,55.00067906726291,-54.53862822515688,-1.571864097173449,TRACKING,5.19342605,5.196614525114842,89.86017930419307,-36.75346380431676,1.5328112005438883,nan,63.021
CRUISE,0.0,55.00067906726291,-54.53862822515688,-1.571864097173449,TRACKING,5.20046917,5.206240070706079,89.86415392684476,-36.649447015577344,1.53236607542447,nan,63.040000000000006
CRUISE,0.0,55.00067906726291,-54.53862822515688,-1.571864097173449,TRACKING,5.20046917,5.214995583246553,89.86818432830508,-36.54526634009928,1.5319042019048872,nan,63.06
CRUISE,0.0,55.00067906726291,-54.53862822515688,-1.571864097173449,TRACKING,5.20788298,5.223068511935875,89.87226930620908,-36.44091984074746,1.531462325940024,nan,63.080000000000005
CRUISE,0.0,55.00067906726291,-54.53862822515688,-1.571864097173449,TRACKING,5.22224507,5.230528197917945,89.87640503225973,-36.33641358386425,1.531032200065494,nan,63.1
CRUISE,0.0,55.00067906726291,-54.53862822515688,-1.571864097173449,TRACKING,5.22920741,5.2384631860374045,89.88059024244079,-36.23176689264663,1.5306083933641448,nan,63.120000000000005
CRUISE,0.0,55.00067906726291,-54.53862822515688,-1.571864097173449,TRACKING,5.23670646,5.2447927626165125,89.88482513965305,-36.12697193693094,1.530186147212473,nan,63.14
CRUISE,0.0,55.00067906726291,-54.53862822515688,-1.571864097173449,TRACKING,5.23670646,5.249861673828775,89.88911018840334,-36.02208000136243,1.529771767999606,nan,63.160000000000004
CRUISE,0.0,55.00067906726291,-54.53862822515688,-1.571864097173449,TRACKING,5.24271405,5.256744779080522,89.89344147938526,-35.91705314496973,1.5293695044743498,nan,63.18000000000001
CRUISE,0.0,55.00067906726291,-54.53862822515688,-1.571864097173449,TRACKING,5.2492499,5.263375909835258,89.8978201851493,-35.81189414458841,1.528974612099605,nan,63.2
CRUISE,0.0,55.00067906726291,-54.53862822515688,-1.571864097173449,TRACKING,5.26190149,5.269888697238901,89.90224575314089,-35.70660549316279,1.5285826808254939,nan,63.220000000000006
CRUISE,0.0,55.00067906726291,-54.53862822515688,-1.571864097173449,TRACKING,5.26190149,5.276071998708145,89.90671597179362,-35.60119466184123,1.5281892749805528,nan,63.24
CRUISE,0.0,55.00067906726291,-54.53862822515688,-1.571864097173449,TRACKING,5.26803649,5.279327362850895,89.91123227743499,-35.49571337028774,1.5278016364017604,nan,63.260000000000005
CRUISE,0.0,55.00067906726291,-54.53862822515688,-1.571864097173449,TRACKING,5.27404377,5.2845784892113015,89.9157934557478,-35.39013268710641,1.527425603414408,nan,63.28
CRUISE,0.0,55.00067906726291,-54.53862822515688,-1.571864097173449,TRACKING,5.27992574,5.289879053627244,89.92039858652478,-35.28444803460373,1.5270559234851493,nan,63.300000000000004
CRUISE,0.0,55.00067906726291,-54.53862822515688,-1.571864097173449,TRACKING,5.29132414,5.295148015036873,89.92504724554767,-35.17865982251547,1.5266890579964771,nan,63.32000000000001
CRUISE,0.0,55.00067906726291,-54.53862822515688,-1.571864097173449,TRACKING,5.29132414,5.299998152105748,89.92973902274052,-35.07277653943431,1.526320615337365,nan,63.34
CRUISE,0.0,55.00067906726291,-54.53862822515688,-1.571864097173449,TRACKING,5.30225192,5.306606240837043,89.93447576172512,-34.96677364053177,1.5259539319559925,nan,63.36000000000001
CRUISE,0.0,55.00067906726291,-54.53862822515688,-1.571864097173449,TRACKING,5.30225192,5.3114008267316875,89.93925536156034,-34.86066972103902,1.5255945798557533,nan,63.38
CRUISE,0.0,55.00067906726291,-54.53862822515688,-1.571864097173449,TRACKING,5.31272853,5.316202369173787,89.94407724598098,-34.75446780392498,1.52523862447326,nan,63.401
CRUISE,0.0,55.00067906726291,-54.53862822515688,-1.571864097173449,TRACKING,5.31780349,5.3211069945075655,89.94894138797417,-34.648167492543614,1.5248828455465497,nan,63.42
CRUISE,0.0,55.00067906726291,-54.53862822515688,-1.571864097173449,TRACKING,5.31780349,5.327620184619604,89.95385038747467,-34.541752539036366,1.5245250060287547,nan,63.440000000000005
CRUISE,0.0,55.00067906726291,-54.53862822515688,-1.571864097173449,TRACKING,5.32763801,5.333126654982791,89.95880357696846,-34.435216501334295,1.5241703242887878,nan,63.46
CRUISE,0.0,55.00067906726291,-54.53862822515688,-1.571864097173449,TRACKING,5.32763801,5.338201372143925,89.96379805223253,-34.32858031529199,1.5238245548972633,nan,63.480000000000004
CRUISE,0.0,55.00067906726291,-54.53862822515688,-1.571864097173449,TRACKING,5.33240194,5.343054427365557,89.96883312344997,-34.221847891700506,1.523483409187266,nan,63.50000000000001
CRUISE,0.0,55.00067906726291,-54.53862822515688,-1.571864097173449,TRACKING,5.33706649,5.347812652605269,89.97390847065498,-34.1150214775517,1.5231434160414776,nan,63.52
CRUISE,0.0,55.00067906726291,-54.53862822515688,-1.571864097173449,TRACKING,5.34610569,5.352409412445813,89.97902418871523,-34.00810585097994,1.5228017180733089,nan,63.540000000000006
CRUISE,0.0,55.00067906726291,-54.53862822515688,-1.571864097173449,TRACKING,5.34610569,5.355403788456929,89.98417967997108,-33.90113034266277,1.5224637752163324,nan,63.56
CRUISE,0.0,55.00067906726291,-54.53862822515688,-1.571864097173449,TRACKING,5.35048436,5.3600049252713795,89.989375250359,-33.79406561412212,1.5221349215387863,nan,63.580000000000005
CRUISE,0.0,55.00067906726291,-54.53862822515688,-1.571864097173449,TRACKING,5.35896957,5.364397917009348,89.99461007916963,-33.686913985796544,1.52181094239766,nan,63.601000000000006
CRUISE,0.0,55.00067906726291,-54.53862822515688,-1.571864097173449,TRACKING,5.35896957,5.36784531335177,89.99988084188959,-33.57969505413651,1.521487742637086,nan,63.620000000000005
CRUISE,0.0,55.00067906726291,-54.53862822515688,-1.571864097173449,TRACKING,5.36710445,5.3692164547451995,90.00518975828065,-33.472449308675436,1.521164138911322,nan,63.64
CRUISE,0.0,55.00067906726291,-54.53862822515688,-1.571864097173449,TRACKING,5.37104506,5.374323597251924,90.01053843421481,-33.36510298159882,1.5208440356560553,nan,63.660000000000004
CRUISE,0.0,55.00067906726291,-54.53862822515688,-1.571864097173449,TRACKING,5.37104506,5.377709908546465,90.0159244414743,-33.25768931314385,1.520532806170295,nan,63.68000000000001
CRUISE,0.0,55.00067906726291,-54.53862822515688,-1.571864097173449,TRACKING,5.37490346,5.381133109212935,90.02134703696707,-33.15020935943997,1.5202263993017624,nan,63.7
CRUISE,0.0,55.00067906726291,-54.53862822515688,-1.571864097173449,TRACKING,5.37868137,5.384478615996742,90.02680583543426,-33.042664359090324,1.5199215761293017,nan,63.721000000000004
CRUISE,0.0,55.00067906726291,-54.53862822515688,-1.571864097173449,TRACKING,5.38238047,5.388207069471985,90.0323010585577,-32.93504787074285,1.5196155458633778,nan,63.74
CRUISE,0.0,55.00067906726291,-54.53862822515688,-1.571864097173449,TRACKING,5.3860024,5.392347974644152,90.03783374706708,-32.82736292969983,1.5193134711234433,nan,63.760000000000005
CRUISE,0.0,55.00067906726291,-54.53862822515688,-1.571864097173449,TRACKING,5.39302117,5.395515180610684,90.0434021227835,-32.71960709254964,1.5190199672892934,nan,63.78
CRUISE,0.0,55.00067906726291,-54.53862822515688,-1.571864097173449,TRACKING,5.39302117,5.39921144721257,90.04900696699391,-32.611781208229615,1.5187317130529179,nan,63.800000000000004
CRUISE,0.0,55.00067906726291,-54.53862822515688,-1.571864097173449,TRACKING,5.39975014,5.404429693460591,90.0546465213701,-32.503849713495455,1.5184442795926925,nan,63.821000000000005
CRUISE,0.0,55.00067906726291,-54.53862822515688,-1.571864097173449,TRACKING,5.40300972,5.407301205901534,90.06032012383326,-32.39585816381497,1.518154834206179,nan,63.84
CRUISE,0.0,55.00067906726291,-54.53862822515688,-1.571864097173449,TRACKING,5.40300972,5.409769846895083,90.06602966040771,-32.28781886688335,1.517868898130629,nan,63.86000000000001
CRUISE,0.0,55.00067906726291,-54.53862822515688,-1.571864097173449,TRACKING,5.4062013,5.413191324696861,90.07177246325296,-32.17971337264875,1.5175916682665243,nan,63.88
CRUISE,0.0,55.00067906726291,-54.53862822515688,-1.571864097173449,TRACKING,5.40932629,5.416429599305077,90.07754740711967,-32.071543943898604,1.5173191206971595,nan,63.900000000000006
CRUISE,0.0,55.00067906726291,-54.53862822515688,-1.571864097173449,TRACKING,5.41538207,5.419616379357586,90.08335483376307,-31.96331198178166,1.5170484561885165,nan,63.92
CRUISE,0.0,55.00067906726291,-54.53862822515688,-1.571864097173449,TRACKING,5.41538207,5.42266829894821,90.08919459790444,-31.85502083396744,1.5167771665904046,nan,63.940000000000005
CRUISE,0.0,55.00067906726291,-54.53862822515688,-1.571864097173449,TRACKING,5.41831555,5.424402894533422,90.09506578603322,-31.746696184342817,1.5165097522347493,nan,63.96
CRUISE,0.0,55.00067906726291,-54.53862822515688,-1.571864097173449,TRACKING,5.42400018,5.426843917458047,90.10096740806131,-31.63832119110071,1.5162502208660966,nan,63.980000000000004
CRUISE,0.0,55.00067906726291,-54.53862822515688,-1.571864097173449,TRACKING,5.42675387,5.428464213791802,90.10689945979006,-31.529917321987774,1.51599572199743,nan,64.0
CRUISE,0.0,55.00067906726291,-54.53862822515688,-1.571864097173449,TRACKING,5.42945012,5.430865041671077,90.11286160426047,-31.42146728425553,1.5157430399700544,nan,64.02000000000001
CRUISE,0.0,55.00067906726291,-54.53862822515688,-1.571864097173449,TRACKING,5.43209011,5.433278764551328,90.1188538078263,-31.312970782021626,1.5154898187356782,nan,64.04
CRUISE,0.0,55.00067906726291,-54.53862822515688,-1.571864097173449,TRACKING,5.43209011,5.43684111386915,90.12487737984362,-31.204406379364357,1.5152401873383747,nan,64.06
CRUISE,0.0,55.00067906726291,-54.53862822515688,-1.571864097173449,TRACKING,5.43720603,5.4389974764528235,90.1309300613574,-31.09579944684273,1.5149984321163399,nan,64.08
CRUISE,0.0,55.00067906726291,-54.53862822515688,-1.571864097173449,TRACKING,5.43968423,5.441197195615984,90.13701118122943,-30.987150008325344,1.5147611527830125,nan,64.101
CRUISE,0.0,55.00067906726291,-54.53862822515688,-1.571864097173449,TRACKING,5.43968423,5.443351909742317,90.14312037209777,-30.878457720706837,1.5145256531506666,nan,64.12
CRUISE,0.0,55.00067906726291,-54.53862822515688,-1.571864097173449,TRACKING,5.44448661,5.445749072453079,90.14925786227947,-30.769718806782212,1.5142897413872543,nan,64.14
CRUISE,0.0,55.00067906726291,-54.53862822515688,-1.571864097173449,TRACKING,5.44448661,5.4492458408254665,90.15542530926159,-30.660920512455117,1.5140577102887203,nan,64.16000000000001
CRUISE,0.0,55.00067906726291,-54.53862822515688,-1.571864097173449,TRACKING,5.44909071,5.451950483149818,90.1616213731766,-30.552063135153638,1.5138333869213347,nan,64.18
CRUISE,0.0,55.00067906726291,-54.53862822515688,-1.571864097173449,TRACKING,5.45132098,5.454535133078364,90.16784351541295,-30.4431585340388,1.513612655453939,nan,64.2
CRUISE,0.0,55.00067906726291,-54.53862822515688,-1.571864097173449,TRACKING,5.45132098,5.456606190049459,90.1740920151507,-30.334210223096896,1.5133931263686902,nan,64.22
CRUISE,0.0,55.00067906726291,-54.53862822515688,-1.571864097173449,TRACKING,5.45559735,5.458851174723047,90.1803667406603,-30.22521746848851,1.5131735891885196,nan,64.241
CRUISE,0.0,55.00067906726291,-54.53862822515688,-1.571864097173449,TRACKING,5.45559735,5.460035644496061,90.18666740387239,-30.116201502743138,1.5129578566770616,nan,64.26
CRUISE,0.0,55.00067906726291,-54.53862822515688,-1.571864097173449,TRACKING,5.45973961,5.4622661390956075,90.19299312442597,-30.007143000871086,1.5127491747921988,nan,64.28
CRUISE,0.0,55.00067906726291,-54.53862822515688,-1.571864097173449,TRACKING,5.45973961,5.464513903394363,90.19934401028058,-29.89804032496251,1.5125444770986598,nan,64.3
CRUISE,0.0,55.00067906726291,-54.53862822515688,-1.571864097173449,TRACKING,5.46174766,5.466488464948268,90.20571944873858,-29.788899177315034,1.51234140413845,nan,64.32000000000001
CRUISE,0.0,55.00067906726291,-54.53862822515688,-1.571864097173449,TRACKING,5.46559808,5.4672776825403515,90.21211703772966,-29.679733399622105,1.5121382377921015,nan,64.34
CRUISE,0.0,55.00067906726291,-54.53862822515688,-1.571864097173449,TRACKING,5.46748312,5.469140978394604,90.21853983418757,-29.57054104161314,1.5119394590726876,nan,64.36
CRUISE,0.0,55.00067906726291,-54.53862822515688,-1.571864097173449,TRACKING,5.46748312,5.470674008018186,90.22498577430643,-29.461318706967674,1.5117479439298225,nan,64.38000000000001
CRUISE,0.0,55.00067906726291,-54.53862822515688,-1.571864097173449,TRACKING,5.46932967,5.472248991053734,90.23145422870786,-29.352066477171935,1.5115607746117892,nan,64.4
CRUISE,0.0,55.00067906726291,-54.53862822515688,-1.571864097173449,TRACKING,5.47290804,5.4737960507001056,90.23794472816776,-29.24278656406218,1.5113757355456043,nan,64.421
CRUISE,0.0,55.00067906726291,-54.53862822515688,-1.571864097173449,TRACKING,5.47464145,5.475460038014367,90.24445736934808,-29.13347386161303,1.5111908597518149,nan,64.44
CRUISE,0.0,55.00067906726291,-54.53862822515688,-1.571864097173449,TRACKING,5.47464145,5.4778352438440825,90.25099307975195,-29.024121024452516,1.5110095987874783,nan,64.46000000000001
CRUISE,0.0,55.00067906726291,-54.53862822515688,-1.571864097173449,TRACKING,5.47800053,5.479212010374627,90.25754992561906,-28.914738290883186,1.510835014943714,nan,64.48
CRUISE,0.0,55.00067906726291,-54.53862822515688,-1.571864097173449,TRACKING,5.47800053,5.480616789700191,90.26412798644462,-28.805325674790524,1.5106646647558555,nan,64.5
CRUISE,0.0,55.00067906726291,-54.53862822515688,-1.571864097173449,TRACKING,5.48122093,5.483334536247599,90.27072741807274,-28.695872197140687,1.5104963941758964,nan,64.52000000000001
CRUISE,0.0,55.00067906726291,-54.53862822515688,-1.571864097173449,TRACKING,5.48122093,5.485113034240652,90.27734711159255,-28.58637194255423,1.510327979857915,nan,64.54
CRUISE,0.0,55.00067906726291,-54.53862822515688,-1.571864097173449,TRACKING,5.48278092,5.4859453154904125,90.28398780399095,-28.476856132267486,1.5101635660259813,nan,64.56
CRUISE,0.0,55.00067906726291,-54.53862822515688,-1.571864097173449,TRACKING,5.48430837,5.487635200816436,90.29064761073681,-28.367308005962308,1.510005410200289,nan,64.58
CRUISE,0.0,55.00067906726291,-54.53862822515688,-1.571864097173449,TRACKING,5.48726833,5.489227677033518,90.2973260162902,-28.257728736417224,1.5098510294705305,nan,64.60000000000001
CRUISE,0.0,55.00067906726291,-54.53862822515688,-1.571864097173449,TRACKING,5.48870216,5.490774374465756,90.30402253107178,-28.148119283429153,1.5096984341836144,nan,64.62
CRUISE,0.0,55.00067906726291,-54.53862822515688,-1.571864097173449,TRACKING,5.49010608,5.492256295131313,90.31073745612602,-28.03848108258351,1.5095462352789963,nan,64.64
CRUISE,0.0,55.00067906726291,-54.53862822515688,-1.571864097173449,TRACKING,5.49010608,5.492892656279206,90.3174698266678,-27.92883139616413,1.509397394533025,nan,64.66000000000001
CRUISE,0.0,55.00067906726291,-54.53862822515688,-1.571864097173449,TRACKING,5.49148072,5.4944201932030685,90.324219790676,-27.8191526103788,1.5092546517903958,nan,64.68
CRUISE,0.0,55.00067906726291,-54.53862822515688,-1.571864097173449,TRACKING,5.49282667,5.494999992289692,90.33098616784869,-27.709459970568627,1.5091157913144309,nan,64.7
CRUISE,0.0,55.00067906726291,-54.53862822515688,-1.571864097173449,TRACKING,5.49414455,5.496119810106926,90.33776894482912,-27.59974918830842,1.5089790620087522,nan,64.72
CRUISE,0.0,55.00067906726291,-54.53862822515688,-1.571864097173449,TRACKING,5.49543494,5.497255552900747,90.34456814355435,-27.490015669570184,1.5088429207280993,nan,64.74000000000001
CRUISE,0.0,55.00067906726291,-54.53862822515688,-1.571864097173449,TRACKING,5.4966984,5.499119823540778,90.35138451766838,-27.380245820888486,1.5087100027989249,nan,64.76100000000001
CRUISE,0.0,55.00067906726291,-54.53862822515688,-1.571864097173449,TRACKING,5.49914681,5.500104520980086,90.3582164045418,-27.270456577856862,1.5085829785971676,nan,64.78
CRUISE,0.0,55.00067906726291,-54.53862822515688,-1.571864097173449,TRACKING,5.49914681,5.501125245878615,90.36506327720558,-27.160648792349072,1.5084596985111254,nan,64.8
CRUISE,0.0,55.00067906726291,-54.53862822515688,-1.571864097173449,TRACKING,5.50033285,5.502136041157577,90.37192481398225,-27.050821352689542,1.5083384765105181,nan,64.82000000000001
CRUISE,0.0,55.00067906726291,-54.53862822515688,-1.571864097173449,TRACKING,5.50149414,5.503155089670936,90.3788008784427,-26.940974292823437,1.5082179912263565,nan,64.84
CRUISE,0.0,55.00067906726291,-54.53862822515688,-1.571864097173449,TRACKING,5.5026312,5.504809567402605,90.38569231358257,-26.831098512812396,1.508100812437688,nan,64.86
CRUISE,0.0,55.00067906726291,-54.53862822515688,-1.571864097173449,TRACKING,5.50374454,5.506080919583167,90.39259835062238,-26.72119586157944,1.5079893459844906,nan,64.881
CRUISE,0.0,55.00067906726291,-54.53862822515688,-1.571864097173449,TRACKING,5.50483466,5.507251078015552,90.3995178974362,-26.611269939644167,1.5078814689539108,nan,64.9
CRUISE,0.0,55.00067906726291,-54.53862822515688,-1.571864097173449,TRACKING,5.50694715,5.5083848202492085,90.40645030152125,-26.501321885719726,1.5077755633590013,nan,64.92
CRUISE,0.0,55.00067906726291,-54.53862822515688,-1.571864097173449,TRACKING,5.50797045,5.5094699248377825,90.41339543880856,-26.39135270907359,1.5076704544226027,nan,64.94
CRUISE,0.0,55.00067906726291,-54.53862822515688,-1.571864097173449,TRACKING,5.50797045,5.509900936849221,90.4203538472458,-26.281375916820146,1.5075689196662785,nan,64.96000000000001
CRUISE,0.0,55.00067906726291,-54.53862822515688,-1.571864097173449,TRACKING,5.509933,5.511000530878466,90.42732312968865,-26.17137814429976,1.5074721646657323,nan,64.98
CRUISE,0.0,55.00067906726291,-54.53862822515688,-1.571864097173449,TRACKING,5.51089359,5.512056293358657,90.43430420143963,-26.061359697144827,1.5073789044920438,nan,65.0
CRUISE,0.0,55.00067906726291,-54.53862822515688,-1.571864097173449,TRACKING,5.51089359,5.513077361233562,90.44129672040071,-25.951321308167206,1.5072877657570187,nan,65.02000000000001
CRUISE,0.0,55.00067906726291,-54.53862822515688,-1.571864097173449,TRACKING,5.51183414,5.514030879675768,90.44829991523375,-25.841264101889198,1.5071974608988286,nan,65.04
CRUISE,0.0,55.00067906726291,-54.53862822515688,-1.571864097173449,TRACKING,5.51275548,5.514618631917597,90.45531433858358,-25.731198999604075,1.507110915319072,nan,65.06
CRUISE,0.0,55.00067906726291,-54.53862822515688,-1.571864097173449,TRACKING,5.51454093,5.515415368579184,90.46233889194417,-25.621114911022683,1.507030026602389,nan,65.08
CRUISE,0.0,55.00067906726291,-54.53862822515688,-1.571864097173449,TRACKING,5.51540582,5.516151279135739,90.46937310748739,-25.51101580750939,1.506953079901389,nan,65.10000000000001
CRUISE,0.0,55.00067906726291,-54.53862822515688,-1.571864097173449,TRACKING,5.51540582,5.516895430827005,90.47641653278987,-25.400903395813625,1.5068787968396307,nan,65.12
CRUISE,0.0,55.00067906726291,-54.53862822515688,-1.571864097173449,TRACKING,5.51625267,5.517628291184604,90.48346897248142,-25.2907770009314,1.5068061564690394,nan,65.14
CRUISE,0.0,55.00067906726291,-54.53862822515688,-1.571864097173449,TRACKING,5.51708185,5.5187455167590915,90.49053073490334,-25.18063009165003,1.5067362412374925,nan,65.16000000000001
CRUISE,0.0,55.00067906726291,-54.53862822515688,-1.571864097173449,TRACKING,5.51789373,5.519411762264638,90.49760080105249,-25.07047043466651,1.5066701693505677,nan,65.18
CRUISE,0.0,55.00067906726291,-54.53862822515688,-1.571864097173449,TRACKING,5.51946704,5.520095058221809,90.50467895367852,-24.960296838011928,1.5066067111058496,nan,65.2
CRUISE,0.0,55.00067906726291,-54.53862822515688,-1.571864097173449,TRACKING,5.51946704,5.520881743292499,90.51176533268627,-24.850108908083925,1.506544956524151,nan,65.22
CRUISE,0.0,55.00067906726291,-54.53862822515688,-1.571864097173449,TRACKING,5.52022917,5.521939012706303,90.51885960125627,-24.73989928418942,1.5064839258939613,nan,65.24000000000001
CRUISE,0.0,55.00067906726291,-54.53862822515688,-1.571864097173449,TRACKING,5.52169049,5.522248161962374,90.52596189747317,-24.629683961083522,1.5064260329065993,nan,65.26
CRUISE,0.0,55.00067906726291,-54.53862822515688,-1.571864097173449,TRACKING,5.5224059,5.523064890158452,90.53307104731469,-24.519452960826126,1.506372486359208,nan,65.28
CRUISE,0.0,55.00067906726291,-54.53862822515688,-1.571864097173449,TRACKING,5.52310671,5.523829622421785,90.54018666458349,-24.409206857738845,1.506321966815864,nan,65.3
CRUISE,0.0,55.00067906726291,-54.53862822515688,-1.571864097173449,TRACKING,5.52310671,5.524558710924422,90.54730835843523,-24.298946347806158,1.5062734794665464,nan,65.32000000000001
CRUISE,0.0,55.00067906726291,-54.53862822515688,-1.571864097173449,TRACKING,5.52446478,5.52526310921029,90.55443595230173,-24.188672036765798,1.5062262963812478,nan,65.34
CRUISE,0.0,55.00067906726291,-54.53862822515688,-1.571864097173449,TRACKING,5.52446478,5.525564151801866,90.56156959861408,-24.078392217874402,1.5061821448406012,nan,65.36
CRUISE,0.0,55.00067906726291,-54.53862822515688,-1.571864097173449,TRACKING,5.52512264,5.526295219186624,90.56870856645793,-23.96809829520771,1.5061420944143034,nan,65.38000000000001
CRUISE,0.0,55.00067906726291,-54.53862822515688,-1.571864097173449,TRACKING,5.52576679,5.5269805379412285,90.5758524889522,-23.857790787558287,1.5061049873463577,nan,65.4
CRUISE,0.0,55.00067906726291,-54.53862822515688,-1.571864097173449,TRACKING,5.52639749,5.5276075683609545,90.58300109634173,-23.74747046296092,1.5060700019245736,nan,65.42
CRUISE,0.0,55.00067906726291,-54.53862822515688,-1.571864097173449,TRACKING,5.52701504,5.528155972323506,90.59015418576178,-23.637139351163576,1.5060365494900751,nan,65.44
CRUISE,0.0,55.00067906726291,-54.53862822515688,-1.571864097173449,TRACKING,5.52821175,5.529630860312372,90.59731269752601,-23.52678026047782,1.50600882244617,nan,65.46000000000001
CRUISE,0.0,55.00067906726291,-54.53862822515688,-1.571864097173449,TRACKING,5.52821175,5.529906154154716,90.60447415440632,-23.416413534849134,1.505990264220983,nan,65.48
CRUISE,0.0,55.00067906726291,-54.53862822515688,-1.571864097173449,TRACKING,5.52934722,5.530275162240941,90.61163776360958,-23.30604002723055,1.5059778753118604,nan,65.501
CRUISE,0.0,55.00067906726291,-54.53862822515688,-1.571864097173449,TRACKING,5.52990298,5.53069502323085,90.61880303454122,-23.195658649104434,1.5059696079855853,nan,65.52000000000001
CRUISE,0.0,55.00067906726291,-54.53862822515688,-1.571864097173449,TRACKING,5.52990298,5.531145409877305,90.62596963465322,-23.085268688582875,1.5059640947571558,nan,65.54
CRUISE,0.0,55.00067906726291,-54.53862822515688,-1.571864097173449,TRACKING,5.53044715,5.531395169951423,90.63313733137522,-22.97487322063942,1.5059605052796068,nan,65.56
CRUISE,0.0,55.00067906726291,-54.53862822515688,-1.571864097173449,TRACKING,5.53098021,5.531942877327087,90.64030599105094,-22.864467525214547,1.5059581299402334,nan,65.58
CRUISE,0.0,55.00067906726291,-54.53862822515688,-1.571864097173449,TRACKING,5.53150215,5.532467887300309,90.6474754750097,-22.75405129783068,1.5059565439057379,nan,65.60000000000001
CRUISE,0.0,55.00067906726291,-54.53862822515688,-1.571864097173449,TRACKING,5.5325136,5.532964403727996,90.65464569777257,-22.643625110928046,1.505955484452824,nan,65.62100000000001
CRUISE,0.0,55.00067906726291,-54.53862822515688,-1.571864097173449,TRACKING,5.5325136,5.53345536503028,90.66181661945052,-22.53318910377766,1.5059547765121257,nan,65.64
CRUISE,0.0,55.00067906726291,-54.53862822515688,-1.571864097173449,TRACKING,5.53347307,5.533932574860604,90.6689882020782,-22.422743549156767,1.505954302914429,nan,65.66000000000001
CRUISE,0.0,55.00067906726291,-54.53862822515688,-1.571864097173449,TRACKING,5.53347307,5.534397469167275,90.67616041469059,-22.312288694818406,1.5059539853531452,nan,65.68
CRUISE,0.0,55.00067906726291,-54.53862822515688,-1.571864097173449,TRACKING,5.5339428,5.534851260428943,90.68333323484711,-22.201824769431237,1.5059537725962424,nan,65.7
CRUISE,0.0,55.00067906726291,-54.53862822515688,-1.571864097173449,TRACKING,5.53440293,5.5352946343722635,90.69050664350735,-22.091351982077338,1.5059536297020821,nan,65.72
CRUISE,0.0,55.00067906726291,-54.53862822515688,-1.571864097173449,TRACKING,5.53485347,5.53572671848685,90.69768062331676,-21.980870549211144,1.5059535337010879,nan,65.74000000000001
CRUISE,0.0,55.00067906726291,-54.53862822515688,-1.571864097173449,TRACKING,5.53572656,5.536149020701557,90.70485515890404,-21.8703806792692,1.5059534697517094,nan,65.76
CRUISE,0.0,55.00067906726291,-54.53862822515688,-1.571864097173449,TRACKING,5.53614949,5.536563017275885,90.71203023657993,-21.759882542309786,1.5059534270877195,nan,65.78
CRUISE,0.0,55.00067906726291,-54.53862822515688,-1.571864097173449,TRACKING,5.53614949,5.536968678662275,90.71920584356734,-21.649376300545306,1.5059533983359819,nan,65.8
CRUISE,0.0,55.00067906726291,-54.53862822515688,-1.571864097173449,TRACKING,5.53696907,5.538007437587825,90.72638272300739,-21.538849568116934,1.5059566104841617,nan,65.82000000000001
CRUISE,0.0,55.00067906726291,-54.53862822515688,-1.571864097173449,TRACKING,5.53696907,5.538278056969249,90.73355929038884,-21.428316279618457,1.5059660191035342,nan,65.84
CRUISE,0.0,55.00067906726291,-54.53862822515688,-1.571864097173449,TRACKING,5.5377548,5.538513254206368,90.74073503470531,-21.317777974417893,1.5059807626468098,nan,65.86
CRUISE,0.0,55.00067906726291,-54.53862822515688,-1.571864097173449,TRACKING,5.53813542,5.538777036522446,90.74790916619817,-21.207234709257555,1.5060002229781975,nan,65.88000000000001
CRUISE,0.0,55.00067906726291,-54.53862822515688,-1.571864097173449,TRACKING,5.53813542,5.539055747878992,90.7550811662495,-21.096685878165474,1.506023501710763,nan,65.9
CRUISE,0.0,55.00067906726291,-54.53862822515688,-1.571864097173449,TRACKING,5.5385081,5.539107278007171,90.76225078758075,-20.986136656247776,1.5060501823305297,nan,65.92
CRUISE,0.0,55.00067906726291,-54.53862822515688,-1.571864097173449,TRACKING,5.5392303,5.539436380989136,90.76941775340097,-20.875580895766873,1.5060800672340828,nan,65.94
CRUISE,0.0,55.00067906726291,-54.53862822515688,-1.571864097173449,TRACKING,5.53957284,5.539884703634754,90.77658155846132,-20.76501585802022,1.506112694997651,nan,65.96000000000001
CRUISE,0.0,55.00067906726291,-54.53862822515688,-1.571864097173449,TRACKING,5.53957284,5.540238936316772,90.783742035925,-20.654443337255405,1.5061474602544402,nan,65.98
CRUISE,0.0,55.00067906726291,-54.53862822515688,-1.571864097173449,TRACKING,5.54025077,5.54038594812696,90.79089895682776,-20.54386562624799,1.5061842566498302,nan,66.0
CRUISE,0.0,55.00067906726291,-54.53862822515688,-1.571864097173449,TRACKING,5.54025077,5.540540008233595,90.79805209974438,-20.433286515180658,1.5062231272613367,nan,66.02000000000001
CRUISE,0.0,55.00067906726291,-54.53862822515688,-1.571864097173449,TRACKING,5.54057931,5.5407514582612105,90.80520131718322,-20.322702955013884,1.5062645110062942,nan,66.04
CRUISE,0.0,55.00067906726291,-54.53862822515688,-1.571864097173449,TRACKING,5.54090101,5.5411326261714065,90.81234609507025,-20.21211149316567,1.5063083182589152,nan,66.06
CRUISE,0.0,55.00067906726291,-54.53862822515688,-1.571864097173449,TRACKING,5.54151783,5.541430272837024,90.8194862912449,-20.10151368677684,1.5063540667572026,nan,66.08
CRUISE,0.0,55.00067906726291,-54.53862822515688,-1.571864097173449,TRACKING,5.54181981,5.542113771677033,90.8266222237159,-19.990904811956746,1.5064017988609575,nan,66.10000000000001
CRUISE,0.0,55.00067906726291,-54.53862822515688,-1.571864097173449,TRACKING,5.54211562,5.5427725596481086,90.83375326273544,-19.880282488334725,1.5064513612081887,nan,66.12
CRUISE,0.0,55.00067906726291,-54.53862822515688,-1.571864097173449,TRACKING,5.54240527,5.543130735084474,90.84087910896106,-19.769649167046236,1.5065028850620323,nan,66.14
CRUISE,0.0,55.00067906726291,-54.53862822515688,-1.571864097173449,TRACKING,5.54240527,5.543413959558303,90.8479995098205,-19.659009775275386,1.5065564808034666,nan,66.16000000000001
CRUISE,0.0,55.00067906726291,-54.53862822515688,-1.571864097173449,TRACKING,5.54296656,5.543693111797757,90.85511423223198,-19.548364423272446,1.506612106080554,nan,66.18
CRUISE,0.0,55.00067906726291,-54.53862822515688,-1.571864097173449,TRACKING,5.54296656,5.543805530342079,90.86222304731442,-19.43771478768731,1.5066697856628404,nan,66.2
CRUISE,0.0,55.00067906726291,-54.53862822515688,-1.571864097173449,TRACKING,5.54350468,5.543872120053701,90.8693255072784,-19.327065609249992,1.5067296559444725,nan,66.22
CRUISE,0.0,55.00067906726291,-54.53862822515688,-1.571864097173449,TRACKING,5.54350468,5.544128000680838,90.87642124276067,-19.21641099211752,1.506791687368352,nan,66.24000000000001
CRUISE,0.0,55.00067906726291,-54.53862822515688,-1.571864097173449,TRACKING,5.54376535,5.54443502283547,90.8835103983487,-19.105749739579426,1.5068557866022336,nan,66.26
CRUISE,0.0,55.00067906726291,-54.53862822515688,-1.571864097173449,TRACKING,5.54402058,5.544408150873499,90.89059233357855,-18.99508589037268,1.5069216365397775,nan,66.28
CRUISE,0.0,55.00067906726291,-54.53862822515688,-1.571864097173449,TRACKING,5.54451518,5.544589809039853,90.8976671568805,-18.884419877729062,1.5069894738935625,nan,66.3
CRUISE,0.0,55.00067906726291,-54.53862822515688,-1.571864097173449,TRACKING,5.54451518,5.544838564084781,90.90473468640552,-18.7737483701687,1.5070594392869454,nan,66.32000000000001
CRUISE,0.0,55.00067906726291,-54.53862822515688,-1.571864097173449,TRACKING,5.54475476,5.545068029981838,90.91179464706937,-18.663071736160937,1.5071317701266305,nan,66.34
CRUISE,0.0,55.00067906726291,-54.53862822515688,-1.571864097173449,TRACKING,5.54498935,5.544951024566801,90.91884663671247,-18.55239588662296,1.507206171109717,nan,66.36
CRUISE,0.0,55.00067906726291,-54.53862822515688,-1.571864097173449,TRACKING,5.54521905,5.545140536569304,90.92589059948565,-18.441717418837968,1.507282199525136,nan,66.38000000000001
CRUISE,0.0,55.00067906726291,-54.53862822515688,-1.571864097173449,TRACKING,5.54544396,5.54532872469845,90.93292634110595,-18.331034683986374,1.5073600524319424,nan,66.4
CRUISE,0.0,55.00067906726291,-54.53862822515688,-1.571864097173449,TRACKING,5.54587979,5.54549396943795,90.93995365834157,-18.220348135222785,1.5074400481069208,nan,66.42
CRUISE,0.0,55.00067906726291,-54.53862822515688,-1.571864097173449,TRACKING,5.54587979,5.545725011391851,90.94697264763538,-18.109657023443702,1.5075226231175016,nan,66.44
CRUISE,0.0,55.00067906726291,-54.53862822515688,-1.571864097173449,TRACKING,5.54629763,5.54682578370425,90.95398314377806,-17.998947617597562,1.5076069807340247,nan,66.46000000000001
CRUISE,0.0,55.00067906726291,-54.53862822515688,-1.571864097173449,TRACKING,5.54650003,5.547260119276172,90.96098455340649,-17.888224436954424,1.507692486940706,nan,66.48
CRUISE,0.0,55.00067906726291,-54.53862822515688,-1.571864097173449,TRACKING,5.54669821,5.54749102593018,90.96797670613743,-17.777495132700835,1.5077796674877468,nan,66.5
CRUISE,0.0,55.00067906726291,-54.53862822515688,-1.571864097173449,TRACKING,5.54689226,5.547736743891619,90.97495941278375,-17.66676025091894,1.5078689423913907,nan,66.52000000000001
CRUISE,0.0,55.00067906726291,-54.53862822515688,-1.571864097173449,TRACKING,5.54689226,5.54796090765453,90.98193239066816,-17.55602020244512,1.507960714495218,nan,66.54
CRUISE,0.0,55.00067906726291,-54.53862822515688,-1.571864097173449,TRACKING,5.54708226,5.547850769499335,90.98889512144082,-17.445281164312394,1.5080543571649407,nan,66.56
CRUISE,0.0,55.00067906726291,-54.53862822515688,-1.571864097173449,TRACKING,5.54726829,5.547982320725227,90.99584741464732,-17.334539908300286,1.5081490648810791,nan,66.58
CRUISE,0.0,55.00067906726291,-54.53862822515688,-1.571864097173449,TRACKING,5.54745045,5.548126932505058,91.00278929065908,-17.22379519160159,1.508245344411919,nan,66.60000000000001
CRUISE,0.0,55.00067906726291,-54.53862822515688,-1.571864097173449,TRACKING,5.54780344,5.548243147557356,91.00972027677192,-17.113047448009414,1.5083435981952367,nan,66.62
CRUISE,0.0,55.00067906726291,-54.53862822515688,-1.571864097173449,TRACKING,5.54780344,5.547880004832614,91.0166401177821,-17.00230422129469,1.5084444718976509,nan,66.64
CRUISE,0.0,55.00067906726291,-54.53862822515688,-1.571864097173449,TRACKING,5.54814185,5.547842371251278,91.02354861517681,-16.891562526878566,1.5085471166705968,nan,66.66000000000001
CRUISE,0.0,55.00067906726291,-54.53862822515688,-1.571864097173449,TRACKING,5.54814185,5.548054928201093,91.0304459650176,-16.78081598055058,1.508650650117002,nan,66.68
CRUISE,0.0,55.00067906726291,-54.53862822515688,-1.571864097173449,TRACKING,5.5484663,5.548251016858218,91.0373321405304,-16.67006356312486,1.5087562618125256,nan,66.702
CRUISE,0.0,55.00067906726291,-54.53862822515688,-1.571864097173449,TRACKING,5.5484663,5.547951236588135,91.04420663213587,-16.559318243392884,1.5088652136091953,nan,66.72
CRUISE,0.0,55.00067906726291,-54.53862822515688,-1.571864097173449,TRACKING,5.54877085,5.548181213597303,91.05106895983634,-16.448567524968613,1.5089768090783517,nan,66.74000000000001
CRUISE,0.0,55.00067906726291,-54.53862822515688,-1.571864097173449,TRACKING,5.54892153,5.548521677655334,91.05791881053653,-16.337809010303314,1.5090893146847,nan,66.76
CRUISE,0.0,55.00067906726291,-54.53862822515688,-1.571864097173449,TRACKING,5.54892153,5.5486009593216865,91.06475642077926,-16.227048161279697,1.5092020463097457,nan,66.78
CRUISE,0.0,55.00067906726291,-54.53862822515688,-1.571864097173449,TRACKING,5.54922817,5.548943355765994,91.07158292152035,-16.116282191703785,1.5093162885239921,nan,66.8
CRUISE,0.0,55.00067906726291,-54.53862822515688,-1.571864097173449,TRACKING,5.54922817,5.550128426437489,91.07839717346695,-16.005492259130534,1.5094320239866386,nan,66.82000000000001
CRUISE,0.0,55.00067906726291,-54.53862822515688,-1.571864097173449,TRACKING,5.54935558,5.550465621609713,91.08519873501754,-15.89469131525584,1.509550130172309,nan,66.84
CRUISE,0.0,55.00067906726291,-54.53862822515688,-1.571864097173449,TRACKING,5.5494942,5.550360028367535,91.09198696790048,-15.78389178346459,1.5096697483648733,nan,66.86
CRUISE,0.0,55.00067906726291,-54.53862822515688,-1.571864097173449,TRACKING,5.54962963,5.55057334457367,91.09876218268373,-15.67308733507903,1.509789832030081,nan,66.88000000000001
CRUISE,0.0,55.00067906726291,-54.53862822515688,-1.571864097173449,TRACKING,5.54976252,5.5506817428452715,91.10552427480012,-15.56227893860157,1.5099111957796647,nan,66.9
CRUISE,0.0,55.00067906726291,-54.53862822515688,-1.571864097173449,TRACKING,5.54989264,5.550551239281593,91.11227288917812,-15.451473661311642,1.5100346864488907,nan,66.92
CRUISE,0.0,55.00067906726291,-54.53862822515688,-1.571864097173449,TRACKING,5.55002004,5.550635902428507,91.11900740818554,-15.34066603155965,1.5101607511042248,nan,66.94
CRUISE,0.0,55.00067906726291,-54.53862822515688,-1.571864097173449,TRACKING,5.55014479,5.5510069809084746,91.12572799859711,-15.229850236818912,1.5102883334226274,nan,66.96000000000001
CRUISE,0.0,55.00067906726291,-54.53862822515688,-1.571864097173449,TRACKING,5.55038654,5.550559590690674,91.13243365397373,-15.119037001731487,1.5104159260184085,nan,66.98
CRUISE,0.0,55.00067906726291,-54.53862822515688,-1.571864097173449,TRACKING,5.55038654,5.550110536426486,91.13912516906429,-15.008236541875455,1.5105449686610928,nan,67.0
CRUISE,0.0,55.00067906726291,-54.53862822515688,-1.571864097173449,TRACKING,5.55061831,5.550291633355742,91.14580252034452,-14.897431439952085,1.5106759952647086,nan,67.02000000000001
CRUISE,0.0,55.00067906726291,-54.53862822515688,-1.571864097173449,TRACKING,5.55061831,5.550436716943118,91.15246539835664,-14.786622423663934,1.5108097716600744,nan,67.04
CRUISE,0.0,55.00067906726291,-54.53862822515688,-1.571864097173449,TRACKING,5.55073057,5.550310245525415,91.15911307910692,-14.675815284859041,1.510944931512357,nan,67.06
CRUISE,0.0,55.00067906726291,-54.53862822515688,-1.571864097173449,TRACKING,5.55094814,5.550323168086967,91.16574601694505,-14.565007276592489,1.5110802265073902,nan,67.08
CRUISE,0.0,55.00067906726291,-54.53862822515688,-1.571864097173449,TRACKING,5.55094814,5.550347540713225,91.17236412401583,-14.45419801614635,1.5112166410644108,nan,67.10000000000001
CRUISE,0.0,55.00067906726291,-54.53862822515688,-1.571864097173449,TRACKING,5.55105352,5.550351889449919,91.17896723498033,-14.343387888281594,1.51135510156654,nan,67.12
CRUISE,0.0,55.00067906726291,-54.53862822515688,-1.571864097173449,TRACKING,5.55115671,5.550400899453066,91.18555554868914,-14.232576193835689,1.5114965973822436,nan,67.14
CRUISE,0.0,55.00067906726291,-54.53862822515688,-1.571864097173449,TRACKING,5.55135668,5.551915947521651,91.19212891449332,-14.121743473011044,1.5116393478313161,nan,67.16000000000001
CRUISE,0.0,55.00067906726291,-54.53862822515688,-1.571864097173449,TRACKING,5.55135668,5.552401947542772,91.19868684312323,-14.010890182355393,1.5117821949462107,nan,67.181
CRUISE,0.0,55.00067906726291,-54.53862822515688,-1.571864097173449,TRACKING,5.55154641,5.552453178402093,91.2052289309341,-13.900033894509082,1.51192640110574,nan,67.2
CRUISE,0.0,55.00067906726291,-54.53862822515688,-1.571864097173449,TRACKING,5.55154641,5.552796745273951,91.21175534450265,-13.789169690514251,1.5120729476337216,nan,67.22
CRUISE,0.0,55.00067906726291,-54.53862822515688,-1.571864097173449,TRACKING,5.55163928,5.552788307745733,91.21826533008652,-13.678304542660829,1.5122226939193664,nan,67.24000000000001
CRUISE,0.0,55.00067906726291,-54.53862822515688,-1.571864097173449,TRACKING,5.55172835,5.552532180271248,91.22475831347397,-13.567443850714403,1.512373140588882,nan,67.26
CRUISE,0.0,55.00067906726291,-54.53862822515688,-1.571864097173449,TRACKING,5.55181742,5.552735561612372,91.23123489772622,-13.456578350584993,1.5125228668946684,nan,67.28
CRUISE,0.0,55.00067906726291,-54.53862822515688,-1.571864097173449,TRACKING,5.55199007,5.55272583138987,91.2376948512533,-13.345712077144116,1.5126731500178119,nan,67.3
CRUISE,0.0,55.00067906726291,-54.53862822515688,-1.571864097173449,TRACKING,5.55199007,5.55269589157009,91.24413767564235,-13.234845285360542,1.512824842670121,nan,67.32000000000001
CRUISE,0.0,55.00067906726291,-54.53862822515688,-1.571864097173449,TRACKING,5.55216382,5.551742847170472,91.25056285791675,-13.123990919963175,1.5129792692581345,nan,67.34
CRUISE,0.0,55.00067906726291,-54.53862822515688,-1.571864097173449,TRACKING,5.55216382,5.551634229718793,91.2569704401017,-13.013143030903997,1.5131348741487456,nan,67.36
CRUISE,0.0,55.00067906726291,-54.53862822515688,-1.571864097173449,TRACKING,5.552236,5.551639009806757,91.26336102963803,-12.902294261860991,1.5132900806162888,nan,67.38000000000001
CRUISE,0.0,55.00067906726291,-54.53862822515688,-1.571864097173449,TRACKING,5.55231452,5.5517870179775155,91.2697345843585,-12.791441352416038,1.5134460749178453,nan,67.4
CRUISE,0.0,55.00067906726291,-54.53862822515688,-1.571864097173449,TRACKING,5.55246653,5.551531673769796,91.27609094391543,-12.680593122034267,1.5136041551357224,nan,67.42
CRUISE,0.0,55.00067906726291,-54.53862822515688,-1.571864097173449,TRACKING,5.55254024,5.551522071655839,91.28242978010663,-12.569744213993607,1.5137651983167786,nan,67.44
CRUISE,0.0,55.00067906726291,-54.53862822515688,-1.571864097173449,TRACKING,5.55261241,5.5519981718555504,91.28875055548966,-12.45888455044653,1.5139271526448488,nan,67.46000000000001
CRUISE,0.0,55.00067906726291,-54.53862822515688,-1.571864097173449,TRACKING,5.55268308,5.551935763831935,91.29505337160484,-12.348024832389557,1.5140884346493584,nan,67.48
CRUISE,0.0,55.00067906726291,-54.53862822515688,-1.571864097173449,TRACKING,5.55275228,5.552079892133677,91.3013398692914,-12.237163104386065,1.5142509687675854,nan,67.5
CRUISE,0.0,55.00067906726291,-54.53862822515688,-1.571864097173449,TRACKING,5.55275228,5.553717992043863,91.30760888452771,-12.12627159144521,1.5144150389237745,nan,67.52000000000001
CRUISE,0.0,55.00067906726291,-54.53862822515688,-1.571864097173449,TRACKING,5.55282003,5.554082725209647,91.31385976050159,-12.015365634714337,1.514581840189503,nan,67.54
CRUISE,0.0,55.00067906726291,-54.53862822515688,-1.571864097173449,TRACKING,5.55295132,5.553709016746588,91.32009159831452,-11.90446631136207,1.5147496940083083,nan,67.56
CRUISE,0.0,55.00067906726291,-54.53862822515688,-1.571864097173449,TRACKING,5.55301492,5.553911704304669,91.32630508725312,-11.79356237458535,1.5149166527187312,nan,67.58
CRUISE,0.0,55.00067906726291,-54.53862822515688,-1.571864097173449,TRACKING,5.55301492,5.554034209467939,91.33250025257854,-11.682654090326208,1.5150842149306327,nan,67.60000000000001
CRUISE,0.0,55.00067906726291,-54.53862822515688,-1.571864097173449,TRACKING,5.55313817,5.553828186270054,91.33867680868681,-11.571749742410026,1.5152537431711732,nan,67.62
CRUISE,0.0,55.00067906726291,-54.53862822515688,-1.571864097173449,TRACKING,5.55313817,5.553820825789064,91.34483402678502,-11.460844725388887,1.5154260784727933,nan,67.64
CRUISE,0.0,55.00067906726291,-54.53862822515688,-1.571864097173449,TRACKING,5.55325632,5.553720670133741,91.35097179779419,-11.349940913070292,1.5156027471475073,nan,67.66000000000001
CRUISE,0.0,55.00067906726291,-54.53862822515688,-1.571864097173449,TRACKING,5.55331356,5.553491987490725,91.35708910025102,-11.239037543703265,1.5157845725938976,nan,67.68
CRUISE,0.0,55.00067906726291,-54.53862822515688,-1.571864097173449,TRACKING,5.55331356,5.552953711926651,91.36318580857886,-11.128145002831156,1.5159718513362301,nan,67.70100000000001
CRUISE,0.0,55.00067906726291,-54.53862822515688,-1.571864097173449,TRACKING,5.55342448,5.553028155934307,91.36926153653357,-11.01725008570037,1.5161645646332063,nan,67.72
CRUISE,0.0,55.00067906726291,-54.53862822515688,-1.571864097173449,TRACKING,5.55342448,5.5530652499529225,91.37531564676603,-10.906352851164595,1.5163632174134174,nan,67.74000000000001
CRUISE,0.0,55.00067906726291,-54.53862822515688,-1.571864097173449,TRACKING,5.55353081,5.552425642472744,91.38134713525912,-10.79546396312959,1.5165663591684098,nan,67.76
CRUISE,0.0,55.00067906726291,-54.53862822515688,-1.571864097173449,TRACKING,5.55358232,5.552312932929694,91.3873560360885,-10.68458081883412,1.51677258079051,nan,67.78
CRUISE,0.0,55.00067906726291,-54.53862822515688,-1.571864097173449,TRACKING,5.55363276,5.552290503927673,91.39334197686195,-10.573696976196596,1.5169824722906171,nan,67.8
CRUISE,0.0,55.00067906726291,-54.53862822515688,-1.571864097173449,TRACKING,5.55368214,5.552233291864858,91.39930453816716,-10.462813115864,1.5171968265532356,nan,67.82000000000001
CRUISE,0.0,55.00067906726291,-54.53862822515688,-1.571864097173449,TRACKING,5.55368214,5.552226940557981,91.40524373716048,-10.351928412110334,1.517416592792951,nan,67.84
CRUISE,0.0,55.00067906726291,-54.53862822515688,-1.571864097173449,TRACKING,5.5537305,5.554064942702785,91.41115971098527,-10.241018126793106,1.517640034700948,nan,67.86
CRUISE,0.0,55.00067906726291,-54.53862822515688,-1.571864097173449,TRACKING,5.5538242,5.555220955737944,91.41705101589535,-10.130071653272427,1.517864897532035,nan,67.88000000000001
CRUISE,0.0,55.00067906726291,-54.53862822515688,-1.571864097173449,TRACKING,5.55386959,5.555359807094505,91.42291738049285,-10.01911908519282,1.5180927328247238,nan,67.9
CRUISE,0.0,55.00067906726291,-54.53862822515688,-1.571864097173449,TRACKING,5.55391403,5.5555294377073015,91.42875845044867,-9.90816164908054,1.5183245922108604,nan,67.92
CRUISE,0.0,55.00067906726291,-54.53862822515688,-1.571864097173449,TRACKING,5.55391403,5.555658814239866,91.43457368050814,-9.797200131442855,1.5185614269937615,nan,67.94
CRUISE,0.0,55.00067906726291,-54.53862822515688,-1.571864097173449,TRACKING,5.55400016,5.5551924998203335,91.4403620279686,-9.686246010115056,1.5188014488547523,nan,67.961
CRUISE,0.0,55.00067906726291,-54.53862822515688,-1.571864097173449,TRACKING,5.55400016,5.5551092210437965,91.44612352969854,-9.575293592068617,1.5190427923166425,nan,67.98
CRUISE,0.0,55.00067906726291,-54.53862822515688,-1.571864097173449,TRACKING,5.55404188,5.555065841083657,91.451857996847,-9.464340898277927,1.5192866945527956,nan,68.0
CRUISE,0.0,55.00067906726291,-54.53862822515688,-1.571864097173449,TRACKING,5.55408273,5.554792844426067,91.45756454922537,-9.353392572647653,1.5195353101711586,nan,68.02000000000001
CRUISE,0.0,55.00067906726291,-54.53862822515688,-1.571864097173449,TRACKING,5.55416107,5.553334879244008,91.46324215496166,-9.242457611113272,1.5197895503808612,nan,68.04
CRUISE,0.0,55.00067906726291,-54.53862822515688,-1.571864097173449,TRACKING,5.55416107,5.553002917489751,91.4688909057157,-9.131540926593908,1.5200461240941379,nan,68.06
CRUISE,0.0,55.00067906726291,-54.53862822515688,-1.571864097173449,TRACKING,5.55423696,5.553245400604707,91.47451151782522,-9.02061800218608,1.5203038018165314,nan,68.08
CRUISE,0.0,55.00067906726291,-54.53862822515688,-1.571864097173449,TRACKING,5.55423696,5.553180340935068,91.48010335106468,-8.909694834355324,1.52056399468618,nan,68.101
CRUISE,0.0,55.00067906726291,-54.53862822515688,-1.571864097173449,TRACKING,5.55427297,5.552694169989117,91.4856663427469,-8.798779309065122,1.5208269771203162,nan,68.12
CRUISE,0.0,55.00067906726291,-54.53862822515688,-1.571864097173449,TRACKING,5.55430898,5.552413355589082,91.49120024090624,-8.687869719204166,1.5210955305628429,nan,68.14
CRUISE,0.0,55.00067906726291,-54.53862822515688,-1.571864097173449,TRACKING,5.55437878,5.553211229363173,91.49670367512266,-8.576942425957002,1.5213666984147323,nan,68.16000000000001
CRUISE,0.0,55.00067906726291,-54.53862822515688,-1.571864097173449,TRACKING,5.5544126,5.553051937710522,91.50217699091782,-8.46601626319653,1.5216371799018604,nan,68.18
CRUISE,0.0,55.00067906726291,-54.53862822515688,-1.571864097173449,TRACKING,5.5544126,5.553074771223158,91.50762248564776,-8.35509158821954,1.521910723859476,nan,68.2
CRUISE,0.0,55.00067906726291,-54.53862822515688,-1.571864097173449,TRACKING,5.55447747,5.555879056986595,91.51303808609185,-8.244118778453183,1.5221876769741938,nan,68.221
CRUISE,0.0,55.00067906726291,-54.53862822515688,-1.571864097173449,TRACKING,5.55447747,5.556339038077717,91.51842295672807,-8.133122428848136,1.5224679615023946,nan,68.24000000000001
CRUISE,0.0,55.00067906726291,-54.53862822515688,-1.571864097173449,TRACKING,5.55450922,5.555802344532573,91.52377607439173,-8.022134657224003,1.5227499882502251,nan,68.26
CRUISE,0.0,55.00067906726291,-54.53862822515688,-1.571864097173449,TRACKING,5.5545403,5.556026399018209,91.52909813012838,-7.911141814322354,1.5230311451472527,nan,68.28
CRUISE,0.0,55.00067906726291,-54.53862822515688,-1.571864097173449,TRACKING,5.55457075,5.5561839783141105,91.53438913244784,-7.800143722486888,1.5233134188614463,nan,68.3
CRUISE,0.0,55.00067906726291,-54.53862822515688,-1.571864097173449,TRACKING,5.55460057,5.5557579013056175,91.53964868805016,-7.689153584803799,1.5235987151491779,nan,68.32000000000001
CRUISE,0.0,55.00067906726291,-54.53862822515688,-1.571864097173449,TRACKING,5.55462976,5.5556951381351105,91.54487581478897,-7.578163295390516,1.5238880750416308,nan,68.34
CRUISE,0.0,55.00067906726291,-54.53862822515688,-1.571864097173449,TRACKING,5.55468633,5.555984642256931,91.55007077923977,-7.467165667066736,1.5241791341371107,nan,68.36
CRUISE,0.0,55.00067906726291,-54.53862822515688,-1.571864097173449,TRACKING,5.55468633,5.555953113277285,91.55523193482486,-7.356164762275342,1.5244685919822856,nan,68.38000000000001
CRUISE,0.0,55.00067906726291,-54.53862822515688,-1.571864097173449,TRACKING,5.55471374,5.553499388250055,91.56036040725076,-7.245210266342061,1.5247596674753987,nan,68.4
CRUISE,0.0,55.00067906726291,-54.53862822515688,-1.571864097173449,TRACKING,5.55476685,5.553666026521303,91.5654566107126,-7.134253355559808,1.5250537215113027,nan,68.421
CRUISE,0.0,55.00067906726291,-54.53862822515688,-1.571864097173449,TRACKING,5.55476685,5.553767661079986,91.5705200698412,-7.023292646738778,1.525352214427119,nan,68.44
CRUISE,0.0,55.00067906726291,-54.53862822515688,-1.571864097173449,TRACKING,5.55481776,5.553572284356565,91.57554964275101,-6.912334609170969,1.52565202372882,nan,68.461
CRUISE,0.0,55.00067906726291,-54.53862822515688,-1.571864097173449,TRACKING,5.55484242,5.55338317743232,91.5805462628147,-6.801379210300168,1.5259504621963147,nan,68.48
CRUISE,0.0,55.00067906726291,-54.53862822515688,-1.571864097173449,TRACKING,5.55486657,5.553234247050318,91.58550992376104,-6.690425805482948,1.5262498772209094,nan,68.5
CRUISE,0.0,55.00067906726291,-54.53862822515688,-1.571864097173449,TRACKING,5.55486657,5.553077332315892,91.59044038822478,-6.579474114599759,1.5265520890633786,nan,68.52300000000001
CRUISE,0.0,55.00067906726291,-54.53862822515688,-1.571864097173449,TRACKING,5.55489022,5.552985366478903,91.59533779885832,-6.468522928980192,1.5268587410662235,nan,68.54
CRUISE,0.0,55.00067906726291,-54.53862822515688,-1.571864097173449,TRACKING,5.55493604,5.554763556996021,91.6002025454217,-6.357546188447029,1.5271675635198778,nan,68.56
CRUISE,0.0,55.00067906726291,-54.53862822515688,-1.571864097173449,TRACKING,5.55495823,5.556411520665907,91.60503319275824,-6.246523220472218,1.5274744460333969,nan,68.58
CRUISE,0.0,55.00067906726291,-54.53862822515688,-1.571864097173449,TRACKING,5.55495823,5.5566444536937185,91.60983000042985,-6.13549393679328,1.5277813511625364,nan,68.601
CRUISE,0.0,55.00067906726291,-54.53862822515688,-1.571864097173449,TRACKING,5.55500124,5.556859889671706,91.61459283096269,-6.024458579508217,1.5280904972431706,nan,68.62
CRUISE,0.0,55.00067906726291,-54.53862822515688,-1.571864097173449,TRACKING,5.55500124,5.55701764827445,91.61932128391166,-5.91341836026467,1.5284035853699207,nan,68.64
CRUISE,0.0,55.00067906726291,-54.53862822515688,-1.571864097173449,TRACKING,5.55504248,5.556282536111694,91.62401423012122,-5.802390795523151,1.52871771223544,nan,68.662
CRUISE,0.0,55.00067906726291,-54.53862822515688,-1.571864097173449,TRACKING,5.55504248,5.556556730673052,91.62867262946651,-5.691357715574542,1.5290293789788854,nan,68.68
CRUISE,0.0,55.00067906726291,-54.53862822515688,-1.571864097173449,TRACKING,5.55506246,5.556577354196554,91.63329647146072,-5.580322592850174,1.5293409893433492,nan,68.7
CRUISE,0.0,55.00067906726291,-54.53862822515688,-1.571864097173449,TRACKING,5.55508201,5.556384912391765,91.63788508517477,-5.469289662612256,1.5296543310379462,nan,68.72
CRUISE,0.0,55.00067906726291,-54.53862822515688,-1.571864097173449,TRACKING,5.55510116,5.554198165432791,91.64243719580905,-5.358279599900666,1.5299709962241352,nan,68.74000000000001
CRUISE,0.0,55.00067906726291,-54.53862822515688,-1.571864097173449,TRACKING,5.55511991,5.553911984789819,91.64695341494472,-5.247292608766894,1.5302884852826613,nan,68.76
CRUISE,0.0,55.00067906726291,-54.53862822515688,-1.571864097173449,TRACKING,5.55515625,5.55367889473846,91.6514347705036,-5.136309123551821,1.5306035448409696,nan,68.78
CRUISE,0.0,55.00067906726291,-54.53862822515688,-1.571864097173449,TRACKING,5.55517385,5.553701372815115,91.65588134696611,-5.025323972351552,1.530918578187809,nan,68.80000000000001
CRUISE,0.0,55.00067906726291,-54.53862822515688,-1.571864097173449,TRACKING,5.55517385,5.553338244619711,91.66029304201263,-4.914342364537949,1.5312357463958945,nan,68.82000000000001
CRUISE,0.0,55.00067906726291,-54.53862822515688,-1.571864097173449,TRACKING,5.55519109,5.553204809182463,91.66466944406432,-4.803365042308198,1.5315569238757312,nan,68.84
CRUISE,0.0,55.00067906726291,-54.53862822515688,-1.571864097173449,TRACKING,5.55520796,5.548994197473726,91.66901222124653,-4.692455114571237,1.5319014982372219,nan,68.86
CRUISE,0.0,55.00067906726291,-54.53862822515688,-1.571864097173449,TRACKING,5.55522449,5.549850973466208,91.67331380176151,-4.581547569691955,1.5322907700340094,nan,68.88000000000001
CRUISE,0.0,55.00067906726291,-54.53862822515688,-1.571864097173449,TRACKING,5.55524066,5.550566332494162,91.67757168438453,-4.470624067474626,1.5327159488848252,nan,68.9
CRUISE,0.0,55.00067906726291,-54.53862822515688,-1.571864097173449,TRACKING,5.55527201,5.55557978979442,91.68178154448556,-4.359613683839752,1.5331694483311644,nan,68.92
CRUISE,0.0,55.00067906726291,-54.53862822515688,-1.571864097173449,TRACKING,5.5552872,5.559642328753844,91.68593955196366,-4.248517065140597,1.533646363343651,nan,68.94
CRUISE,0.0,55.00067906726291,-54.53862822515688,-1.571864097173449,TRACKING,5.5552872,5.5589201843618845,91.69004299770107,-4.137411994262429,1.534140759345273,nan,68.96000000000001
CRUISE,0.0,55.00067906726291,-54.53862822515688,-1.571864097173449,TRACKING,5.55531663,5.558905479362261,91.6940908143121,-4.026305963893248,1.5346474539375452,nan,68.98
CRUISE,0.0,55.00067906726291,-54.53862822515688,-1.571864097173449,TRACKING,5.55531663,5.558863554992129,91.6980817087582,-3.9151986408113064,1.5351654271045683,nan,69.0
CRUISE,0.0,55.00067906726291,-54.53862822515688,-1.571864097173449,TRACKING,5.55534485,5.557109225475502,91.70201419089351,-3.804121940089753,1.5356941562394018,nan,69.02000000000001
CRUISE,0.0,55.00067906726291,-54.53862822515688,-1.571864097173449,TRACKING,5.55535851,5.557209522994486,91.70588640569981,-3.6930470974650853,1.5362326871884664,nan,69.04
CRUISE,0.0,55.00067906726291,-54.53862822515688,-1.571864097173449,TRACKING,5.5553719,5.555531278390537,91.70969506355613,-3.5819910895848186,1.5367432467856212,nan,69.061
CRUISE,0.0,55.00067906726291,-54.53862822515688,-1.571864097173449,TRACKING,5.555385,5.556290123236509,91.71344971779209,-3.4709364966123233,1.5371786546995838,nan,69.08
CRUISE,0.0,55.00067906726291,-54.53862822515688,-1.571864097173449,TRACKING,5.55539783,5.557404593826973,91.71715954099766,-3.3598494819929994,1.5375602003102502,nan,69.10000000000001
CRUISE,0.0,55.00067906726291,-54.53862822515688,-1.571864097173449,TRACKING,5.55539783,5.556460076302563,91.72083011209261,-3.2487758732000125,1.5379041380663154,nan,69.12
CRUISE,0.0,55.00067906726291,-54.53862822515688,-1.571864097173449,TRACKING,5.55541039,5.555713532020556,91.72446471283043,-3.137717510411492,1.538221987519914,nan,69.14
CRUISE,0.0,55.00067906726291,-54.53862822515688,-1.571864097173449,TRACKING,5.55542269,5.554636176168517,91.72806579109296,-3.0266811017607047,1.538525223632478,nan,69.16000000000001
CRUISE,0.0,55.00067906726291,-54.53862822515688,-1.571864097173449,TRACKING,5.55544653,5.554409697901877,91.73163412896247,-2.915649421789657,1.5388220376456434,nan,69.18
CRUISE,0.0,55.00067906726291,-54.53862822515688,-1.571864097173449,TRACKING,5.55545807,5.553986851856146,91.735169724637,-2.8046255908864146,1.5391163786262347,nan,69.2
CRUISE,0.0,55.00067906726291,-54.53862822515688,-1.571864097173449,TRACKING,5.55546914,5.554001357710421,91.73867263093489,-2.6936008389627335,1.5394108002197882,nan,69.221
CRUISE,0.0,55.00067906726291,-54.53862822515688,-1.571864097173449,TRACKING,5.55546914,5.553825142261665,91.74214328710828,-2.5825788084724484,1.539706541553265,nan,69.24000000000001
CRUISE,0.0,55.00067906726291,-54.53862822515688,-1.571864097173449,TRACKING,5.55548021,5.555212642033971,91.74558212156046,-2.4715359650604367,1.5400019349793583,nan,69.26
CRUISE,0.0,55.00067906726291,-54.53862822515688,-1.571864097173449,TRACKING,5.55550167,5.556860126715434,91.74898852752959,-2.3604513709889394,1.540294422205021,nan,69.28
CRUISE,0.0,55.00067906726291,-54.53862822515688,-1.571864097173449,TRACKING,5.55550167,5.557056230355213,91.7523626051002,-2.249361530703524,1.5405866707505818,nan,69.301
CRUISE,0.0,55.00067906726291,-54.53862822515688,-1.571864097173449,TRACKING,5.55552224,5.557253473722857,91.75570426429239,-2.1382667654200747,1.5408806059242308,nan,69.32000000000001
CRUISE,0.0,55.00067906726291,-54.53862822515688,-1.571864097173449,TRACKING,5.55552224,5.557392603019843,91.75901319744796,-2.0271677345294496,1.5411779832733694,nan,69.34
CRUISE,0.0,55.00067906726291,-54.53862822515688,-1.571864097173449,TRACKING,5.55553271,5.5565624642685645,91.7622885126938,-1.9160845795224775,1.5414751004429899,nan,69.36
CRUISE,0.0,55.00067906726291,-54.53862822515688,-1.571864097173449,TRACKING,5.55555153,5.556827269203959,91.76553119122013,-1.8049958965177346,1.541768376129098,nan,69.38000000000001
CRUISE,0.0,55.00067906726291,-54.53862822515688,-1.571864097173449,TRACKING,5.55555153,5.557017666674059,91.76874149292787,-1.6939021175345155,1.5420605419785325,nan,69.4
CRUISE,0.0,55.00067906726291,-54.53862822515688,-1.571864097173449,TRACKING,5.55557004,5.556841811246254,91.77191898266689,-1.5828108855847227,1.5423537435475956,nan,69.42
CRUISE,0.0,55.00067906726291,-54.53862822515688,-1.571864097173449,TRACKING,5.55557901,5.554847279835398,91.77506265737128,-1.4717407143157952,1.5426495646764977,nan,69.44
CRUISE,0.0,55.00067906726291,-54.53862822515688,-1.571864097173449,TRACKING,5.55558779,5.554619197903578,91.77817295456192,-1.360691280711101,1.5429447146361055,nan,69.46000000000001
CRUISE,0.0,55.00067906726291,-54.53862822515688,-1.571864097173449,TRACKING,5.55558779,5.554370615620063,91.78125088082953,-1.249645941117611,1.5432357479279688,nan,69.48
CRUISE,0.0,55.00067906726291,-54.53862822515688,-1.571864097173449,TRACKING,5.55559639,5.5541649693137884,91.78429672573797,-1.1386042217495418,1.5435254705099803,nan,69.5
CRUISE,0.0,55.00067906726291,-54.53862822515688,-1.571864097173449,TRACKING,5.55561305,5.553992694523939,91.7873104783987,-1.0275618781107967,1.5438161446816125,nan,69.52000000000001
CRUISE,0.0,55.00067906726291,-54.53862822515688,-1.571864097173449,TRACKING,5.55562113,5.553677329005113,91.79029195239754,-0.9165288084493838,1.5441105331631817,nan,69.54
CRUISE,0.0,55.00067906726291,-54.53862822515688,-1.571864097173449,TRACKING,5.55562903,5.554724562376786,91.7932407197984,-0.8054723952093398,1.5444042683787875,nan,69.561
CRUISE,0.0,55.00067906726291,-54.53862822515688,-1.571864097173449,TRACKING,5.55562903,5.554453036169668,91.79615698946198,-0.6944209911844422,1.5446933415072595,nan,69.58
CRUISE,0.0,55.00067906726291,-54.53862822515688,-1.571864097173449,TRACKING,5.55563677,5.554297295032689,91.79904178023314,-0.5833724319173605,1.5449807750046847,nan,69.60000000000001
CRUISE,0.0,55.00067906726291,-54.53862822515688,-1.571864097173449,TRACKING,5.55564435,5.557148327962837,91.80189554066445,-0.4722871881551306,1.5452685624388067,nan,69.62
CRUISE,0.0,55.00067906726291,-54.53862822515688,-1.571864097173449,TRACKING,5.55565177,5.55739986577179,91.80471732556735,-0.36117472890716334,1.5455585778782912,nan,69.64
CRUISE,0.0,55.00067906726291,-54.53862822515688,-1.571864097173449,TRACKING,5.55566614,5.556587450257993,91.8075064351236,-0.25007806946325584,1.5458475852946005,nan,69.661
CRUISE,0.0,55.00067906726291,-54.53862822515688,-1.571864097173449,TRACKING,5.55566614,5.556862878236222,91.81026381869144,-0.13897565018061994,1.5461322258335484,nan,69.68
CRUISE,0.0,55.00067906726291,-54.53862822515688,-1.571864097173449,TRACKING,5.55567993,5.55705295574143,91.81298978851642,-0.027868427541832354,1.5464151129918553,nan,69.7
CRUISE,0.0,55.00067906726291,-54.53862822515688,-1.571864097173449,TRACKING,5.55567993,5.556967781065354,91.81568439183086,0.08323804802847085,1.5466985122284371,nan,69.721
CRUISE,0.0,55.00067906726291,-54.53862822515688,-1.571864097173449,TRACKING,5.5556866,5.556846634957781,91.81834723921867,0.19434284218562076,1.546984155648689,nan,69.74000000000001
CRUISE,0.0,55.00067906726291,-54.53862822515688,-1.571864097173449,TRACKING,5.55569954,5.556596435112073,91.82097814659276,0.3054433275911884,1.5472687759022425,nan,69.76
CRUISE,0.0,55.00067906726291,-54.53862822515688,-1.571864097173449,TRACKING,5.55569954,5.556848709201593,91.82357674488088,0.4165495615472431,1.5475485690618545,nan,69.78
CRUISE,0.0,55.00067906726291,-54.53862822515688,-1.571864097173449,TRACKING,5.55570581,5.554376378052635,91.82614431409588,0.5276142232433818,1.5478268384076934,nan,69.80000000000001
CRUISE,0.0,55.00067906726291,-54.53862822515688,-1.571864097173449,TRACKING,5.55571796,5.55447153087627,91.82868107021714,0.6386748965161929,1.5481055766154919,nan,69.82000000000001
CRUISE,0.0,55.00067906726291,-54.53862822515688,-1.571864097173449,TRACKING,5.55572384,5.554593115061776,91.83118682638938,0.7497389477807777,1.5483865873009584,nan,69.84
CRUISE,0.0,55.00067906726291,-54.53862822515688,-1.571864097173449,TRACKING,5.5557296,5.549880235149965,91.83366421398911,0.8607502144298276,1.5487026696737387,nan,69.861
CRUISE,0.0,55.00067906726291,-54.53862822515688,-1.571864097173449,TRACKING,5.55573524,5.540862612325315,91.83610169961649,0.9715789130416285,1.5491538626464698,nan,69.88000000000001
CRUISE,0.0,55.00067906726291,-54.53862822515688,-1.571864097173449,TRACKING,5.55573524,5.5428537916248395,91.83848005213264,1.082393354636601,1.5497356672892437,nan,69.9
CRUISE,0.0,55.00067906726291,-54.53862822515688,-1.571864097173449,TRACKING,5.55574617,5.544773774689232,91.84078698112181,1.1932519021331267,1.5504153949099595,nan,69.92
CRUISE,0.0,55.00067906726291,-54.53862822515688,-1.571864097173449,TRACKING,5.55574617,5.546298656735123,91.84301390174726,1.3041455070004146,1.5511703405142074,nan,69.94
CRUISE,0.0,55.00067906726291,-54.53862822515688,-1.571864097173449,TRACKING,5.55575665,5.55250045166675,91.84515417123194,1.4151607227748635,1.5519604192895204,nan,69.96000000000001
CRUISE,0.0,55.00067906726291,-54.53862822515688,-1.571864097173449,TRACKING,5.55576173,5.559905762518216,91.84720680106221,1.5263176375973777,1.5527517147491374,nan,69.98
CRUISE,0.0,55.00067906726291,-54.53862822515688,-1.571864097173449,TRACKING,5.55576173,5.5599537078666925,91.84917134708009,1.6374996766484675,1.5535455074519713,nan,70.0
CRUISE,0.0,55.00067906726291,-54.53862822515688,-1.571864097173449,TRACKING,5.5557667,5.55992366244002,91.8510474938537,1.7486826413810117,1.55434172504786,nan,70.02000000000001
CRUISE,0.0,55.00067906726291,-54.53862822515688,-1.571864097173449,TRACKING,5.55577157,5.5598768101489044,91.8528349947813,1.859866053285597,1.5551397744378677,nan,70.04
CRUISE,0.0,55.00067906726291,-54.53862822515688,-1.571864097173449,TRACKING,5.555781,5.556637953211887,91.85453321312752,1.970991167856824,1.5559232310101483,nan,70.06
CRUISE,0.0,55.00067906726291,-54.53862822515688,-1.571864097173449,TRACKING,5.555781,5.557398140580681,91.85614616094904,2.0821234379817843,1.5566775406312008,nan,70.08
CRUISE,0.0,55.00067906726291,-54.53862822515688,-1.571864097173449,TRACKING,5.55578557,5.5578799494569555,91.85767659385625,2.193267659244977,1.5574109451487796,nan,70.10000000000001
CRUISE,0.0,55.00067906726291,-54.53862822515688,-1.571864097173449,TRACKING,5.55579004,5.55822238176954,91.85912586595855,2.3044204353600346,1.5581287691221533,nan,70.12
CRUISE,0.0,55.00067906726291,-54.53862822515688,-1.571864097173449,TRACKING,5.55579871,5.555896197273499,91.8604949732935,2.415553902786243,1.5588347356933152,nan,70.14
CRUISE,0.0,55.00067906726291,-54.53862822515688,-1.571864097173449,TRACKING,5.55579871,5.555523586089863,91.86178605264062,2.5266497381277064,1.5595195664681534,nan,70.16000000000001
CRUISE,0.0,55.00067906726291,-54.53862822515688,-1.571864097173449,TRACKING,5.55580702,5.554796759487367,91.86300301885036,2.6377431317832816,1.560174029321969,nan,70.18
CRUISE,0.0,55.00067906726291,-54.53862822515688,-1.571864097173449,TRACKING,5.55581105,5.554317109929613,91.8641487322697,2.7488265867081316,1.5608063022735854,nan,70.2
CRUISE,0.0,55.00067906726291,-54.53862822515688,-1.571864097173449,TRACKING,5.55581499,5.553986921019097,91.86522535449761,2.859903316185719,1.5614220927076796,nan,70.22
CRUISE,0.0,55.00067906726291,-54.53862822515688,-1.571864097173449,TRACKING,5.55581885,5.5537361575256705,91.86623465717489,2.9709752604521698,1.5620255852349367,nan,70.24000000000001
CRUISE,0.0,55.00067906726291,-54.53862822515688,-1.571864097173449,TRACKING,5.55582263,5.555794975999201,91.86717805886374,3.082088489912287,1.562609143213506,nan,70.26
CRUISE,0.0,55.00067906726291,-54.53862822515688,-1.571864097173449,TRACKING,5.55582633,5.5551461650251674,91.86805815807733,3.193191733695347,1.5631647569764031,nan,70.28
CRUISE,0.0,55.00067906726291,-54.53862822515688,-1.571864097173449,TRACKING,5.55582633,5.554721921892041,91.8688777428292,3.3042858931706336,1.5636998603667203,nan,70.30000000000001
CRUISE,0.0,55.00067906726291,-54.53862822515688,-1.571864097173449,TRACKING,5.5558335,5.557227363695461,91.86963889150253,3.4154074073465632,1.5642197046734871,nan,70.32000000000001
CRUISE,0.0,55.00067906726291,-54.53862822515688,-1.571864097173449,TRACKING,5.5558335,5.557482270872285,91.8703429361741,3.5265532296196156,1.564727994631409,nan,70.34
CRUISE,0.0,55.00067906726291,-54.53862822515688,-1.571864097173449,TRACKING,5.55584037,5.555714591591223,91.87099108437627,3.6376656467414206,1.5652177145197976,nan,70.36
CRUISE,0.0,55.00067906726291,-54.53862822515688,-1.571864097173449,TRACKING,5.55584037,5.5562896252124645,91.87158626089911,3.7487864306278444,1.5656824666642706,nan,70.38000000000001
CRUISE,0.0,55.00067906726291,-54.53862822515688,-1.571864097173449,TRACKING,5.5558437,5.556670026431951,91.87213085989104,3.8599159827763936,1.5661287502063583,nan,70.4
CRUISE,0.0,55.00067906726291,-54.53862822515688,-1.571864097173449,TRACKING,5.55585016,5.556936253931309,91.87262666192,3.971051709738768,1.5665610767332476,nan,70.42
CRUISE,0.0,55.00067906726291,-54.53862822515688,-1.571864097173449,TRACKING,5.55585328,5.557140641876464,91.87307502415264,4.082192175267367,1.5669827544046544,nan,70.44
CRUISE,0.0,55.00067906726291,-54.53862822515688,-1.571864097173449,TRACKING,5.55585634,5.555604614640396,91.8734771364328,4.193311283999495,1.567387745272776,nan,70.46000000000001
CRUISE,0.0,55.00067906726291,-54.53862822515688,-1.571864097173449,TRACKING,5.55585934,5.556089683337827,91.87383535728264,4.304429760193768,1.5677705168506564,nan,70.48
CRUISE,0.0,55.00067906726291,-54.53862822515688,-1.571864097173449,TRACKING,5.55585934,5.55528558339385,91.87415192939334,4.415537862282007,1.568136815515781,nan,70.5
CRUISE,0.0,55.00067906726291,-54.53862822515688,-1.571864097173449,TRACKING,5.55586227,5.555067888135,91.87442853015406,4.526640565028219,1.5684906284745896,nan,70.52000000000001
CRUISE,0.0,55.00067906726291,-54.53862822515688,-1.571864097173449,TRACKING,5.55586515,5.554902348200935,91.87466637956125,4.637739533179854,1.5688348085888395,nan,70.54
CRUISE,0.0,55.00067906726291,-54.53862822515688,-1.571864097173449,TRACKING,5.55587071,5.556224197236102,91.87486660734447,4.748860556585829,1.5691642672321422,nan,70.56
CRUISE,0.0,55.00067906726291,-54.53862822515688,-1.571864097173449,TRACKING,5.55587071,5.555798243252841,91.87503138404279,4.8599790360781485,1.5694742441173226,nan,70.58
CRUISE,0.0,55.00067906726291,-54.53862822515688,-1.571864097173449,TRACKING,5.55587341,5.5555145670344865,91.87516257287982,4.971091213196254,1.5697696856600365,nan,70.60000000000001
CRUISE,0.0,55.00067906726291,-54.53862822515688,-1.571864097173449,TRACKING,5.55587864,5.555332839509146,91.87526154553194,5.0821993239323975,1.5700539791831147,nan,70.62100000000001
CRUISE,0.0,55.00067906726291,-54.53862822515688,-1.571864097173449,TRACKING,5.55587864,5.555277633872399,91.87532942518051,5.193306077513667,1.5703291189276976,nan,70.64
CRUISE,0.0,55.00067906726291,-54.53862822515688,-1.571864097173449,TRACKING,5.55588365,5.556468178815792,91.8753673680737,5.304432086256765,1.5705900238514052,nan,70.66000000000001
CRUISE,0.0,55.00067906726291,-54.53862822515688,-1.571864097173449,TRACKING,5.55588365,5.555698585312381,91.87537735040851,5.415546683881353,1.5708324052737426,nan,70.68
CRUISE,0.0,55.00067906726291,-54.53862822515688,-1.571864097173449,TRACKING,5.55588608,5.555961771031888,91.87536116852763,5.526664083928256,1.571060902207035,nan,70.7
CRUISE,0.0,55.00067906726291,-54.53862822515688,-1.571864097173449,TRACKING,5.55589078,5.556151179447475,91.8753201823053,5.6377856410203915,1.5712787435191822,nan,70.72
CRUISE,0.0,55.00067906726291,-54.53862822515688,-1.571864097173449,TRACKING,5.55589306,5.5562861736556695,91.87525544528339,5.748910210262992,1.5714882469460483,nan,70.741
CRUISE,0.0,55.00067906726291,-54.53862822515688,-1.571864097173449,TRACKING,5.55589306,5.555603819949875,91.87516789125301,5.86002149585657,1.571687156046789,nan,70.76
CRUISE,0.0,55.00067906726291,-54.53862822515688,-1.571864097173449,TRACKING,5.55589529,5.555865133593637,91.87505893416561,5.971137025286887,1.5718734015523215,nan,70.78
CRUISE,0.0,55.00067906726291,-54.53862822515688,-1.571864097173449,TRACKING,5.55589747,5.556039932586469,91.87492981204143,6.082256448076589,1.5720500319509079,nan,70.80000000000001
CRUISE,0.0,55.00067906726291,-54.53862822515688,-1.571864097173449,TRACKING,5.55589961,5.556149987998792,91.8747814757195,6.193378336601118,1.5722191264685628,nan,70.82000000000001
CRUISE,0.0,55.00067906726291,-54.53862822515688,-1.571864097173449,TRACKING,5.55590376,5.555649096665939,91.87461468217664,6.3044962118843415,1.5723821491378096,nan,70.84
CRUISE,0.0,55.00067906726291,-54.53862822515688,-1.571864097173449,TRACKING,5.55590376,5.556375862808526,91.87443018415419,6.415620839654053,1.5725359623152553,nan,70.86
CRUISE,0.0,55.00067906726291,-54.53862822515688,-1.571864097173449,TRACKING,5.55590576,5.556126605660381,91.87422929204426,6.52674484542678,1.5726776512639067,nan,70.88000000000001
CRUISE,0.0,55.00067906726291,-54.53862822515688,-1.571864097173449,TRACKING,5.55590966,5.5559657531868485,91.87401317162724,6.637865201980444,1.5728101064093196,nan,70.9
CRUISE,0.0,55.00067906726291,-54.53862822515688,-1.571864097173449,TRACKING,5.55591154,5.555864866094209,91.87378273616113,6.748983237300322,1.572935286615915,nan,70.92
CRUISE,0.0,55.00067906726291,-54.53862822515688,-1.571864097173449,TRACKING,5.55591339,5.555785914011881,91.87353871680622,6.860099473374039,1.5730545871148232,nan,70.94
CRUISE,0.0,55.00067906726291,-54.53862822515688,-1.571864097173449,TRACKING,5.55591339,5.556421240695966,91.87328178450541,6.971228235401069,1.5731656566525696,nan,70.96000000000001
CRUISE,0.0,55.00067906726291,-54.53862822515688,-1.571864097173449,TRACKING,5.55591519,5.556214434436315,91.87301309645167,7.082353620269781,1.57326627107656,nan,70.98
CRUISE,0.0,55.00067906726291,-54.53862822515688,-1.571864097173449,TRACKING,5.55591696,5.556082230865393,91.87273367705899,7.193476000904975,1.5733588589481955,nan,71.0
CRUISE,0.0,55.00067906726291,-54.53862822515688,-1.571864097173449,TRACKING,5.55591869,5.555859209265628,91.87244432339598,7.3045949626211035,1.5734450611806858,nan,71.02000000000001
CRUISE,0.0,55.00067906726291,-54.53862822515688,-1.571864097173449,TRACKING,5.55592205,5.555914217015703,91.87214567874734,7.415712165641735,1.573526070368429,nan,71.04
CRUISE,0.0,55.00067906726291,-54.53862822515688,-1.571864097173449,TRACKING,5.55592205,5.5554182252932005,91.87183832703538,7.526819442277494,1.5736000517799027,nan,71.06
CRUISE,0.0,55.00067906726291,-54.53862822515688,-1.571864097173449,TRACKING,5.55592368,5.555587045974836,91.87152324211208,7.637929553416649,1.5736653458635168,nan,71.08
CRUISE,0.0,55.00067906726291,-54.53862822515688,-1.571864097173449,TRACKING,5.55592527,5.555693011392066,91.87120125911706,7.749042034633175,1.5737238926728503,nan,71.10000000000001
CRUISE,0.0,55.00067906726291,-54.53862822515688,-1.571864097173449,TRACKING,5.55592835,5.555761798994243,91.87087306020453,7.860156055818855,1.5737770127487904,nan,71.12
CRUISE,0.0,55.00067906726291,-54.53862822515688,-1.571864097173449,TRACKING,5.55592835,5.555817481954006,91.87053920743216,7.971271304792511,1.5738256763537466,nan,71.14
CRUISE,0.0,55.00067906726291,-54.53862822515688,-1.571864097173449,TRACKING,5.55593131,5.55543278210432,91.87020019742135,8.082379299660042,1.5738685004613058,nan,71.161
CRUISE,0.0,55.00067906726291,-54.53862822515688,-1.571864097173449,TRACKING,5.55593131,5.555584982925212,91.8698568308604,8.19348932007339,1.573904237536256,nan,71.18
CRUISE,0.0,55.00067906726291,-54.53862822515688,-1.571864097173449,TRACKING,5.55593275,5.556651486522002,91.86950986237744,8.304614667309373,1.5739317211664023,nan,71.2
CRUISE,0.0,55.00067906726291,-54.53862822515688,-1.571864097173449,TRACKING,5.55593415,5.556492365528734,91.86916038441115,8.415745218191924,1.5739500949194203,nan,71.22
CRUISE,0.0,55.00067906726291,-54.53862822515688,-1.571864097173449,TRACKING,5.55593552,5.55630737612671,91.86880922300818,8.52687164719487,1.5739623608818278,nan,71.24000000000001
CRUISE,0.0,55.00067906726291,-54.53862822515688,-1.571864097173449,TRACKING,5.55593687,5.5561843312777635,91.86845693765389,8.637995332618024,1.5739705522550718,nan,71.26
CRUISE,0.0,55.00067906726291,-54.53862822515688,-1.571864097173449,TRACKING,5.55593947,5.556102375899988,91.8681039019091,8.749117192641583,1.5739760194796633,nan,71.28
CRUISE,0.0,55.00067906726291,-54.53862822515688,-1.571864097173449,TRACKING,5.55593947,5.556048375176855,91.86775036529129,8.860237844119002,1.5739796690225847,nan,71.30000000000001
CRUISE,0.0,55.00067906726291,-54.53862822515688,-1.571864097173449,TRACKING,5.55594197,5.556012818654816,91.86739649423949,8.971357701321077,1.5739821053751615,nan,71.32000000000001
CRUISE,0.0,55.00067906726291,-54.53862822515688,-1.571864097173449,TRACKING,5.55594197,5.555989260547857,91.86704239992567,9.08247703279827,1.5739837321270898,nan,71.34
CRUISE,0.0,55.00067906726291,-54.53862822515688,-1.571864097173449,TRACKING,5.55594318,5.555967007440036,91.86668815648251,9.193595949378334,1.5739848182793597,nan,71.36
CRUISE,0.0,55.00067906726291,-54.53862822515688,-1.571864097173449,TRACKING,5.55594437,5.555929324370571,91.86633381343216,9.30471392201059,1.5739855425364202,nan,71.38000000000001
CRUISE,0.0,55.00067906726291,-54.53862822515688,-1.571864097173449,TRACKING,5.55594553,5.555937503287792,91.86597940378086,9.41583207406107,1.573986026121223,nan,71.4
CRUISE,0.0,55.00067906726291,-54.53862822515688,-1.571864097173449,TRACKING,5.55594667,5.555320074868861,91.86562501328606,9.5269377024374,1.573983211110545,nan,71.42
CRUISE,0.0,55.00067906726291,-54.53862822515688,-1.571864097173449,TRACKING,5.55594887,5.555431060013529,91.86527128320533,9.638044923549913,1.5739742562082726,nan,71.44
CRUISE,0.0,55.00067906726291,-54.53862822515688,-1.571864097173449,TRACKING,5.55594993,5.555507278888604,91.86491883687904,9.749152654847423,1.5739597126119427,nan,71.46000000000001
CRUISE,0.0,55.00067906726291,-54.53862822515688,-1.571864097173449,TRACKING,5.55595098,5.555642526876138,91.86456830801102,9.860263983482268,1.5739398377236848,nan,71.48
CRUISE,0.0,55.00067906726291,-54.53862822515688,-1.571864097173449,TRACKING,5.55595098,5.555747687927219,91.8642202278659,9.97137761806532,1.573915711887593,nan,71.5
CRUISE,0.0,55.00067906726291,-54.53862822515688,-1.571864097173449,TRACKING,5.555952,5.555819100803612,91.86387502221811,10.082492826945687,1.5738881113725804,nan,71.52000000000001
CRUISE,0.0,55.00067906726291,-54.53862822515688,-1.571864097173449,TRACKING,5.555953,5.5560297519328525,91.86353304626628,10.193611636773868,1.5738575828790133,nan,71.54
CRUISE,0.0,55.00067906726291,-54.53862822515688,-1.571864097173449,TRACKING,5.55595494,5.556044095053756,91.86319460665837,10.304732497147008,1.5738242614034177,nan,71.561
CRUISE,0.0,55.00067906726291,-54.53862822515688,-1.571864097173449,TRACKING,5.55595494,5.556024090986392,91.86286002459117,10.41585300447687,1.5737880392256238,nan,71.58
CRUISE,0.0,55.00067906726291,-54.53862822515688,-1.571864097173449,TRACKING,5.55595588,5.555986625062743,91.86252960621029,10.526972123549026,1.5737493976999628,nan,71.60000000000001
CRUISE,0.0,55.00067906726291,-54.53862822515688,-1.571864097173449,TRACKING,5.55595769,5.556077927482038,91.86220356237973,10.638092235191204,1.5737089275712706,nan,71.62
CRUISE,0.0,55.00067906726291,-54.53862822515688,-1.571864097173449,TRACKING,5.55595857,5.556311725526131,91.86188210673915,10.749218231367944,1.5736667587950297,nan,71.64
CRUISE,0.0,55.00067906726291,-54.53862822515688,-1.571864097173449,TRACKING,5.55595857,5.556276561334433,91.86156541756341,10.860343500560003,1.573623191423109,nan,71.66000000000001
CRUISE,0.0,55.00067906726291,-54.53862822515688,-1.571864097173449,TRACKING,5.55596028,5.556279266900146,91.8612536295289,10.971468798565072,1.5735785012154861,nan,71.68
CRUISE,0.0,55.00067906726291,-54.53862822515688,-1.571864097173449,TRACKING,5.55596028,5.556280788315588,91.8609468649913,11.082594136441296,1.5735327337565306,nan,71.7
CRUISE,0.0,55.00067906726291,-54.53862822515688,-1.571864097173449,TRACKING,5.55596111,5.55568131094277,91.86064524239497,11.19371126982572,1.5734858881470193,nan,71.72
CRUISE,0.0,55.00067906726291,-54.53862822515688,-1.571864097173449,TRACKING,5.55596271,5.5556294087288105,91.86034890047642,11.304823318392874,1.573437948104789,nan,71.74000000000001
CRUISE,0.0,55.00067906726291,-54.53862822515688,-1.571864097173449,TRACKING,5.55596271,5.555664656289957,91.86005794651774,11.415936107433405,1.5733891151869084,nan,71.76
CRUISE,0.0,55.00067906726291,-54.53862822515688,-1.571864097173449,TRACKING,5.55596349,5.555655712896845,91.8597724542756,11.527048794036547,1.5733396021131563,nan,71.78
CRUISE,0.0,55.00067906726291,-54.53862822515688,-1.571864097173449,TRACKING,5.55596425,5.555673376057621,91.85949250280653,11.638161556643892,1.5732893344177354,nan,71.80000000000001
CRUISE,0.0,55.00067906726291,-54.53862822515688,-1.571864097173449,TRACKING,5.55596573,5.555814629198931,91.85921818117541,11.74927761055368,1.5732381205822,nan,71.82000000000001
CRUISE,0.0,55.00067906726291,-54.53862822515688,-1.571864097173449,TRACKING,5.55596646,5.555776561072063,91.85894960961316,11.86039298953104,1.5731858780531096,nan,71.84
CRUISE,0.0,55.00067906726291,-54.53862822515688,-1.571864097173449,TRACKING,5.55596646,5.5557424539245,91.8586868820016,11.97150762737921,1.5731329964339165,nan,71.86
CRUISE,0.0,55.00067906726291,-54.53862822515688,-1.571864097173449,TRACKING,5.55596781,5.555752490964672,91.85843005411776,12.082622459094312,1.5730796330833072,nan,71.88000000000001
CRUISE,0.0,55.00067906726291,-54.53862822515688,-1.571864097173449,TRACKING,5.55596781,5.556180477437113,91.85817917863031,12.193744495683111,1.5730256853456714,nan,71.9
CRUISE,0.0,55.00067906726291,-54.53862822515688,-1.571864097173449,TRACKING,5.55596914,5.556177931863465,91.8579343222195,12.304867644724576,1.5729710489661848,nan,71.92
CRUISE,0.0,55.00067906726291,-54.53862822515688,-1.571864097173449,TRACKING,5.55596979,5.556197097015296,91.85769557231698,12.415991198174154,1.5729157413619672,nan,71.941
CRUISE,0.0,55.00067906726291,-54.53862822515688,-1.571864097173449,TRACKING,5.5559704,5.556219164455104,91.85746299465765,12.527115241095014,1.5728599333336677,nan,71.96000000000001
CRUISE,0.0,55.00067906726291,-54.53862822515688,-1.571864097173449,TRACKING,5.5559704,5.556291399640214,91.85723663944297,12.638240282423542,1.5728036909793184,nan,71.98
CRUISE,0.0,55.00067906726291,-54.53862822515688,-1.571864097173449,TRACKING,5.55597102,5.556329522934587,91.85701656353098,12.749366738726675,1.5727467944138942,nan,72.0
CRUISE,0.0,55.00067906726291,-54.53862822515688,-1.571864097173449,TRACKING,5.55597162,5.556308094655879,91.85680285207609,12.860492793607742,1.5726891723759864,nan,72.02000000000001
CRUISE,0.0,55.00067906726291,-54.53862822515688,-1.571864097173449,TRACKING,5.55597278,5.556337462247879,91.85659557742214,12.971619442014152,1.5726308469261063,nan,72.04
CRUISE,0.0,55.00067906726291,-54.53862822515688,-1.571864097173449,TRACKING,5.55597335,5.55617639775192,91.85639482084402,13.08274382244237,1.5725720152563938,nan,72.06
CRUISE,0.0,55.00067906726291,-54.53862822515688,-1.571864097173449,TRACKING,5.55597391,5.555645309644213,91.85620061256033,13.193856581563903,1.5725129823199093,nan,72.08
CRUISE,0.0,55.00067906726291,-54.53862822515688,-1.571864097173449,TRACKING,5.55597444,5.555656487663405,91.85601299967958,13.304969503942678,1.572453595019822,nan,72.10000000000001
CRUISE,0.0,55.00067906726291,-54.53862822515688,-1.571864097173449,TRACKING,5.55597444,5.555645197555387,91.85583200248583,13.416082215572011,1.572393869523007,nan,72.12
CRUISE,0.0,55.00067906726291,-54.53862822515688,-1.571864097173449,TRACKING,5.55597549,5.5556388259519816,91.85565766352674,13.527194796903572,1.5723337205439296,nan,72.14
CRUISE,0.0,55.00067906726291,-54.53862822515688,-1.571864097173449,TRACKING,5.55597549,5.55568292700252,91.85549002408898,13.63830830943604,1.5722733864529153,nan,72.16000000000001
CRUISE,0.0,55.00067906726291,-54.53862822515688,-1.571864097173449,TRACKING,5.55597601,5.555677855477276,91.85532908404517,13.74942175458477,1.5722130980351106,nan,72.18100000000001
CRUISE,0.0,55.00067906726291,-54.53862822515688,-1.571864097173449,TRACKING,5.555977,5.555692714553727,91.85517484747784,13.860535515374396,1.5721526949867566,nan,72.20100000000001
CRUISE,0.0,55.00067906726291,-54.53862822515688,-1.571864097173449,TRACKING,5.55597748,5.555701252966859,91.8550273335086,13.971649474699626,1.5720920606300328,nan,72.22
CRUISE,0.0,55.00067906726291,-54.53862822515688,-1.571864097173449,TRACKING,5.55597748,5.556049781992964,91.85488657145358,14.082766986360253,1.572031133047273,nan,72.24000000000001
CRUISE,0.0,55.00067906726291,-54.53862822515688,-1.571864097173449,TRACKING,5.55597795,5.556253687080224,91.85475258171513,14.19389192423839,1.571970192892003,nan,72.26
CRUISE,0.0,55.00067906726291,-54.53862822515688,-1.571864097173449,TRACKING,5.55597886,5.556273014386449,91.85462534101663,14.305017271133053,1.5719094970501022,nan,72.28
CRUISE,0.0,55.00067906726291,-54.53862822515688,-1.571864097173449,TRACKING,5.55597886,5.5562821466245955,91.85450483945938,14.416142839358525,1.5718488815964418,nan,72.30000000000001
CRUISE,0.0,55.00067906726291,-54.53862822515688,-1.571864097173449,TRACKING,5.55597973,5.556282603985697,91.85439107344466,14.527268417224677,1.5717882486862267,nan,72.32000000000001
CRUISE,0.0,55.00067906726291,-54.53862822515688,-1.571864097173449,TRACKING,5.55597973,5.556289263094318,91.85428404893571,14.638394158723198,1.5717275362896956,nan,72.34
CRUISE,0.0,55.00067906726291,-54.53862822515688,-1.571864097173449,TRACKING,5.55598057,5.556226397704922,91.85418376686485,14.749518618406995,1.5716670592976805,nan,72.36
CRUISE,0.0,55.00067906726291,-54.53862822515688,-1.571864097173449,TRACKING,5.55598057,5.556244276172413,91.8540901755831,14.860643402561266,1.5716071024358782,nan,72.38000000000001
CRUISE,0.0,55.00067906726291,-54.53862822515688,-1.571864097173449,TRACKING,5.55598097,5.556254384493449,91.85400322864098,14.97176842089821,1.5715474678541068,nan,72.4
CRUISE,0.0,55.00067906726291,-54.53862822515688,-1.571864097173449,TRACKING,5.55598137,5.555703155369061,91.85392289724129,15.082887430860959,1.5714880390104424,nan,72.42
CRUISE,0.0,55.00067906726291,-54.53862822515688,-1.571864097173449,TRACKING,5.55598214,5.512762387701268,91.8538495275469,15.193441972818672,1.5714291141563625,nan,72.441
CRUISE,0.0,55.00067906726291,-54.53862822515688,-1.571864097173449,TRACKING,5.55598214,5.4526857767015455,91.85378334207965,15.302795519923238,1.5713713834401495,nan,72.46000000000001
CRUISE,0.0,55.00067906726291,-54.53862822515688,-1.571864097173449,TRACKING,5.49898214,5.395261705443262,91.85372402008181,15.410998342184033,1.5713150761318109,nan,72.48
CRUISE,0.0,55.00067906726291,-54.53862822515688,-1.571864097173449,TRACKING,5.43898214,5.3352463272051365,91.85367131728911,15.518003420712127,1.5712599600621093,nan,72.5
CRUISE,0.0,55.00067906726291,-54.53862822515688,-1.571864097173449,TRACKING,5.32198214,5.275239815583772,91.85362498520738,15.62380834328572,1.5712058535397497,nan,72.52000000000001
CRUISE,0.0,55.00067906726291,-54.53862822515688,-1.571864097173449,TRACKING,5.32198214,5.215362322460086,91.85358479276053,15.72841445654655,1.571152649808079,nan,72.54
CRUISE,0.0,55.00067906726291,-54.53862822515688,-1.571864097173449,TRACKING,5.26198214,5.155824272284461,91.85355051018557,15.831831170073558,1.5711006507329022,nan,72.56
CRUISE,0.0,55.00067906726291,-54.53862822515688,-1.571864097173449,TRACKING,5.20198214,5.095788965271934,91.85352186631845,15.934047203945514,1.57105010833677,nan,72.58
CRUISE,0.0,55.00067906726291,-54.53862822515688,-1.571864097173449,TRACKING,5.14198214,5.035765364602645,91.85349860524165,16.035062718387273,1.5710007422375774,nan,72.60000000000001
CRUISE,0.0,55.00067906726291,-54.53862822515688,-1.571864097173449,TRACKING,5.08198214,4.975752325814088,91.85348049835295,16.134877946441744,1.5709523888026677,nan,72.62
CRUISE,0.0,55.00067906726291,-54.53862822515688,-1.571864097173449,TRACKING,4.96198214,4.915742661083644,91.85346733320954,16.233492968245013,1.5709049640054613,nan,72.64
CRUISE,0.0,55.00067906726291,-54.53862822515688,-1.571864097173449,TRACKING,4.90198214,4.855793591174434,91.85345889828233,16.330909072415125,1.5708587283434454,nan,72.66000000000001
CRUISE,0.0,55.00067906726291,-54.53862822515688,-1.571864097173449,TRACKING,4.84198214,4.795759163123881,91.85345494988339,16.427124506772277,1.5708138775756,nan,72.68
CRUISE,0.0,55.00067906726291,-54.53862822515688,-1.571864097173449,TRACKING,4.78198214,4.735735545908597,91.85345525989392,16.522139422295645,1.5707701451128826,nan,72.7
CRUISE,0.0,55.00067906726291,-54.53862822515688,-1.571864097173449,TRACKING,4.78198214,4.6757248033857515,91.85345962462752,16.615954100043908,1.5707273883624657,nan,72.72
CRUISE,0.0,55.00067906726291,-54.53862822515688,-1.571864097173449,TRACKING,4.66198214,4.615765272849491,91.85346784547143,16.708569637179483,1.5706858142411368,nan,72.74000000000001
CRUISE,0.0,55.00067906726291,-54.53862822515688,-1.571864097173449,TRACKING,4.60198214,4.5556690801304125,91.85347970000797,16.799983919480432,1.5706455791341607,nan,72.76
CRUISE,0.0,55.00067906726291,-54.53862822515688,-1.571864097173449,TRACKING,4.60198214,4.495645442683351,91.85349498021743,16.890196688008206,1.570606428989916,nan,72.78
CRUISE,0.0,55.00067906726291,-54.53862822515688,-1.571864097173449,TRACKING,4.54198214,4.435650787398881,91.85351350274958,16.97920958834123,1.5705681775519447,nan,72.80000000000001
CRUISE,0.0,55.00067906726291,-54.53862822515688,-1.571864097173449,TRACKING,4.42198214,4.375644225813551,91.85353509960244,17.06702236587257,1.5705307578080963,nan,72.82000000000001
CRUISE,0.0,55.00067906726291,-54.53862822515688,-1.571864097173449,TRACKING,4.36198214,4.3156273988665115,91.85355960625748,17.153634797891574,1.5704942284191128,nan,72.84
CRUISE,0.0,55.00067906726291,-54.53862822515688,-1.571864097173449,TRACKING,4.30198214,4.255595053667027,91.85358685117042,17.23904655590746,1.5704587831098957,nan,72.86
CRUISE,0.0,55.00067906726291,-54.53862822515688,-1.571864097173449,TRACKING,4.24198214,4.195596711061143,91.85361664963996,17.323258328018184,1.570424525899766,nan,72.88000000000001
CRUISE,0.0,55.00067906726291,-54.53862822515688,-1.571864097173449,TRACKING,4.18198214,4.135406533348135,91.85364882311238,17.40626819106515,1.570391371224578,nan,72.9
CRUISE,0.0,55.00067906726291,-54.53862822515688,-1.571864097173449,TRACKING,4.18198214,4.075370959295859,91.85368320312902,17.488075744022723,1.5703592544448521,nan,72.92
CRUISE,0.0,55.00067906726291,-54.53862822515688,-1.571864097173449,TRACKING,4.12198214,4.015418632535795,91.85371962447626,17.56868426765089,1.5703283514519977,nan,72.94
CRUISE,0.0,55.00067906726291,-54.53862822515688,-1.571864097173449,TRACKING,4.00198214,3.955571662974672,91.85375790661445,17.648094232737915,1.5702987411580411,nan,72.96000000000001
CRUISE,0.0,55.00067906726291,-54.53862822515688,-1.571864097173449,TRACKING,4.00198214,3.895679732295987,91.85379788419083,17.726306485487957,1.5702702804553959,nan,72.98
CRUISE,0.0,55.00067906726291,-54.53862822515688,-1.571864097173449,TRACKING,3.88198214,3.8356854740888338,91.8538393959852,17.803320407625424,1.5702430422659235,nan,73.0
CRUISE,0.0,55.00067906726291,-54.53862822515688,-1.571864097173449,TRACKING,3.82198214,3.775681592448183,91.85388228119191,17.879134255578347,1.5702170546639327,nan,73.02000000000001
CRUISE,0.0,55.00067906726291,-54.53862822515688,-1.571864097173449,TRACKING,3.76198214,3.7156757553074256,91.8539263826952,17.953747985235154,1.570192314971871,nan,73.04
CRUISE,0.0,55.00067906726291,-54.53862822515688,-1.571864097173449,TRACKING,3.76198214,3.6556686095264186,91.85397154851555,18.027161567183953,1.5701688013742148,nan,73.06
CRUISE,0.0,55.00067906726291,-54.53862822515688,-1.571864097173449,TRACKING,3.70198214,3.5956606385973777,91.85401763315348,18.099374982722765,1.5701464790179407,nan,73.08
CRUISE,0.0,55.00067906726291,-54.53862822515688,-1.571864097173449,TRACKING,3.58198214,3.536198135076643,91.8540644447311,18.17039980143452,1.5701282255990208,nan,73.10000000000001
CRUISE,0.0,55.00067906726291,-54.53862822515688,-1.571864097173449,TRACKING,3.52198214,3.4759521287605937,91.85411151577999,18.240219929370053,1.570116233070905,nan,73.12
CRUISE,0.0,55.00067906726291,-54.53862822515688,-1.571864097173449,TRACKING,3.52198214,3.415790546575318,91.85415845480516,18.308836447583065,1.570108364905437,nan,73.14
CRUISE,0.0,55.00067906726291,-54.53862822515688,-1.571864097173449,TRACKING,3.46198214,3.3556843717990605,91.85420500902548,18.3762505942416,1.5701032043845435,nan,73.16000000000001
CRUISE,0.0,55.00067906726291,-54.53862822515688,-1.571864097173449,TRACKING,3.40198214,3.2956145987736494,91.85425101539272,18.44246318266595,1.570099820474501,nan,73.18
CRUISE,0.0,55.00067906726291,-54.53862822515688,-1.571864097173449,TRACKING,3.34198214,3.2355686989236756,91.85429636879199,18.5074747464188,1.570097602142794,nan,73.2
CRUISE,0.0,55.00067906726291,-54.53862822515688,-1.571864097173449,TRACKING,3.22198214,3.1755384589267788,91.85434100164407,18.57128563550534,1.570096148423763,nan,73.22
CRUISE,0.0,55.00067906726291,-54.53862822515688,-1.571864097173449,TRACKING,3.22198214,3.1155184989585822,91.85438487011778,18.633896079613628,1.5700951961775318,nan,73.24000000000001
CRUISE,0.0,55.00067906726291,-54.53862822515688,-1.571864097173449,TRACKING,3.16198214,3.0555052924287947,91.85442794595325,18.69530622961979,1.5700945726547606,nan,73.26
CRUISE,0.0,55.00067906726291,-54.53862822515688,-1.571864097173449,TRACKING,3.04198214,2.9954967519331466,91.85447021095865,18.75551618693844,1.570094164531854,nan,73.28
CRUISE,0.0,55.00067906726291,-54.53862822515688,-1.571864097173449,TRACKING,3.04198214,2.935491881812648,91.85451165342234,18.814526031774943,1.5700938975155398,nan,73.30000000000001
CRUISE,0.0,55.00067906726291,-54.53862822515688,-1.571864097173449,TRACKING,2.92198214,2.8754887044998627,91.85455226581549,18.872335805801292,1.5700937229325653,nan,73.32000000000001
CRUISE,0.0,55.00067906726291,-54.53862822515688,-1.571864097173449,TRACKING,2.86198214,2.8154866364418156,91.85459204331138,18.92894553378254,1.5700936088655824,nan,73.34
CRUISE,0.0,55.00067906726291,-54.53862822515688,-1.571864097173449,TRACKING,2.86198214,2.7554852940827703,91.85463098281757,18.984355231969214,1.57009353435736,nan,73.36
CRUISE,0.0,55.00067906726291,-54.53862822515688,-1.571864097173449,TRACKING,2.80198214,2.695484500594117,91.85466908233866,19.038564911710882,1.5700934857189834,nan,73.38000000000001
CRUISE,0.0,55.00067906726291,-54.53862822515688,-1.571864097173449,TRACKING,2.68198214,2.6354842664554234,91.85470634058302,19.091574584706947,1.5700934539792557,nan,73.4
CRUISE,0.0,55.00067906726291,-54.53862822515688,-1.571864097173449,TRACKING,2.62198214,2.5754842014104353,91.85474275674548,19.14338425629627,1.5700934332849592,nan,73.421
CRUISE,0.0,55.00067906726291,-54.53862822515688,-1.571864097173449,TRACKING,2.56198214,2.5154841114863036,91.85477833030829,19.193993926501523,1.5700934198072365,nan,73.441
CRUISE,0.0,55.00067906726291,-54.53862822515688,-1.571864097173449,TRACKING,2.56198214,2.4554840012413828,91.85481306094195,19.24340359489372,1.5700934110456701,nan,73.46000000000001
CRUISE,0.0,55.00067906726291,-54.53862822515688,-1.571864097173449,TRACKING,2.44198214,2.395483925609466,91.8548469484323,19.291613261646763,1.570093405362343,nan,73.48
CRUISE,0.0,55.00067906726291,-54.53862822515688,-1.571864097173449,TRACKING,2.38198214,2.335483936838716,91.85487999263717,19.338622928740207,1.5700934016823282,nan,73.5
CRUISE,0.0,55.00067906726291,-54.53862822515688,-1.571864097173449,TRACKING,2.38198214,2.2754839295641496,91.85491219346898,19.384432596070344,1.5700933993063864,nan,73.52000000000001
CRUISE,0.0,55.00067906726291,-54.53862822515688,-1.571864097173449,TRACKING,2.26198214,2.215483908414865,91.85494355087236,19.4290422633382,1.5700933977785083,nan,73.54
CRUISE,0.0,55.00067906726291,-54.53862822515688,-1.571864097173449,TRACKING,2.20198214,2.1554839135260933,91.85497406481139,19.47245193075097,1.570093396800599,nan,73.56
CRUISE,0.0,55.00067906726291,-54.53862822515688,-1.571864097173449,GOAL_REACHED,2.14198214,2.0954839296723993,91.8550037352626,19.514661598861057,1.5700933961776804,nan,73.58
CRUISE,0.0,55.00067906726291,-54.53862822515688,-1.571864097173449,GOAL_REACHED,2.14198214,2.0354839266677387,91.85503256221232,19.55567126730025,1.570093395783724,nan,73.60000000000001
CRUISE,0.0,55.00067906726291,-54.53862822515688,-1.571864097173449,GOAL_REACHED,2.02198214,1.97548390685529,91.85506054565211,19.595480935720722,1.5700933955368213,nan,73.62
CRUISE,0.0,55.00067906726291,-54.53862822515688,-1.571864097173449,GOAL_REACHED,1.96198214,1.9154838726474481,91.85508768557688,19.634090603822468,1.570093395383811,nan,73.64
CRUISE,0.0,55.00067906726291,-54.53862822515688,-1.571864097173449,GOAL_REACHED,1.96198214,1.8554838263542528,91.85511398198365,19.67150027135236,1.570093395290257,nan,73.66000000000001
CRUISE,0.0,55.00067906726291,-54.53862822515688,-1.571864097173449,GOAL_REACHED,1.90198214,1.7954838053197961,91.85513943487182,19.707709938498947,1.5700933952345817,nan,73.68
CRUISE,0.0,55.00067906726291,-54.53862822515688,-1.571864097173449,GOAL_REACHED,1.78198214,1.7354838115694995,91.85516404424295,19.74271960605715,1.5700933952040839,nan,73.7
CRUISE,0.0,55.00067906726291,-54.53862822515688,-1.571864097173449,GOAL_REACHED,1.78198214,1.6754838122186968,91.85518781009685,19.776529273951972,1.570093395189676,nan,73.72
CRUISE,0.0,55.00067906726291,-54.53862822515688,-1.571864097173449,GOAL_REACHED,1.66198214,1.6154838079949922,91.85521073243343,19.809138942082186,1.5700933951855036,nan,73.74000000000001
CRUISE,0.0,55.00067906726291,-54.53862822515688,-1.571864097173449,GOAL_REACHED,1.60198214,1.5554837996110642,91.85523281125272,19.840548610361147,1.5700933951878357,nan,73.76
CRUISE,0.0,55.00067906726291,-54.53862822515688,-1.571864097173449,GOAL_REACHED,1.54198214,1.4954837877717704,91.85525404655482,19.870758278716217,1.5700933951943117,nan,73.78
CRUISE,0.0,55.00067906726291,-54.53862822515688,-1.571864097173449,GOAL_REACHED,1.48198214,1.4354837731542607,91.85527443833985,19.89976794708846,1.5700933952034337,nan,73.80000000000001
CRUISE,0.0,55.00067906726291,-54.53862822515688,-1.571864097173449,GOAL_REACHED,1.48198214,1.375483756390916,91.85529398660796,19.927577615431886,1.5700933952142668,nan,73.82000000000001
CRUISE,0.0,55.00067906726291,-54.53862822515688,-1.571864097173449,GOAL_REACHED,1.42198214,1.3154837380611837,91.85531269135925,19.954187283712333,1.5700933952262144,nan,73.84
CRUISE,0.0,55.00067906726291,-54.53862822515688,-1.571864097173449,GOAL_REACHED,1.36198214,1.2554837187068588,91.85533055259387,19.979596951906565,1.5700933952388954,nan,73.86
CRUISE,0.0,55.00067906726291,-54.53862822515688,-1.571864097173449,GOAL_REACHED,1.24198214,1.1954836987904844,91.8553475703117,20.003806620001185,1.5700933952520635,nan,73.88000000000001
CRUISE,0.0,55.00067906726291,-54.53862822515688,-1.571864097173449,GOAL_REACHED,1.18198214,1.1354836787373408,91.85536374451294,20.026816287991466,1.5700933952655465,nan,73.9
CRUISE,0.0,55.00067906726291,-54.53862822515688,-1.571864097173449,GOAL_REACHED,1.12198214,1.075483665964752,91.85537907519735,20.048625955952915,1.5700933952790044,nan,73.92
CRUISE,0.0,55.00067906726291,-54.53862822515688,-1.571864097173449,GOAL_REACHED,1.12198214,1.0154836659637778,91.85539356236382,20.069235624180468,1.5700933952914884,nan,73.94
CRUISE,0.0,55.00067906726291,-54.53862822515688,-1.571864097173449,GOAL_REACHED,1.00198214,0.9554836659645822,91.8554072060123,20.088645292704488,1.57009339530286,nan,73.96000000000001
CRUISE,0.0,55.00067906726291,-54.53862822515688,-1.571864097173449,GOAL_REACHED,1.00198214,0.8954836659646782,91.85542000614288,20.106854961524984,1.5700933953130893,nan,73.98
CRUISE,0.0,55.00067906726291,-54.53862822515688,-1.571864097173449,GOAL_REACHED,0.881982139,0.8354836659644196,91.85543196275559,20.123864630641936,1.5700933953221539,nan,74.0
CRUISE,0.0,55.00067906726291,-54.53862822515688,-1.571864097173449,GOAL_REACHED,0.821982139,0.7754836659652302,91.85544307585046,20.139674300055372,1.5700933953300407,nan,74.02000000000001
CRUISE,0.0,55.00067906726291,-54.53862822515688,-1.571864097173449,GOAL_REACHED,0.761982139,0.7154836659646195,91.85545334542753,20.154283969765274,1.5700933953367426,nan,74.04
CRUISE,0.0,55.00067906726291,-54.53862822515688,-1.571864097173449,GOAL_REACHED,0.761982139,0.6554836659650757,91.85546277148683,20.16769363977164,1.5700933953422533,nan,74.06
CRUISE,0.0,55.00067906726291,-54.53862822515688,-1.571864097173449,GOAL_REACHED,0.701982139,0.5954836659658891,91.8554713540284,20.179903310074494,1.5700933953465663,nan,74.08
CRUISE,0.0,55.00067906726291,-54.53862822515688,-1.571864097173449,GOAL_REACHED,0.641982139,0.5354836659649251,91.85547909305224,20.190912980673794,1.5700933953496823,nan,74.10000000000001
CRUISE,0.0,55.00067906726291,-54.53862822515688,-1.571864097173449,GOAL_REACHED,0.581982139,0.47548366596573954,91.85548598855839,20.200722651569578,1.570093395351601,nan,74.12
CRUISE,0.0,55.00067906726291,-54.53862822515688,-1.571864097173449,GOAL_REACHED,0.521982139,0.41548366596655395,91.85549204054685,20.209332322761846,1.5700933953523188,nan,74.14
CRUISE,0.0,55.00067906726291,-54.53862822515688,-1.571864097173449,GOAL_REACHED,0.461982139,0.355483665965594,91.85549724901767,20.21674199425056,1.5700933953518341,nan,74.16000000000001
CRUISE,0.0,55.00067906726291,-54.53862822515688,-1.571864097173449,GOAL_REACHED,0.401982139,0.2954836659664085,91.85550161397083,20.22295166603576,1.5700933953501484,nan,74.18
CRUISE,0.0,55.00067906726291,-54.53862822515688,-1.571864097173449,GOAL_REACHED,0.341982139,0.2354836659658038,91.85550513540633,20.22796133811743,1.5700933953472598,nan,74.2
CRUISE,0.0,55.00067906726291,-54.53862822515688,-1.571864097173449,GOAL_REACHED,0.221982139,0.17548366596626291,91.85550781332418,20.231771010495564,1.570093395343169,nan,74.22
CRUISE,0.0,55.00067906726291,-54.53862822515688,-1.571864097173449,GOAL_REACHED,0.221982139,0.1154836659670774,91.85550964772435,20.23438068317018,1.5700933953378746,nan,74.24000000000001
CRUISE,0.0,55.00067906726291,-54.53862822515688,-1.571864097173449,GOAL_REACHED,0.161982139,0.055483665966117465,91.85551063860687,20.23579035614126,1.5700933953313774,nan,74.26
CRUISE,0.0,55.00067906726291,-54.53862822515688,-1.571864097173449,GOAL_REACHED,0.101982139,0.0017950997899474175,91.85551083034414,20.23606314373144,1.5700933953265106,nan,74.28
CRUISE,0.0,55.00067906726291,-54.53862822515688,-1.571864097173449,GOAL_REACHED,0.0419821386,0.0,91.85551083034414,20.23606314373144,1.5700933953265106,nan,74.30000000000001
CRUISE,0.0,55.00067906726291,-54.53862822515688,-1.571864097173449,GOAL_REACHED,0.0,0.0,91.85551083034414,20.23606314373144,1.5700933953265106,nan,74.32000000000001
CRUISE,0.0,55.00067906726291,-54.53862822515688,-1.571864097173449,GOAL_REACHED,0.0,0.0,91.85551083034414,20.23606314373144,1.5700933953265106,nan,74.34
CRUISE,0.0,55.00067906726291,-54.53862822515688,-1.571864097173449,GOAL_REACHED,0.0,0.0,91.85551083034414,20.23606314373144,1.5700933953265106,nan,74.36
CRUISE,0.0,55.00067906726291,-54.53862822515688,-1.571864097173449,GOAL_REACHED,0.0,0.0,91.85551083034414,20.23606314373144,1.5700933953265106,nan,74.38000000000001
CRUISE,0.0,55.00067906726291,-54.53862822515688,-1.571864097173449,GOAL_REACHED,0.0,0.0,91.85551083034414,20.23606314373144,1.5700933953265106,nan,74.4
CRUISE,0.0,55.00067906726291,-54.53862822515688,-1.571864097173449,GOAL_REACHED,0.0,0.0,91.85551083034414,20.23606314373144,1.5700933953265106,nan,74.42
CRUISE,0.0,55.00067906726291,-54.53862822515688,-1.571864097173449,GOAL_REACHED,0.0,0.0,91.85551083034414,20.23606314373144,1.5700933953265106,nan,74.44
CRUISE,0.0,55.00067906726291,-54.53862822515688,-1.571864097173449,GOAL_REACHED,0.0,0.0,91.85551083034414,20.23606314373144,1.5700933953265106,nan,74.46000000000001
CRUISE,0.0,55.00067906726291,-54.53862822515688,-1.571864097173449,GOAL_REACHED,0.0,0.0,91.85551083034414,20.23606314373144,1.5700933953265106,nan,74.48
CRUISE,0.0,55.00067906726291,-54.53862822515688,-1.571864097173449,GOAL_REACHED,0.0,0.0,91.85551083034414,20.23606314373144,1.5700933953265106,nan,74.5
CRUISE,0.0,55.00067906726291,-54.53862822515688,-1.571864097173449,GOAL_REACHED,0.0,0.0,91.85551083034414,20.23606314373144,1.5700933953265106,nan,74.52000000000001
CRUISE,0.0,55.00067906726291,-54.53862822515688,-1.571864097173449,GOAL_REACHED,0.0,0.0,91.85551083034414,20.23606314373144,1.5700933953265106,nan,74.54
CRUISE,0.0,55.00067906726291,-54.53862822515688,-1.571864097173449,GOAL_REACHED,0.0,0.0,91.85551083034414,20.23606314373144,1.5700933953265106,nan,74.56
CRUISE,0.0,55.00067906726291,-54.53862822515688,-1.571864097173449,GOAL_REACHED,0.0,0.0,91.85551083034414,20.23606314373144,1.5700933953265106,nan,74.58
CRUISE,0.0,55.00067906726291,-54.53862822515688,-1.571864097173449,GOAL_REACHED,0.0,0.0,91.85551083034414,20.23606314373144,1.5700933953265106,nan,74.60000000000001
CRUISE,0.0,55.00067906726291,-54.53862822515688,-1.571864097173449,GOAL_REACHED,0.0,0.0,91.85551083034414,20.23606314373144,1.5700933953265106,nan,74.62
CRUISE,0.0,55.00067906726291,-54.53862822515688,-1.571864097173449,GOAL_REACHED,0.0,0.0,91.85551083034414,20.23606314373144,1.5700933953265106,nan,74.64
CRUISE,0.0,55.00067906726291,-54.53862822515688,-1.571864097173449,GOAL_REACHED,0.0,0.0,91.85551083034414,20.23606314373144,1.5700933953265106,nan,74.66000000000001
CRUISE,0.0,55.00067906726291,-54.53862822515688,-1.571864097173449,GOAL_REACHED,0.0,0.0,91.85551083034414,20.23606314373144,1.5700933953265106,nan,74.68
CRUISE,0.0,55.00067906726291,-54.53862822515688,-1.571864097173449,GOAL_REACHED,0.0,0.0,91.85551083034414,20.23606314373144,1.5700933953265106,nan,74.7
CRUISE,0.0,55.00067906726291,-54.53862822515688,-1.571864097173449,GOAL_REACHED,0.0,0.0,91.85551083034414,20.23606314373144,1.5700933953265106,nan,74.72
CRUISE,0.0,55.00067906726291,-54.53862822515688,-1.571864097173449,GOAL_REACHED,0.0,0.0,91.85551083034414,20.23606314373144,1.5700933953265106,nan,74.74000000000001
CRUISE,0.0,55.00067906726291,-54.53862822515688,-1.571864097173449,GOAL_REACHED,0.0,0.0,91.85551083034414,20.23606314373144,1.5700933953265106,nan,74.76
CRUISE,0.0,55.00067906726291,-54.53862822515688,-1.571864097173449,GOAL_REACHED,0.0,0.0,91.85551083034414,20.23606314373144,1.5700933953265106,nan,74.78
CRUISE,0.0,55.00067906726291,-54.53862822515688,-1.571864097173449,GOAL_REACHED,0.0,0.0,91.85551083034414,20.23606314373144,1.5700933953265106,nan,74.80000000000001
CRUISE,0.0,55.00067906726291,-54.53862822515688,-1.571864097173449,GOAL_REACHED,0.0,0.0,91.85551083034414,20.23606314373144,1.5700933953265106,nan,74.82000000000001
CRUISE,0.0,55.00067906726291,-54.53862822515688,-1.571864097173449,GOAL_REACHED,0.0,0.0,91.85551083034414,20.23606314373144,1.5700933953265106,nan,74.84
CRUISE,0.0,55.00067906726291,-54.53862822515688,-1.571864097173449,GOAL_REACHED,0.0,0.0,91.85551083034414,20.23606314373144,1.5700933953265106,nan,74.86
CRUISE,0.0,55.00067906726291,-54.53862822515688,-1.571864097173449,GOAL_REACHED,0.0,0.0,91.85551083034414,20.23606314373144,1.5700933953265106,nan,74.88000000000001
CRUISE,0.0,55.00067906726291,-54.53862822515688,-1.571864097173449,GOAL_REACHED,0.0,0.0,91.85551083034414,20.23606314373144,1.5700933953265106,nan,74.9
CRUISE,0.0,55.00067906726291,-54.53862822515688,-1.571864097173449,GOAL_REACHED,0.0,0.0,91.85551083034414,20.23606314373144,1.5700933953265106,nan,74.92
CRUISE,0.0,55.00067906726291,-54.53862822515688,-1.571864097173449,GOAL_REACHED,0.0,0.0,91.85551083034414,20.23606314373144,1.5700933953265106,nan,74.94
CRUISE,0.0,55.00067906726291,-54.53862822515688,-1.571864097173449,GOAL_REACHED,0.0,0.0,91.85551083034414,20.23606314373144,1.5700933953265106,nan,74.961
CRUISE,0.0,55.00067906726291,-54.53862822515688,-1.571864097173449,GOAL_REACHED,0.0,0.0,91.85551083034414,20.23606314373144,1.5700933953265106,nan,74.98
CRUISE,0.0,55.00067906726291,-54.53862822515688,-1.571864097173449,GOAL_REACHED,0.0,0.0,91.85551083034414,20.23606314373144,1.5700933953265106,nan,75.0
CRUISE,0.0,55.00067906726291,-54.53862822515688,-1.571864097173449,GOAL_REACHED,0.0,0.0,91.85551083034414,20.23606314373144,1.5700933953265106,nan,75.02000000000001
CRUISE,0.0,55.00067906726291,-54.53862822515688,-1.571864097173449,GOAL_REACHED,0.0,0.0,91.85551083034414,20.23606314373144,1.5700933953265106,nan,75.04
CRUISE,0.0,55.00067906726291,-54.53862822515688,-1.571864097173449,GOAL_REACHED,0.0,0.0,91.85551083034414,20.23606314373144,1.5700933953265106,nan,75.061
CRUISE,0.0,55.00067906726291,-54.53862822515688,-1.571864097173449,GOAL_REACHED,0.0,0.0,91.85551083034414,20.23606314373144,1.5700933953265106,nan,75.08
CRUISE,0.0,55.00067906726291,-54.53862822515688,-1.571864097173449,GOAL_REACHED,0.0,0.0,91.85551083034414,20.23606314373144,1.5700933953265106,nan,75.104
CRUISE,0.0,55.00067906726291,-54.53862822515688,-1.571864097173449,GOAL_REACHED,0.0,0.0,91.85551083034414,20.23606314373144,1.5700933953265106,nan,75.12100000000001
CRUISE,0.0,55.00067906726291,-54.53862822515688,-1.571864097173449,GOAL_REACHED,0.0,0.0,91.85551083034414,20.23606314373144,1.5700933953265106,nan,75.14
CRUISE,0.0,55.00067906726291,-54.53862822515688,-1.571864097173449,GOAL_REACHED,0.0,0.0,91.85551083034414,20.23606314373144,1.5700933953265106,nan,75.16000000000001
CRUISE,0.0,55.00067906726291,-54.53862822515688,-1.571864097173449,GOAL_REACHED,0.0,0.0,91.85551083034414,20.23606314373144,1.5700933953265106,nan,75.18
CRUISE,0.0,55.00067906726291,-54.53862822515688,-1.571864097173449,GOAL_REACHED,0.0,0.0,91.85551083034414,20.23606314373144,1.5700933953265106,nan,75.2
CRUISE,0.0,55.00067906726291,-54.53862822515688,-1.571864097173449,GOAL_REACHED,0.0,0.0,91.85551083034414,20.23606314373144,1.5700933953265106,nan,75.22
CRUISE,0.0,55.00067906726291,-54.53862822515688,-1.571864097173449,GOAL_REACHED,0.0,0.0,91.85551083034414,20.23606314373144,1.5700933953265106,nan,75.24000000000001
CRUISE,0.0,55.00067906726291,-54.53862822515688,-1.571864097173449,GOAL_REACHED,0.0,0.0,91.85551083034414,20.23606314373144,1.5700933953265106,nan,75.26
CRUISE,0.0,55.00067906726291,-54.53862822515688,-1.571864097173449,GOAL_REACHED,0.0,0.0,91.85551083034414,20.23606314373144,1.5700933953265106,nan,75.28
CRUISE,0.0,55.00067906726291,-54.53862822515688,-1.571864097173449,GOAL_REACHED,0.0,0.0,91.85551083034414,20.23606314373144,1.5700933953265106,nan,75.301
CRUISE,0.0,55.00067906726291,-54.53862822515688,-1.571864097173449,GOAL_REACHED,0.0,0.0,91.85551083034414,20.23606314373144,1.5700933953265106,nan,75.32000000000001
CRUISE,0.0,55.00067906726291,-54.53862822515688,-1.571864097173449,GOAL_REACHED,0.0,0.0,91.85551083034414,20.23606314373144,1.5700933953265106,nan,75.34
CRUISE,0.0,55.00067906726291,-54.53862822515688,-1.571864097173449,GOAL_REACHED,0.0,0.0,91.85551083034414,20.23606314373144,1.5700933953265106,nan,75.361
CRUISE,0.0,55.00067906726291,-54.53862822515688,-1.571864097173449,GOAL_REACHED,0.0,0.0,91.85551083034414,20.23606314373144,1.5700933953265106,nan,75.38000000000001
CRUISE,0.0,55.00067906726291,-54.53862822515688,-1.571864097173449,GOAL_REACHED,0.0,0.0,91.85551083034414,20.23606314373144,1.5700933953265106,nan,75.4
CRUISE,0.0,55.00067906726291,-54.53862822515688,-1.571864097173449,GOAL_REACHED,0.0,0.0,91.85551083034414,20.23606314373144,1.5700933953265106,nan,75.42
CRUISE,0.0,55.00067906726291,-54.53862822515688,-1.571864097173449,GOAL_REACHED,0.0,0.0,91.85551083034414,20.23606314373144,1.5700933953265106,nan,75.44
CRUISE,0.0,55.00067906726291,-54.53862822515688,-1.571864097173449,GOAL_REACHED,0.0,0.0,91.85551083034414,20.23606314373144,1.5700933953265106,nan,75.46000000000001
CRUISE,0.0,55.00067906726291,-54.53862822515688,-1.571864097173449,GOAL_REACHED,0.0,0.0,91.85551083034414,20.23606314373144,1.5700933953265106,nan,75.48100000000001
CRUISE,0.0,55.00067906726291,-54.53862822515688,-1.571864097173449,GOAL_REACHED,0.0,0.0,91.85551083034414,20.23606314373144,1.5700933953265106,nan,75.5
CRUISE,0.0,55.00067906726291,-54.53862822515688,-1.571864097173449,GOAL_REACHED,0.0,0.0,91.85551083034414,20.23606314373144,1.5700933953265106,nan,75.52000000000001
CRUISE,0.0,55.00067906726291,-54.53862822515688,-1.571864097173449,GOAL_REACHED,0.0,0.0,91.85551083034414,20.23606314373144,1.5700933953265106,nan,75.54
CRUISE,0.0,55.00067906726291,-54.53862822515688,-1.571864097173449,GOAL_REACHED,0.0,0.0,91.85551083034414,20.23606314373144,1.5700933953265106,nan,75.56
CRUISE,0.0,55.00067906726291,-54.53862822515688,-1.571864097173449,GOAL_REACHED,0.0,0.0,91.85551083034414,20.23606314373144,1.5700933953265106,nan,75.58
CRUISE,0.0,55.00067906726291,-54.53862822515688,-1.571864097173449,GOAL_REACHED,0.0,0.0,91.85551083034414,20.23606314373144,1.5700933953265106,nan,75.60000000000001
CRUISE,0.0,55.00067906726291,-54.53862822515688,-1.571864097173449,GOAL_REACHED,0.0,0.0,91.85551083034414,20.23606314373144,1.5700933953265106,nan,75.62
CRUISE,0.0,55.00067906726291,-54.53862822515688,-1.571864097173449,GOAL_REACHED,0.0,0.0,91.85551083034414,20.23606314373144,1.5700933953265106,nan,75.64
CRUISE,0.0,55.00067906726291,-54.53862822515688,-1.571864097173449,GOAL_REACHED,0.0,0.0,91.85551083034414,20.23606314373144,1.5700933953265106,nan,75.66000000000001
CRUISE,0.0,55.00067906726291,-54.53862822515688,-1.571864097173449,GOAL_REACHED,0.0,0.0,91.85551083034414,20.23606314373144,1.5700933953265106,nan,75.68
CRUISE,0.0,55.00067906726291,-54.53862822515688,-1.571864097173449,GOAL_REACHED,0.0,0.0,91.85551083034414,20.23606314373144,1.5700933953265106,nan,75.7
CRUISE,0.0,55.00067906726291,-54.53862822515688,-1.571864097173449,GOAL_REACHED,0.0,0.0,91.85551083034414,20.23606314373144,1.5700933953265106,nan,75.72
CRUISE,0.0,55.00067906726291,-54.53862822515688,-1.571864097173449,GOAL_REACHED,0.0,0.0,91.85551083034414,20.23606314373144,1.5700933953265106,nan,75.74000000000001
CRUISE,0.0,55.00067906726291,-54.53862822515688,-1.571864097173449,GOAL_REACHED,0.0,0.0,91.85551083034414,20.23606314373144,1.5700933953265106,nan,75.76
CRUISE,0.0,55.00067906726291,-54.53862822515688,-1.571864097173449,GOAL_REACHED,0.0,0.0,91.85551083034414,20.23606314373144,1.5700933953265106,nan,75.78
CRUISE,0.0,55.00067906726291,-54.53862822515688,-1.571864097173449,GOAL_REACHED,0.0,0.0,91.85551083034414,20.23606314373144,1.5700933953265106,nan,75.80000000000001
CRUISE,0.0,55.00067906726291,-54.53862822515688,-1.571864097173449,GOAL_REACHED,0.0,0.0,91.85551083034414,20.23606314373144,1.5700933953265106,nan,75.82000000000001
CRUISE,0.0,55.00067906726291,-54.53862822515688,-1.571864097173449,GOAL_REACHED,0.0,0.0,91.85551083034414,20.23606314373144,1.5700933953265106,nan,75.84
CRUISE,0.0,55.00067906726291,-54.53862822515688,-1.571864097173449,GOAL_REACHED,0.0,0.0,91.85551083034414,20.23606314373144,1.5700933953265106,nan,75.86
CRUISE,0.0,55.00067906726291,-54.53862822515688,-1.571864097173449,GOAL_REACHED,0.0,0.0,91.85551083034414,20.23606314373144,1.5700933953265106,nan,75.88000000000001
CRUISE,0.0,55.00067906726291,-54.53862822515688,-1.571864097173449,GOAL_REACHED,0.0,0.0,91.85551083034414,20.23606314373144,1.5700933953265106,nan,75.9
CRUISE,0.0,55.00067906726291,-54.53862822515688,-1.571864097173449,GOAL_REACHED,0.0,0.0,91.85551083034414,20.23606314373144,1.5700933953265106,nan,75.92
CRUISE,0.0,55.00067906726291,-54.53862822515688,-1.571864097173449,GOAL_REACHED,0.0,0.0,91.85551083034414,20.23606314373144,1.5700933953265106,nan,75.94
CRUISE,0.0,55.00067906726291,-54.53862822515688,-1.571864097173449,GOAL_REACHED,0.0,0.0,91.85551083034414,20.23606314373144,1.5700933953265106,nan,75.96000000000001
CRUISE,0.0,55.00067906726291,-54.53862822515688,-1.571864097173449,GOAL_REACHED,0.0,0.0,91.85551083034414,20.23606314373144,1.5700933953265106,nan,75.98
CRUISE,0.0,55.00067906726291,-54.53862822515688,-1.571864097173449,GOAL_REACHED,0.0,0.0,91.85551083034414,20.23606314373144,1.5700933953265106,nan,76.0
CRUISE,0.0,55.00067906726291,-54.53862822515688,-1.571864097173449,GOAL_REACHED,0.0,0.0,91.85551083034414,20.23606314373144,1.5700933953265106,nan,76.02000000000001
CRUISE,0.0,55.00067906726291,-54.53862822515688,-1.571864097173449,GOAL_REACHED,0.0,0.0,91.85551083034414,20.23606314373144,1.5700933953265106,nan,76.04
CRUISE,0.0,55.00067906726291,-54.53862822515688,-1.571864097173449,GOAL_REACHED,0.0,0.0,91.85551083034414,20.23606314373144,1.5700933953265106,nan,76.06
CRUISE,0.0,55.00067906726291,-54.53862822515688,-1.571864097173449,GOAL_REACHED,0.0,0.0,91.85551083034414,20.23606314373144,1.5700933953265106,nan,76.08
CRUISE,0.0,55.00067906726291,-54.53862822515688,-1.571864097173449,GOAL_REACHED,0.0,0.0,91.85551083034414,20.23606314373144,1.5700933953265106,nan,76.10000000000001
CRUISE,0.0,55.00067906726291,-54.53862822515688,-1.571864097173449,GOAL_REACHED,0.0,0.0,91.85551083034414,20.23606314373144,1.5700933953265106,nan,76.12
CRUISE,0.0,55.00067906726291,-54.53862822515688,-1.571864097173449,GOAL_REACHED,0.0,0.0,91.85551083034414,20.23606314373144,1.5700933953265106,nan,76.14
CRUISE,0.0,55.00067906726291,-54.53862822515688,-1.571864097173449,GOAL_REACHED,0.0,0.0,91.85551083034414,20.23606314373144,1.5700933953265106,nan,76.16000000000001
CRUISE,0.0,55.00067906726291,-54.53862822515688,-1.571864097173449,GOAL_REACHED,0.0,0.0,91.85551083034414,20.23606314373144,1.5700933953265106,nan,76.18
CRUISE,0.0,55.00067906726291,-54.53862822515688,-1.571864097173449,GOAL_REACHED,0.0,0.0,91.85551083034414,20.23606314373144,1.5700933953265106,nan,76.20100000000001
CRUISE,0.0,55.00067906726291,-54.53862822515688,-1.571864097173449,GOAL_REACHED,0.0,0.0,91.85551083034414,20.23606314373144,1.5700933953265106,nan,76.22
CRUISE,0.0,55.00067906726291,-54.53862822515688,-1.571864097173449,GOAL_REACHED,0.0,0.0,91.85551083034414,20.23606314373144,1.5700933953265106,nan,76.24000000000001
CRUISE,0.0,55.00067906726291,-54.53862822515688,-1.571864097173449,GOAL_REACHED,0.0,0.0,91.85551083034414,20.23606314373144,1.5700933953265106,nan,76.26
CRUISE,0.0,55.00067906726291,-54.53862822515688,-1.571864097173449,GOAL_REACHED,0.0,0.0,91.85551083034414,20.23606314373144,1.5700933953265106,nan,76.28
CRUISE,0.0,55.00067906726291,-54.53862822515688,-1.571864097173449,GOAL_REACHED,0.0,0.0,91.85551083034414,20.23606314373144,1.5700933953265106,nan,76.30000000000001
CRUISE,0.0,55.00067906726291,-54.53862822515688,-1.571864097173449,GOAL_REACHED,0.0,0.0,91.85551083034414,20.23606314373144,1.5700933953265106,nan,76.32000000000001
CRUISE,0.0,55.00067906726291,-54.53862822515688,-1.571864097173449,GOAL_REACHED,0.0,0.0,91.85551083034414,20.23606314373144,1.5700933953265106,nan,76.34
CRUISE,0.0,55.00067906726291,-54.53862822515688,-1.571864097173449,GOAL_REACHED,0.0,0.0,91.85551083034414,20.23606314373144,1.5700933953265106,nan,76.36
CRUISE,0.0,55.00067906726291,-54.53862822515688,-1.571864097173449,GOAL_REACHED,0.0,0.0,91.85551083034414,20.23606314373144,1.5700933953265106,nan,76.38000000000001
CRUISE,0.0,55.00067906726291,-54.53862822515688,-1.571864097173449,GOAL_REACHED,0.0,0.0,91.85551083034414,20.23606314373144,1.5700933953265106,nan,76.4
CRUISE,0.0,55.00067906726291,-54.53862822515688,-1.571864097173449,GOAL_REACHED,0.0,0.0,91.85551083034414,20.23606314373144,1.5700933953265106,nan,76.42
CRUISE,0.0,55.00067906726291,-54.53862822515688,-1.571864097173449,GOAL_REACHED,0.0,0.0,91.85551083034414,20.23606314373144,1.5700933953265106,nan,76.441
CRUISE,0.0,55.00067906726291,-54.53862822515688,-1.571864097173449,GOAL_REACHED,0.0,0.0,91.85551083034414,20.23606314373144,1.5700933953265106,nan,76.46000000000001
CRUISE,0.0,55.00067906726291,-54.53862822515688,-1.571864097173449,GOAL_REACHED,0.0,0.0,91.85551083034414,20.23606314373144,1.5700933953265106,nan,76.48
CRUISE,0.0,55.00067906726291,-54.53862822515688,-1.571864097173449,GOAL_REACHED,0.0,0.0,91.85551083034414,20.23606314373144,1.5700933953265106,nan,76.5
CRUISE,0.0,55.00067906726291,-54.53862822515688,-1.571864097173449,GOAL_REACHED,0.0,0.0,91.85551083034414,20.23606314373144,1.5700933953265106,nan,76.52000000000001
CRUISE,0.0,55.00067906726291,-54.53862822515688,-1.571864097173449,GOAL_REACHED,0.0,0.0,91.85551083034414,20.23606314373144,1.5700933953265106,nan,76.54
CRUISE,0.0,55.00067906726291,-54.53862822515688,-1.571864097173449,GOAL_REACHED,0.0,0.0,91.85551083034414,20.23606314373144,1.5700933953265106,nan,76.56
CRUISE,0.0,55.00067906726291,-54.53862822515688,-1.571864097173449,GOAL_REACHED,0.0,0.0,91.85551083034414,20.23606314373144,1.5700933953265106,nan,76.58
CRUISE,0.0,55.00067906726291,-54.53862822515688,-1.571864097173449,GOAL_REACHED,0.0,0.0,91.85551083034414,20.23606314373144,1.5700933953265106,nan,76.60000000000001
CRUISE,0.0,55.00067906726291,-54.53862822515688,-1.571864097173449,GOAL_REACHED,0.0,0.0,91.85551083034414,20.23606314373144,1.5700933953265106,nan,76.62
CRUISE,0.0,55.00067906726291,-54.53862822515688,-1.571864097173449,GOAL_REACHED,0.0,0.0,91.85551083034414,20.23606314373144,1.5700933953265106,nan,76.64
CRUISE,0.0,55.00067906726291,-54.53862822515688,-1.571864097173449,GOAL_REACHED,0.0,0.0,91.85551083034414,20.23606314373144,1.5700933953265106,nan,76.66000000000001
CRUISE,0.0,55.00067906726291,-54.53862822515688,-1.571864097173449,GOAL_REACHED,0.0,0.0,91.85551083034414,20.23606314373144,1.5700933953265106,nan,76.68
CRUISE,0.0,55.00067906726291,-54.53862822515688,-1.571864097173449,GOAL_REACHED,0.0,0.0,91.85551083034414,20.23606314373144,1.5700933953265106,nan,76.7
CRUISE,0.0,55.00067906726291,-54.53862822515688,-1.571864097173449,GOAL_REACHED,0.0,0.0,91.85551083034414,20.23606314373144,1.5700933953265106,nan,76.72
CRUISE,0.0,55.00067906726291,-54.53862822515688,-1.571864097173449,GOAL_REACHED,0.0,0.0,91.85551083034414,20.23606314373144,1.5700933953265106,nan,76.74000000000001
CRUISE,0.0,55.00067906726291,-54.53862822515688,-1.571864097173449,GOAL_REACHED,0.0,0.0,91.85551083034414,20.23606314373144,1.5700933953265106,nan,76.76
CRUISE,0.0,55.00067906726291,-54.53862822515688,-1.571864097173449,GOAL_REACHED,0.0,0.0,91.85551083034414,20.23606314373144,1.5700933953265106,nan,76.78
CRUISE,0.0,55.00067906726291,-54.53862822515688,-1.571864097173449,GOAL_REACHED,0.0,0.0,91.85551083034414,20.23606314373144,1.5700933953265106,nan,76.80000000000001
CRUISE,0.0,55.00067906726291,-54.53862822515688,-1.571864097173449,GOAL_REACHED,0.0,0.0,91.85551083034414,20.23606314373144,1.5700933953265106,nan,76.82000000000001
CRUISE,0.0,55.00067906726291,-54.53862822515688,-1.571864097173449,GOAL_REACHED,0.0,0.0,91.85551083034414,20.23606314373144,1.5700933953265106,nan,76.84
CRUISE,0.0,55.00067906726291,-54.53862822515688,-1.571864097173449,GOAL_REACHED,0.0,0.0,91.85551083034414,20.23606314373144,1.5700933953265106,nan,76.86
CRUISE,0.0,55.00067906726291,-54.53862822515688,-1.571864097173449,GOAL_REACHED,0.0,0.0,91.85551083034414,20.23606314373144,1.5700933953265106,nan,76.88000000000001
CRUISE,0.0,55.00067906726291,-54.53862822515688,-1.571864097173449,GOAL_REACHED,0.0,0.0,91.85551083034414,20.23606314373144,1.5700933953265106,nan,76.9
CRUISE,0.0,55.00067906726291,-54.53862822515688,-1.571864097173449,GOAL_REACHED,0.0,0.0,91.85551083034414,20.23606314373144,1.5700933953265106,nan,76.92
CRUISE,0.0,55.00067906726291,-54.53862822515688,-1.571864097173449,GOAL_REACHED,0.0,0.0,91.85551083034414,20.23606314373144,1.5700933953265106,nan,76.94
CRUISE,0.0,55.00067906726291,-54.53862822515688,-1.571864097173449,GOAL_REACHED,0.0,0.0,91.85551083034414,20.23606314373144,1.5700933953265106,nan,76.96000000000001
CRUISE,0.0,55.00067906726291,-54.53862822515688,-1.571864097173449,GOAL_REACHED,0.0,0.0,91.85551083034414,20.23606314373144,1.5700933953265106,nan,76.98
CRUISE,0.0,55.00067906726291,-54.53862822515688,-1.571864097173449,GOAL_REACHED,0.0,0.0,91.85551083034414,20.23606314373144,1.5700933953265106,nan,77.0
CRUISE,0.0,55.00067906726291,-54.53862822515688,-1.571864097173449,GOAL_REACHED,0.0,0.0,91.85551083034414,20.23606314373144,1.5700933953265106,nan,77.02000000000001
CRUISE,0.0,55.00067906726291,-54.53862822515688,-1.571864097173449,GOAL_REACHED,0.0,0.0,91.85551083034414,20.23606314373144,1.5700933953265106,nan,77.04
CRUISE,0.0,55.00067906726291,-54.53862822515688,-1.571864097173449,GOAL_REACHED,0.0,0.0,91.85551083034414,20.23606314373144,1.5700933953265106,nan,77.06
CRUISE,0.0,55.00067906726291,-54.53862822515688,-1.571864097173449,GOAL_REACHED,0.0,0.0,91.85551083034414,20.23606314373144,1.5700933953265106,nan,77.08
CRUISE,0.0,55.00067906726291,-54.53862822515688,-1.571864097173449,GOAL_REACHED,0.0,0.0,91.85551083034414,20.23606314373144,1.5700933953265106,nan,77.10000000000001
CRUISE,0.0,55.00067906726291,-54.53862822515688,-1.571864097173449,GOAL_REACHED,0.0,0.0,91.85551083034414,20.23606314373144,1.5700933953265106,nan,77.12
CRUISE,0.0,55.00067906726291,-54.53862822515688,-1.571864097173449,GOAL_REACHED,0.0,0.0,91.85551083034414,20.23606314373144,1.5700933953265106,nan,77.14
CRUISE,0.0,55.00067906726291,-54.53862822515688,-1.571864097173449,GOAL_REACHED,0.0,0.0,91.85551083034414,20.23606314373144,1.5700933953265106,nan,77.16000000000001
CRUISE,0.0,55.00067906726291,-54.53862822515688,-1.571864097173449,GOAL_REACHED,0.0,0.0,91.85551083034414,20.23606314373144,1.5700933953265106,nan,77.18
CRUISE,0.0,55.00067906726291,-54.53862822515688,-1.571864097173449,GOAL_REACHED,0.0,0.0,91.85551083034414,20.23606314373144,1.5700933953265106,nan,77.2
CRUISE,0.0,55.00067906726291,-54.53862822515688,-1.571864097173449,GOAL_REACHED,0.0,0.0,91.85551083034414,20.23606314373144,1.5700933953265106,nan,77.22
CRUISE,0.0,55.00067906726291,-54.53862822515688,-1.571864097173449,GOAL_REACHED,0.0,0.0,91.85551083034414,20.23606314373144,1.5700933953265106,nan,77.24000000000001
CRUISE,0.0,55.00067906726291,-54.53862822515688,-1.571864097173449,GOAL_REACHED,0.0,0.0,91.85551083034414,20.23606314373144,1.5700933953265106,nan,77.26
CRUISE,0.0,55.00067906726291,-54.53862822515688,-1.571864097173449,GOAL_REACHED,0.0,0.0,91.85551083034414,20.23606314373144,1.5700933953265106,nan,77.28
CRUISE,0.0,55.00067906726291,-54.53862822515688,-1.571864097173449,GOAL_REACHED,0.0,0.0,91.85551083034414,20.23606314373144,1.5700933953265106,nan,77.30000000000001
CRUISE,0.0,55.00067906726291,-54.53862822515688,-1.571864097173449,GOAL_REACHED,0.0,0.0,91.85551083034414,20.23606314373144,1.5700933953265106,nan,77.32000000000001
CRUISE,0.0,55.00067906726291,-54.53862822515688,-1.571864097173449,GOAL_REACHED,0.0,0.0,91.85551083034414,20.23606314373144,1.5700933953265106,nan,77.34
CRUISE,0.0,55.00067906726291,-54.53862822515688,-1.571864097173449,GOAL_REACHED,0.0,0.0,91.85551083034414,20.23606314373144,1.5700933953265106,nan,77.36
CRUISE,0.0,55.00067906726291,-54.53862822515688,-1.571864097173449,GOAL_REACHED,0.0,0.0,91.85551083034414,20.23606314373144,1.5700933953265106,nan,77.38000000000001
CRUISE,0.0,55.00067906726291,-54.53862822515688,-1.571864097173449,GOAL_REACHED,0.0,0.0,91.85551083034414,20.23606314373144,1.5700933953265106,nan,77.4
CRUISE,0.0,55.00067906726291,-54.53862822515688,-1.571864097173449,GOAL_REACHED,0.0,0.0,91.85551083034414,20.23606314373144,1.5700933953265106,nan,77.42200000000001
CRUISE,0.0,55.00067906726291,-54.53862822515688,-1.571864097173449,GOAL_REACHED,0.0,0.0,91.85551083034414,20.23606314373144,1.5700933953265106,nan,77.44
CRUISE,0.0,55.00067906726291,-54.53862822515688,-1.571864097173449,GOAL_REACHED,0.0,0.0,91.85551083034414,20.23606314373144,1.5700933953265106,nan,77.46000000000001
CRUISE,0.0,55.00067906726291,-54.53862822515688,-1.571864097173449,GOAL_REACHED,0.0,0.0,91.85551083034414,20.23606314373144,1.5700933953265106,nan,77.48
CRUISE,0.0,55.00067906726291,-54.53862822515688,-1.571864097173449,GOAL_REACHED,0.0,0.0,91.85551083034414,20.23606314373144,1.5700933953265106,nan,77.5
CRUISE,0.0,55.00067906726291,-54.53862822515688,-1.571864097173449,GOAL_REACHED,0.0,0.0,91.85551083034414,20.23606314373144,1.5700933953265106,nan,77.52000000000001
CRUISE,0.0,55.00067906726291,-54.53862822515688,-1.571864097173449,GOAL_REACHED,0.0,0.0,91.85551083034414,20.23606314373144,1.5700933953265106,nan,77.54
CRUISE,0.0,55.00067906726291,-54.53862822515688,-1.571864097173449,GOAL_REACHED,0.0,0.0,91.85551083034414,20.23606314373144,1.5700933953265106,nan,77.56
CRUISE,0.0,55.00067906726291,-54.53862822515688,-1.571864097173449,GOAL_REACHED,0.0,0.0,91.85551083034414,20.23606314373144,1.5700933953265106,nan,77.58
CRUISE,0.0,55.00067906726291,-54.53862822515688,-1.571864097173449,GOAL_REACHED,0.0,0.0,91.85551083034414,20.23606314373144,1.5700933953265106,nan,77.60000000000001
CRUISE,0.0,55.00067906726291,-54.53862822515688,-1.571864097173449,GOAL_REACHED,0.0,0.0,91.85551083034414,20.23606314373144,1.5700933953265106,nan,77.62
CRUISE,0.0,55.00067906726291,-54.53862822515688,-1.571864097173449,GOAL_REACHED,0.0,0.0,91.85551083034414,20.23606314373144,1.5700933953265106,nan,77.64
CRUISE,0.0,55.00067906726291,-54.53862822515688,-1.571864097173449,GOAL_REACHED,0.0,0.0,91.85551083034414,20.23606314373144,1.5700933953265106,nan,77.66000000000001
CRUISE,0.0,55.00067906726291,-54.53862822515688,-1.571864097173449,GOAL_REACHED,0.0,0.0,91.85551083034414,20.23606314373144,1.5700933953265106,nan,77.68
CRUISE,0.0,55.00067906726291,-54.53862822515688,-1.571864097173449,GOAL_REACHED,0.0,0.0,91.85551083034414,20.23606314373144,1.5700933953265106,nan,77.7
CRUISE,0.0,55.00067906726291,-54.53862822515688,-1.571864097173449,GOAL_REACHED,0.0,0.0,91.85551083034414,20.23606314373144,1.5700933953265106,nan,77.72
CRUISE,0.0,55.00067906726291,-54.53862822515688,-1.571864097173449,GOAL_REACHED,0.0,0.0,91.85551083034414,20.23606314373144,1.5700933953265106,nan,77.74000000000001
CRUISE,0.0,55.00067906726291,-54.53862822515688,-1.571864097173449,GOAL_REACHED,0.0,0.0,91.85551083034414,20.23606314373144,1.5700933953265106,nan,77.76
CRUISE,0.0,55.00067906726291,-54.53862822515688,-1.571864097173449,GOAL_REACHED,0.0,0.0,91.85551083034414,20.23606314373144,1.5700933953265106,nan,77.78
CRUISE,0.0,55.00067906726291,-54.53862822515688,-1.571864097173449,GOAL_REACHED,0.0,0.0,91.85551083034414,20.23606314373144,1.5700933953265106,nan,77.80000000000001
CRUISE,0.0,55.00067906726291,-54.53862822515688,-1.571864097173449,GOAL_REACHED,0.0,0.0,91.85551083034414,20.23606314373144,1.5700933953265106,nan,77.82000000000001
CRUISE,0.0,55.00067906726291,-54.53862822515688,-1.571864097173449,GOAL_REACHED,0.0,0.0,91.85551083034414,20.23606314373144,1.5700933953265106,nan,77.84
CRUISE,0.0,55.00067906726291,-54.53862822515688,-1.571864097173449,GOAL_REACHED,0.0,0.0,91.85551083034414,20.23606314373144,1.5700933953265106,nan,77.86
CRUISE,0.0,55.00067906726291,-54.53862822515688,-1.571864097173449,GOAL_REACHED,0.0,0.0,91.85551083034414,20.23606314373144,1.5700933953265106,nan,77.88000000000001
CRUISE,0.0,55.00067906726291,-54.53862822515688,-1.571864097173449,GOAL_REACHED,0.0,0.0,91.85551083034414,20.23606314373144,1.5700933953265106,nan,77.9
CRUISE,0.0,55.00067906726291,-54.53862822515688,-1.571864097173449,GOAL_REACHED,0.0,0.0,91.85551083034414,20.23606314373144,1.5700933953265106,nan,77.92
CRUISE,0.0,55.00067906726291,-54.53862822515688,-1.571864097173449,GOAL_REACHED,0.0,0.0,91.85551083034414,20.23606314373144,1.5700933953265106,nan,77.94000000000001
CRUISE,0.0,55.00067906726291,-54.53862822515688,-1.571864097173449,GOAL_REACHED,0.0,0.0,91.85551083034414,20.23606314373144,1.5700933953265106,nan,77.96000000000001
CRUISE,0.0,55.00067906726291,-54.53862822515688,-1.571864097173449,GOAL_REACHED,0.0,0.0,91.85551083034414,20.23606314373144,1.5700933953265106,nan,77.98
CRUISE,0.0,55.00067906726291,-54.53862822515688,-1.571864097173449,GOAL_REACHED,0.0,0.0,91.85551083034414,20.23606314373144,1.5700933953265106,nan,78.0
CRUISE,0.0,55.00067906726291,-54.53862822515688,-1.571864097173449,GOAL_REACHED,0.0,0.0,91.85551083034414,20.23606314373144,1.5700933953265106,nan,78.02000000000001
CRUISE,0.0,55.00067906726291,-54.53862822515688,-1.571864097173449,GOAL_REACHED,0.0,0.0,91.85551083034414,20.23606314373144,1.5700933953265106,nan,78.04
CRUISE,0.0,55.00067906726291,-54.53862822515688,-1.571864097173449,GOAL_REACHED,0.0,0.0,91.85551083034414,20.23606314373144,1.5700933953265106,nan,78.06
CRUISE,0.0,55.00067906726291,-54.53862822515688,-1.571864097173449,GOAL_REACHED,0.0,0.0,91.85551083034414,20.23606314373144,1.5700933953265106,nan,78.08
CRUISE,0.0,55.00067906726291,-54.53862822515688,-1.571864097173449,GOAL_REACHED,0.0,0.0,91.85551083034414,20.23606314373144,1.5700933953265106,nan,78.10000000000001
CRUISE,0.0,55.00067906726291,-54.53862822515688,-1.571864097173449,GOAL_REACHED,0.0,0.0,91.85551083034414,20.23606314373144,1.5700933953265106,nan,78.12
CRUISE,0.0,55.00067906726291,-54.53862822515688,-1.571864097173449,GOAL_REACHED,0.0,0.0,91.85551083034414,20.23606314373144,1.5700933953265106,nan,78.14
CRUISE,0.0,55.00067906726291,-54.53862822515688,-1.571864097173449,GOAL_REACHED,0.0,0.0,91.85551083034414,20.23606314373144,1.5700933953265106,nan,78.16000000000001
CRUISE,0.0,55.00067906726291,-54.53862822515688,-1.571864097173449,GOAL_REACHED,0.0,0.0,91.85551083034414,20.23606314373144,1.5700933953265106,nan,78.18
CRUISE,0.0,55.00067906726291,-54.53862822515688,-1.571864097173449,GOAL_REACHED,0.0,0.0,91.85551083034414,20.23606314373144,1.5700933953265106,nan,78.2
CRUISE,0.0,55.00067906726291,-54.53862822515688,-1.571864097173449,GOAL_REACHED,0.0,0.0,91.85551083034414,20.23606314373144,1.5700933953265106,nan,78.22
CRUISE,0.0,55.00067906726291,-54.53862822515688,-1.571864097173449,GOAL_REACHED,0.0,0.0,91.85551083034414,20.23606314373144,1.5700933953265106,nan,78.24000000000001
CRUISE,0.0,55.00067906726291,-54.53862822515688,-1.571864097173449,GOAL_REACHED,0.0,0.0,91.85551083034414,20.23606314373144,1.5700933953265106,nan,78.26
CRUISE,0.0,55.00067906726291,-54.53862822515688,-1.571864097173449,GOAL_REACHED,0.0,0.0,91.85551083034414,20.23606314373144,1.5700933953265106,nan,78.28
CRUISE,0.0,55.00067906726291,-54.53862822515688,-1.571864097173449,GOAL_REACHED,0.0,0.0,91.85551083034414,20.23606314373144,1.5700933953265106,nan,78.30000000000001
CRUISE,0.0,55.00067906726291,-54.53862822515688,-1.571864097173449,GOAL_REACHED,0.0,0.0,91.85551083034414,20.23606314373144,1.5700933953265106,nan,78.32000000000001
CRUISE,0.0,55.00067906726291,-54.53862822515688,-1.571864097173449,GOAL_REACHED,0.0,0.0,91.85551083034414,20.23606314373144,1.5700933953265106,nan,78.34
CRUISE,0.0,55.00067906726291,-54.53862822515688,-1.571864097173449,GOAL_REACHED,0.0,0.0,91.85551083034414,20.23606314373144,1.5700933953265106,nan,78.36
CRUISE,0.0,55.00067906726291,-54.53862822515688,-1.571864097173449,GOAL_REACHED,0.0,0.0,91.85551083034414,20.23606314373144,1.5700933953265106,nan,78.38000000000001
CRUISE,0.0,55.00067906726291,-54.53862822515688,-1.571864097173449,GOAL_REACHED,0.0,0.0,91.85551083034414,20.23606314373144,1.5700933953265106,nan,78.4
CRUISE,0.0,55.00067906726291,-54.53862822515688,-1.571864097173449,GOAL_REACHED,0.0,0.0,91.85551083034414,20.23606314373144,1.5700933953265106,nan,78.42
CRUISE,0.0,55.00067906726291,-54.53862822515688,-1.571864097173449,GOAL_REACHED,0.0,0.0,91.85551083034414,20.23606314373144,1.5700933953265106,nan,78.44000000000001
CRUISE,0.0,55.00067906726291,-54.53862822515688,-1.571864097173449,GOAL_REACHED,0.0,0.0,91.85551083034414,20.23606314373144,1.5700933953265106,nan,78.46000000000001
CRUISE,0.0,55.00067906726291,-54.53862822515688,-1.571864097173449,GOAL_REACHED,0.0,0.0,91.85551083034414,20.23606314373144,1.5700933953265106,nan,78.48100000000001
CRUISE,0.0,55.00067906726291,-54.53862822515688,-1.571864097173449,GOAL_REACHED,0.0,0.0,91.85551083034414,20.23606314373144,1.5700933953265106,nan,78.50200000000001
CRUISE,0.0,55.00067906726291,-54.53862822515688,-1.571864097173449,GOAL_REACHED,0.0,0.0,91.85551083034414,20.23606314373144,1.5700933953265106,nan,78.52000000000001
CRUISE,0.0,55.00067906726291,-54.53862822515688,-1.571864097173449,GOAL_REACHED,0.0,0.0,91.85551083034414,20.23606314373144,1.5700933953265106,nan,78.54
CRUISE,0.0,55.00067906726291,-54.53862822515688,-1.571864097173449,GOAL_REACHED,0.0,0.0,91.85551083034414,20.23606314373144,1.5700933953265106,nan,78.56
CRUISE,0.0,55.00067906726291,-54.53862822515688,-1.571864097173449,GOAL_REACHED,0.0,0.0,91.85551083034414,20.23606314373144,1.5700933953265106,nan,78.58
CRUISE,0.0,55.00067906726291,-54.53862822515688,-1.571864097173449,GOAL_REACHED,0.0,0.0,91.85551083034414,20.23606314373144,1.5700933953265106,nan,78.60000000000001
CRUISE,0.0,55.00067906726291,-54.53862822515688,-1.571864097173449,GOAL_REACHED,0.0,0.0,91.85551083034414,20.23606314373144,1.5700933953265106,nan,78.62
CRUISE,0.0,55.00067906726291,-54.53862822515688,-1.571864097173449,GOAL_REACHED,0.0,0.0,91.85551083034414,20.23606314373144,1.5700933953265106,nan,78.64
CRUISE,0.0,55.00067906726291,-54.53862822515688,-1.571864097173449,GOAL_REACHED,0.0,0.0,91.85551083034414,20.23606314373144,1.5700933953265106,nan,78.66000000000001
CRUISE,0.0,55.00067906726291,-54.53862822515688,-1.571864097173449,GOAL_REACHED,0.0,0.0,91.85551083034414,20.23606314373144,1.5700933953265106,nan,78.68100000000001
CRUISE,0.0,55.00067906726291,-54.53862822515688,-1.571864097173449,GOAL_REACHED,0.0,0.0,91.85551083034414,20.23606314373144,1.5700933953265106,nan,78.7
CRUISE,0.0,55.00067906726291,-54.53862822515688,-1.571864097173449,GOAL_REACHED,0.0,0.0,91.85551083034414,20.23606314373144,1.5700933953265106,nan,78.72
CRUISE,0.0,55.00067906726291,-54.53862822515688,-1.571864097173449,GOAL_REACHED,0.0,0.0,91.85551083034414,20.23606314373144,1.5700933953265106,nan,78.74000000000001
CRUISE,0.0,55.00067906726291,-54.53862822515688,-1.571864097173449,GOAL_REACHED,0.0,0.0,91.85551083034414,20.23606314373144,1.5700933953265106,nan,78.76
CRUISE,0.0,55.00067906726291,-54.53862822515688,-1.571864097173449,GOAL_REACHED,0.0,0.0,91.85551083034414,20.23606314373144,1.5700933953265106,nan,78.78
CRUISE,0.0,55.00067906726291,-54.53862822515688,-1.571864097173449,GOAL_REACHED,0.0,0.0,91.85551083034414,20.23606314373144,1.5700933953265106,nan,78.80000000000001
CRUISE,0.0,55.00067906726291,-54.53862822515688,-1.571864097173449,GOAL_REACHED,0.0,0.0,91.85551083034414,20.23606314373144,1.5700933953265106,nan,78.82000000000001
CRUISE,0.0,55.00067906726291,-54.53862822515688,-1.571864097173449,GOAL_REACHED,0.0,0.0,91.85551083034414,20.23606314373144,1.5700933953265106,nan,78.84
CRUISE,0.0,55.00067906726291,-54.53862822515688,-1.571864097173449,GOAL_REACHED,0.0,0.0,91.85551083034414,20.23606314373144,1.5700933953265106,nan,78.86
CRUISE,0.0,55.00067906726291,-54.53862822515688,-1.571864097173449,GOAL_REACHED,0.0,0.0,91.85551083034414,20.23606314373144,1.5700933953265106,nan,78.88000000000001
CRUISE,0.0,55.00067906726291,-54.53862822515688,-1.571864097173449,GOAL_REACHED,0.0,0.0,91.85551083034414,20.23606314373144,1.5700933953265106,nan,78.9
CRUISE,0.0,55.00067906726291,-54.53862822515688,-1.571864097173449,GOAL_REACHED,0.0,0.0,91.85551083034414,20.23606314373144,1.5700933953265106,nan,78.92
CRUISE,0.0,55.00067906726291,-54.53862822515688,-1.571864097173449,GOAL_REACHED,0.0,0.0,91.85551083034414,20.23606314373144,1.5700933953265106,nan,78.94000000000001
CRUISE,0.0,55.00067906726291,-54.53862822515688,-1.571864097173449,GOAL_REACHED,0.0,0.0,91.85551083034414,20.23606314373144,1.5700933953265106,nan,78.961
CRUISE,0.0,55.00067906726291,-54.53862822515688,-1.571864097173449,GOAL_REACHED,0.0,0.0,91.85551083034414,20.23606314373144,1.5700933953265106,nan,78.98
CRUISE,0.0,55.00067906726291,-54.53862822515688,-1.571864097173449,GOAL_REACHED,0.0,0.0,91.85551083034414,20.23606314373144,1.5700933953265106,nan,79.0
CRUISE,0.0,55.00067906726291,-54.53862822515688,-1.571864097173449,GOAL_REACHED,0.0,0.0,91.85551083034414,20.23606314373144,1.5700933953265106,nan,79.02000000000001
CRUISE,0.0,55.00067906726291,-54.53862822515688,-1.571864097173449,GOAL_REACHED,0.0,0.0,91.85551083034414,20.23606314373144,1.5700933953265106,nan,79.04
CRUISE,0.0,55.00067906726291,-54.53862822515688,-1.571864097173449,GOAL_REACHED,0.0,0.0,91.85551083034414,20.23606314373144,1.5700933953265106,nan,79.06
CRUISE,0.0,55.00067906726291,-54.53862822515688,-1.571864097173449,GOAL_REACHED,0.0,0.0,91.85551083034414,20.23606314373144,1.5700933953265106,nan,79.08
CRUISE,0.0,55.00067906726291,-54.53862822515688,-1.571864097173449,GOAL_REACHED,0.0,0.0,91.85551083034414,20.23606314373144,1.5700933953265106,nan,79.10000000000001
CRUISE,0.0,55.00067906726291,-54.53862822515688,-1.571864097173449,GOAL_REACHED,0.0,0.0,91.85551083034414,20.23606314373144,1.5700933953265106,nan,79.12
CRUISE,0.0,55.00067906726291,-54.53862822515688,-1.571864097173449,GOAL_REACHED,0.0,0.0,91.85551083034414,20.23606314373144,1.5700933953265106,nan,79.14
CRUISE,0.0,55.00067906726291,-54.53862822515688,-1.571864097173449,GOAL_REACHED,0.0,0.0,91.85551083034414,20.23606314373144,1.5700933953265106,nan,79.16000000000001
CRUISE,0.0,55.00067906726291,-54.53862822515688,-1.571864097173449,GOAL_REACHED,0.0,0.0,91.85551083034414,20.23606314373144,1.5700933953265106,nan,79.18
CRUISE,0.0,55.00067906726291,-54.53862822515688,-1.571864097173449,GOAL_REACHED,0.0,0.0,91.85551083034414,20.23606314373144,1.5700933953265106,nan,79.2
CRUISE,0.0,55.00067906726291,-54.53862822515688,-1.571864097173449,GOAL_REACHED,0.0,0.0,91.85551083034414,20.23606314373144,1.5700933953265106,nan,79.22
CRUISE,0.0,55.00067906726291,-54.53862822515688,-1.571864097173449,GOAL_REACHED,0.0,0.0,91.85551083034414,20.23606314373144,1.5700933953265106,nan,79.24000000000001
CRUISE,0.0,55.00067906726291,-54.53862822515688,-1.571864097173449,GOAL_REACHED,0.0,0.0,91.85551083034414,20.23606314373144,1.5700933953265106,nan,79.26
CRUISE,0.0,55.00067906726291,-54.53862822515688,-1.571864097173449,GOAL_REACHED,0.0,0.0,91.85551083034414,20.23606314373144,1.5700933953265106,nan,79.28
CRUISE,0.0,55.00067906726291,-54.53862822515688,-1.571864097173449,GOAL_REACHED,0.0,0.0,91.85551083034414,20.23606314373144,1.5700933953265106,nan,79.30000000000001
CRUISE,0.0,55.00067906726291,-54.53862822515688,-1.571864097173449,GOAL_REACHED,0.0,0.0,91.85551083034414,20.23606314373144,1.5700933953265106,nan,79.32000000000001
CRUISE,0.0,55.00067906726291,-54.53862822515688,-1.571864097173449,GOAL_REACHED,0.0,0.0,91.85551083034414,20.23606314373144,1.5700933953265106,nan,79.34
CRUISE,0.0,55.00067906726291,-54.53862822515688,-1.571864097173449,GOAL_REACHED,0.0,0.0,91.85551083034414,20.23606314373144,1.5700933953265106,nan,79.36
CRUISE,0.0,55.00067906726291,-54.53862822515688,-1.571864097173449,GOAL_REACHED,0.0,0.0,91.85551083034414,20.23606314373144,1.5700933953265106,nan,79.38000000000001
CRUISE,0.0,55.00067906726291,-54.53862822515688,-1.571864097173449,GOAL_REACHED,0.0,0.0,91.85551083034414,20.23606314373144,1.5700933953265106,nan,79.4
CRUISE,0.0,55.00067906726291,-54.53862822515688,-1.571864097173449,GOAL_REACHED,0.0,0.0,91.85551083034414,20.23606314373144,1.5700933953265106,nan,79.42
CRUISE,0.0,55.00067906726291,-54.53862822515688,-1.571864097173449,GOAL_REACHED,0.0,0.0,91.85551083034414,20.23606314373144,1.5700933953265106,nan,79.44000000000001
CRUISE,0.0,55.00067906726291,-54.53862822515688,-1.571864097173449,GOAL_REACHED,0.0,0.0,91.85551083034414,20.23606314373144,1.5700933953265106,nan,79.46000000000001
CRUISE,0.0,55.00067906726291,-54.53862822515688,-1.571864097173449,GOAL_REACHED,0.0,0.0,91.85551083034414,20.23606314373144,1.5700933953265106,nan,79.48100000000001
CRUISE,0.0,55.00067906726291,-54.53862822515688,-1.571864097173449,GOAL_REACHED,0.0,0.0,91.85551083034414,20.23606314373144,1.5700933953265106,nan,79.5
CRUISE,0.0,55.00067906726291,-54.53862822515688,-1.571864097173449,GOAL_REACHED,0.0,0.0,91.85551083034414,20.23606314373144,1.5700933953265106,nan,79.52000000000001
CRUISE,0.0,55.00067906726291,-54.53862822515688,-1.571864097173449,GOAL_REACHED,0.0,0.0,91.85551083034414,20.23606314373144,1.5700933953265106,nan,79.54
CRUISE,0.0,55.00067906726291,-54.53862822515688,-1.571864097173449,GOAL_REACHED,0.0,0.0,91.85551083034414,20.23606314373144,1.5700933953265106,nan,79.56
CRUISE,0.0,55.00067906726291,-54.53862822515688,-1.571864097173449,GOAL_REACHED,0.0,0.0,91.85551083034414,20.23606314373144,1.5700933953265106,nan,79.58
CRUISE,0.0,55.00067906726291,-54.53862822515688,-1.571864097173449,GOAL_REACHED,0.0,0.0,91.85551083034414,20.23606314373144,1.5700933953265106,nan,79.60000000000001
CRUISE,0.0,55.00067906726291,-54.53862822515688,-1.571864097173449,GOAL_REACHED,0.0,0.0,91.85551083034414,20.23606314373144,1.5700933953265106,nan,79.62
CRUISE,0.0,55.00067906726291,-54.53862822515688,-1.571864097173449,GOAL_REACHED,0.0,0.0,91.85551083034414,20.23606314373144,1.5700933953265106,nan,79.64
CRUISE,0.0,55.00067906726291,-54.53862822515688,-1.571864097173449,GOAL_REACHED,0.0,0.0,91.85551083034414,20.23606314373144,1.5700933953265106,nan,79.66000000000001
CRUISE,0.0,55.00067906726291,-54.53862822515688,-1.571864097173449,GOAL_REACHED,0.0,0.0,91.85551083034414,20.23606314373144,1.5700933953265106,nan,79.68
CRUISE,0.0,55.00067906726291,-54.53862822515688,-1.571864097173449,GOAL_REACHED,0.0,0.0,91.85551083034414,20.23606314373144,1.5700933953265106,nan,79.7
CRUISE,0.0,55.00067906726291,-54.53862822515688,-1.571864097173449,GOAL_REACHED,0.0,0.0,91.85551083034414,20.23606314373144,1.5700933953265106,nan,79.72
CRUISE,0.0,55.00067906726291,-54.53862822515688,-1.571864097173449,GOAL_REACHED,0.0,0.0,91.85551083034414,20.23606314373144,1.5700933953265106,nan,79.74000000000001
CRUISE,0.0,55.00067906726291,-54.53862822515688,-1.571864097173449,GOAL_REACHED,0.0,0.0,91.85551083034414,20.23606314373144,1.5700933953265106,nan,79.76
CRUISE,0.0,55.00067906726291,-54.53862822515688,-1.571864097173449,GOAL_REACHED,0.0,0.0,91.85551083034414,20.23606314373144,1.5700933953265106,nan,79.78
CRUISE,0.0,55.00067906726291,-54.53862822515688,-1.571864097173449,GOAL_REACHED,0.0,0.0,91.85551083034414,20.23606314373144,1.5700933953265106,nan,79.80000000000001
CRUISE,0.0,55.00067906726291,-54.53862822515688,-1.571864097173449,GOAL_REACHED,0.0,0.0,91.85551083034414,20.23606314373144,1.5700933953265106,nan,79.82000000000001
CRUISE,0.0,55.00067906726291,-54.53862822515688,-1.571864097173449,GOAL_REACHED,0.0,0.0,91.85551083034414,20.23606314373144,1.5700933953265106,nan,79.84
CRUISE,0.0,55.00067906726291,-54.53862822515688,-1.571864097173449,GOAL_REACHED,0.0,0.0,91.85551083034414,20.23606314373144,1.5700933953265106,nan,79.86
CRUISE,0.0,55.00067906726291,-54.53862822515688,-1.571864097173449,GOAL_REACHED,0.0,0.0,91.85551083034414,20.23606314373144,1.5700933953265106,nan,79.88000000000001
CRUISE,0.0,55.00067906726291,-54.53862822515688,-1.571864097173449,GOAL_REACHED,0.0,0.0,91.85551083034414,20.23606314373144,1.5700933953265106,nan,79.9
CRUISE,0.0,55.00067906726291,-54.53862822515688,-1.571864097173449,GOAL_REACHED,0.0,0.0,91.85551083034414,20.23606314373144,1.5700933953265106,nan,79.92
CRUISE,0.0,55.00067906726291,-54.53862822515688,-1.571864097173449,GOAL_REACHED,0.0,0.0,91.85551083034414,20.23606314373144,1.5700933953265106,nan,79.94000000000001
CRUISE,0.0,55.00067906726291,-54.53862822515688,-1.571864097173449,GOAL_REACHED,0.0,0.0,91.85551083034414,20.23606314373144,1.5700933953265106,nan,79.96000000000001
CRUISE,0.0,55.00067906726291,-54.53862822515688,-1.571864097173449,GOAL_REACHED,0.0,0.0,91.85551083034414,20.23606314373144,1.5700933953265106,nan,79.98
CRUISE,0.0,55.00067906726291,-54.53862822515688,-1.571864097173449,GOAL_REACHED,0.0,0.0,91.85551083034414,20.23606314373144,1.5700933953265106,nan,80.0
CRUISE,0.0,55.00067906726291,-54.53862822515688,-1.571864097173449,GOAL_REACHED,0.0,0.0,91.85551083034414,20.23606314373144,1.5700933953265106,nan,80.021
CRUISE,0.0,55.00067906726291,-54.53862822515688,-1.571864097173449,GOAL_REACHED,0.0,0.0,91.85551083034414,20.23606314373144,1.5700933953265106,nan,80.04
CRUISE,0.0,55.00067906726291,-54.53862822515688,-1.571864097173449,GOAL_REACHED,0.0,0.0,91.85551083034414,20.23606314373144,1.5700933953265106,nan,80.06
CRUISE,0.0,55.00067906726291,-54.53862822515688,-1.571864097173449,GOAL_REACHED,0.0,0.0,91.85551083034414,20.23606314373144,1.5700933953265106,nan,80.08
CRUISE,0.0,55.00067906726291,-54.53862822515688,-1.571864097173449,GOAL_REACHED,0.0,0.0,91.85551083034414,20.23606314373144,1.5700933953265106,nan,80.101
CRUISE,0.0,55.00067906726291,-54.53862822515688,-1.571864097173449,GOAL_REACHED,0.0,0.0,91.85551083034414,20.23606314373144,1.5700933953265106,nan,80.12100000000001
CRUISE,0.0,55.00067906726291,-54.53862822515688,-1.571864097173449,GOAL_REACHED,0.0,0.0,91.85551083034414,20.23606314373144,1.5700933953265106,nan,80.14
CRUISE,0.0,55.00067906726291,-54.53862822515688,-1.571864097173449,GOAL_REACHED,0.0,0.0,91.85551083034414,20.23606314373144,1.5700933953265106,nan,80.16000000000001
CRUISE,0.0,55.00067906726291,-54.53862822515688,-1.571864097173449,GOAL_REACHED,0.0,0.0,91.85551083034414,20.23606314373144,1.5700933953265106,nan,80.18
CRUISE,0.0,55.00067906726291,-54.53862822515688,-1.571864097173449,GOAL_REACHED,0.0,0.0,91.85551083034414,20.23606314373144,1.5700933953265106,nan,80.2
CRUISE,0.0,55.00067906726291,-54.53862822515688,-1.571864097173449,GOAL_REACHED,0.0,0.0,91.85551083034414,20.23606314373144,1.5700933953265106,nan,80.22
CRUISE,0.0,55.00067906726291,-54.53862822515688,-1.571864097173449,GOAL_REACHED,0.0,0.0,91.85551083034414,20.23606314373144,1.5700933953265106,nan,80.24000000000001
CRUISE,0.0,55.00067906726291,-54.53862822515688,-1.571864097173449,GOAL_REACHED,0.0,0.0,91.85551083034414,20.23606314373144,1.5700933953265106,nan,80.26
CRUISE,0.0,55.00067906726291,-54.53862822515688,-1.571864097173449,GOAL_REACHED,0.0,0.0,91.85551083034414,20.23606314373144,1.5700933953265106,nan,80.28
CRUISE,0.0,55.00067906726291,-54.53862822515688,-1.571864097173449,GOAL_REACHED,0.0,0.0,91.85551083034414,20.23606314373144,1.5700933953265106,nan,80.30000000000001
CRUISE,0.0,55.00067906726291,-54.53862822515688,-1.571864097173449,GOAL_REACHED,0.0,0.0,91.85551083034414,20.23606314373144,1.5700933953265106,nan,80.32000000000001
CRUISE,0.0,55.00067906726291,-54.53862822515688,-1.571864097173449,GOAL_REACHED,0.0,0.0,91.85551083034414,20.23606314373144,1.5700933953265106,nan,80.34
CRUISE,0.0,55.00067906726291,-54.53862822515688,-1.571864097173449,GOAL_REACHED,0.0,0.0,91.85551083034414,20.23606314373144,1.5700933953265106,nan,80.36
CRUISE,0.0,55.00067906726291,-54.53862822515688,-1.571864097173449,GOAL_REACHED,0.0,0.0,91.85551083034414,20.23606314373144,1.5700933953265106,nan,80.381
CRUISE,0.0,55.00067906726291,-54.53862822515688,-1.571864097173449,GOAL_REACHED,0.0,0.0,91.85551083034414,20.23606314373144,1.5700933953265106,nan,80.402
CRUISE,0.0,55.00067906726291,-54.53862822515688,-1.571864097173449,GOAL_REACHED,0.0,0.0,91.85551083034414,20.23606314373144,1.5700933953265106,nan,80.42
CRUISE,0.0,55.00067906726291,-54.53862822515688,-1.571864097173449,GOAL_REACHED,0.0,0.0,91.85551083034414,20.23606314373144,1.5700933953265106,nan,80.44000000000001
CRUISE,0.0,55.00067906726291,-54.53862822515688,-1.571864097173449,GOAL_REACHED,0.0,0.0,91.85551083034414,20.23606314373144,1.5700933953265106,nan,80.46000000000001
CRUISE,0.0,55.00067906726291,-54.53862822515688,-1.571864097173449,GOAL_REACHED,0.0,0.0,91.85551083034414,20.23606314373144,1.5700933953265106,nan,80.48
CRUISE,0.0,55.00067906726291,-54.53862822515688,-1.571864097173449,GOAL_REACHED,0.0,0.0,91.85551083034414,20.23606314373144,1.5700933953265106,nan,80.5
CRUISE,0.0,55.00067906726291,-54.53862822515688,-1.571864097173449,GOAL_REACHED,0.0,0.0,91.85551083034414,20.23606314373144,1.5700933953265106,nan,80.52000000000001
CRUISE,0.0,55.00067906726291,-54.53862822515688,-1.571864097173449,GOAL_REACHED,0.0,0.0,91.85551083034414,20.23606314373144,1.5700933953265106,nan,80.54
CRUISE,0.0,55.00067906726291,-54.53862822515688,-1.571864097173449,GOAL_REACHED,0.0,0.0,91.85551083034414,20.23606314373144,1.5700933953265106,nan,80.56
CRUISE,0.0,55.00067906726291,-54.53862822515688,-1.571864097173449,GOAL_REACHED,0.0,0.0,91.85551083034414,20.23606314373144,1.5700933953265106,nan,80.58
CRUISE,0.0,55.00067906726291,-54.53862822515688,-1.571864097173449,GOAL_REACHED,0.0,0.0,91.85551083034414,20.23606314373144,1.5700933953265106,nan,80.60000000000001
CRUISE,0.0,55.00067906726291,-54.53862822515688,-1.571864097173449,GOAL_REACHED,0.0,0.0,91.85551083034414,20.23606314373144,1.5700933953265106,nan,80.62
CRUISE,0.0,55.00067906726291,-54.53862822515688,-1.571864097173449,GOAL_REACHED,0.0,0.0,91.85551083034414,20.23606314373144,1.5700933953265106,nan,80.64
CRUISE,0.0,55.00067906726291,-54.53862822515688,-1.571864097173449,GOAL_REACHED,0.0,0.0,91.85551083034414,20.23606314373144,1.5700933953265106,nan,80.66000000000001
CRUISE,0.0,55.00067906726291,-54.53862822515688,-1.571864097173449,GOAL_REACHED,0.0,0.0,91.85551083034414,20.23606314373144,1.5700933953265106,nan,80.68
CRUISE,0.0,55.00067906726291,-54.53862822515688,-1.571864097173449,GOAL_REACHED,0.0,0.0,91.85551083034414,20.23606314373144,1.5700933953265106,nan,80.7
CRUISE,0.0,55.00067906726291,-54.53862822515688,-1.571864097173449,GOAL_REACHED,0.0,0.0,91.85551083034414,20.23606314373144,1.5700933953265106,nan,80.72
CRUISE,0.0,55.00067906726291,-54.53862822515688,-1.571864097173449,GOAL_REACHED,0.0,0.0,91.85551083034414,20.23606314373144,1.5700933953265106,nan,80.74000000000001
CRUISE,0.0,55.00067906726291,-54.53862822515688,-1.571864097173449,GOAL_REACHED,0.0,0.0,91.85551083034414,20.23606314373144,1.5700933953265106,nan,80.76
CRUISE,0.0,55.00067906726291,-54.53862822515688,-1.571864097173449,GOAL_REACHED,0.0,0.0,91.85551083034414,20.23606314373144,1.5700933953265106,nan,80.78
CRUISE,0.0,55.00067906726291,-54.53862822515688,-1.571864097173449,GOAL_REACHED,0.0,0.0,91.85551083034414,20.23606314373144,1.5700933953265106,nan,80.80000000000001
CRUISE,0.0,55.00067906726291,-54.53862822515688,-1.571864097173449,GOAL_REACHED,0.0,0.0,91.85551083034414,20.23606314373144,1.5700933953265106,nan,80.82000000000001
CRUISE,0.0,55.00067906726291,-54.53862822515688,-1.571864097173449,GOAL_REACHED,0.0,0.0,91.85551083034414,20.23606314373144,1.5700933953265106,nan,80.84
CRUISE,0.0,55.00067906726291,-54.53862822515688,-1.571864097173449,GOAL_REACHED,0.0,0.0,91.85551083034414,20.23606314373144,1.5700933953265106,nan,80.861
CRUISE,0.0,55.00067906726291,-54.53862822515688,-1.571864097173449,GOAL_REACHED,0.0,0.0,91.85551083034414,20.23606314373144,1.5700933953265106,nan,80.88000000000001
CRUISE,0.0,55.00067906726291,-54.53862822515688,-1.571864097173449,GOAL_REACHED,0.0,0.0,91.85551083034414,20.23606314373144,1.5700933953265106,nan,80.9
CRUISE,0.0,55.00067906726291,-54.53862822515688,-1.571864097173449,GOAL_REACHED,0.0,0.0,91.85551083034414,20.23606314373144,1.5700933953265106,nan,80.921
CRUISE,0.0,55.00067906726291,-54.53862822515688,-1.571864097173449,GOAL_REACHED,0.0,0.0,91.85551083034414,20.23606314373144,1.5700933953265106,nan,80.94000000000001
CRUISE,0.0,55.00067906726291,-54.53862822515688,-1.571864097173449,GOAL_REACHED,0.0,0.0,91.85551083034414,20.23606314373144,1.5700933953265106,nan,80.96000000000001
CRUISE,0.0,55.00067906726291,-54.53862822515688,-1.571864097173449,GOAL_REACHED,0.0,0.0,91.85551083034414,20.23606314373144,1.5700933953265106,nan,80.98
CRUISE,0.0,55.00067906726291,-54.53862822515688,-1.571864097173449,GOAL_REACHED,0.0,0.0,91.85551083034414,20.23606314373144,1.5700933953265106,nan,81.0
CRUISE,0.0,55.00067906726291,-54.53862822515688,-1.571864097173449,GOAL_REACHED,0.0,0.0,91.85551083034414,20.23606314373144,1.5700933953265106,nan,81.02000000000001
CRUISE,0.0,55.00067906726291,-54.53862822515688,-1.571864097173449,GOAL_REACHED,0.0,0.0,91.85551083034414,20.23606314373144,1.5700933953265106,nan,81.04
CRUISE,0.0,55.00067906726291,-54.53862822515688,-1.571864097173449,GOAL_REACHED,0.0,0.0,91.85551083034414,20.23606314373144,1.5700933953265106,nan,81.06
CRUISE,0.0,55.00067906726291,-54.53862822515688,-1.571864097173449,GOAL_REACHED,0.0,0.0,91.85551083034414,20.23606314373144,1.5700933953265106,nan,81.08
CRUISE,0.0,55.00067906726291,-54.53862822515688,-1.571864097173449,GOAL_REACHED,0.0,0.0,91.85551083034414,20.23606314373144,1.5700933953265106,nan,81.10000000000001
CRUISE,0.0,55.00067906726291,-54.53862822515688,-1.571864097173449,GOAL_REACHED,0.0,0.0,91.85551083034414,20.23606314373144,1.5700933953265106,nan,81.12
CRUISE,0.0,55.00067906726291,-54.53862822515688,-1.571864097173449,GOAL_REACHED,0.0,0.0,91.85551083034414,20.23606314373144,1.5700933953265106,nan,81.14
CRUISE,0.0,55.00067906726291,-54.53862822515688,-1.571864097173449,GOAL_REACHED,0.0,0.0,91.85551083034414,20.23606314373144,1.5700933953265106,nan,81.16000000000001
CRUISE,0.0,55.00067906726291,-54.53862822515688,-1.571864097173449,GOAL_REACHED,0.0,0.0,91.85551083034414,20.23606314373144,1.5700933953265106,nan,81.18
CRUISE,0.0,55.00067906726291,-54.53862822515688,-1.571864097173449,GOAL_REACHED,0.0,0.0,91.85551083034414,20.23606314373144,1.5700933953265106,nan,81.2
CRUISE,0.0,55.00067906726291,-54.53862822515688,-1.571864097173449,GOAL_REACHED,0.0,0.0,91.85551083034414,20.23606314373144,1.5700933953265106,nan,81.22
CRUISE,0.0,55.00067906726291,-54.53862822515688,-1.571864097173449,GOAL_REACHED,0.0,0.0,91.85551083034414,20.23606314373144,1.5700933953265106,nan,81.24000000000001
CRUISE,0.0,55.00067906726291,-54.53862822515688,-1.571864097173449,GOAL_REACHED,0.0,0.0,91.85551083034414,20.23606314373144,1.5700933953265106,nan,81.26
CRUISE,0.0,55.00067906726291,-54.53862822515688,-1.571864097173449,GOAL_REACHED,0.0,0.0,91.85551083034414,20.23606314373144,1.5700933953265106,nan,81.28
CRUISE,0.0,55.00067906726291,-54.53862822515688,-1.571864097173449,GOAL_REACHED,0.0,0.0,91.85551083034414,20.23606314373144,1.5700933953265106,nan,81.301
CRUISE,0.0,55.00067906726291,-54.53862822515688,-1.571864097173449,GOAL_REACHED,0.0,0.0,91.85551083034414,20.23606314373144,1.5700933953265106,nan,81.32100000000001
CRUISE,0.0,55.00067906726291,-54.53862822515688,-1.571864097173449,GOAL_REACHED,0.0,0.0,91.85551083034414,20.23606314373144,1.5700933953265106,nan,81.34
CRUISE,0.0,55.00067906726291,-54.53862822515688,-1.571864097173449,GOAL_REACHED,0.0,0.0,91.85551083034414,20.23606314373144,1.5700933953265106,nan,81.36
CRUISE,0.0,55.00067906726291,-54.53862822515688,-1.571864097173449,GOAL_REACHED,0.0,0.0,91.85551083034414,20.23606314373144,1.5700933953265106,nan,81.381
CRUISE,0.0,55.00067906726291,-54.53862822515688,-1.571864097173449,GOAL_REACHED,0.0,0.0,91.85551083034414,20.23606314373144,1.5700933953265106,nan,81.4
CRUISE,0.0,55.00067906726291,-54.53862822515688,-1.571864097173449,GOAL_REACHED,0.0,0.0,91.85551083034414,20.23606314373144,1.5700933953265106,nan,81.42
CRUISE,0.0,55.00067906726291,-54.53862822515688,-1.571864097173449,GOAL_REACHED,0.0,0.0,91.85551083034414,20.23606314373144,1.5700933953265106,nan,81.44000000000001
CRUISE,0.0,55.00067906726291,-54.53862822515688,-1.571864097173449,GOAL_REACHED,0.0,0.0,91.85551083034414,20.23606314373144,1.5700933953265106,nan,81.46000000000001
CRUISE,0.0,55.00067906726291,-54.53862822515688,-1.571864097173449,GOAL_REACHED,0.0,0.0,91.85551083034414,20.23606314373144,1.5700933953265106,nan,81.48
CRUISE,0.0,55.00067906726291,-54.53862822515688,-1.571864097173449,GOAL_REACHED,0.0,0.0,91.85551083034414,20.23606314373144,1.5700933953265106,nan,81.5
CRUISE,0.0,55.00067906726291,-54.53862822515688,-1.571864097173449,GOAL_REACHED,0.0,0.0,91.85551083034414,20.23606314373144,1.5700933953265106,nan,81.52000000000001
CRUISE,0.0,55.00067906726291,-54.53862822515688,-1.571864097173449,GOAL_REACHED,0.0,0.0,91.85551083034414,20.23606314373144,1.5700933953265106,nan,81.54
CRUISE,0.0,55.00067906726291,-54.53862822515688,-1.571864097173449,GOAL_REACHED,0.0,0.0,91.85551083034414,20.23606314373144,1.5700933953265106,nan,81.56
CRUISE,0.0,55.00067906726291,-54.53862822515688,-1.571864097173449,GOAL_REACHED,0.0,0.0,91.85551083034414,20.23606314373144,1.5700933953265106,nan,81.58
CRUISE,0.0,55.00067906726291,-54.53862822515688,-1.571864097173449,GOAL_REACHED,0.0,0.0,91.85551083034414,20.23606314373144,1.5700933953265106,nan,81.60000000000001
CRUISE,0.0,55.00067906726291,-54.53862822515688,-1.571864097173449,GOAL_REACHED,0.0,0.0,91.85551083034414,20.23606314373144,1.5700933953265106,nan,81.62
CRUISE,0.0,55.00067906726291,-54.53862822515688,-1.571864097173449,GOAL_REACHED,0.0,0.0,91.85551083034414,20.23606314373144,1.5700933953265106,nan,81.64
CRUISE,0.0,55.00067906726291,-54.53862822515688,-1.571864097173449,GOAL_REACHED,0.0,0.0,91.85551083034414,20.23606314373144,1.5700933953265106,nan,81.661
CRUISE,0.0,55.00067906726291,-54.53862822515688,-1.571864097173449,GOAL_REACHED,0.0,0.0,91.85551083034414,20.23606314373144,1.5700933953265106,nan,81.68
CRUISE,0.0,55.00067906726291,-54.53862822515688,-1.571864097173449,GOAL_REACHED,0.0,0.0,91.85551083034414,20.23606314373144,1.5700933953265106,nan,81.7
CRUISE,0.0,55.00067906726291,-54.53862822515688,-1.571864097173449,GOAL_REACHED,0.0,0.0,91.85551083034414,20.23606314373144,1.5700933953265106,nan,81.72
CRUISE,0.0,55.00067906726291,-54.53862822515688,-1.571864097173449,GOAL_REACHED,0.0,0.0,91.85551083034414,20.23606314373144,1.5700933953265106,nan,81.74000000000001
CRUISE,0.0,55.00067906726291,-54.53862822515688,-1.571864097173449,GOAL_REACHED,0.0,0.0,91.85551083034414,20.23606314373144,1.5700933953265106,nan,81.76
CRUISE,0.0,55.00067906726291,-54.53862822515688,-1.571864097173449,GOAL_REACHED,0.0,0.0,91.85551083034414,20.23606314373144,1.5700933953265106,nan,81.78
CRUISE,0.0,55.00067906726291,-54.53862822515688,-1.571864097173449,GOAL_REACHED,0.0,0.0,91.85551083034414,20.23606314373144,1.5700933953265106,nan,81.80000000000001
CRUISE,0.0,55.00067906726291,-54.53862822515688,-1.571864097173449,GOAL_REACHED,0.0,0.0,91.85551083034414,20.23606314373144,1.5700933953265106,nan,81.82000000000001
CRUISE,0.0,55.00067906726291,-54.53862822515688,-1.571864097173449,GOAL_REACHED,0.0,0.0,91.85551083034414,20.23606314373144,1.5700933953265106,nan,81.84
CRUISE,0.0,55.00067906726291,-54.53862822515688,-1.571864097173449,GOAL_REACHED,0.0,0.0,91.85551083034414,20.23606314373144,1.5700933953265106,nan,81.86
CRUISE,0.0,55.00067906726291,-54.53862822515688,-1.571864097173449,GOAL_REACHED,0.0,0.0,91.85551083034414,20.23606314373144,1.5700933953265106,nan,81.88000000000001
CRUISE,0.0,55.00067906726291,-54.53862822515688,-1.571864097173449,GOAL_REACHED,0.0,0.0,91.85551083034414,20.23606314373144,1.5700933953265106,nan,81.9
CRUISE,0.0,55.00067906726291,-54.53862822515688,-1.571864097173449,GOAL_REACHED,0.0,0.0,91.85551083034414,20.23606314373144,1.5700933953265106,nan,81.92
CRUISE,0.0,55.00067906726291,-54.53862822515688,-1.571864097173449,GOAL_REACHED,0.0,0.0,91.85551083034414,20.23606314373144,1.5700933953265106,nan,81.94000000000001
CRUISE,0.0,55.00067906726291,-54.53862822515688,-1.571864097173449,GOAL_REACHED,0.0,0.0,91.85551083034414,20.23606314373144,1.5700933953265106,nan,81.96000000000001
CRUISE,0.0,55.00067906726291,-54.53862822515688,-1.571864097173449,GOAL_REACHED,0.0,0.0,91.85551083034414,20.23606314373144,1.5700933953265106,nan,81.98
CRUISE,0.0,55.00067906726291,-54.53862822515688,-1.571864097173449,GOAL_REACHED,0.0,0.0,91.85551083034414,20.23606314373144,1.5700933953265106,nan,82.0
CRUISE,0.0,55.00067906726291,-54.53862822515688,-1.571864097173449,GOAL_REACHED,0.0,0.0,91.85551083034414,20.23606314373144,1.5700933953265106,nan,82.021
CRUISE,0.0,55.00067906726291,-54.53862822515688,-1.571864097173449,GOAL_REACHED,0.0,0.0,91.85551083034414,20.23606314373144,1.5700933953265106,nan,82.04100000000001
CRUISE,0.0,55.00067906726291,-54.53862822515688,-1.571864097173449,GOAL_REACHED,0.0,0.0,91.85551083034414,20.23606314373144,1.5700933953265106,nan,82.06
CRUISE,0.0,55.00067906726291,-54.53862822515688,-1.571864097173449,GOAL_REACHED,0.0,0.0,91.85551083034414,20.23606314373144,1.5700933953265106,nan,82.08
CRUISE,0.0,55.00067906726291,-54.53862822515688,-1.571864097173449,GOAL_REACHED,0.0,0.0,91.85551083034414,20.23606314373144,1.5700933953265106,nan,82.10000000000001
CRUISE,0.0,55.00067906726291,-54.53862822515688,-1.571864097173449,GOAL_REACHED,0.0,0.0,91.85551083034414,20.23606314373144,1.5700933953265106,nan,82.12
CRUISE,0.0,55.00067906726291,-54.53862822515688,-1.571864097173449,GOAL_REACHED,0.0,0.0,91.85551083034414,20.23606314373144,1.5700933953265106,nan,82.14
CRUISE,0.0,55.00067906726291,-54.53862822515688,-1.571864097173449,GOAL_REACHED,0.0,0.0,91.85551083034414,20.23606314373144,1.5700933953265106,nan,82.16000000000001
CRUISE,0.0,55.00067906726291,-54.53862822515688,-1.571864097173449,GOAL_REACHED,0.0,0.0,91.85551083034414,20.23606314373144,1.5700933953265106,nan,82.18
CRUISE,0.0,55.00067906726291,-54.53862822515688,-1.571864097173449,GOAL_REACHED,0.0,0.0,91.85551083034414,20.23606314373144,1.5700933953265106,nan,82.2
CRUISE,0.0,55.00067906726291,-54.53862822515688,-1.571864097173449,GOAL_REACHED,0.0,0.0,91.85551083034414,20.23606314373144,1.5700933953265106,nan,82.22
CRUISE,0.0,55.00067906726291,-54.53862822515688,-1.571864097173449,GOAL_REACHED,0.0,0.0,91.85551083034414,20.23606314373144,1.5700933953265106,nan,82.24000000000001
CRUISE,0.0,55.00067906726291,-54.53862822515688,-1.571864097173449,GOAL_REACHED,0.0,0.0,91.85551083034414,20.23606314373144,1.5700933953265106,nan,82.26
CRUISE,0.0,55.00067906726291,-54.53862822515688,-1.571864097173449,GOAL_REACHED,0.0,0.0,91.85551083034414,20.23606314373144,1.5700933953265106,nan,82.28
CRUISE,0.0,55.00067906726291,-54.53862822515688,-1.571864097173449,GOAL_REACHED,0.0,0.0,91.85551083034414,20.23606314373144,1.5700933953265106,nan,82.30000000000001
CRUISE,0.0,55.00067906726291,-54.53862822515688,-1.571864097173449,GOAL_REACHED,0.0,0.0,91.85551083034414,20.23606314373144,1.5700933953265106,nan,82.32000000000001
CRUISE,0.0,55.00067906726291,-54.53862822515688,-1.571864097173449,GOAL_REACHED,0.0,0.0,91.85551083034414,20.23606314373144,1.5700933953265106,nan,82.34
CRUISE,0.0,55.00067906726291,-54.53862822515688,-1.571864097173449,GOAL_REACHED,0.0,0.0,91.85551083034414,20.23606314373144,1.5700933953265106,nan,82.36
CRUISE,0.0,55.00067906726291,-54.53862822515688,-1.571864097173449,GOAL_REACHED,0.0,0.0,91.85551083034414,20.23606314373144,1.5700933953265106,nan,82.381
CRUISE,0.0,55.00067906726291,-54.53862822515688,-1.571864097173449,GOAL_REACHED,0.0,0.0,91.85551083034414,20.23606314373144,1.5700933953265106,nan,82.40100000000001
CRUISE,0.0,55.00067906726291,-54.53862822515688,-1.571864097173449,GOAL_REACHED,0.0,0.0,91.85551083034414,20.23606314373144,1.5700933953265106,nan,82.42
CRUISE,0.0,55.00067906726291,-54.53862822515688,-1.571864097173449,GOAL_REACHED,0.0,0.0,91.85551083034414,20.23606314373144,1.5700933953265106,nan,82.44200000000001
CRUISE,0.0,55.00067906726291,-54.53862822515688,-1.571864097173449,GOAL_REACHED,0.0,0.0,91.85551083034414,20.23606314373144,1.5700933953265106,nan,82.46000000000001
CRUISE,0.0,55.00067906726291,-54.53862822515688,-1.571864097173449,GOAL_REACHED,0.0,0.0,91.85551083034414,20.23606314373144,1.5700933953265106,nan,82.48100000000001
CRUISE,0.0,55.00067906726291,-54.53862822515688,-1.571864097173449,GOAL_REACHED,0.0,0.0,91.85551083034414,20.23606314373144,1.5700933953265106,nan,82.5
CRUISE,0.0,55.00067906726291,-54.53862822515688,-1.571864097173449,GOAL_REACHED,0.0,0.0,91.85551083034414,20.23606314373144,1.5700933953265106,nan,82.52000000000001
CRUISE,0.0,55.00067906726291,-54.53862822515688,-1.571864097173449,GOAL_REACHED,0.0,0.0,91.85551083034414,20.23606314373144,1.5700933953265106,nan,82.54
CRUISE,0.0,55.00067906726291,-54.53862822515688,-1.571864097173449,GOAL_REACHED,0.0,0.0,91.85551083034414,20.23606314373144,1.5700933953265106,nan,82.56
CRUISE,0.0,55.00067906726291,-54.53862822515688,-1.571864097173449,GOAL_REACHED,0.0,0.0,91.85551083034414,20.23606314373144,1.5700933953265106,nan,82.58
CRUISE,0.0,55.00067906726291,-54.53862822515688,-1.571864097173449,GOAL_REACHED,0.0,0.0,91.85551083034414,20.23606314373144,1.5700933953265106,nan,82.60000000000001
CRUISE,0.0,55.00067906726291,-54.53862822515688,-1.571864097173449,GOAL_REACHED,0.0,0.0,91.85551083034414,20.23606314373144,1.5700933953265106,nan,82.62
CRUISE,0.0,55.00067906726291,-54.53862822515688,-1.571864097173449,GOAL_REACHED,0.0,0.0,91.85551083034414,20.23606314373144,1.5700933953265106,nan,82.64
CRUISE,0.0,55.00067906726291,-54.53862822515688,-1.571864097173449,GOAL_REACHED,0.0,0.0,91.85551083034414,20.23606314373144,1.5700933953265106,nan,82.66000000000001
CRUISE,0.0,55.00067906726291,-54.53862822515688,-1.571864097173449,GOAL_REACHED,0.0,0.0,91.85551083034414,20.23606314373144,1.5700933953265106,nan,82.68
CRUISE,0.0,55.00067906726291,-54.53862822515688,-1.571864097173449,GOAL_REACHED,0.0,0.0,91.85551083034414,20.23606314373144,1.5700933953265106,nan,82.7
CRUISE,0.0,55.00067906726291,-54.53862822515688,-1.571864097173449,GOAL_REACHED,0.0,0.0,91.85551083034414,20.23606314373144,1.5700933953265106,nan,82.72
CRUISE,0.0,55.00067906726291,-54.53862822515688,-1.571864097173449,GOAL_REACHED,0.0,0.0,91.85551083034414,20.23606314373144,1.5700933953265106,nan,82.74000000000001
CRUISE,0.0,55.00067906726291,-54.53862822515688,-1.571864097173449,GOAL_REACHED,0.0,0.0,91.85551083034414,20.23606314373144,1.5700933953265106,nan,82.76
CRUISE,0.0,55.00067906726291,-54.53862822515688,-1.571864097173449,GOAL_REACHED,0.0,0.0,91.85551083034414,20.23606314373144,1.5700933953265106,nan,82.78
CRUISE,0.0,55.00067906726291,-54.53862822515688,-1.571864097173449,GOAL_REACHED,0.0,0.0,91.85551083034414,20.23606314373144,1.5700933953265106,nan,82.80000000000001
CRUISE,0.0,55.00067906726291,-54.53862822515688,-1.571864097173449,GOAL_REACHED,0.0,0.0,91.85551083034414,20.23606314373144,1.5700933953265106,nan,82.82000000000001
CRUISE,0.0,55.00067906726291,-54.53862822515688,-1.571864097173449,GOAL_REACHED,0.0,0.0,91.85551083034414,20.23606314373144,1.5700933953265106,nan,82.84100000000001
CRUISE,0.0,55.00067906726291,-54.53862822515688,-1.571864097173449,GOAL_REACHED,0.0,0.0,91.85551083034414,20.23606314373144,1.5700933953265106,nan,82.86
CRUISE,0.0,55.00067906726291,-54.53862822515688,-1.571864097173449,GOAL_REACHED,0.0,0.0,91.85551083034414,20.23606314373144,1.5700933953265106,nan,82.881
CRUISE,0.0,55.00067906726291,-54.53862822515688,-1.571864097173449,GOAL_REACHED,0.0,0.0,91.85551083034414,20.23606314373144,1.5700933953265106,nan,82.90100000000001
CRUISE,0.0,55.00067906726291,-54.53862822515688,-1.571864097173449,GOAL_REACHED,0.0,0.0,91.85551083034414,20.23606314373144,1.5700933953265106,nan,82.92
CRUISE,0.0,55.00067906726291,-54.53862822515688,-1.571864097173449,GOAL_REACHED,0.0,0.0,91.85551083034414,20.23606314373144,1.5700933953265106,nan,82.94000000000001
CRUISE,0.0,55.00067906726291,-54.53862822515688,-1.571864097173449,GOAL_REACHED,0.0,0.0,91.85551083034414,20.23606314373144,1.5700933953265106,nan,82.96000000000001
CRUISE,0.0,55.00067906726291,-54.53862822515688,-1.571864097173449,GOAL_REACHED,0.0,0.0,91.85551083034414,20.23606314373144,1.5700933953265106,nan,82.98
CRUISE,0.0,55.00067906726291,-54.53862822515688,-1.571864097173449,GOAL_REACHED,0.0,0.0,91.85551083034414,20.23606314373144,1.5700933953265106,nan,83.0
CRUISE,0.0,55.00067906726291,-54.53862822515688,-1.571864097173449,GOAL_REACHED,0.0,0.0,91.85551083034414,20.23606314373144,1.5700933953265106,nan,83.02000000000001
CRUISE,0.0,55.00067906726291,-54.53862822515688,-1.571864097173449,GOAL_REACHED,0.0,0.0,91.85551083034414,20.23606314373144,1.5700933953265106,nan,83.04
CRUISE,0.0,55.00067906726291,-54.53862822515688,-1.571864097173449,GOAL_REACHED,0.0,0.0,91.85551083034414,20.23606314373144,1.5700933953265106,nan,83.06
CRUISE,0.0,55.00067906726291,-54.53862822515688,-1.571864097173449,GOAL_REACHED,0.0,0.0,91.85551083034414,20.23606314373144,1.5700933953265106,nan,83.08
CRUISE,0.0,55.00067906726291,-54.53862822515688,-1.571864097173449,GOAL_REACHED,0.0,0.0,91.85551083034414,20.23606314373144,1.5700933953265106,nan,83.101
CRUISE,0.0,55.00067906726291,-54.53862822515688,-1.571864097173449,GOAL_REACHED,0.0,0.0,91.85551083034414,20.23606314373144,1.5700933953265106,nan,83.12
CRUISE,0.0,55.00067906726291,-54.53862822515688,-1.571864097173449,GOAL_REACHED,0.0,0.0,91.85551083034414,20.23606314373144,1.5700933953265106,nan,83.14
CRUISE,0.0,55.00067906726291,-54.53862822515688,-1.571864097173449,GOAL_REACHED,0.0,0.0,91.85551083034414,20.23606314373144,1.5700933953265106,nan,83.16000000000001
CRUISE,0.0,55.00067906726291,-54.53862822515688,-1.571864097173449,GOAL_REACHED,0.0,0.0,91.85551083034414,20.23606314373144,1.5700933953265106,nan,83.18
CRUISE,0.0,55.00067906726291,-54.53862822515688,-1.571864097173449,GOAL_REACHED,0.0,0.0,91.85551083034414,20.23606314373144,1.5700933953265106,nan,83.2
CRUISE,0.0,55.00067906726291,-54.53862822515688,-1.571864097173449,GOAL_REACHED,0.0,0.0,91.85551083034414,20.23606314373144,1.5700933953265106,nan,83.221
CRUISE,0.0,55.00067906726291,-54.53862822515688,-1.571864097173449,GOAL_REACHED,0.0,0.0,91.85551083034414,20.23606314373144,1.5700933953265106,nan,83.241
CRUISE,0.0,55.00067906726291,-54.53862822515688,-1.571864097173449,GOAL_REACHED,0.0,0.0,91.85551083034414,20.23606314373144,1.5700933953265106,nan,83.26
CRUISE,0.0,55.00067906726291,-54.53862822515688,-1.571864097173449,GOAL_REACHED,0.0,0.0,91.85551083034414,20.23606314373144,1.5700933953265106,nan,83.28
CRUISE,0.0,55.00067906726291,-54.53862822515688,-1.571864097173449,GOAL_REACHED,0.0,0.0,91.85551083034414,20.23606314373144,1.5700933953265106,nan,83.30000000000001
CRUISE,0.0,55.00067906726291,-54.53862822515688,-1.571864097173449,GOAL_REACHED,0.0,0.0,91.85551083034414,20.23606314373144,1.5700933953265106,nan,83.32000000000001
CRUISE,0.0,55.00067906726291,-54.53862822515688,-1.571864097173449,GOAL_REACHED,0.0,0.0,91.85551083034414,20.23606314373144,1.5700933953265106,nan,83.34
CRUISE,0.0,55.00067906726291,-54.53862822515688,-1.571864097173449,GOAL_REACHED,0.0,0.0,91.85551083034414,20.23606314373144,1.5700933953265106,nan,83.36
CRUISE,0.0,55.00067906726291,-54.53862822515688,-1.571864097173449,GOAL_REACHED,0.0,0.0,91.85551083034414,20.23606314373144,1.5700933953265106,nan,83.381
CRUISE,0.0,55.00067906726291,-54.53862822515688,-1.571864097173449,GOAL_REACHED,0.0,0.0,91.85551083034414,20.23606314373144,1.5700933953265106,nan,83.4
CRUISE,0.0,55.00067906726291,-54.53862822515688,-1.571864097173449,GOAL_REACHED,0.0,0.0,91.85551083034414,20.23606314373144,1.5700933953265106,nan,83.42
CRUISE,0.0,55.00067906726291,-54.53862822515688,-1.571864097173449,GOAL_REACHED,0.0,0.0,91.85551083034414,20.23606314373144,1.5700933953265106,nan,83.44000000000001
CRUISE,0.0,55.00067906726291,-54.53862822515688,-1.571864097173449,GOAL_REACHED,0.0,0.0,91.85551083034414,20.23606314373144,1.5700933953265106,nan,83.46000000000001
CRUISE,0.0,55.00067906726291,-54.53862822515688,-1.571864097173449,GOAL_REACHED,0.0,0.0,91.85551083034414,20.23606314373144,1.5700933953265106,nan,83.48
CRUISE,0.0,55.00067906726291,-54.53862822515688,-1.571864097173449,GOAL_REACHED,0.0,0.0,91.85551083034414,20.23606314373144,1.5700933953265106,nan,83.5
CRUISE,0.0,55.00067906726291,-54.53862822515688,-1.571864097173449,GOAL_REACHED,0.0,0.0,91.85551083034414,20.23606314373144,1.5700933953265106,nan,83.52000000000001
CRUISE,0.0,55.00067906726291,-54.53862822515688,-1.571864097173449,GOAL_REACHED,0.0,0.0,91.85551083034414,20.23606314373144,1.5700933953265106,nan,83.54
CRUISE,0.0,55.00067906726291,-54.53862822515688,-1.571864097173449,GOAL_REACHED,0.0,0.0,91.85551083034414,20.23606314373144,1.5700933953265106,nan,83.56
CRUISE,0.0,55.00067906726291,-54.53862822515688,-1.571864097173449,GOAL_REACHED,0.0,0.0,91.85551083034414,20.23606314373144,1.5700933953265106,nan,83.58
CRUISE,0.0,55.00067906726291,-54.53862822515688,-1.571864097173449,GOAL_REACHED,0.0,0.0,91.85551083034414,20.23606314373144,1.5700933953265106,nan,83.60000000000001
CRUISE,0.0,55.00067906726291,-54.53862822515688,-1.571864097173449,GOAL_REACHED,0.0,0.0,91.85551083034414,20.23606314373144,1.5700933953265106,nan,83.62
CRUISE,0.0,55.00067906726291,-54.53862822515688,-1.571864097173449,GOAL_REACHED,0.0,0.0,91.85551083034414,20.23606314373144,1.5700933953265106,nan,83.64
CRUISE,0.0,55.00067906726291,-54.53862822515688,-1.571864097173449,GOAL_REACHED,0.0,0.0,91.85551083034414,20.23606314373144,1.5700933953265106,nan,83.66000000000001
CRUISE,0.0,55.00067906726291,-54.53862822515688,-1.571864097173449,GOAL_REACHED,0.0,0.0,91.85551083034414,20.23606314373144,1.5700933953265106,nan,83.68
CRUISE,0.0,55.00067906726291,-54.53862822515688,-1.571864097173449,GOAL_REACHED,0.0,0.0,91.85551083034414,20.23606314373144,1.5700933953265106,nan,83.7
CRUISE,0.0,55.00067906726291,-54.53862822515688,-1.571864097173449,GOAL_REACHED,0.0,0.0,91.85551083034414,20.23606314373144,1.5700933953265106,nan,83.72
CRUISE,0.0,55.00067906726291,-54.53862822515688,-1.571864097173449,GOAL_REACHED,0.0,0.0,91.85551083034414,20.23606314373144,1.5700933953265106,nan,83.74000000000001
CRUISE,0.0,55.00067906726291,-54.53862822515688,-1.571864097173449,GOAL_REACHED,0.0,0.0,91.85551083034414,20.23606314373144,1.5700933953265106,nan,83.76
CRUISE,0.0,55.00067906726291,-54.53862822515688,-1.571864097173449,GOAL_REACHED,0.0,0.0,91.85551083034414,20.23606314373144,1.5700933953265106,nan,83.78
CRUISE,0.0,55.00067906726291,-54.53862822515688,-1.571864097173449,GOAL_REACHED,0.0,0.0,91.85551083034414,20.23606314373144,1.5700933953265106,nan,83.80000000000001
CRUISE,0.0,55.00067906726291,-54.53862822515688,-1.571864097173449,GOAL_REACHED,0.0,0.0,91.85551083034414,20.23606314373144,1.5700933953265106,nan,83.82000000000001
CRUISE,0.0,55.00067906726291,-54.53862822515688,-1.571864097173449,GOAL_REACHED,0.0,0.0,91.85551083034414,20.23606314373144,1.5700933953265106,nan,83.84
CRUISE,0.0,55.00067906726291,-54.53862822515688,-1.571864097173449,GOAL_REACHED,0.0,0.0,91.85551083034414,20.23606314373144,1.5700933953265106,nan,83.86
CRUISE,0.0,55.00067906726291,-54.53862822515688,-1.571864097173449,GOAL_REACHED,0.0,0.0,91.85551083034414,20.23606314373144,1.5700933953265106,nan,83.88000000000001
CRUISE,0.0,55.00067906726291,-54.53862822515688,-1.571864097173449,GOAL_REACHED,0.0,0.0,91.85551083034414,20.23606314373144,1.5700933953265106,nan,83.9
CRUISE,0.0,55.00067906726291,-54.53862822515688,-1.571864097173449,GOAL_REACHED,0.0,0.0,91.85551083034414,20.23606314373144,1.5700933953265106,nan,83.92
CRUISE,0.0,55.00067906726291,-54.53862822515688,-1.571864097173449,GOAL_REACHED,0.0,0.0,91.85551083034414,20.23606314373144,1.5700933953265106,nan,83.94000000000001
CRUISE,0.0,55.00067906726291,-54.53862822515688,-1.571864097173449,GOAL_REACHED,0.0,0.0,91.85551083034414,20.23606314373144,1.5700933953265106,nan,83.96000000000001
CRUISE,0.0,55.00067906726291,-54.53862822515688,-1.571864097173449,GOAL_REACHED,0.0,0.0,91.85551083034414,20.23606314373144,1.5700933953265106,nan,83.98
CRUISE,0.0,55.00067906726291,-54.53862822515688,-1.571864097173449,GOAL_REACHED,0.0,0.0,91.85551083034414,20.23606314373144,1.5700933953265106,nan,84.0
CRUISE,0.0,55.00067906726291,-54.53862822515688,-1.571864097173449,GOAL_REACHED,0.0,0.0,91.85551083034414,20.23606314373144,1.5700933953265106,nan,84.02000000000001
CRUISE,0.0,55.00067906726291,-54.53862822515688,-1.571864097173449,GOAL_REACHED,0.0,0.0,91.85551083034414,20.23606314373144,1.5700933953265106,nan,84.04
CRUISE,0.0,55.00067906726291,-54.53862822515688,-1.571864097173449,GOAL_REACHED,0.0,0.0,91.85551083034414,20.23606314373144,1.5700933953265106,nan,84.06
CRUISE,0.0,55.00067906726291,-54.53862822515688,-1.571864097173449,GOAL_REACHED,0.0,0.0,91.85551083034414,20.23606314373144,1.5700933953265106,nan,84.08
CRUISE,0.0,55.00067906726291,-54.53862822515688,-1.571864097173449,GOAL_REACHED,0.0,0.0,91.85551083034414,20.23606314373144,1.5700933953265106,nan,84.10000000000001
CRUISE,0.0,55.00067906726291,-54.53862822515688,-1.571864097173449,GOAL_REACHED,0.0,0.0,91.85551083034414,20.23606314373144,1.5700933953265106,nan,84.12
CRUISE,0.0,55.00067906726291,-54.53862822515688,-1.571864097173449,GOAL_REACHED,0.0,0.0,91.85551083034414,20.23606314373144,1.5700933953265106,nan,84.14
CRUISE,0.0,55.00067906726291,-54.53862822515688,-1.571864097173449,GOAL_REACHED,0.0,0.0,91.85551083034414,20.23606314373144,1.5700933953265106,nan,84.16000000000001
CRUISE,0.0,55.00067906726291,-54.53862822515688,-1.571864097173449,GOAL_REACHED,0.0,0.0,91.85551083034414,20.23606314373144,1.5700933953265106,nan,84.18
CRUISE,0.0,55.00067906726291,-54.53862822515688,-1.571864097173449,GOAL_REACHED,0.0,0.0,91.85551083034414,20.23606314373144,1.5700933953265106,nan,84.2
CRUISE,0.0,55.00067906726291,-54.53862822515688,-1.571864097173449,GOAL_REACHED,0.0,0.0,91.85551083034414,20.23606314373144,1.5700933953265106,nan,84.22
CRUISE,0.0,55.00067906726291,-54.53862822515688,-1.571864097173449,GOAL_REACHED,0.0,0.0,91.85551083034414,20.23606314373144,1.5700933953265106,nan,84.24000000000001
CRUISE,0.0,55.00067906726291,-54.53862822515688,-1.571864097173449,GOAL_REACHED,0.0,0.0,91.85551083034414,20.23606314373144,1.5700933953265106,nan,84.26
CRUISE,0.0,55.00067906726291,-54.53862822515688,-1.571864097173449,GOAL_REACHED,0.0,0.0,91.85551083034414,20.23606314373144,1.5700933953265106,nan,84.28
CRUISE,0.0,55.00067906726291,-54.53862822515688,-1.571864097173449,GOAL_REACHED,0.0,0.0,91.85551083034414,20.23606314373144,1.5700933953265106,nan,84.30000000000001
CRUISE,0.0,55.00067906726291,-54.53862822515688,-1.571864097173449,GOAL_REACHED,0.0,0.0,91.85551083034414,20.23606314373144,1.5700933953265106,nan,84.32000000000001
CRUISE,0.0,55.00067906726291,-54.53862822515688,-1.571864097173449,GOAL_REACHED,0.0,0.0,91.85551083034414,20.23606314373144,1.5700933953265106,nan,84.34
CRUISE,0.0,55.00067906726291,-54.53862822515688,-1.571864097173449,GOAL_REACHED,0.0,0.0,91.85551083034414,20.23606314373144,1.5700933953265106,nan,84.36
CRUISE,0.0,55.00067906726291,-54.53862822515688,-1.571864097173449,GOAL_REACHED,0.0,0.0,91.85551083034414,20.23606314373144,1.5700933953265106,nan,84.38000000000001
CRUISE,0.0,55.00067906726291,-54.53862822515688,-1.571864097173449,GOAL_REACHED,0.0,0.0,91.85551083034414,20.23606314373144,1.5700933953265106,nan,84.4
CRUISE,0.0,55.00067906726291,-54.53862822515688,-1.571864097173449,GOAL_REACHED,0.0,0.0,91.85551083034414,20.23606314373144,1.5700933953265106,nan,84.42
CRUISE,0.0,55.00067906726291,-54.53862822515688,-1.571864097173449,GOAL_REACHED,0.0,0.0,91.85551083034414,20.23606314373144,1.5700933953265106,nan,84.441
CRUISE,0.0,55.00067906726291,-54.53862822515688,-1.571864097173449,GOAL_REACHED,0.0,0.0,91.85551083034414,20.23606314373144,1.5700933953265106,nan,84.46000000000001
CRUISE,0.0,55.00067906726291,-54.53862822515688,-1.571864097173449,GOAL_REACHED,0.0,0.0,91.85551083034414,20.23606314373144,1.5700933953265106,nan,84.48
CRUISE,0.0,55.00067906726291,-54.53862822515688,-1.571864097173449,GOAL_REACHED,0.0,0.0,91.85551083034414,20.23606314373144,1.5700933953265106,nan,84.5
CRUISE,0.0,55.00067906726291,-54.53862822515688,-1.571864097173449,GOAL_REACHED,0.0,0.0,91.85551083034414,20.23606314373144,1.5700933953265106,nan,84.522
CRUISE,0.0,55.00067906726291,-54.53862822515688,-1.571864097173449,GOAL_REACHED,0.0,0.0,91.85551083034414,20.23606314373144,1.5700933953265106,nan,84.54
CRUISE,0.0,55.00067906726291,-54.53862822515688,-1.571864097173449,GOAL_REACHED,0.0,0.0,91.85551083034414,20.23606314373144,1.5700933953265106,nan,84.56
CRUISE,0.0,55.00067906726291,-54.53862822515688,-1.571864097173449,GOAL_REACHED,0.0,0.0,91.85551083034414,20.23606314373144,1.5700933953265106,nan,84.58
CRUISE,0.0,55.00067906726291,-54.53862822515688,-1.571864097173449,GOAL_REACHED,0.0,0.0,91.85551083034414,20.23606314373144,1.5700933953265106,nan,84.60000000000001
CRUISE,0.0,55.00067906726291,-54.53862822515688,-1.571864097173449,GOAL_REACHED,0.0,0.0,91.85551083034414,20.23606314373144,1.5700933953265106,nan,84.62
CRUISE,0.0,55.00067906726291,-54.53862822515688,-1.571864097173449,GOAL_REACHED,0.0,0.0,91.85551083034414,20.23606314373144,1.5700933953265106,nan,84.64
CRUISE,0.0,55.00067906726291,-54.53862822515688,-1.571864097173449,GOAL_REACHED,0.0,0.0,91.85551083034414,20.23606314373144,1.5700933953265106,nan,84.66000000000001
CRUISE,0.0,55.00067906726291,-54.53862822515688,-1.571864097173449,GOAL_REACHED,0.0,0.0,91.85551083034414,20.23606314373144,1.5700933953265106,nan,84.68
CRUISE,0.0,55.00067906726291,-54.53862822515688,-1.571864097173449,GOAL_REACHED,0.0,0.0,91.85551083034414,20.23606314373144,1.5700933953265106,nan,84.7
CRUISE,0.0,55.00067906726291,-54.53862822515688,-1.571864097173449,GOAL_REACHED,0.0,0.0,91.85551083034414,20.23606314373144,1.5700933953265106,nan,84.72
CRUISE,0.0,55.00067906726291,-54.53862822515688,-1.571864097173449,GOAL_REACHED,0.0,0.0,91.85551083034414,20.23606314373144,1.5700933953265106,nan,84.74000000000001
CRUISE,0.0,55.00067906726291,-54.53862822515688,-1.571864097173449,GOAL_REACHED,0.0,0.0,91.85551083034414,20.23606314373144,1.5700933953265106,nan,84.76
CRUISE,0.0,55.00067906726291,-54.53862822515688,-1.571864097173449,GOAL_REACHED,0.0,0.0,91.85551083034414,20.23606314373144,1.5700933953265106,nan,84.78
CRUISE,0.0,55.00067906726291,-54.53862822515688,-1.571864097173449,GOAL_REACHED,0.0,0.0,91.85551083034414,20.23606314373144,1.5700933953265106,nan,84.80000000000001
CRUISE,0.0,55.00067906726291,-54.53862822515688,-1.571864097173449,GOAL_REACHED,0.0,0.0,91.85551083034414,20.23606314373144,1.5700933953265106,nan,84.82000000000001
