behavior,crossing_pedestrian_v,crossing_pedestrian_x,crossing_pedestrian_y,crossing_pedestrian_yaw,ctrl_state,ctrl_v,ego_v,ego_x,ego_y,ego_yaw,perc_near_x,t
,0.0,55.0,-46.0,-1.5707963267948963,NO_PATH,1.16957168e-18,0.0,29.99999999999999,-51.75,-2.987141537818687e-23,nan,9.698
,0.0,55.0,-46.0,-1.5707963267948963,NO_PATH,1.16957168e-18,0.0,29.99999999999999,-51.75,-2.987141537818687e-23,nan,9.698
,0.0,55.0,-46.0,-1.5707963267948963,NO_PATH,1.16957168e-18,0.0,29.99999999999999,-51.75,-2.987141537818687e-23,nan,9.698
,0.0,55.0,-46.0,-1.5707963267948963,NO_PATH,1.16957168e-18,0.0,29.99999999999999,-51.75,-2.987141537818687e-23,nan,9.698
,0.0,55.0,-46.0,-1.5707963267948963,NO_PATH,1.16957168e-18,0.0,29.99999999999999,-51.75,-2.987141537818687e-23,nan,9.698
,0.0,55.0,-46.0,-1.5707963267948963,NO_PATH,1.16957168e-18,0.0,29.99999999999999,-51.75,-2.987141537818687e-23,nan,9.698
,0.0,55.0,-46.0,-1.5707963267948963,NO_PATH,1.16957168e-18,0.0,29.99999999999999,-51.75,-2.987141537818687e-23,nan,9.698
,0.0,55.0,-46.0,-1.5707963267948963,NO_PATH,1.16957168e-18,0.0,29.99999999999999,-51.75,-2.987141537818687e-23,nan,9.698
,0.0,55.0,-46.0,-1.5707963267948963,NO_PATH,1.16957168e-18,0.0,29.99999999999999,-51.75,-2.987141537818687e-23,nan,9.698
,0.0,55.0,-46.0,-1.5707963267948963,NO_PATH,8.99482163e-19,0.0,29.99999999999999,-51.75,-2.987141537818687e-23,nan,9.700000000000001
,0.0,55.0,-46.0,-1.5707963267948963,NO_PATH,3.75984465e-19,0.0,29.99999999999999,-51.75,-2.987141537818687e-23,nan,9.72
,0.0,55.0,-46.0,-1.5707963267948963,NO_PATH,1.0779514e-18,0.0,29.99999999999999,-51.75,-2.987141537818687e-23,nan,9.74
,0.0,55.0,-46.0,-1.5707963267948963,NO_PATH,1.0779514e-18,0.0,29.99999999999999,-51.75,-2.987141537818687e-23,nan,9.76
,0.0,55.0,-46.0,-1.5707963267948963,NO_PATH,8.19684119e-20,0.0,29.99999999999999,-51.75,-2.987141537818687e-23,nan,9.780000000000001
,0.0,55.0,-46.0,-1.5707963267948963,NO_PATH,8.19684119e-20,0.0,29.99999999999999,-51.75,-2.987141537818687e-23,nan,9.8
,0.0,55.0,-46.0,-1.5707963267948963,NO_PATH,-1.83466396e-20,0.0,29.99999999999999,-51.75,-2.987141537818687e-23,nan,9.821
,0.0,55.0,-46.0,-1.5707963267948963,NO_PATH,2.13557181e-19,0.0,29.99999999999999,-51.75,-2.987141537818687e-23,nan,9.84
,0.0,55.0,-46.0,-1.5707963267948963,NO_PATH,2.13557181e-19,0.0,29.99999999999999,-51.75,-2.987141537818687e-23,nan,9.860000000000001
,0.0,55.0,-46.0,-1.5707963267948963,NO_PATH,7.91265688e-19,0.0,29.99999999999999,-51.75,-2.987141537818687e-23,nan,9.88
,0.0,55.0,-46.0,-1.5707963267948963,NO_PATH,2.46976701e-19,0.0,29.99999999999999,-51.75,-2.987141537818687e-23,nan,9.9
,0.0,55.0,-46.0,-1.5707963267948963,NO_PATH,2.46976701e-19,0.0,29.99999999999999,-51.75,-2.987141537818687e-23,nan,9.92
,0.0,55.0,-46.0,-1.5707963267948963,NO_PATH,-5.72915706e-20,0.0,29.99999999999999,-51.75,-2.987141537818687e-23,nan,9.940000000000001
,0.0,55.0,-46.0,-1.5707963267948963,NO_PATH,8.67153361e-19,0.0,29.99999999999999,-51.75,-2.987141537818687e-23,nan,9.96
,0.0,55.0,-46.0,-1.5707963267948963,NO_PATH,9.0732228e-19,0.0,29.99999999999999,-51.75,-2.987141537818687e-23,nan,9.98
,0.0,55.0,-46.0,-1.5707963267948963,NO_PATH,9.0732228e-19,0.0,29.99999999999999,-51.75,-2.987141537818687e-23,nan,10.0
,0.0,55.0,-46.0,-1.5707963267948963,NO_PATH,3.03043092e-19,0.0,29.99999999999999,-51.75,-2.987141537818687e-23,nan,10.020000000000001
,0.0,55.0,-46.0,-1.5707963267948963,NO_PATH,1.13038332e-18,0.0,29.99999999999999,-51.75,-2.987141537818687e-23,nan,10.040000000000001
,0.0,55.0,-46.0,-1.5707963267948963,NO_PATH,8.50361599e-19,0.0,29.99999999999999,-51.75,-2.987141537818687e-23,nan,10.06
,0.0,55.0,-46.0,-1.5707963267948963,NO_PATH,9.43613914e-19,0.0,29.99999999999999,-51.75,-2.987141537818687e-23,nan,10.08
,0.0,55.0,-46.0,-1.5707963267948963,NO_PATH,9.43613914e-19,0.0,29.99999999999999,-51.75,-2.987141537818687e-23,nan,10.100000000000001
,0.0,55.0,-46.0,-1.5707963267948963,NO_PATH,7.26935685e-19,0.0,29.99999999999999,-51.75,-2.987141537818687e-23,nan,10.121
,0.0,55.0,-46.0,-1.5707963267948963,NO_PATH,4.060827e-19,0.0,29.99999999999999,-51.75,-2.987141537818687e-23,nan,10.14
,0.0,55.0,-46.0,-1.5707963267948963,NO_PATH,4.060827e-19,0.0,29.99999999999999,-51.75,-2.987141537818687e-23,nan,10.16
,0.0,55.0,-46.0,-1.5707963267948963,NO_PATH,3.07614359e-19,0.0,29.99999999999999,-51.75,-2.987141537818687e-23,nan,10.180000000000001
,0.0,55.0,-46.0,-1.5707963267948963,NO_PATH,6.78924216e-19,0.0,29.99999999999999,-51.75,-2.987141537818687e-23,nan,10.200000000000001
,0.0,55.0,-46.0,-1.5707963267948963,NO_PATH,7.16777437e-19,0.0,29.99999999999999,-51.75,-2.987141537818687e-23,nan,10.22
,0.0,55.0,-46.0,-1.5707963267948963,NO_PATH,7.16777437e-19,0.0,29.99999999999999,-51.75,-2.987141537818687e-23,nan,10.24
,0.0,55.0,-46.0,-1.5707963267948963,NO_PATH,-1.75968522e-19,0.0,29.99999999999999,-51.75,-2.987141537818687e-23,nan,10.26
,0.0,55.0,-46.0,-1.5707963267948963,NO_PATH,2.71014347e-19,0.0,29.99999999999999,-51.75,-2.987141537818687e-23,nan,10.280000000000001
,0.0,55.0,-46.0,-1.5707963267948963,NO_PATH,1.08708883e-18,0.0,29.99999999999999,-51.75,-2.987141537818687e-23,nan,10.3
,0.0,55.0,-46.0,-1.5707963267948963,NO_PATH,1.08708883e-18,0.0,29.99999999999999,-51.75,-2.987141537818687e-23,nan,10.32
,0.0,55.0,-46.0,-1.5707963267948963,NO_PATH,1.97878584e-19,0.0,29.99999999999999,-51.75,-2.987141537818687e-23,nan,10.34
,0.0,55.0,-46.0,-1.5707963267948963,NO_PATH,6.53780468e-19,0.0,29.99999999999999,-51.75,-2.987141537818687e-23,nan,10.360000000000001
,0.0,55.0,-46.0,-1.5707963267948963,NO_PATH,8.80138226e-19,0.0,29.99999999999999,-51.75,-2.987141537818687e-23,nan,10.38
,0.0,55.0,-46.0,-1.5707963267948963,NO_PATH,2.8263832e-19,0.0,29.99999999999999,-51.75,-2.987141537818687e-23,nan,10.4
,0.0,55.0,-46.0,-1.5707963267948963,NO_PATH,8.53819323e-20,0.0,29.99999999999999,-51.75,-2.987141537818687e-23,nan,10.42
,0.0,55.0,-46.0,-1.5707963267948963,NO_PATH,4.29280251e-19,0.0,29.99999999999999,-51.75,-2.987141537818687e-23,nan,10.440000000000001
,0.0,55.0,-46.0,-1.5707963267948963,NO_PATH,3.85862637e-19,0.0,29.99999999999999,-51.75,-2.987141537818687e-23,nan,10.46
,0.0,55.0,-46.0,-1.5707963267948963,NO_PATH,4.8039615e-19,0.0,29.99999999999999,-51.75,-2.987141537818687e-23,nan,10.48
,0.0,55.0,-46.0,-1.5707963267948963,NO_PATH,4.8039615e-19,0.0,29.99999999999999,-51.75,-2.987141537818687e-23,nan,10.5
,0.0,55.0,-46.0,-1.5707963267948963,NO_PATH,5.68700018e-19,0.0,29.99999999999999,-51.75,-2.987141537818687e-23,nan,10.520000000000001
,0.0,55.0,-46.0,-1.5707963267948963,NO_PATH,1.28483443e-19,0.0,29.99999999999999,-51.75,-2.987141537818687e-23,nan,10.540000000000001
,0.0,55.0,-46.0,-1.5707963267948963,NO_PATH,1.28483443e-19,0.0,29.99999999999999,-51.75,-2.987141537818687e-23,nan,10.561
,0.0,55.0,-46.0,-1.5707963267948963,NO_PATH,2.09129408e-19,0.0,29.99999999999999,-51.75,-2.987141537818687e-23,nan,10.58
,0.0,55.0,-46.0,-1.5707963267948963,NO_PATH,2.09129408e-19,0.0,29.99999999999999,-51.75,-2.987141537818687e-23,nan,10.600000000000001
,0.0,55.0,-46.0,-1.5707963267948963,NO_PATH,6.2894019e-19,0.0,29.99999999999999,-51.75,-2.987141537818687e-23,nan,10.620000000000001
,0.0,55.0,-46.0,-1.5707963267948963,NO_PATH,4.28607614e-20,0.0,29.99999999999999,-51.75,-2.987141537818687e-23,nan,10.64
,0.0,55.0,-46.0,-1.5707963267948963,NO_PATH,1.65188909e-19,0.0,29.99999999999999,-51.75,-2.987141537818687e-23,nan,10.66
,0.0,55.0,-46.0,-1.5707963267948963,NO_PATH,1.65188909e-19,0.0,29.99999999999999,-51.75,-2.987141537818687e-23,nan,10.680000000000001
,0.0,55.0,-46.0,-1.5707963267948963,NO_PATH,1.40861769e-18,0.0,29.99999999999999,-51.75,-2.987141537818687e-23,nan,10.700000000000001
,0.0,55.0,-46.0,-1.5707963267948963,NO_PATH,1.40861769e-18,0.0,29.99999999999999,-51.75,-2.987141537818687e-23,nan,10.72
,0.0,55.0,-46.0,-1.5707963267948963,NO_PATH,6.5730017e-19,0.0,29.99999999999999,-51.75,-2.987141537818687e-23,nan,10.74
,0.0,55.0,-46.0,-1.5707963267948963,NO_PATH,1.06717796e-18,0.0,29.99999999999999,-51.75,-2.987141537818687e-23,nan,10.76
,0.0,55.0,-46.0,-1.5707963267948963,NO_PATH,7.10610675e-19,0.0,29.99999999999999,-51.75,-2.987141537818687e-23,nan,10.780000000000001
,0.0,55.0,-46.0,-1.5707963267948963,NO_PATH,7.9382216e-19,0.0,29.99999999999999,-51.75,-2.987141537818687e-23,nan,10.8
,0.0,55.0,-46.0,-1.5707963267948963,NO_PATH,7.9382216e-19,0.0,29.99999999999999,-51.75,-2.987141537818687e-23,nan,10.82
,0.0,55.0,-46.0,-1.5707963267948963,NO_PATH,1.32506299e-19,0.0,29.99999999999999,-51.75,-2.987141537818687e-23,nan,10.84
,0.0,55.0,-46.0,-1.5707963267948963,NO_PATH,1.32506299e-19,0.0,29.99999999999999,-51.75,-2.987141537818687e-23,nan,10.860000000000001
,0.0,55.0,-46.0,-1.5707963267948963,NO_PATH,7.6729439e-19,0.0,29.99999999999999,-51.75,-2.987141537818687e-23,nan,10.88
,0.0,55.0,-46.0,-1.5707963267948963,NO_PATH,7.6729439e-19,0.0,29.99999999999999,-51.75,-2.987141537818687e-23,nan,10.9
,0.0,55.0,-46.0,-1.5707963267948963,NO_PATH,9.94575091e-19,0.0,29.99999999999999,-51.75,-2.987141537818687e-23,nan,10.92
,0.0,55.0,-46.0,-1.5707963267948963,NO_PATH,9.94575091e-19,0.0,29.99999999999999,-51.75,-2.987141537818687e-23,nan,10.940000000000001
,0.0,55.0,-46.0,-1.5707963267948963,NO_PATH,-1.22202252e-19,0.0,29.99999999999999,-51.75,-2.987141537818687e-23,nan,10.96
,0.0,55.0,-46.0,-1.5707963267948963,NO_PATH,-1.22202252e-19,0.0,29.99999999999999,-51.75,-2.987141537818687e-23,nan,10.98
,0.0,55.0,-46.0,-1.5707963267948963,NO_PATH,3.1006545e-19,0.0,29.99999999999999,-51.75,-2.987141537818687e-23,nan,11.0
,0.0,55.0,-46.0,-1.5707963267948963,NO_PATH,2.14152599e-19,0.0,29.99999999999999,-51.75,-2.987141537818687e-23,nan,11.020000000000001
,0.0,55.0,-46.0,-1.5707963267948963,NO_PATH,1.25409086e-18,0.0,29.99999999999999,-51.75,-2.987141537818687e-23,nan,11.040000000000001
,0.0,55.0,-46.0,-1.5707963267948963,NO_PATH,4.8184003e-19,0.0,29.99999999999999,-51.75,-2.987141537818687e-23,nan,11.06
,0.0,55.0,-46.0,-1.5707963267948963,NO_PATH,6.06547967e-19,0.0,29.99999999999999,-51.75,-2.987141537818687e-23,nan,11.08
,0.0,55.0,-46.0,-1.5707963267948963,NO_PATH,9.10648322e-19,0.0,29.99999999999999,-51.75,-2.987141537818687e-23,nan,11.100000000000001
,0.0,55.0,-46.0,-1.5707963267948963,NO_PATH,9.10648322e-19,0.0,29.99999999999999,-51.75,-2.987141537818687e-23,nan,11.120000000000001
,0.0,55.0,-46.0,-1.5707963267948963,NO_PATH,8.22348885e-19,0.0,29.99999999999999,-51.75,-2.987141537818687e-23,nan,11.14
,0.0,55.0,-46.0,-1.5707963267948963,NO_PATH,8.407652e-19,0.0,29.99999999999999,-51.75,-2.987141537818687e-23,nan,11.16
,0.0,55.0,-46.0,-1.5707963267948963,NO_PATH,6.70783512e-19,0.0,29.99999999999999,-51.75,-2.987141537818687e-23,nan,11.180000000000001
,0.0,55.0,-46.0,-1.5707963267948963,NO_PATH,6.70783512e-19,0.0,29.99999999999999,-51.75,-2.987141537818687e-23,nan,11.200000000000001
,0.0,55.0,-46.0,-1.5707963267948963,NO_PATH,7.30987788e-19,0.0,29.99999999999999,-51.75,-2.987141537818687e-23,nan,11.221
,0.0,55.0,-46.0,-1.5707963267948963,NO_PATH,7.30987788e-19,0.0,29.99999999999999,-51.75,-2.987141537818687e-23,nan,11.24
,0.0,55.0,-46.0,-1.5707963267948963,NO_PATH,6.12623021e-19,0.0,29.99999999999999,-51.75,-2.987141537818687e-23,nan,11.260000000000002
,0.0,55.0,-46.0,-1.5707963267948963,NO_PATH,6.12623021e-19,0.0,29.99999999999999,-51.75,-2.987141537818687e-23,nan,11.280000000000001
,0.0,55.0,-46.0,-1.5707963267948963,NO_PATH,9.1897514e-19,0.0,29.99999999999999,-51.75,-2.987141537818687e-23,nan,11.3
,0.0,55.0,-46.0,-1.5707963267948963,NO_PATH,7.75743407e-19,0.0,29.99999999999999,-51.75,-2.987141537818687e-23,nan,11.32
,0.0,55.0,-46.0,-1.5707963267948963,NO_PATH,5.50984129e-19,0.0,29.99999999999999,-51.75,-2.987141537818687e-23,nan,11.34
,0.0,55.0,-46.0,-1.5707963267948963,NO_PATH,7.64634608e-19,0.0,29.99999999999999,-51.75,-2.987141537818687e-23,nan,11.360000000000001
,0.0,55.0,-46.0,-1.5707963267948963,NO_PATH,7.64634608e-19,0.0,29.99999999999999,-51.75,-2.987141537818687e-23,nan,11.38
,0.0,55.0,-46.0,-1.5707963267948963,NO_PATH,4.49597917e-19,0.0,29.99999999999999,-51.75,-2.987141537818687e-23,nan,11.4
,0.0,55.0,-46.0,-1.5707963267948963,NO_PATH,4.65376332e-19,0.0,29.99999999999999,-51.75,-2.987141537818687e-23,nan,11.42
,0.0,55.0,-46.0,-1.5707963267948963,NO_PATH,4.65376332e-19,0.0,29.99999999999999,-51.75,-2.987141537818687e-23,nan,11.440000000000001
,0.0,55.0,-46.0,-1.5707963267948963,NO_PATH,9.22879681e-19,0.0,29.99999999999999,-51.75,-2.987141537818687e-23,nan,11.46
,0.0,55.0,-46.0,-1.5707963267948963,NO_PATH,2.45283303e-19,0.0,29.99999999999999,-51.75,-2.987141537818687e-23,nan,11.48
,0.0,55.0,-46.0,-1.5707963267948963,NO_PATH,3.94555629e-19,0.0,29.99999999999999,-51.75,-2.987141537818687e-23,nan,11.5
,0.0,55.0,-46.0,-1.5707963267948963,NO_PATH,3.94555629e-19,0.0,29.99999999999999,-51.75,-2.987141537818687e-23,nan,11.520000000000001
,0.0,55.0,-46.0,-1.5707963267948963,NO_PATH,2.90849549e-19,0.0,29.99999999999999,-51.75,-2.987141537818687e-23,nan,11.540000000000001
,0.0,55.0,-46.0,-1.5707963267948963,NO_PATH,6.12040686e-19,0.0,29.99999999999999,-51.75,-2.987141537818687e-23,nan,11.56
,0.0,55.0,-46.0,-1.5707963267948963,NO_PATH,6.12040686e-19,0.0,29.99999999999999,-51.75,-2.987141537818687e-23,nan,11.58
,0.0,55.0,-46.0,-1.5707963267948963,NO_PATH,1.03934996e-18,0.0,29.99999999999999,-51.75,-2.987141537818687e-23,nan,11.600000000000001
,0.0,55.0,-46.0,-1.5707963267948963,NO_PATH,-6.44324139e-20,0.0,29.99999999999999,-51.75,-2.987141537818687e-23,nan,11.620000000000001
,0.0,55.0,-46.0,-1.5707963267948963,NO_PATH,7.25490135e-19,0.0,29.99999999999999,-51.75,-2.987141537818687e-23,nan,11.64
,0.0,55.0,-46.0,-1.5707963267948963,NO_PATH,1.80300886e-19,0.0,29.99999999999999,-51.75,-2.987141537818687e-23,nan,11.66
,0.0,55.0,-46.0,-1.5707963267948963,NO_PATH,2.24098393e-19,0.0,29.99999999999999,-51.75,-2.987141537818687e-23,nan,11.680000000000001
,0.0,55.0,-46.0,-1.5707963267948963,NO_PATH,2.24098393e-19,0.0,29.99999999999999,-51.75,-2.987141537818687e-23,nan,11.700000000000001
,0.0,55.0,-46.0,-1.5707963267948963,NO_PATH,1.01682381e-18,0.0,29.99999999999999,-51.75,-2.987141537818687e-23,nan,11.721
,0.0,55.0,-46.0,-1.5707963267948963,NO_PATH,1.01682381e-18,0.0,29.99999999999999,-51.75,-2.987141537818687e-23,nan,11.74
,0.0,55.0,-46.0,-1.5707963267948963,NO_PATH,5.38877986e-19,0.0,29.99999999999999,-51.75,-2.987141537818687e-23,nan,11.760000000000002
,0.0,55.0,-46.0,-1.5707963267948963,NO_PATH,5.38877986e-19,0.0,29.99999999999999,-51.75,-2.987141537818687e-23,nan,11.780000000000001
,0.0,55.0,-46.0,-1.5707963267948963,NO_PATH,1.05020327e-18,0.0,29.99999999999999,-51.75,-2.987141537818687e-23,nan,11.8
,0.0,55.0,-46.0,-1.5707963267948963,NO_PATH,1.05020327e-18,0.0,29.99999999999999,-51.75,-2.987141537818687e-23,nan,11.82
,0.0,55.0,-46.0,-1.5707963267948963,NO_PATH,1.11186714e-18,0.0,29.99999999999999,-51.75,-2.987141537818687e-23,nan,11.84
,0.0,55.0,-46.0,-1.5707963267948963,NO_PATH,1.11186714e-18,0.0,29.99999999999999,-51.75,-2.987141537818687e-23,nan,11.860000000000001
,0.0,55.0,-46.0,-1.5707963267948963,NO_PATH,5.03336961e-19,0.0,29.99999999999999,-51.75,-2.987141537818687e-23,nan,11.88
,0.0,55.0,-46.0,-1.5707963267948963,NO_PATH,7.77732004e-19,0.0,29.99999999999999,-51.75,-2.987141537818687e-23,nan,11.9
,0.0,55.0,-46.0,-1.5707963267948963,NO_PATH,7.77732004e-19,0.0,29.99999999999999,-51.75,-2.987141537818687e-23,nan,11.92
,0.0,55.0,-46.0,-1.5707963267948963,NO_PATH,9.3295764e-19,0.0,29.99999999999999,-51.75,-2.987141537818687e-23,nan,11.940000000000001
,0.0,55.0,-46.0,-1.5707963267948963,NO_PATH,1.13968648e-18,0.0,29.99999999999999,-51.75,-2.987141537818687e-23,nan,11.961
,0.0,55.0,-46.0,-1.5707963267948963,NO_PATH,1.69124373e-19,0.0,29.99999999999999,-51.75,-2.987141537818687e-23,nan,11.98
,0.0,55.0,-46.0,-1.5707963267948963,NO_PATH,1.78360262e-19,0.0,29.99999999999999,-51.75,-2.987141537818687e-23,nan,12.001000000000001
,0.0,55.0,-46.0,-1.5707963267948963,NO_PATH,7.68654009e-19,0.0,29.99999999999999,-51.75,-2.987141537818687e-23,nan,12.020000000000001
,0.0,55.0,-46.0,-1.5707963267948963,NO_PATH,3.32601207e-19,0.0,29.99999999999999,-51.75,-2.987141537818687e-23,nan,12.040000000000001
,0.0,55.0,-46.0,-1.5707963267948963,NO_PATH,3.4651676e-19,0.0,29.99999999999999,-51.75,-2.987141537818687e-23,nan,12.06
,0.0,55.0,-46.0,-1.5707963267948963,NO_PATH,3.4651676e-19,0.0,29.99999999999999,-51.75,-2.987141537818687e-23,nan,12.08
,0.0,55.0,-46.0,-1.5707963267948963,NO_PATH,5.03350945e-19,0.0,29.99999999999999,-51.75,-2.987141537818687e-23,nan,12.100000000000001
,0.0,55.0,-46.0,-1.5707963267948963,NO_PATH,4.14295856e-19,0.0,29.99999999999999,-51.75,-2.987141537818687e-23,nan,12.120000000000001
,0.0,55.0,-46.0,-1.5707963267948963,NO_PATH,1.12867237e-19,0.0,29.99999999999999,-51.75,-2.987141537818687e-23,nan,12.14
,0.0,55.0,-46.0,-1.5707963267948963,NO_PATH,1.12867237e-19,0.0,29.99999999999999,-51.75,-2.987141537818687e-23,nan,12.16
,0.0,55.0,-46.0,-1.5707963267948963,NO_PATH,1.49383268e-18,0.0,29.99999999999999,-51.75,-2.987141537818687e-23,nan,12.180000000000001
,0.0,55.0,-46.0,-1.5707963267948963,NO_PATH,2.61638376e-19,0.0,29.99999999999999,-51.75,-2.987141537818687e-23,nan,12.200000000000001
,0.0,55.0,-46.0,-1.5707963267948963,NO_PATH,9.4670155e-19,0.0,29.99999999999999,-51.75,-2.987141537818687e-23,nan,12.22
,0.0,55.0,-46.0,-1.5707963267948963,NO_PATH,9.4670155e-19,0.0,29.99999999999999,-51.75,-2.987141537818687e-23,nan,12.24
,0.0,55.0,-46.0,-1.5707963267948963,NO_PATH,2.53137229e-19,0.0,29.99999999999999,-51.75,-2.987141537818687e-23,nan,12.260000000000002
,0.0,55.0,-46.0,-1.5707963267948963,NO_PATH,-2.58179977e-19,0.0,29.99999999999999,-51.75,-2.987141537818687e-23,nan,12.280000000000001
,0.0,55.0,-46.0,-1.5707963267948963,NO_PATH,1.14852412e-19,0.0,29.99999999999999,-51.75,-2.987141537818687e-23,nan,12.301
,0.0,55.0,-46.0,-1.5707963267948963,NO_PATH,1.14852412e-19,0.0,29.99999999999999,-51.75,-2.987141537818687e-23,nan,12.32
,0.0,55.0,-46.0,-1.5707963267948963,NO_PATH,5.82206447e-19,0.0,29.99999999999999,-51.75,-2.987141537818687e-23,nan,12.340000000000002
,0.0,55.0,-46.0,-1.5707963267948963,NO_PATH,6.79827627e-19,0.0,29.99999999999999,-51.75,-2.987141537818687e-23,nan,12.360000000000001
,0.0,55.0,-46.0,-1.5707963267948963,NO_PATH,6.79827627e-19,0.0,29.99999999999999,-51.75,-2.987141537818687e-23,nan,12.38
,0.0,55.0,-46.0,-1.5707963267948963,NO_PATH,3.43115616e-19,0.0,29.99999999999999,-51.75,-2.987141537818687e-23,nan,12.4
,0.0,55.0,-46.0,-1.5707963267948963,NO_PATH,1.65785991e-19,0.0,29.99999999999999,-51.75,-2.987141537818687e-23,nan,12.42
,0.0,55.0,-46.0,-1.5707963267948963,NO_PATH,1.65785991e-19,0.0,29.99999999999999,-51.75,-2.987141537818687e-23,nan,12.440000000000001
,0.0,55.0,-46.0,-1.5707963267948963,NO_PATH,-3.57597708e-19,0.0,29.99999999999999,-51.75,-2.987141537818687e-23,nan,12.46
,0.0,55.0,-46.0,-1.5707963267948963,NO_PATH,2.43249425e-19,0.0,29.99999999999999,-51.75,-2.987141537818687e-23,nan,12.48
,0.0,55.0,-46.0,-1.5707963267948963,NO_PATH,1.09330096e-18,0.0,29.99999999999999,-51.75,-2.987141537818687e-23,nan,12.5
,0.0,55.0,-46.0,-1.5707963267948963,NO_PATH,2.96542466e-19,0.0,29.99999999999999,-51.75,-2.987141537818687e-23,nan,12.520000000000001
,0.0,55.0,-46.0,-1.5707963267948963,NO_PATH,2.96542466e-19,0.0,29.99999999999999,-51.75,-2.987141537818687e-23,nan,12.540000000000001
,0.0,55.0,-46.0,-1.5707963267948963,NO_PATH,1.90744054e-19,0.0,29.99999999999999,-51.75,-2.987141537818687e-23,nan,12.56
,0.0,55.0,-46.0,-1.5707963267948963,NO_PATH,8.34674667e-19,0.0,29.99999999999999,-51.75,-2.987141537818687e-23,nan,12.58
,0.0,55.0,-46.0,-1.5707963267948963,NO_PATH,1.02261451e-18,0.0,29.99999999999999,-51.75,-2.987141537818687e-23,nan,12.600000000000001
,0.0,55.0,-46.0,-1.5707963267948963,NO_PATH,2.2157795e-19,0.0,29.99999999999999,-51.75,-2.987141537818687e-23,nan,12.621
,0.0,55.0,-46.0,-1.5707963267948963,NO_PATH,2.2157795e-19,0.0,29.99999999999999,-51.75,-2.987141537818687e-23,nan,12.64
,0.0,55.0,-46.0,-1.5707963267948963,NO_PATH,1.0155429e-18,0.0,29.99999999999999,-51.75,-2.987141537818687e-23,nan,12.661000000000001
,0.0,55.0,-46.0,-1.5707963267948963,NO_PATH,4.5807986e-19,0.0,29.99999999999999,-51.75,-2.987141537818687e-23,nan,12.680000000000001
,0.0,55.0,-46.0,-1.5707963267948963,NO_PATH,4.5807986e-19,0.0,29.99999999999999,-51.75,-2.987141537818687e-23,nan,12.700000000000001
,0.0,55.0,-46.0,-1.5707963267948963,NO_PATH,2.10326879e-19,0.0,29.99999999999999,-51.75,-2.987141537818687e-23,nan,12.72
,0.0,55.0,-46.0,-1.5707963267948963,NO_PATH,5.16583662e-19,0.0,29.99999999999999,-51.75,-2.987141537818687e-23,nan,12.74
,0.0,55.0,-46.0,-1.5707963267948963,NO_PATH,3.63126701e-19,0.0,29.99999999999999,-51.75,-2.987141537818687e-23,nan,12.760000000000002
,0.0,55.0,-46.0,-1.5707963267948963,NO_PATH,-7.52569901e-19,0.0,29.99999999999999,-51.75,-2.987141537818687e-23,nan,12.780000000000001
,0.0,55.0,-46.0,-1.5707963267948963,NO_PATH,5.98602494e-19,0.0,29.99999999999999,-51.75,-2.987141537818687e-23,nan,12.8
,0.0,55.0,-46.0,-1.5707963267948963,NO_PATH,4.09177366e-19,0.0,29.99999999999999,-51.75,-2.987141537818687e-23,nan,12.821000000000002
,0.0,55.0,-46.0,-1.5707963267948963,NO_PATH,3.03662579e-19,0.0,29.99999999999999,-51.75,-2.987141537818687e-23,nan,12.840000000000002
,0.0,55.0,-46.0,-1.5707963267948963,NO_PATH,3.66290344e-19,0.0,29.99999999999999,-51.75,-2.987141537818687e-23,nan,12.860000000000001
,0.0,55.0,-46.0,-1.5707963267948963,NO_PATH,6.67587209e-19,0.0,29.99999999999999,-51.75,-2.987141537818687e-23,nan,12.881
,0.0,55.0,-46.0,-1.5707963267948963,NO_PATH,6.67587209e-19,0.0,29.99999999999999,-51.75,-2.987141537818687e-23,nan,12.9
,0.0,55.0,-46.0,-1.5707963267948963,NO_PATH,4.80458286e-19,0.0,29.99999999999999,-51.75,-2.987141537818687e-23,nan,12.92
,0.0,55.0,-46.0,-1.5707963267948963,NO_PATH,-3.58306717e-19,0.0,29.99999999999999,-51.75,-2.987141537818687e-23,nan,12.940000000000001
,0.0,55.0,-46.0,-1.5707963267948963,NO_PATH,1.47949087e-18,0.0,29.99999999999999,-51.75,-2.987141537818687e-23,nan,12.96
,0.0,55.0,-46.0,-1.5707963267948963,NO_PATH,5.25597842e-19,0.0,29.99999999999999,-51.75,-2.987141537818687e-23,nan,12.98
,0.0,55.0,-46.0,-1.5707963267948963,NO_PATH,9.09122328e-19,0.0,29.99999999999999,-51.75,-2.987141537818687e-23,nan,13.0
,0.0,55.0,-46.0,-1.5707963267948963,NO_PATH,5.24617575e-19,0.0,29.99999999999999,-51.75,-2.987141537818687e-23,nan,13.020000000000001
,0.0,55.0,-46.0,-1.5707963267948963,NO_PATH,6.00380475e-19,0.0,29.99999999999999,-51.75,-2.987141537818687e-23,nan,13.040000000000001
,0.0,55.0,-46.0,-1.5707963267948963,NO_PATH,6.00380475e-19,0.0,29.99999999999999,-51.75,-2.987141537818687e-23,nan,13.06
,0.0,55.0,-46.0,-1.5707963267948963,NO_PATH,4.90911204e-19,0.0,29.99999999999999,-51.75,-2.987141537818687e-23,nan,13.08
,0.0,55.0,-46.0,-1.5707963267948963,NO_PATH,4.90911204e-19,0.0,29.99999999999999,-51.75,-2.987141537818687e-23,nan,13.100000000000001
,0.0,55.0,-46.0,-1.5707963267948963,NO_PATH,1.71099333e-19,0.0,29.99999999999999,-51.75,-2.987141537818687e-23,nan,13.120000000000001
,0.0,55.0,-46.0,-1.5707963267948963,NO_PATH,1.71099333e-19,0.0,29.99999999999999,-51.75,-2.987141537818687e-23,nan,13.14
,0.0,55.0,-46.0,-1.5707963267948963,NO_PATH,9.58482337e-19,0.0,29.99999999999999,-51.75,-2.987141537818687e-23,nan,13.161000000000001
,0.0,55.0,-46.0,-1.5707963267948963,NO_PATH,4.97282103e-19,0.0,29.99999999999999,-51.75,-2.987141537818687e-23,nan,13.180000000000001
,0.0,55.0,-46.0,-1.5707963267948963,NO_PATH,4.97282103e-19,0.0,29.99999999999999,-51.75,-2.987141537818687e-23,nan,13.200000000000001
,0.0,55.0,-46.0,-1.5707963267948963,NO_PATH,2.6748935e-19,0.0,29.99999999999999,-51.75,-2.987141537818687e-23,nan,13.22
,0.0,55.0,-46.0,-1.5707963267948963,NO_PATH,-2.75812443e-19,0.0,29.99999999999999,-51.75,-2.987141537818687e-23,nan,13.24
,0.0,55.0,-46.0,-1.5707963267948963,NO_PATH,-2.75812443e-19,0.0,29.99999999999999,-51.75,-2.987141537818687e-23,nan,13.260000000000002
,0.0,55.0,-46.0,-1.5707963267948963,NO_PATH,9.43183748e-19,0.0,29.99999999999999,-51.75,-2.987141537818687e-23,nan,13.280000000000001
,0.0,55.0,-46.0,-1.5707963267948963,NO_PATH,1.81025455e-19,0.0,29.99999999999999,-51.75,-2.987141537818687e-23,nan,13.3
,0.0,55.0,-46.0,-1.5707963267948963,NO_PATH,5.21427146e-19,0.0,29.99999999999999,-51.75,-2.987141537818687e-23,nan,13.32
,0.0,55.0,-46.0,-1.5707963267948963,NO_PATH,5.06652422e-19,0.0,29.99999999999999,-51.75,-2.987141537818687e-23,nan,13.340000000000002
,0.0,55.0,-46.0,-1.5707963267948963,NO_PATH,5.06652422e-19,0.0,29.99999999999999,-51.75,-2.987141537818687e-23,nan,13.360000000000001
,0.0,55.0,-46.0,-1.5707963267948963,NO_PATH,6.56359526e-19,0.0,29.99999999999999,-51.75,-2.987141537818687e-23,nan,13.38
,0.0,55.0,-46.0,-1.5707963267948963,NO_PATH,6.56359526e-19,0.0,29.99999999999999,-51.75,-2.987141537818687e-23,nan,13.4
,0.0,55.0,-46.0,-1.5707963267948963,NO_PATH,1.19620571e-18,0.0,29.99999999999999,-51.75,-2.987141537818687e-23,nan,13.420000000000002
,0.0,55.0,-46.0,-1.5707963267948963,NO_PATH,5.08938858e-20,0.0,29.99999999999999,-51.75,-2.987141537818687e-23,nan,13.440000000000001
,0.0,55.0,-46.0,-1.5707963267948963,NO_PATH,6.09727663e-19,0.0,29.99999999999999,-51.75,-2.987141537818687e-23,nan,13.46
,0.0,55.0,-46.0,-1.5707963267948963,NO_PATH,6.09727663e-19,0.0,29.99999999999999,-51.75,-2.987141537818687e-23,nan,13.48
,0.0,55.0,-46.0,-1.5707963267948963,NO_PATH,3.79685888e-19,0.0,29.99999999999999,-51.75,-2.987141537818687e-23,nan,13.5
,0.0,55.0,-46.0,-1.5707963267948963,NO_PATH,1.06886929e-18,0.0,29.99999999999999,-51.75,-2.987141537818687e-23,nan,13.520000000000001
,0.0,55.0,-46.0,-1.5707963267948963,NO_PATH,1.06886929e-18,0.0,29.99999999999999,-51.75,-2.987141537818687e-23,nan,13.540000000000001
,0.0,55.0,-46.0,-1.5707963267948963,NO_PATH,4.81147736e-19,0.0,29.99999999999999,-51.75,-2.987141537818687e-23,nan,13.56
,0.0,55.0,-46.0,-1.5707963267948963,NO_PATH,4.76258509e-19,0.0,29.99999999999999,-51.75,-2.987141537818687e-23,nan,13.58
,0.0,55.0,-46.0,-1.5707963267948963,NO_PATH,4.76258509e-19,0.0,29.99999999999999,-51.75,-2.987141537818687e-23,nan,13.600000000000001
,0.0,55.0,-46.0,-1.5707963267948963,NO_PATH,4.75790521e-19,0.0,29.99999999999999,-51.75,-2.987141537818687e-23,nan,13.620000000000001
,0.0,55.0,-46.0,-1.5707963267948963,NO_PATH,5.85348772e-19,0.0,29.99999999999999,-51.75,-2.987141537818687e-23,nan,13.64
,0.0,55.0,-46.0,-1.5707963267948963,NO_PATH,7.2296527e-19,0.0,29.99999999999999,-51.75,-2.987141537818687e-23,nan,13.66
,0.0,55.0,-46.0,-1.5707963267948963,NO_PATH,1.48577191e-19,0.0,29.99999999999999,-51.75,-2.987141537818687e-23,nan,13.680000000000001
,0.0,55.0,-46.0,-1.5707963267948963,NO_PATH,5.92557452e-19,0.0,29.99999999999999,-51.75,-2.987141537818687e-23,nan,13.700000000000001
,0.0,55.0,-46.0,-1.5707963267948963,NO_PATH,5.92557452e-19,0.0,29.99999999999999,-51.75,-2.987141537818687e-23,nan,13.722000000000001
,0.0,55.0,-46.0,-1.5707963267948963,NO_PATH,1.29388124e-19,0.0,29.99999999999999,-51.75,-2.987141537818687e-23,nan,13.74
,0.0,55.0,-46.0,-1.5707963267948963,NO_PATH,1.29388124e-19,0.0,29.99999999999999,-51.75,-2.987141537818687e-23,nan,13.760000000000002
,0.0,55.0,-46.0,-1.5707963267948963,NO_PATH,6.63811412e-19,0.0,29.99999999999999,-51.75,-2.987141537818687e-23,nan,13.780000000000001
,0.0,55.0,-46.0,-1.5707963267948963,NO_PATH,1.21401531e-18,0.0,29.99999999999999,-51.75,-2.987141537818687e-23,nan,13.8
,0.0,55.0,-46.0,-1.5707963267948963,NO_PATH,1.21401531e-18,0.0,29.99999999999999,-51.75,-2.987141537818687e-23,nan,13.82
,0.0,55.0,-46.0,-1.5707963267948963,NO_PATH,-3.47741223e-19,0.0,29.99999999999999,-51.75,-2.987141537818687e-23,nan,13.840000000000002
,0.0,55.0,-46.0,-1.5707963267948963,NO_PATH,4.8555001e-19,0.0,29.99999999999999,-51.75,-2.987141537818687e-23,nan,13.860000000000001
,0.0,55.0,-46.0,-1.5707963267948963,NO_PATH,8.23959589e-19,0.0,29.99999999999999,-51.75,-2.987141537818687e-23,nan,13.88
,0.0,55.0,-46.0,-1.5707963267948963,NO_PATH,8.23959589e-19,0.0,29.99999999999999,-51.75,-2.987141537818687e-23,nan,13.9
,0.0,55.0,-46.0,-1.5707963267948963,NO_PATH,5.41299856e-19,0.0,29.99999999999999,-51.75,-2.987141537818687e-23,nan,13.920000000000002
,0.0,55.0,-46.0,-1.5707963267948963,NO_PATH,-8.27600709e-19,0.0,29.99999999999999,-51.75,-2.987141537818687e-23,nan,13.940000000000001
,0.0,55.0,-46.0,-1.5707963267948963,NO_PATH,8.54360597e-19,0.0,29.99999999999999,-51.75,-2.987141537818687e-23,nan,13.96
,0.0,55.0,-46.0,-1.5707963267948963,NO_PATH,8.54360597e-19,0.0,29.99999999999999,-51.75,-2.987141537818687e-23,nan,13.98
,0.0,55.0,-46.0,-1.5707963267948963,NO_PATH,9.52387105e-19,0.0,29.99999999999999,-51.75,-2.987141537818687e-23,nan,14.0
,0.0,55.0,-46.0,-1.5707963267948963,NO_PATH,5.48835641e-19,0.0,29.99999999999999,-51.75,-2.987141537818687e-23,nan,14.020000000000001
,0.0,55.0,-46.0,-1.5707963267948963,NO_PATH,5.48835641e-19,0.0,29.99999999999999,-51.75,-2.987141537818687e-23,nan,14.040000000000001
,0.0,55.0,-46.0,-1.5707963267948963,NO_PATH,1.02456809e-18,0.0,29.99999999999999,-51.75,-2.987141537818687e-23,nan,14.06
,0.0,55.0,-46.0,-1.5707963267948963,NO_PATH,7.23733175e-19,0.0,29.99999999999999,-51.75,-2.987141537818687e-23,nan,14.08
,0.0,55.0,-46.0,-1.5707963267948963,NO_PATH,7.23733175e-19,0.0,29.99999999999999,-51.75,-2.987141537818687e-23,nan,14.100000000000001
,0.0,55.0,-46.0,-1.5707963267948963,NO_PATH,-1.88133381e-19,0.0,29.99999999999999,-51.75,-2.987141537818687e-23,nan,14.120000000000001
,0.0,55.0,-46.0,-1.5707963267948963,NO_PATH,3.28322532e-19,0.0,29.99999999999999,-51.75,-2.987141537818687e-23,nan,14.14
,0.0,55.0,-46.0,-1.5707963267948963,NO_PATH,1.04830064e-18,0.0,29.99999999999999,-51.75,-2.987141537818687e-23,nan,14.16
,0.0,55.0,-46.0,-1.5707963267948963,NO_PATH,3.22507929e-19,0.0,29.99999999999999,-51.75,-2.987141537818687e-23,nan,14.180000000000001
,0.0,55.0,-46.0,-1.5707963267948963,NO_PATH,3.22507929e-19,0.0,29.99999999999999,-51.75,-2.987141537818687e-23,nan,14.200000000000001
,0.0,55.0,-46.0,-1.5707963267948963,NO_PATH,4.18525834e-19,0.0,29.99999999999999,-51.75,-2.987141537818687e-23,nan,14.221
,0.0,55.0,-46.0,-1.5707963267948963,NO_PATH,4.18525834e-19,0.0,29.99999999999999,-51.75,-2.987141537818687e-23,nan,14.24
,0.0,55.0,-46.0,-1.5707963267948963,NO_PATH,2.92775766e-19,0.0,29.99999999999999,-51.75,-2.987141537818687e-23,nan,14.260000000000002
,0.0,55.0,-46.0,-1.5707963267948963,NO_PATH,4.30339491e-19,0.0,29.99999999999999,-51.75,-2.987141537818687e-23,nan,14.280000000000001
,0.0,55.0,-46.0,-1.5707963267948963,NO_PATH,8.94202298e-22,0.0,29.99999999999999,-51.75,-2.987141537818687e-23,nan,14.3
,0.0,55.0,-46.0,-1.5707963267948963,NO_PATH,4.09133104e-19,0.0,29.99999999999999,-51.75,-2.987141537818687e-23,nan,14.32
,0.0,55.0,-46.0,-1.5707963267948963,NO_PATH,7.83338927e-19,0.0,29.99999999999999,-51.75,-2.987141537818687e-23,nan,14.340000000000002
,0.0,55.0,-46.0,-1.5707963267948963,NO_PATH,4.32263086e-19,0.0,29.99999999999999,-51.75,-2.987141537818687e-23,nan,14.360000000000001
,0.0,55.0,-46.0,-1.5707963267948963,NO_PATH,3.4803704e-19,0.0,29.99999999999999,-51.75,-2.987141537818687e-23,nan,14.38
,0.0,55.0,-46.0,-1.5707963267948963,NO_PATH,1.07322146e-18,0.0,29.99999999999999,-51.75,-2.987141537818687e-23,nan,14.4
,0.0,55.0,-46.0,-1.5707963267948963,NO_PATH,1.07322146e-18,0.0,29.99999999999999,-51.75,-2.987141537818687e-23,nan,14.421000000000001
,0.0,55.0,-46.0,-1.5707963267948963,NO_PATH,9.7747668e-19,0.0,29.99999999999999,-51.75,-2.987141537818687e-23,nan,14.440000000000001
,0.0,55.0,-46.0,-1.5707963267948963,NO_PATH,9.7747668e-19,0.0,29.99999999999999,-51.75,-2.987141537818687e-23,nan,14.46
,0.0,55.0,-46.0,-1.5707963267948963,NO_PATH,6.36976886e-19,0.0,29.99999999999999,-51.75,-2.987141537818687e-23,nan,14.48
,0.0,55.0,-46.0,-1.5707963267948963,NO_PATH,4.84409104e-20,0.0,29.99999999999999,-51.75,-2.987141537818687e-23,nan,14.500000000000002
,0.0,55.0,-46.0,-1.5707963267948963,NO_PATH,3.1355462e-19,0.0,29.99999999999999,-51.75,-2.987141537818687e-23,nan,14.520000000000001
,0.0,55.0,-46.0,-1.5707963267948963,NO_PATH,3.57730889e-19,0.0,29.99999999999999,-51.75,-2.987141537818687e-23,nan,14.540000000000001
,0.0,55.0,-46.0,-1.5707963267948963,NO_PATH,3.57730889e-19,0.0,29.99999999999999,-51.75,-2.987141537818687e-23,nan,14.56
,0.0,55.0,-46.0,-1.5707963267948963,NO_PATH,2.78656533e-19,0.0,29.99999999999999,-51.75,-2.987141537818687e-23,nan,14.58
,0.0,55.0,-46.0,-1.5707963267948963,NO_PATH,3.5446187e-19,0.0,29.99999999999999,-51.75,-2.987141537818687e-23,nan,14.600000000000001
,0.0,55.0,-46.0,-1.5707963267948963,NO_PATH,1.7311835e-19,0.0,29.99999999999999,-51.75,-2.987141537818687e-23,nan,14.620000000000001
,0.0,55.0,-46.0,-1.5707963267948963,NO_PATH,-4.55942878e-20,0.0,29.99999999999999,-51.75,-2.987141537818687e-23,nan,14.64
,0.0,55.0,-46.0,-1.5707963267948963,NO_PATH,-1.7046238e-19,0.0,29.99999999999999,-51.75,-2.987141537818687e-23,nan,14.66
,0.0,55.0,-46.0,-1.5707963267948963,NO_PATH,6.2359282e-19,0.0,29.99999999999999,-51.75,-2.987141537818687e-23,nan,14.680000000000001
,0.0,55.0,-46.0,-1.5707963267948963,NO_PATH,6.2359282e-19,0.0,29.99999999999999,-51.75,-2.987141537818687e-23,nan,14.700000000000001
,0.0,55.0,-46.0,-1.5707963267948963,NO_PATH,5.3318344e-19,0.0,29.99999999999999,-51.75,-2.987141537818687e-23,nan,14.72
,0.0,55.0,-46.0,-1.5707963267948963,NO_PATH,4.1114837e-19,0.0,29.99999999999999,-51.75,-2.987141537818687e-23,nan,14.74
,0.0,55.0,-46.0,-1.5707963267948963,NO_PATH,4.1114837e-19,0.0,29.99999999999999,-51.75,-2.987141537818687e-23,nan,14.760000000000002
,0.0,55.0,-46.0,-1.5707963267948963,NO_PATH,-2.58368924e-19,0.0,29.99999999999999,-51.75,-2.987141537818687e-23,nan,14.780000000000001
,0.0,55.0,-46.0,-1.5707963267948963,NO_PATH,1.13097313e-18,0.0,29.99999999999999,-51.75,-2.987141537818687e-23,nan,14.801
,0.0,55.0,-46.0,-1.5707963267948963,NO_PATH,1.13097313e-18,0.0,29.99999999999999,-51.75,-2.987141537818687e-23,nan,14.82
,0.0,55.0,-46.0,-1.5707963267948963,NO_PATH,7.09871156e-19,0.0,29.99999999999999,-51.75,-2.987141537818687e-23,nan,14.840000000000002
,0.0,55.0,-46.0,-1.5707963267948963,NO_PATH,7.09871156e-19,0.0,29.99999999999999,-51.75,-2.987141537818687e-23,nan,14.860000000000001
,0.0,55.0,-46.0,-1.5707963267948963,NO_PATH,7.09871156e-19,0.0,29.99999999999999,-51.75,-2.987141537818687e-23,nan,14.88
,0.0,55.0,-46.0,-1.5707963267948963,NO_PATH,1.2158963e-18,0.0,29.99999999999999,-51.75,-2.987141537818687e-23,nan,14.9
,0.0,55.0,-46.0,-1.5707963267948963,NO_PATH,1.06070081e-18,0.0,29.99999999999999,-51.75,-2.987141537818687e-23,nan,14.920000000000002
,0.0,55.0,-46.0,-1.5707963267948963,NO_PATH,1.25980416e-18,0.0,29.99999999999999,-51.75,-2.987141537818687e-23,nan,14.940000000000001
,0.0,55.0,-46.0,-1.5707963267948963,NO_PATH,4.4198917e-20,0.0,29.99999999999999,-51.75,-2.987141537818687e-23,nan,14.96
,0.0,55.0,-46.0,-1.5707963267948963,NO_PATH,4.4198917e-20,0.0,29.99999999999999,-51.75,-2.987141537818687e-23,nan,14.98
,0.0,55.0,-46.0,-1.5707963267948963,NO_PATH,2.20348935e-19,0.0,29.99999999999999,-51.75,-2.987141537818687e-23,nan,15.000000000000002
,0.0,55.0,-46.0,-1.5707963267948963,NO_PATH,4.28853856e-19,0.0,29.99999999999999,-51.75,-2.987141537818687e-23,nan,15.020000000000001
,0.0,55.0,-46.0,-1.5707963267948963,NO_PATH,2.01743303e-19,0.0,29.99999999999999,-51.75,-2.987141537818687e-23,nan,15.040000000000001
,0.0,55.0,-46.0,-1.5707963267948963,NO_PATH,1.97932752e-19,0.0,29.99999999999999,-51.75,-2.987141537818687e-23,nan,15.06
,0.0,55.0,-46.0,-1.5707963267948963,NO_PATH,1.97932752e-19,0.0,29.99999999999999,-51.75,-2.987141537818687e-23,nan,15.08
,0.0,55.0,-46.0,-1.5707963267948963,NO_PATH,4.49079828e-19,0.0,29.99999999999999,-51.75,-2.987141537818687e-23,nan,15.100000000000001
,0.0,55.0,-46.0,-1.5707963267948963,NO_PATH,5.56529243e-19,0.0,29.99999999999999,-51.75,-2.987141537818687e-23,nan,15.121
,0.0,55.0,-46.0,-1.5707963267948963,NO_PATH,1.16855906e-19,0.0,29.99999999999999,-51.75,-2.987141537818687e-23,nan,15.14
,0.0,55.0,-46.0,-1.5707963267948963,NO_PATH,1.16855906e-19,0.0,29.99999999999999,-51.75,-2.987141537818687e-23,nan,15.16
,0.0,55.0,-46.0,-1.5707963267948963,NO_PATH,4.72553956e-19,0.0,29.99999999999999,-51.75,-2.987141537818687e-23,nan,15.180000000000001
,0.0,55.0,-46.0,-1.5707963267948963,NO_PATH,4.72553956e-19,0.0,29.99999999999999,-51.75,-2.987141537818687e-23,nan,15.200000000000001
,0.0,55.0,-46.0,-1.5707963267948963,NO_PATH,3.13363222e-19,0.0,29.99999999999999,-51.75,-2.987141537818687e-23,nan,15.22
,0.0,55.0,-46.0,-1.5707963267948963,NO_PATH,-2.83091865e-19,0.0,29.99999999999999,-51.75,-2.987141537818687e-23,nan,15.24
,0.0,55.0,-46.0,-1.5707963267948963,NO_PATH,3.00625261e-19,0.0,29.99999999999999,-51.75,-2.987141537818687e-23,nan,15.260000000000002
,0.0,55.0,-46.0,-1.5707963267948963,NO_PATH,3.00625261e-19,0.0,29.99999999999999,-51.75,-2.987141537818687e-23,nan,15.280000000000001
,0.0,55.0,-46.0,-1.5707963267948963,NO_PATH,8.58527731e-20,0.0,29.99999999999999,-51.75,-2.987141537818687e-23,nan,15.3
,0.0,55.0,-46.0,-1.5707963267948963,NO_PATH,-1.14090581e-19,0.0,29.99999999999999,-51.75,-2.987141537818687e-23,nan,15.321000000000002
,0.0,55.0,-46.0,-1.5707963267948963,NO_PATH,-1.14090581e-19,0.0,29.99999999999999,-51.75,-2.987141537818687e-23,nan,15.340000000000002
,0.0,55.0,-46.0,-1.5707963267948963,NO_PATH,1.06011042e-19,0.0,29.99999999999999,-51.75,-2.987141537818687e-23,nan,15.360000000000001
,0.0,55.0,-46.0,-1.5707963267948963,NO_PATH,1.06011042e-19,0.0,29.99999999999999,-51.75,-2.987141537818687e-23,nan,15.38
,0.0,55.0,-46.0,-1.5707963267948963,NO_PATH,1.17332899e-18,0.0,29.99999999999999,-51.75,-2.987141537818687e-23,nan,15.4
,0.0,55.0,-46.0,-1.5707963267948963,NO_PATH,-1.33777706e-19,0.0,29.99999999999999,-51.75,-2.987141537818687e-23,nan,15.427000000000001
,0.0,55.0,-46.0,-1.5707963267948963,NO_PATH,9.03818918e-19,0.0,29.99999999999999,-51.75,-2.987141537818687e-23,nan,15.440000000000001
,0.0,55.0,-46.0,-1.5707963267948963,NO_PATH,6.53476024e-19,0.0,29.99999999999999,-51.75,-2.987141537818687e-23,nan,15.46
,0.0,55.0,-46.0,-1.5707963267948963,NO_PATH,6.53476024e-19,0.0,29.99999999999999,-51.75,-2.987141537818687e-23,nan,15.48
,0.0,55.0,-46.0,-1.5707963267948963,NO_PATH,6.97294927e-19,0.0,29.99999999999999,-51.75,-2.987141537818687e-23,nan,15.500000000000002
,0.0,55.0,-46.0,-1.5707963267948963,NO_PATH,3.3562498e-19,0.0,29.99999999999999,-51.75,-2.987141537818687e-23,nan,15.521
,0.0,55.0,-46.0,-1.5707963267948963,NO_PATH,3.3562498e-19,0.0,29.99999999999999,-51.75,-2.987141537818687e-23,nan,15.540000000000001
,0.0,55.0,-46.0,-1.5707963267948963,NO_PATH,9.99932323e-19,0.0,29.99999999999999,-51.75,-2.987141537818687e-23,nan,15.56
,0.0,55.0,-46.0,-1.5707963267948963,NO_PATH,3.20413352e-19,0.0,29.99999999999999,-51.75,-2.987141537818687e-23,nan,15.580000000000002
,0.0,55.0,-46.0,-1.5707963267948963,NO_PATH,9.9104078e-19,0.0,29.99999999999999,-51.75,-2.987141537818687e-23,nan,15.600000000000001
,0.0,55.0,-46.0,-1.5707963267948963,NO_PATH,-4.08026204e-19,0.0,29.99999999999999,-51.75,-2.987141537818687e-23,nan,15.620000000000001
,0.0,55.0,-46.0,-1.5707963267948963,NO_PATH,2.35485475e-19,0.0,29.99999999999999,-51.75,-2.987141537818687e-23,nan,15.64
,0.0,55.0,-46.0,-1.5707963267948963,NO_PATH,6.27583826e-19,0.0,29.99999999999999,-51.75,-2.987141537818687e-23,nan,15.66
,0.0,55.0,-46.0,-1.5707963267948963,NO_PATH,1.516023e-18,0.0,29.99999999999999,-51.75,-2.987141537818687e-23,nan,15.680000000000001
,0.0,55.0,-46.0,-1.5707963267948963,NO_PATH,1.17119475e-18,0.0,29.99999999999999,-51.75,-2.987141537818687e-23,nan,15.700000000000001
,0.0,55.0,-46.0,-1.5707963267948963,NO_PATH,1.17119475e-18,0.0,29.99999999999999,-51.75,-2.987141537818687e-23,nan,15.72
,0.0,55.0,-46.0,-1.5707963267948963,NO_PATH,1.67197942e-19,0.0,29.99999999999999,-51.75,-2.987141537818687e-23,nan,15.74
,0.0,55.0,-46.0,-1.5707963267948963,NO_PATH,1.67197942e-19,0.0,29.99999999999999,-51.75,-2.987141537818687e-23,nan,15.760000000000002
,0.0,55.0,-46.0,-1.5707963267948963,NO_PATH,3.64991883e-19,0.0,29.99999999999999,-51.75,-2.987141537818687e-23,nan,15.780000000000001
,0.0,55.0,-46.0,-1.5707963267948963,NO_PATH,3.64991883e-19,0.0,29.99999999999999,-51.75,-2.987141537818687e-23,nan,15.8
,0.0,55.0,-46.0,-1.5707963267948963,NO_PATH,1.96140574e-19,0.0,29.99999999999999,-51.75,-2.987141537818687e-23,nan,15.82
,0.0,55.0,-46.0,-1.5707963267948963,NO_PATH,2.61226889e-19,0.0,29.99999999999999,-51.75,-2.987141537818687e-23,nan,15.840000000000002
,0.0,55.0,-46.0,-1.5707963267948963,NO_PATH,7.60650003e-19,0.0,29.99999999999999,-51.75,-2.987141537818687e-23,nan,15.860000000000001
,0.0,55.0,-46.0,-1.5707963267948963,NO_PATH,7.3060146e-19,0.0,29.99999999999999,-51.75,-2.987141537818687e-23,nan,15.88
,0.0,55.0,-46.0,-1.5707963267948963,NO_PATH,-3.5571308e-20,0.0,29.99999999999999,-51.75,-2.987141537818687e-23,nan,15.902000000000001
,0.0,55.0,-46.0,-1.5707963267948963,NO_PATH,-1.53974951e-19,0.0,29.99999999999999,-51.75,-2.987141537818687e-23,nan,15.920000000000002
,0.0,55.0,-46.0,-1.5707963267948963,NO_PATH,9.89569925e-19,0.0,29.99999999999999,-51.75,-2.987141537818687e-23,nan,15.940000000000001
,0.0,55.0,-46.0,-1.5707963267948963,NO_PATH,9.89569925e-19,0.0,29.99999999999999,-51.75,-2.987141537818687e-23,nan,15.96
,0.0,55.0,-46.0,-1.5707963267948963,NO_PATH,9.52560019e-19,0.0,29.99999999999999,-51.75,-2.987141537818687e-23,nan,15.98
,0.0,55.0,-46.0,-1.5707963267948963,NO_PATH,9.52560019e-19,0.0,29.99999999999999,-51.75,-2.987141537818687e-23,nan,16.0
,0.0,55.0,-46.0,-1.5707963267948963,NO_PATH,1.91455144e-19,0.0,29.99999999999999,-51.75,-2.987141537818687e-23,nan,16.02
,0.0,55.0,-46.0,-1.5707963267948963,NO_PATH,-7.07453955e-20,0.0,29.99999999999999,-51.75,-2.987141537818687e-23,nan,16.040000000000003
,0.0,55.0,-46.0,-1.5707963267948963,NO_PATH,1.20740265e-18,0.0,29.99999999999999,-51.75,-2.987141537818687e-23,nan,16.060000000000002
,0.0,55.0,-46.0,-1.5707963267948963,NO_PATH,7.16723407e-19,0.0,29.99999999999999,-51.75,-2.987141537818687e-23,nan,16.080000000000002
,0.0,55.0,-46.0,-1.5707963267948963,NO_PATH,7.16723407e-19,0.0,29.99999999999999,-51.75,-2.987141537818687e-23,nan,16.1
,0.0,55.0,-46.0,-1.5707963267948963,NO_PATH,8.28068411e-19,0.0,29.99999999999999,-51.75,-2.987141537818687e-23,nan,16.12
,0.0,55.0,-46.0,-1.5707963267948963,NO_PATH,8.28068411e-19,0.0,29.99999999999999,-51.75,-2.987141537818687e-23,nan,16.14
,0.0,55.0,-46.0,-1.5707963267948963,NO_PATH,6.44208378e-19,0.0,29.99999999999999,-51.75,-2.987141537818687e-23,nan,16.161
,0.0,55.0,-46.0,-1.5707963267948963,NO_PATH,1.51166926e-19,0.0,29.99999999999999,-51.75,-2.987141537818687e-23,nan,16.18
,0.0,55.0,-46.0,-1.5707963267948963,NO_PATH,1.51166926e-19,0.0,29.99999999999999,-51.75,-2.987141537818687e-23,nan,16.2
,0.0,55.0,-46.0,-1.5707963267948963,NO_PATH,1.15146465e-18,0.0,29.99999999999999,-51.75,-2.987141537818687e-23,nan,16.220000000000002
,0.0,55.0,-46.0,-1.5707963267948963,NO_PATH,1.15220462e-18,0.0,29.99999999999999,-51.75,-2.987141537818687e-23,nan,16.240000000000002
,0.0,55.0,-46.0,-1.5707963267948963,NO_PATH,4.20458841e-19,0.0,29.99999999999999,-51.75,-2.987141537818687e-23,nan,16.26
,0.0,55.0,-46.0,-1.5707963267948963,NO_PATH,9.02910794e-19,0.0,29.99999999999999,-51.75,-2.987141537818687e-23,nan,16.281000000000002
,0.0,55.0,-46.0,-1.5707963267948963,NO_PATH,6.90137216e-19,0.0,29.99999999999999,-51.75,-2.987141537818687e-23,nan,16.3
,0.0,55.0,-46.0,-1.5707963267948963,NO_PATH,7.53249624e-20,0.0,29.99999999999999,-51.75,-2.987141537818687e-23,nan,16.32
,0.0,55.0,-46.0,-1.5707963267948963,NO_PATH,7.53249624e-20,0.0,29.99999999999999,-51.75,-2.987141537818687e-23,nan,16.34
,0.0,55.0,-46.0,-1.5707963267948963,NO_PATH,5.67050025e-19,0.0,29.99999999999999,-51.75,-2.987141537818687e-23,nan,16.36
,0.0,55.0,-46.0,-1.5707963267948963,NO_PATH,6.40258358e-19,0.0,29.99999999999999,-51.75,-2.987141537818687e-23,nan,16.380000000000003
,0.0,55.0,-46.0,-1.5707963267948963,NO_PATH,5.39582807e-19,0.0,29.99999999999999,-51.75,-2.987141537818687e-23,nan,16.400000000000002
,0.0,55.0,-46.0,-1.5707963267948963,NO_PATH,7.26599586e-19,0.0,29.99999999999999,-51.75,-2.987141537818687e-23,nan,16.421
,0.0,55.0,-46.0,-1.5707963267948963,NO_PATH,7.26599586e-19,0.0,29.99999999999999,-51.75,-2.987141537818687e-23,nan,16.44
,0.0,55.0,-46.0,-1.5707963267948963,NO_PATH,3.34400826e-19,0.0,29.99999999999999,-51.75,-2.987141537818687e-23,nan,16.46
,0.0,55.0,-46.0,-1.5707963267948963,NO_PATH,3.34400826e-19,0.0,29.99999999999999,-51.75,-2.987141537818687e-23,nan,16.48
,0.0,55.0,-46.0,-1.5707963267948963,NO_PATH,3.27662522e-19,0.0,29.99999999999999,-51.75,-2.987141537818687e-23,nan,16.501
,0.0,55.0,-46.0,-1.5707963267948963,NO_PATH,6.23379853e-19,0.0,29.99999999999999,-51.75,-2.987141537818687e-23,nan,16.52
,0.0,55.0,-46.0,-1.5707963267948963,NO_PATH,6.23379853e-19,0.0,29.99999999999999,-51.75,-2.987141537818687e-23,nan,16.540000000000003
,0.0,55.0,-46.0,-1.5707963267948963,NO_PATH,6.20234274e-19,0.0,29.99999999999999,-51.75,-2.987141537818687e-23,nan,16.560000000000002
,0.0,55.0,-46.0,-1.5707963267948963,NO_PATH,1.02075898e-18,0.0,29.99999999999999,-51.75,-2.987141537818687e-23,nan,16.580000000000002
,0.0,55.0,-46.0,-1.5707963267948963,NO_PATH,6.68650483e-19,0.0,29.99999999999999,-51.75,-2.987141537818687e-23,nan,16.6
,0.0,55.0,-46.0,-1.5707963267948963,NO_PATH,3.38265363e-19,0.0,29.99999999999999,-51.75,-2.987141537818687e-23,nan,16.62
,0.0,55.0,-46.0,-1.5707963267948963,NO_PATH,3.38265363e-19,0.0,29.99999999999999,-51.75,-2.987141537818687e-23,nan,16.64
,0.0,55.0,-46.0,-1.5707963267948963,NO_PATH,3.4139213e-19,0.0,29.99999999999999,-51.75,-2.987141537818687e-23,nan,16.66
,0.0,55.0,-46.0,-1.5707963267948963,NO_PATH,3.95473987e-20,0.0,29.99999999999999,-51.75,-2.987141537818687e-23,nan,16.68
,0.0,55.0,-46.0,-1.5707963267948963,NO_PATH,8.77774734e-19,0.0,29.99999999999999,-51.75,-2.987141537818687e-23,nan,16.7
,0.0,55.0,-46.0,-1.5707963267948963,NO_PATH,8.77774734e-19,0.0,29.99999999999999,-51.75,-2.987141537818687e-23,nan,16.720000000000002
,0.0,55.0,-46.0,-1.5707963267948963,NO_PATH,3.53875248e-19,0.0,29.99999999999999,-51.75,-2.987141537818687e-23,nan,16.740000000000002
,0.0,55.0,-46.0,-1.5707963267948963,NO_PATH,-1.24468162e-19,0.0,29.99999999999999,-51.75,-2.987141537818687e-23,nan,16.761000000000003
,0.0,55.0,-46.0,-1.5707963267948963,NO_PATH,2.4245767e-19,0.0,29.99999999999999,-51.75,-2.987141537818687e-23,nan,16.78
,0.0,55.0,-46.0,-1.5707963267948963,NO_PATH,7.82922787e-19,0.0,29.99999999999999,-51.75,-2.987141537818687e-23,nan,16.8
,0.0,55.0,-46.0,-1.5707963267948963,NO_PATH,7.82922787e-19,0.0,29.99999999999999,-51.75,-2.987141537818687e-23,nan,16.82
,0.0,55.0,-46.0,-1.5707963267948963,NO_PATH,-6.69637737e-19,0.0,29.99999999999999,-51.75,-2.987141537818687e-23,nan,16.84
,0.0,55.0,-46.0,-1.5707963267948963,NO_PATH,-6.69637737e-19,0.0,29.99999999999999,-51.75,-2.987141537818687e-23,nan,16.86
,0.0,55.0,-46.0,-1.5707963267948963,NO_PATH,8.98546817e-19,0.0,29.99999999999999,-51.75,-2.987141537818687e-23,nan,16.880000000000003
,0.0,55.0,-46.0,-1.5707963267948963,NO_PATH,8.98546817e-19,0.0,29.99999999999999,-51.75,-2.987141537818687e-23,nan,16.900000000000002
,0.0,55.0,-46.0,-1.5707963267948963,NO_PATH,9.95253503e-19,0.0,29.99999999999999,-51.75,-2.987141537818687e-23,nan,16.92
,0.0,55.0,-46.0,-1.5707963267948963,NO_PATH,9.95253503e-19,0.0,29.99999999999999,-51.75,-2.987141537818687e-23,nan,16.94
,0.0,55.0,-46.0,-1.5707963267948963,NO_PATH,6.35405983e-19,0.0,29.99999999999999,-51.75,-2.987141537818687e-23,nan,16.96
,0.0,55.0,-46.0,-1.5707963267948963,NO_PATH,8.5048039e-19,0.0,29.99999999999999,-51.75,-2.987141537818687e-23,nan,16.98
,0.0,55.0,-46.0,-1.5707963267948963,NO_PATH,7.53151335e-19,0.0,29.99999999999999,-51.75,-2.987141537818687e-23,nan,17.0
,0.0,55.0,-46.0,-1.5707963267948963,NO_PATH,6.25061662e-19,0.0,29.99999999999999,-51.75,-2.987141537818687e-23,nan,17.02
,0.0,55.0,-46.0,-1.5707963267948963,NO_PATH,6.25061662e-19,0.0,29.99999999999999,-51.75,-2.987141537818687e-23,nan,17.040000000000003
,0.0,55.0,-46.0,-1.5707963267948963,NO_PATH,6.72547677e-19,0.0,29.99999999999999,-51.75,-2.987141537818687e-23,nan,17.060000000000002
,0.0,55.0,-46.0,-1.5707963267948963,NO_PATH,6.72547677e-19,0.0,29.99999999999999,-51.75,-2.987141537818687e-23,nan,17.080000000000002
,0.0,55.0,-46.0,-1.5707963267948963,NO_PATH,2.59564851e-19,0.0,29.99999999999999,-51.75,-2.987141537818687e-23,nan,17.1
,0.0,55.0,-46.0,-1.5707963267948963,NO_PATH,8.15761961e-19,0.0,29.99999999999999,-51.75,-2.987141537818687e-23,nan,17.12
,0.0,55.0,-46.0,-1.5707963267948963,NO_PATH,5.83150349e-19,0.0,29.99999999999999,-51.75,-2.987141537818687e-23,nan,17.14
,0.0,55.0,-46.0,-1.5707963267948963,NO_PATH,5.83150349e-19,0.0,29.99999999999999,-51.75,-2.987141537818687e-23,nan,17.16
,0.0,55.0,-46.0,-1.5707963267948963,NO_PATH,3.95009772e-19,0.0,29.99999999999999,-51.75,-2.987141537818687e-23,nan,17.18
,0.0,55.0,-46.0,-1.5707963267948963,NO_PATH,1.04121586e-18,0.0,29.99999999999999,-51.75,-2.987141537818687e-23,nan,17.200000000000003
,0.0,55.0,-46.0,-1.5707963267948963,NO_PATH,1.15687658e-19,0.0,29.99999999999999,-51.75,-2.987141537818687e-23,nan,17.220000000000002
,0.0,55.0,-46.0,-1.5707963267948963,NO_PATH,2.95577126e-19,0.0,29.99999999999999,-51.75,-2.987141537818687e-23,nan,17.240000000000002
,0.0,55.0,-46.0,-1.5707963267948963,NO_PATH,-6.14734143e-20,0.0,29.99999999999999,-51.75,-2.987141537818687e-23,nan,17.26
,0.0,55.0,-46.0,-1.5707963267948963,NO_PATH,2.72838832e-20,0.0,29.99999999999999,-51.75,-2.987141537818687e-23,nan,17.28
,0.0,55.0,-46.0,-1.5707963267948963,NO_PATH,2.72768087e-19,0.0,29.99999999999999,-51.75,-2.987141537818687e-23,nan,17.3
,0.0,55.0,-46.0,-1.5707963267948963,NO_PATH,2.72768087e-19,0.0,29.99999999999999,-51.75,-2.987141537818687e-23,nan,17.32
,0.0,55.0,-46.0,-1.5707963267948963,NO_PATH,-2.978434e-19,0.0,29.99999999999999,-51.75,-2.987141537818687e-23,nan,17.341
,0.0,55.0,-46.0,-1.5707963267948963,NO_PATH,1.40355673e-18,0.0,29.99999999999999,-51.75,-2.987141537818687e-23,nan,17.36
,0.0,55.0,-46.0,-1.5707963267948963,NO_PATH,7.69650577e-19,0.0,29.99999999999999,-51.75,-2.987141537818687e-23,nan,17.380000000000003
,0.0,55.0,-46.0,-1.5707963267948963,NO_PATH,7.69650577e-19,0.0,29.99999999999999,-51.75,-2.987141537818687e-23,nan,17.401
,0.0,55.0,-46.0,-1.5707963267948963,NO_PATH,2.75381493e-19,0.0,29.99999999999999,-51.75,-2.987141537818687e-23,nan,17.421
,0.0,55.0,-46.0,-1.5707963267948963,NO_PATH,4.23300122e-19,0.0,29.99999999999999,-51.75,-2.987141537818687e-23,nan,17.44
,0.0,55.0,-46.0,-1.5707963267948963,NO_PATH,8.37834344e-19,0.0,29.99999999999999,-51.75,-2.987141537818687e-23,nan,17.46
,0.0,55.0,-46.0,-1.5707963267948963,NO_PATH,9.21780158e-19,0.0,29.99999999999999,-51.75,-2.987141537818687e-23,nan,17.48
,0.0,55.0,-46.0,-1.5707963267948963,NO_PATH,1.41072417e-19,0.0,29.99999999999999,-51.75,-2.987141537818687e-23,nan,17.5
,0.0,55.0,-46.0,-1.5707963267948963,NO_PATH,7.83889869e-19,0.0,29.99999999999999,-51.75,-2.987141537818687e-23,nan,17.521
,0.0,55.0,-46.0,-1.5707963267948963,NO_PATH,2.38438023e-19,0.0,29.99999999999999,-51.75,-2.987141537818687e-23,nan,17.540000000000003
,0.0,55.0,-46.0,-1.5707963267948963,NO_PATH,4.28415476e-19,0.0,29.99999999999999,-51.75,-2.987141537818687e-23,nan,17.560000000000002
,0.0,55.0,-46.0,-1.5707963267948963,NO_PATH,6.26605808e-20,0.0,29.99999999999999,-51.75,-2.987141537818687e-23,nan,17.580000000000002
,0.0,55.0,-46.0,-1.5707963267948963,NO_PATH,4.47762628e-19,0.0,29.99999999999999,-51.75,-2.987141537818687e-23,nan,17.601000000000003
,0.0,55.0,-46.0,-1.5707963267948963,NO_PATH,4.47762628e-19,0.0,29.99999999999999,-51.75,-2.987141537818687e-23,nan,17.621000000000002
,0.0,55.0,-46.0,-1.5707963267948963,NO_PATH,1.11516613e-18,0.0,29.99999999999999,-51.75,-2.987141537818687e-23,nan,17.64
,0.0,55.0,-46.0,-1.5707963267948963,NO_PATH,1.12312463e-18,0.0,29.99999999999999,-51.75,-2.987141537818687e-23,nan,17.661
,0.0,55.0,-46.0,-1.5707963267948963,NO_PATH,9.86668281e-19,0.0,29.99999999999999,-51.75,-2.987141537818687e-23,nan,17.68
,0.0,55.0,-46.0,-1.5707963267948963,NO_PATH,2.62579548e-19,0.0,29.99999999999999,-51.75,-2.987141537818687e-23,nan,17.700000000000003
,0.0,55.0,-46.0,-1.5707963267948963,NO_PATH,2.62579548e-19,0.0,29.99999999999999,-51.75,-2.987141537818687e-23,nan,17.721
,0.0,55.0,-46.0,-1.5707963267948963,NO_PATH,9.95852041e-19,0.0,29.99999999999999,-51.75,-2.987141537818687e-23,nan,17.740000000000002
,0.0,55.0,-46.0,-1.5707963267948963,NO_PATH,9.95852041e-19,0.0,29.99999999999999,-51.75,-2.987141537818687e-23,nan,17.76
,0.0,55.0,-46.0,-1.5707963267948963,NO_PATH,2.85991994e-19,0.0,29.99999999999999,-51.75,-2.987141537818687e-23,nan,17.781000000000002
,0.0,55.0,-46.0,-1.5707963267948963,NO_PATH,-1.35959162e-19,0.0,29.99999999999999,-51.75,-2.987141537818687e-23,nan,17.8
,0.0,55.0,-46.0,-1.5707963267948963,NO_PATH,-1.35959162e-19,0.0,29.99999999999999,-51.75,-2.987141537818687e-23,nan,17.82
,0.0,55.0,-46.0,-1.5707963267948963,NO_PATH,-4.31489327e-19,0.0,29.99999999999999,-51.75,-2.987141537818687e-23,nan,17.84
,0.0,55.0,-46.0,-1.5707963267948963,NO_PATH,8.61860871e-19,0.0,29.99999999999999,-51.75,-2.987141537818687e-23,nan,17.86
,0.0,55.0,-46.0,-1.5707963267948963,NO_PATH,8.61860871e-19,0.0,29.99999999999999,-51.75,-2.987141537818687e-23,nan,17.880000000000003
,0.0,55.0,-46.0,-1.5707963267948963,NO_PATH,5.5491408e-19,0.0,29.99999999999999,-51.75,-2.987141537818687e-23,nan,17.901
,0.0,55.0,-46.0,-1.5707963267948963,NO_PATH,3.01921244e-19,0.0,29.99999999999999,-51.75,-2.987141537818687e-23,nan,17.92
,0.0,55.0,-46.0,-1.5707963267948963,NO_PATH,3.01921244e-19,0.0,29.99999999999999,-51.75,-2.987141537818687e-23,nan,17.94
,0.0,55.0,-46.0,-1.5707963267948963,NO_PATH,1.05921916e-18,0.0,29.99999999999999,-51.75,-2.987141537818687e-23,nan,17.96
,0.0,55.0,-46.0,-1.5707963267948963,NO_PATH,-2.40211087e-19,0.0,29.99999999999999,-51.75,-2.987141537818687e-23,nan,17.98
,0.0,55.0,-46.0,-1.5707963267948963,NO_PATH,-3.42886752e-20,0.0,29.99999999999999,-51.75,-2.987141537818687e-23,nan,18.001
,0.0,55.0,-46.0,-1.5707963267948963,NO_PATH,6.88283725e-19,0.0,29.99999999999999,-51.75,-2.987141537818687e-23,nan,18.02
,0.0,55.0,-46.0,-1.5707963267948963,NO_PATH,6.88283725e-19,0.0,29.99999999999999,-51.75,-2.987141537818687e-23,nan,18.040000000000003
,0.0,55.0,-46.0,-1.5707963267948963,NO_PATH,9.04660013e-19,0.0,29.99999999999999,-51.75,-2.987141537818687e-23,nan,18.060000000000002
,0.0,55.0,-46.0,-1.5707963267948963,NO_PATH,1.48318594e-19,0.0,29.99999999999999,-51.75,-2.987141537818687e-23,nan,18.080000000000002
,0.0,55.0,-46.0,-1.5707963267948963,NO_PATH,4.39926173e-19,0.0,29.99999999999999,-51.75,-2.987141537818687e-23,nan,18.1
,0.0,55.0,-46.0,-1.5707963267948963,NO_PATH,4.39926173e-19,0.0,29.99999999999999,-51.75,-2.987141537818687e-23,nan,18.12
,0.0,55.0,-46.0,-1.5707963267948963,NO_PATH,2.5989002e-19,0.0,29.99999999999999,-51.75,-2.987141537818687e-23,nan,18.141000000000002
,0.0,55.0,-46.0,-1.5707963267948963,NO_PATH,2.66985176e-19,0.0,29.99999999999999,-51.75,-2.987141537818687e-23,nan,18.16
,0.0,55.0,-46.0,-1.5707963267948963,NO_PATH,2.66985176e-19,0.0,29.99999999999999,-51.75,-2.987141537818687e-23,nan,18.18
,0.0,55.0,-46.0,-1.5707963267948963,NO_PATH,-4.99772017e-19,0.0,29.99999999999999,-51.75,-2.987141537818687e-23,nan,18.200000000000003
,0.0,55.0,-46.0,-1.5707963267948963,NO_PATH,-3.63919506e-21,0.0,29.99999999999999,-51.75,-2.987141537818687e-23,nan,18.220000000000002
,0.0,55.0,-46.0,-1.5707963267948963,NO_PATH,5.15828433e-19,0.0,29.99999999999999,-51.75,-2.987141537818687e-23,nan,18.240000000000002
,0.0,55.0,-46.0,-1.5707963267948963,NO_PATH,5.78514524e-19,0.0,29.99999999999999,-51.75,-2.987141537818687e-23,nan,18.261000000000003
,0.0,55.0,-46.0,-1.5707963267948963,NO_PATH,5.03819768e-20,0.0,29.99999999999999,-51.75,-2.987141537818687e-23,nan,18.28
,0.0,55.0,-46.0,-1.5707963267948963,NO_PATH,5.03819768e-20,0.0,29.99999999999999,-51.75,-2.987141537818687e-23,nan,18.301000000000002
,0.0,55.0,-46.0,-1.5707963267948963,NO_PATH,5.89399074e-19,0.0,29.99999999999999,-51.75,-2.987141537818687e-23,nan,18.32
,0.0,55.0,-46.0,-1.5707963267948963,NO_PATH,3.20273796e-19,0.0,29.99999999999999,-51.75,-2.987141537818687e-23,nan,18.341
,0.0,55.0,-46.0,-1.5707963267948963,NO_PATH,3.20273796e-19,0.0,29.99999999999999,-51.75,-2.987141537818687e-23,nan,18.36
,0.0,55.0,-46.0,-1.5707963267948963,NO_PATH,5.09146365e-19,0.0,29.99999999999999,-51.75,-2.987141537818687e-23,nan,18.380000000000003
,0.0,55.0,-46.0,-1.5707963267948963,NO_PATH,3.21161247e-19,0.0,29.99999999999999,-51.75,-2.987141537818687e-23,nan,18.400000000000002
,0.0,55.0,-46.0,-1.5707963267948963,NO_PATH,7.84951782e-19,0.0,29.99999999999999,-51.75,-2.987141537818687e-23,nan,18.42
,0.0,55.0,-46.0,-1.5707963267948963,NO_PATH,2.72479053e-19,0.0,29.99999999999999,-51.75,-2.987141537818687e-23,nan,18.44
,0.0,55.0,-46.0,-1.5707963267948963,NO_PATH,2.72479053e-19,0.0,29.99999999999999,-51.75,-2.987141537818687e-23,nan,18.46
,0.0,55.0,-46.0,-1.5707963267948963,NO_PATH,-2.07483279e-19,0.0,29.99999999999999,-51.75,-2.987141537818687e-23,nan,18.48
,0.0,55.0,-46.0,-1.5707963267948963,NO_PATH,8.45447053e-19,0.0,29.99999999999999,-51.75,-2.987141537818687e-23,nan,18.5
,0.0,55.0,-46.0,-1.5707963267948963,NO_PATH,9.422983e-19,0.0,29.99999999999999,-51.75,-2.987141537818687e-23,nan,18.52
,0.0,55.0,-46.0,-1.5707963267948963,NO_PATH,9.422983e-19,0.0,29.99999999999999,-51.75,-2.987141537818687e-23,nan,18.540000000000003
,0.0,55.0,-46.0,-1.5707963267948963,NO_PATH,2.64502048e-19,0.0,29.99999999999999,-51.75,-2.987141537818687e-23,nan,18.560000000000002
,0.0,55.0,-46.0,-1.5707963267948963,NO_PATH,3.40103823e-19,0.0,29.99999999999999,-51.75,-2.987141537818687e-23,nan,18.580000000000002
,0.0,55.0,-46.0,-1.5707963267948963,NO_PATH,3.40103823e-19,0.0,29.99999999999999,-51.75,-2.987141537818687e-23,nan,18.601000000000003
,0.0,55.0,-46.0,-1.5707963267948963,NO_PATH,2.41234848e-19,0.0,29.99999999999999,-51.75,-2.987141537818687e-23,nan,18.62
,0.0,55.0,-46.0,-1.5707963267948963,NO_PATH,2.41234848e-19,0.0,29.99999999999999,-51.75,-2.987141537818687e-23,nan,18.64
,0.0,55.0,-46.0,-1.5707963267948963,NO_PATH,-1.37816709e-19,0.0,29.99999999999999,-51.75,-2.987141537818687e-23,nan,18.66
,0.0,55.0,-46.0,-1.5707963267948963,NO_PATH,4.13818522e-19,0.0,29.99999999999999,-51.75,-2.987141537818687e-23,nan,18.68
,0.0,55.0,-46.0,-1.5707963267948963,NO_PATH,6.69963044e-19,0.0,29.99999999999999,-51.75,-2.987141537818687e-23,nan,18.700000000000003
,0.0,55.0,-46.0,-1.5707963267948963,NO_PATH,6.69963044e-19,0.0,29.99999999999999,-51.75,-2.987141537818687e-23,nan,18.720000000000002
,0.0,55.0,-46.0,-1.5707963267948963,NO_PATH,4.96096081e-19,0.0,29.99999999999999,-51.75,-2.987141537818687e-23,nan,18.741
,0.0,55.0,-46.0,-1.5707963267948963,NO_PATH,1.5885417e-18,0.0,29.99999999999999,-51.75,-2.987141537818687e-23,nan,18.76
,0.0,55.0,-46.0,-1.5707963267948963,NO_PATH,3.81905957e-19,0.0,29.99999999999999,-51.75,-2.987141537818687e-23,nan,18.78
,0.0,55.0,-46.0,-1.5707963267948963,NO_PATH,3.81905957e-19,0.0,29.99999999999999,-51.75,-2.987141537818687e-23,nan,18.8
,0.0,55.0,-46.0,-1.5707963267948963,NO_PATH,4.28361144e-19,0.0,29.99999999999999,-51.75,-2.987141537818687e-23,nan,18.82
,0.0,55.0,-46.0,-1.5707963267948963,NO_PATH,4.75609241e-19,0.0,29.99999999999999,-51.75,-2.987141537818687e-23,nan,18.84
,0.0,55.0,-46.0,-1.5707963267948963,NO_PATH,-3.90942941e-19,0.0,29.99999999999999,-51.75,-2.987141537818687e-23,nan,18.86
,0.0,55.0,-46.0,-1.5707963267948963,NO_PATH,1.10773767e-18,0.0,29.99999999999999,-51.75,-2.987141537818687e-23,nan,18.880000000000003
,0.0,55.0,-46.0,-1.5707963267948963,NO_PATH,7.19972705e-19,0.0,29.99999999999999,-51.75,-2.987141537818687e-23,nan,18.900000000000002
,0.0,55.0,-46.0,-1.5707963267948963,NO_PATH,7.19972705e-19,0.0,29.99999999999999,-51.75,-2.987141537818687e-23,nan,18.92
,0.0,55.0,-46.0,-1.5707963267948963,NO_PATH,5.54945766e-20,0.0,29.99999999999999,-51.75,-2.987141537818687e-23,nan,18.94
,0.0,55.0,-46.0,-1.5707963267948963,NO_PATH,2.46317811e-20,0.0,29.99999999999999,-51.75,-2.987141537818687e-23,nan,18.96
,0.0,55.0,-46.0,-1.5707963267948963,NO_PATH,1.86823608e-19,0.0,29.99999999999999,-51.75,-2.987141537818687e-23,nan,18.98
,0.0,55.0,-46.0,-1.5707963267948963,NO_PATH,3.1057831e-19,0.0,29.99999999999999,-51.75,-2.987141537818687e-23,nan,19.0
,0.0,55.0,-46.0,-1.5707963267948963,NO_PATH,3.1057831e-19,0.0,29.99999999999999,-51.75,-2.987141537818687e-23,nan,19.02
,0.0,55.0,-46.0,-1.5707963267948963,NO_PATH,4.07449299e-19,0.0,29.99999999999999,-51.75,-2.987141537818687e-23,nan,19.040000000000003
,0.0,55.0,-46.0,-1.5707963267948963,NO_PATH,4.07449299e-19,0.0,29.99999999999999,-51.75,-2.987141537818687e-23,nan,19.060000000000002
,0.0,55.0,-46.0,-1.5707963267948963,NO_PATH,1.21982949e-19,0.0,29.99999999999999,-51.75,-2.987141537818687e-23,nan,19.080000000000002
,0.0,55.0,-46.0,-1.5707963267948963,NO_PATH,9.80458383e-19,0.0,29.99999999999999,-51.75,-2.987141537818687e-23,nan,19.1
,0.0,55.0,-46.0,-1.5707963267948963,NO_PATH,9.80458383e-19,0.0,29.99999999999999,-51.75,-2.987141537818687e-23,nan,19.121000000000002
,0.0,55.0,-46.0,-1.5707963267948963,NO_PATH,3.74640255e-20,0.0,29.99999999999999,-51.75,-2.987141537818687e-23,nan,19.14
,0.0,55.0,-46.0,-1.5707963267948963,NO_PATH,6.60608231e-19,0.0,29.99999999999999,-51.75,-2.987141537818687e-23,nan,19.16
,0.0,55.0,-46.0,-1.5707963267948963,NO_PATH,1.03856472e-18,0.0,29.99999999999999,-51.75,-2.987141537818687e-23,nan,19.18
,0.0,55.0,-46.0,-1.5707963267948963,NO_PATH,7.12937716e-19,0.0,29.99999999999999,-51.75,-2.987141537818687e-23,nan,19.200000000000003
,0.0,55.0,-46.0,-1.5707963267948963,NO_PATH,2.92540029e-19,0.0,29.99999999999999,-51.75,-2.987141537818687e-23,nan,19.220000000000002
,0.0,55.0,-46.0,-1.5707963267948963,NO_PATH,3.55405676e-19,0.0,29.99999999999999,-51.75,-2.987141537818687e-23,nan,19.240000000000002
,0.0,55.0,-46.0,-1.5707963267948963,NO_PATH,6.9011352e-19,0.0,29.99999999999999,-51.75,-2.987141537818687e-23,nan,19.26
,0.0,55.0,-46.0,-1.5707963267948963,NO_PATH,6.9011352e-19,0.0,29.99999999999999,-51.75,-2.987141537818687e-23,nan,19.28
,0.0,55.0,-46.0,-1.5707963267948963,NO_PATH,2.7894193e-19,0.0,29.99999999999999,-51.75,-2.987141537818687e-23,nan,19.3
,0.0,55.0,-46.0,-1.5707963267948963,NO_PATH,4.47702933e-19,0.0,29.99999999999999,-51.75,-2.987141537818687e-23,nan,19.32
,0.0,55.0,-46.0,-1.5707963267948963,NO_PATH,7.46609134e-19,0.0,29.99999999999999,-51.75,-2.987141537818687e-23,nan,19.34
,0.0,55.0,-46.0,-1.5707963267948963,NO_PATH,7.46609134e-19,0.0,29.99999999999999,-51.75,-2.987141537818687e-23,nan,19.36
,0.0,55.0,-46.0,-1.5707963267948963,NO_PATH,7.62700228e-19,0.0,29.99999999999999,-51.75,-2.987141537818687e-23,nan,19.380000000000003
,0.0,55.0,-46.0,-1.5707963267948963,NO_PATH,4.98604955e-19,0.0,29.99999999999999,-51.75,-2.987141537818687e-23,nan,19.400000000000002
,0.0,55.0,-46.0,-1.5707963267948963,NO_PATH,3.01240504e-19,0.0,29.99999999999999,-51.75,-2.987141537818687e-23,nan,19.42
,0.0,55.0,-46.0,-1.5707963267948963,NO_PATH,3.01240504e-19,0.0,29.99999999999999,-51.75,-2.987141537818687e-23,nan,19.44
,0.0,55.0,-46.0,-1.5707963267948963,NO_PATH,3.5955072e-19,0.0,29.99999999999999,-51.75,-2.987141537818687e-23,nan,19.461000000000002
,0.0,55.0,-46.0,-1.5707963267948963,NO_PATH,3.5955072e-19,0.0,29.99999999999999,-51.75,-2.987141537818687e-23,nan,19.48
,0.0,55.0,-46.0,-1.5707963267948963,NO_PATH,3.04050946e-19,0.0,29.99999999999999,-51.75,-2.987141537818687e-23,nan,19.5
,0.0,55.0,-46.0,-1.5707963267948963,NO_PATH,6.8914586e-19,0.0,29.99999999999999,-51.75,-2.987141537818687e-23,nan,19.52
,0.0,55.0,-46.0,-1.5707963267948963,NO_PATH,3.02112324e-19,0.0,29.99999999999999,-51.75,-2.987141537818687e-23,nan,19.540000000000003
,0.0,55.0,-46.0,-1.5707963267948963,NO_PATH,3.02112324e-19,0.0,29.99999999999999,-51.75,-2.987141537818687e-23,nan,19.560000000000002
,0.0,55.0,-46.0,-1.5707963267948963,NO_PATH,4.30522545e-19,0.0,29.99999999999999,-51.75,-2.987141537818687e-23,nan,19.580000000000002
,0.0,55.0,-46.0,-1.5707963267948963,NO_PATH,2.26561372e-19,0.0,29.99999999999999,-51.75,-2.987141537818687e-23,nan,19.6
,0.0,55.0,-46.0,-1.5707963267948963,NO_PATH,1.48035678e-19,0.0,29.99999999999999,-51.75,-2.987141537818687e-23,nan,19.62
,0.0,55.0,-46.0,-1.5707963267948963,NO_PATH,6.59167202e-19,0.0,29.99999999999999,-51.75,-2.987141537818687e-23,nan,19.641000000000002
,0.0,55.0,-46.0,-1.5707963267948963,NO_PATH,2.82367924e-20,0.0,29.99999999999999,-51.75,-2.987141537818687e-23,nan,19.66
,0.0,55.0,-46.0,-1.5707963267948963,NO_PATH,7.77740421e-19,0.0,29.99999999999999,-51.75,-2.987141537818687e-23,nan,19.68
,0.0,55.0,-46.0,-1.5707963267948963,NO_PATH,-2.78001602e-19,0.0,29.99999999999999,-51.75,-2.987141537818687e-23,nan,19.701
,0.0,55.0,-46.0,-1.5707963267948963,NO_PATH,3.97914282e-19,0.0,29.99999999999999,-51.75,-2.987141537818687e-23,nan,19.720000000000002
,0.0,55.0,-46.0,-1.5707963267948963,NO_PATH,3.97914282e-19,0.0,29.99999999999999,-51.75,-2.987141537818687e-23,nan,19.740000000000002
,0.0,55.0,-46.0,-1.5707963267948963,NO_PATH,4.88623055e-19,0.0,29.99999999999999,-51.75,-2.987141537818687e-23,nan,19.76
,0.0,55.0,-46.0,-1.5707963267948963,NO_PATH,4.88623055e-19,0.0,29.99999999999999,-51.75,-2.987141537818687e-23,nan,19.78
,0.0,55.0,-46.0,-1.5707963267948963,NO_PATH,1.59201506e-20,0.0,29.99999999999999,-51.75,-2.987141537818687e-23,nan,19.8
,0.0,55.0,-46.0,-1.5707963267948963,NO_PATH,2.43613419e-19,0.0,29.99999999999999,-51.75,-2.987141537818687e-23,nan,19.821
,0.0,55.0,-46.0,-1.5707963267948963,NO_PATH,3.70335429e-19,0.0,29.99999999999999,-51.75,-2.987141537818687e-23,nan,19.84
,0.0,55.0,-46.0,-1.5707963267948963,NO_PATH,1.25714997e-18,0.0,29.99999999999999,-51.75,-2.987141537818687e-23,nan,19.860000000000003
,0.0,55.0,-46.0,-1.5707963267948963,NO_PATH,5.97201644e-19,0.0,29.99999999999999,-51.75,-2.987141537818687e-23,nan,19.880000000000003
,0.0,55.0,-46.0,-1.5707963267948963,NO_PATH,5.97201644e-19,0.0,29.99999999999999,-51.75,-2.987141537818687e-23,nan,19.900000000000002
,0.0,55.0,-46.0,-1.5707963267948963,NO_PATH,5.14447055e-19,0.0,29.99999999999999,-51.75,-2.987141537818687e-23,nan,19.92
,0.0,55.0,-46.0,-1.5707963267948963,NO_PATH,3.20574706e-19,0.0,29.99999999999999,-51.75,-2.987141537818687e-23,nan,19.94
,0.0,55.0,-46.0,-1.5707963267948963,NO_PATH,9.19904938e-19,0.0,29.99999999999999,-51.75,-2.987141537818687e-23,nan,19.961000000000002
,0.0,55.0,-46.0,-1.5707963267948963,NO_PATH,9.19904938e-19,0.0,29.99999999999999,-51.75,-2.987141537818687e-23,nan,19.98
,0.0,55.0,-46.0,-1.5707963267948963,NO_PATH,8.70491815e-21,0.0,29.99999999999999,-51.75,-2.987141537818687e-23,nan,20.001
,0.0,55.0,-46.0,-1.5707963267948963,NO_PATH,7.57707803e-19,0.0,29.99999999999999,-51.75,-2.987141537818687e-23,nan,20.022000000000002
,0.0,55.0,-46.0,-1.5707963267948963,NO_PATH,7.57707803e-19,0.0,29.99999999999999,-51.75,-2.987141537818687e-23,nan,20.040000000000003
,0.0,55.0,-46.0,-1.5707963267948963,NO_PATH,8.33342898e-19,0.0,29.99999999999999,-51.75,-2.987141537818687e-23,nan,20.060000000000002
,0.0,55.0,-46.0,-1.5707963267948963,NO_PATH,3.31125377e-19,0.0,29.99999999999999,-51.75,-2.987141537818687e-23,nan,20.080000000000002
,0.0,55.0,-46.0,-1.5707963267948963,NO_PATH,-2.79764356e-19,0.0,29.99999999999999,-51.75,-2.987141537818687e-23,nan,20.1
,0.0,55.0,-46.0,-1.5707963267948963,NO_PATH,4.30875317e-19,0.0,29.99999999999999,-51.75,-2.987141537818687e-23,nan,20.121000000000002
,0.0,55.0,-46.0,-1.5707963267948963,NO_PATH,4.30875317e-19,0.0,29.99999999999999,-51.75,-2.987141537818687e-23,nan,20.14
,0.0,55.0,-46.0,-1.5707963267948963,NO_PATH,1.03799926e-19,0.0,29.99999999999999,-51.75,-2.987141537818687e-23,nan,20.16
,0.0,55.0,-46.0,-1.5707963267948963,NO_PATH,1.03799926e-19,0.0,29.99999999999999,-51.75,-2.987141537818687e-23,nan,20.18
,0.0,55.0,-46.0,-1.5707963267948963,NO_PATH,1.16076128e-19,0.0,29.99999999999999,-51.75,-2.987141537818687e-23,nan,20.200000000000003
,0.0,55.0,-46.0,-1.5707963267948963,NO_PATH,1.12448027e-18,0.0,29.99999999999999,-51.75,-2.987141537818687e-23,nan,20.220000000000002
,0.0,55.0,-46.0,-1.5707963267948963,NO_PATH,1.12448027e-18,0.0,29.99999999999999,-51.75,-2.987141537818687e-23,nan,20.240000000000002
,0.0,55.0,-46.0,-1.5707963267948963,NO_PATH,7.50535633e-20,0.0,29.99999999999999,-51.75,-2.987141537818687e-23,nan,20.261000000000003
,0.0,55.0,-46.0,-1.5707963267948963,NO_PATH,9.4421126e-19,0.0,29.99999999999999,-51.75,-2.987141537818687e-23,nan,20.28
,0.0,55.0,-46.0,-1.5707963267948963,NO_PATH,9.4421126e-19,0.0,29.99999999999999,-51.75,-2.987141537818687e-23,nan,20.3
,0.0,55.0,-46.0,-1.5707963267948963,NO_PATH,7.68604308e-19,0.0,29.99999999999999,-51.75,-2.987141537818687e-23,nan,20.32
,0.0,55.0,-46.0,-1.5707963267948963,NO_PATH,3.7390678e-19,0.0,29.99999999999999,-51.75,-2.987141537818687e-23,nan,20.34
,0.0,55.0,-46.0,-1.5707963267948963,NO_PATH,3.78737235e-19,0.0,29.99999999999999,-51.75,-2.987141537818687e-23,nan,20.360000000000003
,0.0,55.0,-46.0,-1.5707963267948963,NO_PATH,1.64027872e-19,0.0,29.99999999999999,-51.75,-2.987141537818687e-23,nan,20.380000000000003
,0.0,55.0,-46.0,-1.5707963267948963,NO_PATH,1.02419266e-18,0.0,29.99999999999999,-51.75,-2.987141537818687e-23,nan,20.400000000000002
,0.0,55.0,-46.0,-1.5707963267948963,NO_PATH,1.02419266e-18,0.0,29.99999999999999,-51.75,-2.987141537818687e-23,nan,20.42
,0.0,55.0,-46.0,-1.5707963267948963,NO_PATH,9.66595679e-19,0.0,29.99999999999999,-51.75,-2.987141537818687e-23,nan,20.44
,0.0,55.0,-46.0,-1.5707963267948963,NO_PATH,5.51881326e-19,0.0,29.99999999999999,-51.75,-2.987141537818687e-23,nan,20.46
,0.0,55.0,-46.0,-1.5707963267948963,NO_PATH,5.51881326e-19,0.0,29.99999999999999,-51.75,-2.987141537818687e-23,nan,20.48
,0.0,55.0,-46.0,-1.5707963267948963,NO_PATH,9.43975135e-19,0.0,29.99999999999999,-51.75,-2.987141537818687e-23,nan,20.5
,0.0,55.0,-46.0,-1.5707963267948963,NO_PATH,-5.30588662e-20,0.0,29.99999999999999,-51.75,-2.987141537818687e-23,nan,20.52
,0.0,55.0,-46.0,-1.5707963267948963,NO_PATH,3.57427529e-19,0.0,29.99999999999999,-51.75,-2.987141537818687e-23,nan,20.540000000000003
,0.0,55.0,-46.0,-1.5707963267948963,NO_PATH,3.57427529e-19,0.0,29.99999999999999,-51.75,-2.987141537818687e-23,nan,20.560000000000002
,0.0,55.0,-46.0,-1.5707963267948963,NO_PATH,7.64094968e-19,0.0,29.99999999999999,-51.75,-2.987141537818687e-23,nan,20.580000000000002
,0.0,55.0,-46.0,-1.5707963267948963,NO_PATH,7.64094968e-19,0.0,29.99999999999999,-51.75,-2.987141537818687e-23,nan,20.6
,0.0,55.0,-46.0,-1.5707963267948963,NO_PATH,3.4003331e-19,0.0,29.99999999999999,-51.75,-2.987141537818687e-23,nan,20.621000000000002
,0.0,55.0,-46.0,-1.5707963267948963,NO_PATH,3.4003331e-19,0.0,29.99999999999999,-51.75,-2.987141537818687e-23,nan,20.64
,0.0,55.0,-46.0,-1.5707963267948963,NO_PATH,3.63929919e-19,0.0,29.99999999999999,-51.75,-2.987141537818687e-23,nan,20.66
,0.0,55.0,-46.0,-1.5707963267948963,NO_PATH,6.47307918e-19,0.0,29.99999999999999,-51.75,-2.987141537818687e-23,nan,20.68
,0.0,55.0,-46.0,-1.5707963267948963,NO_PATH,4.64645521e-19,0.0,29.99999999999999,-51.75,-2.987141537818687e-23,nan,20.700000000000003
,0.0,55.0,-46.0,-1.5707963267948963,NO_PATH,4.64645521e-19,0.0,29.99999999999999,-51.75,-2.987141537818687e-23,nan,20.720000000000002
,0.0,55.0,-46.0,-1.5707963267948963,NO_PATH,1.01531329e-18,0.0,29.99999999999999,-51.75,-2.987141537818687e-23,nan,20.740000000000002
,0.0,55.0,-46.0,-1.5707963267948963,NO_PATH,2.61718943e-19,0.0,29.99999999999999,-51.75,-2.987141537818687e-23,nan,20.76
,0.0,55.0,-46.0,-1.5707963267948963,NO_PATH,4.33118446e-19,0.0,29.99999999999999,-51.75,-2.987141537818687e-23,nan,20.78
,0.0,55.0,-46.0,-1.5707963267948963,NO_PATH,4.70465712e-19,0.0,29.99999999999999,-51.75,-2.987141537818687e-23,nan,20.8
,0.0,55.0,-46.0,-1.5707963267948963,NO_PATH,4.70465712e-19,0.0,29.99999999999999,-51.75,-2.987141537818687e-23,nan,20.82
,0.0,55.0,-46.0,-1.5707963267948963,NO_PATH,-3.17232053e-20,0.0,29.99999999999999,-51.75,-2.987141537818687e-23,nan,20.841
,0.0,55.0,-46.0,-1.5707963267948963,NO_PATH,-3.17232053e-20,0.0,29.99999999999999,-51.75,-2.987141537818687e-23,nan,20.860000000000003
,0.0,55.0,-46.0,-1.5707963267948963,NO_PATH,-1.48868561e-19,0.0,29.99999999999999,-51.75,-2.987141537818687e-23,nan,20.880000000000003
,0.0,55.0,-46.0,-1.5707963267948963,NO_PATH,2.93535061e-19,0.0,29.99999999999999,-51.75,-2.987141537818687e-23,nan,20.900000000000002
,0.0,55.0,-46.0,-1.5707963267948963,NO_PATH,2.55931061e-19,0.0,29.99999999999999,-51.75,-2.987141537818687e-23,nan,20.92
,0.0,55.0,-46.0,-1.5707963267948963,NO_PATH,1.20282868e-19,0.0,29.99999999999999,-51.75,-2.987141537818687e-23,nan,20.94
,0.0,55.0,-46.0,-1.5707963267948963,NO_PATH,1.57440445e-19,0.0,29.99999999999999,-51.75,-2.987141537818687e-23,nan,20.96
,0.0,55.0,-46.0,-1.5707963267948963,NO_PATH,3.85452394e-19,0.0,29.99999999999999,-51.75,-2.987141537818687e-23,nan,20.98
,0.0,55.0,-46.0,-1.5707963267948963,NO_PATH,3.85452394e-19,0.0,29.99999999999999,-51.75,-2.987141537818687e-23,nan,21.0
,0.0,55.0,-46.0,-1.5707963267948963,NO_PATH,8.98044941e-19,0.0,29.99999999999999,-51.75,-2.987141537818687e-23,nan,21.02
,0.0,55.0,-46.0,-1.5707963267948963,NO_PATH,8.98044941e-19,0.0,29.99999999999999,-51.75,-2.987141537818687e-23,nan,21.040000000000003
,0.0,55.0,-46.0,-1.5707963267948963,NO_PATH,3.52007537e-19,0.0,29.99999999999999,-51.75,-2.987141537818687e-23,nan,21.061
,0.0,55.0,-46.0,-1.5707963267948963,NO_PATH,1.11757992e-18,0.0,29.99999999999999,-51.75,-2.987141537818687e-23,nan,21.080000000000002
,0.0,55.0,-46.0,-1.5707963267948963,NO_PATH,-8.51959025e-20,0.0,29.99999999999999,-51.75,-2.987141537818687e-23,nan,21.1
,0.0,55.0,-46.0,-1.5707963267948963,NO_PATH,-8.51959025e-20,0.0,29.99999999999999,-51.75,-2.987141537818687e-23,nan,21.12
,0.0,55.0,-46.0,-1.5707963267948963,NO_PATH,1.21628911e-19,0.0,29.99999999999999,-51.75,-2.987141537818687e-23,nan,21.14
,0.0,55.0,-46.0,-1.5707963267948963,NO_PATH,1.21628911e-19,0.0,29.99999999999999,-51.75,-2.987141537818687e-23,nan,21.16
,0.0,55.0,-46.0,-1.5707963267948963,NO_PATH,8.21511582e-19,0.0,29.99999999999999,-51.75,-2.987141537818687e-23,nan,21.181
,0.0,55.0,-46.0,-1.5707963267948963,NO_PATH,4.50334985e-19,0.0,29.99999999999999,-51.75,-2.987141537818687e-23,nan,21.201
,0.0,55.0,-46.0,-1.5707963267948963,NO_PATH,6.92037856e-19,0.0,29.99999999999999,-51.75,-2.987141537818687e-23,nan,21.221
,0.0,55.0,-46.0,-1.5707963267948963,NO_PATH,6.92037856e-19,0.0,29.99999999999999,-51.75,-2.987141537818687e-23,nan,21.240000000000002
,0.0,55.0,-46.0,-1.5707963267948963,NO_PATH,3.68608959e-19,0.0,29.99999999999999,-51.75,-2.987141537818687e-23,nan,21.26
,0.0,55.0,-46.0,-1.5707963267948963,NO_PATH,7.02499724e-19,0.0,29.99999999999999,-51.75,-2.987141537818687e-23,nan,21.28
,0.0,55.0,-46.0,-1.5707963267948963,NO_PATH,1.07566223e-18,0.0,29.99999999999999,-51.75,-2.987141537818687e-23,nan,21.3
,0.0,55.0,-46.0,-1.5707963267948963,NO_PATH,9.37836012e-19,0.0,29.99999999999999,-51.75,-2.987141537818687e-23,nan,21.32
,0.0,55.0,-46.0,-1.5707963267948963,NO_PATH,9.77874331e-19,0.0,29.99999999999999,-51.75,-2.987141537818687e-23,nan,21.34
,0.0,55.0,-46.0,-1.5707963267948963,NO_PATH,9.77874331e-19,0.0,29.99999999999999,-51.75,-2.987141537818687e-23,nan,21.360000000000003
,0.0,55.0,-46.0,-1.5707963267948963,NO_PATH,-1.0057147e-20,0.0,29.99999999999999,-51.75,-2.987141537818687e-23,nan,21.380000000000003
,0.0,55.0,-46.0,-1.5707963267948963,NO_PATH,8.75914645e-19,0.0,29.99999999999999,-51.75,-2.987141537818687e-23,nan,21.400000000000002
,0.0,55.0,-46.0,-1.5707963267948963,NO_PATH,6.22150143e-19,0.0,29.99999999999999,-51.75,-2.987141537818687e-23,nan,21.421000000000003
,0.0,55.0,-46.0,-1.5707963267948963,NO_PATH,6.22150143e-19,0.0,29.99999999999999,-51.75,-2.987141537818687e-23,nan,21.44
,0.0,55.0,-46.0,-1.5707963267948963,NO_PATH,1.14315721e-18,0.0,29.99999999999999,-51.75,-2.987141537818687e-23,nan,21.46
,0.0,55.0,-46.0,-1.5707963267948963,NO_PATH,1.14315721e-18,0.0,29.99999999999999,-51.75,-2.987141537818687e-23,nan,21.48
,0.0,55.0,-46.0,-1.5707963267948963,NO_PATH,-1.24343666e-19,0.0,29.99999999999999,-51.75,-2.987141537818687e-23,nan,21.5
,0.0,55.0,-46.0,-1.5707963267948963,NO_PATH,8.67022884e-19,0.0,29.99999999999999,-51.75,-2.987141537818687e-23,nan,21.52
,0.0,55.0,-46.0,-1.5707963267948963,NO_PATH,7.41396212e-19,0.0,29.99999999999999,-51.75,-2.987141537818687e-23,nan,21.540000000000003
,0.0,55.0,-46.0,-1.5707963267948963,NO_PATH,1.89636743e-19,0.0,29.99999999999999,-51.75,-2.987141537818687e-23,nan,21.560000000000002
,0.0,55.0,-46.0,-1.5707963267948963,NO_PATH,1.89636743e-19,0.0,29.99999999999999,-51.75,-2.987141537818687e-23,nan,21.580000000000002
,0.0,55.0,-46.0,-1.5707963267948963,NO_PATH,3.52818678e-19,0.0,29.99999999999999,-51.75,-2.987141537818687e-23,nan,21.6
,0.0,55.0,-46.0,-1.5707963267948963,NO_PATH,4.95797689e-19,0.0,29.99999999999999,-51.75,-2.987141537818687e-23,nan,21.62
,0.0,55.0,-46.0,-1.5707963267948963,NO_PATH,2.04210312e-19,0.0,29.99999999999999,-51.75,-2.987141537818687e-23,nan,21.64
,0.0,55.0,-46.0,-1.5707963267948963,NO_PATH,1.06146729e-18,0.0,29.99999999999999,-51.75,-2.987141537818687e-23,nan,21.66
,0.0,55.0,-46.0,-1.5707963267948963,NO_PATH,1.94171704e-19,0.0,29.99999999999999,-51.75,-2.987141537818687e-23,nan,21.68
,0.0,55.0,-46.0,-1.5707963267948963,NO_PATH,5.53581939e-19,0.0,29.99999999999999,-51.75,-2.987141537818687e-23,nan,21.700000000000003
,0.0,55.0,-46.0,-1.5707963267948963,NO_PATH,5.53581939e-19,0.0,29.99999999999999,-51.75,-2.987141537818687e-23,nan,21.720000000000002
,0.0,55.0,-46.0,-1.5707963267948963,NO_PATH,-1.23049551e-19,0.0,29.99999999999999,-51.75,-2.987141537818687e-23,nan,21.740000000000002
,0.0,55.0,-46.0,-1.5707963267948963,NO_PATH,3.57798311e-19,0.0,29.99999999999999,-51.75,-2.987141537818687e-23,nan,21.76
,0.0,55.0,-46.0,-1.5707963267948963,NO_PATH,7.72174539e-19,0.0,29.99999999999999,-51.75,-2.987141537818687e-23,nan,21.78
,0.0,55.0,-46.0,-1.5707963267948963,NO_PATH,-5.53574875e-20,0.0,29.99999999999999,-51.75,-2.987141537818687e-23,nan,21.8
,0.0,55.0,-46.0,-1.5707963267948963,NO_PATH,1.38387126e-18,0.0,29.99999999999999,-51.75,-2.987141537818687e-23,nan,21.82
,0.0,55.0,-46.0,-1.5707963267948963,NO_PATH,-4.89268857e-22,0.0,29.99999999999999,-51.75,-2.987141537818687e-23,nan,21.84
,0.0,55.0,-46.0,-1.5707963267948963,NO_PATH,4.70933339e-19,0.0,29.99999999999999,-51.75,-2.987141537818687e-23,nan,21.860000000000003
,0.0,55.0,-46.0,-1.5707963267948963,NO_PATH,4.70933339e-19,0.0,29.99999999999999,-51.75,-2.987141537818687e-23,nan,21.880000000000003
,0.0,55.0,-46.0,-1.5707963267948963,NO_PATH,2.26414486e-19,0.0,29.99999999999999,-51.75,-2.987141537818687e-23,nan,21.900000000000002
,0.0,55.0,-46.0,-1.5707963267948963,NO_PATH,5.26866761e-19,0.0,29.99999999999999,-51.75,-2.987141537818687e-23,nan,21.92
,0.0,55.0,-46.0,-1.5707963267948963,NO_PATH,9.29511638e-19,0.0,29.99999999999999,-51.75,-2.987141537818687e-23,nan,21.94
,0.0,55.0,-46.0,-1.5707963267948963,NO_PATH,9.29511638e-19,0.0,29.99999999999999,-51.75,-2.987141537818687e-23,nan,21.96
,0.0,55.0,-46.0,-1.5707963267948963,NO_PATH,8.34684752e-20,0.0,29.99999999999999,-51.75,-2.987141537818687e-23,nan,21.98
,0.0,55.0,-46.0,-1.5707963267948963,NO_PATH,8.34684752e-20,0.0,29.99999999999999,-51.75,-2.987141537818687e-23,nan,22.0
,0.0,55.0,-46.0,-1.5707963267948963,NO_PATH,8.90167472e-19,0.0,29.99999999999999,-51.75,-2.987141537818687e-23,nan,22.020000000000003
,0.0,55.0,-46.0,-1.5707963267948963,NO_PATH,8.90167472e-19,0.0,29.99999999999999,-51.75,-2.987141537818687e-23,nan,22.040000000000003
,0.0,55.0,-46.0,-1.5707963267948963,NO_PATH,7.46001251e-19,0.0,29.99999999999999,-51.75,-2.987141537818687e-23,nan,22.060000000000002
,0.0,55.0,-46.0,-1.5707963267948963,NO_PATH,9.20943271e-19,0.0,29.99999999999999,-51.75,-2.987141537818687e-23,nan,22.080000000000002
,0.0,55.0,-46.0,-1.5707963267948963,NO_PATH,2.22353734e-19,0.0,29.99999999999999,-51.75,-2.987141537818687e-23,nan,22.1
,0.0,55.0,-46.0,-1.5707963267948963,NO_PATH,4.13187198e-19,0.0,29.99999999999999,-51.75,-2.987141537818687e-23,nan,22.122
,0.0,55.0,-46.0,-1.5707963267948963,NO_PATH,1.1243212e-19,0.0,29.99999999999999,-51.75,-2.987141537818687e-23,nan,22.14
,0.0,55.0,-46.0,-1.5707963267948963,NO_PATH,1.01033505e-18,0.0,29.99999999999999,-51.75,-2.987141537818687e-23,nan,22.16
,0.0,55.0,-46.0,-1.5707963267948963,NO_PATH,2.88019726e-19,0.0,29.99999999999999,-51.75,-2.987141537818687e-23,nan,22.18
,0.0,55.0,-46.0,-1.5707963267948963,NO_PATH,1.04741544e-18,0.0,29.99999999999999,-51.75,-2.987141537818687e-23,nan,22.202
,0.0,55.0,-46.0,-1.5707963267948963,NO_PATH,1.04741544e-18,0.0,29.99999999999999,-51.75,-2.987141537818687e-23,nan,22.220000000000002
,0.0,55.0,-46.0,-1.5707963267948963,NO_PATH,-1.57251224e-19,0.0,29.99999999999999,-51.75,-2.987141537818687e-23,nan,22.240000000000002
,0.0,55.0,-46.0,-1.5707963267948963,NO_PATH,9.71462992e-19,0.0,29.99999999999999,-51.75,-2.987141537818687e-23,nan,22.26
,0.0,55.0,-46.0,-1.5707963267948963,NO_PATH,7.32899267e-19,0.0,29.99999999999999,-51.75,-2.987141537818687e-23,nan,22.28
,0.0,55.0,-46.0,-1.5707963267948963,NO_PATH,1.02840574e-18,0.0,29.99999999999999,-51.75,-2.987141537818687e-23,nan,22.3
,0.0,55.0,-46.0,-1.5707963267948963,NO_PATH,1.02840574e-18,0.0,29.99999999999999,-51.75,-2.987141537818687e-23,nan,22.322000000000003
,0.0,55.0,-46.0,-1.5707963267948963,NO_PATH,4.19147582e-19,0.0,29.99999999999999,-51.75,-2.987141537818687e-23,nan,22.34
,0.0,55.0,-46.0,-1.5707963267948963,NO_PATH,4.19147582e-19,0.0,29.99999999999999,-51.75,-2.987141537818687e-23,nan,22.360000000000003
,0.0,55.0,-46.0,-1.5707963267948963,NO_PATH,7.14104692e-19,0.0,29.99999999999999,-51.75,-2.987141537818687e-23,nan,22.380000000000003
,0.0,55.0,-46.0,-1.5707963267948963,NO_PATH,7.14104692e-19,0.0,29.99999999999999,-51.75,-2.987141537818687e-23,nan,22.400000000000002
,0.0,55.0,-46.0,-1.5707963267948963,NO_PATH,8.86511967e-19,0.0,29.99999999999999,-51.75,-2.987141537818687e-23,nan,22.42
,0.0,55.0,-46.0,-1.5707963267948963,NO_PATH,6.14717181e-19,0.0,29.99999999999999,-51.75,-2.987141537818687e-23,nan,22.44
,0.0,55.0,-46.0,-1.5707963267948963,NO_PATH,6.14717181e-19,0.0,29.99999999999999,-51.75,-2.987141537818687e-23,nan,22.46
,0.0,55.0,-46.0,-1.5707963267948963,NO_PATH,2.9896016e-19,0.0,29.99999999999999,-51.75,-2.987141537818687e-23,nan,22.48
,0.0,55.0,-46.0,-1.5707963267948963,NO_PATH,2.26544356e-19,0.0,29.99999999999999,-51.75,-2.987141537818687e-23,nan,22.5
,0.0,55.0,-46.0,-1.5707963267948963,NO_PATH,2.26544356e-19,0.0,29.99999999999999,-51.75,-2.987141537818687e-23,nan,22.520000000000003
,0.0,55.0,-46.0,-1.5707963267948963,NO_PATH,2.24514584e-19,0.0,29.99999999999999,-51.75,-2.987141537818687e-23,nan,22.540000000000003
,0.0,55.0,-46.0,-1.5707963267948963,NO_PATH,2.48792159e-19,0.0,29.99999999999999,-51.75,-2.987141537818687e-23,nan,22.560000000000002
,0.0,55.0,-46.0,-1.5707963267948963,NO_PATH,9.65032147e-19,0.0,29.99999999999999,-51.75,-2.987141537818687e-23,nan,22.580000000000002
,0.0,55.0,-46.0,-1.5707963267948963,NO_PATH,9.65032147e-19,0.0,29.99999999999999,-51.75,-2.987141537818687e-23,nan,22.6
,0.0,55.0,-46.0,-1.5707963267948963,NO_PATH,1.13035164e-18,0.0,29.99999999999999,-51.75,-2.987141537818687e-23,nan,22.62
,0.0,55.0,-46.0,-1.5707963267948963,NO_PATH,2.03908545e-19,0.0,29.99999999999999,-51.75,-2.987141537818687e-23,nan,22.64
,0.0,55.0,-46.0,-1.5707963267948963,NO_PATH,2.03908545e-19,0.0,29.99999999999999,-51.75,-2.987141537818687e-23,nan,22.66
,0.0,55.0,-46.0,-1.5707963267948963,NO_PATH,4.48022904e-19,0.0,29.99999999999999,-51.75,-2.987141537818687e-23,nan,22.68
,0.0,55.0,-46.0,-1.5707963267948963,NO_PATH,5.70097496e-19,0.0,29.99999999999999,-51.75,-2.987141537818687e-23,nan,22.700000000000003
,0.0,55.0,-46.0,-1.5707963267948963,NO_PATH,5.70097496e-19,0.0,29.99999999999999,-51.75,-2.987141537818687e-23,nan,22.722
,0.0,55.0,-46.0,-1.5707963267948963,NO_PATH,4.47498099e-19,0.0,29.99999999999999,-51.75,-2.987141537818687e-23,nan,22.741
,0.0,55.0,-46.0,-1.5707963267948963,NO_PATH,-1.27992214e-19,0.0,29.99999999999999,-51.75,-2.987141537818687e-23,nan,22.76
,0.0,55.0,-46.0,-1.5707963267948963,NO_PATH,-1.27992214e-19,0.0,29.99999999999999,-51.75,-2.987141537818687e-23,nan,22.78
,0.0,55.0,-46.0,-1.5707963267948963,NO_PATH,4.90587883e-19,0.0,29.99999999999999,-51.75,-2.987141537818687e-23,nan,22.8
,0.0,55.0,-46.0,-1.5707963267948963,NO_PATH,8.13052227e-19,0.0,29.99999999999999,-51.75,-2.987141537818687e-23,nan,22.82
,0.0,55.0,-46.0,-1.5707963267948963,NO_PATH,8.13052227e-19,0.0,29.99999999999999,-51.75,-2.987141537818687e-23,nan,22.84
,0.0,55.0,-46.0,-1.5707963267948963,NO_PATH,5.00199648e-19,0.0,29.99999999999999,-51.75,-2.987141537818687e-23,nan,22.860000000000003
,0.0,55.0,-46.0,-1.5707963267948963,NO_PATH,8.82402677e-19,0.0,29.99999999999999,-51.75,-2.987141537818687e-23,nan,22.880000000000003
,0.0,55.0,-46.0,-1.5707963267948963,NO_PATH,8.82402677e-19,0.0,29.99999999999999,-51.75,-2.987141537818687e-23,nan,22.900000000000002
,0.0,55.0,-46.0,-1.5707963267948963,NO_PATH,3.93261229e-20,0.0,29.99999999999999,-51.75,-2.987141537818687e-23,nan,22.92
,0.0,55.0,-46.0,-1.5707963267948963,NO_PATH,2.38025992e-19,0.0,29.99999999999999,-51.75,-2.987141537818687e-23,nan,22.94
,0.0,55.0,-46.0,-1.5707963267948963,NO_PATH,9.24380182e-19,0.0,29.99999999999999,-51.75,-2.987141537818687e-23,nan,22.96
,0.0,55.0,-46.0,-1.5707963267948963,NO_PATH,1.16715172e-18,0.0,29.99999999999999,-51.75,-2.987141537818687e-23,nan,22.98
,0.0,55.0,-46.0,-1.5707963267948963,NO_PATH,7.50103423e-19,0.0,29.99999999999999,-51.75,-2.987141537818687e-23,nan,23.0
,0.0,55.0,-46.0,-1.5707963267948963,NO_PATH,7.50103423e-19,0.0,29.99999999999999,-51.75,-2.987141537818687e-23,nan,23.020000000000003
,0.0,55.0,-46.0,-1.5707963267948963,NO_PATH,4.29176217e-19,0.0,29.99999999999999,-51.75,-2.987141537818687e-23,nan,23.041
,0.0,55.0,-46.0,-1.5707963267948963,NO_PATH,5.39713109e-19,0.0,29.99999999999999,-51.75,-2.987141537818687e-23,nan,23.061
,0.0,55.0,-46.0,-1.5707963267948963,NO_PATH,4.83320894e-19,0.0,29.99999999999999,-51.75,-2.987141537818687e-23,nan,23.080000000000002
,0.0,55.0,-46.0,-1.5707963267948963,NO_PATH,6.0564193e-19,0.0,29.99999999999999,-51.75,-2.987141537818687e-23,nan,23.1
,0.0,55.0,-46.0,-1.5707963267948963,NO_PATH,6.0564193e-19,0.0,29.99999999999999,-51.75,-2.987141537818687e-23,nan,23.12
,0.0,55.0,-46.0,-1.5707963267948963,NO_PATH,5.74289195e-19,0.0,29.99999999999999,-51.75,-2.987141537818687e-23,nan,23.14
,0.0,55.0,-46.0,-1.5707963267948963,NO_PATH,1.05403649e-18,0.0,29.99999999999999,-51.75,-2.987141537818687e-23,nan,23.16
,0.0,55.0,-46.0,-1.5707963267948963,NO_PATH,8.04614434e-19,0.0,29.99999999999999,-51.75,-2.987141537818687e-23,nan,23.18
,0.0,55.0,-46.0,-1.5707963267948963,NO_PATH,7.714306e-19,0.0,29.99999999999999,-51.75,-2.987141537818687e-23,nan,23.200000000000003
,0.0,55.0,-46.0,-1.5707963267948963,NO_PATH,7.714306e-19,0.0,29.99999999999999,-51.75,-2.987141537818687e-23,nan,23.221
,0.0,55.0,-46.0,-1.5707963267948963,NO_PATH,3.65794861e-19,0.0,29.99999999999999,-51.75,-2.987141537818687e-23,nan,23.240000000000002
,0.0,55.0,-46.0,-1.5707963267948963,NO_PATH,9.87686724e-19,0.0,29.99999999999999,-51.75,-2.987141537818687e-23,nan,23.26
,0.0,55.0,-46.0,-1.5707963267948963,NO_PATH,6.3994172e-19,0.0,29.99999999999999,-51.75,-2.987141537818687e-23,nan,23.28
,0.0,55.0,-46.0,-1.5707963267948963,NO_PATH,3.00349376e-19,0.0,29.99999999999999,-51.75,-2.987141537818687e-23,nan,23.3
,0.0,55.0,-46.0,-1.5707963267948963,NO_PATH,2.14646771e-19,0.0,29.99999999999999,-51.75,-2.987141537818687e-23,nan,23.32
,0.0,55.0,-46.0,-1.5707963267948963,NO_PATH,2.14646771e-19,0.0,29.99999999999999,-51.75,-2.987141537818687e-23,nan,23.34
,0.0,55.0,-46.0,-1.5707963267948963,NO_PATH,5.12249481e-19,0.0,29.99999999999999,-51.75,-2.987141537818687e-23,nan,23.360000000000003
,0.0,55.0,-46.0,-1.5707963267948963,NO_PATH,2.62836718e-19,0.0,29.99999999999999,-51.75,-2.987141537818687e-23,nan,23.380000000000003
,0.0,55.0,-46.0,-1.5707963267948963,NO_PATH,6.12242715e-19,0.0,29.99999999999999,-51.75,-2.987141537818687e-23,nan,23.401
,0.0,55.0,-46.0,-1.5707963267948963,NO_PATH,6.12242715e-19,0.0,29.99999999999999,-51.75,-2.987141537818687e-23,nan,23.421000000000003
,0.0,55.0,-46.0,-1.5707963267948963,NO_PATH,7.31241132e-19,0.0,29.99999999999999,-51.75,-2.987141537818687e-23,nan,23.44
,0.0,55.0,-46.0,-1.5707963267948963,NO_PATH,1.22923994e-18,0.0,29.99999999999999,-51.75,-2.987141537818687e-23,nan,23.46
,0.0,55.0,-46.0,-1.5707963267948963,NO_PATH,4.93615514e-19,0.0,29.99999999999999,-51.75,-2.987141537818687e-23,nan,23.481
,0.0,55.0,-46.0,-1.5707963267948963,NO_PATH,4.93615514e-19,0.0,29.99999999999999,-51.75,-2.987141537818687e-23,nan,23.5
,0.0,55.0,-46.0,-1.5707963267948963,NO_PATH,7.90651658e-19,0.0,29.99999999999999,-51.75,-2.987141537818687e-23,nan,23.520000000000003
,0.0,55.0,-46.0,-1.5707963267948963,NO_PATH,7.44338284e-19,0.0,29.99999999999999,-51.75,-2.987141537818687e-23,nan,23.540000000000003
,0.0,55.0,-46.0,-1.5707963267948963,NO_PATH,1.22824441e-19,0.0,29.99999999999999,-51.75,-2.987141537818687e-23,nan,23.560000000000002
,0.0,55.0,-46.0,-1.5707963267948963,NO_PATH,3.1959328e-19,0.0,29.99999999999999,-51.75,-2.987141537818687e-23,nan,23.580000000000002
,0.0,55.0,-46.0,-1.5707963267948963,NO_PATH,3.1959328e-19,0.0,29.99999999999999,-51.75,-2.987141537818687e-23,nan,23.6
,0.0,55.0,-46.0,-1.5707963267948963,NO_PATH,7.82872916e-19,0.0,29.99999999999999,-51.75,-2.987141537818687e-23,nan,23.621000000000002
,0.0,55.0,-46.0,-1.5707963267948963,NO_PATH,7.82872916e-19,0.0,29.99999999999999,-51.75,-2.987141537818687e-23,nan,23.64
,0.0,55.0,-46.0,-1.5707963267948963,NO_PATH,1.02378691e-19,0.0,29.99999999999999,-51.75,-2.987141537818687e-23,nan,23.661
,0.0,55.0,-46.0,-1.5707963267948963,NO_PATH,1.03236006e-18,0.0,29.99999999999999,-51.75,-2.987141537818687e-23,nan,23.68
,0.0,55.0,-46.0,-1.5707963267948963,NO_PATH,1.34612027e-18,0.0,29.99999999999999,-51.75,-2.987141537818687e-23,nan,23.700000000000003
,0.0,55.0,-46.0,-1.5707963267948963,NO_PATH,-2.61669368e-20,0.0,29.99999999999999,-51.75,-2.987141537818687e-23,nan,23.721
,0.0,55.0,-46.0,-1.5707963267948963,NO_PATH,5.04905206e-19,0.0,29.99999999999999,-51.75,-2.987141537818687e-23,nan,23.740000000000002
,0.0,55.0,-46.0,-1.5707963267948963,NO_PATH,5.04905206e-19,0.0,29.99999999999999,-51.75,-2.987141537818687e-23,nan,23.76
,0.0,55.0,-46.0,-1.5707963267948963,NO_PATH,6.01918977e-19,0.0,29.99999999999999,-51.75,-2.987141537818687e-23,nan,23.78
,0.0,55.0,-46.0,-1.5707963267948963,NO_PATH,-4.32026614e-20,0.0,29.99999999999999,-51.75,-2.987141537818687e-23,nan,23.8
,0.0,55.0,-46.0,-1.5707963267948963,NO_PATH,1.21575704e-18,0.0,29.99999999999999,-51.75,-2.987141537818687e-23,nan,23.82
,0.0,55.0,-46.0,-1.5707963267948963,NO_PATH,1.21575704e-18,0.0,29.99999999999999,-51.75,-2.987141537818687e-23,nan,23.84
,0.0,55.0,-46.0,-1.5707963267948963,NO_PATH,3.71316169e-19,0.0,29.99999999999999,-51.75,-2.987141537818687e-23,nan,23.860000000000003
,0.0,55.0,-46.0,-1.5707963267948963,NO_PATH,3.67014356e-19,0.0,29.99999999999999,-51.75,-2.987141537818687e-23,nan,23.880000000000003
,0.0,55.0,-46.0,-1.5707963267948963,NO_PATH,-6.42130867e-20,0.0,29.99999999999999,-51.75,-2.987141537818687e-23,nan,23.901
,0.0,55.0,-46.0,-1.5707963267948963,NO_PATH,-6.42130867e-20,0.0,29.99999999999999,-51.75,-2.987141537818687e-23,nan,23.921000000000003
,0.0,55.0,-46.0,-1.5707963267948963,NO_PATH,1.13452418e-18,0.0,29.99999999999999,-51.75,-2.987141537818687e-23,nan,23.94
,0.0,55.0,-46.0,-1.5707963267948963,NO_PATH,1.13452418e-18,0.0,29.99999999999999,-51.75,-2.987141537818687e-23,nan,23.96
,0.0,55.0,-46.0,-1.5707963267948963,NO_PATH,9.28783564e-19,0.0,29.99999999999999,-51.75,-2.987141537818687e-23,nan,23.98
,0.0,55.0,-46.0,-1.5707963267948963,NO_PATH,5.00995974e-19,0.0,29.99999999999999,-51.75,-2.987141537818687e-23,nan,24.0
,0.0,55.0,-46.0,-1.5707963267948963,NO_PATH,8.4817825e-19,0.0,29.99999999999999,-51.75,-2.987141537818687e-23,nan,24.021
,0.0,55.0,-46.0,-1.5707963267948963,NO_PATH,7.70512463e-19,0.0,29.99999999999999,-51.75,-2.987141537818687e-23,nan,24.040000000000003
,0.0,55.0,-46.0,-1.5707963267948963,NO_PATH,1.31144852e-19,0.0,29.99999999999999,-51.75,-2.987141537818687e-23,nan,24.060000000000002
,0.0,55.0,-46.0,-1.5707963267948963,NO_PATH,4.02760668e-19,0.0,29.99999999999999,-51.75,-2.987141537818687e-23,nan,24.080000000000002
,0.0,55.0,-46.0,-1.5707963267948963,NO_PATH,4.02760668e-19,0.0,29.99999999999999,-51.75,-2.987141537818687e-23,nan,24.1
,0.0,55.0,-46.0,-1.5707963267948963,NO_PATH,3.40989759e-19,0.0,29.99999999999999,-51.75,-2.987141537818687e-23,nan,24.12
,0.0,55.0,-46.0,-1.5707963267948963,NO_PATH,3.40989759e-19,0.0,29.99999999999999,-51.75,-2.987141537818687e-23,nan,24.14
,0.0,55.0,-46.0,-1.5707963267948963,NO_PATH,-8.20029909e-20,0.0,29.99999999999999,-51.75,-2.987141537818687e-23,nan,24.16
,0.0,55.0,-46.0,-1.5707963267948963,NO_PATH,4.44646406e-19,0.0,29.99999999999999,-51.75,-2.987141537818687e-23,nan,24.180000000000003
,0.0,55.0,-46.0,-1.5707963267948963,NO_PATH,-8.13947043e-19,0.0,29.99999999999999,-51.75,-2.987141537818687e-23,nan,24.201
,0.0,55.0,-46.0,-1.5707963267948963,NO_PATH,-8.13947043e-19,0.0,29.99999999999999,-51.75,-2.987141537818687e-23,nan,24.220000000000002
,0.0,55.0,-46.0,-1.5707963267948963,NO_PATH,8.76297914e-19,0.0,29.99999999999999,-51.75,-2.987141537818687e-23,nan,24.240000000000002
,0.0,55.0,-46.0,-1.5707963267948963,NO_PATH,6.92769364e-19,0.0,29.99999999999999,-51.75,-2.987141537818687e-23,nan,24.26
,0.0,55.0,-46.0,-1.5707963267948963,NO_PATH,6.47914424e-19,0.0,29.99999999999999,-51.75,-2.987141537818687e-23,nan,24.28
,0.0,55.0,-46.0,-1.5707963267948963,NO_PATH,1.00886309e-18,0.0,29.99999999999999,-51.75,-2.987141537818687e-23,nan,24.3
,0.0,55.0,-46.0,-1.5707963267948963,NO_PATH,7.6995723e-19,0.0,29.99999999999999,-51.75,-2.987141537818687e-23,nan,24.32
,0.0,55.0,-46.0,-1.5707963267948963,NO_PATH,4.27537207e-19,0.0,29.99999999999999,-51.75,-2.987141537818687e-23,nan,24.34
,0.0,55.0,-46.0,-1.5707963267948963,NO_PATH,4.27537207e-19,0.0,29.99999999999999,-51.75,-2.987141537818687e-23,nan,24.360000000000003
,0.0,55.0,-46.0,-1.5707963267948963,NO_PATH,5.83604964e-19,0.0,29.99999999999999,-51.75,-2.987141537818687e-23,nan,24.380000000000003
,0.0,55.0,-46.0,-1.5707963267948963,NO_PATH,1.13419276e-18,0.0,29.99999999999999,-51.75,-2.987141537818687e-23,nan,24.400000000000002
,0.0,55.0,-46.0,-1.5707963267948963,NO_PATH,1.28389246e-19,0.0,29.99999999999999,-51.75,-2.987141537818687e-23,nan,24.423000000000002
,0.0,55.0,-46.0,-1.5707963267948963,NO_PATH,7.2387373e-19,0.0,29.99999999999999,-51.75,-2.987141537818687e-23,nan,24.44
,0.0,55.0,-46.0,-1.5707963267948963,NO_PATH,7.2387373e-19,0.0,29.99999999999999,-51.75,-2.987141537818687e-23,nan,24.46
,0.0,55.0,-46.0,-1.5707963267948963,NO_PATH,6.68635184e-19,0.0,29.99999999999999,-51.75,-2.987141537818687e-23,nan,24.48
,0.0,55.0,-46.0,-1.5707963267948963,NO_PATH,1.91367328e-19,0.0,29.99999999999999,-51.75,-2.987141537818687e-23,nan,24.5
,0.0,55.0,-46.0,-1.5707963267948963,NO_PATH,1.85661342e-20,0.0,29.99999999999999,-51.75,-2.987141537818687e-23,nan,24.520000000000003
,0.0,55.0,-46.0,-1.5707963267948963,NO_PATH,-1.73088404e-20,0.0,29.99999999999999,-51.75,-2.987141537818687e-23,nan,24.540000000000003
,0.0,55.0,-46.0,-1.5707963267948963,NO_PATH,-1.73088404e-20,0.0,29.99999999999999,-51.75,-2.987141537818687e-23,nan,24.560000000000002
,0.0,55.0,-46.0,-1.5707963267948963,NO_PATH,-2.28057547e-19,0.0,29.99999999999999,-51.75,-2.987141537818687e-23,nan,24.580000000000002
,0.0,55.0,-46.0,-1.5707963267948963,NO_PATH,4.72910993e-19,0.0,29.99999999999999,-51.75,-2.987141537818687e-23,nan,24.6
,0.0,55.0,-46.0,-1.5707963267948963,NO_PATH,9.20561215e-19,0.0,29.99999999999999,-51.75,-2.987141537818687e-23,nan,24.621000000000002
,0.0,55.0,-46.0,-1.5707963267948963,NO_PATH,2.05777698e-19,0.0,29.99999999999999,-51.75,-2.987141537818687e-23,nan,24.64
,0.0,55.0,-46.0,-1.5707963267948963,NO_PATH,2.05777698e-19,0.0,29.99999999999999,-51.75,-2.987141537818687e-23,nan,24.66
,0.0,55.0,-46.0,-1.5707963267948963,NO_PATH,3.54462083e-19,0.0,29.99999999999999,-51.75,-2.987141537818687e-23,nan,24.680000000000003
,0.0,55.0,-46.0,-1.5707963267948963,NO_PATH,1.66179736e-19,0.0,29.99999999999999,-51.75,-2.987141537818687e-23,nan,24.700000000000003
,0.0,55.0,-46.0,-1.5707963267948963,NO_PATH,6.24904456e-20,0.0,29.99999999999999,-51.75,-2.987141537818687e-23,nan,24.720000000000002
,0.0,55.0,-46.0,-1.5707963267948963,NO_PATH,6.24904456e-20,0.0,29.99999999999999,-51.75,-2.987141537818687e-23,nan,24.740000000000002
,0.0,55.0,-46.0,-1.5707963267948963,NO_PATH,6.02575548e-19,0.0,29.99999999999999,-51.75,-2.987141537818687e-23,nan,24.76
,0.0,55.0,-46.0,-1.5707963267948963,NO_PATH,5.46233692e-19,0.0,29.99999999999999,-51.75,-2.987141537818687e-23,nan,24.78
,0.0,55.0,-46.0,-1.5707963267948963,NO_PATH,-1.99155298e-19,0.0,29.99999999999999,-51.75,-2.987141537818687e-23,nan,24.8
,0.0,55.0,-46.0,-1.5707963267948963,NO_PATH,9.18300154e-19,0.0,29.99999999999999,-51.75,-2.987141537818687e-23,nan,24.82
,0.0,55.0,-46.0,-1.5707963267948963,NO_PATH,1.56353089e-19,0.0,29.99999999999999,-51.75,-2.987141537818687e-23,nan,24.84
,0.0,55.0,-46.0,-1.5707963267948963,NO_PATH,6.04814493e-19,0.0,29.99999999999999,-51.75,-2.987141537818687e-23,nan,24.860000000000003
,0.0,55.0,-46.0,-1.5707963267948963,NO_PATH,6.04814493e-19,0.0,29.99999999999999,-51.75,-2.987141537818687e-23,nan,24.880000000000003
,0.0,55.0,-46.0,-1.5707963267948963,NO_PATH,4.34886877e-19,0.0,29.99999999999999,-51.75,-2.987141537818687e-23,nan,24.900000000000002
,0.0,55.0,-46.0,-1.5707963267948963,NO_PATH,4.34886877e-19,0.0,29.99999999999999,-51.75,-2.987141537818687e-23,nan,24.92
,0.0,55.0,-46.0,-1.5707963267948963,NO_PATH,-3.10666363e-19,0.0,29.99999999999999,-51.75,-2.987141537818687e-23,nan,24.94
,0.0,55.0,-46.0,-1.5707963267948963,NO_PATH,6.01168242e-19,0.0,29.99999999999999,-51.75,-2.987141537818687e-23,nan,24.96
,0.0,55.0,-46.0,-1.5707963267948963,NO_PATH,-4.69109803e-19,0.0,29.99999999999999,-51.75,-2.987141537818687e-23,nan,24.98
,0.0,55.0,-46.0,-1.5707963267948963,NO_PATH,1.21606461e-18,0.0,29.99999999999999,-51.75,-2.987141537818687e-23,nan,25.0
,0.0,55.0,-46.0,-1.5707963267948963,NO_PATH,1.93313361e-19,0.0,29.99999999999999,-51.75,-2.987141537818687e-23,nan,25.020000000000003
,0.0,55.0,-46.0,-1.5707963267948963,NO_PATH,4.89118626e-19,0.0,29.99999999999999,-51.75,-2.987141537818687e-23,nan,25.040000000000003
,0.0,55.0,-46.0,-1.5707963267948963,NO_PATH,4.93834124e-19,0.0,29.99999999999999,-51.75,-2.987141537818687e-23,nan,25.060000000000002
,0.0,55.0,-46.0,-1.5707963267948963,NO_PATH,4.93834124e-19,0.0,29.99999999999999,-51.75,-2.987141537818687e-23,nan,25.080000000000002
,0.0,55.0,-46.0,-1.5707963267948963,NO_PATH,6.24234356e-19,0.0,29.99999999999999,-51.75,-2.987141537818687e-23,nan,25.1
,0.0,55.0,-46.0,-1.5707963267948963,NO_PATH,6.24234356e-19,0.0,29.99999999999999,-51.75,-2.987141537818687e-23,nan,25.12
,0.0,55.0,-46.0,-1.5707963267948963,NO_PATH,4.74389487e-19,0.0,29.99999999999999,-51.75,-2.987141537818687e-23,nan,25.14
,0.0,55.0,-46.0,-1.5707963267948963,NO_PATH,4.75980373e-19,0.0,29.99999999999999,-51.75,-2.987141537818687e-23,nan,25.16
,0.0,55.0,-46.0,-1.5707963267948963,NO_PATH,-3.84819805e-19,0.0,29.99999999999999,-51.75,-2.987141537818687e-23,nan,25.180000000000003
,0.0,55.0,-46.0,-1.5707963267948963,NO_PATH,6.31361588e-19,0.0,29.99999999999999,-51.75,-2.987141537818687e-23,nan,25.200000000000003
,0.0,55.0,-46.0,-1.5707963267948963,NO_PATH,3.40277256e-19,0.0,29.99999999999999,-51.75,-2.987141537818687e-23,nan,25.220000000000002
,0.0,55.0,-46.0,-1.5707963267948963,NO_PATH,5.26527717e-19,0.0,29.99999999999999,-51.75,-2.987141537818687e-23,nan,25.240000000000002
,0.0,55.0,-46.0,-1.5707963267948963,NO_PATH,6.05188917e-19,0.0,29.99999999999999,-51.75,-2.987141537818687e-23,nan,25.26
,0.0,55.0,-46.0,-1.5707963267948963,NO_PATH,6.05188917e-19,0.0,29.99999999999999,-51.75,-2.987141537818687e-23,nan,25.281000000000002
,0.0,55.0,-46.0,-1.5707963267948963,NO_PATH,4.35471975e-19,0.0,29.99999999999999,-51.75,-2.987141537818687e-23,nan,25.3
,0.0,55.0,-46.0,-1.5707963267948963,NO_PATH,4.35471975e-19,0.0,29.99999999999999,-51.75,-2.987141537818687e-23,nan,25.32
,0.0,55.0,-46.0,-1.5707963267948963,NO_PATH,-5.89697677e-20,0.0,29.99999999999999,-51.75,-2.987141537818687e-23,nan,25.34
,0.0,55.0,-46.0,-1.5707963267948963,NO_PATH,4.16468405e-20,0.0,29.99999999999999,-51.75,-2.987141537818687e-23,nan,25.360000000000003
,0.0,55.0,-46.0,-1.5707963267948963,NO_PATH,4.16468405e-20,0.0,29.99999999999999,-51.75,-2.987141537818687e-23,nan,25.380000000000003
,0.0,55.0,-46.0,-1.5707963267948963,NO_PATH,5.05530319e-19,0.0,29.99999999999999,-51.75,-2.987141537818687e-23,nan,25.400000000000002
,0.0,55.0,-46.0,-1.5707963267948963,NO_PATH,5.05530319e-19,0.0,29.99999999999999,-51.75,-2.987141537818687e-23,nan,25.42
,0.0,55.0,-46.0,-1.5707963267948963,NO_PATH,8.16262141e-19,0.0,29.99999999999999,-51.75,-2.987141537818687e-23,nan,25.44
,0.0,55.0,-46.0,-1.5707963267948963,NO_PATH,8.16262141e-19,0.0,29.99999999999999,-51.75,-2.987141537818687e-23,nan,25.46
,0.0,55.0,-46.0,-1.5707963267948963,NO_PATH,3.60827501e-19,0.0,29.99999999999999,-51.75,-2.987141537818687e-23,nan,25.48
,0.0,55.0,-46.0,-1.5707963267948963,NO_PATH,5.83873093e-19,0.0,29.99999999999999,-51.75,-2.987141537818687e-23,nan,25.5
,0.0,55.0,-46.0,-1.5707963267948963,NO_PATH,9.0157847e-19,0.0,29.99999999999999,-51.75,-2.987141537818687e-23,nan,25.520000000000003
,0.0,55.0,-46.0,-1.5707963267948963,NO_PATH,9.0157847e-19,0.0,29.99999999999999,-51.75,-2.987141537818687e-23,nan,25.540000000000003
,0.0,55.0,-46.0,-1.5707963267948963,NO_PATH,9.14957915e-19,0.0,29.99999999999999,-51.75,-2.987141537818687e-23,nan,25.560000000000002
,0.0,55.0,-46.0,-1.5707963267948963,NO_PATH,-1.73284315e-20,0.0,29.99999999999999,-51.75,-2.987141537818687e-23,nan,25.580000000000002
,0.0,55.0,-46.0,-1.5707963267948963,NO_PATH,7.52421655e-19,0.0,29.99999999999999,-51.75,-2.987141537818687e-23,nan,25.6
,0.0,55.0,-46.0,-1.5707963267948963,NO_PATH,3.89417558e-20,0.0,29.99999999999999,-51.75,-2.987141537818687e-23,nan,25.62
,0.0,55.0,-46.0,-1.5707963267948963,NO_PATH,-1.99607117e-20,0.0,29.99999999999999,-51.75,-2.987141537818687e-23,nan,25.64
,0.0,55.0,-46.0,-1.5707963267948963,NO_PATH,-1.99607117e-20,0.0,29.99999999999999,-51.75,-2.987141537818687e-23,nan,25.66
,0.0,55.0,-46.0,-1.5707963267948963,NO_PATH,1.01661573e-18,0.0,29.99999999999999,-51.75,-2.987141537818687e-23,nan,25.680000000000003
,0.0,55.0,-46.0,-1.5707963267948963,NO_PATH,1.01661573e-18,0.0,29.99999999999999,-51.75,-2.987141537818687e-23,nan,25.700000000000003
,0.0,55.0,-46.0,-1.5707963267948963,NO_PATH,4.87158504e-19,0.0,29.99999999999999,-51.75,-2.987141537818687e-23,nan,25.720000000000002
,0.0,55.0,-46.0,-1.5707963267948963,NO_PATH,-3.87588597e-19,0.0,29.99999999999999,-51.75,-2.987141537818687e-23,nan,25.740000000000002
,0.0,55.0,-46.0,-1.5707963267948963,NO_PATH,5.91747176e-19,0.0,29.99999999999999,-51.75,-2.987141537818687e-23,nan,25.76
,0.0,55.0,-46.0,-1.5707963267948963,NO_PATH,5.40416258e-19,0.0,29.99999999999999,-51.75,-2.987141537818687e-23,nan,25.78
,0.0,55.0,-46.0,-1.5707963267948963,NO_PATH,5.40416258e-19,0.0,29.99999999999999,-51.75,-2.987141537818687e-23,nan,25.8
,0.0,55.0,-46.0,-1.5707963267948963,NO_PATH,1.26564832e-19,0.0,29.99999999999999,-51.75,-2.987141537818687e-23,nan,25.82
,0.0,55.0,-46.0,-1.5707963267948963,NO_PATH,7.35453009e-19,0.0,29.99999999999999,-51.75,-2.987141537818687e-23,nan,25.84
,0.0,55.0,-46.0,-1.5707963267948963,NO_PATH,7.54086217e-19,0.0,29.99999999999999,-51.75,-2.987141537818687e-23,nan,25.860000000000003
,0.0,55.0,-46.0,-1.5707963267948963,NO_PATH,7.54086217e-19,0.0,29.99999999999999,-51.75,-2.987141537818687e-23,nan,25.880000000000003
,0.0,55.0,-46.0,-1.5707963267948963,NO_PATH,1.02321981e-18,0.0,29.99999999999999,-51.75,-2.987141537818687e-23,nan,25.900000000000002
,0.0,55.0,-46.0,-1.5707963267948963,NO_PATH,6.60954396e-19,0.0,29.99999999999999,-51.75,-2.987141537818687e-23,nan,25.92
,0.0,55.0,-46.0,-1.5707963267948963,NO_PATH,2.17139607e-19,0.0,29.99999999999999,-51.75,-2.987141537818687e-23,nan,25.94
,0.0,55.0,-46.0,-1.5707963267948963,NO_PATH,3.40687924e-20,0.0,29.99999999999999,-51.75,-2.987141537818687e-23,nan,25.96
,0.0,55.0,-46.0,-1.5707963267948963,NO_PATH,3.40687924e-20,0.0,29.99999999999999,-51.75,-2.987141537818687e-23,nan,25.98
,0.0,55.0,-46.0,-1.5707963267948963,NO_PATH,3.12234769e-19,0.0,29.99999999999999,-51.75,-2.987141537818687e-23,nan,26.0
,0.0,55.0,-46.0,-1.5707963267948963,NO_PATH,7.8272888e-19,0.0,29.99999999999999,-51.75,-2.987141537818687e-23,nan,26.020000000000003
,0.0,55.0,-46.0,-1.5707963267948963,NO_PATH,7.8272888e-19,0.0,29.99999999999999,-51.75,-2.987141537818687e-23,nan,26.040000000000003
,0.0,55.0,-46.0,-1.5707963267948963,NO_PATH,7.22560135e-19,0.0,29.99999999999999,-51.75,-2.987141537818687e-23,nan,26.060000000000002
,0.0,55.0,-46.0,-1.5707963267948963,NO_PATH,7.22560135e-19,0.0,29.99999999999999,-51.75,-2.987141537818687e-23,nan,26.080000000000002
,0.0,55.0,-46.0,-1.5707963267948963,NO_PATH,5.72720449e-19,0.0,29.99999999999999,-51.75,-2.987141537818687e-23,nan,26.1
,0.0,55.0,-46.0,-1.5707963267948963,NO_PATH,4.61107663e-19,0.0,29.99999999999999,-51.75,-2.987141537818687e-23,nan,26.12
,0.0,55.0,-46.0,-1.5707963267948963,NO_PATH,4.61107663e-19,0.0,29.99999999999999,-51.75,-2.987141537818687e-23,nan,26.14
,0.0,55.0,-46.0,-1.5707963267948963,NO_PATH,1.51723975e-19,0.0,29.99999999999999,-51.75,-2.987141537818687e-23,nan,26.16
,0.0,55.0,-46.0,-1.5707963267948963,NO_PATH,1.06620326e-18,0.0,29.99999999999999,-51.75,-2.987141537818687e-23,nan,26.180000000000003
,0.0,55.0,-46.0,-1.5707963267948963,NO_PATH,1.06620326e-18,0.0,29.99999999999999,-51.75,-2.987141537818687e-23,nan,26.200000000000003
,0.0,55.0,-46.0,-1.5707963267948963,NO_PATH,8.95900903e-19,0.0,29.99999999999999,-51.75,-2.987141537818687e-23,nan,26.220000000000002
,0.0,55.0,-46.0,-1.5707963267948963,NO_PATH,6.07266741e-19,0.0,29.99999999999999,-51.75,-2.987141537818687e-23,nan,26.240000000000002
,0.0,55.0,-46.0,-1.5707963267948963,NO_PATH,6.07266741e-19,0.0,29.99999999999999,-51.75,-2.987141537818687e-23,nan,26.26
,0.0,55.0,-46.0,-1.5707963267948963,NO_PATH,8.42905061e-19,0.0,29.99999999999999,-51.75,-2.987141537818687e-23,nan,26.28
,0.0,55.0,-46.0,-1.5707963267948963,NO_PATH,8.64355754e-19,0.0,29.99999999999999,-51.75,-2.987141537818687e-23,nan,26.3
,0.0,55.0,-46.0,-1.5707963267948963,NO_PATH,-6.48228302e-19,0.0,29.99999999999999,-51.75,-2.987141537818687e-23,nan,26.32
,0.0,55.0,-46.0,-1.5707963267948963,NO_PATH,4.0564135e-19,0.0,29.99999999999999,-51.75,-2.987141537818687e-23,nan,26.340000000000003
,0.0,55.0,-46.0,-1.5707963267948963,NO_PATH,3.70735273e-19,0.0,29.99999999999999,-51.75,-2.987141537818687e-23,nan,26.360000000000003
,0.0,55.0,-46.0,-1.5707963267948963,NO_PATH,3.70735273e-19,0.0,29.99999999999999,-51.75,-2.987141537818687e-23,nan,26.380000000000003
,0.0,55.0,-46.0,-1.5707963267948963,NO_PATH,3.33904279e-19,0.0,29.99999999999999,-51.75,-2.987141537818687e-23,nan,26.400000000000002
,0.0,55.0,-46.0,-1.5707963267948963,NO_PATH,1.28008465e-19,0.0,29.99999999999999,-51.75,-2.987141537818687e-23,nan,26.42
,0.0,55.0,-46.0,-1.5707963267948963,NO_PATH,1.28008465e-19,0.0,29.99999999999999,-51.75,-2.987141537818687e-23,nan,26.44
,0.0,55.0,-46.0,-1.5707963267948963,NO_PATH,6.30420291e-19,0.0,29.99999999999999,-51.75,-2.987141537818687e-23,nan,26.46
,0.0,55.0,-46.0,-1.5707963267948963,NO_PATH,3.06412739e-19,0.0,29.99999999999999,-51.75,-2.987141537818687e-23,nan,26.48
,0.0,55.0,-46.0,-1.5707963267948963,NO_PATH,1.62262494e-19,0.0,29.99999999999999,-51.75,-2.987141537818687e-23,nan,26.5
,0.0,55.0,-46.0,-1.5707963267948963,NO_PATH,3.3794916e-19,0.0,29.99999999999999,-51.75,-2.987141537818687e-23,nan,26.520000000000003
,0.0,55.0,-46.0,-1.5707963267948963,NO_PATH,3.3794916e-19,0.0,29.99999999999999,-51.75,-2.987141537818687e-23,nan,26.540000000000003
,0.0,55.0,-46.0,-1.5707963267948963,NO_PATH,1.1472422e-18,0.0,29.99999999999999,-51.75,-2.987141537818687e-23,nan,26.560000000000002
,0.0,55.0,-46.0,-1.5707963267948963,NO_PATH,-2.57577831e-19,0.0,29.99999999999999,-51.75,-2.987141537818687e-23,nan,26.580000000000002
,0.0,55.0,-46.0,-1.5707963267948963,NO_PATH,-2.57577831e-19,0.0,29.99999999999999,-51.75,-2.987141537818687e-23,nan,26.6
,0.0,55.0,-46.0,-1.5707963267948963,NO_PATH,6.33347089e-19,0.0,29.99999999999999,-51.75,-2.987141537818687e-23,nan,26.62
,0.0,55.0,-46.0,-1.5707963267948963,NO_PATH,4.44656827e-19,0.0,29.99999999999999,-51.75,-2.987141537818687e-23,nan,26.64
,0.0,55.0,-46.0,-1.5707963267948963,NO_PATH,4.44656827e-19,0.0,29.99999999999999,-51.75,-2.987141537818687e-23,nan,26.66
,0.0,55.0,-46.0,-1.5707963267948963,NO_PATH,8.98274687e-19,0.0,29.99999999999999,-51.75,-2.987141537818687e-23,nan,26.680000000000003
,0.0,55.0,-46.0,-1.5707963267948963,NO_PATH,1.06617405e-18,0.0,29.99999999999999,-51.75,-2.987141537818687e-23,nan,26.700000000000003
,0.0,55.0,-46.0,-1.5707963267948963,NO_PATH,1.77369972e-19,0.0,29.99999999999999,-51.75,-2.987141537818687e-23,nan,26.721
,0.0,55.0,-46.0,-1.5707963267948963,NO_PATH,4.11806781e-19,0.0,29.99999999999999,-51.75,-2.987141537818687e-23,nan,26.740000000000002
,0.0,55.0,-46.0,-1.5707963267948963,NO_PATH,1.98358819e-19,0.0,29.99999999999999,-51.75,-2.987141537818687e-23,nan,26.76
,0.0,55.0,-46.0,-1.5707963267948963,NO_PATH,6.33740315e-19,0.0,29.99999999999999,-51.75,-2.987141537818687e-23,nan,26.78
,0.0,55.0,-46.0,-1.5707963267948963,NO_PATH,3.71697728e-19,0.0,29.99999999999999,-51.75,-2.987141537818687e-23,nan,26.8
,0.0,55.0,-46.0,-1.5707963267948963,NO_PATH,9.13827754e-19,0.0,29.99999999999999,-51.75,-2.987141537818687e-23,nan,26.821
,0.0,55.0,-46.0,-1.5707963267948963,NO_PATH,8.2671827e-19,0.0,29.99999999999999,-51.75,-2.987141537818687e-23,nan,26.840000000000003
,0.0,55.0,-46.0,-1.5707963267948963,NO_PATH,7.52011276e-19,0.0,29.99999999999999,-51.75,-2.987141537818687e-23,nan,26.860000000000003
,0.0,55.0,-46.0,-1.5707963267948963,NO_PATH,9.3336788e-19,0.0,29.99999999999999,-51.75,-2.987141537818687e-23,nan,26.880000000000003
,0.0,55.0,-46.0,-1.5707963267948963,NO_PATH,5.38418449e-19,0.0,29.99999999999999,-51.75,-2.987141537818687e-23,nan,26.900000000000002
,0.0,55.0,-46.0,-1.5707963267948963,NO_PATH,5.38418449e-19,0.0,29.99999999999999,-51.75,-2.987141537818687e-23,nan,26.922
,0.0,55.0,-46.0,-1.5707963267948963,NO_PATH,7.31303832e-19,0.0,29.99999999999999,-51.75,-2.987141537818687e-23,nan,26.94
,0.0,55.0,-46.0,-1.5707963267948963,NO_PATH,7.31303832e-19,0.0,29.99999999999999,-51.75,-2.987141537818687e-23,nan,26.96
,0.0,55.0,-46.0,-1.5707963267948963,NO_PATH,5.58085873e-19,0.0,29.99999999999999,-51.75,-2.987141537818687e-23,nan,26.98
,0.0,55.0,-46.0,-1.5707963267948963,NO_PATH,5.58085873e-19,0.0,29.99999999999999,-51.75,-2.987141537818687e-23,nan,27.0
,0.0,55.0,-46.0,-1.5707963267948963,NO_PATH,3.93936864e-19,0.0,29.99999999999999,-51.75,-2.987141537818687e-23,nan,27.020000000000003
,0.0,55.0,-46.0,-1.5707963267948963,NO_PATH,3.93936864e-19,0.0,29.99999999999999,-51.75,-2.987141537818687e-23,nan,27.040000000000003
,0.0,55.0,-46.0,-1.5707963267948963,NO_PATH,4.45661125e-19,0.0,29.99999999999999,-51.75,-2.987141537818687e-23,nan,27.060000000000002
,0.0,55.0,-46.0,-1.5707963267948963,NO_PATH,3.17251419e-19,0.0,29.99999999999999,-51.75,-2.987141537818687e-23,nan,27.081000000000003
,0.0,55.0,-46.0,-1.5707963267948963,NO_PATH,6.96495254e-19,0.0,29.99999999999999,-51.75,-2.987141537818687e-23,nan,27.1
,0.0,55.0,-46.0,-1.5707963267948963,NO_PATH,6.96495254e-19,0.0,29.99999999999999,-51.75,-2.987141537818687e-23,nan,27.124000000000002
,0.0,55.0,-46.0,-1.5707963267948963,NO_PATH,-6.50396836e-19,0.0,29.99999999999999,-51.75,-2.987141537818687e-23,nan,27.14
,0.0,55.0,-46.0,-1.5707963267948963,NO_PATH,2.47046691e-19,0.0,29.99999999999999,-51.75,-2.987141537818687e-23,nan,27.16
,0.0,55.0,-46.0,-1.5707963267948963,NO_PATH,-1.47392822e-19,0.0,29.99999999999999,-51.75,-2.987141537818687e-23,nan,27.180000000000003
,0.0,55.0,-46.0,-1.5707963267948963,NO_PATH,3.00679975e-19,0.0,29.99999999999999,-51.75,-2.987141537818687e-23,nan,27.200000000000003
,0.0,55.0,-46.0,-1.5707963267948963,NO_PATH,3.00679975e-19,0.0,29.99999999999999,-51.75,-2.987141537818687e-23,nan,27.220000000000002
,0.0,55.0,-46.0,-1.5707963267948963,NO_PATH,4.26500411e-19,0.0,29.99999999999999,-51.75,-2.987141537818687e-23,nan,27.240000000000002
,0.0,55.0,-46.0,-1.5707963267948963,NO_PATH,4.26500411e-19,0.0,29.99999999999999,-51.75,-2.987141537818687e-23,nan,27.26
,0.0,55.0,-46.0,-1.5707963267948963,NO_PATH,9.08152431e-19,0.0,29.99999999999999,-51.75,-2.987141537818687e-23,nan,27.28
,0.0,55.0,-46.0,-1.5707963267948963,NO_PATH,5.86271752e-20,0.0,29.99999999999999,-51.75,-2.987141537818687e-23,nan,27.301000000000002
,0.0,55.0,-46.0,-1.5707963267948963,NO_PATH,5.90072465e-19,0.0,29.99999999999999,-51.75,-2.987141537818687e-23,nan,27.32
,0.0,55.0,-46.0,-1.5707963267948963,NO_PATH,5.90072465e-19,0.0,29.99999999999999,-51.75,-2.987141537818687e-23,nan,27.340000000000003
,0.0,55.0,-46.0,-1.5707963267948963,NO_PATH,5.82291086e-20,0.0,29.99999999999999,-51.75,-2.987141537818687e-23,nan,27.360000000000003
,0.0,55.0,-46.0,-1.5707963267948963,NO_PATH,5.82291086e-20,0.0,29.99999999999999,-51.75,-2.987141537818687e-23,nan,27.380000000000003
,0.0,55.0,-46.0,-1.5707963267948963,NO_PATH,7.6084237e-19,0.0,29.99999999999999,-51.75,-2.987141537818687e-23,nan,27.400000000000002
,0.0,55.0,-46.0,-1.5707963267948963,NO_PATH,5.37285038e-19,0.0,29.99999999999999,-51.75,-2.987141537818687e-23,nan,27.42
,0.0,55.0,-46.0,-1.5707963267948963,NO_PATH,7.04330206e-19,0.0,29.99999999999999,-51.75,-2.987141537818687e-23,nan,27.44
,0.0,55.0,-46.0,-1.5707963267948963,NO_PATH,-2.43370569e-19,0.0,29.99999999999999,-51.75,-2.987141537818687e-23,nan,27.46
,0.0,55.0,-46.0,-1.5707963267948963,NO_PATH,-2.32111121e-19,0.0,29.99999999999999,-51.75,-2.987141537818687e-23,nan,27.48
,0.0,55.0,-46.0,-1.5707963267948963,NO_PATH,7.09058498e-19,0.0,29.99999999999999,-51.75,-2.987141537818687e-23,nan,27.5
,0.0,55.0,-46.0,-1.5707963267948963,NO_PATH,7.09058498e-19,0.0,29.99999999999999,-51.75,-2.987141537818687e-23,nan,27.524
,0.0,55.0,-46.0,-1.5707963267948963,NO_PATH,3.88507992e-19,0.0,29.99999999999999,-51.75,-2.987141537818687e-23,nan,27.540000000000003
,0.0,55.0,-46.0,-1.5707963267948963,NO_PATH,3.34641289e-19,0.0,29.99999999999999,-51.75,-2.987141537818687e-23,nan,27.560000000000002
,0.0,55.0,-46.0,-1.5707963267948963,NO_PATH,3.34641289e-19,0.0,29.99999999999999,-51.75,-2.987141537818687e-23,nan,27.580000000000002
,0.0,55.0,-46.0,-1.5707963267948963,NO_PATH,7.27136037e-19,0.0,29.99999999999999,-51.75,-2.987141537818687e-23,nan,27.6
,0.0,55.0,-46.0,-1.5707963267948963,NO_PATH,7.27136037e-19,0.0,29.99999999999999,-51.75,-2.987141537818687e-23,nan,27.62
,0.0,55.0,-46.0,-1.5707963267948963,NO_PATH,4.44790373e-19,0.0,29.99999999999999,-51.75,-2.987141537818687e-23,nan,27.641000000000002
,0.0,55.0,-46.0,-1.5707963267948963,NO_PATH,5.34900911e-19,0.0,29.99999999999999,-51.75,-2.987141537818687e-23,nan,27.66
,0.0,55.0,-46.0,-1.5707963267948963,NO_PATH,1.14857524e-18,0.0,29.99999999999999,-51.75,-2.987141537818687e-23,nan,27.680000000000003
,0.0,55.0,-46.0,-1.5707963267948963,NO_PATH,1.14857524e-18,0.0,29.99999999999999,-51.75,-2.987141537818687e-23,nan,27.700000000000003
,0.0,55.0,-46.0,-1.5707963267948963,NO_PATH,8.75701621e-19,0.0,29.99999999999999,-51.75,-2.987141537818687e-23,nan,27.720000000000002
,0.0,55.0,-46.0,-1.5707963267948963,NO_PATH,3.17219575e-19,0.0,29.99999999999999,-51.75,-2.987141537818687e-23,nan,27.740000000000002
,0.0,55.0,-46.0,-1.5707963267948963,NO_PATH,1.16672585e-18,0.0,29.99999999999999,-51.75,-2.987141537818687e-23,nan,27.76
,0.0,55.0,-46.0,-1.5707963267948963,NO_PATH,4.94900546e-19,0.0,29.99999999999999,-51.75,-2.987141537818687e-23,nan,27.78
,0.0,55.0,-46.0,-1.5707963267948963,NO_PATH,4.94900546e-19,0.0,29.99999999999999,-51.75,-2.987141537818687e-23,nan,27.8
,0.0,55.0,-46.0,-1.5707963267948963,NO_PATH,8.35837321e-19,0.0,29.99999999999999,-51.75,-2.987141537818687e-23,nan,27.82
,0.0,55.0,-46.0,-1.5707963267948963,NO_PATH,6.92277707e-19,0.0,29.99999999999999,-51.75,-2.987141537818687e-23,nan,27.840000000000003
,0.0,55.0,-46.0,-1.5707963267948963,NO_PATH,1.96669178e-19,0.0,29.99999999999999,-51.75,-2.987141537818687e-23,nan,27.860000000000003
,0.0,55.0,-46.0,-1.5707963267948963,NO_PATH,1.96669178e-19,0.0,29.99999999999999,-51.75,-2.987141537818687e-23,nan,27.880000000000003
,0.0,55.0,-46.0,-1.5707963267948963,NO_PATH,5.13243372e-19,0.0,29.99999999999999,-51.75,-2.987141537818687e-23,nan,27.900000000000002
,0.0,55.0,-46.0,-1.5707963267948963,NO_PATH,2.10702786e-19,0.0,29.99999999999999,-51.75,-2.987141537818687e-23,nan,27.92
,0.0,55.0,-46.0,-1.5707963267948963,NO_PATH,8.340155e-19,0.0,29.99999999999999,-51.75,-2.987141537818687e-23,nan,27.94
,0.0,55.0,-46.0,-1.5707963267948963,NO_PATH,5.57332251e-19,0.0,29.99999999999999,-51.75,-2.987141537818687e-23,nan,27.96
,0.0,55.0,-46.0,-1.5707963267948963,NO_PATH,8.12161855e-19,0.0,29.99999999999999,-51.75,-2.987141537818687e-23,nan,27.98
,0.0,55.0,-46.0,-1.5707963267948963,NO_PATH,3.17437002e-19,0.0,29.99999999999999,-51.75,-2.987141537818687e-23,nan,28.0
,0.0,55.0,-46.0,-1.5707963267948963,NO_PATH,3.17437002e-19,0.0,29.99999999999999,-51.75,-2.987141537818687e-23,nan,28.020000000000003
,0.0,55.0,-46.0,-1.5707963267948963,NO_PATH,8.3390778e-19,0.0,29.99999999999999,-51.75,-2.987141537818687e-23,nan,28.040000000000003
,0.0,55.0,-46.0,-1.5707963267948963,NO_PATH,5.07124835e-19,0.0,29.99999999999999,-51.75,-2.987141537818687e-23,nan,28.060000000000002
,0.0,55.0,-46.0,-1.5707963267948963,NO_PATH,5.07124835e-19,0.0,29.99999999999999,-51.75,-2.987141537818687e-23,nan,28.080000000000002
,0.0,55.0,-46.0,-1.5707963267948963,NO_PATH,1.78925258e-19,0.0,29.99999999999999,-51.75,-2.987141537818687e-23,nan,28.1
,0.0,55.0,-46.0,-1.5707963267948963,NO_PATH,2.18174783e-19,0.0,29.99999999999999,-51.75,-2.987141537818687e-23,nan,28.12
,0.0,55.0,-46.0,-1.5707963267948963,NO_PATH,2.18174783e-19,0.0,29.99999999999999,-51.75,-2.987141537818687e-23,nan,28.14
,0.0,55.0,-46.0,-1.5707963267948963,NO_PATH,2.97701522e-19,0.0,29.99999999999999,-51.75,-2.987141537818687e-23,nan,28.16
,0.0,55.0,-46.0,-1.5707963267948963,NO_PATH,3.1550611e-20,0.0,29.99999999999999,-51.75,-2.987141537818687e-23,nan,28.180000000000003
,0.0,55.0,-46.0,-1.5707963267948963,NO_PATH,5.04985987e-19,0.0,29.99999999999999,-51.75,-2.987141537818687e-23,nan,28.200000000000003
,0.0,55.0,-46.0,-1.5707963267948963,NO_PATH,5.0700033e-19,0.0,29.99999999999999,-51.75,-2.987141537818687e-23,nan,28.220000000000002
,0.0,55.0,-46.0,-1.5707963267948963,NO_PATH,4.88189779e-20,0.0,29.99999999999999,-51.75,-2.987141537818687e-23,nan,28.240000000000002
,0.0,55.0,-46.0,-1.5707963267948963,NO_PATH,7.63060885e-19,0.0,29.99999999999999,-51.75,-2.987141537818687e-23,nan,28.26
,0.0,55.0,-46.0,-1.5707963267948963,NO_PATH,9.83541073e-19,0.0,29.99999999999999,-51.75,-2.987141537818687e-23,nan,28.28
,0.0,55.0,-46.0,-1.5707963267948963,NO_PATH,9.83541073e-19,0.0,29.99999999999999,-51.75,-2.987141537818687e-23,nan,28.3
,0.0,55.0,-46.0,-1.5707963267948963,NO_PATH,9.00507142e-19,0.0,29.99999999999999,-51.75,-2.987141537818687e-23,nan,28.32
,0.0,55.0,-46.0,-1.5707963267948963,NO_PATH,5.16803961e-19,0.0,29.99999999999999,-51.75,-2.987141537818687e-23,nan,28.340000000000003
,0.0,55.0,-46.0,-1.5707963267948963,NO_PATH,1.09206871e-18,0.0,29.99999999999999,-51.75,-2.987141537818687e-23,nan,28.360000000000003
,0.0,55.0,-46.0,-1.5707963267948963,NO_PATH,1.09206871e-18,0.0,29.99999999999999,-51.75,-2.987141537818687e-23,nan,28.380000000000003
,0.0,55.0,-46.0,-1.5707963267948963,NO_PATH,5.39277693e-19,0.0,29.99999999999999,-51.75,-2.987141537818687e-23,nan,28.400000000000002
,0.0,55.0,-46.0,-1.5707963267948963,NO_PATH,3.39286829e-19,0.0,29.99999999999999,-51.75,-2.987141537818687e-23,nan,28.42
,0.0,55.0,-46.0,-1.5707963267948963,NO_PATH,4.19482347e-19,0.0,29.99999999999999,-51.75,-2.987141537818687e-23,nan,28.44
,0.0,55.0,-46.0,-1.5707963267948963,NO_PATH,4.19482347e-19,0.0,29.99999999999999,-51.75,-2.987141537818687e-23,nan,28.46
,0.0,55.0,-46.0,-1.5707963267948963,NO_PATH,3.69192088e-19,0.0,29.99999999999999,-51.75,-2.987141537818687e-23,nan,28.48
,0.0,55.0,-46.0,-1.5707963267948963,NO_PATH,8.27487051e-19,0.0,29.99999999999999,-51.75,-2.987141537818687e-23,nan,28.5
,0.0,55.0,-46.0,-1.5707963267948963,NO_PATH,-6.52640552e-20,0.0,29.99999999999999,-51.75,-2.987141537818687e-23,nan,28.520000000000003
,0.0,55.0,-46.0,-1.5707963267948963,NO_PATH,4.27811939e-19,0.0,29.99999999999999,-51.75,-2.987141537818687e-23,nan,28.540000000000003
,0.0,55.0,-46.0,-1.5707963267948963,NO_PATH,4.27811939e-19,0.0,29.99999999999999,-51.75,-2.987141537818687e-23,nan,28.560000000000002
,0.0,55.0,-46.0,-1.5707963267948963,NO_PATH,5.02400061e-19,0.0,29.99999999999999,-51.75,-2.987141537818687e-23,nan,28.580000000000002
,0.0,55.0,-46.0,-1.5707963267948963,NO_PATH,7.17499934e-19,0.0,29.99999999999999,-51.75,-2.987141537818687e-23,nan,28.6
,0.0,55.0,-46.0,-1.5707963267948963,NO_PATH,7.17499934e-19,0.0,29.99999999999999,-51.75,-2.987141537818687e-23,nan,28.62
,0.0,55.0,-46.0,-1.5707963267948963,NO_PATH,4.68674064e-19,0.0,29.99999999999999,-51.75,-2.987141537818687e-23,nan,28.64
,0.0,55.0,-46.0,-1.5707963267948963,NO_PATH,4.68674064e-19,0.0,29.99999999999999,-51.75,-2.987141537818687e-23,nan,28.66
,0.0,55.0,-46.0,-1.5707963267948963,NO_PATH,2.40988501e-19,0.0,29.99999999999999,-51.75,-2.987141537818687e-23,nan,28.680000000000003
,0.0,55.0,-46.0,-1.5707963267948963,NO_PATH,2.40988501e-19,0.0,29.99999999999999,-51.75,-2.987141537818687e-23,nan,28.700000000000003
,0.0,55.0,-46.0,-1.5707963267948963,NO_PATH,2.81438081e-19,0.0,29.99999999999999,-51.75,-2.987141537818687e-23,nan,28.720000000000002
,0.0,55.0,-46.0,-1.5707963267948963,NO_PATH,8.19706407e-19,0.0,29.99999999999999,-51.75,-2.987141537818687e-23,nan,28.740000000000002
,0.0,55.0,-46.0,-1.5707963267948963,NO_PATH,8.87612211e-19,0.0,29.99999999999999,-51.75,-2.987141537818687e-23,nan,28.76
,0.0,55.0,-46.0,-1.5707963267948963,NO_PATH,4.69632809e-19,0.0,29.99999999999999,-51.75,-2.987141537818687e-23,nan,28.78
,0.0,55.0,-46.0,-1.5707963267948963,NO_PATH,9.40876979e-19,0.0,29.99999999999999,-51.75,-2.987141537818687e-23,nan,28.8
,0.0,55.0,-46.0,-1.5707963267948963,NO_PATH,8.49617142e-19,0.0,29.99999999999999,-51.75,-2.987141537818687e-23,nan,28.821
,0.0,55.0,-46.0,-1.5707963267948963,NO_PATH,8.49617142e-19,0.0,29.99999999999999,-51.75,-2.987141537818687e-23,nan,28.840000000000003
,0.0,55.0,-46.0,-1.5707963267948963,NO_PATH,4.41388842e-19,0.0,29.99999999999999,-51.75,-2.987141537818687e-23,nan,28.860000000000003
,0.0,55.0,-46.0,-1.5707963267948963,NO_PATH,2.15708093e-20,0.0,29.99999999999999,-51.75,-2.987141537818687e-23,nan,28.880000000000003
,0.0,55.0,-46.0,-1.5707963267948963,NO_PATH,6.22630619e-19,0.0,29.99999999999999,-51.75,-2.987141537818687e-23,nan,28.900000000000002
,0.0,55.0,-46.0,-1.5707963267948963,NO_PATH,6.22630619e-19,0.0,29.99999999999999,-51.75,-2.987141537818687e-23,nan,28.921000000000003
,0.0,55.0,-46.0,-1.5707963267948963,NO_PATH,3.14363396e-19,0.0,29.99999999999999,-51.75,-2.987141537818687e-23,nan,28.94
,0.0,55.0,-46.0,-1.5707963267948963,NO_PATH,5.49026804e-19,0.0,29.99999999999999,-51.75,-2.987141537818687e-23,nan,28.96
,0.0,55.0,-46.0,-1.5707963267948963,NO_PATH,5.49026804e-19,0.0,29.99999999999999,-51.75,-2.987141537818687e-23,nan,28.98
,0.0,55.0,-46.0,-1.5707963267948963,NO_PATH,4.283301e-19,0.0,29.99999999999999,-51.75,-2.987141537818687e-23,nan,29.001
,0.0,55.0,-46.0,-1.5707963267948963,NO_PATH,1.35162336e-19,0.0,29.99999999999999,-51.75,-2.987141537818687e-23,nan,29.021
,0.0,55.0,-46.0,-1.5707963267948963,NO_PATH,1.07975488e-18,0.0,29.99999999999999,-51.75,-2.987141537818687e-23,nan,29.040000000000003
,0.0,55.0,-46.0,-1.5707963267948963,NO_PATH,6.68782592e-19,0.0,29.99999999999999,-51.75,-2.987141537818687e-23,nan,29.060000000000002
,0.0,55.0,-46.0,-1.5707963267948963,NO_PATH,3.30870075e-19,0.0,29.99999999999999,-51.75,-2.987141537818687e-23,nan,29.080000000000002
,0.0,55.0,-46.0,-1.5707963267948963,NO_PATH,9.40986878e-19,0.0,29.99999999999999,-51.75,-2.987141537818687e-23,nan,29.101000000000003
,0.0,55.0,-46.0,-1.5707963267948963,NO_PATH,3.44233368e-19,0.0,29.99999999999999,-51.75,-2.987141537818687e-23,nan,29.12
,0.0,55.0,-46.0,-1.5707963267948963,NO_PATH,4.06642347e-19,0.0,29.99999999999999,-51.75,-2.987141537818687e-23,nan,29.14
,0.0,55.0,-46.0,-1.5707963267948963,NO_PATH,4.06642347e-19,0.0,29.99999999999999,-51.75,-2.987141537818687e-23,nan,29.16
,0.0,55.0,-46.0,-1.5707963267948963,NO_PATH,3.64446917e-19,0.0,29.99999999999999,-51.75,-2.987141537818687e-23,nan,29.180000000000003
,0.0,55.0,-46.0,-1.5707963267948963,NO_PATH,4.63124542e-19,0.0,29.99999999999999,-51.75,-2.987141537818687e-23,nan,29.200000000000003
,0.0,55.0,-46.0,-1.5707963267948963,NO_PATH,4.35752046e-19,0.0,29.99999999999999,-51.75,-2.987141537818687e-23,nan,29.220000000000002
,0.0,55.0,-46.0,-1.5707963267948963,NO_PATH,6.0744835e-19,0.0,29.99999999999999,-51.75,-2.987141537818687e-23,nan,29.240000000000002
,0.0,55.0,-46.0,-1.5707963267948963,NO_PATH,6.0744835e-19,0.0,29.99999999999999,-51.75,-2.987141537818687e-23,nan,29.261000000000003
,0.0,55.0,-46.0,-1.5707963267948963,NO_PATH,1.0142579e-19,0.0,29.99999999999999,-51.75,-2.987141537818687e-23,nan,29.28
,0.0,55.0,-46.0,-1.5707963267948963,NO_PATH,9.3022242e-20,0.0,29.99999999999999,-51.75,-2.987141537818687e-23,nan,29.301000000000002
,0.0,55.0,-46.0,-1.5707963267948963,NO_PATH,2.13833972e-19,0.0,29.99999999999999,-51.75,-2.987141537818687e-23,nan,29.32
,0.0,55.0,-46.0,-1.5707963267948963,NO_PATH,7.43103691e-19,0.0,29.99999999999999,-51.75,-2.987141537818687e-23,nan,29.340000000000003
,0.0,55.0,-46.0,-1.5707963267948963,NO_PATH,7.43103691e-19,0.0,29.99999999999999,-51.75,-2.987141537818687e-23,nan,29.360000000000003
,0.0,55.0,-46.0,-1.5707963267948963,NO_PATH,7.54592409e-19,0.0,29.99999999999999,-51.75,-2.987141537818687e-23,nan,29.380000000000003
,0.0,55.0,-46.0,-1.5707963267948963,NO_PATH,4.33648819e-19,0.0,29.99999999999999,-51.75,-2.987141537818687e-23,nan,29.400000000000002
,0.0,55.0,-46.0,-1.5707963267948963,NO_PATH,2.55815636e-19,0.0,29.99999999999999,-51.75,-2.987141537818687e-23,nan,29.42
,0.0,55.0,-46.0,-1.5707963267948963,NO_PATH,-1.22023122e-21,0.0,29.99999999999999,-51.75,-2.987141537818687e-23,nan,29.44
,0.0,55.0,-46.0,-1.5707963267948963,NO_PATH,1.17412773e-18,0.0,29.99999999999999,-51.75,-2.987141537818687e-23,nan,29.46
,0.0,55.0,-46.0,-1.5707963267948963,NO_PATH,9.92562722e-20,0.0,29.99999999999999,-51.75,-2.987141537818687e-23,nan,29.48
,0.0,55.0,-46.0,-1.5707963267948963,NO_PATH,1.82562429e-19,0.0,29.99999999999999,-51.75,-2.987141537818687e-23,nan,29.500000000000004
,0.0,55.0,-46.0,-1.5707963267948963,NO_PATH,-1.15859346e-19,0.0,29.99999999999999,-51.75,-2.987141537818687e-23,nan,29.520000000000003
,0.0,55.0,-46.0,-1.5707963267948963,NO_PATH,2.82443551e-19,0.0,29.99999999999999,-51.75,-2.987141537818687e-23,nan,29.540000000000003
,0.0,55.0,-46.0,-1.5707963267948963,NO_PATH,-1.65793846e-19,0.0,29.99999999999999,-51.75,-2.987141537818687e-23,nan,29.560000000000002
,0.0,55.0,-46.0,-1.5707963267948963,NO_PATH,-1.65793846e-19,0.0,29.99999999999999,-51.75,-2.987141537818687e-23,nan,29.580000000000002
,0.0,55.0,-46.0,-1.5707963267948963,NO_PATH,2.23823463e-19,0.0,29.99999999999999,-51.75,-2.987141537818687e-23,nan,29.6
,0.0,55.0,-46.0,-1.5707963267948963,NO_PATH,2.23823463e-19,0.0,29.99999999999999,-51.75,-2.987141537818687e-23,nan,29.62
,0.0,55.0,-46.0,-1.5707963267948963,NO_PATH,3.02121353e-19,0.0,29.99999999999999,-51.75,-2.987141537818687e-23,nan,29.64
,0.0,55.0,-46.0,-1.5707963267948963,NO_PATH,4.76298349e-19,0.0,29.99999999999999,-51.75,-2.987141537818687e-23,nan,29.66
,0.0,55.0,-46.0,-1.5707963267948963,NO_PATH,1.12388342e-18,0.0,29.99999999999999,-51.75,-2.987141537818687e-23,nan,29.681
,0.0,55.0,-46.0,-1.5707963267948963,NO_PATH,6.06131851e-19,0.0,29.99999999999999,-51.75,-2.987141537818687e-23,nan,29.700000000000003
,0.0,55.0,-46.0,-1.5707963267948963,NO_PATH,2.61056711e-19,0.0,29.99999999999999,-51.75,-2.987141537818687e-23,nan,29.720000000000002
,0.0,55.0,-46.0,-1.5707963267948963,NO_PATH,2.61056711e-19,0.0,29.99999999999999,-51.75,-2.987141537818687e-23,nan,29.740000000000002
,0.0,55.0,-46.0,-1.5707963267948963,NO_PATH,-9.00594734e-20,0.0,29.99999999999999,-51.75,-2.987141537818687e-23,nan,29.76
,0.0,55.0,-46.0,-1.5707963267948963,NO_PATH,1.34320006e-19,0.0,29.99999999999999,-51.75,-2.987141537818687e-23,nan,29.78
,0.0,55.0,-46.0,-1.5707963267948963,NO_PATH,8.02712108e-19,0.0,29.99999999999999,-51.75,-2.987141537818687e-23,nan,29.8
,0.0,55.0,-46.0,-1.5707963267948963,NO_PATH,5.68432409e-19,0.0,29.99999999999999,-51.75,-2.987141537818687e-23,nan,29.82
,0.0,55.0,-46.0,-1.5707963267948963,NO_PATH,8.38147251e-19,0.0,29.99999999999999,-51.75,-2.987141537818687e-23,nan,29.840000000000003
,0.0,55.0,-46.0,-1.5707963267948963,NO_PATH,8.38147251e-19,0.0,29.99999999999999,-51.75,-2.987141537818687e-23,nan,29.860000000000003
,0.0,55.0,-46.0,-1.5707963267948963,NO_PATH,1.28125238e-19,0.0,29.99999999999999,-51.75,-2.987141537818687e-23,nan,29.880000000000003
,0.0,55.0,-46.0,-1.5707963267948963,NO_PATH,4.75773395e-19,0.0,29.99999999999999,-51.75,-2.987141537818687e-23,nan,29.900000000000002
,0.0,55.0,-46.0,-1.5707963267948963,NO_PATH,6.23124066e-19,0.0,29.99999999999999,-51.75,-2.987141537818687e-23,nan,29.92
,0.0,55.0,-46.0,-1.5707963267948963,NO_PATH,6.23124066e-19,0.0,29.99999999999999,-51.75,-2.987141537818687e-23,nan,29.94
,0.0,55.0,-46.0,-1.5707963267948963,NO_PATH,4.6003348e-19,0.0,29.99999999999999,-51.75,-2.987141537818687e-23,nan,29.961000000000002
,0.0,55.0,-46.0,-1.5707963267948963,NO_PATH,8.06983743e-19,0.0,29.99999999999999,-51.75,-2.987141537818687e-23,nan,29.98
,0.0,55.0,-46.0,-1.5707963267948963,NO_PATH,8.06983743e-19,0.0,29.99999999999999,-51.75,-2.987141537818687e-23,nan,30.000000000000004
,0.0,55.0,-46.0,-1.5707963267948963,NO_PATH,1.16743344e-19,0.0,29.99999999999999,-51.75,-2.987141537818687e-23,nan,30.023000000000003
,0.0,55.0,-46.0,-1.5707963267948963,NO_PATH,1.07101375e-18,0.0,29.99999999999999,-51.75,-2.987141537818687e-23,nan,30.040000000000003
,0.0,55.0,-46.0,-1.5707963267948963,NO_PATH,4.15696666e-19,0.0,29.99999999999999,-51.75,-2.987141537818687e-23,nan,30.060000000000002
,0.0,55.0,-46.0,-1.5707963267948963,NO_PATH,4.99526021e-19,0.0,29.99999999999999,-51.75,-2.987141537818687e-23,nan,30.080000000000002
,0.0,55.0,-46.0,-1.5707963267948963,NO_PATH,4.99526021e-19,0.0,29.99999999999999,-51.75,-2.987141537818687e-23,nan,30.1
,0.0,55.0,-46.0,-1.5707963267948963,NO_PATH,5.24334194e-19,0.0,29.99999999999999,-51.75,-2.987141537818687e-23,nan,30.12
,0.0,55.0,-46.0,-1.5707963267948963,NO_PATH,9.8604081e-19,0.0,29.99999999999999,-51.75,-2.987141537818687e-23,nan,30.14
,0.0,55.0,-46.0,-1.5707963267948963,NO_PATH,-4.40208879e-20,0.0,29.99999999999999,-51.75,-2.987141537818687e-23,nan,30.16
,0.0,55.0,-46.0,-1.5707963267948963,NO_PATH,-4.40208879e-20,0.0,29.99999999999999,-51.75,-2.987141537818687e-23,nan,30.180000000000003
,0.0,55.0,-46.0,-1.5707963267948963,NO_PATH,-1.70204172e-19,0.0,29.99999999999999,-51.75,-2.987141537818687e-23,nan,30.200000000000003
,0.0,55.0,-46.0,-1.5707963267948963,NO_PATH,1.41770858e-18,0.0,29.99999999999999,-51.75,-2.987141537818687e-23,nan,30.220000000000002
,0.0,55.0,-46.0,-1.5707963267948963,NO_PATH,1.41770858e-18,0.0,29.99999999999999,-51.75,-2.987141537818687e-23,nan,30.240000000000002
,0.0,55.0,-46.0,-1.5707963267948963,NO_PATH,7.75952526e-19,0.0,29.99999999999999,-51.75,-2.987141537818687e-23,nan,30.26
,0.0,55.0,-46.0,-1.5707963267948963,NO_PATH,-1.2227473e-19,0.0,29.99999999999999,-51.75,-2.987141537818687e-23,nan,30.28
,0.0,55.0,-46.0,-1.5707963267948963,NO_PATH,9.47424816e-20,0.0,29.99999999999999,-51.75,-2.987141537818687e-23,nan,30.3
,0.0,55.0,-46.0,-1.5707963267948963,NO_PATH,7.42566796e-19,0.0,29.99999999999999,-51.75,-2.987141537818687e-23,nan,30.321
,0.0,55.0,-46.0,-1.5707963267948963,NO_PATH,7.42566796e-19,0.0,29.99999999999999,-51.75,-2.987141537818687e-23,nan,30.340000000000003
,0.0,55.0,-46.0,-1.5707963267948963,NO_PATH,-1.12511682e-19,0.0,29.99999999999999,-51.75,-2.987141537818687e-23,nan,30.360000000000003
,0.0,55.0,-46.0,-1.5707963267948963,NO_PATH,3.64595619e-19,0.0,29.99999999999999,-51.75,-2.987141537818687e-23,nan,30.380000000000003
,0.0,55.0,-46.0,-1.5707963267948963,NO_PATH,7.62745276e-19,0.0,29.99999999999999,-51.75,-2.987141537818687e-23,nan,30.400000000000002
,0.0,55.0,-46.0,-1.5707963267948963,NO_PATH,7.62745276e-19,0.0,29.99999999999999,-51.75,-2.987141537818687e-23,nan,30.42
,0.0,55.0,-46.0,-1.5707963267948963,NO_PATH,8.39910338e-19,0.0,29.99999999999999,-51.75,-2.987141537818687e-23,nan,30.44
,0.0,55.0,-46.0,-1.5707963267948963,NO_PATH,8.39910338e-19,0.0,29.99999999999999,-51.75,-2.987141537818687e-23,nan,30.46
,0.0,55.0,-46.0,-1.5707963267948963,NO_PATH,8.71755534e-19,0.0,29.99999999999999,-51.75,-2.987141537818687e-23,nan,30.48
,0.0,55.0,-46.0,-1.5707963267948963,NO_PATH,5.76092292e-19,0.0,29.99999999999999,-51.75,-2.987141537818687e-23,nan,30.500000000000004
,0.0,55.0,-46.0,-1.5707963267948963,NO_PATH,5.75121377e-19,0.0,29.99999999999999,-51.75,-2.987141537818687e-23,nan,30.520000000000003
,0.0,55.0,-46.0,-1.5707963267948963,NO_PATH,5.75121377e-19,0.0,29.99999999999999,-51.75,-2.987141537818687e-23,nan,30.540000000000003
,0.0,55.0,-46.0,-1.5707963267948963,NO_PATH,9.03260199e-19,0.0,29.99999999999999,-51.75,-2.987141537818687e-23,nan,30.560000000000002
,0.0,55.0,-46.0,-1.5707963267948963,NO_PATH,2.76617513e-19,0.0,29.99999999999999,-51.75,-2.987141537818687e-23,nan,30.580000000000002
,0.0,55.0,-46.0,-1.5707963267948963,NO_PATH,1.3652892e-18,0.0,29.99999999999999,-51.75,-2.987141537818687e-23,nan,30.6
,0.0,55.0,-46.0,-1.5707963267948963,NO_PATH,-1.94805412e-19,0.0,29.99999999999999,-51.75,-2.987141537818687e-23,nan,30.62
,0.0,55.0,-46.0,-1.5707963267948963,NO_PATH,3.89416712e-19,0.0,29.99999999999999,-51.75,-2.987141537818687e-23,nan,30.64
,0.0,55.0,-46.0,-1.5707963267948963,NO_PATH,1.16563884e-18,0.0,29.99999999999999,-51.75,-2.987141537818687e-23,nan,30.66
,0.0,55.0,-46.0,-1.5707963267948963,NO_PATH,1.16563884e-18,0.0,29.99999999999999,-51.75,-2.987141537818687e-23,nan,30.680000000000003
,0.0,55.0,-46.0,-1.5707963267948963,NO_PATH,1.83981164e-19,0.0,29.99999999999999,-51.75,-2.987141537818687e-23,nan,30.700000000000003
,0.0,55.0,-46.0,-1.5707963267948963,NO_PATH,1.83981164e-19,0.0,29.99999999999999,-51.75,-2.987141537818687e-23,nan,30.720000000000002
,0.0,55.0,-46.0,-1.5707963267948963,NO_PATH,-8.38895693e-20,0.0,29.99999999999999,-51.75,-2.987141537818687e-23,nan,30.740000000000002
,0.0,55.0,-46.0,-1.5707963267948963,NO_PATH,9.96585807e-19,0.0,29.99999999999999,-51.75,-2.987141537818687e-23,nan,30.761000000000003
,0.0,55.0,-46.0,-1.5707963267948963,NO_PATH,9.96585807e-19,0.0,29.99999999999999,-51.75,-2.987141537818687e-23,nan,30.78
,0.0,55.0,-46.0,-1.5707963267948963,NO_PATH,4.44588984e-19,0.0,29.99999999999999,-51.75,-2.987141537818687e-23,nan,30.8
,0.0,55.0,-46.0,-1.5707963267948963,NO_PATH,4.74985804e-19,0.0,29.99999999999999,-51.75,-2.987141537818687e-23,nan,30.82
,0.0,55.0,-46.0,-1.5707963267948963,NO_PATH,6.09867517e-19,0.0,29.99999999999999,-51.75,-2.987141537818687e-23,nan,30.840000000000003
,0.0,55.0,-46.0,-1.5707963267948963,NO_PATH,6.73760951e-19,0.0,29.99999999999999,-51.75,-2.987141537818687e-23,nan,30.860000000000003
,0.0,55.0,-46.0,-1.5707963267948963,NO_PATH,6.73760951e-19,0.0,29.99999999999999,-51.75,-2.987141537818687e-23,nan,30.880000000000003
,0.0,55.0,-46.0,-1.5707963267948963,NO_PATH,7.24366045e-19,0.0,29.99999999999999,-51.75,-2.987141537818687e-23,nan,30.901000000000003
,0.0,55.0,-46.0,-1.5707963267948963,NO_PATH,7.24366045e-19,0.0,29.99999999999999,-51.75,-2.987141537818687e-23,nan,30.92
,0.0,55.0,-46.0,-1.5707963267948963,NO_PATH,6.8484259e-19,0.0,29.99999999999999,-51.75,-2.987141537818687e-23,nan,30.94
,0.0,55.0,-46.0,-1.5707963267948963,NO_PATH,5.2223049e-19,0.0,29.99999999999999,-51.75,-2.987141537818687e-23,nan,30.96
,0.0,55.0,-46.0,-1.5707963267948963,NO_PATH,5.2223049e-19,0.0,29.99999999999999,-51.75,-2.987141537818687e-23,nan,30.98
,0.0,55.0,-46.0,-1.5707963267948963,NO_PATH,3.17697299e-19,0.0,29.99999999999999,-51.75,-2.987141537818687e-23,nan,31.003000000000004
,0.0,55.0,-46.0,-1.5707963267948963,NO_PATH,3.17697299e-19,0.0,29.99999999999999,-51.75,-2.987141537818687e-23,nan,31.020000000000003
,0.0,55.0,-46.0,-1.5707963267948963,NO_PATH,5.14142772e-19,0.0,29.99999999999999,-51.75,-2.987141537818687e-23,nan,31.040000000000003
,0.0,55.0,-46.0,-1.5707963267948963,NO_PATH,4.88148814e-19,0.0,29.99999999999999,-51.75,-2.987141537818687e-23,nan,31.060000000000002
,0.0,55.0,-46.0,-1.5707963267948963,NO_PATH,4.88148814e-19,0.0,29.99999999999999,-51.75,-2.987141537818687e-23,nan,31.080000000000002
,0.0,55.0,-46.0,-1.5707963267948963,NO_PATH,2.58826416e-19,0.0,29.99999999999999,-51.75,-2.987141537818687e-23,nan,31.1
,0.0,55.0,-46.0,-1.5707963267948963,NO_PATH,5.43544131e-19,0.0,29.99999999999999,-51.75,-2.987141537818687e-23,nan,31.12
,0.0,55.0,-46.0,-1.5707963267948963,NO_PATH,6.99478716e-19,0.0,29.99999999999999,-51.75,-2.987141537818687e-23,nan,31.14
,0.0,55.0,-46.0,-1.5707963267948963,NO_PATH,5.37961766e-19,0.0,29.99999999999999,-51.75,-2.987141537818687e-23,nan,31.160000000000004
,0.0,55.0,-46.0,-1.5707963267948963,NO_PATH,5.37961766e-19,0.0,29.99999999999999,-51.75,-2.987141537818687e-23,nan,31.180000000000003
,0.0,55.0,-46.0,-1.5707963267948963,NO_PATH,6.83282795e-20,0.0,29.99999999999999,-51.75,-2.987141537818687e-23,nan,31.200000000000003
,0.0,55.0,-46.0,-1.5707963267948963,NO_PATH,4.34089197e-19,0.0,29.99999999999999,-51.75,-2.987141537818687e-23,nan,31.220000000000002
,0.0,55.0,-46.0,-1.5707963267948963,NO_PATH,9.9198114e-21,0.0,29.99999999999999,-51.75,-2.987141537818687e-23,nan,31.240000000000002
,0.0,55.0,-46.0,-1.5707963267948963,NO_PATH,9.9198114e-21,0.0,29.99999999999999,-51.75,-2.987141537818687e-23,nan,31.26
,0.0,55.0,-46.0,-1.5707963267948963,NO_PATH,1.52098123e-19,0.0,29.99999999999999,-51.75,-2.987141537818687e-23,nan,31.28
,0.0,55.0,-46.0,-1.5707963267948963,NO_PATH,7.32358006e-19,0.0,29.99999999999999,-51.75,-2.987141537818687e-23,nan,31.3
,0.0,55.0,-46.0,-1.5707963267948963,NO_PATH,2.04659052e-19,0.0,29.99999999999999,-51.75,-2.987141537818687e-23,nan,31.32
,0.0,55.0,-46.0,-1.5707963267948963,NO_PATH,5.38907475e-19,0.0,29.99999999999999,-51.75,-2.987141537818687e-23,nan,31.340000000000003
,0.0,55.0,-46.0,-1.5707963267948963,NO_PATH,3.36057189e-19,0.0,29.99999999999999,-51.75,-2.987141537818687e-23,nan,31.360000000000003
,0.0,55.0,-46.0,-1.5707963267948963,NO_PATH,4.44432533e-19,0.0,29.99999999999999,-51.75,-2.987141537818687e-23,nan,31.381
,0.0,55.0,-46.0,-1.5707963267948963,NO_PATH,4.44432533e-19,0.0,29.99999999999999,-51.75,-2.987141537818687e-23,nan,31.400000000000002
,0.0,55.0,-46.0,-1.5707963267948963,NO_PATH,1.20958514e-19,0.0,29.99999999999999,-51.75,-2.987141537818687e-23,nan,31.42
,0.0,55.0,-46.0,-1.5707963267948963,NO_PATH,7.34096324e-19,0.0,29.99999999999999,-51.75,-2.987141537818687e-23,nan,31.44
,0.0,55.0,-46.0,-1.5707963267948963,NO_PATH,1.07373829e-18,0.0,29.99999999999999,-51.75,-2.987141537818687e-23,nan,31.46
,0.0,55.0,-46.0,-1.5707963267948963,NO_PATH,1.04908614e-18,0.0,29.99999999999999,-51.75,-2.987141537818687e-23,nan,31.48
,0.0,55.0,-46.0,-1.5707963267948963,NO_PATH,3.6069651e-19,0.0,29.99999999999999,-51.75,-2.987141537818687e-23,nan,31.500000000000004
,0.0,55.0,-46.0,-1.5707963267948963,NO_PATH,3.6069651e-19,0.0,29.99999999999999,-51.75,-2.987141537818687e-23,nan,31.521
,0.0,55.0,-46.0,-1.5707963267948963,NO_PATH,2.48451559e-19,0.0,29.99999999999999,-51.75,-2.987141537818687e-23,nan,31.540000000000003
,0.0,55.0,-46.0,-1.5707963267948963,NO_PATH,3.97090652e-19,0.0,29.99999999999999,-51.75,-2.987141537818687e-23,nan,31.560000000000002
,0.0,55.0,-46.0,-1.5707963267948963,NO_PATH,7.16812469e-19,0.0,29.99999999999999,-51.75,-2.987141537818687e-23,nan,31.580000000000002
,0.0,55.0,-46.0,-1.5707963267948963,NO_PATH,3.1160087e-19,0.0,29.99999999999999,-51.75,-2.987141537818687e-23,nan,31.6
,0.0,55.0,-46.0,-1.5707963267948963,NO_PATH,7.66871296e-19,0.0,29.99999999999999,-51.75,-2.987141537818687e-23,nan,31.62
,0.0,55.0,-46.0,-1.5707963267948963,NO_PATH,7.66871296e-19,0.0,29.99999999999999,-51.75,-2.987141537818687e-23,nan,31.64
,0.0,55.0,-46.0,-1.5707963267948963,NO_PATH,2.07359761e-19,0.0,29.99999999999999,-51.75,-2.987141537818687e-23,nan,31.660000000000004
,0.0,55.0,-46.0,-1.5707963267948963,NO_PATH,6.53181874e-19,0.0,29.99999999999999,-51.75,-2.987141537818687e-23,nan,31.680000000000003
,0.0,55.0,-46.0,-1.5707963267948963,NO_PATH,6.53181874e-19,0.0,29.99999999999999,-51.75,-2.987141537818687e-23,nan,31.700000000000003
,0.0,55.0,-46.0,-1.5707963267948963,NO_PATH,2.35567942e-19,0.0,29.99999999999999,-51.75,-2.987141537818687e-23,nan,31.720000000000002
,0.0,55.0,-46.0,-1.5707963267948963,NO_PATH,9.3285704e-19,0.0,29.99999999999999,-51.75,-2.987141537818687e-23,nan,31.740000000000002
,0.0,55.0,-46.0,-1.5707963267948963,NO_PATH,9.3285704e-19,0.0,29.99999999999999,-51.75,-2.987141537818687e-23,nan,31.76
,0.0,55.0,-46.0,-1.5707963267948963,NO_PATH,-1.61524477e-19,0.0,29.99999999999999,-51.75,-2.987141537818687e-23,nan,31.78
,0.0,55.0,-46.0,-1.5707963267948963,NO_PATH,9.5875504e-19,0.0,29.99999999999999,-51.75,-2.987141537818687e-23,nan,31.8
,0.0,55.0,-46.0,-1.5707963267948963,NO_PATH,-2.97330163e-20,0.0,29.99999999999999,-51.75,-2.987141537818687e-23,nan,31.82
,0.0,55.0,-46.0,-1.5707963267948963,NO_PATH,4.08348458e-19,0.0,29.99999999999999,-51.75,-2.987141537818687e-23,nan,31.840000000000003
,0.0,55.0,-46.0,-1.5707963267948963,NO_PATH,4.08348458e-19,0.0,29.99999999999999,-51.75,-2.987141537818687e-23,nan,31.860000000000003
,0.0,55.0,-46.0,-1.5707963267948963,NO_PATH,2.07668986e-19,0.0,29.99999999999999,-51.75,-2.987141537818687e-23,nan,31.880000000000003
,0.0,55.0,-46.0,-1.5707963267948963,NO_PATH,5.89148249e-19,0.0,29.99999999999999,-51.75,-2.987141537818687e-23,nan,31.900000000000002
,0.0,55.0,-46.0,-1.5707963267948963,NO_PATH,5.77595144e-19,0.0,29.99999999999999,-51.75,-2.987141537818687e-23,nan,31.92
,0.0,55.0,-46.0,-1.5707963267948963,NO_PATH,1.32357356e-18,0.0,29.99999999999999,-51.75,-2.987141537818687e-23,nan,31.94
,0.0,55.0,-46.0,-1.5707963267948963,NO_PATH,1.32357356e-18,0.0,29.99999999999999,-51.75,-2.987141537818687e-23,nan,31.96
,0.0,55.0,-46.0,-1.5707963267948963,NO_PATH,4.40730673e-19,0.0,29.99999999999999,-51.75,-2.987141537818687e-23,nan,31.981
,0.0,55.0,-46.0,-1.5707963267948963,NO_PATH,4.26535392e-19,0.0,29.99999999999999,-51.75,-2.987141537818687e-23,nan,32.0
,0.0,55.0,-46.0,-1.5707963267948963,NO_PATH,4.47264691e-19,0.0,29.99999999999999,-51.75,-2.987141537818687e-23,nan,32.021
,0.0,55.0,-46.0,-1.5707963267948963,NO_PATH,1.30083497e-18,0.0,29.99999999999999,-51.75,-2.987141537818687e-23,nan,32.04
,0.0,55.0,-46.0,-1.5707963267948963,NO_PATH,7.17567922e-19,0.0,29.99999999999999,-51.75,-2.987141537818687e-23,nan,32.06
,0.0,55.0,-46.0,-1.5707963267948963,NO_PATH,1.2518058e-19,0.0,29.99999999999999,-51.75,-2.987141537818687e-23,nan,32.080000000000005
,0.0,55.0,-46.0,-1.5707963267948963,NO_PATH,1.2518058e-19,0.0,29.99999999999999,-51.75,-2.987141537818687e-23,nan,32.1
,0.0,55.0,-46.0,-1.5707963267948963,NO_PATH,9.46709653e-20,0.0,29.99999999999999,-51.75,-2.987141537818687e-23,nan,32.120000000000005
,0.0,55.0,-46.0,-1.5707963267948963,NO_PATH,9.76261755e-20,0.0,29.99999999999999,-51.75,-2.987141537818687e-23,nan,32.14
,0.0,55.0,-46.0,-1.5707963267948963,NO_PATH,7.12558474e-19,0.0,29.99999999999999,-51.75,-2.987141537818687e-23,nan,32.160000000000004
,0.0,55.0,-46.0,-1.5707963267948963,NO_PATH,2.5675796e-19,0.0,29.99999999999999,-51.75,-2.987141537818687e-23,nan,32.18
,0.0,55.0,-46.0,-1.5707963267948963,NO_PATH,6.47288243e-20,0.0,29.99999999999999,-51.75,-2.987141537818687e-23,nan,32.2
,0.0,55.0,-46.0,-1.5707963267948963,NO_PATH,4.22618636e-19,0.0,29.99999999999999,-51.75,-2.987141537818687e-23,nan,32.22
,0.0,55.0,-46.0,-1.5707963267948963,NO_PATH,4.22618636e-19,0.0,29.99999999999999,-51.75,-2.987141537818687e-23,nan,32.24
,0.0,55.0,-46.0,-1.5707963267948963,NO_PATH,1.24588685e-18,0.0,29.99999999999999,-51.75,-2.987141537818687e-23,nan,32.260000000000005
,0.0,55.0,-46.0,-1.5707963267948963,NO_PATH,2.79314916e-19,0.0,29.99999999999999,-51.75,-2.987141537818687e-23,nan,32.281
,0.0,55.0,-46.0,-1.5707963267948963,NO_PATH,7.88887638e-19,0.0,29.99999999999999,-51.75,-2.987141537818687e-23,nan,32.300000000000004
,0.0,55.0,-46.0,-1.5707963267948963,NO_PATH,7.88887638e-19,0.0,29.99999999999999,-51.75,-2.987141537818687e-23,nan,32.321000000000005
,0.0,55.0,-46.0,-1.5707963267948963,NO_PATH,4.62962761e-19,0.0,29.99999999999999,-51.75,-2.987141537818687e-23,nan,32.34
,0.0,55.0,-46.0,-1.5707963267948963,NO_PATH,9.50519492e-19,0.0,29.99999999999999,-51.75,-2.987141537818687e-23,nan,32.36
,0.0,55.0,-46.0,-1.5707963267948963,NO_PATH,9.50519492e-19,0.0,29.99999999999999,-51.75,-2.987141537818687e-23,nan,32.38
,0.0,55.0,-46.0,-1.5707963267948963,NO_PATH,3.3152273e-19,0.0,29.99999999999999,-51.75,-2.987141537818687e-23,nan,32.4
,0.0,55.0,-46.0,-1.5707963267948963,NO_PATH,3.67874564e-19,0.0,29.99999999999999,-51.75,-2.987141537818687e-23,nan,32.42
,0.0,55.0,-46.0,-1.5707963267948963,NO_PATH,-4.63028406e-19,0.0,29.99999999999999,-51.75,-2.987141537818687e-23,nan,32.440000000000005
,0.0,55.0,-46.0,-1.5707963267948963,NO_PATH,7.27168274e-19,0.0,29.99999999999999,-51.75,-2.987141537818687e-23,nan,32.461
,0.0,55.0,-46.0,-1.5707963267948963,NO_PATH,1.07798529e-19,0.0,29.99999999999999,-51.75,-2.987141537818687e-23,nan,32.480000000000004
,0.0,55.0,-46.0,-1.5707963267948963,NO_PATH,1.07798529e-19,0.0,29.99999999999999,-51.75,-2.987141537818687e-23,nan,32.5
,0.0,55.0,-46.0,-1.5707963267948963,NO_PATH,8.50748535e-19,0.0,29.99999999999999,-51.75,-2.987141537818687e-23,nan,32.52
,0.0,55.0,-46.0,-1.5707963267948963,NO_PATH,5.65974005e-19,0.0,29.99999999999999,-51.75,-2.987141537818687e-23,nan,32.541000000000004
,0.0,55.0,-46.0,-1.5707963267948963,NO_PATH,2.90679544e-19,0.0,29.99999999999999,-51.75,-2.987141537818687e-23,nan,32.56
,0.0,55.0,-46.0,-1.5707963267948963,NO_PATH,2.90679544e-19,0.0,29.99999999999999,-51.75,-2.987141537818687e-23,nan,32.580000000000005
,0.0,55.0,-46.0,-1.5707963267948963,NO_PATH,1.32454834e-18,0.0,29.99999999999999,-51.75,-2.987141537818687e-23,nan,32.6
,0.0,55.0,-46.0,-1.5707963267948963,NO_PATH,2.06531649e-19,0.0,29.99999999999999,-51.75,-2.987141537818687e-23,nan,32.620000000000005
,0.0,55.0,-46.0,-1.5707963267948963,NO_PATH,4.9006743e-20,0.0,29.99999999999999,-51.75,-2.987141537818687e-23,nan,32.64
,0.0,55.0,-46.0,-1.5707963267948963,NO_PATH,4.9006743e-20,0.0,29.99999999999999,-51.75,-2.987141537818687e-23,nan,32.660000000000004
,0.0,55.0,-46.0,-1.5707963267948963,NO_PATH,7.3407662e-21,0.0,29.99999999999999,-51.75,-2.987141537818687e-23,nan,32.68
,0.0,55.0,-46.0,-1.5707963267948963,NO_PATH,6.71184929e-19,0.0,29.99999999999999,-51.75,-2.987141537818687e-23,nan,32.7
,0.0,55.0,-46.0,-1.5707963267948963,NO_PATH,4.71339169e-20,0.0,29.99999999999999,-51.75,-2.987141537818687e-23,nan,32.72
,0.0,55.0,-46.0,-1.5707963267948963,NO_PATH,6.94739585e-19,0.0,29.99999999999999,-51.75,-2.987141537818687e-23,nan,32.74
,0.0,55.0,-46.0,-1.5707963267948963,NO_PATH,6.94739585e-19,0.0,29.99999999999999,-51.75,-2.987141537818687e-23,nan,32.760000000000005
,0.0,55.0,-46.0,-1.5707963267948963,NO_PATH,6.83817503e-19,0.0,29.99999999999999,-51.75,-2.987141537818687e-23,nan,32.78
,0.0,55.0,-46.0,-1.5707963267948963,NO_PATH,1.14505856e-19,0.0,29.99999999999999,-51.75,-2.987141537818687e-23,nan,32.800000000000004
,0.0,55.0,-46.0,-1.5707963267948963,NO_PATH,5.56929814e-20,0.0,29.99999999999999,-51.75,-2.987141537818687e-23,nan,32.82
,0.0,55.0,-46.0,-1.5707963267948963,NO_PATH,8.64028992e-19,0.0,29.99999999999999,-51.75,-2.987141537818687e-23,nan,32.84
,0.0,55.0,-46.0,-1.5707963267948963,NO_PATH,8.64028992e-19,0.0,29.99999999999999,-51.75,-2.987141537818687e-23,nan,32.86
,0.0,55.0,-46.0,-1.5707963267948963,NO_PATH,8.13199171e-19,0.0,29.99999999999999,-51.75,-2.987141537818687e-23,nan,32.88
,0.0,55.0,-46.0,-1.5707963267948963,NO_PATH,8.13199171e-19,0.0,29.99999999999999,-51.75,-2.987141537818687e-23,nan,32.9
,0.0,55.0,-46.0,-1.5707963267948963,NO_PATH,1.58986801e-19,0.0,29.99999999999999,-51.75,-2.987141537818687e-23,nan,32.92
,0.0,55.0,-46.0,-1.5707963267948963,NO_PATH,1.58986801e-19,0.0,29.99999999999999,-51.75,-2.987141537818687e-23,nan,32.940000000000005
,0.0,55.0,-46.0,-1.5707963267948963,NO_PATH,8.28554359e-19,0.0,29.99999999999999,-51.75,-2.987141537818687e-23,nan,32.96
,0.0,55.0,-46.0,-1.5707963267948963,NO_PATH,-1.96171643e-19,0.0,29.99999999999999,-51.75,-2.987141537818687e-23,nan,32.981
,0.0,55.0,-46.0,-1.5707963267948963,NO_PATH,-1.96171643e-19,0.0,29.99999999999999,-51.75,-2.987141537818687e-23,nan,33.0
,0.0,55.0,-46.0,-1.5707963267948963,NO_PATH,5.44004427e-19,0.0,29.99999999999999,-51.75,-2.987141537818687e-23,nan,33.021
,0.0,55.0,-46.0,-1.5707963267948963,NO_PATH,5.44004427e-19,0.0,29.99999999999999,-51.75,-2.987141537818687e-23,nan,33.04
,0.0,55.0,-46.0,-1.5707963267948963,NO_PATH,9.84141524e-19,0.0,29.99999999999999,-51.75,-2.987141537818687e-23,nan,33.06
,0.0,55.0,-46.0,-1.5707963267948963,NO_PATH,1.08566847e-18,0.0,29.99999999999999,-51.75,-2.987141537818687e-23,nan,33.080000000000005
,0.0,55.0,-46.0,-1.5707963267948963,NO_PATH,5.86356639e-19,0.0,29.99999999999999,-51.75,-2.987141537818687e-23,nan,33.1
,0.0,55.0,-46.0,-1.5707963267948963,NO_PATH,5.86356639e-19,0.0,29.99999999999999,-51.75,-2.987141537818687e-23,nan,33.120000000000005
,0.0,55.0,-46.0,-1.5707963267948963,NO_PATH,6.53820872e-19,0.0,29.99999999999999,-51.75,-2.987141537818687e-23,nan,33.14
,0.0,55.0,-46.0,-1.5707963267948963,NO_PATH,3.29916962e-19,0.0,29.99999999999999,-51.75,-2.987141537818687e-23,nan,33.160000000000004
,0.0,55.0,-46.0,-1.5707963267948963,NO_PATH,-7.44891588e-20,0.0,29.99999999999999,-51.75,-2.987141537818687e-23,nan,33.18
,0.0,55.0,-46.0,-1.5707963267948963,NO_PATH,2.50410815e-19,0.0,29.99999999999999,-51.75,-2.987141537818687e-23,nan,33.2
,0.0,55.0,-46.0,-1.5707963267948963,NO_PATH,4.38102694e-19,0.0,29.99999999999999,-51.75,-2.987141537818687e-23,nan,33.22
,0.0,55.0,-46.0,-1.5707963267948963,NO_PATH,2.56681723e-19,0.0,29.99999999999999,-51.75,-2.987141537818687e-23,nan,33.24
,0.0,55.0,-46.0,-1.5707963267948963,NO_PATH,2.56681723e-19,0.0,29.99999999999999,-51.75,-2.987141537818687e-23,nan,33.260000000000005
,0.0,55.0,-46.0,-1.5707963267948963,NO_PATH,1.07725355e-18,0.0,29.99999999999999,-51.75,-2.987141537818687e-23,nan,33.28
,0.0,55.0,-46.0,-1.5707963267948963,NO_PATH,-2.24324882e-19,0.0,29.99999999999999,-51.75,-2.987141537818687e-23,nan,33.300000000000004
,0.0,55.0,-46.0,-1.5707963267948963,NO_PATH,5.81021719e-19,0.0,29.99999999999999,-51.75,-2.987141537818687e-23,nan,33.32
,0.0,55.0,-46.0,-1.5707963267948963,NO_PATH,5.81021719e-19,0.0,29.99999999999999,-51.75,-2.987141537818687e-23,nan,33.34
,0.0,55.0,-46.0,-1.5707963267948963,NO_PATH,9.56873473e-19,0.0,29.99999999999999,-51.75,-2.987141537818687e-23,nan,33.364000000000004
,0.0,55.0,-46.0,-1.5707963267948963,NO_PATH,3.92747068e-19,0.0,29.99999999999999,-51.75,-2.987141537818687e-23,nan,33.38
,0.0,55.0,-46.0,-1.5707963267948963,NO_PATH,6.81669061e-19,0.0,29.99999999999999,-51.75,-2.987141537818687e-23,nan,33.4
,0.0,55.0,-46.0,-1.5707963267948963,NO_PATH,6.81669061e-19,0.0,29.99999999999999,-51.75,-2.987141537818687e-23,nan,33.42
,0.0,55.0,-46.0,-1.5707963267948963,NO_PATH,4.50466598e-19,0.0,29.99999999999999,-51.75,-2.987141537818687e-23,nan,33.440000000000005
,0.0,55.0,-46.0,-1.5707963267948963,NO_PATH,9.43710396e-19,0.0,29.99999999999999,-51.75,-2.987141537818687e-23,nan,33.46
,0.0,55.0,-46.0,-1.5707963267948963,NO_PATH,9.43710396e-19,0.0,29.99999999999999,-51.75,-2.987141537818687e-23,nan,33.481
,0.0,55.0,-46.0,-1.5707963267948963,NO_PATH,1.56196539e-19,0.0,29.99999999999999,-51.75,-2.987141537818687e-23,nan,33.5
,0.0,55.0,-46.0,-1.5707963267948963,NO_PATH,7.96376497e-19,0.0,29.99999999999999,-51.75,-2.987141537818687e-23,nan,33.52
,0.0,55.0,-46.0,-1.5707963267948963,NO_PATH,2.1136764e-21,0.0,29.99999999999999,-51.75,-2.987141537818687e-23,nan,33.541000000000004
,0.0,55.0,-46.0,-1.5707963267948963,NO_PATH,2.1136764e-21,0.0,29.99999999999999,-51.75,-2.987141537818687e-23,nan,33.56
,0.0,55.0,-46.0,-1.5707963267948963,NO_PATH,4.31287743e-19,0.0,29.99999999999999,-51.75,-2.987141537818687e-23,nan,33.580000000000005
,0.0,55.0,-46.0,-1.5707963267948963,NO_PATH,5.92425325e-19,0.0,29.99999999999999,-51.75,-2.987141537818687e-23,nan,33.6
,0.0,55.0,-46.0,-1.5707963267948963,NO_PATH,-1.54470267e-20,0.0,29.99999999999999,-51.75,-2.987141537818687e-23,nan,33.620000000000005
,0.0,55.0,-46.0,-1.5707963267948963,NO_PATH,-1.54470267e-20,0.0,29.99999999999999,-51.75,-2.987141537818687e-23,nan,33.64
,0.0,55.0,-46.0,-1.5707963267948963,NO_PATH,4.15462167e-19,0.0,29.99999999999999,-51.75,-2.987141537818687e-23,nan,33.660000000000004
,0.0,55.0,-46.0,-1.5707963267948963,NO_PATH,-1.81903667e-19,0.0,29.99999999999999,-51.75,-2.987141537818687e-23,nan,33.68
,0.0,55.0,-46.0,-1.5707963267948963,NO_PATH,-1.81903667e-19,0.0,29.99999999999999,-51.75,-2.987141537818687e-23,nan,33.7
,0.0,55.0,-46.0,-1.5707963267948963,NO_PATH,6.65190935e-19,0.0,29.99999999999999,-51.75,-2.987141537818687e-23,nan,33.72
,0.0,55.0,-46.0,-1.5707963267948963,NO_PATH,1.0896962e-18,0.0,29.99999999999999,-51.75,-2.987141537818687e-23,nan,33.74
,0.0,55.0,-46.0,-1.5707963267948963,NO_PATH,5.7353893e-19,0.0,29.99999999999999,-51.75,-2.987141537818687e-23,nan,33.760000000000005
,0.0,55.0,-46.0,-1.5707963267948963,NO_PATH,1.22729745e-18,0.0,29.99999999999999,-51.75,-2.987141537818687e-23,nan,33.78
,0.0,55.0,-46.0,-1.5707963267948963,NO_PATH,1.22729745e-18,0.0,29.99999999999999,-51.75,-2.987141537818687e-23,nan,33.800000000000004
,0.0,55.0,-46.0,-1.5707963267948963,NO_PATH,4.14074948e-19,0.0,29.99999999999999,-51.75,-2.987141537818687e-23,nan,33.82
,0.0,55.0,-46.0,-1.5707963267948963,NO_PATH,3.42585156e-19,0.0,29.99999999999999,-51.75,-2.987141537818687e-23,nan,33.842
,0.0,55.0,-46.0,-1.5707963267948963,NO_PATH,3.42585156e-19,0.0,29.99999999999999,-51.75,-2.987141537818687e-23,nan,33.86
,0.0,55.0,-46.0,-1.5707963267948963,NO_PATH,1.02097706e-18,0.0,29.99999999999999,-51.75,-2.987141537818687e-23,nan,33.88
,0.0,55.0,-46.0,-1.5707963267948963,NO_PATH,1.02097706e-18,0.0,29.99999999999999,-51.75,-2.987141537818687e-23,nan,33.9
,0.0,55.0,-46.0,-1.5707963267948963,NO_PATH,8.00300557e-19,0.0,29.99999999999999,-51.75,-2.987141537818687e-23,nan,33.92
,0.0,55.0,-46.0,-1.5707963267948963,NO_PATH,1.01632076e-18,0.0,29.99999999999999,-51.75,-2.987141537818687e-23,nan,33.940000000000005
,0.0,55.0,-46.0,-1.5707963267948963,NO_PATH,4.34461407e-19,0.0,29.99999999999999,-51.75,-2.987141537818687e-23,nan,33.96
,0.0,55.0,-46.0,-1.5707963267948963,NO_PATH,1.15978774e-18,0.0,29.99999999999999,-51.75,-2.987141537818687e-23,nan,33.980000000000004
,0.0,55.0,-46.0,-1.5707963267948963,NO_PATH,5.48530777e-19,0.0,29.99999999999999,-51.75,-2.987141537818687e-23,nan,34.001000000000005
,0.0,55.0,-46.0,-1.5707963267948963,NO_PATH,5.48530777e-19,0.0,29.99999999999999,-51.75,-2.987141537818687e-23,nan,34.02
,0.0,55.0,-46.0,-1.5707963267948963,NO_PATH,7.14911028e-19,0.0,29.99999999999999,-51.75,-2.987141537818687e-23,nan,34.04
,0.0,55.0,-46.0,-1.5707963267948963,NO_PATH,7.14911028e-19,0.0,29.99999999999999,-51.75,-2.987141537818687e-23,nan,34.06
,0.0,55.0,-46.0,-1.5707963267948963,NO_PATH,7.51220791e-19,0.0,29.99999999999999,-51.75,-2.987141537818687e-23,nan,34.080000000000005
,0.0,55.0,-46.0,-1.5707963267948963,NO_PATH,7.51220791e-19,0.0,29.99999999999999,-51.75,-2.987141537818687e-23,nan,34.1
,0.0,55.0,-46.0,-1.5707963267948963,NO_PATH,6.85714493e-19,0.0,29.99999999999999,-51.75,-2.987141537818687e-23,nan,34.120000000000005
,0.0,55.0,-46.0,-1.5707963267948963,NO_PATH,6.85714493e-19,0.0,29.99999999999999,-51.75,-2.987141537818687e-23,nan,34.14
,0.0,55.0,-46.0,-1.5707963267948963,NO_PATH,6.9457149e-19,0.0,29.99999999999999,-51.75,-2.987141537818687e-23,nan,34.160000000000004
,0.0,55.0,-46.0,-1.5707963267948963,NO_PATH,6.12058142e-19,0.0,29.99999999999999,-51.75,-2.987141537818687e-23,nan,34.18
,0.0,55.0,-46.0,-1.5707963267948963,NO_PATH,7.61187442e-19,0.0,29.99999999999999,-51.75,-2.987141537818687e-23,nan,34.201
,0.0,55.0,-46.0,-1.5707963267948963,NO_PATH,9.56866135e-20,0.0,29.99999999999999,-51.75,-2.987141537818687e-23,nan,34.221000000000004
,0.0,55.0,-46.0,-1.5707963267948963,NO_PATH,8.64182033e-19,0.0,29.99999999999999,-51.75,-2.987141537818687e-23,nan,34.24
,0.0,55.0,-46.0,-1.5707963267948963,NO_PATH,8.64182033e-19,0.0,29.99999999999999,-51.75,-2.987141537818687e-23,nan,34.260000000000005
,0.0,55.0,-46.0,-1.5707963267948963,NO_PATH,5.22989926e-19,0.0,29.99999999999999,-51.75,-2.987141537818687e-23,nan,34.28
,0.0,55.0,-46.0,-1.5707963267948963,NO_PATH,2.58009257e-19,0.0,29.99999999999999,-51.75,-2.987141537818687e-23,nan,34.300000000000004
,0.0,55.0,-46.0,-1.5707963267948963,NO_PATH,2.58009257e-19,0.0,29.99999999999999,-51.75,-2.987141537818687e-23,nan,34.32
,0.0,55.0,-46.0,-1.5707963267948963,NO_PATH,-5.38322359e-20,0.0,29.99999999999999,-51.75,-2.987141537818687e-23,nan,34.34
,0.0,55.0,-46.0,-1.5707963267948963,NO_PATH,4.06557438e-19,0.0,29.99999999999999,-51.75,-2.987141537818687e-23,nan,34.36
,0.0,55.0,-46.0,-1.5707963267948963,NO_PATH,4.06557438e-19,0.0,29.99999999999999,-51.75,-2.987141537818687e-23,nan,34.38
,0.0,55.0,-46.0,-1.5707963267948963,NO_PATH,1.06542467e-19,0.0,29.99999999999999,-51.75,-2.987141537818687e-23,nan,34.400000000000006
,0.0,55.0,-46.0,-1.5707963267948963,NO_PATH,8.52260607e-19,0.0,29.99999999999999,-51.75,-2.987141537818687e-23,nan,34.42
,0.0,55.0,-46.0,-1.5707963267948963,NO_PATH,6.89204822e-19,0.0,29.99999999999999,-51.75,-2.987141537818687e-23,nan,34.440000000000005
,0.0,55.0,-46.0,-1.5707963267948963,NO_PATH,5.05365374e-19,0.0,29.99999999999999,-51.75,-2.987141537818687e-23,nan,34.46
,0.0,55.0,-46.0,-1.5707963267948963,NO_PATH,5.05365374e-19,0.0,29.99999999999999,-51.75,-2.987141537818687e-23,nan,34.480000000000004
,0.0,55.0,-46.0,-1.5707963267948963,NO_PATH,6.16332866e-19,0.0,29.99999999999999,-51.75,-2.987141537818687e-23,nan,34.5
,0.0,55.0,-46.0,-1.5707963267948963,NO_PATH,7.61309896e-19,0.0,29.99999999999999,-51.75,-2.987141537818687e-23,nan,34.52
,0.0,55.0,-46.0,-1.5707963267948963,NO_PATH,2.68385731e-19,0.0,29.99999999999999,-51.75,-2.987141537818687e-23,nan,34.54
,0.0,55.0,-46.0,-1.5707963267948963,NO_PATH,3.56672224e-19,0.0,29.99999999999999,-51.75,-2.987141537818687e-23,nan,34.56
,0.0,55.0,-46.0,-1.5707963267948963,NO_PATH,9.56591154e-19,0.0,29.99999999999999,-51.75,-2.987141537818687e-23,nan,34.580000000000005
,0.0,55.0,-46.0,-1.5707963267948963,NO_PATH,9.56591154e-19,0.0,29.99999999999999,-51.75,-2.987141537818687e-23,nan,34.6
,0.0,55.0,-46.0,-1.5707963267948963,NO_PATH,2.40489684e-19,0.0,29.99999999999999,-51.75,-2.987141537818687e-23,nan,34.621
,0.0,55.0,-46.0,-1.5707963267948963,NO_PATH,2.40489684e-19,0.0,29.99999999999999,-51.75,-2.987141537818687e-23,nan,34.64
,0.0,55.0,-46.0,-1.5707963267948963,NO_PATH,-2.03178086e-19,0.0,29.99999999999999,-51.75,-2.987141537818687e-23,nan,34.661
,0.0,55.0,-46.0,-1.5707963267948963,NO_PATH,-2.03178086e-19,0.0,29.99999999999999,-51.75,-2.987141537818687e-23,nan,34.68
,0.0,55.0,-46.0,-1.5707963267948963,NO_PATH,1.66396595e-19,0.0,29.99999999999999,-51.75,-2.987141537818687e-23,nan,34.7
,0.0,55.0,-46.0,-1.5707963267948963,NO_PATH,2.93778201e-19,0.0,29.99999999999999,-51.75,-2.987141537818687e-23,nan,34.72
,0.0,55.0,-46.0,-1.5707963267948963,NO_PATH,2.93778201e-19,0.0,29.99999999999999,-51.75,-2.987141537818687e-23,nan,34.74
,0.0,55.0,-46.0,-1.5707963267948963,NO_PATH,8.66343244e-20,0.0,29.99999999999999,-51.75,-2.987141537818687e-23,nan,34.760000000000005
,0.0,55.0,-46.0,-1.5707963267948963,NO_PATH,6.96785879e-19,0.0,29.99999999999999,-51.75,-2.987141537818687e-23,nan,34.78
,0.0,55.0,-46.0,-1.5707963267948963,NO_PATH,6.96785879e-19,0.0,29.99999999999999,-51.75,-2.987141537818687e-23,nan,34.800000000000004
,0.0,55.0,-46.0,-1.5707963267948963,NO_PATH,6.63341709e-20,0.0,29.99999999999999,-51.75,-2.987141537818687e-23,nan,34.82
,0.0,55.0,-46.0,-1.5707963267948963,NO_PATH,4.65241085e-19,0.0,29.99999999999999,-51.75,-2.987141537818687e-23,nan,34.84
,0.0,55.0,-46.0,-1.5707963267948963,NO_PATH,4.65241085e-19,0.0,29.99999999999999,-51.75,-2.987141537818687e-23,nan,34.86
,0.0,55.0,-46.0,-1.5707963267948963,NO_PATH,5.92284349e-19,0.0,29.99999999999999,-51.75,-2.987141537818687e-23,nan,34.88
,0.0,55.0,-46.0,-1.5707963267948963,NO_PATH,5.92284349e-19,0.0,29.99999999999999,-51.75,-2.987141537818687e-23,nan,34.900000000000006
,0.0,55.0,-46.0,-1.5707963267948963,NO_PATH,8.42591471e-19,0.0,29.99999999999999,-51.75,-2.987141537818687e-23,nan,34.921
,0.0,55.0,-46.0,-1.5707963267948963,NO_PATH,3.53953327e-19,0.0,29.99999999999999,-51.75,-2.987141537818687e-23,nan,34.940000000000005
,0.0,55.0,-46.0,-1.5707963267948963,NO_PATH,3.53953327e-19,0.0,29.99999999999999,-51.75,-2.987141537818687e-23,nan,34.96
,0.0,55.0,-46.0,-1.5707963267948963,NO_PATH,5.59905462e-19,0.0,29.99999999999999,-51.75,-2.987141537818687e-23,nan,34.980000000000004
,0.0,55.0,-46.0,-1.5707963267948963,NO_PATH,3.8356911e-19,0.0,29.99999999999999,-51.75,-2.987141537818687e-23,nan,35.0
,0.0,55.0,-46.0,-1.5707963267948963,NO_PATH,8.74286875e-19,0.0,29.99999999999999,-51.75,-2.987141537818687e-23,nan,35.02
,0.0,55.0,-46.0,-1.5707963267948963,NO_PATH,1.58887124e-19,0.0,29.99999999999999,-51.75,-2.987141537818687e-23,nan,35.04
,0.0,55.0,-46.0,-1.5707963267948963,NO_PATH,1.19402998e-18,0.0,29.99999999999999,-51.75,-2.987141537818687e-23,nan,35.06
,0.0,55.0,-46.0,-1.5707963267948963,NO_PATH,1.19402998e-18,0.0,29.99999999999999,-51.75,-2.987141537818687e-23,nan,35.080000000000005
,0.0,55.0,-46.0,-1.5707963267948963,NO_PATH,-7.21685107e-20,0.0,29.99999999999999,-51.75,-2.987141537818687e-23,nan,35.1
,0.0,55.0,-46.0,-1.5707963267948963,NO_PATH,4.26424522e-19,0.0,29.99999999999999,-51.75,-2.987141537818687e-23,nan,35.121
,0.0,55.0,-46.0,-1.5707963267948963,NO_PATH,4.26424522e-19,0.0,29.99999999999999,-51.75,-2.987141537818687e-23,nan,35.14
,0.0,55.0,-46.0,-1.5707963267948963,NO_PATH,7.34209964e-19,0.0,29.99999999999999,-51.75,-2.987141537818687e-23,nan,35.160000000000004
,0.0,55.0,-46.0,-1.5707963267948963,NO_PATH,6.71219435e-19,0.0,29.99999999999999,-51.75,-2.987141537818687e-23,nan,35.18
,0.0,55.0,-46.0,-1.5707963267948963,NO_PATH,6.71219435e-19,0.0,29.99999999999999,-51.75,-2.987141537818687e-23,nan,35.2
,0.0,55.0,-46.0,-1.5707963267948963,NO_PATH,2.09965118e-19,0.0,29.99999999999999,-51.75,-2.987141537818687e-23,nan,35.22
,0.0,55.0,-46.0,-1.5707963267948963,NO_PATH,2.09965118e-19,0.0,29.99999999999999,-51.75,-2.987141537818687e-23,nan,35.24
,0.0,55.0,-46.0,-1.5707963267948963,NO_PATH,4.35194263e-19,0.0,29.99999999999999,-51.75,-2.987141537818687e-23,nan,35.260000000000005
,0.0,55.0,-46.0,-1.5707963267948963,NO_PATH,4.35194263e-19,0.0,29.99999999999999,-51.75,-2.987141537818687e-23,nan,35.28
,0.0,55.0,-46.0,-1.5707963267948963,NO_PATH,3.4647316e-19,0.0,29.99999999999999,-51.75,-2.987141537818687e-23,nan,35.300000000000004
,0.0,55.0,-46.0,-1.5707963267948963,NO_PATH,3.4647316e-19,0.0,29.99999999999999,-51.75,-2.987141537818687e-23,nan,35.322
,0.0,55.0,-46.0,-1.5707963267948963,NO_PATH,9.4935274e-19,0.0,29.99999999999999,-51.75,-2.987141537818687e-23,nan,35.34
,0.0,55.0,-46.0,-1.5707963267948963,NO_PATH,9.4935274e-19,0.0,29.99999999999999,-51.75,-2.987141537818687e-23,nan,35.36
,0.0,55.0,-46.0,-1.5707963267948963,NO_PATH,3.67377461e-19,0.0,29.99999999999999,-51.75,-2.987141537818687e-23,nan,35.38
,0.0,55.0,-46.0,-1.5707963267948963,NO_PATH,6.50756417e-19,0.0,29.99999999999999,-51.75,-2.987141537818687e-23,nan,35.400000000000006
,0.0,55.0,-46.0,-1.5707963267948963,NO_PATH,-3.26405525e-20,0.0,29.99999999999999,-51.75,-2.987141537818687e-23,nan,35.42
,0.0,55.0,-46.0,-1.5707963267948963,NO_PATH,3.66266302e-19,0.0,29.99999999999999,-51.75,-2.987141537818687e-23,nan,35.440000000000005
,0.0,55.0,-46.0,-1.5707963267948963,NO_PATH,3.66266302e-19,0.0,29.99999999999999,-51.75,-2.987141537818687e-23,nan,35.46
,0.0,55.0,-46.0,-1.5707963267948963,NO_PATH,1.05895078e-18,0.0,29.99999999999999,-51.75,-2.987141537818687e-23,nan,35.480000000000004
,0.0,55.0,-46.0,-1.5707963267948963,NO_PATH,5.07796991e-19,0.0,29.99999999999999,-51.75,-2.987141537818687e-23,nan,35.5
,0.0,55.0,-46.0,-1.5707963267948963,NO_PATH,8.73169722e-19,0.0,29.99999999999999,-51.75,-2.987141537818687e-23,nan,35.521
,0.0,55.0,-46.0,-1.5707963267948963,NO_PATH,3.70138996e-19,0.0,29.99999999999999,-51.75,-2.987141537818687e-23,nan,35.54
,0.0,55.0,-46.0,-1.5707963267948963,NO_PATH,3.70138996e-19,0.0,29.99999999999999,-51.75,-2.987141537818687e-23,nan,35.56
,0.0,55.0,-46.0,-1.5707963267948963,NO_PATH,1.09733763e-18,0.0,29.99999999999999,-51.75,-2.987141537818687e-23,nan,35.580000000000005
,0.0,55.0,-46.0,-1.5707963267948963,NO_PATH,3.61229671e-19,0.0,29.99999999999999,-51.75,-2.987141537818687e-23,nan,35.6
,0.0,55.0,-46.0,-1.5707963267948963,NO_PATH,9.79882188e-19,0.0,29.99999999999999,-51.75,-2.987141537818687e-23,nan,35.620000000000005
,0.0,55.0,-46.0,-1.5707963267948963,NO_PATH,2.6145511e-19,0.0,29.99999999999999,-51.75,-2.987141537818687e-23,nan,35.641000000000005
,0.0,55.0,-46.0,-1.5707963267948963,NO_PATH,9.21541062e-19,0.0,29.99999999999999,-51.75,-2.987141537818687e-23,nan,35.660000000000004
,0.0,55.0,-46.0,-1.5707963267948963,NO_PATH,9.21541062e-19,0.0,29.99999999999999,-51.75,-2.987141537818687e-23,nan,35.68
,0.0,55.0,-46.0,-1.5707963267948963,NO_PATH,6.79607355e-19,0.0,29.99999999999999,-51.75,-2.987141537818687e-23,nan,35.7
,0.0,55.0,-46.0,-1.5707963267948963,NO_PATH,3.56789634e-19,0.0,29.99999999999999,-51.75,-2.987141537818687e-23,nan,35.72
,0.0,55.0,-46.0,-1.5707963267948963,NO_PATH,3.56789634e-19,0.0,29.99999999999999,-51.75,-2.987141537818687e-23,nan,35.74
,0.0,55.0,-46.0,-1.5707963267948963,NO_PATH,-3.14699477e-20,0.0,29.99999999999999,-51.75,-2.987141537818687e-23,nan,35.760000000000005
,0.0,55.0,-46.0,-1.5707963267948963,NO_PATH,-3.14699477e-20,0.0,29.99999999999999,-51.75,-2.987141537818687e-23,nan,35.78
,0.0,55.0,-46.0,-1.5707963267948963,NO_PATH,-1.61384781e-19,0.0,29.99999999999999,-51.75,-2.987141537818687e-23,nan,35.800000000000004
,0.0,55.0,-46.0,-1.5707963267948963,NO_PATH,5.80153262e-19,0.0,29.99999999999999,-51.75,-2.987141537818687e-23,nan,35.82
,0.0,55.0,-46.0,-1.5707963267948963,NO_PATH,3.47572958e-19,0.0,29.99999999999999,-51.75,-2.987141537818687e-23,nan,35.84
,0.0,55.0,-46.0,-1.5707963267948963,NO_PATH,3.47572958e-19,0.0,29.99999999999999,-51.75,-2.987141537818687e-23,nan,35.86
,0.0,55.0,-46.0,-1.5707963267948963,NO_PATH,7.59997629e-19,0.0,29.99999999999999,-51.75,-2.987141537818687e-23,nan,35.88
,0.0,55.0,-46.0,-1.5707963267948963,NO_PATH,5.93216656e-19,0.0,29.99999999999999,-51.75,-2.987141537818687e-23,nan,35.900000000000006
,0.0,55.0,-46.0,-1.5707963267948963,NO_PATH,1.32102357e-18,0.0,29.99999999999999,-51.75,-2.987141537818687e-23,nan,35.92
,0.0,55.0,-46.0,-1.5707963267948963,NO_PATH,2.48720438e-19,0.0,29.99999999999999,-51.75,-2.987141537818687e-23,nan,35.940000000000005
,0.0,55.0,-46.0,-1.5707963267948963,NO_PATH,2.48720438e-19,0.0,29.99999999999999,-51.75,-2.987141537818687e-23,nan,35.96
,0.0,55.0,-46.0,-1.5707963267948963,NO_PATH,3.36199965e-19,0.0,29.99999999999999,-51.75,-2.987141537818687e-23,nan,35.981
,0.0,55.0,-46.0,-1.5707963267948963,NO_PATH,3.36199965e-19,0.0,29.99999999999999,-51.75,-2.987141537818687e-23,nan,36.0
,0.0,55.0,-46.0,-1.5707963267948963,NO_PATH,2.84412002e-19,0.0,29.99999999999999,-51.75,-2.987141537818687e-23,nan,36.02
,0.0,55.0,-46.0,-1.5707963267948963,NO_PATH,2.84412002e-19,0.0,29.99999999999999,-51.75,-2.987141537818687e-23,nan,36.04
,0.0,55.0,-46.0,-1.5707963267948963,NO_PATH,7.57098417e-19,0.0,29.99999999999999,-51.75,-2.987141537818687e-23,nan,36.06
,0.0,55.0,-46.0,-1.5707963267948963,NO_PATH,4.60566014e-19,0.0,29.99999999999999,-51.75,-2.987141537818687e-23,nan,36.080000000000005
,0.0,55.0,-46.0,-1.5707963267948963,NO_PATH,4.60566014e-19,0.0,29.99999999999999,-51.75,-2.987141537818687e-23,nan,36.1
,0.0,55.0,-46.0,-1.5707963267948963,NO_PATH,6.21362889e-19,0.0,29.99999999999999,-51.75,-2.987141537818687e-23,nan,36.120000000000005
,0.0,55.0,-46.0,-1.5707963267948963,NO_PATH,6.21362889e-19,0.0,29.99999999999999,-51.75,-2.987141537818687e-23,nan,36.14
,0.0,55.0,-46.0,-1.5707963267948963,NO_PATH,2.98926373e-19,0.0,29.99999999999999,-51.75,-2.987141537818687e-23,nan,36.160000000000004
,0.0,55.0,-46.0,-1.5707963267948963,NO_PATH,2.98926373e-19,0.0,29.99999999999999,-51.75,-2.987141537818687e-23,nan,36.18
,0.0,55.0,-46.0,-1.5707963267948963,NO_PATH,-2.38956358e-19,0.0,29.99999999999999,-51.75,-2.987141537818687e-23,nan,36.2
,0.0,55.0,-46.0,-1.5707963267948963,NO_PATH,-2.38956358e-19,0.0,29.99999999999999,-51.75,-2.987141537818687e-23,nan,36.222
,0.0,55.0,-46.0,-1.5707963267948963,NO_PATH,3.77165655e-19,0.0,29.99999999999999,-51.75,-2.987141537818687e-23,nan,36.24
,0.0,55.0,-46.0,-1.5707963267948963,NO_PATH,7.82540215e-19,0.0,29.99999999999999,-51.75,-2.987141537818687e-23,nan,36.260000000000005
,0.0,55.0,-46.0,-1.5707963267948963,NO_PATH,7.82540215e-19,0.0,29.99999999999999,-51.75,-2.987141537818687e-23,nan,36.28
,0.0,55.0,-46.0,-1.5707963267948963,NO_PATH,8.5067295e-19,0.0,29.99999999999999,-51.75,-2.987141537818687e-23,nan,36.301
,0.0,55.0,-46.0,-1.5707963267948963,NO_PATH,8.5067295e-19,0.0,29.99999999999999,-51.75,-2.987141537818687e-23,nan,36.32
,0.0,55.0,-46.0,-1.5707963267948963,NO_PATH,1.10833146e-18,0.0,29.99999999999999,-51.75,-2.987141537818687e-23,nan,36.34
,0.0,55.0,-46.0,-1.5707963267948963,NO_PATH,-8.24690542e-20,0.0,29.99999999999999,-51.75,-2.987141537818687e-23,nan,36.36
,0.0,55.0,-46.0,-1.5707963267948963,NO_PATH,9.61799905e-19,0.0,29.99999999999999,-51.75,-2.987141537818687e-23,nan,36.38
,0.0,55.0,-46.0,-1.5707963267948963,NO_PATH,9.61799905e-19,0.0,29.99999999999999,-51.75,-2.987141537818687e-23,nan,36.400000000000006
,0.0,55.0,-46.0,-1.5707963267948963,NO_PATH,3.10432459e-19,0.0,29.99999999999999,-51.75,-2.987141537818687e-23,nan,36.42
,0.0,55.0,-46.0,-1.5707963267948963,NO_PATH,3.10432459e-19,0.0,29.99999999999999,-51.75,-2.987141537818687e-23,nan,36.440000000000005
,0.0,55.0,-46.0,-1.5707963267948963,NO_PATH,4.60458192e-19,0.0,29.99999999999999,-51.75,-2.987141537818687e-23,nan,36.46
,0.0,55.0,-46.0,-1.5707963267948963,NO_PATH,1.55061682e-19,0.0,29.99999999999999,-51.75,-2.987141537818687e-23,nan,36.480000000000004
,0.0,55.0,-46.0,-1.5707963267948963,NO_PATH,5.81706232e-19,0.0,29.99999999999999,-51.75,-2.987141537818687e-23,nan,36.5
,0.0,55.0,-46.0,-1.5707963267948963,NO_PATH,8.45359172e-19,0.0,29.99999999999999,-51.75,-2.987141537818687e-23,nan,36.52
,0.0,55.0,-46.0,-1.5707963267948963,NO_PATH,1.36698373e-19,0.0,29.99999999999999,-51.75,-2.987141537818687e-23,nan,36.54
,0.0,55.0,-46.0,-1.5707963267948963,NO_PATH,8.68375565e-20,0.0,29.99999999999999,-51.75,-2.987141537818687e-23,nan,36.56
,0.0,55.0,-46.0,-1.5707963267948963,NO_PATH,-6.16596041e-19,0.0,29.99999999999999,-51.75,-2.987141537818687e-23,nan,36.580000000000005
,0.0,55.0,-46.0,-1.5707963267948963,NO_PATH,2.94907873e-19,0.0,29.99999999999999,-51.75,-2.987141537818687e-23,nan,36.6
,0.0,55.0,-46.0,-1.5707963267948963,NO_PATH,2.94907873e-19,0.0,29.99999999999999,-51.75,-2.987141537818687e-23,nan,36.620000000000005
,0.0,55.0,-46.0,-1.5707963267948963,NO_PATH,4.27166093e-19,0.0,29.99999999999999,-51.75,-2.987141537818687e-23,nan,36.64
,0.0,55.0,-46.0,-1.5707963267948963,NO_PATH,4.03988589e-19,0.0,29.99999999999999,-51.75,-2.987141537818687e-23,nan,36.660000000000004
,0.0,55.0,-46.0,-1.5707963267948963,NO_PATH,7.35236975e-19,0.0,29.99999999999999,-51.75,-2.987141537818687e-23,nan,36.68
,0.0,55.0,-46.0,-1.5707963267948963,NO_PATH,-1.26819635e-19,0.0,29.99999999999999,-51.75,-2.987141537818687e-23,nan,36.7
,0.0,55.0,-46.0,-1.5707963267948963,NO_PATH,1.14093718e-18,0.0,29.99999999999999,-51.75,-2.987141537818687e-23,nan,36.72
,0.0,55.0,-46.0,-1.5707963267948963,NO_PATH,1.14093718e-18,0.0,29.99999999999999,-51.75,-2.987141537818687e-23,nan,36.74
,0.0,55.0,-46.0,-1.5707963267948963,NO_PATH,4.57728429e-19,0.0,29.99999999999999,-51.75,-2.987141537818687e-23,nan,36.760000000000005
,0.0,55.0,-46.0,-1.5707963267948963,NO_PATH,7.86497531e-19,0.0,29.99999999999999,-51.75,-2.987141537818687e-23,nan,36.78
,0.0,55.0,-46.0,-1.5707963267948963,NO_PATH,7.86497531e-19,0.0,29.99999999999999,-51.75,-2.987141537818687e-23,nan,36.800000000000004
,0.0,55.0,-46.0,-1.5707963267948963,NO_PATH,8.78029359e-19,0.0,29.99999999999999,-51.75,-2.987141537818687e-23,nan,36.822
,0.0,55.0,-46.0,-1.5707963267948963,NO_PATH,5.64625656e-19,0.0,29.99999999999999,-51.75,-2.987141537818687e-23,nan,36.84
,0.0,55.0,-46.0,-1.5707963267948963,NO_PATH,9.20441479e-19,0.0,29.99999999999999,-51.75,-2.987141537818687e-23,nan,36.86
,0.0,55.0,-46.0,-1.5707963267948963,NO_PATH,9.20441479e-19,0.0,29.99999999999999,-51.75,-2.987141537818687e-23,nan,36.88
,0.0,55.0,-46.0,-1.5707963267948963,NO_PATH,9.53698462e-19,0.0,29.99999999999999,-51.75,-2.987141537818687e-23,nan,36.900000000000006
,0.0,55.0,-46.0,-1.5707963267948963,NO_PATH,7.41757793e-19,0.0,29.99999999999999,-51.75,-2.987141537818687e-23,nan,36.921
,0.0,55.0,-46.0,-1.5707963267948963,NO_PATH,7.41757793e-19,0.0,29.99999999999999,-51.75,-2.987141537818687e-23,nan,36.940000000000005
,0.0,55.0,-46.0,-1.5707963267948963,NO_PATH,-4.62936196e-19,0.0,29.99999999999999,-51.75,-2.987141537818687e-23,nan,36.96
,0.0,55.0,-46.0,-1.5707963267948963,NO_PATH,4.7719169e-19,0.0,29.99999999999999,-51.75,-2.987141537818687e-23,nan,36.980000000000004
,0.0,55.0,-46.0,-1.5707963267948963,NO_PATH,4.7719169e-19,0.0,29.99999999999999,-51.75,-2.987141537818687e-23,nan,37.0
,0.0,55.0,-46.0,-1.5707963267948963,NO_PATH,3.96918548e-19,0.0,29.99999999999999,-51.75,-2.987141537818687e-23,nan,37.02
,0.0,55.0,-46.0,-1.5707963267948963,NO_PATH,6.65930807e-19,0.0,29.99999999999999,-51.75,-2.987141537818687e-23,nan,37.04
,0.0,55.0,-46.0,-1.5707963267948963,NO_PATH,1.3273205e-18,0.0,29.99999999999999,-51.75,-2.987141537818687e-23,nan,37.06
,0.0,55.0,-46.0,-1.5707963267948963,NO_PATH,1.3273205e-18,0.0,29.99999999999999,-51.75,-2.987141537818687e-23,nan,37.080000000000005
,0.0,55.0,-46.0,-1.5707963267948963,NO_PATH,9.54679592e-19,0.0,29.99999999999999,-51.75,-2.987141537818687e-23,nan,37.1
CRUISE,0.0,55.0,-46.0,-1.5707963267948963,NO_PATH,2.75516948e-19,0.0,29.99999999999999,-51.75,-2.987141537818687e-23,nan,37.120000000000005
CRUISE,0.0,55.0,-46.0,-1.5707963267948963,TRACKING,1.08917551e-18,0.0,29.99999999999999,-51.75,-2.987141537818687e-23,nan,37.14
CRUISE,0.0,55.0,-46.0,-1.5707963267948963,TRACKING,3.79634969e-19,0.021749236156054508,30.000284985487344,-51.75,2.2897131817658934e-13,nan,37.160000000000004
CRUISE,0.0,55.0,-46.0,-1.5707963267948963,TRACKING,0.0284999998,0.05174923615562932,30.001169970210466,-51.75,1.1082633100127285e-12,nan,37.18
CRUISE,0.0,55.0,-46.0,-1.5707963267948963,TRACKING,0.0284999998,0.08174923615626994,30.00265495493359,-51.75,2.583694553596665e-12,nan,37.2
CRUISE,0.0,55.0,-46.0,-1.5707963267948963,TRACKING,0.0884999998,0.11174923615620003,30.00473993965671,-51.75,4.6552642516271545e-12,nan,37.22
CRUISE,0.0,55.0,-46.0,-1.5707963267948963,TRACKING,0.1185,0.14174923615577484,30.00742492437983,-51.75,7.322972429279436e-12,nan,37.24
CRUISE,0.0,55.0,-46.0,-1.5707963267948963,TRACKING,0.1485,0.17174923615641546,30.010709909102957,-51.75,1.0586820464536317e-11,nan,37.260000000000005
CRUISE,0.0,55.0,-46.0,-1.5707963267948963,TRACKING,0.1785,0.20174923615634555,30.014594893826075,-51.74999999999987,1.4446812244902831e-11,nan,37.28
CRUISE,0.0,55.0,-46.0,-1.5707963267948963,TRACKING,0.1785,0.23174923615556509,30.019079878549192,-51.74999999999973,1.8902956576302253e-11,nan,37.300000000000004
CRUISE,0.0,55.0,-46.0,-1.5707963267948963,TRACKING,0.2085,0.2617492361562057,30.02416486327232,-51.74999999999959,2.3955266092891004e-11,nan,37.32
CRUISE,0.0,55.0,-46.0,-1.5707963267948963,TRACKING,0.2685,0.29174923615649107,30.02984984799544,-51.74999999999941,2.960376073210381e-11,nan,37.34
CRUISE,0.0,55.0,-46.0,-1.5707963267948963,TRACKING,0.2685,0.3217492361557106,30.03613483271856,-51.749999999999126,3.5848469596233665e-11,nan,37.36
CRUISE,0.0,55.0,-46.0,-1.5707963267948963,TRACKING,0.3285,0.35174923615599596,30.043019817441685,-51.74999999999882,4.268943184749479e-11,nan,37.38
CRUISE,0.0,55.0,-46.0,-1.5707963267948963,TRACKING,0.3585,0.3817492361566366,30.050504802164806,-51.749999999998394,5.0126698864592446e-11,nan,37.400000000000006
CRUISE,0.0,55.0,-46.0,-1.5707963267948963,TRACKING,0.3885,0.41174923615550085,30.05858978688792,-51.74999999999789,5.8160338543323385e-11,nan,37.421
CRUISE,0.0,55.0,-46.0,-1.5707963267948963,TRACKING,0.4185,0.4417492361561415,30.06727477161105,-51.74999999999728,6.679043689930273e-11,nan,37.440000000000005
CRUISE,0.0,55.0,-46.0,-1.5707963267948963,TRACKING,0.4485,0.4717492361567821,30.076559756334174,-51.74999999999654,7.601709800088434e-11,nan,37.46
CRUISE,0.0,55.0,-46.0,-1.5707963267948963,TRACKING,0.4785,0.5017492361556464,30.086444741057292,-51.74999999999566,8.584045062640897e-11,nan,37.480000000000004
CRUISE,0.0,55.0,-46.0,-1.5707963267948963,TRACKING,0.4785,0.5317492361559317,30.096929725780416,-51.749999999994614,9.626064938113549e-11,nan,37.5
CRUISE,0.0,55.0,-46.0,-1.5707963267948963,TRACKING,0.5085,0.5617492361565724,30.10801471050354,-51.7499999999934,1.0727788131797618e-10,nan,37.523
CRUISE,0.0,55.0,-46.0,-1.5707963267948963,TRACKING,0.5685,0.5857492361567296,30.119594698282036,-51.749999999992006,1.1878799432451984e-10,nan,37.54
CRUISE,0.0,55.0,-46.0,-1.5707963267948963,TRACKING,0.5685,0.6157492361555938,30.13175968300515,-51.749999999990386,1.3088067143074975e-10,nan,37.56
CRUISE,0.0,55.0,-46.0,-1.5707963267948963,TRACKING,0.6225,0.6457492361562345,30.14452466772828,-51.74999999998854,1.4357111370341701e-10,nan,37.580000000000005
CRUISE,0.0,55.0,-46.0,-1.5707963267948963,TRACKING,0.6225,0.6757492361565198,30.157889652451402,-51.749999999986436,1.5685964497735258e-10,nan,37.6
CRUISE,0.0,55.0,-46.0,-1.5707963267948963,TRACKING,0.6525,0.7057492361557394,30.17185463717452,-51.74999999998405,1.7074663799824021e-10,nan,37.620000000000005
CRUISE,0.0,55.0,-46.0,-1.5707963267948963,TRACKING,0.7125,0.7357492361560247,30.186419621897645,-51.749999999981355,1.8523250973693835e-10,nan,37.64
CRUISE,0.0,55.0,-46.0,-1.5707963267948963,TRACKING,0.7425,0.7657492361563101,30.201584606620766,-51.749999999978336,2.0031772360986692e-10,nan,37.660000000000004
CRUISE,0.0,55.0,-46.0,-1.5707963267948963,TRACKING,0.7425,0.7957492361558849,30.217349591343886,-51.749999999974946,2.1600279867997418e-10,nan,37.68
CRUISE,0.0,55.0,-46.0,-1.5707963267948963,TRACKING,0.7725,0.825749236155815,30.233714576067012,-51.74999999997118,2.3228829869985735e-10,nan,37.701
CRUISE,0.0,55.0,-46.0,-1.5707963267948963,TRACKING,0.8325,0.8557492361564556,30.250679560790136,-51.749999999967,2.491748447268105e-10,nan,37.722
CRUISE,0.0,55.0,-46.0,-1.5707963267948963,TRACKING,0.8325,0.8857492361560304,30.268244545513255,-51.74999999996238,2.666631107748387e-10,nan,37.74
CRUISE,0.0,55.0,-46.0,-1.5707963267948963,TRACKING,0.8625,0.9157492361559605,30.286409530236376,-51.74999999995728,2.847538196592278e-10,nan,37.760000000000005
CRUISE,0.0,55.0,-46.0,-1.5707963267948963,TRACKING,0.9225,0.9457492361562458,30.3051745149595,-51.749999999951676,3.0344775019847654e-10,nan,37.78
CRUISE,0.0,55.0,-46.0,-1.5707963267948963,TRACKING,0.9225,0.9757492361561759,30.32453949968262,-51.74999999994552,3.227457206614722e-10,nan,37.800000000000004
CRUISE,0.0,55.0,-46.0,-1.5707963267948963,TRACKING,0.9525,1.0057492361557507,30.344504484405736,-51.7499999999388,3.4264859769130853e-10,nan,37.82
CRUISE,0.0,55.0,-46.0,-1.5707963267948963,TRACKING,0.9825,1.0357492361563914,30.365069469128862,-51.749999999931475,3.631572888932125e-10,nan,37.84
CRUISE,0.0,55.0,-46.0,-1.5707963267948963,TRACKING,1.0125,1.0657492361563214,30.386234453851984,-51.74999999992351,3.842727274083394e-10,nan,37.86
CRUISE,0.0,55.0,-46.0,-1.5707963267948963,TRACKING,1.0425,1.095749236155541,30.4079994385751,-51.74999999991487,4.059958745048083e-10,nan,37.88
CRUISE,0.0,55.0,-46.0,-1.5707963267948963,TRACKING,1.1025,1.1257492361561816,30.430364423298226,-51.74999999990551,4.2832770762691963e-10,nan,37.900000000000006
CRUISE,0.0,55.0,-46.0,-1.5707963267948963,TRACKING,1.1025,1.155749236156467,30.453329408021347,-51.74999999989539,4.512691954089796e-10,nan,37.92
CRUISE,0.0,55.0,-46.0,-1.5707963267948963,TRACKING,1.1625,1.1857492361553312,30.476894392744462,-51.749999999884466,4.748213117430676e-10,nan,37.940000000000005
CRUISE,0.0,55.0,-46.0,-1.5707963267948963,TRACKING,1.1625,1.2157492361563271,30.50105937746759,-51.74999999987271,4.989849952486146e-10,nan,37.96
CRUISE,0.0,55.0,-46.0,-1.5707963267948963,TRACKING,1.2225,1.2457492361566125,30.52582436219071,-51.74999999986008,5.237611391773106e-10,nan,37.980000000000004
CRUISE,0.0,55.0,-46.0,-1.5707963267948963,TRACKING,1.2225,1.2757492361554768,30.551189346913823,-51.74999999984651,5.491505878368465e-10,nan,38.001000000000005
CRUISE,0.0,55.0,-46.0,-1.5707963267948963,TRACKING,1.2825,1.305749236155762,30.577154331636947,-51.74999999983198,5.75154094534646e-10,nan,38.02
CRUISE,0.0,55.0,-46.0,-1.5707963267948963,TRACKING,1.2825,1.335749236156758,30.60371931636007,-51.74999999981644,6.01772322403257e-10,nan,38.041000000000004
CRUISE,0.0,55.0,-46.0,-1.5707963267948963,TRACKING,1.3125,1.3657492361556223,30.63088430108319,-51.749999999799826,6.290057970698052e-10,nan,38.06
CRUISE,0.0,55.0,-46.0,-1.5707963267948963,TRACKING,1.3725,1.395749236156263,30.65864928580632,-51.74999999978211,6.568549103524947e-10,nan,38.080000000000005
CRUISE,0.0,55.0,-46.0,-1.5707963267948963,TRACKING,1.3725,1.4257492361565482,30.687014270529442,-51.74999999976323,6.853198837273314e-10,nan,38.1
CRUISE,4.3425965414934356e-89,55.0,-46.0,-1.5393804002589995,TRACKING,1.4025,1.4557492361557678,30.71597925525256,-51.74999999974314,7.144007405969136e-10,nan,38.120000000000005
CRUISE,0.23893487150427772,55.00035871867986,-46.00236226758435,-1.4203768705432533,TRACKING,1.4625,1.4857492361556979,30.745544239975683,-51.74999999972178,7.440972915814472e-10,nan,38.141000000000005
CRUISE,0.23893487150427772,55.00035871867986,-46.00236226758435,-1.4203768705432533,TRACKING,1.4925,1.5157492361566938,30.775709224698808,-51.7499999996991,7.744091106924e-10,nan,38.160000000000004
CRUISE,1.1946743575242544,55.00734600372861,-46.04963553644682,-1.4279166929565228,TRACKING,1.5225,1.5457492361559133,30.80647420942193,-51.74999999967501,8.053355098281861e-10,nan,38.18
CRUISE,1.1946743575242544,55.00734600372861,-46.04963553644682,-1.4279166929565228,TRACKING,1.5225,1.5757492361554881,30.83783919414505,-51.7499999996495,8.368755235593893e-10,nan,38.2
CRUISE,1.1874562592142288,55.01068098041728,-46.073193051380365,-1.4330997180908618,TRACKING,1.5825,1.6057492361561287,30.869804178868172,-51.749999999622524,8.690278996909654e-10,nan,38.22
CRUISE,1.1874562592152074,55.013876130906986,-46.09672622773531,-1.4388883634799312,TRACKING,1.5825,1.6357492361560588,30.90236916359129,-51.74999999959398,9.017910878173261e-10,nan,38.24
CRUISE,1.1888641903681587,55.016937587659896,-46.12029136883186,-1.4445089041519672,TRACKING,1.6125,1.665749236155989,30.935534148314414,-51.749999999563826,9.351632332979292e-10,nan,38.260000000000005
CRUISE,1.1890206271836776,55.022678751411924,-46.167504174570844,-1.4553390628544032,TRACKING,1.6725,1.6957492361566295,30.96929913303754,-51.74999999953199,9.691421577630238e-10,nan,38.28
CRUISE,1.1890206271836776,55.022678751411924,-46.167504174570844,-1.4553390628544032,TRACKING,1.6725,1.7257492361562043,31.00366411776066,-51.749999999498414,1.0037254105272443e-09,nan,38.300000000000004
CRUISE,1.1905110597555246,55.02793137669072,-46.21483234128431,-1.4654253621711741,TRACKING,1.7025,1.7557492361557792,31.03862910248378,-51.74999999946302,1.0389102338266766e-09,nan,38.321000000000005
CRUISE,1.1924339523909924,55.030382929584896,-46.238537259868856,-1.4701622693385064,TRACKING,1.7625,1.7857492361560645,31.074194087206905,-51.74999999942574,1.0746936195566164e-09,nan,38.34
CRUISE,1.1924339523909924,55.030382929584896,-46.238537259868856,-1.4701622693385064,TRACKING,1.7625,1.8157492361563499,31.110359071930024,-51.74999999938653,1.1110723285866153e-09,nan,38.36
CRUISE,1.1924339523915208,55.03272821003073,-46.26227032113502,-1.4746564171885317,TRACKING,1.7925,1.8457492361555694,31.147124056653144,-51.74999999934531,1.1480429234518035e-09,nan,38.38
CRUISE,1.1934760996625464,55.03710464503759,-46.30978830485587,-1.4833073724183674,TRACKING,1.8525,1.87574923615621,31.18448904137627,-51.749999999302005,1.185601848245843e-09,nan,38.400000000000006
CRUISE,1.1934760996625464,55.03710464503759,-46.30978830485587,-1.4833073724183674,TRACKING,1.8525,1.9057492361564954,31.222454026099392,-51.749999999256545,1.223745439600637e-09,nan,38.42
CRUISE,1.194803015031308,55.041085470893194,-46.357376929792586,-1.4913838296158854,TRACKING,1.9125,1.935749236155715,31.261019010822512,-51.74999999920885,1.2624700398479136e-09,nan,38.441
CRUISE,1.194803015031308,55.041085470893194,-46.357376929792586,-1.4913838296158854,TRACKING,1.9125,1.9657492361563556,31.30018399554564,-51.74999999915886,1.3017720394664734e-09,nan,38.46
CRUISE,1.1950903896535838,55.04470406084573,-46.40503463398417,-1.498778524264688,TRACKING,1.9725,1.995749236156641,31.339948980268762,-51.74999999910649,1.3416480122567088e-09,nan,38.480000000000004
CRUISE,1.1950903896535838,55.04470406084573,-46.40503463398417,-1.498778524264688,TRACKING,2.0025,2.025749236155505,31.380313964991878,-51.749999999051674,1.3820947490335271e-09,nan,38.5
CRUISE,1.1955214516531438,55.04638538619653,-46.42888586442823,-1.502235434992204,TRACKING,2.0025,2.055749236156146,31.421278949715006,-51.74999999899432,1.4231093901563734e-09,nan,38.524
CRUISE,1.1964351696016386,55.04950422740585,-46.47661947178548,-1.5088509108578616,TRACKING,2.0625,2.0857492361567864,31.46284393443813,-51.74999999893436,1.464689507358833e-09,nan,38.541000000000004
CRUISE,1.1964351696016386,55.04950422740585,-46.47661947178548,-1.5088509108578616,TRACKING,2.0925,2.1157492361556507,31.505008919161245,-51.749999998871736,1.5068332425270134e-09,nan,38.56
CRUISE,1.1964351696021798,55.05095056526737,-46.50050441474404,-1.5119348895986624,TRACKING,2.1225,2.145749236155936,31.54777390388437,-51.7499999988063,1.5495393337165055e-09,nan,38.580000000000005
CRUISE,1.1967293774809578,55.05232359853334,-46.52439663091437,-1.51495285539652,TRACKING,2.1225,2.1757492361565767,31.591138888607492,-51.74999999873807,1.592807277253499e-09,nan,38.6
CRUISE,1.1969255160932153,55.05362719722909,-46.54829961223811,-1.517816790994173,TRACKING,2.1825,2.205749236155796,31.63510387333061,-51.749999998666944,1.6366373799526732e-09,nan,38.620000000000005
CRUISE,1.196925516093631,55.054862334073185,-46.57220622895188,-1.5206807265918247,TRACKING,2.2125,2.235749230021611,31.679668857992393,-51.749999998592536,1.6808169442935263e-09,nan,38.64
CRUISE,1.197356747646643,55.05603105040146,-46.596123525525606,-1.523367425024013,TRACKING,2.2425,2.2657492132815094,31.72483384232831,-51.74999999851357,1.724425930774569e-09,nan,38.660000000000004
CRUISE,1.1973567476456377,55.05713623856055,-46.62004513699846,-1.5260228463093524,TRACKING,2.2725,2.2957492077210873,31.77059882649613,-51.74999999843077,1.7680174321581806e-09,nan,38.68
CRUISE,1.1979080011357528,55.05916381562967,-46.66791242334686,-1.5309086090126205,TRACKING,2.3025,2.325749213984807,31.816963810729398,-51.74999999834516,1.812409674263674e-09,nan,38.701
YIELD,1.1979080011357528,55.05916381562967,-46.66791242334686,-1.5309086090126205,TRACKING,2.3025,2.355749232198434,31.863928795268247,-51.74999999825777,1.8584447399497997e-09,nan,38.72
YIELD,1.1979677335672319,55.06009236929334,-46.69185317471346,-1.533253355866393,TRACKING,2.3625,2.3857492361560872,31.911493779991368,-51.7499999981679,1.905705633560795e-09,nan,38.74
YIELD,1.198206663332057,55.06096696388622,-46.71580133830012,-1.5354404595993192,TRACKING,2.3625,2.415749236155662,31.959658764714487,-51.74999999807461,1.9535566240446115e-09,nan,38.760000000000005
YIELD,1.198582238255309,55.06256029965801,-46.763707961824345,-1.539657035215405,TRACKING,2.4225,2.445749236155592,32.008423749437604,-51.749999997977795,2.0020051019620305e-09,nan,38.78
YIELD,1.198582238255309,55.06256029965801,-46.763707961824345,-1.539657035215405,TRACKING,2.4225,2.4757492361558775,32.05778873416073,-51.7499999978774,2.0510589522132547e-09,nan,38.800000000000004
YIELD,1.1985822382550348,55.063284507199,-46.787668660803185,-1.541601628410229,TRACKING,2.4525,2.505749236156163,32.10775371888385,-51.74999999777335,2.1007264414163155e-09,nan,38.82
YIELD,1.1986428933322153,55.0639621621187,-46.81163132838053,-1.543524619658178,TRACKING,2.5125,2.5357492361557377,32.158318703606966,-51.74999999766554,2.1510159247422797e-09,nan,38.84
YIELD,1.1987844218676214,55.06518556280784,-46.8595670702816,-1.5471257800895097,TRACKING,2.5425,2.565749236156023,32.20948368833009,-51.74999999755392,2.201935646737105e-09,nan,38.86
YIELD,1.1987844218676214,55.06518556280784,-46.8595670702816,-1.5471257800895097,TRACKING,2.5725,2.5957492361563084,32.26124867305321,-51.749999997438394,2.2534934807684107e-09,nan,38.88
YIELD,1.1990417830778664,55.06573354656718,-46.88353983940763,-1.5487950860364537,TRACKING,2.5725,2.625749236155883,32.31361365777633,-51.749999997318874,2.3056965919357825e-09,nan,38.900000000000006
YIELD,1.1990833642554124,55.066713967967324,-46.93149188442127,-1.5519743036741778,TRACKING,2.6025,2.6557492361561685,32.366578642499455,-51.749999997195275,2.3585512026016247e-09,nan,38.924
YIELD,1.1991803870186704,55.067148521082814,-46.955471552878464,-1.5534527770312971,TRACKING,2.6625,2.685749236156454,32.42014362722258,-51.74999999706752,2.41206230158176e-09,nan,38.940000000000005
YIELD,1.1991803870186704,55.067148521082814,-46.955471552878464,-1.5534527770312971,TRACKING,2.6625,2.7157492361560287,32.4743086119457,-51.74999999693549,2.4662333269117198e-09,nan,38.96
YIELD,1.1991803870195001,55.06754762043534,-46.97945183760226,-1.554931250388416,TRACKING,2.6925,2.745749236156314,32.52907359666883,-51.7499999967991,2.5210660125331154e-09,nan,38.980000000000004
YIELD,1.1993565052198687,55.068244870146856,-47.02741978368843,-1.55761024091994,TRACKING,2.7525,2.7757492100853653,32.584438581078594,-51.74999999665968,2.577652689044845e-09,nan,39.0
YIELD,1.1993565052198687,55.068244870146856,-47.02741978368843,-1.55761024091994,TRACKING,2.7825,2.805749130809687,32.64040356417082,-51.749999996517985,2.6366840567659512e-09,nan,39.02
YIELD,1.199432230879876,55.06854640983566,-47.051405774092565,-1.5588801803314298,TRACKING,2.8125,2.835749080779948,32.69696854595685,-51.74999999637179,2.6966249587737563e-09,nan,39.04
YIELD,1.1994511622976862,55.0688184749933,-47.07539325305197,-1.5600900062633043,TRACKING,2.8125,2.865749096213932,32.754133527720285,-51.749999996220595,2.7572057132522326e-09,nan,39.06
YIELD,1.199570361968501,55.06927684073189,-47.12337124501526,-1.5623841805186842,TRACKING,2.8725,2.895749178425433,32.811898510796865,-51.74999999606396,2.818143838306229e-09,nan,39.080000000000005
YIELD,1.199570361968501,55.06927684073189,-47.12337124501526,-1.5623841805186842,TRACKING,2.8725,2.925749232786501,32.870263495243,-51.7499999958996,2.877833258451941e-09,nan,39.1
YIELD,1.1995703619681535,55.06946645971207,-47.14736190176215,-1.5634545868857068,TRACKING,2.9325,2.95574923615618,32.92922847996613,-51.74999999572874,2.9371736312932886e-09,nan,39.120000000000005
YIELD,1.199627428031759,55.06963057993713,-47.171353317236864,-1.5644880293539483,TRACKING,2.9325,2.9857492361564653,32.98879346468925,-51.74999999555259,2.9971169790837286e-09,nan,39.14
YIELD,1.1996393095758537,55.06988704812533,-47.21933803020837,-1.5664606667384693,TRACKING,2.9925,3.01574923615604,33.048958449412375,-51.749999995371034,3.0576490158329414e-09,nan,39.161
YIELD,1.1996393095758537,55.06988704812533,-47.21933803020837,-1.5664606667384693,TRACKING,2.9925,3.0457492361563254,33.1097234341355,-51.74999999518389,3.1187551252909473e-09,nan,39.18
YIELD,1.1996891774096883,55.0699807004767,-47.24333163015769,-1.5673711040091673,TRACKING,3.0525,3.0757492361566108,33.17108841885862,-51.74999999499109,3.1804210363427315e-09,nan,39.2
YIELD,1.1996891774110254,55.07005250812462,-47.2673253054275,-1.5682815412798605,TRACKING,3.0825,3.105749236155475,33.233053403581735,-51.74999999479251,3.2426333572018656e-09,nan,39.220000000000006
YIELD,1.1997593806950608,55.070102984617364,-47.29131994782893,-1.5691208735069915,TRACKING,3.0825,3.1357492361557604,33.29561838830486,-51.74999999458801,3.3053802850649555e-09,nan,39.24
YIELD,1.1997593806940907,55.070134057343125,-47.31531511468397,-1.569921918402969,TRACKING,3.1425,3.1657492361567563,33.35878337302798,-51.74999999437746,3.368652181986017e-09,nan,39.260000000000005
YIELD,1.1997780575695143,55.070145947764495,-47.33931048549372,-1.5707067633381682,TRACKING,3.1425,3.1957492361556206,33.4225483577511,-51.74999999416075,3.4324421600212253e-09,nan,39.28
YIELD,1.1997967344477383,55.070139705151675,-47.36330641883004,-1.5714430083910254,TRACKING,3.1725,3.225749215981466,33.48691334227135,-51.74999999393683,3.4960392742917965e-09,nan,39.300000000000004
YIELD,1.1997967344471943,55.07011579565495,-47.38730234106668,-1.5721792534438823,TRACKING,3.2325,3.25574906897117,33.551878324520054,-51.74999999370346,3.5577960152237672e-09,nan,39.32
YIELD,1.1998436217526691,55.070074787927176,-47.411298943588314,-1.5728476415248929,TRACKING,3.2325,3.2857489582355015,33.61744330412819,-51.749999993463135,3.619563040897034e-09,nan,39.34
YIELD,1.1998436217535104,55.07001820203442,-47.43529574889109,-1.5734934106152876,TRACKING,3.2625,3.3157489390816863,33.68360828288737,-51.74999999321627,3.681706621015799e-09,nan,39.36
YIELD,1.199868477521407,55.06994626351925,-47.4592927616702,-1.5741124087438176,TRACKING,3.2925,3.345749015711874,33.75037326269777,-51.749999992963254,3.744613507962277e-09,nan,39.38
YIELD,1.1998684775210222,55.06985993581298,-47.48328997559343,-1.5747046359104855,TRACKING,3.3225,3.375749181381593,33.8177382454119,-51.74999999270459,3.808750328941308e-09,nan,39.400000000000006
YIELD,1.1998684775222828,55.06975939632068,-47.507287134182754,-1.5752968630771522,TRACKING,3.3825,3.4057492361554864,33.88570323005237,-51.74999999244258,3.875987609245384e-09,nan,39.42
YIELD,1.1998897605081569,55.06951801901332,-47.555282115287056,-1.5763812550298013,TRACKING,3.3825,3.4357492361564823,33.954268214775496,-51.74999999217401,3.944104494460173e-09,nan,39.440000000000005
YIELD,1.1998897605081569,55.06951801901332,-47.555282115287056,-1.5763812550298013,TRACKING,3.4425,3.465749236156057,34.02343319949861,-51.74999999189839,4.01283459186192e-09,nan,39.46
YIELD,1.1999165585065188,55.0693780020675,-47.57927976974925,-1.576888209558492,TRACKING,3.4425,3.495749236155632,34.093198184221734,-51.74999999161562,4.082199853771906e-09,nan,39.480000000000004
YIELD,1.1999165585059017,55.069226430901416,-47.60327762203814,-1.577359922639549,TRACKING,3.4725,3.525749236156628,34.16356316894486,-51.74999999132559,4.152221417589534e-09,nan,39.5
YIELD,1.1999165585063698,55.06906353965178,-47.62727540015902,-1.5778316357206053,TRACKING,3.5025,3.5557492361562026,34.23452815366798,-51.74999999102819,4.222918363838473e-09,nan,39.52
YIELD,1.1999307755528894,55.06888980575365,-47.65127338661919,-1.5782612870929218,TRACKING,3.5625,3.5857492361557775,34.306093138391105,-51.74999999072332,4.2943065387528694e-09,nan,39.54
YIELD,1.1999483277742296,55.06851188019195,-47.699269426807966,-1.5790709109214356,TRACKING,3.5625,3.6157492361567733,34.378258123114236,-51.749999990410856,4.36639748847615e-09,nan,39.56
YIELD,1.1999483277752392,55.06830906957798,-47.723267536254134,-1.579442116510083,TRACKING,3.6225,3.6457491199350045,34.45102310647869,-51.7499999900936,4.4414108036451584e-09,nan,39.580000000000005
YIELD,1.1999546525410925,55.06809739303321,-47.747265632391745,-1.5798014175929047,TRACKING,3.6225,3.675748904657894,34.52438808551315,-51.749999989770274,4.518626193646385e-09,nan,39.6
YIELD,1.1999546525410925,55.06809739303321,-47.747265632391745,-1.5798014175929047,TRACKING,3.6825,3.705748804622999,34.59835306195415,-51.74999998943932,4.597034142905843e-09,nan,39.620000000000005
YIELD,1.1999573631553946,55.06787743775316,-47.77126377156101,-1.580138610307767,TRACKING,3.7125,3.7357488296130725,34.672918038261805,-51.74999998909988,4.676136603195579e-09,nan,39.64
YIELD,1.1999573631539664,55.06764939048809,-47.79526183519865,-1.5804758030226285,TRACKING,3.7425,3.765748982272754,34.74808301698563,-51.74999998875111,4.755412735843198e-09,nan,39.660000000000004
YIELD,1.1999651117005357,55.06741361650344,-47.81925997916633,-1.5807808209178127,TRACKING,3.7425,3.795749214331323,34.82384800018057,-51.74999998839159,4.83386421818028e-09,nan,39.68
YIELD,1.1999651117003955,55.06717052266648,-47.84325805010238,-1.5810858388129956,TRACKING,3.8025,3.825749236156639,34.90021298490369,-51.749999988020306,4.910717526556037e-09,nan,39.7
YIELD,1.199974638072997,55.06692025624364,-47.867256152119914,-1.5813661307557436,TRACKING,3.8025,3.8557492361555035,34.97717796962681,-51.74999998764016,4.988164741324498e-09,nan,39.723
YIELD,1.199974638073758,55.06666362656181,-47.89125427268749,-1.581626192373772,TRACKING,3.8325,3.8857492361564994,35.05474295434994,-51.74999998725097,5.06617538819013e-09,nan,39.74
YIELD,1.1999795752353781,55.066132084759715,-47.93925043299322,-1.5821142975875582,TRACKING,3.8925,3.9157492361567847,35.132907939073064,-51.74999998685255,5.144720145293195e-09,nan,39.760000000000005
YIELD,1.1999795752353781,55.066132084759715,-47.93925043299322,-1.5821142975875582,TRACKING,3.8925,3.945749236155649,35.211672923796186,-51.74999998644475,5.223772745562469e-09,nan,39.78
YIELD,1.1999795752356024,55.065857803569806,-47.963248457070506,-1.582347677520359,TRACKING,3.9525,3.9757492361559343,35.291037908519314,-51.74999998602738,5.303312014496585e-09,nan,39.800000000000004
YIELD,1.1999855256653473,55.06557812229769,-47.98724650214466,-1.5825552166555577,TRACKING,3.9825,4.005749171414408,35.37100289257443,-51.74999998559853,5.381982870120148e-09,nan,39.82
YIELD,1.1999870426401165,55.065004534516206,-48.03524251075818,-1.582942695702798,TRACKING,3.9825,4.034248873105639,35.45154537242679,-51.749999985157146,5.458857860165668e-09,nan,39.84
YIELD,1.1999870426401165,55.065004534516206,-48.03524251075818,-1.582942695702798,TRACKING,4.0125,4.064248701037343,35.532680347121115,-51.74999998470485,5.535223629868086e-09,nan,39.86
YIELD,1.1999885596170499,55.064711040599896,-48.05924048728007,-1.5831173603381552,TRACKING,4.071,4.094248684856439,35.61441532069801,-51.7499999842426,5.611878889685163e-09,nan,39.88
YIELD,1.1999885596173636,55.06441335509027,-48.083238412172896,-1.5832920249735118,TRACKING,4.071,4.124248830529353,35.69675029637872,-51.74999998377112,5.689479241935022e-09,nan,39.900000000000006
YIELD,1.1999921969910492,55.063806493421474,-48.13123424525461,-1.5835881285519382,TRACKING,4.101,4.154249130929344,35.77968527731568,-51.749999983291126,5.768692649508295e-09,nan,39.921
YIELD,1.1999921969910492,55.063806493421474,-48.13123424525461,-1.5835881285519382,TRACKING,4.131,4.184249236156035,35.8632202619715,-51.749999982804916,5.851447775131313e-09,nan,39.940000000000005
YIELD,1.1999940144509476,55.06349792688572,-48.15523212728255,-1.5837216317852036,TRACKING,4.161,4.21424923615632,35.94735524669461,-51.74999998230855,5.935039943682695e-09,nan,39.96
YIELD,1.1999940144502983,55.063186289617,-48.17922998417301,-1.5838479705379467,TRACKING,4.191,4.244249236155895,36.03209023141774,-51.7499999818016,6.019274359129463e-09,nan,39.980000000000004
YIELD,1.199994308269931,55.062871621448345,-48.20322780445115,-1.5839726498751847,TRACKING,4.251,4.27424923615618,36.117425216140866,-51.749999981283956,6.104189013630945e-09,nan,40.001000000000005
YIELD,1.1999954835488118,55.062554149060446,-48.227225614245405,-1.5840823944728952,TRACKING,4.251,4.30403932778276,36.20335810178025,-51.74999998075551,6.189815023542418e-09,nan,40.021
YIELD,1.1999954835493516,55.06223404304449,-48.25122338905428,-1.5841921390706033,TRACKING,4.281,4.329359275097033,36.28979768842104,-51.74999998021704,6.276326861800165e-09,nan,40.04
YIELD,1.1999971968981418,55.06191144975198,-48.27522115626282,-1.5842844185180043,TRACKING,4.3092,4.356599134290207,36.376784171527056,-51.749999979671415,6.366300759103809e-09,nan,40.06
YIELD,1.1999976037199112,55.06126000476733,-48.323216627303424,-1.584453928788925,TRACKING,4.3608,4.381929773045812,36.464278957925615,-51.749999979116055,6.457842051946964e-09,nan,40.080000000000005
YIELD,1.1999976037199112,55.06126000476733,-48.323216627303424,-1.584453928788925,TRACKING,4.3608,4.406546597805061,36.5522692710411,-51.74999997854995,6.5502750454435094e-09,nan,40.1
YIELD,1.199998010540969,55.06093140279063,-48.347214337831886,-1.5845267657581974,TRACKING,4.40964,4.430450668215968,36.64073766505902,-51.74999997797243,6.6431065013146675e-09,nan,40.120000000000005
YIELD,1.199998913247863,55.06026910992396,-48.39520970425948,-1.5846562864351135,TRACKING,4.433544,4.454155427981021,36.72968214862179,-51.74999997738234,6.73554459062765e-09,nan,40.14
YIELD,1.199998913247863,55.06026910992396,-48.39520970425948,-1.5846562864351135,TRACKING,4.433544,4.477369679923271,36.81909283088188,-51.749999976778234,6.826458747414789e-09,nan,40.160000000000004
YIELD,1.1999989132484283,55.05993586820558,-48.41920736886537,-1.5847101195671744,TRACKING,4.45694928,4.50010058426713,36.90896009465057,-51.749999976161654,6.916896656877746e-09,nan,40.18
YIELD,1.1999993142753043,55.05960136445108,-48.443205019924086,-1.5847584171938784,TRACKING,4.47987648,4.522315675303901,36.999274000529624,-51.74999997553375,7.0077383478365835e-09,nan,40.2
YIELD,1.1999993142752359,55.059265797919664,-48.4672026601564,-1.584801179315228,TRACKING,4.5023256,4.543265117628437,37.09000371173976,-51.749999974894585,7.098906835064335e-09,nan,40.220000000000006
YIELD,1.199999401744956,55.05892920704757,-48.491200286917994,-1.5848423901957631,TRACKING,4.52430661,4.564608017933125,37.18116207665694,-51.749999974243906,7.190375608692465e-09,nan,40.24
YIELD,1.1999996058416078,55.05859174316401,-48.515197906376706,-1.5848748107116803,TRACKING,4.54582908,4.586182519992121,37.272760420705225,-51.74999997358097,7.2817536945530524e-09,nan,40.260000000000005
YIELD,1.1999998777205045,55.0579145485137,-48.56319311689282,-1.5849303158851764,TRACKING,4.56690257,4.6065579651063615,37.36476885509046,-51.74999997290345,7.371070031546403e-09,nan,40.28
YIELD,1.1999998777205045,55.0579145485137,-48.56319311689282,-1.5849303158851764,TRACKING,4.58753644,4.626508419217146,37.45717882522599,-51.74999997221346,7.459814675760371e-09,nan,40.300000000000004
YIELD,1.1999998777198753,55.05757513826747,-48.587190714340906,-1.5849483735421104,TRACKING,4.60773986,4.64602972214152,37.549981826990646,-51.74999997150686,7.544756874942775e-09,nan,40.324000000000005
YIELD,1.199999930222599,55.057235302257816,-48.611188306288554,-1.5849639028288052,TRACKING,4.62752181,4.662639773533073,37.64309962848704,-51.749999970794846,7.633794166019336e-09,nan,40.34
YIELD,1.1999999652250581,55.05689518204943,-48.63518589543529,-1.5849735325849423,TRACKING,4.66939108,4.68450488708072,37.736708660416,-51.749999970072935,7.724950513539566e-09,nan,40.361000000000004
YIELD,1.1999999652253608,55.05655483075012,-48.659183481305654,-1.584983162341082,TRACKING,4.68450497,4.702182259467946,37.830643025846314,-51.74999996934221,7.818200036408256e-09,nan,40.38
YIELD,1.1999999985550227,55.05621433181032,-48.683181065615024,-1.5849835180564928,TRACKING,4.68450497,4.720022678659319,37.92493761727337,-51.749999968600015,7.911897508600128e-09,nan,40.400000000000006
YIELD,1.1999999715721148,55.05553347953493,-48.73117623629626,-1.5849762204922009,TRACKING,4.70268715,4.737513050168474,38.019584434199835,-51.74999996784627,8.0060182904955e-09,nan,40.421
YIELD,1.1999999715721148,55.05553347953493,-48.73117623629626,-1.5849762204922009,TRACKING,4.73784923,4.754295352289972,38.114559873916754,-51.7499999670811,8.100588125415216e-09,nan,40.440000000000005
YIELD,1.19999997157224,55.055193272745626,-48.755173824342684,-1.5849675137479284,TRACKING,4.75491549,4.771434614544745,38.20989086806209,-51.749999966304244,8.195672551801945e-09,nan,40.46
YIELD,1.199999924011171,55.054513549019894,-48.803169009258205,-1.584944571917935,TRACKING,4.7716271,4.787853604761239,38.30555316628007,-51.74999996551834,8.293225708492247e-09,nan,40.480000000000004
YIELD,1.199999924011171,55.054513549019894,-48.803169009258205,-1.584944571917935,TRACKING,4.78799012,4.803909398499684,38.40153964887324,-51.74999996472161,8.392060799238575e-09,nan,40.5
YIELD,1.199999934124891,55.05383512000803,-48.851164211641716,-1.584916596904533,TRACKING,4.78799012,4.819630319354928,38.49784355656648,-51.749999963917105,8.494641347488198e-09,nan,40.52
YIELD,1.199999934124891,55.05383512000803,-48.851164211641716,-1.584916596904533,TRACKING,4.80401181,4.835023262600657,38.594458268385964,-51.74999996309968,8.597230342991716e-09,nan,40.541000000000004
YIELD,1.199999939233904,55.053157977643814,-48.89915943262582,-1.5848907397857006,TRACKING,4.83505946,4.850095134118959,38.69137730318652,-51.749999962265484,8.696870457970356e-09,nan,40.56
YIELD,1.199999939233904,55.053157977643814,-48.89915943262582,-1.5848907397857006,TRACKING,4.83505946,4.864825178223953,38.7885940401273,-51.74999996141703,8.795274953662155e-09,nan,40.580000000000005
YIELD,1.1999999452584431,55.05281986066926,-48.923157049681535,-1.5848786576777498,TRACKING,4.86482524,4.879244004624894,38.886102225706296,-51.749999960555684,8.893391351743183e-09,nan,40.601
YIELD,1.1999999527101772,55.052144493169415,-48.97115229608164,-1.5848550048793002,TRACKING,4.87924405,4.893362035423365,38.98389577970085,-51.74999995968211,8.991724736085536e-09,nan,40.620000000000005
YIELD,1.1999999527093943,55.05180722402962,-48.995149925217085,-1.5848437751337734,TRACKING,4.89336207,4.907185545605586,39.081968748952036,-51.74999995879622,9.090213846640843e-09,nan,40.64
YIELD,1.1999999584196646,55.05147022330237,-49.01914755818048,-1.584832903404373,TRACKING,4.90718556,4.920720679263724,39.18031530449166,-51.74999995789793,9.18880930986467e-09,nan,40.660000000000004
YIELD,1.1999999584196646,55.05147022330237,-49.01914755818048,-1.584832903404373,TRACKING,4.92072068,4.933973439694483,39.27892948941719,-51.749999956985135,9.285860199036243e-09,nan,40.68
YIELD,1.199999962227533,55.051133470939696,-49.04314519476368,-1.5848228670459312,TRACKING,4.92072068,4.946949741977846,39.37780568493707,-51.749999956058915,9.382099385584134e-09,nan,40.7
YIELD,1.1999999622251087,55.05079695942594,-49.06714283472542,-1.5848128306874913,TRACKING,4.93397344,4.9596553405628185,39.4769384284765,-51.74999995511764,9.476149780586069e-09,nan,40.720000000000006
YIELD,1.1999999673953108,55.05046068222617,-49.0911404780648,-1.5848034349443278,TRACKING,4.94694973,4.972095854434855,39.576322368343334,-51.74999995416446,9.570299535288074e-09,nan,40.74
YIELD,1.1999999738691818,55.04978879616059,-49.139135774195594,-1.5847853231556095,TRACKING,4.97209585,4.984276851518388,39.67595226632452,-51.749999953203236,9.667592534071546e-09,nan,40.760000000000005
YIELD,1.1999999738691818,55.04978879616059,-49.139135774195594,-1.5847853231556095,TRACKING,4.97209585,4.996203745223227,39.775822919921346,-51.74999995223177,9.766519731374704e-09,nan,40.78
YIELD,1.1999999742194347,55.04911773687866,-49.18713108208482,-1.5847686568998078,TRACKING,4.99620375,5.007881828305472,39.875929125875984,-51.74999995124851,9.865993512461656e-09,nan,40.801
YIELD,1.1999999773639267,55.0487825004351,-49.21112874019543,-1.5847608875719525,TRACKING,4.99620375,5.0193162912748335,39.976265970174936,-51.74999995025311,9.965780032181226e-09,nan,40.821000000000005
YIELD,1.1999999773639267,55.0487825004351,-49.21112874019543,-1.5847608875719525,TRACKING,5.00788183,5.031866344979363,40.07680929195479,-51.74999994924582,1.0065912807585244e-08,nan,40.84
YIELD,1.1999999773644268,55.04844745043722,-49.235126400909856,-1.5847531182440973,TRACKING,5.01931629,5.041509614052586,40.177605753428395,-51.749999948226105,1.016648175210892e-08,nan,40.86
YIELD,1.1999999818115659,55.04811258311758,-49.25912406423195,-1.5847458721157837,TRACKING,5.03219161,5.0522432882111445,40.27860674138488,-51.74999994719635,1.026897052949399e-08,nan,40.88
YIELD,1.199999982531354,55.04744335248436,-49.30711939797566,-1.5847320146908301,TRACKING,5.05224329,5.062719472549304,40.37981928692332,-51.74999994615745,1.0374332839331961e-08,nan,40.900000000000006
YIELD,1.199999982531354,55.04744335248436,-49.30711939797566,-1.5847320146908301,TRACKING,5.05224329,5.0730092923714665,40.481238933582794,-51.74999994510564,1.0479866851782981e-08,nan,40.921
YIELD,1.1999999842126245,55.04710898076628,-49.33111706828751,-1.5847255261921092,TRACKING,5.07300926,5.083084398080473,40.58286158563634,-51.74999994404113,1.0585688456166981e-08,nan,40.940000000000005
YIELD,1.1999999863149402,55.04644069935057,-49.37911241538838,-1.584712997096109,TRACKING,5.07300926,5.0929500089580415,40.68468301937955,-51.749999942960635,1.0689290181891298e-08,nan,40.96
YIELD,1.1999999863149402,55.04644069935057,-49.37911241538838,-1.584712997096109,TRACKING,5.09295001,5.102609823680382,40.786699092231025,-51.749999941866044,1.079195433748914e-08,nan,40.980000000000004
YIELD,1.1999999889851558,55.04577300174199,-49.42710777068338,-1.5847012263194569,TRACKING,5.10260982,5.112068135716186,40.888905741944626,-51.74999994075885,1.0894766071260558e-08,nan,41.001000000000005
YIELD,1.1999999889851558,55.04577300174199,-49.42710777068338,-1.5847012263194569,TRACKING,5.11206814,5.121329135537422,40.991298992940656,-51.74999993963894,1.0997654216872406e-08,nan,41.02
YIELD,1.1999999900013694,55.045105841231965,-49.475103133537594,-1.5846905164284346,TRACKING,5.12132914,5.130396939065207,41.09387495247967,-51.74999993850626,1.1100559262829218e-08,nan,41.04
YIELD,1.199999990439059,55.04477244896975,-49.49910081760126,-1.5846854670438153,TRACKING,5.12132914,5.1392755763401965,41.196629686981964,-51.749999937359576,1.1202518461693304e-08,nan,41.06
YIELD,1.199999990439059,55.04477244896975,-49.49910081760126,-1.5846854670438153,TRACKING,5.13927558,5.147969004308095,41.29955939825409,-51.749999936199515,1.1303918627412288e-08,nan,41.080000000000005
YIELD,1.199999990440292,55.04443917788108,-49.52309850334806,-1.5846804176591955,TRACKING,5.13927558,5.156481078793718,41.40266043873098,-51.74999993502468,1.1403617839375094e-08,nan,41.1
YIELD,1.1999999922718052,55.044106023806464,-49.54709619075078,-1.5846758015526763,TRACKING,5.15648105,5.16481557584072,41.50592923480565,-51.74999993383766,1.1503497309229116e-08,nan,41.120000000000005
YIELD,1.1999999922720728,55.04377297885625,-49.57109387967367,-1.5846712619069976,TRACKING,5.15648105,5.172805922249779,41.609359903743666,-51.74999993264036,1.1605050244896248e-08,nan,41.14
YIELD,1.19999999326104,55.04310720896591,-49.6190892619872,-1.5846626031854165,TRACKING,5.17280592,5.180796301161905,41.7129503830567,-51.749999931431404,1.1707324753422478e-08,nan,41.160000000000004
YIELD,1.19999999326104,55.04310720896591,-49.6190892619872,-1.5846626031854165,TRACKING,5.17280592,5.1886199902995145,41.81669833674381,-51.749999930210834,1.1810413261674215e-08,nan,41.18
YIELD,1.199999993260515,55.042774477321466,-49.643086955275976,-1.584658363946721,TRACKING,5.1807963,5.19628387185378,41.92060052698888,-51.74999992897786,1.1913739546118426e-08,nan,41.2
YIELD,1.1999999945407245,55.04244184352008,-49.6670846499442,-1.5846545059765342,TRACKING,5.19628387,5.203787461802278,42.02461623727045,-51.74999992773297,1.2017327391624076e-08,nan,41.220000000000006
YIELD,1.1999999952306057,55.041776849779275,-49.71508004308921,-1.5846470244237192,TRACKING,5.20378795,5.193699191423207,42.12851258286727,-51.74999992647755,1.2119835909142138e-08,nan,41.24
YIELD,1.1999999952316662,55.04144448431644,-49.73907774149178,-1.5846434582520739,TRACKING,5.19369919,5.183185246595912,42.232200353040575,-51.74999992521349,1.2221709531118376e-08,nan,41.260000000000005
YIELD,1.1999999952316662,55.04144448431644,-49.73907774149178,-1.5846434582520739,TRACKING,5.18318524,5.172194368063998,42.33567021510361,-51.74999992393826,1.2320770802185598e-08,nan,41.28
YIELD,1.1999999958380512,55.040780007173225,-49.78707314182379,-1.584636572356161,TRACKING,5.17219435,5.161077801835745,42.438918248719524,-51.74999992265546,1.2419563065482858e-08,nan,41.300000000000004
YIELD,1.1999999958380512,55.040780007173225,-49.78707314182379,-1.584636572356161,TRACKING,5.16107777,5.149843696855783,42.54194207064073,-51.74999992136575,1.2518501558311764e-08,nan,41.32
YIELD,1.1999999958371934,55.040447889860374,-49.81107084367405,-1.584633240896305,TRACKING,5.16107777,5.106635073721577,42.64437188203627,-51.74999992006803,1.2612885453944643e-08,nan,41.34
YIELD,1.1999999966266064,55.040115850103945,-49.83506854661016,-1.5846301751024068,TRACKING,5.1498437,5.052456415629791,42.7457188267194,-51.74999991877827,1.2709153559039282e-08,nan,41.36
YIELD,1.199999996626138,55.03978388252485,-49.859066250547976,-1.5846271757250001,TRACKING,5.04092233,4.997550216162239,42.84596856591314,-51.749999917500155,1.2809988967760798e-08,nan,41.38
YIELD,1.199999996880314,55.03945198674861,-49.883063955481504,-1.5846242347859116,TRACKING,5.04092233,4.941807468816961,42.94510352008202,-51.7499999162263,1.2909700233797549e-08,nan,41.400000000000006
YIELD,1.1999999970504587,55.03912015950294,-49.90706166136867,-1.5846214302028996,TRACKING,4.98518657,4.885996521733205,43.0431223086672,-51.74999991496466,1.3014083784371672e-08,nan,41.42
YIELD,1.1999999974257118,55.03845670459901,-49.95505707591021,-1.5846160146509323,TRACKING,4.87351896,4.830131462438914,43.140023833833446,-51.74999991371056,1.3119739254206097e-08,nan,41.440000000000005
YIELD,1.1999999974257118,55.03845670459901,-49.95505707591021,-1.5846160146509323,TRACKING,4.8176193,4.77412226155991,43.23580627470532,-51.74999991246341,1.3226059560461502e-08,nan,41.46
YIELD,1.1999999974256865,55.03812507251572,-49.979054784502694,-1.584613394462262,TRACKING,4.8176193,4.714122373275842,43.33038872202233,-51.749999911238085,1.3343307904321029e-08,nan,41.480000000000004
YIELD,1.1999999979073466,55.03779350246115,-50.00305249395758,-1.584610915910429,TRACKING,4.7606193,4.654122352295786,43.42377116932794,-51.74999991001467,1.3457040478567574e-08,nan,41.5
YIELD,1.199999997906657,55.037461989800356,-50.02705020420973,-1.584608553243285,NO_PATH,4.6406193,4.594122080548146,43.51595361255066,-51.74999990878398,1.355980903443533e-08,nan,41.52
YIELD,1.1999999980379084,55.03713053374593,-50.0510479152451,-1.5846062290009864,NO_PATH,4.5806193,4.534121633366084,43.606936047643345,-51.74999990755802,1.3659713040579711e-08,54.80478382265931,41.54
YIELD,1.199999998170244,55.03679913180815,-50.07504562703183,-1.5846040200332299,NO_PATH,4.5806193,4.474121059525515,43.69671847182931,-51.749999906336626,1.3756237812689328e-08,54.80478382265931,41.56
YIELD,1.1999999981697427,55.03646778288055,-50.09904333955055,-1.584601811065474,NO_PATH,4.5206193,4.414120825568801,43.785300888726404,-51.74999990511537,1.3845613679248007e-08,54.80478382265931,41.580000000000005
YIELD,1.199999998506143,55.035805235531235,-50.14703876667829,-1.5845977878184714,NO_PATH,4.4006193,4.354120825568231,43.87268330523776,-51.749999903901276,1.3932523942853248e-08,54.80478382265931,41.6
YIELD,1.199999998506143,55.035805235531235,-50.14703876667829,-1.5845977878184714,NO_PATH,4.4006193,4.294120844483018,43.958865721938274,-51.74999990269566,1.4017686805867746e-08,54.80478382265931,41.620000000000005
YIELD,1.1999999986529457,55.03547403351956,-50.1710364812333,-1.5845958424320605,NO_PATH,4.3406193,4.234121225300669,44.043848143878584,-51.74999990149213,1.409591915402984e-08,54.79987432366407,41.64
YIELD,1.1999999986878802,55.035142876972046,-50.19503419641791,-1.5845939723999558,NO_PATH,4.2806193,4.174121672763675,44.127630575253605,-51.74999990029642,1.4171034685170572e-08,54.79987432366407,41.660000000000004
YIELD,1.1999999988481453,55.03448069670166,-50.243029628623546,-1.5845903690768632,NO_PATH,4.1606193,4.114121984691366,44.21021301356764,-51.749999899109866,1.4243676448075436e-08,54.79987432366407,41.68
YIELD,1.1999999988481453,55.03448069670166,-50.243029628623546,-1.5845903690768632,NO_PATH,4.1606193,4.054122148596662,44.2915954559084,-51.749999897933556,1.4314415295456896e-08,54.79987432366407,41.7
YIELD,1.1999999988496313,55.03414967014673,-50.26702734560487,-1.5845886179500792,NO_PATH,4.1006193,3.997122164047795,44.371834896425014,-51.74999989676848,1.4384440700773715e-08,54.79841578449065,41.720000000000006
YIELD,1.199999999058643,55.03381868441612,-50.29102506315263,-1.5845870000231126,NO_PATH,3.9836193,3.9371220371940296,44.450877337970795,-51.74999989561494,1.4453147145747109e-08,54.79841578449065,41.74
YIELD,1.1999999990597505,55.033487736812816,-50.315022781227064,-1.5845854153961014,NO_PATH,3.9836193,3.8771217860045235,44.528719775089,-51.74999989447463,1.4521578050367958e-08,54.79841578449065,41.760000000000005
YIELD,1.1999999991476045,55.033156827072126,-50.33902049982452,-1.5845838700133175,NO_PATH,3.8636193,3.81712143348878,44.60536220563175,-51.74999989334821,1.4590137432680119e-08,54.79841578449065,41.78
YIELD,1.199999999170339,55.03249511552796,-50.387015938510395,-1.5845808969804371,NO_PATH,3.8036193,3.7571210072577808,44.680804627979654,-51.7499998922363,1.4659134100731981e-08,54.79841578449065,41.800000000000004
YIELD,1.199999999170339,55.03249511552796,-50.387015938510395,-1.5845808969804371,NO_PATH,3.7436193,3.697120826700485,44.75504704497542,-51.749999891143744,1.4732136612892159e-08,54.79841578449065,41.82
YIELD,1.199999999318554,55.03183354084772,-50.43501137908859,-1.5845781864950665,NO_PATH,3.6836193,3.6371208255694407,44.8280894614868,-51.749999890065645,1.480557123529372e-08,54.79704436400092,41.841
YIELD,1.199999999318554,55.03183354084772,-50.43501137908859,-1.5845781864950665,NO_PATH,3.6236193,3.577120825567449,44.89993187799814,-51.74999988899992,1.4877730283694766e-08,54.79704436400092,41.86
YIELD,1.1999999993986161,55.03150280183522,-50.45900910004475,-1.584576878944704,NO_PATH,3.5636193,3.5171208403482987,44.97057429465731,-51.74999988794753,1.4949115705088196e-08,54.79704436400092,41.88
YIELD,1.1999999993979986,55.03084141554704,-50.50700454322289,-1.5845743454103365,NO_PATH,3.5036193,3.457121052824875,45.04001671420084,-51.74999988691484,1.5024392442245744e-08,54.79704436400092,41.900000000000006
YIELD,1.1999999993979986,55.03084141554704,-50.50700454322289,-1.5845743454103365,NO_PATH,3.5036193,3.3971213797940445,45.10825914025337,-51.74999988589732,1.5100206793542207e-08,54.79704436400092,41.92
YIELD,1.1999999994692705,55.030180147242966,-50.55499998802957,-1.5845719663343372,NO_PATH,3.3836193,3.3371216294106896,45.175301571694504,-51.7499998848941,1.51758235454088e-08,54.794293356843234,41.940000000000005
YIELD,1.19999999956124,55.02984955554988,-50.57899771101888,-1.5845708368584785,NO_PATH,3.3236193,3.277121796458716,45.241144006893244,-51.749999883905055,1.5250923363056063e-08,54.794293356843234,41.961000000000006
YIELD,1.1999999995622121,55.02951899007716,-50.60299543437023,-1.5845697565243742,NO_PATH,3.2636193,3.21712188005563,45.305786444179695,-51.74999988292992,1.5325182260607535e-08,54.794293356843234,41.980000000000004
YIELD,1.1999999995622121,55.02951899007716,-50.60299543437023,-1.5845697565243742,NO_PATH,3.2036193,3.157121883137393,45.36922888192457,-51.74999988196851,1.5398285835846995e-08,54.794293356843234,42.0
YIELD,1.199999999612055,55.02885793608665,-50.65099088213399,-1.5845676643395374,NO_PATH,3.2036193,3.097121811801174,45.43147131860554,-51.749999881020706,1.5469942665599413e-08,54.794293356843234,42.02
YIELD,1.199999999612055,55.02885793608665,-50.65099088213399,-1.5845676643395374,NO_PATH,3.0836193,3.0371216745955114,45.49251375285984,-51.749999880086406,1.5539893728672713e-08,54.794293356843234,42.04
YIELD,1.1999999996134494,55.028527446003686,-50.67498860652474,-1.5845666492276924,NO_PATH,3.0836193,2.9771214817287732,45.55235618352134,-51.749999879165586,1.5607918402552944e-08,54.79186326887631,42.06
YIELD,1.1999999996797985,55.028196979624354,-50.69898633124297,-1.5845657070933252,NO_PATH,2.9636193,2.9171212444900623,45.61099860964562,-51.74999987825831,1.5673839844295565e-08,54.79186326887631,42.080000000000005
YIELD,1.199999999680136,55.027866535471006,-50.72298405626753,-1.5845647832033276,NO_PATH,2.9636193,2.857120974672967,45.66844103052104,-51.74999987736467,1.573752406222407e-08,54.79186326887631,42.1
YIELD,1.1999999997017674,55.02753611344065,-50.74698178159692,-1.5845638754036997,NO_PATH,2.9036193,2.7971208461103463,45.72468344787255,-51.74999987648147,1.5796350328166792e-08,54.79186326887631,42.121
YIELD,1.1999999997159663,55.02720571263228,-50.77097950721902,-1.584563005148264,NO_PATH,2.8436193,2.737120825567985,45.77972586438391,-51.74999987561015,1.585108280047799e-08,54.792394582103334,42.14
YIELD,1.1999999997637256,55.026544972972,-50.81897495931702,-1.5845613328795811,NO_PATH,2.7236193,2.677120825569546,45.83356828089528,-51.74999987475497,1.5904657774228092e-08,54.792394582103334,42.160000000000004
YIELD,1.1999999997637256,55.026544972972,-50.81897495931702,-1.5845613328795811,NO_PATH,2.6636193,2.617120825567554,45.88621069740663,-51.74999987391611,1.595708060329579e-08,54.792394582103334,42.18
YIELD,1.1999999997817477,55.02588431066449,-50.8669704124811,-1.5845597596458258,NO_PATH,2.6036193,2.557120825567694,45.937653113918,-51.74999987309376,1.6008354469420336e-08,54.792394582103334,42.2
YIELD,1.1999999997817477,55.02588431066449,-50.8669704124811,-1.5845597596458258,NO_PATH,2.6036193,2.4971208255685444,45.98789553042936,-51.749999872288114,1.6058480567691154e-08,54.792394582103334,42.220000000000006
YIELD,1.19999999978848,55.02555400725165,-50.8909681394454,-1.5845590098659323,NO_PATH,2.4836193,2.437120866910903,46.03693794745012,-51.74999987149697,1.6105682423175973e-08,54.792394582103334,42.24
YIELD,1.1999999997895796,55.02522372183182,-50.914965866657354,-1.5845582600860386,NO_PATH,2.4236193,2.3771209614317006,46.08478036603987,-51.74999987071787,1.6147906547233388e-08,54.7922543139467,42.260000000000005
YIELD,1.1999999998124764,55.024893453968325,-50.93896359411137,-1.584557550743438,NO_PATH,2.4236193,2.3171211335665025,46.13142278788958,-51.74999986995477,1.618786113918046e-08,54.7922543139467,42.28
YIELD,1.199999999812185,55.02456320307893,-50.96296132179901,-1.5845568435291157,NO_PATH,2.3636193,2.257121274294605,46.17686521271106,-51.74999986920856,1.6226055448074785e-08,54.7922543139467,42.300000000000004
YIELD,1.199999999835875,55.024232969060414,-50.98695904971905,-1.584556160275678,NO_PATH,2.2436193,2.197121383851908,46.22110763987871,-51.74999986847951,1.6262610228610387e-08,54.7922543139467,42.32
YIELD,1.1999999998431425,55.02357254818609,-51.03495450620886,-1.584554865651447,NO_PATH,2.1836193,2.137121463313463,46.26415006878437,-51.749999867767976,1.6297642410676503e-08,54.79083005344254,42.34
YIELD,1.1999999998431425,55.02357254818609,-51.03495450620886,-1.584554865651447,NO_PATH,2.1236193,2.0771215143724935,46.305992498850635,-51.74999986707426,1.6331263168746857e-08,54.79083005344254,42.36
YIELD,1.1999999998577346,55.02324236063859,-51.05895223476902,-1.5845542544268978,NO_PATH,2.0636193,2.017121539220313,46.34663492954205,-51.749999866398625,1.636357468950936e-08,54.79083005344254,42.38
YIELD,1.1999999998822406,55.022582029412604,-51.10694769249313,-1.584553056979264,NO_PATH,2.0036193,1.957121540349505,46.386077360371374,-51.74999986574133,1.6394669749838834e-08,54.79083005344254,42.400000000000006
YIELD,1.1999999998822406,55.022582029412604,-51.10694769249313,-1.584553056979264,NO_PATH,2.0036193,1.8971215205283447,46.42431979090552,-51.749999865102616,1.6424631124558496e-08,54.79083005344254,42.42
YIELD,1.1999999998819788,55.02225188469915,-51.13094542164309,-1.5845524957576398,TRACKING,1.9436193,1.837121482587634,46.46136222076785,-51.749999864482696,1.645353015727136e-08,54.79083005344254,42.440000000000005
YIELD,1.1999999998883302,55.021921753435784,-51.15494315097815,-1.584551942019833,TRACKING,1.8836193,1.777449513728158,46.4972079304821,-51.74999986388227,1.6481862178178248e-08,54.790362729598904,42.46
YIELD,1.1999999998939728,55.0215916351376,-51.17894088049174,-1.5845514107334802,TRACKING,1.8236193,1.7242752865357152,46.531983310736855,-51.74999986329994,1.6510197988100223e-08,54.790362729598904,42.480000000000004
YIELD,1.1999999998943873,55.02126152958906,-51.202938610180716,-1.5845508794471292,TRACKING,1.76676085,1.673724922375897,46.56574694733441,-51.74999986273375,1.6537817549018126e-08,54.790362729598904,42.5
YIELD,1.1999999999100783,55.02093143652925,-51.22693634004172,-1.5845503792285391,GOAL_REACHED,1.66575851,1.6234047329938055,46.59850359722358,-51.74999986218386,1.6564838133114948e-08,54.790362729598904,42.52
YIELD,1.1999999999098394,55.020601355262315,-51.25093407006501,-1.58454988936587,GOAL_REACHED,1.66575851,1.5732441566534308,46.6302567997462,-51.749999861650245,1.65912382105924e-08,54.78632393817757,42.54
YIELD,1.19999999991932,55.02027128557427,-51.27493180024773,-1.5845494191378409,GOAL_REACHED,1.56546893,1.5219706418790226,46.6609962112857,-51.749999861131734,1.6615967500571852e-08,54.78632393817757,42.56
YIELD,1.1999999999210835,55.019941227067555,-51.298929530584246,-1.5845489538184712,GOAL_REACHED,1.50846893,1.4619705474814284,46.69053562268753,-51.749999860632585,1.6639589386279572e-08,54.78632393817757,42.580000000000005
YIELD,1.1999999999269495,55.01928114307725,-51.34692499171166,-1.5845480537401804,GOAL_REACHED,1.50846893,1.401970514209694,46.71887503311488,-51.74999986015477,1.6663539880364916e-08,54.78632393817757,42.6
YIELD,1.1999999999269495,55.01928114307725,-51.34692499171166,-1.5845480537401804,GOAL_REACHED,1.38846893,1.3449704856761004,46.746071441393156,-51.74999985969824,1.6688499343391297e-08,54.78632393817757,42.620000000000005
YIELD,1.1999999999282074,55.018951117077656,-51.37092272249542,-1.584547613204914,GOAL_REACHED,1.33146893,1.284970458912227,46.77207085069979,-51.749999859263355,1.6713987887558057e-08,54.784117609910716,42.64
YIELD,1.199999999933484,55.018621101406474,-51.39492045342134,-1.5845471919902554,GOAL_REACHED,1.33146893,1.224970456122776,46.796870259822235,-51.74999985884872,1.67389040729192e-08,54.784117609910716,42.660000000000004
YIELD,1.1999999999331006,55.01829109584347,-51.418918184486266,-1.5845467707755945,GOAL_REACHED,1.27146893,1.1649704561214949,46.820469668944675,-51.74999985845356,1.6762606307482515e-08,54.784117609910716,42.68
YIELD,1.1999999999426374,55.0179611001733,-51.44291591568739,-1.5845463734937206,GOAL_REACHED,1.15146893,1.1049704561223452,46.84286907806713,-51.74999985807798,1.6785095269437102e-08,54.784117609910716,42.7
YIELD,1.1999999999424258,55.01763111391138,-51.466913647017904,-1.584545982195043,GOAL_REACHED,1.15146893,1.0449704561231956,46.864068487189584,-51.74999985772202,1.6806371778533076e-08,54.784117609910716,42.720000000000006
YIELD,1.1999999999467192,55.017301137001965,-51.490911378477065,-1.5845455987648112,NO_PATH,1.03146893,0.9849704561219144,46.884067896312025,-51.749999857385795,1.6826436764454155e-08,54.78146328993438,42.74
YIELD,1.1999999999475537,55.01697116913246,-51.514909110060586,-1.584545224951569,NO_PATH,0.971468929,0.9249704561220542,46.90286730543448,-51.74999985706939,1.6845291227498312e-08,54.78146328993438,42.760000000000005
YIELD,1.1999999999519824,55.01631126011917,-51.56290457359519,-1.5845444936677264,NO_PATH,0.911468929,0.8649704561236151,46.92046671455693,-51.74999985677288,1.6862936206796016e-08,54.78146328993438,42.78
YIELD,1.1999999999522297,55.015981318583194,-51.586902305540875,-1.5845441361971264,NO_PATH,0.851468929,0.8049704561223339,46.93686612367937,-51.74999985649627,1.687937274449456e-08,54.78146328993438,42.800000000000004
YIELD,1.1999999999522297,55.015981318583194,-51.586902305540875,-1.5845441361971264,NO_PATH,0.851468929,0.744970456121763,46.952065532801825,-51.74999985623964,1.6894601881574595e-08,54.78146328993438,42.82
YIELD,1.19999999995771,55.01532146065264,-51.63489776977807,-1.5845434553995021,NO_PATH,0.731468929,0.684970456123324,46.96606494192428,-51.74999985600306,1.6908624625789763e-08,54.779990979312984,42.841
YIELD,1.1999999999605986,55.01499154375641,-51.658895502062656,-1.5845431253828137,NO_PATH,0.671468929,0.6249704561220427,46.97886435104672,-51.74999985578659,1.692144193287165e-08,54.779990979312984,42.86
YIELD,1.1999999999605986,55.01499154375641,-51.658895502062656,-1.5845431253828137,NO_PATH,0.671468929,0.564970456121472,46.99046376016916,-51.74999985559027,1.693305470289303e-08,54.779990979312984,42.88
YIELD,1.1999999999609512,55.0146616346439,-51.68289323445428,-1.5845428040789635,NO_PATH,0.611468929,0.5049704561237435,47.00086316929163,-51.74999985541413,1.6943463770142893e-08,54.779990979312984,42.900000000000006
FOLLOW,1.1999999999616269,55.01433173324196,-51.70689096695192,-1.5845424827751131,NO_PATH,0.551468929,0.4449704561224622,47.010062578414065,-51.74999985525823,1.6952669891199793e-08,54.779990979312984,42.92
FOLLOW,1.1999999999653133,55.01400183940324,-51.73088869955359,-1.5845421768213015,NO_PATH,0.491468929,0.3849704561211809,47.01806198753651,-51.749999855122596,1.696067374244241e-08,54.77976482973412,42.940000000000005
FOLLOW,1.1999999999656927,55.013671952848206,-51.754886432255404,-1.5845418735763226,NO_PATH,0.431468929,0.3249704561234524,47.02486139665897,-51.74999985500725,1.6967475913640228e-08,54.77976482973412,42.96
FOLLOW,0.0,55.01350701229964,-51.76688529864383,-1.5845417219538318,NO_PATH,0.371468929,0.26497045612288167,47.03046080578141,-51.74999985491223,1.6973076911304424e-08,54.77976482973412,42.980000000000004
FOLLOW,0.0,55.01350701229964,-51.76688529864383,-1.5845417219538318,NO_PATH,0.311468929,0.20497045612160042,47.03486021490386,-51.749999854837554,1.697747715278392e-08,54.77976482973412,43.0
FOLLOW,0.0,55.01350701229964,-51.76688529864383,-1.5845417219538318,NO_PATH,0.251468929,0.1449704561231613,47.03805962402632,-51.749999854783226,1.6980676966138383e-08,54.77976482973412,43.02
FOLLOW,0.0,55.01350701229964,-51.76688529864383,-1.5845417219538318,NO_PATH,0.131468929,0.08497045612259059,47.04005903314876,-51.74999985474927,1.6982676591041068e-08,54.77816862764387,43.04
FOLLOW,0.0,55.01350701229964,-51.76688529864383,-1.5845417219538318,NO_PATH,0.131468929,0.02497045612130933,47.0408584422712,-51.7499998547357,1.6983476177744987e-08,54.77816862764387,43.06
FOLLOW,0.0,55.01350701229964,-51.76688529864383,-1.5845417219538318,NO_PATH,0.0114689287,0.0,47.04087485363957,-51.74999985473542,1.6983492617396904e-08,54.77816862764387,43.081
FOLLOW,0.0,55.01350701229964,-51.76688529864383,-1.5845417219538318,NO_PATH,0.0,0.0,47.04087485363957,-51.74999985473542,1.6983492617396904e-08,54.77816862764387,43.1
FOLLOW,0.0,55.01350701229964,-51.76688529864383,-1.5845417219538318,NO_PATH,0.0,0.0,47.04087485363957,-51.74999985473542,1.6983492617396904e-08,54.77816862764387,43.120000000000005
FOLLOW,0.0,55.01350701229964,-51.76688529864383,-1.5845417219538318,NO_PATH,0.0,0.0,47.04087485363957,-51.74999985473542,1.6983492617396904e-08,54.77701244109309,43.14
FOLLOW,0.0,55.01350701229964,-51.76688529864383,-1.5845417219538318,NO_PATH,0.0,0.0,47.04087485363957,-51.74999985473542,1.6983492617396904e-08,54.77701244109309,43.160000000000004
FOLLOW,0.0,55.01350701229964,-51.76688529864383,-1.5845417219538318,NO_PATH,0.0,0.0,47.04087485363957,-51.74999985473542,1.6983492617396904e-08,54.77701244109309,43.18
FOLLOW,0.0,55.01350701229964,-51.76688529864383,-1.5845417219538318,NO_PATH,0.0,0.0,47.04087485363957,-51.74999985473542,1.6983492617396904e-08,54.77701244109309,43.2
FOLLOW,0.0,55.01350701229964,-51.76688529864383,-1.5845417219538318,NO_PATH,0.0,0.0,47.04087485363957,-51.74999985473542,1.6983492617396904e-08,54.77701244109309,43.220000000000006
FOLLOW,0.0,55.01350701229964,-51.76688529864383,-1.5845417219538318,NO_PATH,0.0,0.0,47.04087485363957,-51.74999985473542,1.6983492617396904e-08,54.77477912388882,43.24
FOLLOW,0.0,55.01350701229964,-51.76688529864383,-1.5845417219538318,NO_PATH,0.0,0.0,47.04087485363957,-51.74999985473542,1.6983492617396904e-08,54.77477912388882,43.260000000000005
FOLLOW,0.0,55.01350701229964,-51.76688529864383,-1.5845417219538318,NO_PATH,0.0,0.0,47.04087485363957,-51.74999985473542,1.6983492617396904e-08,54.77477912388882,43.28
FOLLOW,0.0,55.01350701229964,-51.76688529864383,-1.5845417219538318,NO_PATH,0.0,0.0,47.04087485363957,-51.74999985473542,1.6983492617396904e-08,54.77477912388882,43.300000000000004
FOLLOW,0.0,55.01350701229964,-51.76688529864383,-1.5845417219538318,NO_PATH,0.0,0.0,47.04087485363957,-51.74999985473542,1.6983492617396904e-08,54.77477912388882,43.32
FOLLOW,0.0,55.01350701229964,-51.76688529864383,-1.5845417219538318,NO_PATH,0.0,0.0,47.04087485363957,-51.74999985473542,1.6983492617396904e-08,54.77552138935527,43.34
FOLLOW,0.0,55.01350701229964,-51.76688529864383,-1.5845417219538318,NO_PATH,0.0,0.0,47.04087485363957,-51.74999985473542,1.6983492617396904e-08,54.77552138935527,43.36
FOLLOW,0.0,55.01350701229964,-51.76688529864383,-1.5845417219538318,NO_PATH,0.0,0.0,47.04087485363957,-51.74999985473542,1.6983492617396904e-08,54.77552138935527,43.38
FOLLOW,0.0,55.01350701229964,-51.76688529864383,-1.5845417219538318,NO_PATH,0.0,0.0,47.04087485363957,-51.74999985473542,1.6983492617396904e-08,54.77552138935527,43.400000000000006
FOLLOW,0.0,55.01350701229964,-51.76688529864383,-1.5845417219538318,NO_PATH,0.0,0.0,47.04087485363957,-51.74999985473542,1.6983492617396904e-08,54.77552138935527,43.42
FOLLOW,0.0,55.01350701229964,-51.76688529864383,-1.5845417219538318,NO_PATH,0.0,0.0,47.04087485363957,-51.74999985473542,1.6983492617396904e-08,54.7760658266491,43.440000000000005
FOLLOW,0.0,55.01350701229964,-51.76688529864383,-1.5845417219538318,NO_PATH,0.0,0.0,47.04087485363957,-51.74999985473542,1.6983492617396904e-08,54.7760658266491,43.46
FOLLOW,0.0,55.01350701229964,-51.76688529864383,-1.5845417219538318,NO_PATH,0.0,0.0,47.04087485363957,-51.74999985473542,1.6983492617396904e-08,54.7760658266491,43.480000000000004
FOLLOW,0.0,55.01350701229964,-51.76688529864383,-1.5845417219538318,NO_PATH,0.0,0.0,47.04087485363957,-51.74999985473542,1.6983492617396904e-08,54.7760658266491,43.501000000000005
FOLLOW,0.0,55.01350701229964,-51.76688529864383,-1.5845417219538318,NO_PATH,0.0,0.0,47.04087485363957,-51.74999985473542,1.6983492617396904e-08,54.7760658266491,43.52
FOLLOW,0.0,55.01350701229964,-51.76688529864383,-1.5845417219538318,NO_PATH,0.0,0.0,47.04087485363957,-51.74999985473542,1.6983492617396904e-08,54.777667085734905,43.540000000000006
FOLLOW,0.0,55.01350701229964,-51.76688529864383,-1.5845417219538318,NO_PATH,0.0,0.0,47.04087485363957,-51.74999985473542,1.6983492617396904e-08,54.777667085734905,43.56
FOLLOW,0.0,55.01350701229964,-51.76688529864383,-1.5845417219538318,NO_PATH,0.0,0.0,47.04087485363957,-51.74999985473542,1.6983492617396904e-08,54.777667085734905,43.580000000000005
FOLLOW,0.0,55.01350701229964,-51.76688529864383,-1.5845417219538318,NO_PATH,0.0,0.0,47.04087485363957,-51.74999985473542,1.6983492617396904e-08,54.777667085734905,43.6
FOLLOW,0.0,55.01350701229964,-51.76688529864383,-1.5845417219538318,NO_PATH,0.0,0.0,47.04087485363957,-51.74999985473542,1.6983492617396904e-08,54.777667085734905,43.620000000000005
FOLLOW,0.0,55.01350701229964,-51.76688529864383,-1.5845417219538318,NO_PATH,0.0,0.0,47.04087485363957,-51.74999985473542,1.6983492617396904e-08,54.77459668460076,43.64
FOLLOW,0.0,55.01350701229964,-51.76688529864383,-1.5845417219538318,NO_PATH,0.0,0.0,47.04087485363957,-51.74999985473542,1.6983492617396904e-08,54.77459668460076,43.660000000000004
FOLLOW,0.0,55.01350701229964,-51.76688529864383,-1.5845417219538318,NO_PATH,0.0,0.0,47.04087485363957,-51.74999985473542,1.6983492617396904e-08,54.77459668460076,43.681000000000004
FOLLOW,0.0,55.01350701229964,-51.76688529864383,-1.5845417219538318,NO_PATH,0.0,0.0,47.04087485363957,-51.74999985473542,1.6983492617396904e-08,54.77459668460076,43.701
FOLLOW,0.0,55.01350701229964,-51.76688529864383,-1.5845417219538318,NO_PATH,0.0,0.0,47.04087485363957,-51.74999985473542,1.6983492617396904e-08,54.77459668460076,43.720000000000006
FOLLOW,0.0,55.01350701229964,-51.76688529864383,-1.5845417219538318,NO_PATH,0.0,0.0,47.04087485363957,-51.74999985473542,1.6983492617396904e-08,54.77515439808696,43.74
FOLLOW,0.0,55.01350701229964,-51.76688529864383,-1.5845417219538318,NO_PATH,0.0,0.0,47.04087485363957,-51.74999985473542,1.6983492617396904e-08,54.77515439808696,43.761
FOLLOW,0.0,55.01350701229964,-51.76688529864383,-1.5845417219538318,NO_PATH,0.0,0.0,47.04087485363957,-51.74999985473542,1.6983492617396904e-08,54.77515439808696,43.78
FOLLOW,0.0,55.01350701229964,-51.76688529864383,-1.5845417219538318,NO_PATH,0.0,0.0,47.04087485363957,-51.74999985473542,1.6983492617396904e-08,54.77515439808696,43.800000000000004
FOLLOW,0.0,55.01350701229964,-51.76688529864383,-1.5845417219538318,NO_PATH,0.0,0.0,47.04087485363957,-51.74999985473542,1.6983492617396904e-08,54.77515439808696,43.82
FOLLOW,0.0,55.01350701229964,-51.76688529864383,-1.5845417219538318,NO_PATH,0.0,0.0,47.04087485363957,-51.74999985473542,1.6983492617396904e-08,54.77547032739081,43.84
FOLLOW,0.0,55.01350701229964,-51.76688529864383,-1.5845417219538318,NO_PATH,0.0,0.0,47.04087485363957,-51.74999985473542,1.6983492617396904e-08,54.77547032739081,43.86
FOLLOW,0.0,55.01350701229964,-51.76688529864383,-1.5845417219538318,NO_PATH,0.0,0.0,47.04087485363957,-51.74999985473542,1.6983492617396904e-08,54.77547032739081,43.881
FOLLOW,0.0,55.01350701229964,-51.76688529864383,-1.5845417219538318,NO_PATH,0.0,0.0,47.04087485363957,-51.74999985473542,1.6983492617396904e-08,54.77547032739081,43.900000000000006
FOLLOW,0.0,55.01350701229964,-51.76688529864383,-1.5845417219538318,NO_PATH,0.0,0.0,47.04087485363957,-51.74999985473542,1.6983492617396904e-08,54.77547032739081,43.921
FOLLOW,0.0,55.01350701229964,-51.76688529864383,-1.5845417219538318,NO_PATH,0.0,0.0,47.04087485363957,-51.74999985473542,1.6983492617396904e-08,54.77605424098974,43.940000000000005
FOLLOW,0.0,55.01350701229964,-51.76688529864383,-1.5845417219538318,NO_PATH,0.0,0.0,47.04087485363957,-51.74999985473542,1.6983492617396904e-08,54.77605424098974,43.96
FOLLOW,0.0,55.01350701229964,-51.76688529864383,-1.5845417219538318,NO_PATH,0.0,0.0,47.04087485363957,-51.74999985473542,1.6983492617396904e-08,54.77605424098974,43.980000000000004
FOLLOW,0.0,55.01350701229964,-51.76688529864383,-1.5845417219538318,NO_PATH,0.0,0.0,47.04087485363957,-51.74999985473542,1.6983492617396904e-08,54.77605424098974,44.0
FOLLOW,0.0,55.01350701229964,-51.76688529864383,-1.5845417219538318,NO_PATH,0.0,0.0,47.04087485363957,-51.74999985473542,1.6983492617396904e-08,54.77605424098974,44.02
FOLLOW,0.0,55.01350701229964,-51.76688529864383,-1.5845417219538318,NO_PATH,0.0,0.0,47.04087485363957,-51.74999985473542,1.6983492617396904e-08,54.77575508552839,44.040000000000006
FOLLOW,0.0,55.01350701229964,-51.76688529864383,-1.5845417219538318,NO_PATH,0.0,0.0,47.04087485363957,-51.74999985473542,1.6983492617396904e-08,54.77575508552839,44.06
FOLLOW,0.0,55.01350701229964,-51.76688529864383,-1.5845417219538318,NO_PATH,0.0,0.0,47.04087485363957,-51.74999985473542,1.6983492617396904e-08,54.77575508552839,44.080000000000005
FOLLOW,0.0,55.01350701229964,-51.76688529864383,-1.5845417219538318,NO_PATH,0.0,0.0,47.04087485363957,-51.74999985473542,1.6983492617396904e-08,54.77575508552839,44.103
FOLLOW,0.0,55.01350701229964,-51.76688529864383,-1.5845417219538318,NO_PATH,0.0,0.0,47.04087485363957,-51.74999985473542,1.6983492617396904e-08,54.77575508552839,44.120000000000005
FOLLOW,0.0,55.01350701229964,-51.76688529864383,-1.5845417219538318,NO_PATH,0.0,0.0,47.04087485363957,-51.74999985473542,1.6983492617396904e-08,54.77644309365907,44.14
FOLLOW,0.0,55.01350701229964,-51.76688529864383,-1.5845417219538318,NO_PATH,0.0,0.0,47.04087485363957,-51.74999985473542,1.6983492617396904e-08,54.77644309365907,44.160000000000004
FOLLOW,0.0,55.01350701229964,-51.76688529864383,-1.5845417219538318,NO_PATH,0.0,0.0,47.04087485363957,-51.74999985473542,1.6983492617396904e-08,54.77644309365907,44.18
FOLLOW,0.0,55.01350701229964,-51.76688529864383,-1.5845417219538318,NO_PATH,0.0,0.0,47.04087485363957,-51.74999985473542,1.6983492617396904e-08,54.77644309365907,44.201
FOLLOW,0.0,55.01350701229964,-51.76688529864383,-1.5845417219538318,NO_PATH,0.0,0.0,47.04087485363957,-51.74999985473542,1.6983492617396904e-08,54.77644309365907,44.220000000000006
FOLLOW,0.0,55.01350701229964,-51.76688529864383,-1.5845417219538318,NO_PATH,0.0,0.0,47.04087485363957,-51.74999985473542,1.6983492617396904e-08,54.7759028081961,44.241
FOLLOW,0.0,55.01350701229964,-51.76688529864383,-1.5845417219538318,NO_PATH,0.0,0.0,47.04087485363957,-51.74999985473542,1.6983492617396904e-08,54.7759028081961,44.260000000000005
FOLLOW,0.0,55.01350701229964,-51.76688529864383,-1.5845417219538318,NO_PATH,0.0,0.0,47.04087485363957,-51.74999985473542,1.6983492617396904e-08,54.7759028081961,44.28
FOLLOW,0.0,55.01350701229964,-51.76688529864383,-1.5845417219538318,NO_PATH,0.0,0.0,47.04087485363957,-51.74999985473542,1.6983492617396904e-08,54.7759028081961,44.300000000000004
FOLLOW,0.0,55.01350701229964,-51.76688529864383,-1.5845417219538318,NO_PATH,0.0,0.0,47.04087485363957,-51.74999985473542,1.6983492617396904e-08,54.7759028081961,44.32
FOLLOW,0.0,55.01350701229964,-51.76688529864383,-1.5845417219538318,NO_PATH,0.0,0.0,47.04087485363957,-51.74999985473542,1.6983492617396904e-08,54.77714754233456,44.34
FOLLOW,0.0,55.01350701229964,-51.76688529864383,-1.5845417219538318,NO_PATH,0.0,0.0,47.04087485363957,-51.74999985473542,1.6983492617396904e-08,54.77714754233456,44.36
FOLLOW,0.0,55.01350701229964,-51.76688529864383,-1.5845417219538318,NO_PATH,0.0,0.0,47.04087485363957,-51.74999985473542,1.6983492617396904e-08,54.77714754233456,44.38
FOLLOW,0.0,55.01350701229964,-51.76688529864383,-1.5845417219538318,NO_PATH,0.0,0.0,47.04087485363957,-51.74999985473542,1.6983492617396904e-08,54.77714754233456,44.400000000000006
FOLLOW,0.0,55.01350701229964,-51.76688529864383,-1.5845417219538318,NO_PATH,0.0,0.0,47.04087485363957,-51.74999985473542,1.6983492617396904e-08,54.77714754233456,44.42
FOLLOW,0.0,55.01350701229964,-51.76688529864383,-1.5845417219538318,NO_PATH,0.0,0.0,47.04087485363957,-51.74999985473542,1.6983492617396904e-08,54.77714754233456,44.440000000000005
FOLLOW,0.0,55.01350701229964,-51.76688529864383,-1.5845417219538318,NO_PATH,0.0,0.0,47.04087485363957,-51.74999985473542,1.6983492617396904e-08,54.77710567930441,44.46
FOLLOW,0.0,55.01350701229964,-51.76688529864383,-1.5845417219538318,NO_PATH,0.0,0.0,47.04087485363957,-51.74999985473542,1.6983492617396904e-08,54.77710567930441,44.480000000000004
FOLLOW,0.0,55.01350701229964,-51.76688529864383,-1.5845417219538318,NO_PATH,0.0,0.0,47.04087485363957,-51.74999985473542,1.6983492617396904e-08,54.77710567930441,44.5
FOLLOW,0.0,55.01350701229964,-51.76688529864383,-1.5845417219538318,NO_PATH,0.0,0.0,47.04087485363957,-51.74999985473542,1.6983492617396904e-08,54.77710567930441,44.522000000000006
FOLLOW,0.0,55.01350701229964,-51.76688529864383,-1.5845417219538318,NO_PATH,0.0,0.0,47.04087485363957,-51.74999985473542,1.6983492617396904e-08,54.77833029524635,44.540000000000006
FOLLOW,0.0,55.01350701229964,-51.76688529864383,-1.5845417219538318,NO_PATH,0.0,0.0,47.04087485363957,-51.74999985473542,1.6983492617396904e-08,54.77833029524635,44.56
FOLLOW,0.0,55.01350701229964,-51.76688529864383,-1.5845417219538318,NO_PATH,0.0,0.0,47.04087485363957,-51.74999985473542,1.6983492617396904e-08,54.77833029524635,44.580000000000005
FOLLOW,0.0,55.01350701229964,-51.76688529864383,-1.5845417219538318,NO_PATH,0.0,0.0,47.04087485363957,-51.74999985473542,1.6983492617396904e-08,54.77833029524635,44.6
FOLLOW,0.0,55.01350701229964,-51.76688529864383,-1.5845417219538318,NO_PATH,0.0,0.0,47.04087485363957,-51.74999985473542,1.6983492617396904e-08,54.77833029524635,44.621
FOLLOW,0.0,55.01350701229964,-51.76688529864383,-1.5845417219538318,NO_PATH,0.0,0.0,47.04087485363957,-51.74999985473542,1.6983492617396904e-08,54.77934774158223,44.64
FOLLOW,0.0,55.01350701229964,-51.76688529864383,-1.5845417219538318,NO_PATH,0.0,0.0,47.04087485363957,-51.74999985473542,1.6983492617396904e-08,54.77934774158223,44.660000000000004
FOLLOW,0.0,55.01350701229964,-51.76688529864383,-1.5845417219538318,NO_PATH,0.0,0.0,47.04087485363957,-51.74999985473542,1.6983492617396904e-08,54.77934774158223,44.68
FOLLOW,0.0,55.01350701229964,-51.76688529864383,-1.5845417219538318,NO_PATH,0.0,0.0,47.04087485363957,-51.74999985473542,1.6983492617396904e-08,54.77934774158223,44.7
FOLLOW,0.0,55.01350701229964,-51.76688529864383,-1.5845417219538318,NO_PATH,0.0,0.0,47.04087485363957,-51.74999985473542,1.6983492617396904e-08,54.7760995143746,44.720000000000006
FOLLOW,0.0,55.01350701229964,-51.76688529864383,-1.5845417219538318,NO_PATH,0.0,0.0,47.04087485363957,-51.74999985473542,1.6983492617396904e-08,54.7760995143746,44.74
FOLLOW,0.0,55.01350701229964,-51.76688529864383,-1.5845417219538318,NO_PATH,0.0,0.0,47.04087485363957,-51.74999985473542,1.6983492617396904e-08,54.7760995143746,44.760000000000005
FOLLOW,0.0,55.01350701229964,-51.76688529864383,-1.5845417219538318,NO_PATH,0.0,0.0,47.04087485363957,-51.74999985473542,1.6983492617396904e-08,54.7760995143746,44.78
FOLLOW,0.0,55.01350701229964,-51.76688529864383,-1.5845417219538318,NO_PATH,0.0,0.0,47.04087485363957,-51.74999985473542,1.6983492617396904e-08,54.7760995143746,44.800000000000004
FOLLOW,0.0,55.01350701229964,-51.76688529864383,-1.5845417219538318,NO_PATH,0.0,0.0,47.04087485363957,-51.74999985473542,1.6983492617396904e-08,54.7760995143746,44.82
FOLLOW,0.0,55.01350701229964,-51.76688529864383,-1.5845417219538318,NO_PATH,0.0,0.0,47.04087485363957,-51.74999985473542,1.6983492617396904e-08,54.77767664462734,44.84
FOLLOW,0.0,55.01350701229964,-51.76688529864383,-1.5845417219538318,NO_PATH,0.0,0.0,47.04087485363957,-51.74999985473542,1.6983492617396904e-08,54.77767664462734,44.86
FOLLOW,0.0,55.01350701229964,-51.76688529864383,-1.5845417219538318,NO_PATH,0.0,0.0,47.04087485363957,-51.74999985473542,1.6983492617396904e-08,54.77767664462734,44.88
FOLLOW,0.0,55.01350701229964,-51.76688529864383,-1.5845417219538318,NO_PATH,0.0,0.0,47.04087485363957,-51.74999985473542,1.6983492617396904e-08,54.77767664462734,44.900000000000006
FOLLOW,0.0,55.01350701229964,-51.76688529864383,-1.5845417219538318,NO_PATH,0.0,0.0,47.04087485363957,-51.74999985473542,1.6983492617396904e-08,54.77767664462734,44.92
FOLLOW,0.0,55.01350701229964,-51.76688529864383,-1.5845417219538318,NO_PATH,0.0,0.0,47.04087485363957,-51.74999985473542,1.6983492617396904e-08,54.77677698307886,44.940000000000005
FOLLOW,0.0,55.01350701229964,-51.76688529864383,-1.5845417219538318,NO_PATH,0.0,0.0,47.04087485363957,-51.74999985473542,1.6983492617396904e-08,54.77677698307886,44.96
FOLLOW,0.0,55.01350701229964,-51.76688529864383,-1.5845417219538318,NO_PATH,0.0,0.0,47.04087485363957,-51.74999985473542,1.6983492617396904e-08,54.77677698307886,44.980000000000004
FOLLOW,0.0,55.01350701229964,-51.76688529864383,-1.5845417219538318,NO_PATH,0.0,0.0,47.04087485363957,-51.74999985473542,1.6983492617396904e-08,54.77677698307886,45.0
FOLLOW,0.0,55.01350701229964,-51.76688529864383,-1.5845417219538318,NO_PATH,0.0,0.0,47.04087485363957,-51.74999985473542,1.6983492617396904e-08,54.77677698307886,45.021
FOLLOW,0.0,55.01350701229964,-51.76688529864383,-1.5845417219538318,NO_PATH,0.0,0.0,47.04087485363957,-51.74999985473542,1.6983492617396904e-08,54.77671871229904,45.040000000000006
FOLLOW,0.0,55.01350701229964,-51.76688529864383,-1.5845417219538318,NO_PATH,0.0,0.0,47.04087485363957,-51.74999985473542,1.6983492617396904e-08,54.77671871229904,45.06
FOLLOW,0.0,55.01350701229964,-51.76688529864383,-1.5845417219538318,NO_PATH,0.0,0.0,47.04087485363957,-51.74999985473542,1.6983492617396904e-08,54.77671871229904,45.080000000000005
FOLLOW,0.0,55.01350701229964,-51.76688529864383,-1.5845417219538318,NO_PATH,0.0,0.0,47.04087485363957,-51.74999985473542,1.6983492617396904e-08,54.77671871229904,45.1
FOLLOW,0.0,55.01350701229964,-51.76688529864383,-1.5845417219538318,NO_PATH,0.0,0.0,47.04087485363957,-51.74999985473542,1.6983492617396904e-08,54.77671871229904,45.120000000000005
FOLLOW,0.0,55.01350701229964,-51.76688529864383,-1.5845417219538318,NO_PATH,0.0,0.0,47.04087485363957,-51.74999985473542,1.6983492617396904e-08,54.77853257045261,45.14
FOLLOW,0.0,55.01350701229964,-51.76688529864383,-1.5845417219538318,NO_PATH,0.0,0.0,47.04087485363957,-51.74999985473542,1.6983492617396904e-08,54.77853257045261,45.160000000000004
FOLLOW,0.0,55.01350701229964,-51.76688529864383,-1.5845417219538318,NO_PATH,0.0,0.0,47.04087485363957,-51.74999985473542,1.6983492617396904e-08,54.77853257045261,45.18
FOLLOW,0.0,55.01350701229964,-51.76688529864383,-1.5845417219538318,NO_PATH,0.0,0.0,47.04087485363957,-51.74999985473542,1.6983492617396904e-08,54.77853257045261,45.2
FOLLOW,0.0,55.01350701229964,-51.76688529864383,-1.5845417219538318,NO_PATH,0.0,0.0,47.04087485363957,-51.74999985473542,1.6983492617396904e-08,54.77853257045261,45.221000000000004
FOLLOW,0.0,55.01350701229964,-51.76688529864383,-1.5845417219538318,NO_PATH,0.0,0.0,47.04087485363957,-51.74999985473542,1.6983492617396904e-08,54.77872188713966,45.24
FOLLOW,0.0,55.01350701229964,-51.76688529864383,-1.5845417219538318,NO_PATH,0.0,0.0,47.04087485363957,-51.74999985473542,1.6983492617396904e-08,54.77872188713966,45.260000000000005
FOLLOW,0.0,55.01350701229964,-51.76688529864383,-1.5845417219538318,NO_PATH,0.0,0.0,47.04087485363957,-51.74999985473542,1.6983492617396904e-08,54.77872188713966,45.28
FOLLOW,0.0,55.01350701229964,-51.76688529864383,-1.5845417219538318,NO_PATH,0.0,0.0,47.04087485363957,-51.74999985473542,1.6983492617396904e-08,54.77872188713966,45.300000000000004
FOLLOW,0.0,55.01350701229964,-51.76688529864383,-1.5845417219538318,NO_PATH,0.0,0.0,47.04087485363957,-51.74999985473542,1.6983492617396904e-08,54.77872188713966,45.32
FOLLOW,0.0,55.01350701229964,-51.76688529864383,-1.5845417219538318,NO_PATH,0.0,0.0,47.04087485363957,-51.74999985473542,1.6983492617396904e-08,54.77861950953959,45.34
FOLLOW,0.0,55.01350701229964,-51.76688529864383,-1.5845417219538318,NO_PATH,0.0,0.0,47.04087485363957,-51.74999985473542,1.6983492617396904e-08,54.77861950953959,45.36
FOLLOW,0.0,55.01350701229964,-51.76688529864383,-1.5845417219538318,NO_PATH,0.0,0.0,47.04087485363957,-51.74999985473542,1.6983492617396904e-08,54.77861950953959,45.38
FOLLOW,0.0,55.01350701229964,-51.76688529864383,-1.5845417219538318,NO_PATH,0.0,0.0,47.04087485363957,-51.74999985473542,1.6983492617396904e-08,54.77861950953959,45.401
FOLLOW,0.0,55.01350701229964,-51.76688529864383,-1.5845417219538318,NO_PATH,0.0,0.0,47.04087485363957,-51.74999985473542,1.6983492617396904e-08,54.77861950953959,45.421
FOLLOW,0.0,55.01350701229964,-51.76688529864383,-1.5845417219538318,NO_PATH,0.0,0.0,47.04087485363957,-51.74999985473542,1.6983492617396904e-08,54.77861950953959,45.440000000000005
FOLLOW,0.0,55.01350701229964,-51.76688529864383,-1.5845417219538318,NO_PATH,0.0,0.0,47.04087485363957,-51.74999985473542,1.6983492617396904e-08,54.77842296599445,45.46
FOLLOW,0.0,55.01350701229964,-51.76688529864383,-1.5845417219538318,NO_PATH,0.0,0.0,47.04087485363957,-51.74999985473542,1.6983492617396904e-08,54.77842296599445,45.480000000000004
FOLLOW,0.0,55.01350701229964,-51.76688529864383,-1.5845417219538318,NO_PATH,0.0,0.0,47.04087485363957,-51.74999985473542,1.6983492617396904e-08,54.77842296599445,45.5
FOLLOW,0.0,55.01350701229964,-51.76688529864383,-1.5845417219538318,NO_PATH,0.0,0.0,47.04087485363957,-51.74999985473542,1.6983492617396904e-08,54.77842296599445,45.52
FOLLOW,0.0,55.01350701229964,-51.76688529864383,-1.5845417219538318,NO_PATH,0.0,0.0,47.04087485363957,-51.74999985473542,1.6983492617396904e-08,54.77842296599445,45.540000000000006
FOLLOW,0.0,55.01350701229964,-51.76688529864383,-1.5845417219538318,NO_PATH,0.0,0.0,47.04087485363957,-51.74999985473542,1.6983492617396904e-08,54.77924216007442,45.56
FOLLOW,0.0,55.01350701229964,-51.76688529864383,-1.5845417219538318,NO_PATH,0.0,0.0,47.04087485363957,-51.74999985473542,1.6983492617396904e-08,54.77924216007442,45.580000000000005
FOLLOW,0.0,55.01350701229964,-51.76688529864383,-1.5845417219538318,NO_PATH,0.0,0.0,47.04087485363957,-51.74999985473542,1.6983492617396904e-08,54.77924216007442,45.6
FOLLOW,0.0,55.01350701229964,-51.76688529864383,-1.5845417219538318,NO_PATH,0.0,0.0,47.04087485363957,-51.74999985473542,1.6983492617396904e-08,54.77924216007442,45.620000000000005
FOLLOW,0.0,55.01350701229964,-51.76688529864383,-1.5845417219538318,NO_PATH,0.0,0.0,47.04087485363957,-51.74999985473542,1.6983492617396904e-08,54.780321753139354,45.64
FOLLOW,0.0,55.01350701229964,-51.76688529864383,-1.5845417219538318,NO_PATH,0.0,0.0,47.04087485363957,-51.74999985473542,1.6983492617396904e-08,54.780321753139354,45.660000000000004
FOLLOW,0.0,55.01350701229964,-51.76688529864383,-1.5845417219538318,NO_PATH,0.0,0.0,47.04087485363957,-51.74999985473542,1.6983492617396904e-08,54.780321753139354,45.68
FOLLOW,0.0,55.01350701229964,-51.76688529864383,-1.5845417219538318,NO_PATH,0.0,0.0,47.04087485363957,-51.74999985473542,1.6983492617396904e-08,54.780321753139354,45.7
FOLLOW,0.0,55.01350701229964,-51.76688529864383,-1.5845417219538318,NO_PATH,0.0,0.0,47.04087485363957,-51.74999985473542,1.6983492617396904e-08,54.780321753139354,45.720000000000006
FOLLOW,0.0,55.01350701229964,-51.76688529864383,-1.5845417219538318,NO_PATH,0.0,0.0,47.04087485363957,-51.74999985473542,1.6983492617396904e-08,54.77669831603057,45.74
FOLLOW,0.0,55.01350701229964,-51.76688529864383,-1.5845417219538318,NO_PATH,0.0,0.0,47.04087485363957,-51.74999985473542,1.6983492617396904e-08,54.77669831603057,45.760000000000005
FOLLOW,0.0,55.01350701229964,-51.76688529864383,-1.5845417219538318,NO_PATH,0.0,0.0,47.04087485363957,-51.74999985473542,1.6983492617396904e-08,54.77669831603057,45.78
FOLLOW,0.0,55.01350701229964,-51.76688529864383,-1.5845417219538318,NO_PATH,0.0,0.0,47.04087485363957,-51.74999985473542,1.6983492617396904e-08,54.77669831603057,45.800000000000004
FOLLOW,0.0,55.01350701229964,-51.76688529864383,-1.5845417219538318,NO_PATH,0.0,0.0,47.04087485363957,-51.74999985473542,1.6983492617396904e-08,54.77669831603057,45.82
FOLLOW,0.0,55.01350701229964,-51.76688529864383,-1.5845417219538318,NO_PATH,0.0,0.0,47.04087485363957,-51.74999985473542,1.6983492617396904e-08,54.77171160484379,45.84
FOLLOW,0.0,55.01350701229964,-51.76688529864383,-1.5845417219538318,NO_PATH,0.0,0.0,47.04087485363957,-51.74999985473542,1.6983492617396904e-08,54.77171160484379,45.86
FOLLOW,0.0,55.01350701229964,-51.76688529864383,-1.5845417219538318,NO_PATH,0.0,0.0,47.04087485363957,-51.74999985473542,1.6983492617396904e-08,54.77171160484379,45.88
FOLLOW,0.0,55.01350701229964,-51.76688529864383,-1.5845417219538318,NO_PATH,0.0,0.0,47.04087485363957,-51.74999985473542,1.6983492617396904e-08,54.77171160484379,45.900000000000006
FOLLOW,0.0,55.01350701229964,-51.76688529864383,-1.5845417219538318,NO_PATH,0.0,0.0,47.04087485363957,-51.74999985473542,1.6983492617396904e-08,54.77171160484379,45.92
FOLLOW,0.0,55.01350701229964,-51.76688529864383,-1.5845417219538318,NO_PATH,0.0,0.0,47.04087485363957,-51.74999985473542,1.6983492617396904e-08,54.77349227323275,45.940000000000005
FOLLOW,0.0,55.01350701229964,-51.76688529864383,-1.5845417219538318,NO_PATH,0.0,0.0,47.04087485363957,-51.74999985473542,1.6983492617396904e-08,54.77349227323275,45.96
FOLLOW,0.0,55.01350701229964,-51.76688529864383,-1.5845417219538318,NO_PATH,0.0,0.0,47.04087485363957,-51.74999985473542,1.6983492617396904e-08,54.77349227323275,45.980000000000004
FOLLOW,0.0,55.01350701229964,-51.76688529864383,-1.5845417219538318,NO_PATH,0.0,0.0,47.04087485363957,-51.74999985473542,1.6983492617396904e-08,54.77349227323275,46.0
FOLLOW,0.0,55.01350701229964,-51.76688529864383,-1.5845417219538318,NO_PATH,0.0,0.0,47.04087485363957,-51.74999985473542,1.6983492617396904e-08,54.77349227323275,46.021
FOLLOW,0.0,55.01350701229964,-51.76688529864383,-1.5845417219538318,NO_PATH,0.0,0.0,47.04087485363957,-51.74999985473542,1.6983492617396904e-08,54.774102790623,46.040000000000006
FOLLOW,0.0,55.01350701229964,-51.76688529864383,-1.5845417219538318,NO_PATH,0.0,0.0,47.04087485363957,-51.74999985473542,1.6983492617396904e-08,54.774102790623,46.06
FOLLOW,0.0,55.01350701229964,-51.76688529864383,-1.5845417219538318,NO_PATH,0.0,0.0,47.04087485363957,-51.74999985473542,1.6983492617396904e-08,54.774102790623,46.080000000000005
FOLLOW,0.0,55.01350701229964,-51.76688529864383,-1.5845417219538318,NO_PATH,0.0,0.0,47.04087485363957,-51.74999985473542,1.6983492617396904e-08,54.774102790623,46.1
FOLLOW,0.0,55.01350701229964,-51.76688529864383,-1.5845417219538318,NO_PATH,0.0,0.0,47.04087485363957,-51.74999985473542,1.6983492617396904e-08,54.774102790623,46.120000000000005
FOLLOW,0.0,55.01350701229964,-51.76688529864383,-1.5845417219538318,NO_PATH,0.0,0.0,47.04087485363957,-51.74999985473542,1.6983492617396904e-08,54.77396051629413,46.14
FOLLOW,0.0,55.01350701229964,-51.76688529864383,-1.5845417219538318,NO_PATH,0.0,0.0,47.04087485363957,-51.74999985473542,1.6983492617396904e-08,54.77396051629413,46.160000000000004
FOLLOW,0.0,55.01350701229964,-51.76688529864383,-1.5845417219538318,NO_PATH,0.0,0.0,47.04087485363957,-51.74999985473542,1.6983492617396904e-08,54.77396051629413,46.18
FOLLOW,0.0,55.01350701229964,-51.76688529864383,-1.5845417219538318,NO_PATH,0.0,0.0,47.04087485363957,-51.74999985473542,1.6983492617396904e-08,54.77396051629413,46.2
FOLLOW,0.0,55.01350701229964,-51.76688529864383,-1.5845417219538318,NO_PATH,0.0,0.0,47.04087485363957,-51.74999985473542,1.6983492617396904e-08,54.77396051629413,46.220000000000006
FOLLOW,0.0,55.01350701229964,-51.76688529864383,-1.5845417219538318,NO_PATH,0.0,0.0,47.04087485363957,-51.74999985473542,1.6983492617396904e-08,54.77580823082382,46.24
FOLLOW,0.0,55.01350701229964,-51.76688529864383,-1.5845417219538318,NO_PATH,0.0,0.0,47.04087485363957,-51.74999985473542,1.6983492617396904e-08,54.77580823082382,46.260000000000005
FOLLOW,0.0,55.01350701229964,-51.76688529864383,-1.5845417219538318,NO_PATH,0.0,0.0,47.04087485363957,-51.74999985473542,1.6983492617396904e-08,54.77580823082382,46.28
FOLLOW,0.0,55.01350701229964,-51.76688529864383,-1.5845417219538318,NO_PATH,0.0,0.0,47.04087485363957,-51.74999985473542,1.6983492617396904e-08,54.77580823082382,46.300000000000004
FOLLOW,0.0,55.01350701229964,-51.76688529864383,-1.5845417219538318,NO_PATH,0.0,0.0,47.04087485363957,-51.74999985473542,1.6983492617396904e-08,54.77580823082382,46.32
FOLLOW,0.0,55.01350701229964,-51.76688529864383,-1.5845417219538318,NO_PATH,0.0,0.0,47.04087485363957,-51.74999985473542,1.6983492617396904e-08,54.77810819897826,46.34
FOLLOW,0.0,55.01350701229964,-51.76688529864383,-1.5845417219538318,NO_PATH,0.0,0.0,47.04087485363957,-51.74999985473542,1.6983492617396904e-08,54.77810819897826,46.36
FOLLOW,0.0,55.01350701229964,-51.76688529864383,-1.5845417219538318,NO_PATH,0.0,0.0,47.04087485363957,-51.74999985473542,1.6983492617396904e-08,54.77810819897826,46.38
FOLLOW,0.0,55.01350701229964,-51.76688529864383,-1.5845417219538318,NO_PATH,0.0,0.0,47.04087485363957,-51.74999985473542,1.6983492617396904e-08,54.77810819897826,46.401
FOLLOW,0.0,55.01350701229964,-51.76688529864383,-1.5845417219538318,NO_PATH,0.0,0.0,47.04087485363957,-51.74999985473542,1.6983492617396904e-08,54.77810819897826,46.42
FOLLOW,0.0,55.01350701229964,-51.76688529864383,-1.5845417219538318,NO_PATH,0.0,0.0,47.04087485363957,-51.74999985473542,1.6983492617396904e-08,54.77814729926307,46.440000000000005
FOLLOW,0.0,55.01350701229964,-51.76688529864383,-1.5845417219538318,NO_PATH,0.0,0.0,47.04087485363957,-51.74999985473542,1.6983492617396904e-08,54.77814729926307,46.46
FOLLOW,0.0,55.01350701229964,-51.76688529864383,-1.5845417219538318,NO_PATH,0.0,0.0,47.04087485363957,-51.74999985473542,1.6983492617396904e-08,54.77814729926307,46.480000000000004
FOLLOW,0.0,55.01350701229964,-51.76688529864383,-1.5845417219538318,NO_PATH,0.0,0.0,47.04087485363957,-51.74999985473542,1.6983492617396904e-08,54.77814729926307,46.5
FOLLOW,0.0,55.01350701229964,-51.76688529864383,-1.5845417219538318,NO_PATH,0.0,0.0,47.04087485363957,-51.74999985473542,1.6983492617396904e-08,54.77814729926307,46.521
FOLLOW,0.0,55.01350701229964,-51.76688529864383,-1.5845417219538318,NO_PATH,0.0,0.0,47.04087485363957,-51.74999985473542,1.6983492617396904e-08,54.77841428434145,46.540000000000006
FOLLOW,0.0,55.01350701229964,-51.76688529864383,-1.5845417219538318,NO_PATH,0.0,0.0,47.04087485363957,-51.74999985473542,1.6983492617396904e-08,54.77841428434145,46.56
FOLLOW,0.0,55.01350701229964,-51.76688529864383,-1.5845417219538318,NO_PATH,0.0,0.0,47.04087485363957,-51.74999985473542,1.6983492617396904e-08,54.77841428434145,46.580000000000005
FOLLOW,0.0,55.01350701229964,-51.76688529864383,-1.5845417219538318,NO_PATH,0.0,0.0,47.04087485363957,-51.74999985473542,1.6983492617396904e-08,54.77841428434145,46.6
FOLLOW,0.0,55.01350701229964,-51.76688529864383,-1.5845417219538318,NO_PATH,0.0,0.0,47.04087485363957,-51.74999985473542,1.6983492617396904e-08,54.77841428434145,46.620000000000005
FOLLOW,0.0,55.01350701229964,-51.76688529864383,-1.5845417219538318,NO_PATH,0.0,0.0,47.04087485363957,-51.74999985473542,1.6983492617396904e-08,54.77841428434145,46.64
FOLLOW,0.0,55.01350701229964,-51.76688529864383,-1.5845417219538318,NO_PATH,0.0,0.0,47.04087485363957,-51.74999985473542,1.6983492617396904e-08,54.78007799456795,46.660000000000004
FOLLOW,0.0,55.01350701229964,-51.76688529864383,-1.5845417219538318,NO_PATH,0.0,0.0,47.04087485363957,-51.74999985473542,1.6983492617396904e-08,54.78007799456795,46.68
FOLLOW,0.0,55.01350701229964,-51.76688529864383,-1.5845417219538318,NO_PATH,0.0,0.0,47.04087485363957,-51.74999985473542,1.6983492617396904e-08,54.78007799456795,46.7
FOLLOW,0.0,55.01350701229964,-51.76688529864383,-1.5845417219538318,NO_PATH,0.0,0.0,47.04087485363957,-51.74999985473542,1.6983492617396904e-08,54.78007799456795,46.720000000000006
FOLLOW,0.0,55.01350701229964,-51.76688529864383,-1.5845417219538318,NO_PATH,0.0,0.0,47.04087485363957,-51.74999985473542,1.6983492617396904e-08,54.779083090474046,46.74
FOLLOW,0.0,55.01350701229964,-51.76688529864383,-1.5845417219538318,NO_PATH,0.0,0.0,47.04087485363957,-51.74999985473542,1.6983492617396904e-08,54.779083090474046,46.760000000000005
FOLLOW,0.0,55.01350701229964,-51.76688529864383,-1.5845417219538318,NO_PATH,0.0,0.0,47.04087485363957,-51.74999985473542,1.6983492617396904e-08,54.779083090474046,46.78
FOLLOW,0.0,55.01350701229964,-51.76688529864383,-1.5845417219538318,NO_PATH,0.0,0.0,47.04087485363957,-51.74999985473542,1.6983492617396904e-08,54.779083090474046,46.800000000000004
FOLLOW,0.0,55.01350701229964,-51.76688529864383,-1.5845417219538318,NO_PATH,0.0,0.0,47.04087485363957,-51.74999985473542,1.6983492617396904e-08,54.779083090474046,46.82
FOLLOW,0.0,55.01350701229964,-51.76688529864383,-1.5845417219538318,NO_PATH,0.0,0.0,47.04087485363957,-51.74999985473542,1.6983492617396904e-08,54.778100787958586,46.84
FOLLOW,0.0,55.01350701229964,-51.76688529864383,-1.5845417219538318,NO_PATH,0.0,0.0,47.04087485363957,-51.74999985473542,1.6983492617396904e-08,54.778100787958586,46.86
FOLLOW,0.0,55.01350701229964,-51.76688529864383,-1.5845417219538318,NO_PATH,0.0,0.0,47.04087485363957,-51.74999985473542,1.6983492617396904e-08,54.778100787958586,46.88
FOLLOW,0.0,55.01350701229964,-51.76688529864383,-1.5845417219538318,NO_PATH,0.0,0.0,47.04087485363957,-51.74999985473542,1.6983492617396904e-08,54.778100787958586,46.900000000000006
FOLLOW,0.0,55.01350701229964,-51.76688529864383,-1.5845417219538318,NO_PATH,0.0,0.0,47.04087485363957,-51.74999985473542,1.6983492617396904e-08,54.778100787958586,46.921
FOLLOW,0.0,55.01350701229964,-51.76688529864383,-1.5845417219538318,NO_PATH,0.0,0.0,47.04087485363957,-51.74999985473542,1.6983492617396904e-08,54.77990415155825,46.940000000000005
FOLLOW,0.0,55.01350701229964,-51.76688529864383,-1.5845417219538318,NO_PATH,0.0,0.0,47.04087485363957,-51.74999985473542,1.6983492617396904e-08,54.77990415155825,46.96
FOLLOW,0.0,55.01350701229964,-51.76688529864383,-1.5845417219538318,NO_PATH,0.0,0.0,47.04087485363957,-51.74999985473542,1.6983492617396904e-08,54.77990415155825,46.980000000000004
FOLLOW,0.0,55.01350701229964,-51.76688529864383,-1.5845417219538318,NO_PATH,0.0,0.0,47.04087485363957,-51.74999985473542,1.6983492617396904e-08,54.77990415155825,47.001000000000005
FOLLOW,0.0,55.01350701229964,-51.76688529864383,-1.5845417219538318,NO_PATH,0.0,0.0,47.04087485363957,-51.74999985473542,1.6983492617396904e-08,54.77990415155825,47.02
FOLLOW,0.0,55.01350701229964,-51.76688529864383,-1.5845417219538318,NO_PATH,0.0,0.0,47.04087485363957,-51.74999985473542,1.6983492617396904e-08,54.77727507698461,47.040000000000006
FOLLOW,0.0,55.01350701229964,-51.76688529864383,-1.5845417219538318,NO_PATH,0.0,0.0,47.04087485363957,-51.74999985473542,1.6983492617396904e-08,54.77727507698461,47.06
FOLLOW,0.0,55.01350701229964,-51.76688529864383,-1.5845417219538318,NO_PATH,0.0,0.0,47.04087485363957,-51.74999985473542,1.6983492617396904e-08,54.77727507698461,47.081
FOLLOW,0.0,55.01350701229964,-51.76688529864383,-1.5845417219538318,NO_PATH,0.0,0.0,47.04087485363957,-51.74999985473542,1.6983492617396904e-08,54.77727507698461,47.1
FOLLOW,0.0,55.01350701229964,-51.76688529864383,-1.5845417219538318,NO_PATH,0.0,0.0,47.04087485363957,-51.74999985473542,1.6983492617396904e-08,54.77727507698461,47.120000000000005
FOLLOW,0.0,55.01350701229964,-51.76688529864383,-1.5845417219538318,NO_PATH,0.0,0.0,47.04087485363957,-51.74999985473542,1.6983492617396904e-08,54.77872295025383,47.14
FOLLOW,0.0,55.01350701229964,-51.76688529864383,-1.5845417219538318,NO_PATH,0.0,0.0,47.04087485363957,-51.74999985473542,1.6983492617396904e-08,54.77872295025383,47.160000000000004
FOLLOW,0.0,55.01350701229964,-51.76688529864383,-1.5845417219538318,NO_PATH,0.0,0.0,47.04087485363957,-51.74999985473542,1.6983492617396904e-08,54.77872295025383,47.18
FOLLOW,0.0,55.01350701229964,-51.76688529864383,-1.5845417219538318,NO_PATH,0.0,0.0,47.04087485363957,-51.74999985473542,1.6983492617396904e-08,54.77872295025383,47.2
FOLLOW,0.0,55.01350701229964,-51.76688529864383,-1.5845417219538318,NO_PATH,0.0,0.0,47.04087485363957,-51.74999985473542,1.6983492617396904e-08,54.77872295025383,47.220000000000006
FOLLOW,0.0,55.01350701229964,-51.76688529864383,-1.5845417219538318,NO_PATH,0.0,0.0,47.04087485363957,-51.74999985473542,1.6983492617396904e-08,54.77916705076102,47.24
FOLLOW,0.0,55.01350701229964,-51.76688529864383,-1.5845417219538318,NO_PATH,0.0,0.0,47.04087485363957,-51.74999985473542,1.6983492617396904e-08,54.77916705076102,47.260000000000005
FOLLOW,0.0,55.01350701229964,-51.76688529864383,-1.5845417219538318,NO_PATH,0.0,0.0,47.04087485363957,-51.74999985473542,1.6983492617396904e-08,54.77916705076102,47.28
FOLLOW,0.0,55.01350701229964,-51.76688529864383,-1.5845417219538318,NO_PATH,0.0,0.0,47.04087485363957,-51.74999985473542,1.6983492617396904e-08,54.77916705076102,47.300000000000004
FOLLOW,0.0,55.01350701229964,-51.76688529864383,-1.5845417219538318,NO_PATH,0.0,0.0,47.04087485363957,-51.74999985473542,1.6983492617396904e-08,54.77916705076102,47.321000000000005
FOLLOW,0.0,55.01350701229964,-51.76688529864383,-1.5845417219538318,NO_PATH,0.0,0.0,47.04087485363957,-51.74999985473542,1.6983492617396904e-08,54.78073908872161,47.34
FOLLOW,0.0,55.01350701229964,-51.76688529864383,-1.5845417219538318,NO_PATH,0.0,0.0,47.04087485363957,-51.74999985473542,1.6983492617396904e-08,54.78073908872161,47.36
FOLLOW,0.0,55.01350701229964,-51.76688529864383,-1.5845417219538318,NO_PATH,0.0,0.0,47.04087485363957,-51.74999985473542,1.6983492617396904e-08,54.78073908872161,47.38
FOLLOW,0.0,55.01350701229964,-51.76688529864383,-1.5845417219538318,NO_PATH,0.0,0.0,47.04087485363957,-51.74999985473542,1.6983492617396904e-08,54.78073908872161,47.403000000000006
FOLLOW,0.0,55.01350701229964,-51.76688529864383,-1.5845417219538318,NO_PATH,0.0,0.0,47.04087485363957,-51.74999985473542,1.6983492617396904e-08,54.78073908872161,47.42100000000001
FOLLOW,0.0,55.01350701229964,-51.76688529864383,-1.5845417219538318,NO_PATH,0.0,0.0,47.04087485363957,-51.74999985473542,1.6983492617396904e-08,54.78014556850385,47.440000000000005
FOLLOW,0.0,55.01350701229964,-51.76688529864383,-1.5845417219538318,NO_PATH,0.0,0.0,47.04087485363957,-51.74999985473542,1.6983492617396904e-08,54.78014556850385,47.46
FOLLOW,0.0,55.01350701229964,-51.76688529864383,-1.5845417219538318,NO_PATH,0.0,0.0,47.04087485363957,-51.74999985473542,1.6983492617396904e-08,54.78014556850385,47.480000000000004
FOLLOW,0.0,55.01350701229964,-51.76688529864383,-1.5845417219538318,NO_PATH,0.0,0.0,47.04087485363957,-51.74999985473542,1.6983492617396904e-08,54.78014556850385,47.5
FOLLOW,0.0,55.01350701229964,-51.76688529864383,-1.5845417219538318,NO_PATH,0.0,0.0,47.04087485363957,-51.74999985473542,1.6983492617396904e-08,54.78014556850385,47.52
FOLLOW,0.0,55.01350701229964,-51.76688529864383,-1.5845417219538318,NO_PATH,0.0,0.0,47.04087485363957,-51.74999985473542,1.6983492617396904e-08,54.78014556850385,47.541000000000004
FOLLOW,0.0,55.01350701229964,-51.76688529864383,-1.5845417219538318,NO_PATH,0.0,0.0,47.04087485363957,-51.74999985473542,1.6983492617396904e-08,54.78012827711572,47.56
FOLLOW,0.0,55.01350701229964,-51.76688529864383,-1.5845417219538318,NO_PATH,0.0,0.0,47.04087485363957,-51.74999985473542,1.6983492617396904e-08,54.78012827711572,47.580000000000005
FOLLOW,0.0,55.01350701229964,-51.76688529864383,-1.5845417219538318,NO_PATH,0.0,0.0,47.04087485363957,-51.74999985473542,1.6983492617396904e-08,54.78012827711572,47.6
FOLLOW,0.0,55.01350701229964,-51.76688529864383,-1.5845417219538318,NO_PATH,0.0,0.0,47.04087485363957,-51.74999985473542,1.6983492617396904e-08,54.77977378503681,47.620000000000005
FOLLOW,0.0,55.01350701229964,-51.76688529864383,-1.5845417219538318,NO_PATH,0.0,0.0,47.04087485363957,-51.74999985473542,1.6983492617396904e-08,54.77977378503681,47.64
FOLLOW,0.0,55.01350701229964,-51.76688529864383,-1.5845417219538318,NO_PATH,0.0,0.0,47.04087485363957,-51.74999985473542,1.6983492617396904e-08,54.77977378503681,47.660000000000004
FOLLOW,0.0,55.01350701229964,-51.76688529864383,-1.5845417219538318,NO_PATH,0.0,0.0,47.04087485363957,-51.74999985473542,1.6983492617396904e-08,54.77977378503681,47.68
FOLLOW,0.0,55.01350701229964,-51.76688529864383,-1.5845417219538318,NO_PATH,0.0,0.0,47.04087485363957,-51.74999985473542,1.6983492617396904e-08,54.77977378503681,47.702000000000005
FOLLOW,0.0,55.01350701229964,-51.76688529864383,-1.5845417219538318,NO_PATH,0.0,0.0,47.04087485363957,-51.74999985473542,1.6983492617396904e-08,54.77977378503681,47.720000000000006
FOLLOW,0.0,55.01350701229964,-51.76688529864383,-1.5845417219538318,NO_PATH,0.0,0.0,47.04087485363957,-51.74999985473542,1.6983492617396904e-08,54.78105794528775,47.74
FOLLOW,0.0,55.01350701229964,-51.76688529864383,-1.5845417219538318,NO_PATH,0.0,0.0,47.04087485363957,-51.74999985473542,1.6983492617396904e-08,54.78105794528775,47.760000000000005
FOLLOW,0.0,55.01350701229964,-51.76688529864383,-1.5845417219538318,NO_PATH,0.0,0.0,47.04087485363957,-51.74999985473542,1.6983492617396904e-08,54.78105794528775,47.78
FOLLOW,0.0,55.01350701229964,-51.76688529864383,-1.5845417219538318,NO_PATH,0.0,0.0,47.04087485363957,-51.74999985473542,1.6983492617396904e-08,54.78105794528775,47.800000000000004
FOLLOW,0.0,55.01350701229964,-51.76688529864383,-1.5845417219538318,NO_PATH,0.0,0.0,47.04087485363957,-51.74999985473542,1.6983492617396904e-08,54.78105794528775,47.82
FOLLOW,0.0,55.01350701229964,-51.76688529864383,-1.5845417219538318,NO_PATH,0.0,0.0,47.04087485363957,-51.74999985473542,1.6983492617396904e-08,54.78105794528775,47.84
FOLLOW,0.0,55.01350701229964,-51.76688529864383,-1.5845417219538318,NO_PATH,0.0,0.0,47.04087485363957,-51.74999985473542,1.6983492617396904e-08,54.780209838134425,47.86
FOLLOW,0.0,55.01350701229964,-51.76688529864383,-1.5845417219538318,NO_PATH,0.0,0.0,47.04087485363957,-51.74999985473542,1.6983492617396904e-08,54.780209838134425,47.88
FOLLOW,0.0,55.01350701229964,-51.76688529864383,-1.5845417219538318,NO_PATH,0.0,0.0,47.04087485363957,-51.74999985473542,1.6983492617396904e-08,54.780209838134425,47.903000000000006
FOLLOW,0.0,55.01350701229964,-51.76688529864383,-1.5845417219538318,NO_PATH,0.0,0.0,47.04087485363957,-51.74999985473542,1.6983492617396904e-08,54.780209838134425,47.92
FOLLOW,0.0,55.01350701229964,-51.76688529864383,-1.5845417219538318,NO_PATH,0.0,0.0,47.04087485363957,-51.74999985473542,1.6983492617396904e-08,54.77967972945747,47.940000000000005
FOLLOW,0.0,55.01350701229964,-51.76688529864383,-1.5845417219538318,NO_PATH,0.0,0.0,47.04087485363957,-51.74999985473542,1.6983492617396904e-08,54.77967972945747,47.96
FOLLOW,0.0,55.01350701229964,-51.76688529864383,-1.5845417219538318,NO_PATH,0.0,0.0,47.04087485363957,-51.74999985473542,1.6983492617396904e-08,54.77967972945747,47.980000000000004
FOLLOW,0.0,55.01350701229964,-51.76688529864383,-1.5845417219538318,NO_PATH,0.0,0.0,47.04087485363957,-51.74999985473542,1.6983492617396904e-08,54.77967972945747,48.003
FOLLOW,0.0,55.01350701229964,-51.76688529864383,-1.5845417219538318,NO_PATH,0.0,0.0,47.04087485363957,-51.74999985473542,1.6983492617396904e-08,54.77967972945747,48.02
FOLLOW,0.0,55.01350701229964,-51.76688529864383,-1.5845417219538318,NO_PATH,0.0,0.0,47.04087485363957,-51.74999985473542,1.6983492617396904e-08,54.78042118657364,48.040000000000006
FOLLOW,0.0,55.01350701229964,-51.76688529864383,-1.5845417219538318,NO_PATH,0.0,0.0,47.04087485363957,-51.74999985473542,1.6983492617396904e-08,54.78042118657364,48.06
FOLLOW,0.0,55.01350701229964,-51.76688529864383,-1.5845417219538318,NO_PATH,0.0,0.0,47.04087485363957,-51.74999985473542,1.6983492617396904e-08,54.78042118657364,48.080000000000005
FOLLOW,0.0,55.01350701229964,-51.76688529864383,-1.5845417219538318,NO_PATH,0.0,0.0,47.04087485363957,-51.74999985473542,1.6983492617396904e-08,54.78042118657364,48.1
FOLLOW,0.0,55.01350701229964,-51.76688529864383,-1.5845417219538318,NO_PATH,0.0,0.0,47.04087485363957,-51.74999985473542,1.6983492617396904e-08,54.78042118657364,48.120000000000005
FOLLOW,0.0,55.01350701229964,-51.76688529864383,-1.5845417219538318,NO_PATH,0.0,0.0,47.04087485363957,-51.74999985473542,1.6983492617396904e-08,54.78003353840034,48.14
FOLLOW,0.0,55.01350701229964,-51.76688529864383,-1.5845417219538318,NO_PATH,0.0,0.0,47.04087485363957,-51.74999985473542,1.6983492617396904e-08,54.78003353840034,48.160000000000004
FOLLOW,0.0,55.01350701229964,-51.76688529864383,-1.5845417219538318,NO_PATH,0.0,0.0,47.04087485363957,-51.74999985473542,1.6983492617396904e-08,54.78003353840034,48.18
FOLLOW,0.0,55.01350701229964,-51.76688529864383,-1.5845417219538318,NO_PATH,0.0,0.0,47.04087485363957,-51.74999985473542,1.6983492617396904e-08,54.78003353840034,48.201
FOLLOW,0.0,55.01350701229964,-51.76688529864383,-1.5845417219538318,NO_PATH,0.0,0.0,47.04087485363957,-51.74999985473542,1.6983492617396904e-08,54.78003353840034,48.220000000000006
FOLLOW,0.0,55.01350701229964,-51.76688529864383,-1.5845417219538318,NO_PATH,0.0,0.0,47.04087485363957,-51.74999985473542,1.6983492617396904e-08,54.77827140566076,48.24
FOLLOW,0.0,55.01350701229964,-51.76688529864383,-1.5845417219538318,NO_PATH,0.0,0.0,47.04087485363957,-51.74999985473542,1.6983492617396904e-08,54.77827140566076,48.260000000000005
FOLLOW,0.0,55.01350701229964,-51.76688529864383,-1.5845417219538318,NO_PATH,0.0,0.0,47.04087485363957,-51.74999985473542,1.6983492617396904e-08,54.77827140566076,48.28
FOLLOW,0.0,55.01350701229964,-51.76688529864383,-1.5845417219538318,NO_PATH,0.0,0.0,47.04087485363957,-51.74999985473542,1.6983492617396904e-08,54.77827140566076,48.301
FOLLOW,0.0,55.01350701229964,-51.76688529864383,-1.5845417219538318,NO_PATH,0.0,0.0,47.04087485363957,-51.74999985473542,1.6983492617396904e-08,54.77827140566076,48.32
FOLLOW,0.0,55.01350701229964,-51.76688529864383,-1.5845417219538318,NO_PATH,0.0,0.0,47.04087485363957,-51.74999985473542,1.6983492617396904e-08,54.77893417755352,48.34
FOLLOW,0.0,55.01350701229964,-51.76688529864383,-1.5845417219538318,NO_PATH,0.0,0.0,47.04087485363957,-51.74999985473542,1.6983492617396904e-08,54.77893417755352,48.36000000000001
FOLLOW,0.0,55.01350701229964,-51.76688529864383,-1.5845417219538318,NO_PATH,0.0,0.0,47.04087485363957,-51.74999985473542,1.6983492617396904e-08,54.77893417755352,48.38
FOLLOW,0.0,55.01350701229964,-51.76688529864383,-1.5845417219538318,NO_PATH,0.0,0.0,47.04087485363957,-51.74999985473542,1.6983492617396904e-08,54.77893417755352,48.400000000000006
FOLLOW,0.0,55.01350701229964,-51.76688529864383,-1.5845417219538318,NO_PATH,0.0,0.0,47.04087485363957,-51.74999985473542,1.6983492617396904e-08,54.77893417755352,48.42
FOLLOW,0.0,55.01350701229964,-51.76688529864383,-1.5845417219538318,NO_PATH,0.0,0.0,47.04087485363957,-51.74999985473542,1.6983492617396904e-08,54.77929589702001,48.440000000000005
FOLLOW,0.0,55.01350701229964,-51.76688529864383,-1.5845417219538318,NO_PATH,0.0,0.0,47.04087485363957,-51.74999985473542,1.6983492617396904e-08,54.77929589702001,48.46
FOLLOW,0.0,55.01350701229964,-51.76688529864383,-1.5845417219538318,NO_PATH,0.0,0.0,47.04087485363957,-51.74999985473542,1.6983492617396904e-08,54.77929589702001,48.480000000000004
FOLLOW,0.0,55.01350701229964,-51.76688529864383,-1.5845417219538318,NO_PATH,0.0,0.0,47.04087485363957,-51.74999985473542,1.6983492617396904e-08,54.77929589702001,48.501000000000005
FOLLOW,0.0,55.01350701229964,-51.76688529864383,-1.5845417219538318,NO_PATH,0.0,0.0,47.04087485363957,-51.74999985473542,1.6983492617396904e-08,54.77929589702001,48.521
FOLLOW,0.0,55.01350701229964,-51.76688529864383,-1.5845417219538318,NO_PATH,0.0,0.0,47.04087485363957,-51.74999985473542,1.6983492617396904e-08,54.777548332543134,48.540000000000006
FOLLOW,0.0,55.01350701229964,-51.76688529864383,-1.5845417219538318,NO_PATH,0.0,0.0,47.04087485363957,-51.74999985473542,1.6983492617396904e-08,54.777548332543134,48.56
FOLLOW,0.0,55.01350701229964,-51.76688529864383,-1.5845417219538318,NO_PATH,0.0,0.0,47.04087485363957,-51.74999985473542,1.6983492617396904e-08,54.777548332543134,48.580000000000005
FOLLOW,0.0,55.01350701229964,-51.76688529864383,-1.5845417219538318,NO_PATH,0.0,0.0,47.04087485363957,-51.74999985473542,1.6983492617396904e-08,54.777548332543134,48.6
FOLLOW,0.0,55.01350701229964,-51.76688529864383,-1.5845417219538318,NO_PATH,0.0,0.0,47.04087485363957,-51.74999985473542,1.6983492617396904e-08,54.777548332543134,48.620000000000005
FOLLOW,0.0,55.01350701229964,-51.76688529864383,-1.5845417219538318,NO_PATH,0.0,0.0,47.04087485363957,-51.74999985473542,1.6983492617396904e-08,54.778599100408215,48.64
FOLLOW,0.0,55.01350701229964,-51.76688529864383,-1.5845417219538318,NO_PATH,0.0,0.0,47.04087485363957,-51.74999985473542,1.6983492617396904e-08,54.778599100408215,48.660000000000004
FOLLOW,0.0,55.01350701229964,-51.76688529864383,-1.5845417219538318,NO_PATH,0.0,0.0,47.04087485363957,-51.74999985473542,1.6983492617396904e-08,54.778599100408215,48.68
FOLLOW,0.0,55.01350701229964,-51.76688529864383,-1.5845417219538318,NO_PATH,0.0,0.0,47.04087485363957,-51.74999985473542,1.6983492617396904e-08,54.778599100408215,48.7
FOLLOW,0.0,55.01350701229964,-51.76688529864383,-1.5845417219538318,NO_PATH,0.0,0.0,47.04087485363957,-51.74999985473542,1.6983492617396904e-08,54.778599100408215,48.722
FOLLOW,0.0,55.01350701229964,-51.76688529864383,-1.5845417219538318,NO_PATH,0.0,0.0,47.04087485363957,-51.74999985473542,1.6983492617396904e-08,54.776700309645314,48.74
FOLLOW,0.0,55.01350701229964,-51.76688529864383,-1.5845417219538318,NO_PATH,0.0,0.0,47.04087485363957,-51.74999985473542,1.6983492617396904e-08,54.776700309645314,48.760000000000005
FOLLOW,0.0,55.01350701229964,-51.76688529864383,-1.5845417219538318,NO_PATH,0.0,0.0,47.04087485363957,-51.74999985473542,1.6983492617396904e-08,54.776700309645314,48.781000000000006
FOLLOW,0.0,55.01350701229964,-51.76688529864383,-1.5845417219538318,NO_PATH,0.0,0.0,47.04087485363957,-51.74999985473542,1.6983492617396904e-08,54.776700309645314,48.800000000000004
FOLLOW,0.0,55.01350701229964,-51.76688529864383,-1.5845417219538318,NO_PATH,0.0,0.0,47.04087485363957,-51.74999985473542,1.6983492617396904e-08,54.776700309645314,48.82
FOLLOW,0.0,55.01350701229964,-51.76688529864383,-1.5845417219538318,NO_PATH,0.0,0.0,47.04087485363957,-51.74999985473542,1.6983492617396904e-08,54.77882687208883,48.84
FOLLOW,0.0,55.01350701229964,-51.76688529864383,-1.5845417219538318,NO_PATH,0.0,0.0,47.04087485363957,-51.74999985473542,1.6983492617396904e-08,54.77882687208883,48.86000000000001
FOLLOW,0.0,55.01350701229964,-51.76688529864383,-1.5845417219538318,NO_PATH,0.0,0.0,47.04087485363957,-51.74999985473542,1.6983492617396904e-08,54.77882687208883,48.88
FOLLOW,0.0,55.01350701229964,-51.76688529864383,-1.5845417219538318,NO_PATH,0.0,0.0,47.04087485363957,-51.74999985473542,1.6983492617396904e-08,54.77882687208883,48.900000000000006
FOLLOW,0.0,55.01350701229964,-51.76688529864383,-1.5845417219538318,NO_PATH,0.0,0.0,47.04087485363957,-51.74999985473542,1.6983492617396904e-08,54.77882687208883,48.92
FOLLOW,0.0,55.01350701229964,-51.76688529864383,-1.5845417219538318,NO_PATH,0.0,0.0,47.04087485363957,-51.74999985473542,1.6983492617396904e-08,54.776548213215136,48.940000000000005
FOLLOW,0.0,55.01350701229964,-51.76688529864383,-1.5845417219538318,NO_PATH,0.0,0.0,47.04087485363957,-51.74999985473542,1.6983492617396904e-08,54.776548213215136,48.96
FOLLOW,0.0,55.01350701229964,-51.76688529864383,-1.5845417219538318,NO_PATH,0.0,0.0,47.04087485363957,-51.74999985473542,1.6983492617396904e-08,54.776548213215136,48.980000000000004
FOLLOW,0.9599999999750061,55.013375061149105,-51.7764843917723,-1.584541605792045,NO_PATH,0.0,0.0,47.04087485363957,-51.74999985473542,1.6983492617396904e-08,54.776548213215136,49.0
FOLLOW,1.1999999999683881,55.01304518815107,-51.800482124660526,-1.5845413153875785,NO_PATH,0.0,0.0,47.04087485363957,-51.74999985473542,1.6983492617396904e-08,54.776548213215136,49.02
FOLLOW,1.1999373460102223,55.01239114247529,-51.84847628944414,-1.5840914260665464,NO_PATH,0.0,0.0,47.04087485363957,-51.74999985473542,1.6983492617396904e-08,54.77633848140016,49.040000000000006
FOLLOW,1.1999373460102223,55.01239114247529,-51.84847628944414,-1.5840914260665464,NO_PATH,0.0,0.0,47.04087485363957,-51.74999985473542,1.6983492617396904e-08,54.77633848140016,49.06
FOLLOW,1.1999373460100653,55.01207674528587,-51.87247297671861,-1.583682673378352,NO_PATH,0.0,0.0,47.04087485363957,-51.74999985473542,1.6983492617396904e-08,54.77633848140016,49.080000000000005
FOLLOW,1.1999451967902413,55.01177205085204,-51.896469883383524,-1.5832898003728928,NO_PATH,0.0,0.0,47.04087485363957,-51.74999985473542,1.6983492617396904e-08,54.77633848140016,49.1
FOLLOW,1.199947363928484,55.01119029101014,-51.94446418600719,-1.582529140078526,NO_PATH,0.0,0.0,47.04087485363957,-51.74999985473542,1.6983492617396904e-08,54.77633848140016,49.120000000000005
FOLLOW,1.199947363928484,55.01119029101014,-51.94446418600719,-1.582529140078526,NO_PATH,0.0,0.0,47.04087485363957,-51.74999985473542,1.6983492617396904e-08,54.7735773768491,49.14
FOLLOW,1.1999524205847925,55.010912781374735,-51.96846162976679,-1.5821729389031356,NO_PATH,0.0,0.0,47.04087485363957,-51.74999985473542,1.6983492617396904e-08,54.7735773768491,49.160000000000004
FOLLOW,1.1999524205855066,55.01064381967442,-51.99245917085325,-1.5818167377277461,NO_PATH,0.0,0.0,47.04087485363957,-51.74999985473542,1.6983492617396904e-08,54.7735773768491,49.18
FOLLOW,1.1999617357614663,55.010383232585085,-52.016456925461554,-1.5814844347762862,NO_PATH,0.0,0.0,47.04087485363957,-51.74999985473542,1.6983492617396904e-08,54.7735773768491,49.2
FOLLOW,1.1999617357616785,55.01013037229186,-52.04045482794705,-1.5811650000992488,NO_PATH,0.0,0.0,47.04087485363957,-51.74999985473542,1.6983492617396904e-08,54.7735773768491,49.220000000000006
FOLLOW,1.1999637550693683,55.009885169716426,-52.06445283009345,-1.5808499288097442,NO_PATH,0.0,0.0,47.04087485363957,-51.74999985473542,1.6983492617396904e-08,54.77294253071951,49.24
FOLLOW,1.1999667840335406,55.00964728659155,-52.08845098669957,-1.5805523110703683,NO_PATH,0.0,0.0,47.04087485363957,-51.74999985473542,1.6983492617396904e-08,54.77294253071951,49.260000000000005
FOLLOW,1.1999667840331951,55.009416545754206,-52.112449213041074,-1.580254693330996,NO_PATH,0.0,0.0,47.04087485363957,-51.74999985473542,1.6983492617396904e-08,54.77294253071951,49.28
FOLLOW,1.1999732376946168,55.00919278001637,-52.13644759580204,-1.5799784065577165,NO_PATH,0.0,0.0,47.04087485363957,-51.74999985473542,1.6983492617396904e-08,54.77294253071951,49.300000000000004
FOLLOW,1.1999732376945182,55.008975463371556,-52.1604460765567,-1.5797112616270481,NO_PATH,0.0,0.0,47.04087485363957,-51.74999985473542,1.6983492617396904e-08,54.77294253071951,49.32
FOLLOW,1.1999753345075213,55.00876454137853,-52.18444463533638,-1.579449532361103,NO_PATH,0.0,0.0,47.04087485363957,-51.74999985473542,1.6983492617396904e-08,54.7730468954024,49.34
FOLLOW,1.1999767323819124,55.00855971056097,-52.208443295812934,-1.5792004396461774,NO_PATH,0.0,0.0,47.04087485363957,-51.74999985473542,1.6983492617396904e-08,54.7730468954024,49.36000000000001
FOLLOW,1.1999767323829247,55.008360857641186,-52.23244200656685,-1.578951346931253,NO_PATH,0.0,0.0,47.04087485363957,-51.74999985473542,1.6983492617396904e-08,54.7730468954024,49.38
FOLLOW,1.19998120905531,55.00816782307938,-52.25644083198826,-1.5787211854223753,NO_PATH,0.0,0.0,47.04087485363957,-51.74999985473542,1.6983492617396904e-08,54.7730468954024,49.400000000000006
FOLLOW,1.1999812090556434,55.00798018322542,-52.280439722581775,-1.5784973343155149,NO_PATH,0.0,0.0,47.04087485363957,-51.74999985473542,1.6983492617396904e-08,54.7730468954024,49.42
FOLLOW,1.1999831507983376,55.00779789028171,-52.304438673805514,-1.5782794659499573,NO_PATH,0.0,0.0,47.04087485363957,-51.74999985473542,1.6983492617396904e-08,54.77204965320316,49.440000000000005
FOLLOW,1.1999836362334002,55.00762068036371,-52.32843769223225,-1.5780705716963537,NO_PATH,0.0,0.0,47.04087485363957,-51.74999985473542,1.6983492617396904e-08,54.77204965320316,49.46
FOLLOW,1.1999857615102643,55.00728112314798,-52.3764358809247,-1.5776675219434486,NO_PATH,0.0,0.0,47.04087485363957,-51.74999985473542,1.6983492617396904e-08,54.77204965320316,49.481
FOLLOW,1.1999857615102643,55.00728112314798,-52.3764358809247,-1.5776675219434486,NO_PATH,0.0,0.0,47.04087485363957,-51.74999985473542,1.6983492617396904e-08,54.77204965320316,49.5
FOLLOW,1.1999884906981495,55.006960366200985,-52.42443426936989,-1.5772886243178894,NO_PATH,0.0,0.0,47.04087485363957,-51.74999985473542,1.6983492617396904e-08,54.77204965320316,49.522000000000006
FOLLOW,1.1999884906981495,55.006960366200985,-52.42443426936989,-1.5772886243178894,NO_PATH,0.0,0.0,47.04087485363957,-51.74999985473542,1.6983492617396904e-08,54.77194294687691,49.540000000000006
FOLLOW,1.1999884906981797,55.00680655075444,-52.44843354624363,-1.5771134343621023,NO_PATH,0.0,0.0,47.04087485363957,-51.74999985473542,1.6983492617396904e-08,54.77194294687691,49.56
FOLLOW,1.199989086350896,55.00665693548455,-52.472432855626415,-1.5769405895906556,NO_PATH,0.0,0.0,47.04087485363957,-51.74999985473542,1.6983492617396904e-08,54.77194294687691,49.580000000000005
FOLLOW,1.1999899798299019,55.006511338776455,-52.49643221355524,-1.5767771255565697,NO_PATH,0.0,0.0,47.04087485363957,-51.74999985473542,1.6983492617396904e-08,54.77194294687691,49.6
FOLLOW,1.1999899798302271,55.00636966510216,-52.520431594963256,-1.576613661522482,NO_PATH,0.0,0.0,47.04087485363957,-51.74999985473542,1.6983492617396904e-08,54.77194294687691,49.620000000000005
FOLLOW,1.199991876525936,55.00623182541734,-52.54443102525593,-1.576461594720247,NO_PATH,0.0,0.0,47.04087485363957,-51.74999985473542,1.6983492617396904e-08,54.77704897454905,49.64
FOLLOW,1.1999918765251187,55.006097538474975,-52.5684304870722,-1.576314412445949,NO_PATH,0.0,0.0,47.04087485363957,-51.74999985473542,1.6983492617396904e-08,54.77704897454905,49.660000000000004
FOLLOW,1.1999925982479116,55.00596677162285,-52.59242997554471,-1.576170610124287,NO_PATH,0.0,0.0,47.04087485363957,-51.74999985473542,1.6983492617396904e-08,54.77704897454905,49.68
FOLLOW,1.1999929075570404,55.005839357962685,-52.61642949545926,-1.576033084857523,NO_PATH,0.0,0.0,47.04087485363957,-51.74999985473542,1.6983492617396904e-08,54.77704897454905,49.7
FOLLOW,1.1999929075573967,55.00571524484409,-52.64042903266945,-1.5758955595907596,NO_PATH,0.0,0.0,47.04087485363957,-51.74999985473542,1.6983492617396904e-08,54.77704897454905,49.720000000000006
FOLLOW,1.1999942317791297,55.00547638049395,-52.68842820350261,-1.5756454865279779,NO_PATH,0.0,0.0,47.04087485363957,-51.74999985473542,1.6983492617396904e-08,54.775636505901126,49.74
FOLLOW,1.1999949492622275,55.00536137196505,-52.71242782260457,-1.5755270412165618,NO_PATH,0.0,0.0,47.04087485363957,-51.74999985473542,1.6983492617396904e-08,54.775636505901126,49.760000000000005
FOLLOW,1.1999949492622275,55.00536137196505,-52.71242782260457,-1.5755270412165618,NO_PATH,0.0,0.0,47.04087485363957,-51.74999985473542,1.6983492617396904e-08,54.775636505901126,49.78
FOLLOW,1.199994949263595,55.00524915872115,-52.736427459244446,-1.575410986742206,NO_PATH,0.0,0.0,47.04087485363957,-51.74999985473542,1.6983492617396904e-08,54.775636505901126,49.800000000000004
FOLLOW,1.199995200136501,55.00513972805195,-52.76042711124216,-1.5752964211489273,NO_PATH,0.0,0.0,47.04087485363957,-51.74999985473542,1.6983492617396904e-08,54.775636505901126,49.82
FOLLOW,1.1999955764495616,55.00503296468798,-52.784426785290314,-1.5751878110799495,NO_PATH,0.0,0.0,47.04087485363957,-51.74999985473542,1.6983492617396904e-08,54.77875569441895,49.84
FOLLOW,1.199996393569834,55.004827181818044,-52.83242618022,-1.5749790253387435,NO_PATH,0.0,0.0,47.04087485363957,-51.74999985473542,1.6983492617396904e-08,54.77875569441895,49.861000000000004
FOLLOW,1.199996393569834,55.004827181818044,-52.83242618022,-1.5749790253387435,NO_PATH,0.0,0.0,47.04087485363957,-51.74999985473542,1.6983492617396904e-08,54.77875569441895,49.88
FOLLOW,1.199996393569549,55.004727915599034,-52.85642590279318,-1.5748809582657004,NO_PATH,0.0,0.0,47.04087485363957,-51.74999985473542,1.6983492617396904e-08,54.77875569441895,49.900000000000006
FOLLOW,1.1999968365420366,55.00463098241777,-52.88042563977611,-1.5747863121775556,NO_PATH,0.0,0.0,47.04087485363957,-51.74999985473542,1.6983492617396904e-08,54.77875569441895,49.92
FOLLOW,1.1999970309464325,55.00444375902728,-52.92842514998114,-1.5746040752916333,NO_PATH,0.0,0.0,47.04087485363957,-51.74999985473542,1.6983492617396904e-08,54.77875569441895,49.940000000000005
FOLLOW,1.1999972253513354,55.0043533540896,-52.952424924207826,-1.5745180574514512,NO_PATH,0.0,0.0,47.04087485363957,-51.74999985473542,1.6983492617396904e-08,54.77960364215857,49.96
FOLLOW,1.1999972253513354,55.0043533540896,-52.952424924207826,-1.5745180574514512,NO_PATH,0.0,0.0,47.04087485363957,-51.74999985473542,1.6983492617396904e-08,54.77960364215857,49.980000000000004
FOLLOW,1.199997225349708,55.00426501356099,-52.97642470612216,-1.57443203961127,NO_PATH,0.0,0.0,47.04087485363957,-51.74999985473542,1.6983492617396904e-08,54.77960364215857,50.0
FOLLOW,1.1999977286762271,55.00417868580602,-53.00042450291193,-1.5743521657550263,NO_PATH,0.0,0.0,47.04087485363957,-51.74999985473542,1.6983492617396904e-08,54.77960364215857,50.02
FOLLOW,1.1999977286765573,55.00409423321995,-53.02442430889037,-1.5742743398934282,NO_PATH,0.0,0.0,47.04087485363957,-51.74999985473542,1.6983492617396904e-08,54.78091209490067,50.040000000000006
FOLLOW,1.1999979759777235,55.00401163793523,-53.04842412380587,-1.5741987007238165,NO_PATH,0.0,0.0,47.04087485363957,-51.74999985473542,1.6983492617396904e-08,54.78091209490067,50.06
FOLLOW,1.1999980034570787,55.00393081306683,-53.07242394777202,-1.574125734177745,NO_PATH,0.0,0.0,47.04087485363957,-51.74999985473542,1.6983492617396904e-08,54.78091209490067,50.080000000000005
FOLLOW,1.199998003456512,55.0038517393829,-53.09642377757178,-1.574052767631671,NO_PATH,0.0,0.0,47.04087485363957,-51.74999985473542,1.6983492617396904e-08,54.78091209490067,50.101000000000006
FOLLOW,1.1999982451802451,55.00377437501353,-53.12042361729412,-1.5739839046752204,NO_PATH,0.0,0.0,47.04087485363957,-51.74999985473542,1.6983492617396904e-08,54.78091209490067,50.120000000000005
FOLLOW,1.199998245181053,55.00369865322059,-53.144423462738644,-1.5739154976731717,NO_PATH,0.0,0.0,47.04087485363957,-51.74999985473542,1.6983492617396904e-08,54.780246235299046,50.14
FOLLOW,1.1999985603543755,55.00362455576918,-53.16842331640529,-1.573850314108474,NO_PATH,0.0,0.0,47.04087485363957,-51.74999985473542,1.6983492617396904e-08,54.780246235299046,50.160000000000004
FOLLOW,1.1999985603546015,55.00355196661687,-53.19242317783347,-1.5737883539811262,NO_PATH,0.0,0.0,47.04087485363957,-51.74999985473542,1.6983492617396904e-08,54.780246235299046,50.18
FOLLOW,1.199998733682692,55.003411205522305,-53.240422917292086,-1.5736682832202797,NO_PATH,0.0,0.0,47.04087485363957,-51.74999985473542,1.6983492617396904e-08,54.780246235299046,50.2
FOLLOW,1.199998733682692,55.003411205522305,-53.240422917292086,-1.5736682832202797,NO_PATH,0.0,0.0,47.04087485363957,-51.74999985473542,1.6983492617396904e-08,54.780246235299046,50.220000000000006
FOLLOW,1.1999987336824487,55.00334294119342,-53.26442279487835,-1.57361017258678,NO_PATH,0.0,0.0,47.04087485363957,-51.74999985473542,1.6983492617396904e-08,54.78109920365416,50.24
FOLLOW,1.1999989569183855,55.003276032837306,-53.28842267985549,-1.5735563581413894,NO_PATH,0.0,0.0,47.04087485363957,-51.74999985473542,1.6983492617396904e-08,54.78109920365416,50.260000000000005
FOLLOW,1.1999989569196639,55.00321039346447,-53.312422569229874,-1.5735036177430268,NO_PATH,0.0,0.0,47.04087485363957,-51.74999985473542,1.6983492617396904e-08,54.78109920365416,50.28
FOLLOW,1.1999990294680638,55.003146017017606,-53.33642246275067,-1.57345182263808,NO_PATH,0.0,0.0,47.04087485363957,-51.74999985473542,1.6983492617396904e-08,54.78109920365416,50.300000000000004
YIELD,1.1999990778334355,55.00308285055823,-53.360422361179644,-1.5734022332177684,NO_PATH,0.0,0.0,47.04087485363957,-51.74999985473542,1.6983492617396904e-08,54.78109920365416,50.32
YIELD,1.1999990778345508,55.003020874239986,-53.38442226271152,-1.5733526437974568,NO_PATH,0.0,0.0,47.04087485363957,-51.74999985473542,1.6983492617396904e-08,54.7825390032605,50.34
YIELD,1.1999992360292038,55.0029600471731,-53.40842217003158,-1.5733070625024859,NO_PATH,0.0,0.0,47.04087485363957,-51.74999985473542,1.6983492617396904e-08,54.7825390032605,50.36000000000001
YIELD,1.1999992360295622,55.00290030416566,-53.43242208039109,-1.573261926554776,NO_PATH,0.0,0.0,47.04087485363957,-51.74999985473542,1.6983492617396904e-08,54.7825390032605,50.38
YIELD,1.19999932221458,55.002841635761776,-53.45642199434972,-1.573218232761652,NO_PATH,0.0,0.0,47.04087485363957,-51.74999985473542,1.6983492617396904e-08,54.7825390032605,50.400000000000006
YIELD,1.199999322213455,55.00278399476443,-53.480421911573636,-1.5731757189131932,NO_PATH,0.0,0.0,47.04087485363957,-51.74999985473542,1.6983492617396904e-08,54.7825390032605,50.42100000000001
YIELD,1.1999993298851215,55.00272737409578,-53.50442183130311,-1.5731333289774811,NO_PATH,0.0,0.0,47.04087485363957,-51.74999985473542,1.6983492617396904e-08,54.7825390032605,50.440000000000005
YIELD,1.1999993989315887,55.00267174252684,-53.52842175480355,-1.5730932933839785,NO_PATH,0.0,0.0,47.04087485363957,-51.74999985473542,1.6983492617396904e-08,54.77876320396107,50.46
YIELD,1.1999993989322557,55.00261707180913,-53.55242168051199,-1.5730532577904754,NO_PATH,0.0,0.0,47.04087485363957,-51.74999985473542,1.6983492617396904e-08,54.77876320396107,50.480000000000004
YIELD,1.1999994996669683,55.00251049482112,-53.60042154156395,-1.5729791512190678,NO_PATH,0.0,0.0,47.04087485363957,-51.74999985473542,1.6983492617396904e-08,54.77876320396107,50.5
YIELD,1.1999994996669683,55.00251049482112,-53.60042154156395,-1.5729791512190678,NO_PATH,0.0,0.0,47.04087485363957,-51.74999985473542,1.6983492617396904e-08,54.77876320396107,50.52
YIELD,1.1999995549818752,55.002407385063556,-53.64842141228809,-1.5729089028503043,NO_PATH,0.0,0.0,47.04087485363957,-51.74999985473542,1.6983492617396904e-08,nan,50.540000000000006
YIELD,1.1999995549818752,55.002407385063556,-53.64842141228809,-1.5729089028503043,NO_PATH,0.0,0.0,47.04087485363957,-51.74999985473542,1.6983492617396904e-08,nan,50.56
YIELD,1.1999995549811542,55.002357076009545,-53.67242135065725,-1.5728744540937816,NO_PATH,0.0,0.0,47.04087485363957,-51.74999985473542,1.6983492617396904e-08,nan,50.580000000000005
YIELD,1.1999996270541178,55.00230756995365,-53.69642129192167,-1.5728424811175676,NO_PATH,0.0,0.0,47.04087485363957,-51.74999985473542,1.6983492617396904e-08,nan,50.6
YIELD,1.1999996270544502,55.00225882180982,-53.72042123495375,-1.5728109450437593,NO_PATH,0.0,0.0,47.04087485363957,-51.74999985473542,1.6983492617396904e-08,nan,50.620000000000005
YIELD,1.1999996587718136,55.00221082763409,-53.74442117982264,-1.5727800983189135,NO_PATH,0.0,0.0,47.04087485363957,-51.74999985473542,1.6983492617396904e-08,nan,50.64
YIELD,1.1999996667014359,55.002117001921214,-53.79242107478279,-1.5727204729161086,NO_PATH,0.0,0.0,47.04087485363957,-51.74999985473542,1.6983492617396904e-08,nan,50.660000000000004
YIELD,1.1999996667014359,55.002117001921214,-53.79242107478279,-1.5727204729161086,NO_PATH,0.0,0.0,47.04087485363957,-51.74999985473542,1.6983492617396904e-08,nan,50.68
YIELD,1.1999997189749045,55.0020711399412,-53.81642102523774,-1.5726928540152134,NO_PATH,0.0,0.0,47.04087485363957,-51.74999985473542,1.6983492617396904e-08,nan,50.7
YIELD,1.1999997189746376,55.002025935401875,-53.84042097704457,-1.5726654788699301,NO_PATH,0.0,0.0,47.04087485363957,-51.74999985473542,1.6983492617396904e-08,nan,50.720000000000006
YIELD,1.19999974774504,55.00198138112888,-53.864420930441455,-1.57263903916688,NO_PATH,0.0,0.0,47.04087485363957,-51.74999985473542,1.6983492617396904e-08,nan,50.74
YIELD,1.1999997477465723,55.001937451736154,-53.88842088519167,-1.5726131031634938,NO_PATH,0.0,0.0,47.04087485363957,-51.74999985473542,1.6983492617396904e-08,nan,50.760000000000005
YIELD,1.1999997528736335,55.00189414472506,-53.91242084112431,-1.5725873024807633,NO_PATH,0.0,0.0,47.04087485363957,-51.74999985473542,1.6983492617396904e-08,nan,50.78
YIELD,1.1999997733825118,55.00180932842719,-53.960420757119245,-1.5725381368870888,NO_PATH,0.0,0.0,47.04087485363957,-51.74999985473542,1.6983492617396904e-08,nan,50.801
YIELD,1.1999997733825118,55.00180932842719,-53.960420757119245,-1.5725381368870888,NO_PATH,0.0,0.0,47.04087485363957,-51.74999985473542,1.6983492617396904e-08,nan,50.82
YIELD,1.1999998073780376,55.001767796276894,-53.98442071709243,-1.5725148012833754,NO_PATH,0.0,0.0,47.04087485363957,-51.74999985473542,1.6983492617396904e-08,nan,50.84
YIELD,1.1999998206009581,55.001686368794104,-54.0324206404486,-1.5724698721597954,NO_PATH,0.0,0.0,47.04087485363957,-51.74999985473542,1.6983492617396904e-08,nan,50.86000000000001
YIELD,1.1999998206009581,55.001686368794104,-54.0324206404486,-1.5724698721597954,NO_PATH,0.0,0.0,47.04087485363957,-51.74999985473542,1.6983492617396904e-08,nan,50.88
YIELD,1.1999998262653697,55.001607045995485,-54.08042056795271,-1.5724268238136405,NO_PATH,0.0,0.0,47.04087485363957,-51.74999985473542,1.6983492617396904e-08,nan,50.900000000000006
YIELD,1.1999998262653697,55.001607045995485,-54.08042056795271,-1.5724268238136405,NO_PATH,0.0,0.0,47.04087485363957,-51.74999985473542,1.6983492617396904e-08,nan,50.92
YIELD,1.1999998430251935,55.00152974218122,-54.12842049940486,-1.572385851442365,TRACKING,0.0,0.0,47.04087485363957,-51.74999985473542,1.6983492617396904e-08,nan,50.941
YIELD,1.1999998430251935,55.00152974218122,-54.12842049940486,-1.572385851442365,TRACKING,0.0,0.020249236155933662,47.041131341148805,-51.74999985473106,1.698374895620633e-08,nan,50.96
YIELD,1.1999998650736037,55.00149182282311,-54.15242046652967,-1.5723661374401592,TRACKING,0.0,0.05024923615692957,47.04198632587193,-51.74999985471654,1.6984603810248373e-08,nan,50.980000000000004
YIELD,1.1999998650749453,55.00141735967309,-54.200420403371815,-1.5723282005724841,TRACKING,0.0269999998,0.08024923615579384,47.04344131059505,-51.74999985469183,1.6986058605672083e-08,nan,51.0
YIELD,1.1999998650749453,55.00141735967309,-54.200420403371815,-1.5723282005724841,TRACKING,0.0869999998,0.11024923615536866,47.04549629531817,-51.74999985465691,1.6988113289370525e-08,nan,51.021
YIELD,1.1999998774002234,55.00138080084679,-54.224420373074736,-1.5723101193015434,TRACKING,0.117,0.14024923615636456,47.048151280041296,-51.74999985461181,1.6990767785719595e-08,nan,51.041000000000004
YIELD,1.199999877400401,55.00134467597045,-54.24842034343475,-1.5722920380306031,TRACKING,0.117,0.17024923615593937,47.05140626476441,-51.7499998545565,1.6994021997139808e-08,nan,51.06
YIELD,1.1999998934887184,55.00127368915986,-54.29642028656847,-1.5722579018983247,TRACKING,0.177,0.2002492361555142,47.05526124948753,-51.74999985449098,1.6997875803212215e-08,nan,51.081
YIELD,1.1999998934887184,55.00127368915986,-54.29642028656847,-1.5722579018983247,TRACKING,0.207,0.2302492361565101,47.059716234210654,-51.749999854415236,1.7002329062491895e-08,nan,51.1
YIELD,1.199999896162737,55.00123880336896,-54.320420259110136,-1.572241156777638,TRACKING,0.237,0.2602492361560849,47.06477121893377,-51.74999985432927,1.7007381610527985e-08,nan,51.120000000000005
YIELD,1.1999999023982333,55.00120431138013,-54.34442023237247,-1.5722250237885464,TRACKING,0.237,0.29024923615565973,47.07042620365689,-51.74999985423306,1.7013033261516342e-08,nan,51.14
YIELD,1.1999999023970669,55.001170206582614,-54.36842020618812,-1.572208890799454,TRACKING,0.267,0.3202492361566556,47.07668118838002,-51.74999985412662,1.7019283808172762e-08,nan,51.160000000000004
YIELD,1.1999999140749658,55.00110312504155,-54.416420155804865,-1.5721783177241289,TRACKING,0.327,0.35024923615623044,47.08353617310314,-51.74999985400993,1.702613302203228e-08,nan,51.18
YIELD,1.1999999140749658,55.00110312504155,-54.416420155804865,-1.5721783177241289,TRACKING,0.357,0.3802492361550947,47.09099115782626,-51.74999985388296,1.7033580653135933e-08,nan,51.2
YIELD,1.1999999205224268,55.001037488332656,-54.46442010764399,-1.572148738217118,TRACKING,0.357,0.4102492361568012,47.09904614254939,-51.74999985374571,1.704162643186186e-08,nan,51.225
YIELD,1.1999999205224268,55.001037488332656,-54.46442010764399,-1.572148738217118,TRACKING,0.417,0.4372492361561343,47.10764862880019,-51.74999985359907,1.7050217655709165e-08,nan,51.24
YIELD,1.1999999205227474,55.0010051964333,-54.48842008432991,-1.5721341800705304,TRACKING,0.417,0.4672492361557091,47.11684361352331,-51.74999985344223,1.705939895237449e-08,nan,51.260000000000005
YIELD,1.1999999289307628,55.00097324666214,-54.512420061625086,-1.5721203343514716,TRACKING,0.474,0.4972492361559945,47.12663859824643,-51.74999985327507,1.7069177504419862e-08,nan,51.28
YIELD,1.1999999289302719,55.00094162743059,-54.53642003937484,-1.5721065677910275,TRACKING,0.474,0.5272492361562798,47.13703358296955,-51.749999853097556,1.7079552975689414e-08,nan,51.300000000000004
CRUISE,0.23999998578601067,55.000922814482294,-54.55082002623283,-1.5720983078547615,TRACKING,0.534,0.5572492361558546,47.14802856769267,-51.74999985290968,1.7090525017162785e-08,nan,51.32
CRUISE,0.0,55.000922814482294,-54.55082002623283,-1.5720983078547615,TRACKING,0.534,0.58724923615614,47.159623552415795,-51.74999985271142,1.7102093266288467e-08,nan,51.34
CRUISE,0.0,55.000922814482294,-54.55082002623283,-1.5720983078547615,TRACKING,0.594,0.6172492361564254,47.17181853713892,-51.74999985250273,1.71142573569678e-08,nan,51.36000000000001
CRUISE,0.0,55.000922814482294,-54.55082002623283,-1.5720983078547615,TRACKING,0.624,0.6472492361560002,47.18461352186204,-51.74999985228362,1.7127016918003393e-08,nan,51.38
CRUISE,0.0,55.000922814482294,-54.55082002623283,-1.5720983078547615,TRACKING,0.624,0.6772492361562855,47.19800850658517,-51.74999985205407,1.7140371575239244e-08,nan,51.400000000000006
CRUISE,0.0,55.000922814482294,-54.55082002623283,-1.5720983078547615,TRACKING,0.684,0.7072492361558603,47.21200349130829,-51.74999985181404,1.7154320961193254e-08,nan,51.42
CRUISE,0.0,55.000922814482294,-54.55082002623283,-1.5720983078547615,TRACKING,0.714,0.7357492361563801,47.22657447679525,-51.749999851563906,1.716884080688544e-08,nan,51.440000000000005
CRUISE,0.0,55.000922814482294,-54.55082002623283,-1.5720983078547615,TRACKING,0.7425,0.7657492361552444,47.241739461518364,-51.74999985130336,1.7183948700257113e-08,nan,51.46
CRUISE,0.0,55.000922814482294,-54.55082002623283,-1.5720983078547615,TRACKING,0.7425,0.7957492361562403,47.25750444624149,-51.74999985103226,1.719965029973378e-08,nan,51.480000000000004
CRUISE,0.0,55.000922814482294,-54.55082002623283,-1.5720983078547615,TRACKING,0.7725,0.8257492361565257,47.27386943096461,-51.74999985075056,1.7215945304681234e-08,nan,51.5
CRUISE,0.0,55.000922814482294,-54.55082002623283,-1.5720983078547615,TRACKING,0.8025,0.85574923615539,47.290834415687726,-51.74999985045825,1.7232833445927016e-08,nan,51.52
CRUISE,0.0,55.000922814482294,-54.55082002623283,-1.5720983078547615,TRACKING,0.8325,0.8857492361563859,47.308399400410856,-51.74999985015531,1.7250314493725e-08,nan,51.540000000000006
CRUISE,0.0,55.000922814482294,-54.55082002623283,-1.5720983078547615,TRACKING,0.8925,0.9157492361566713,47.32656438513398,-51.74999984984168,1.7268388267666475e-08,nan,51.56
CRUISE,0.0,55.000922814482294,-54.55082002623283,-1.5720983078547615,TRACKING,0.8925,0.9457492361555355,47.3453293698571,-51.74999984951734,1.7287054644066828e-08,nan,51.580000000000005
CRUISE,0.0,55.000922814482294,-54.55082002623283,-1.5720983078547615,TRACKING,0.9225,0.9757492361558209,47.364694354580216,-51.74999984918225,1.7306313566800676e-08,nan,51.6
CRUISE,0.0,55.000922814482294,-54.55082002623283,-1.5720983078547615,TRACKING,0.9825,1.0057492361561062,47.38465933930333,-51.749999848836396,1.732616505419982e-08,nan,51.620000000000005
CRUISE,0.0,55.000922814482294,-54.55082002623283,-1.5720983078547615,TRACKING,1.0125,1.035749236155681,47.405224324026456,-51.749999848479725,1.7346609210124566e-08,nan,51.64
CRUISE,0.0,55.000922814482294,-54.55082002623283,-1.5720983078547615,TRACKING,1.0425,1.0657492361559664,47.42638930874958,-51.749999848112196,1.7367646229213002e-08,nan,51.660000000000004
CRUISE,0.0,55.000922814482294,-54.55082002623283,-1.5720983078547615,TRACKING,1.0425,1.0957492361562517,47.4481542934727,-51.74999984773379,1.7389276415885494e-08,nan,51.68
CRUISE,0.0,55.000922814482294,-54.55082002623283,-1.5720983078547615,TRACKING,1.1025,1.1257492361558266,47.470519278195816,-51.749999847344455,1.74115001804609e-08,nan,51.7
CRUISE,0.0,55.000922814482294,-54.55082002623283,-1.5720983078547615,TRACKING,1.1025,1.155749236156112,47.49348426291894,-51.74999984694415,1.7434318047719326e-08,nan,51.720000000000006
CRUISE,0.0,55.000922814482294,-54.55082002623283,-1.5720983078547615,TRACKING,1.1625,1.1857492361563973,47.51704924764206,-51.74999984653285,1.745773068302767e-08,nan,51.74
CRUISE,0.0,55.000922814482294,-54.55082002623283,-1.5720983078547615,TRACKING,1.1625,1.215749236155972,47.541214232365185,-51.7499998461105,1.748173887721614e-08,nan,51.760000000000005
CRUISE,0.0,55.000922814482294,-54.55082002623283,-1.5720983078547615,TRACKING,1.1925,1.2457492361562574,47.56597921708831,-51.74999984567706,1.750634355964242e-08,nan,51.78
CRUISE,0.0,55.000922814482294,-54.55082002623283,-1.5720983078547615,TRACKING,1.2225,1.2757492361558322,47.59134420181143,-51.74999984523249,1.7531545806959165e-08,nan,51.800000000000004
CRUISE,0.0,55.000922814482294,-54.55082002623283,-1.5720983078547615,TRACKING,1.2525,1.3057492361561176,47.617309186534555,-51.74999984477674,1.7557346832264412e-08,nan,51.82
CRUISE,0.0,55.000922814482294,-54.55082002623283,-1.5720983078547615,TRACKING,1.2825,1.3357492361556924,47.64387417125767,-51.74999984430977,1.7583747998432972e-08,nan,51.84
CRUISE,0.0,55.000922814482294,-54.55082002623283,-1.5720983078547615,TRACKING,1.3425,1.3657492361559778,47.67103915598079,-51.74999984383157,1.7610750795695496e-08,nan,51.86000000000001
CRUISE,0.0,55.000922814482294,-54.55082002623283,-1.5720983078547615,TRACKING,1.3725,1.3957492361562631,47.69880414070392,-51.749999843342,1.7638356849133493e-08,nan,51.88
CRUISE,0.0,55.000922814482294,-54.55082002623283,-1.5720983078547615,TRACKING,1.4025,1.425749236155838,47.72716912542704,-51.74999984284107,1.7666567905360307e-08,nan,51.900000000000006
YIELD,0.0,55.000922814482294,-54.55082002623283,-1.5720983078547615,NO_PATH,1.4325,1.4557492361561233,47.756134110150164,-51.74999984232877,1.769538581809381e-08,nan,51.92100000000001
YIELD,0.0,55.000922814482294,-54.55082002623283,-1.5720983078547615,NO_PATH,1.4325,1.4857492361564086,47.78569909487329,-51.74999984180501,1.772481252423861e-08,nan,51.940000000000005
YIELD,0.0,55.000922814482294,-54.55082002623283,-1.5720983078547615,NO_PATH,1.4625,1.4508013749974682,47.81501212160744,-51.74999984128486,1.7754001756876688e-08,nan,51.96
YIELD,0.0,55.000922814482294,-54.55082002623283,-1.5720983078547615,NO_PATH,1.4925,1.3965015276887984,47.843242150632726,-51.749999840783154,1.7782125905276634e-08,nan,51.980000000000004
YIELD,0.0,55.000922814482294,-54.55082002623283,-1.5720983078547615,NO_PATH,1.383,1.3365015276868066,47.87027218118647,-51.74999984030204,1.7809067651635435e-08,nan,52.0
YIELD,0.0,55.000922814482294,-54.55082002623283,-1.5720983078547615,TRACKING,1.323,1.2795015276871882,47.896159210212545,-51.749999839840605,1.7834882755069643e-08,nan,52.02
YIELD,0.0,55.000922814482294,-54.55082002623283,-1.5720983078547615,TRACKING,1.266,1.219501527688749,47.92084924076631,-51.749999839399884,1.7859516176794606e-08,nan,52.040000000000006
YIELD,0.0,55.000922814482294,-54.55082002623283,-1.5720983078547615,TRACKING,1.206,1.2245993125006296,47.94519272854558,-51.749999838964776,1.7883815351019827e-08,nan,52.06
YIELD,0.0,55.000922814482294,-54.55082002623283,-1.5720983078547615,TRACKING,1.23,1.2517492361567408,47.97007771403294,-51.74999983851941,1.7908667364981562e-08,nan,52.080000000000005
YIELD,0.0,55.000922814482294,-54.55082002623283,-1.5720983078547615,TRACKING,1.23,1.2817492361563156,47.99556269875605,-51.74999983806267,1.7934131700062516e-08,nan,52.1
YIELD,0.0,55.000922814482294,-54.55082002623283,-1.5720983078547615,TRACKING,1.2585,1.3117492361558905,48.02164768347917,-51.749999837594565,1.7960209424681763e-08,nan,52.120000000000005
YIELD,0.0,55.000922814482294,-54.55082002623283,-1.5720983078547615,TRACKING,1.3185,1.3417492361561758,48.0483326682023,-51.74999983711495,1.7986901537980935e-08,nan,52.14
YIELD,0.0,55.000922814482294,-54.55082002623283,-1.5720983078547615,TRACKING,1.3485,1.3717492361564612,48.075617652925416,-51.74999983662386,1.8014208965475177e-08,nan,52.161
YIELD,0.0,55.000922814482294,-54.55082002623283,-1.5720983078547615,TRACKING,1.3485,1.4017492361553254,48.10350263764853,-51.749999836121205,1.8042132525622543e-08,nan,52.18
YIELD,0.0,55.000922814482294,-54.55082002623283,-1.5720983078547615,TRACKING,1.3785,1.4317492361563213,48.13198762237166,-51.749999835606964,1.8070672893134583e-08,nan,52.2
YIELD,0.0,55.000922814482294,-54.55082002623283,-1.5720983078547615,TRACKING,1.4085,1.4617492361566067,48.16107260709478,-51.74999983508107,1.8099830601083294e-08,nan,52.220000000000006
YIELD,0.0,55.000922814482294,-54.55082002623283,-1.5720983078547615,TRACKING,1.4685,1.491749236155471,48.1907575918179,-51.74999983454347,1.812960598270673e-08,nan,52.24
YIELD,0.0,55.000922814482294,-54.55082002623283,-1.5720983078547615,TRACKING,1.4685,1.5217492361557563,48.22104257654102,-51.74999983399413,1.8159999159122043e-08,nan,52.260000000000005
YIELD,0.0,55.000922814482294,-54.55082002623283,-1.5720983078547615,TRACKING,1.4985,1.5517492361560417,48.25192756126414,-51.74999983343297,1.8191010008974973e-08,nan,52.28
YIELD,0.0,55.000922814482294,-54.55082002623283,-1.5720983078547615,TRACKING,1.5585,1.5817492361556165,48.283412545987254,-51.74999983285994,1.8222638141319782e-08,nan,52.300000000000004
YIELD,0.0,55.000922814482294,-54.55082002623283,-1.5720983078547615,TRACKING,1.5585,1.611749236155902,48.31549753071038,-51.749999832274995,1.8254882884679915e-08,nan,52.32
YIELD,0.0,55.000922814482294,-54.55082002623283,-1.5720983078547615,TRACKING,1.5885,1.6417492361561874,48.3481825154335,-51.74999983167805,1.828774324254162e-08,nan,52.34
YIELD,0.0,55.000922814482294,-54.55082002623283,-1.5720983078547615,TRACKING,1.6185,1.6717492361557622,48.381467500156624,-51.74999983106908,1.8321217900062092e-08,nan,52.36000000000001
YIELD,0.0,55.000922814482294,-54.55082002623283,-1.5720983078547615,TRACKING,1.6785,1.7017492361560476,48.41535248487975,-51.74999983044799,1.8355305187483972e-08,nan,52.38
YIELD,0.0,55.000922814482294,-54.55082002623283,-1.5720983078547615,TRACKING,1.7085,1.731749236156333,48.44983746960287,-51.749999829814726,1.8390003096873764e-08,nan,52.400000000000006
CRUISE,0.0,55.000922814482294,-54.55082002623283,-1.5720983078547615,TRACKING,1.7085,1.7617492361559077,48.48492245432599,-51.74999982916923,1.8425309272015863e-08,nan,52.42
CRUISE,0.0,55.000922814482294,-54.55082002623283,-1.5720983078547615,TRACKING,1.7385,1.791749236156193,48.520607439049115,-51.74999982851142,1.84612210192266e-08,nan,52.440000000000005
CRUISE,0.0,55.000922814482294,-54.55082002623283,-1.5720983078547615,TRACKING,1.7685,1.8217492361564784,48.55689242377224,-51.74999982784123,1.8497735321547146e-08,nan,52.46
CRUISE,0.0,55.000922814482294,-54.55082002623283,-1.5720983078547615,TRACKING,1.7985,1.8517492361560532,48.59377740849536,-51.7499998271586,1.85348488680393e-08,nan,52.480000000000004
CRUISE,0.0,55.000922814482294,-54.55082002623283,-1.5720983078547615,TRACKING,1.8585,1.881749236155628,48.631262393218485,-51.749999826463444,1.8572558084305158e-08,nan,52.5
CRUISE,0.0,55.000922814482294,-54.55082002623283,-1.5720983078547615,TRACKING,1.8885,1.911749236156624,48.66934737794161,-51.7499998257557,1.861085919739907e-08,nan,52.52
CRUISE,0.0,55.000922814482294,-54.55082002623283,-1.5720983078547615,TRACKING,1.8885,1.9417492361561988,48.70803236266474,-51.7499998250353,1.8649748260555514e-08,nan,52.540000000000006
CRUISE,0.0,55.000922814482294,-54.55082002623283,-1.5720983078547615,TRACKING,1.9485,1.9717492361557731,48.747317347387856,-51.749999824302165,1.868922126537598e-08,nan,52.56
CRUISE,0.0,55.000922814482294,-54.55082002623283,-1.5720983078547615,TRACKING,1.9485,2.0017492361560585,48.78720233211098,-51.749999823556216,1.872927419004657e-08,nan,52.580000000000005
CRUISE,0.0,55.000922814482294,-54.55082002623283,-1.5720983078547615,TRACKING,2.0085,2.031749236156344,48.8276873168341,-51.74999982279737,1.876990310601379e-08,nan,52.6
CRUISE,0.0,55.000922814482294,-54.55082002623283,-1.5720983078547615,TRACKING,2.0085,2.0617492361559187,48.86877230155722,-51.74999982202556,1.8811104253267833e-08,nan,52.620000000000005
CRUISE,0.0,55.000922814482294,-54.55082002623283,-1.5720983078547615,TRACKING,2.0385,2.091749236156204,48.91045728628035,-51.749999821240706,1.885287418206496e-08,nan,52.64
CRUISE,0.0,55.000922814482294,-54.55082002623283,-1.5720983078547615,TRACKING,2.0985,2.1217492361564894,48.95274227100347,-51.74999982044273,1.8895209820304156e-08,nan,52.660000000000004
CRUISE,0.0,55.000922814482294,-54.55082002623283,-1.5720983078547615,TRACKING,2.1285,2.151749236156064,48.995627255726596,-51.74999981963156,1.8938108623003816e-08,nan,52.68000000000001
CRUISE,0.0,55.000922814482294,-54.55082002623283,-1.5720983078547615,TRACKING,2.1585,2.181749236155639,49.03911224044972,-51.749999818807105,1.898156865959505e-08,nan,52.7
CRUISE,0.0,55.000922814482294,-54.55082002623283,-1.5720983078547615,TRACKING,2.1885,2.211749236156635,49.08319722517284,-51.74999981796929,1.902558873517422e-08,nan,52.720000000000006
CRUISE,0.0,55.000922814482294,-54.55082002623283,-1.5720983078547615,TRACKING,2.2185,2.241749236155499,49.12788220989595,-51.749999817118045,1.9070168466378298e-08,nan,52.74
CRUISE,0.0,55.000922814482294,-54.55082002623283,-1.5720983078547615,TRACKING,2.2185,2.271749236156495,49.17316719461908,-51.749999816253286,1.9115308402470354e-08,nan,52.760000000000005
CRUISE,0.0,55.000922814482294,-54.55082002623283,-1.5720983078547615,TRACKING,2.2785,2.3017492199649325,49.219052179129605,-51.749999815373954,1.916026887658195e-08,nan,52.78
CRUISE,0.0,55.000922814482294,-54.55082002623283,-1.5720983078547615,TRACKING,2.3085,2.331749206047107,49.26553716330558,-51.74999981447943,1.9204627407971754e-08,nan,52.800000000000004
CRUISE,0.0,55.000922814482294,-54.55082002623283,-1.5720983078547615,TRACKING,2.3085,2.3572492044792175,49.31254114977681,-51.749999813572835,1.9249486331866293e-08,nan,52.82
CRUISE,0.0,55.000922814482294,-54.55082002623283,-1.5720983078547615,TRACKING,2.364,2.387249215128407,49.36013613401015,-51.749999812652945,1.929509587048996e-08,nan,52.84
CRUISE,0.0,55.000922814482294,-54.55082002623283,-1.5720983078547615,TRACKING,2.394,2.4172492353571333,49.40833111861654,-51.749999811721,1.9342584236790313e-08,nan,52.86000000000001
CRUISE,0.0,55.000922814482294,-54.55082002623283,-1.5720983078547615,TRACKING,2.424,2.447249236155358,49.457126103339654,-51.74999981077564,1.9391064394524152e-08,nan,52.88
CRUISE,0.0,55.000922814482294,-54.55082002623283,-1.5720983078547615,TRACKING,2.454,2.4772492361556435,49.506521088062776,-51.74999980981624,1.9440136802830623e-08,nan,52.900000000000006
CRUISE,0.0,55.000922814482294,-54.55082002623283,-1.5720983078547615,TRACKING,2.454,2.5072492361566394,49.5565160727859,-51.74999980884272,1.9489809528838668e-08,nan,52.92
CRUISE,0.0,55.000922814482294,-54.55082002623283,-1.5720983078547615,TRACKING,2.514,2.5372492361555037,49.607111057509016,-51.749999807855,1.9540091122857643e-08,nan,52.940000000000005
CRUISE,0.0,55.000922814482294,-54.55082002623283,-1.5720983078547615,TRACKING,2.544,2.567249236155789,49.658306042232134,-51.749999806853026,1.9590990396553704e-08,nan,52.96
CRUISE,0.0,55.000922814482294,-54.55082002623283,-1.5720983078547615,TRACKING,2.544,2.597249236156785,49.71010102695526,-51.74999980583669,1.9642516170759265e-08,nan,52.980000000000004
CRUISE,0.0,55.000922814482294,-54.55082002623283,-1.5720983078547615,TRACKING,2.574,2.627249236155649,49.76249601167837,-51.74999980480591,1.96946769938721e-08,nan,53.0
CRUISE,0.0,55.000922814482294,-54.55082002623283,-1.5720983078547615,TRACKING,2.634,2.6572492361559346,49.8154909964015,-51.749999803760616,1.9747480855310748e-08,nan,53.021
CRUISE,0.0,55.000922814482294,-54.55082002623283,-1.5720983078547615,TRACKING,2.634,2.6872492361569305,49.86908598112463,-51.74999980270071,1.98009348623469e-08,nan,53.040000000000006
CRUISE,0.0,55.000922814482294,-54.55082002623283,-1.5720983078547615,TRACKING,2.664,2.7172492361557947,49.923280965847745,-51.749999801626096,1.9855044908676374e-08,nan,53.06
CRUISE,0.0,55.000922814482294,-54.55082002623283,-1.5720983078547615,TRACKING,2.724,2.7472492361553695,49.97807595057087,-51.749999800536685,1.9909815441832067e-08,nan,53.080000000000005
CRUISE,0.0,55.000922814482294,-54.55082002623283,-1.5720983078547615,TRACKING,2.724,2.7772492361563654,50.033470935294,-51.74999979943238,1.996524912682041e-08,nan,53.1
CRUISE,0.0,55.000922814482294,-54.55082002623283,-1.5720983078547615,TRACKING,2.784,2.807249224714781,50.0894659199027,-51.74999979831362,2.002174556020376e-08,nan,53.120000000000005
CRUISE,0.0,55.000922814482294,-54.55082002623283,-1.5720983078547615,TRACKING,2.784,2.837249155518862,50.1460609034755,-51.74999979718264,2.008110049766984e-08,nan,53.14
CRUISE,0.0,55.000922814482294,-54.55082002623283,-1.5720983078547615,TRACKING,2.814,2.8672490795734977,50.20325588536638,-51.749999796036974,2.0141636382738225e-08,nan,53.160000000000004
CRUISE,0.0,55.000922814482294,-54.55082002623283,-1.5720983078547615,TRACKING,2.874,2.897249070048247,50.2610508667294,-51.74999979487592,2.0202915885670125e-08,nan,53.18000000000001
CRUISE,0.0,55.000922814482294,-54.55082002623283,-1.5720983078547615,TRACKING,2.874,2.9272491299330743,50.31944584894088,-51.74999979369898,2.0264659516314376e-08,nan,53.2
CRUISE,0.0,55.000922814482294,-54.55082002623283,-1.5720983078547615,TRACKING,2.934,2.957249215825897,50.378440832936306,-51.749999792504966,2.0326049835765455e-08,nan,53.221000000000004
CRUISE,0.0,55.000922814482294,-54.55082002623283,-1.5720983078547615,TRACKING,2.964,2.9872492361562313,50.43803581764755,-51.749999791292495,2.0386062341085032e-08,nan,53.24
CRUISE,0.0,55.000922814482294,-54.55082002623283,-1.5720983078547615,TRACKING,2.994,3.0172492361550955,50.49823080237067,-51.74999979006414,2.0446641565133757e-08,nan,53.261
CRUISE,0.0,55.000922814482294,-54.55082002623283,-1.5720983078547615,TRACKING,2.994,3.047249236156802,50.5590257870938,-51.74999978881982,2.0507814208772996e-08,nan,53.28
CRUISE,0.0,55.000922814482294,-54.55082002623283,-1.5720983078547615,TRACKING,3.054,3.077249236156377,50.620420771816924,-51.74999978755942,2.0569565104060236e-08,nan,53.300000000000004
CRUISE,0.0,55.000922814482294,-54.55082002623283,-1.5720983078547615,TRACKING,3.054,3.1072492361559516,50.68241575654005,-51.74999978628279,2.063187922438853e-08,nan,53.321000000000005
CRUISE,0.0,55.000922814482294,-54.55082002623283,-1.5720983078547615,TRACKING,3.114,3.137249236156237,50.74501074126318,-51.749999784989825,2.069474231105696e-08,nan,53.34
CRUISE,0.0,55.000922814482294,-54.55082002623283,-1.5720983078547615,TRACKING,3.114,3.1672492361565223,50.8082057259863,-51.74999978368038,2.0758141576613363e-08,nan,53.36000000000001
CRUISE,0.0,55.000922814482294,-54.55082002623283,-1.5720983078547615,TRACKING,3.174,3.1972492361553866,50.872000710709415,-51.749999782354344,2.0822066342901133e-08,nan,53.38
CRUISE,0.0,55.000922814482294,-54.55082002623283,-1.5720983078547615,TRACKING,3.174,3.2272492361556724,50.93639569543253,-51.749999781011596,2.0886508691790223e-08,nan,53.400000000000006
CRUISE,0.0,55.000922814482294,-54.55082002623283,-1.5720983078547615,TRACKING,3.234,3.257249226645343,51.00139068006054,-51.74999977965157,2.095113236520135e-08,nan,53.42
CRUISE,0.0,55.000922814482294,-54.55082002623283,-1.5720983078547615,TRACKING,3.234,3.2872490911131544,51.06698566278657,-51.749999778271246,2.1013714467376644e-08,nan,53.441
CRUISE,0.0,55.000922814482294,-54.55082002623283,-1.5720983078547615,TRACKING,3.264,3.3172489609192732,51.13318064254499,-51.7499997768732,2.1076152751021917e-08,nan,53.46
CRUISE,0.0,55.000922814482294,-54.55082002623283,-1.5720983078547615,TRACKING,3.324,3.347248923524405,51.199975621082295,-51.749999775457944,2.1138890856156362e-08,nan,53.480000000000004
CRUISE,0.0,55.000922814482294,-54.55082002623283,-1.5720983078547615,TRACKING,3.354,3.377248984104143,51.267370600337586,-51.749999774025916,2.1202322819686108e-08,nan,53.5
CRUISE,0.0,55.000922814482294,-54.55082002623283,-1.5720983078547615,TRACKING,3.354,3.4072491430862337,51.335365582282975,-51.7499997725775,2.126685204283281e-08,nan,53.52
CRUISE,0.0,55.000922814482294,-54.55082002623283,-1.5720983078547615,TRACKING,3.384,3.4372492361555382,51.403960566800734,-51.74999977111497,2.1334290442963858e-08,nan,53.540000000000006
CRUISE,0.0,55.000922814482294,-54.55082002623283,-1.5720983078547615,TRACKING,3.414,3.4672492361558236,51.47315555152385,-51.749999769635885,2.1403032356830506e-08,nan,53.56
CRUISE,0.0,55.000922814482294,-54.55082002623283,-1.5720983078547615,TRACKING,3.444,3.497249236156109,51.54295053624697,-51.749999768139176,2.1472384150786703e-08,nan,53.580000000000005
CRUISE,0.0,55.000922814482294,-54.55082002623283,-1.5720983078547615,TRACKING,3.474,3.5272492361563943,51.61334552097009,-51.749999766624754,2.1542368527122798e-08,nan,53.604000000000006
CRUISE,0.0,55.000922814482294,-54.55082002623283,-1.5720983078547615,TRACKING,3.504,3.557249236155969,51.684340505693214,-51.7499997650925,2.161300745736239e-08,nan,53.620000000000005
CRUISE,0.0,55.000922814482294,-54.55082002623283,-1.5720983078547615,TRACKING,3.564,3.5872492361562545,51.75593549041634,-51.749999763542306,2.168432090878287e-08,nan,53.64
CRUISE,0.0,55.000922814482294,-54.55082002623283,-1.5720983078547615,TRACKING,3.564,3.61724923615654,51.82813047513947,-51.749999761974095,2.1756325685481947e-08,nan,53.660000000000004
CRUISE,0.0,55.000922814482294,-54.55082002623283,-1.5720983078547615,TRACKING,3.624,3.6472492361561146,51.90092545986259,-51.74999976038772,2.1829034178498612e-08,nan,53.68000000000001
CRUISE,0.0,55.000922814482294,-54.55082002623283,-1.5720983078547615,TRACKING,3.624,3.6772491308411768,51.97432044337675,-51.74999975878578,2.1904505276697537e-08,nan,53.7
CRUISE,0.0,55.000922814482294,-54.55082002623283,-1.5720983078547615,TRACKING,3.684,3.7072489048135546,52.04831542246615,-51.749999757167416,2.198233341244093e-08,nan,53.720000000000006
CRUISE,0.0,55.000922814482294,-54.55082002623283,-1.5720983078547615,TRACKING,3.684,3.737248795775373,52.1229103987725,-51.74999975553087,2.2061393768957726e-08,nan,53.74
CRUISE,0.0,55.000922814482294,-54.55082002623283,-1.5720983078547615,TRACKING,3.714,3.7672488142554537,52.19810537480211,-51.74999975387532,2.2141179058913653e-08,nan,53.760000000000005
CRUISE,0.0,55.000922814482294,-54.55082002623283,-1.5720983078547615,TRACKING,3.744,3.797248963284262,52.27390035316075,-51.749999752199905,2.2221157644541778e-08,nan,53.78
CRUISE,0.0,55.000922814482294,-54.55082002623283,-1.5720983078547615,TRACKING,3.804,3.827249205929207,52.35029533607488,-51.749999750503314,2.2300439554240315e-08,nan,53.800000000000004
CRUISE,0.0,55.000922814482294,-54.55082002623283,-1.5720983078547615,TRACKING,3.804,3.8572492361559805,52.427290320798,-51.749999748784106,2.237792654377502e-08,nan,53.82
CRUISE,0.0,55.000922814482294,-54.55082002623283,-1.5720983078547615,TRACKING,3.834,3.887249236156266,52.50488530552113,-51.749999747045464,2.2456008506132866e-08,nan,53.84
CRUISE,0.0,55.000922814482294,-54.55082002623283,-1.5720983078547615,TRACKING,3.894,3.917249236156551,52.58308029024425,-51.749999745287184,2.2534654189715814e-08,nan,53.86000000000001
CRUISE,0.0,55.000922814482294,-54.55082002623283,-1.5720983078547615,TRACKING,3.894,3.947249236156126,52.661875274967365,-51.74999974350905,2.2613833484505635e-08,nan,53.88
CRUISE,0.0,55.000922814482294,-54.55082002623283,-1.5720983078547615,TRACKING,3.924,3.977249236155701,52.74127025969049,-51.749999741710994,2.2693519476761438e-08,nan,53.900000000000006
CRUISE,0.0,55.000922814482294,-54.55082002623283,-1.5720983078547615,TRACKING,3.954,4.007249236156697,52.82126524441361,-51.74999973989281,2.2773690396916777e-08,nan,53.92
CRUISE,0.0,55.000922814482294,-54.55082002623283,-1.5720983078547615,TRACKING,4.014,4.037249159199519,52.90186022833268,-51.74999973805237,2.285285736401956e-08,nan,53.940000000000005
CRUISE,0.0,55.000922814482294,-54.55082002623283,-1.5720983078547615,TRACKING,4.044,4.067248855328388,52.983055206833846,-51.74999973618854,2.293013621299466e-08,nan,53.961000000000006
CRUISE,0.0,55.000922814482294,-54.55082002623283,-1.5720983078547615,TRACKING,4.044,4.097248686361611,53.0648501812143,-51.74999973430345,2.300709642684733e-08,nan,53.980000000000004
CRUISE,0.0,55.000922814482294,-54.55082002623283,-1.5720983078547615,TRACKING,4.074,4.127248676876861,53.14724515459363,-51.74999973239783,2.3084367763889435e-08,nan,54.0
CRUISE,0.0,55.000922814482294,-54.55082002623283,-1.5720983078547615,TRACKING,4.104,4.157248832471795,53.23024013025986,-51.74999973047247,2.316262024676772e-08,nan,54.02
CRUISE,0.0,55.000922814482294,-54.55082002623283,-1.5720983078547615,TRACKING,4.134,4.187249142771777,53.31383511139372,-51.7499997285281,2.3242560303914707e-08,nan,54.040000000000006
CRUISE,0.0,55.000922814482294,-54.55082002623283,-1.5720983078547615,TRACKING,4.194,4.217249236155852,53.39803009607256,-51.74999972656692,2.3326050573624863e-08,nan,54.06
CRUISE,0.0,55.000922814482294,-54.55082002623283,-1.5720983078547615,TRACKING,4.224,4.247249236156848,53.48282508079569,-51.74999972458487,2.3410300019442694e-08,nan,54.080000000000005
CRUISE,0.0,55.000922814482294,-54.55082002623283,-1.5720983078547615,TRACKING,4.224,4.275983300299658,53.56819600674089,-51.74999972258222,2.3495170982765498e-08,nan,54.1
CRUISE,0.0,55.000922814482294,-54.55082002623283,-1.5720983078547615,TRACKING,4.2816,4.303127330849322,53.65411077317526,-51.74999972055962,2.3580670004201874e-08,nan,54.120000000000005
CRUISE,0.0,55.000922814482294,-54.55082002623283,-1.5720983078547615,TRACKING,4.2816,4.329647361406331,53.7405571399153,-51.74999971851723,2.3666817978621495e-08,nan,54.14
CRUISE,0.0,55.000922814482294,-54.55082002623283,-1.5720983078547615,TRACKING,4.30824,4.355575778718902,53.8275231908285,-51.749999716455754,2.3754004417362885e-08,nan,54.160000000000004
CRUISE,0.0,55.000922814482294,-54.55082002623283,-1.5720983078547615,TRACKING,4.33428,4.380903716266006,53.914997399331845,-51.74999971437823,2.3844517539258488e-08,nan,54.18000000000001
CRUISE,0.0,55.000922814482294,-54.55082002623283,-1.5720983078547615,TRACKING,4.3847232,4.405702523411038,54.00296914493589,-51.74999971228222,2.3936546484149552e-08,nan,54.2
CRUISE,0.0,55.000922814482294,-54.55082002623283,-1.5720983078547615,TRACKING,4.3847232,4.429976447404017,54.091427972416476,-51.749999710166975,2.4029499039255133e-08,nan,54.220000000000006
CRUISE,0.0,55.000922814482294,-54.55082002623283,-1.5720983078547615,TRACKING,4.43308224,4.453701582936987,54.18036329804707,-51.74999970803168,2.4122675118016898e-08,nan,54.24
CRUISE,0.0,55.000922814482294,-54.55082002623283,-1.5720983078547615,TRACKING,4.45650778,4.476931878824787,54.269765184155936,-51.74999970587569,2.4215475995090906e-08,nan,54.260000000000005
CRUISE,0.0,55.000922814482294,-54.55082002623283,-1.5720983078547615,TRACKING,4.47944462,4.49967334539494,54.35962385675137,-51.7499997036974,2.430652398036393e-08,nan,54.28
CRUISE,0.0,55.000922814482294,-54.55082002623283,-1.5720983078547615,TRACKING,4.47944462,4.5218974690925515,54.44992935436028,-51.74999970149925,2.4397399932838065e-08,nan,54.301
CRUISE,0.0,55.000922814482294,-54.55082002623283,-1.5720983078547615,TRACKING,4.52389282,4.542854781315243,54.54065082430006,-51.74999969928265,2.4488642649733566e-08,nan,54.32
CRUISE,0.0,55.000922814482294,-54.55082002623283,-1.5720983078547615,TRACKING,4.54542393,4.564964515293469,54.631822201890984,-51.74999969704657,2.4580240318538585e-08,nan,54.34
CRUISE,0.0,55.000922814482294,-54.55082002623283,-1.5720983078547615,TRACKING,4.54542393,4.5857907940124685,54.723412661673244,-51.74999969479162,2.4672123141197435e-08,nan,54.36000000000001
CRUISE,0.0,55.000922814482294,-54.55082002623283,-1.5720983078547615,TRACKING,4.56650587,4.606174558366406,54.81541338046592,-51.74999969251682,2.476344382604507e-08,nan,54.38
CRUISE,0.0,55.000922814482294,-54.55082002623283,-1.5720983078547615,TRACKING,4.60735954,4.626132946333429,54.907815795044144,-51.74999969022091,2.485303899880915e-08,nan,54.400000000000006
CRUISE,0.0,55.000922814482294,-54.55082002623283,-1.5720983078547615,TRACKING,4.60735954,4.64566277109384,55.00061140396317,-51.74999968790518,2.4941718831876552e-08,nan,54.42
CRUISE,0.0,55.000922814482294,-54.55082002623283,-1.5720983078547615,TRACKING,4.64652646,4.663397943975412,55.09374213905847,-51.749999685567815,2.5026956142497192e-08,nan,54.440000000000005
CRUISE,0.0,55.000922814482294,-54.55082002623283,-1.5720983078547615,TRACKING,4.64652646,4.683601242630432,55.187324539099684,-51.74999968321758,2.5117450221045374e-08,nan,54.46
CRUISE,0.0,55.000922814482294,-54.55082002623283,-1.5720983078547615,TRACKING,4.66789002,4.700893796434969,55.28122427357102,-51.74999968085149,2.520874630159776e-08,nan,54.480000000000004
CRUISE,0.0,55.000922814482294,-54.55082002623283,-1.5720983078547615,TRACKING,4.68368048,4.7192294954221845,55.37550276117963,-51.74999967846983,2.530240871220241e-08,nan,54.5
CRUISE,0.0,55.000922814482294,-54.55082002623283,-1.5720983078547615,TRACKING,4.71963215,4.7367390637028,55.47013396646661,-51.74999967607043,2.539644883368258e-08,nan,54.52
CRUISE,0.0,55.000922814482294,-54.55082002623283,-1.5720983078547615,TRACKING,4.73707854,4.75389444105332,55.565111189430695,-51.74999967365343,2.5490914903525345e-08,nan,54.540000000000006
CRUISE,0.0,55.000922814482294,-54.55082002623283,-1.5720983078547615,TRACKING,4.73707854,4.770692864895666,55.66042722264264,-51.749999671218944,2.5585847994266903e-08,nan,54.56
CRUISE,0.0,55.000922814482294,-54.55082002623283,-1.5720983078547615,TRACKING,4.75416114,4.787128940284902,55.756074890177985,-51.74999966876711,2.568127786164828e-08,nan,54.580000000000005
CRUISE,0.0,55.000922814482294,-54.55082002623283,-1.5720983078547615,TRACKING,4.7708885,4.803199836319295,55.852047048195544,-51.74999966630069,2.577929508106897e-08,nan,54.6
CRUISE,0.0,55.000922814482294,-54.55082002623283,-1.5720983078547615,TRACKING,4.80330371,4.818935504977163,55.94833692726644,-51.74999966381832,2.587889864564586e-08,nan,54.620000000000005
CRUISE,0.0,55.000922814482294,-54.55082002623283,-1.5720983078547615,TRACKING,4.80330371,4.834380585661791,56.04495327742101,-51.749999661321446,2.598166640325805e-08,nan,54.64
CRUISE,0.0,55.000922814482294,-54.55082002623283,-1.5720983078547615,TRACKING,4.81900594,4.849428984464056,56.1418588598962,-51.74999965880564,2.6083535143317486e-08,nan,54.660000000000004
CRUISE,0.0,55.000922814482294,-54.55082002623283,-1.5720983078547615,TRACKING,4.8343806,4.864174326962712,56.23906243791826,-51.749999656269,2.6183269925294136e-08,nan,54.68000000000001
CRUISE,0.0,55.000922814482294,-54.55082002623283,-1.5720983078547615,TRACKING,4.86417441,4.878606745970871,56.33655774252327,-51.74999965371268,2.628150731332019e-08,nan,54.7
CRUISE,0.0,55.000922814482294,-54.55082002623283,-1.5720983078547615,TRACKING,4.87860679,4.8927380708157395,56.43433868429208,-51.74999965113907,2.6379889662302774e-08,nan,54.720000000000006
CRUISE,0.0,55.000922814482294,-54.55082002623283,-1.5720983078547615,TRACKING,4.8927381,4.906574597718106,56.532399304425084,-51.74999964854832,2.647847201259562e-08,nan,54.74
CRUISE,0.0,55.000922814482294,-54.55082002623283,-1.5720983078547615,TRACKING,4.90657461,4.920122476545431,56.63073376846528,-51.74999964594045,2.6577194707944055e-08,nan,54.760000000000005
CRUISE,0.0,55.000922814482294,-54.55082002623283,-1.5720983078547615,TRACKING,4.90657461,4.933387716931038,56.729336128908045,-51.74999964331551,2.6676010771936932e-08,nan,54.78
CRUISE,0.0,55.000922814482294,-54.55082002623283,-1.5720983078547615,TRACKING,4.92012248,4.94637622462264,56.82820074712739,-51.74999964067131,2.677314546040587e-08,nan,54.800000000000004
CRUISE,0.0,55.000922814482294,-54.55082002623283,-1.5720983078547615,TRACKING,4.93338772,4.959093791132575,56.927322152119494,-51.7499996380078,2.686835919442228e-08,nan,54.82
CRUISE,0.0,55.000922814482294,-54.55082002623283,-1.5720983078547615,TRACKING,4.94637622,4.971546048650311,57.026694990146616,-51.74999963532673,2.6962750958140027e-08,nan,54.84
CRUISE,0.0,55.000922814482294,-54.55082002623283,-1.5720983078547615,TRACKING,4.95909378,4.983738496262192,57.126314015752804,-51.749999632629816,2.70575525962159e-08,nan,54.86000000000001
CRUISE,0.0,55.000922814482294,-54.55082002623283,-1.5720983078547615,TRACKING,4.97154602,4.995676620751511,57.22617403407552,-51.749999629920296,2.7155222847994715e-08,nan,54.88
CRUISE,0.0,55.000922814482294,-54.55082002623283,-1.5720983078547615,TRACKING,4.9837385,5.007365700336664,57.32626982949316,-51.74999962719656,2.725466666973973e-08,nan,54.900000000000006
CRUISE,0.0,55.000922814482294,-54.55082002623283,-1.5720983078547615,TRACKING,5.0073657,5.018810930409502,57.42659648043253,-51.74999962445662,2.7354371511011847e-08,nan,54.92
CRUISE,0.0,55.000922814482294,-54.55082002623283,-1.5720983078547615,TRACKING,5.01881093,5.030017397999132,57.527149170945144,-51.74999962170059,2.7454397481431335e-08,nan,54.940000000000005
CRUISE,0.0,55.000922814482294,-54.55082002623283,-1.5720983078547615,TRACKING,5.0300174,5.040990083990949,57.62792318554939,-51.749999618928605,2.7554795333709887e-08,nan,54.96
CRUISE,0.0,55.000922814482294,-54.55082002623283,-1.5720983078547615,TRACKING,5.0300174,5.05173386537976,57.728913906987614,-51.74999961614135,2.7656052610591406e-08,nan,54.980000000000004
CRUISE,0.0,55.000922814482294,-54.55082002623283,-1.5720983078547615,TRACKING,5.05173387,5.062253520330985,57.83011681110753,-51.749999613339774,2.7758924144025134e-08,nan,55.001000000000005
CRUISE,0.0,55.000922814482294,-54.55082002623283,-1.5720983078547615,TRACKING,5.06225352,5.0725537349670455,57.93151697366792,-51.74999961052542,2.786444129251537e-08,nan,55.02
CRUISE,0.0,55.000922814482294,-54.55082002623283,-1.5720983078547615,TRACKING,5.07255372,5.082639069247819,58.033130647471815,-51.749999607694264,2.797008778280591e-08,nan,55.040000000000006
CRUISE,0.0,55.000922814482294,-54.55082002623283,-1.5720983078547615,TRACKING,5.08263904,5.092513968087077,58.134943292783184,-51.74999960484543,2.807485838980912e-08,nan,55.06
CRUISE,0.0,55.000922814482294,-54.55082002623283,-1.5720983078547615,TRACKING,5.08263904,5.102182893786279,58.236950761847424,-51.74999960197874,2.8178513038982293e-08,nan,55.080000000000005
CRUISE,0.0,55.000922814482294,-54.55082002623283,-1.5720983078547615,TRACKING,5.10218289,5.111650113015288,58.33914898875213,-51.749999599094814,2.8281356932847673e-08,nan,55.1
CRUISE,0.0,55.000922814482294,-54.55082002623283,-1.5720983078547615,TRACKING,5.11165011,5.120919833652239,58.44153399266031,-51.74999959619499,2.838432908190002e-08,nan,55.121
CRUISE,0.0,55.000922814482294,-54.55082002623283,-1.5720983078547615,TRACKING,5.11165011,5.129996175775632,58.54410187715904,-51.74999959327925,2.8487360078561503e-08,nan,55.14
CRUISE,0.0,55.000922814482294,-54.55082002623283,-1.5720983078547615,TRACKING,5.12999618,5.138883173515297,58.646848714117404,-51.749999590347606,2.8590393657074132e-08,nan,55.160000000000004
CRUISE,0.0,55.000922814482294,-54.55082002623283,-1.5720983078547615,TRACKING,5.12999618,5.147584776821646,58.74977069416598,-51.74999958739873,2.8692342556457636e-08,nan,55.18000000000001
CRUISE,0.0,55.000922814482294,-54.55082002623283,-1.5720983078547615,TRACKING,5.13888317,5.156104866840395,58.85286416242626,-51.74999958443266,2.8793073659657105e-08,nan,55.2
CRUISE,0.0,55.000922814482294,-54.55082002623283,-1.5720983078547615,TRACKING,5.14758478,5.164447216617419,58.95612554418299,-51.749999581450126,2.889300074773753e-08,nan,55.220000000000006
CRUISE,0.0,55.000922814482294,-54.55082002623283,-1.5720983078547615,TRACKING,5.15610485,5.172615512347535,59.059551336430694,-51.74999957845236,2.8992972033200563e-08,nan,55.24
CRUISE,0.0,55.000922814482294,-54.55082002623283,-1.5720983078547615,TRACKING,5.16444719,5.180613397271828,59.163130112508235,-51.74999957544199,2.9094819225661196e-08,nan,55.260000000000005
CRUISE,0.0,55.000922814482294,-54.55082002623283,-1.5720983078547615,TRACKING,5.17261549,5.1884444534877625,59.26687451122106,-51.749999572417465,2.9197778188479065e-08,nan,55.28
CRUISE,0.0,55.000922814482294,-54.55082002623283,-1.5720983078547615,TRACKING,5.1806134,5.196112143600119,59.37077324404777,-51.7499995693779,2.9301028177739757e-08,nan,55.300000000000004
CRUISE,0.0,55.000922814482294,-54.55082002623283,-1.5720983078547615,TRACKING,5.18844445,5.203619875651101,59.47482309134537,-51.7499995663233,2.9404530421204216e-08,nan,55.32
CRUISE,0.0,55.000922814482294,-54.55082002623283,-1.5720983078547615,TRACKING,5.20361988,5.210970986581743,59.57902075177896,-51.74999956325379,2.9508341693828574e-08,nan,55.34
CRUISE,0.0,55.000922814482294,-54.55082002623283,-1.5720983078547615,TRACKING,5.20361988,5.21816874370984,59.683363134063754,-51.74999956016997,2.961292726665431e-08,nan,55.36000000000001
CRUISE,0.0,55.000922814482294,-54.55082002623283,-1.5720983078547615,TRACKING,5.21816874,5.225216352952345,59.787847216633985,-51.74999955707218,2.9718571579706648e-08,nan,55.38
CRUISE,0.0,55.000922814482294,-54.55082002623283,-1.5720983078547615,TRACKING,5.22521635,5.232116947865962,59.8924700455961,-51.74999955396123,2.9825949756990287e-08,nan,55.400000000000006
CRUISE,0.0,55.000922814482294,-54.55082002623283,-1.5720983078547615,TRACKING,5.23211693,5.238873584888638,59.99723548385903,-51.74999955083471,2.993341506777864e-08,nan,55.42
CRUISE,0.0,55.000922814482294,-54.55082002623283,-1.5720983078547615,TRACKING,5.23211693,5.245489224684264,60.10212718364688,-51.74999954769239,3.0040387445157005e-08,nan,55.440000000000005
CRUISE,0.0,55.000922814482294,-54.55082002623283,-1.5720983078547615,TRACKING,5.23887355,5.251966886156368,60.20714912911279,-51.74999954453388,3.01466862750594e-08,nan,55.46
CRUISE,0.0,55.000922814482294,-54.55082002623283,-1.5720983078547615,TRACKING,5.24548922,5.2583094151330565,60.31229860154078,-51.74999954135955,3.0252491838805425e-08,nan,55.480000000000004
CRUISE,0.0,55.000922814482294,-54.55082002623283,-1.5720983078547615,TRACKING,5.25830942,5.264519630642895,60.41757293991367,-51.74999953817022,3.03583422594174e-08,nan,55.5
CRUISE,0.0,55.000922814482294,-54.55082002623283,-1.5720983078547615,TRACKING,5.26451963,5.270600292917039,60.522969539364176,-51.749999534965845,3.046416707997933e-08,nan,55.52
CRUISE,0.0,55.000922814482294,-54.55082002623283,-1.5720983078547615,TRACKING,5.27060029,5.276554104617049,60.62848580317785,-51.7499995317464,3.0569912643905136e-08,nan,55.540000000000006
CRUISE,0.0,55.000922814482294,-54.55082002623283,-1.5720983078547615,TRACKING,5.2765541,5.2823837152026,60.734119154199746,-51.7499995285108,3.0674689110347705e-08,nan,55.56
CRUISE,0.0,55.000922814482294,-54.55082002623283,-1.5720983078547615,TRACKING,5.28238371,5.288091725297051,60.839867150844285,-51.749999525258815,3.0778159784091623e-08,nan,55.580000000000005
CRUISE,0.0,55.000922814482294,-54.55082002623283,-1.5720983078547615,TRACKING,5.28238371,5.293680656117062,60.94572740254457,-51.74999952199247,3.0881787932200594e-08,nan,55.6
CRUISE,0.0,55.000922814482294,-54.55082002623283,-1.5720983078547615,TRACKING,5.28809171,5.299152949810094,61.05169756697854,-51.74999951871129,3.098518781801985e-08,nan,55.620000000000005
CRUISE,0.0,55.000922814482294,-54.55082002623283,-1.5720983078547615,TRACKING,5.29368062,5.304511115703293,61.15777535290726,-51.749999515417535,3.1090030761334685e-08,nan,55.64
CRUISE,0.0,55.000922814482294,-54.55082002623283,-1.5720983078547615,TRACKING,5.29915295,5.309757503233926,61.2639585147502,-51.749999512110065,3.119552783877769e-08,nan,55.660000000000004
CRUISE,0.0,55.000922814482294,-54.55082002623283,-1.5720983078547615,TRACKING,5.30451112,5.314894444239827,61.37024485325509,-51.74999950878825,3.130119355075294e-08,nan,55.68000000000001
CRUISE,0.0,55.000922814482294,-54.55082002623283,-1.5720983078547615,TRACKING,5.31489444,5.3199242219221805,61.476632216021486,-51.74999950545221,3.14070982264038e-08,nan,55.7
CRUISE,0.0,55.000922814482294,-54.55082002623283,-1.5720983078547615,TRACKING,5.31992422,5.324849071861594,61.58311357070114,-51.74999950210221,3.151329120743662e-08,nan,55.720000000000006
CRUISE,0.0,55.000922814482294,-54.55082002623283,-1.5720983078547615,TRACKING,5.31992422,5.329671183800857,61.689696702303024,-51.74999949873876,3.162044227459421e-08,nan,55.74
CRUISE,0.0,55.000922814482294,-54.55082002623283,-1.5720983078547615,TRACKING,5.32484907,5.334392714363647,61.796374665646084,-51.74999949536256,3.172900123911673e-08,nan,55.760000000000005
CRUISE,0.0,55.000922814482294,-54.55082002623283,-1.5720983078547615,TRACKING,5.3343927,5.339015746524469,61.903145483732004,-51.749999491971714,3.1837616536573085e-08,nan,55.78
CRUISE,0.0,55.000922814482294,-54.55082002623283,-1.5720983078547615,TRACKING,5.3343927,5.3435423002397915,62.0100072191055,-51.74999948856674,3.1946575401848664e-08,nan,55.801
CRUISE,0.0,55.000922814482294,-54.55082002623283,-1.5720983078547615,TRACKING,5.34354229,5.34797443950197,62.116957907954145,-51.74999948514618,3.2054785971479285e-08,nan,55.82
CRUISE,0.0,55.000922814482294,-54.55082002623283,-1.5720983078547615,TRACKING,5.34354229,5.352314125168791,62.22399566919062,-51.749999481710525,3.216250187638994e-08,nan,55.84
CRUISE,0.0,55.000922814482294,-54.55082002623283,-1.5720983078547615,TRACKING,5.35231413,5.356563279299566,62.331114435996305,-51.74999947826064,3.2270242479135133e-08,nan,55.86000000000001
CRUISE,0.0,55.000922814482294,-54.55082002623283,-1.5720983078547615,TRACKING,5.35231413,5.360723790509782,62.438320928154226,-51.74999947479622,3.237793894793961e-08,nan,55.88
CRUISE,0.0,55.000922814482294,-54.55082002623283,-1.5720983078547615,TRACKING,5.35656328,5.364797508008225,62.54560915508745,-51.749999471317345,3.248552528618386e-08,nan,55.900000000000006
CRUISE,0.0,55.000922814482294,-54.55082002623283,-1.5720983078547615,TRACKING,5.36479751,5.368786242777192,62.65297741094653,-51.7499994678234,3.259246925132014e-08,nan,55.92
CRUISE,0.0,55.000922814482294,-54.55082002623283,-1.5720983078547615,TRACKING,5.36479751,5.372691782207541,62.76042402596458,-51.74999946431399,3.269836155681503e-08,nan,55.940000000000005
CRUISE,0.0,55.000922814482294,-54.55082002623283,-1.5720983078547615,TRACKING,5.37269177,5.376515846081277,62.867947366777045,-51.74999946079073,3.2804360240733794e-08,nan,55.96
CRUISE,0.0,55.000922814482294,-54.55082002623283,-1.5720983078547615,TRACKING,5.37269177,5.380260106676362,62.97554583247696,-51.74999945725334,3.291023436416201e-08,nan,55.980000000000004
CRUISE,0.0,55.000922814482294,-54.55082002623283,-1.5720983078547615,TRACKING,5.38026009,5.383926256271822,63.083217856233354,-51.74999945370284,3.3016756644620977e-08,nan,56.0
CRUISE,0.0,55.000922814482294,-54.55082002623283,-1.5720983078547615,TRACKING,5.38392626,5.387515939943912,63.19095831446957,-51.7499994501392,3.3123797405123594e-08,nan,56.021
CRUISE,0.0,55.000922814482294,-54.55082002623283,-1.5720983078547615,TRACKING,5.38392626,5.391030738110205,63.298772883047434,-51.74999944656167,3.3230963894652286e-08,nan,56.040000000000006
CRUISE,0.0,55.000922814482294,-54.55082002623283,-1.5720983078547615,TRACKING,5.38751594,5.394472212984171,63.40665650113,-51.74999944297038,3.3338328884162765e-08,nan,56.06
CRUISE,0.0,55.000922814482294,-54.55082002623283,-1.5720983078547615,TRACKING,5.39103074,5.397841894186685,63.514607728254184,-51.749999439365546,3.344595308874196e-08,nan,56.080000000000005
CRUISE,0.0,55.000922814482294,-54.55082002623283,-1.5720983078547615,TRACKING,5.39784189,5.401141279666179,63.6226251533903,-51.74999943574761,3.355426323480323e-08,nan,56.1
CRUISE,0.0,55.000922814482294,-54.55082002623283,-1.5720983078547615,TRACKING,5.39784189,5.404371849230929,63.73070416478465,-51.74999943211719,3.366362543830203e-08,nan,56.120000000000005
CRUISE,0.0,55.000922814482294,-54.55082002623283,-1.5720983078547615,TRACKING,5.40437183,5.407535025622681,63.83884987252377,-51.74999942847266,3.3773030611202885e-08,nan,56.14
CRUISE,0.0,55.000922814482294,-54.55082002623283,-1.5720983078547615,TRACKING,5.407535,5.410632189134648,63.94705772179873,-51.74999942481442,3.388267439113334e-08,nan,56.160000000000004
CRUISE,0.0,55.000922814482294,-54.55082002623283,-1.5720983078547615,TRACKING,5.407535,5.413664735002047,64.05532641624345,-51.74999942114183,3.399204375584311e-08,nan,56.18000000000001
CRUISE,0.0,55.000922814482294,-54.55082002623283,-1.5720983078547615,TRACKING,5.41366474,5.416634035057657,64.16365465683243,-51.74999941745483,3.4101059178541215e-08,nan,56.2
CRUISE,0.0,55.000922814482294,-54.55082002623283,-1.5720983078547615,TRACKING,5.41366474,5.419541391631813,64.27204116847139,-51.74999941375396,3.421008149871301e-08,nan,56.220000000000006
CRUISE,0.0,55.000922814482294,-54.55082002623283,-1.5720983078547615,TRACKING,5.41954139,5.422388096930322,64.38048473554976,-51.74999941003914,3.4319030398111706e-08,nan,56.24
CRUISE,0.0,55.000922814482294,-54.55082002623283,-1.5720983078547615,TRACKING,5.41954139,5.425175416220898,64.48898416781623,-51.74999940631033,3.442784158025983e-08,nan,56.260000000000005
CRUISE,0.0,55.000922814482294,-54.55082002623283,-1.5720983078547615,TRACKING,5.4223881,5.427904588943025,64.59753829934623,-51.749999402567106,3.4536136834702764e-08,nan,56.28
CRUISE,0.0,55.000922814482294,-54.55082002623283,-1.5720983078547615,TRACKING,5.42790459,5.430576841872894,64.7061459889082,-51.74999939880927,3.464368437366946e-08,nan,56.301
CRUISE,0.0,55.000922814482294,-54.55082002623283,-1.5720983078547615,TRACKING,5.43057683,5.433193347924717,64.81480612015187,-51.74999939503797,3.475130352241389e-08,nan,56.32
CRUISE,0.0,55.000922814482294,-54.55082002623283,-1.5720983078547615,TRACKING,5.43057683,5.435755244278087,64.9235175987917,-51.74999939125294,3.4858794266957046e-08,nan,56.34
CRUISE,0.0,55.000922814482294,-54.55082002623283,-1.5720983078547615,TRACKING,5.43575523,5.4382636898679975,65.03227935363485,-51.749999387454714,3.496653840765849e-08,nan,56.36000000000001
CRUISE,0.0,55.000922814482294,-54.55082002623283,-1.5720983078547615,TRACKING,5.43826369,5.440719823511134,65.14109033658706,-51.749999383643456,3.507464307723771e-08,nan,56.38
CRUISE,0.0,55.000922814482294,-54.55082002623283,-1.5720983078547615,TRACKING,5.44071982,5.4431247189938885,65.24994951995131,-51.7499993798188,3.518285045752214e-08,nan,56.400000000000006
CRUISE,0.0,55.000922814482294,-54.55082002623283,-1.5720983078547615,TRACKING,5.44071982,5.4454794451857,65.35885589820356,-51.7499993759809,3.5291239266005954e-08,nan,56.42
CRUISE,0.0,55.000922814482294,-54.55082002623283,-1.5720983078547615,TRACKING,5.44547945,5.447785048716017,65.46780848679676,-51.7499993721298,3.539987161547967e-08,nan,56.440000000000005
CRUISE,0.0,55.000922814482294,-54.55082002623283,-1.5720983078547615,TRACKING,5.44778505,5.4500425550998015,65.57680632136929,-51.74999936826587,3.550902949260817e-08,nan,56.46
CRUISE,0.0,55.000922814482294,-54.55082002623283,-1.5720983078547615,TRACKING,5.45004255,5.452252980643382,65.68584845783063,-51.749999364389346,3.5618946439060473e-08,nan,56.480000000000004
CRUISE,0.0,55.000922814482294,-54.55082002623283,-1.5720983078547615,TRACKING,5.45225296,5.454417294004091,65.79493397284207,-51.74999936049927,3.572889157907271e-08,nan,56.5
CRUISE,0.0,55.000922814482294,-54.55082002623283,-1.5720983078547615,TRACKING,5.45441726,5.456536426579819,65.90406196114117,-51.74999935659597,3.583909988842173e-08,nan,56.52
CRUISE,0.0,55.000922814482294,-54.55082002623283,-1.5720983078547615,TRACKING,5.45441726,5.458611354086432,66.0132315368014,-51.7499993526789,3.594915600157927e-08,nan,56.540000000000006
CRUISE,0.0,55.000922814482294,-54.55082002623283,-1.5720983078547615,TRACKING,5.45861135,5.460643008802893,66.12244183263346,-51.7499993487481,3.6059057642895195e-08,nan,56.56
CRUISE,0.0,55.000922814482294,-54.55082002623283,-1.5720983078547615,TRACKING,5.46064301,5.46263228054045,66.2316919986878,-51.74999934480376,3.6168938292702894e-08,nan,56.580000000000005
CRUISE,0.0,55.000922814482294,-54.55082002623283,-1.5720983078547615,TRACKING,5.46064301,5.46458005345585,66.34098120321921,-51.74999934084583,3.627871749554202e-08,nan,56.6
CRUISE,0.0,55.000922814482294,-54.55082002623283,-1.5720983078547615,TRACKING,5.46263228,5.466487193287153,66.45030863183408,-51.74999933687425,3.63883322906618e-08,nan,56.620000000000005
CRUISE,0.0,55.000922814482294,-54.55082002623283,-1.5720983078547615,TRACKING,5.46458005,5.4683545494370405,66.5596734867395,-51.74999933288875,3.6497546511929675e-08,nan,56.646
CRUISE,0.0,55.000922814482294,-54.55082002623283,-1.5720983078547615,TRACKING,5.46648719,5.470182964269557,66.66907498728598,-51.74999932888926,3.660622538176983e-08,nan,56.660000000000004
CRUISE,0.0,55.000922814482294,-54.55082002623283,-1.5720983078547615,TRACKING,5.46835455,5.471973234573116,66.77851236957656,-51.74999932487658,3.6714952329158836e-08,nan,56.68000000000001
CRUISE,0.0,55.000922814482294,-54.55082002623283,-1.5720983078547615,TRACKING,5.4719732,5.473726119134883,66.88798488465943,-51.74999932085032,3.682342513803951e-08,nan,56.7
CRUISE,0.0,55.000922814482294,-54.55082002623283,-1.5720983078547615,TRACKING,5.47372611,5.4754424528624694,66.99749179973355,-51.749999316811056,3.6932035974058763e-08,nan,56.720000000000006
CRUISE,0.0,55.000922814482294,-54.55082002623283,-1.5720983078547615,TRACKING,5.47372611,5.477122988827435,67.1070323975824,-51.74999931275888,3.704086640295129e-08,nan,56.74
CRUISE,0.0,55.000922814482294,-54.55082002623283,-1.5720983078547615,TRACKING,5.47544245,5.478768466588238,67.21660597512074,-51.749999308693674,3.714980151765842e-08,nan,56.760000000000005
CRUISE,0.0,55.000922814482294,-54.55082002623283,-1.5720983078547615,TRACKING,5.47712299,5.480379617537781,67.32621184434913,-51.74999930461553,3.725891755315112e-08,nan,56.78
CRUISE,0.0,55.000922814482294,-54.55082002623283,-1.5720983078547615,TRACKING,5.48037962,5.481957157755349,67.43584933162049,-51.74999930052451,3.736827408964468e-08,nan,56.800000000000004
CRUISE,0.0,55.000922814482294,-54.55082002623283,-1.5720983078547615,TRACKING,5.48195716,5.483501790830306,67.54551777688425,-51.7499992964209,3.747811319231778e-08,nan,56.82
CRUISE,0.0,55.000922814482294,-54.55082002623283,-1.5720983078547615,TRACKING,5.48350179,5.485014214410458,67.65521653473844,-51.74999929230464,3.758840793781266e-08,nan,56.84
CRUISE,0.0,55.000922814482294,-54.55082002623283,-1.5720983078547615,TRACKING,5.4850142,5.486495085142454,67.76494347315494,-51.74999928817522,3.769872133921897e-08,nan,56.86000000000001
CRUISE,0.0,55.000922814482294,-54.55082002623283,-1.5720983078547615,TRACKING,5.48649505,5.487945017415546,67.87470092242211,-51.74999928403297,3.780941012585106e-08,nan,56.88
CRUISE,0.0,55.000922814482294,-54.55082002623283,-1.5720983078547615,TRACKING,5.48794502,5.489364733250573,67.98448679633516,-51.7499992798774,3.792005322703599e-08,nan,56.900000000000006
CRUISE,0.0,55.000922814482294,-54.55082002623283,-1.5720983078547615,TRACKING,5.48794502,5.4907548321949715,68.0942991120733,-51.74999927570846,3.8030554626217144e-08,nan,56.92
CRUISE,0.0,55.000922814482294,-54.55082002623283,-1.5720983078547615,TRACKING,5.48936473,5.492115931858171,68.20413870781802,-51.74999927152624,3.8141002999422206e-08,nan,56.940000000000005
CRUISE,0.0,55.000922814482294,-54.55082002623283,-1.5720983078547615,TRACKING,5.49211593,5.493448637196257,68.31400634717794,-51.7499992673306,3.8251321420328416e-08,nan,56.96
CRUISE,0.0,55.000922814482294,-54.55082002623283,-1.5720983078547615,TRACKING,5.49211593,5.494753540546077,68.42390011242101,-51.749999263121566,3.8361450144231096e-08,nan,56.980000000000004
CRUISE,0.0,55.000922814482294,-54.55082002623283,-1.5720983078547615,TRACKING,5.49475354,5.496031227320946,68.53381945813163,-51.74999925889893,3.8471202764909846e-08,nan,57.0
CRUISE,0.0,55.000922814482294,-54.55082002623283,-1.5720983078547615,TRACKING,5.49603122,5.497282270663112,68.64376385116697,-51.74999925466286,3.858065491842507e-08,nan,57.021
CRUISE,0.0,55.000922814482294,-54.55082002623283,-1.5720983078547615,TRACKING,5.49603122,5.4985072133433786,68.75373276919491,-51.74999925041383,3.869013922176756e-08,nan,57.040000000000006
CRUISE,0.0,55.000922814482294,-54.55082002623283,-1.5720983078547615,TRACKING,5.49850718,5.499706553933953,68.86372569996348,-51.74999924615126,3.8799214351662746e-08,nan,57.06
CRUISE,0.0,55.000922814482294,-54.55082002623283,-1.5720983078547615,TRACKING,5.49850718,5.500880908954292,68.97374214309585,-51.74999924187592,3.890841794124702e-08,nan,57.080000000000005
CRUISE,0.0,55.000922814482294,-54.55082002623283,-1.5720983078547615,TRACKING,5.49970655,5.5020307653848075,69.08378160796157,-51.749999237587815,3.9017756412521384e-08,nan,57.101000000000006
CRUISE,0.0,55.000922814482294,-54.55082002623283,-1.5720983078547615,TRACKING,5.50088091,5.503156634304679,69.1938436142054,-51.74999923328692,3.912720993635075e-08,nan,57.120000000000005
CRUISE,0.0,55.000922814482294,-54.55082002623283,-1.5720983078547615,TRACKING,5.50315663,5.5042590161207325,69.30392769158465,-51.74999922897334,3.923685385604574e-08,nan,57.14
CRUISE,0.0,55.000922814482294,-54.55082002623283,-1.5720983078547615,TRACKING,5.50425902,5.5053384008232396,69.41403337966675,-51.74999922464712,3.9346742351106815e-08,nan,57.160000000000004
CRUISE,0.0,55.000922814482294,-54.55082002623283,-1.5720983078547615,TRACKING,5.50425902,5.506395274943548,69.5241602272705,-51.749999220308425,3.945701451776277e-08,nan,57.18000000000001
CRUISE,0.0,55.000922814482294,-54.55082002623283,-1.5720983078547615,TRACKING,5.5053384,5.50743011049804,69.63430779353085,-51.74999921595709,3.9567567811176e-08,nan,57.2
CRUISE,0.0,55.000922814482294,-54.55082002623283,-1.5720983078547615,TRACKING,5.50639527,5.508443355464015,69.74447564631686,-51.74999921159276,3.967813556369934e-08,nan,57.220000000000006
CRUISE,0.0,55.000922814482294,-54.55082002623283,-1.5720983078547615,TRACKING,5.50743009,5.50943541442735,69.85466336165825,-51.74999920721616,3.978926809989579e-08,nan,57.24
CRUISE,0.0,55.000922814482294,-54.55082002623283,-1.5720983078547615,TRACKING,5.50844332,5.510406812675234,69.96487052601884,-51.74999920282622,3.990017075063781e-08,nan,57.260000000000005
CRUISE,0.0,55.000922814482294,-54.55082002623283,-1.5720983078547615,TRACKING,5.51040681,5.511357946275559,70.07509673332642,-51.74999919842326,4.001107344647397e-08,nan,57.28
CRUISE,0.0,55.000922814482294,-54.55082002623283,-1.5720983078547615,TRACKING,5.51040681,5.512289237984198,70.18534158632016,-51.74999919400718,4.012188880951415e-08,nan,57.300000000000004
CRUISE,0.0,55.000922814482294,-54.55082002623283,-1.5720983078547615,TRACKING,5.51135795,5.513201101734928,70.29560469602676,-51.74999918957792,4.023254307938633e-08,nan,57.32
CRUISE,0.0,55.000922814482294,-54.55082002623283,-1.5720983078547615,TRACKING,5.5132011,5.514093942800009,70.40588389590496,-51.749999185135515,4.034298344048282e-08,nan,57.341
CRUISE,0.0,55.000922814482294,-54.55082002623283,-1.5720983078547615,TRACKING,5.5132011,5.514949931428254,70.51618203762796,-51.749999180679794,4.045314624576856e-08,nan,57.36000000000001
CRUISE,0.0,55.000922814482294,-54.55082002623283,-1.5720983078547615,TRACKING,5.51409394,5.515805924967771,70.62649729920348,-51.749999176210984,4.056312646860814e-08,nan,57.38
CRUISE,0.0,55.000922814482294,-54.55082002623283,-1.5720983078547615,TRACKING,5.51494992,5.516644058324977,70.73682934134085,-51.749999171729364,4.067312237569707e-08,nan,57.400000000000006
CRUISE,0.0,55.000922814482294,-54.55082002623283,-1.5720983078547615,TRACKING,5.5158059,5.517465021469554,70.84717289420752,-51.74999916723458,4.0782706990703136e-08,nan,57.42
CRUISE,0.0,55.000922814482294,-54.55082002623283,-1.5720983078547615,TRACKING,5.51664402,5.518268903500718,70.95753746798613,-51.7499991627269,4.0892355270837134e-08,nan,57.440000000000005
CRUISE,0.0,55.000922814482294,-54.55082002623283,-1.5720983078547615,TRACKING,5.51746502,5.519056023103992,71.06791780092777,-51.74999915820654,4.100205366492622e-08,nan,57.46
CRUISE,0.0,55.000922814482294,-54.55082002623283,-1.5720983078547615,TRACKING,5.5182689,5.519826722672867,71.17831356428923,-51.74999915367359,4.1111887573994495e-08,nan,57.480000000000004
CRUISE,0.0,55.000922814482294,-54.55082002623283,-1.5720983078547615,TRACKING,5.51982672,5.520581344597992,71.28872443617499,-51.74999914912814,4.122192699061388e-08,nan,57.50000000000001
CRUISE,0.0,55.000922814482294,-54.55082002623283,-1.5720983078547615,TRACKING,5.52058134,5.521320224119115,71.3991493625222,-51.74999914457026,4.133221732332851e-08,nan,57.521
CRUISE,0.0,55.000922814482294,-54.55082002623283,-1.5720983078547615,TRACKING,5.52058134,5.522043702148955,71.50958951228044,-51.7499991400001,4.1442935848825426e-08,nan,57.540000000000006
CRUISE,0.0,55.000922814482294,-54.55082002623283,-1.5720983078547615,TRACKING,5.52132022,5.522752090436717,71.6200438449229,-51.749999135417106,4.155366623433644e-08,nan,57.56
CRUISE,0.0,55.000922814482294,-54.55082002623283,-1.5720983078547615,TRACKING,5.52204369,5.523445686721124,71.73051206441212,-51.74999913082144,4.166451352899949e-08,nan,57.580000000000005
CRUISE,0.0,55.000922814482294,-54.55082002623283,-1.5720983078547615,TRACKING,5.52344566,5.52412478451459,71.84099388046234,-51.74999912621342,4.17757289475023e-08,nan,57.6
CRUISE,0.0,55.000922814482294,-54.55082002623283,-1.5720983078547615,TRACKING,5.52412478,5.52478974326221,71.95148901003022,-51.7499991215925,4.1886924995202567e-08,nan,57.620000000000005
CRUISE,0.0,55.000922814482294,-54.55082002623283,-1.5720983078547615,TRACKING,5.52478974,5.525440830098211,72.06199717521379,-51.74999911695867,4.199808324281143e-08,nan,57.641000000000005
CRUISE,0.0,55.000922814482294,-54.55082002623283,-1.5720983078547615,TRACKING,5.52478974,5.526078334398227,72.17251810407284,-51.74999911231183,4.2109119514731677e-08,nan,57.660000000000004
CRUISE,0.0,55.000922814482294,-54.55082002623283,-1.5720983078547615,TRACKING,5.52544083,5.526702539540913,72.28305153034064,-51.74999910765194,4.2219966871063304e-08,nan,57.68000000000001
CRUISE,0.0,55.000922814482294,-54.55082002623283,-1.5720983078547615,TRACKING,5.52607833,5.527313723932543,72.3935971933147,-51.749999102978975,4.2330591588580275e-08,nan,57.7
CRUISE,0.0,55.000922814482294,-54.55082002623283,-1.5720983078547615,TRACKING,5.52670254,5.527912172854605,72.50415483764866,-51.7499990982929,4.244091961927818e-08,nan,57.720000000000006
CRUISE,0.0,55.000922814482294,-54.55082002623283,-1.5720983078547615,TRACKING,5.52731372,5.528498136744992,72.6147242137688,-51.749999093594134,4.25512610837428e-08,nan,57.74
CRUISE,0.0,55.000922814482294,-54.55082002623283,-1.5720983078547615,TRACKING,5.52791216,5.529071845563755,72.72530507659818,-51.749999088882376,4.266138226409809e-08,nan,57.760000000000005
CRUISE,0.0,55.000922814482294,-54.55082002623283,-1.5720983078547615,TRACKING,5.52849811,5.529633587897826,72.8358966245563,-51.74999908415769,4.277128113368219e-08,nan,57.78
CRUISE,0.0,55.000922814482294,-54.55082002623283,-1.5720983078547615,TRACKING,5.52907183,5.530183625779734,72.94649974675391,-51.74999907942033,4.2881168705606377e-08,nan,57.800000000000004
CRUISE,0.0,55.000922814482294,-54.55082002623283,-1.5720983078547615,TRACKING,5.52963359,5.530722189163845,73.05711365169955,-51.74999907467044,4.2991134827357094e-08,nan,57.82
CRUISE,0.0,55.000922814482294,-54.55082002623283,-1.5720983078547615,TRACKING,5.53072219,5.5312495174035865,73.16773811445086,-51.749999069908135,4.3101260924118637e-08,nan,57.84
CRUISE,0.0,55.000922814482294,-54.55082002623283,-1.5720983078547615,TRACKING,5.53124952,5.531765844892795,73.27837291475828,-51.74999906513348,4.321160923623787e-08,nan,57.86000000000001
CRUISE,0.0,55.000922814482294,-54.55082002623283,-1.5720983078547615,TRACKING,5.53124952,5.532271403846784,73.38901783698942,-51.74999906034648,4.332221151570915e-08,nan,57.88
CRUISE,0.0,55.000922814482294,-54.55082002623283,-1.5720983078547615,TRACKING,5.5322714,5.5327664293656715,73.49967266998408,-51.7499990555471,4.343305482728525e-08,nan,57.900000000000006
CRUISE,0.0,55.000922814482294,-54.55082002623283,-1.5720983078547615,TRACKING,5.5322714,5.533251126549039,73.61033720727296,-51.74999905073503,4.354390692264647e-08,nan,57.92
CRUISE,0.0,55.000922814482294,-54.55082002623283,-1.5720983078547615,TRACKING,5.53325109,5.5337256660635665,73.72101124590299,-51.749999045910755,4.365512489782094e-08,nan,57.940000000000005
CRUISE,0.0,55.000922814482294,-54.55082002623283,-1.5720983078547615,TRACKING,5.53372567,5.534190337627371,73.83169458774711,-51.749999041073934,4.3766496588172415e-08,nan,57.96
CRUISE,0.0,55.000922814482294,-54.55082002623283,-1.5720983078547615,TRACKING,5.53372567,5.534645315748327,73.94238703885226,-51.749999036224374,4.387788200925714e-08,nan,57.980000000000004
CRUISE,0.0,55.000922814482294,-54.55082002623283,-1.5720983078547615,TRACKING,5.53419034,5.535090802425208,74.05308840918724,-51.74999903136197,4.398919106987402e-08,nan,58.00000000000001
CRUISE,0.0,55.000922814482294,-54.55082002623283,-1.5720983078547615,TRACKING,5.5350908,5.535526995672064,74.16379851268532,-51.749999026486655,4.410034486849202e-08,nan,58.021
CRUISE,0.0,55.000922814482294,-54.55082002623283,-1.5720983078547615,TRACKING,5.535527,5.535975444047387,74.27451712444116,-51.74999902159836,4.4211285447122606e-08,nan,58.040000000000006
CRUISE,0.0,55.000922814482294,-54.55082002623283,-1.5720983078547615,TRACKING,5.53597544,5.536372725447342,74.38524418135157,-51.74999901669714,4.432200632135174e-08,nan,58.06100000000001
CRUISE,0.0,55.000922814482294,-54.55082002623283,-1.5720983078547615,TRACKING,5.53597544,5.536782201723162,74.49597941543209,-51.749999011783096,4.443258614664546e-08,nan,58.080000000000005
CRUISE,0.0,55.000922814482294,-54.55082002623283,-1.5720983078547615,TRACKING,5.53678218,5.537182706221706,74.60672266859608,-51.74999900685646,4.454317478447203e-08,nan,58.1
CRUISE,0.0,55.000922814482294,-54.55082002623283,-1.5720983078547615,TRACKING,5.53678218,5.537575215642227,74.71747338764287,-51.749999001916585,4.46532606691188e-08,nan,58.120000000000005
CRUISE,0.0,55.000922814482294,-54.55082002623283,-1.5720983078547615,TRACKING,5.53757522,5.537959572066604,74.82823219453205,-51.749998996964095,4.4763305580097684e-08,nan,58.14
CRUISE,0.0,55.000922814482294,-54.55082002623283,-1.5720983078547615,TRACKING,5.53757522,5.538328067757454,74.93899838720385,-51.74999899199913,4.4873371925763776e-08,nan,58.160000000000004
CRUISE,0.0,55.000922814482294,-54.55082002623283,-1.5720983078547615,TRACKING,5.53795957,5.538696563448304,75.04977194978947,-51.74999898702177,4.498354842765892e-08,nan,58.18000000000001
CRUISE,0.0,55.000922814482294,-54.55082002623283,-1.5720983078547615,TRACKING,5.53869656,5.539057372004669,75.16055273623726,-51.74999898203212,4.509391019621029e-08,nan,58.2
CRUISE,0.0,55.000922814482294,-54.55082002623283,-1.5720983078547615,TRACKING,5.53905737,5.53941081064125,75.27134059883149,-51.74999897703021,4.520450960489156e-08,nan,58.220000000000006
CRUISE,0.0,55.000922814482294,-54.55082002623283,-1.5720983078547615,TRACKING,5.53941081,5.539756888417465,75.38213435189625,-51.74999897201617,4.531542541740725e-08,nan,58.24
CRUISE,0.0,55.000922814482294,-54.55082002623283,-1.5720983078547615,TRACKING,5.53975688,5.536314940978869,75.49287005025262,-51.74999846558232,1.651749815396067e-05,nan,58.260000000000005
CRUISE,0.0,55.000922814482294,-54.55082002623283,-1.5720983078547615,TRACKING,5.53975688,5.536373011527547,75.60359228995273,-51.74999401952597,7.372387352730682e-05,nan,58.28
CRUISE,0.0,55.000922814482294,-54.55082002623283,-1.5720983078547615,TRACKING,5.54042752,5.533692247497133,75.71427279200212,-51.749980769205074,0.0001828554775934128,nan,58.300000000000004
CRUISE,0.0,55.000922814482294,-54.55082002623283,-1.5720983078547615,TRACKING,5.54042752,5.529433664363312,75.82489619509258,-51.749951371395895,0.00038161422631447943,nan,58.32
CRUISE,0.0,55.000922814482294,-54.55082002623283,-1.5720983078547615,TRACKING,5.54107046,5.526853076354026,75.93544315289449,-51.749891987645796,0.0007458297850814051,nan,58.34
CRUISE,0.0,55.000922814482294,-54.55082002623283,-1.5720983078547615,TRACKING,5.54138191,5.529057369908948,76.0460067807159,-51.74978125738265,0.0013305164206535978,nan,58.36000000000001
CRUISE,0.0,55.000922814482294,-54.55082002623283,-1.5720983078547615,TRACKING,5.54168687,5.535743961530093,76.15668220899211,-51.749592632335904,0.0021764572115561334,nan,58.38
CRUISE,0.0,55.000922814482294,-54.55082002623283,-1.5720983078547615,TRACKING,5.54198546,5.546573809741472,76.2675546058533,-51.74929577500323,0.003308968072836591,nan,58.400000000000006
CRUISE,0.0,55.000922814482294,-54.55082002623283,-1.5720983078547615,TRACKING,5.54198546,5.559655213698857,76.37868098516068,-51.748858087363196,0.004744831140188813,nan,58.42
CRUISE,0.0,55.000922814482294,-54.55082002623283,-1.5720983078547615,TRACKING,5.54227782,5.538447141923547,76.4896938537546,-51.74824762050728,0.00649285728886458,nan,58.440000000000005
CRUISE,0.0,55.000922814482294,-54.55082002623283,-1.5720983078547615,TRACKING,5.48556408,5.4843992380891295,76.59964442218885,-51.74743901325361,0.008543174940485137,nan,58.46
CRUISE,0.0,55.000922814482294,-54.55082002623283,-1.5720983078547615,TRACKING,5.42774852,5.426485861232969,76.70847116233695,-51.74640222200096,0.010910290550137246,nan,58.480000000000004
CRUISE,0.0,55.000922814482294,-54.55082002623283,-1.5720983078547615,TRACKING,5.36956359,5.366091217731199,76.81609635311099,-51.74510879028554,0.013578668469849836,nan,58.50000000000001
CRUISE,0.0,55.000922814482294,-54.55082002623283,-1.5720983078547615,TRACKING,5.31021142,5.307442579955613,76.92253108701226,-51.74353448101767,0.016507447564860174,nan,58.52
CRUISE,0.0,55.000922814482294,-54.55082002623283,-1.5720983078547615,TRACKING,5.25083128,5.245911379554944,77.0277401283364,-51.74165835886162,0.019713253102490096,nan,58.540000000000006
CRUISE,0.0,55.000922814482294,-54.55082002623283,-1.5720983078547615,TRACKING,5.25083128,5.172383976245309,77.13155224171891,-51.739462540252006,0.023157644764369118,nan,58.56
CRUISE,0.0,55.000922814482294,-54.55082002623283,-1.5720983078547615,TRACKING,5.19143913,5.097307721182036,77.23380164415897,-51.736948226545145,0.026856942150229463,nan,58.580000000000005
CRUISE,0.0,55.000922814482294,-54.55082002623283,-1.5720983078547615,TRACKING,5.13143913,5.037200818841869,77.33479774631725,-51.734083399665316,0.030840235348674562,nan,58.604000000000006
CRUISE,0.0,55.000922814482294,-54.55082002623283,-1.5720983078547615,TRACKING,5.07143913,4.984142511143887,77.43470315424227,-51.73083906834718,0.03510655412665866,nan,58.620000000000005
CRUISE,0.0,55.000922814482294,-54.55082002623283,-1.5720983078547615,TRACKING,4.96343913,4.918108079640384,77.5333362197485,-51.72720396898901,0.03961322397213895,nan,58.64
CRUISE,0.0,55.000922814482294,-54.55082002623283,-1.5720983078547615,TRACKING,4.96343913,4.860172551287272,77.6307435642918,-51.723170955661104,0.044333889897266825,nan,58.660000000000004
CRUISE,0.0,55.000922814482294,-54.55082002623283,-1.5720983078547615,TRACKING,4.84343913,4.800965138754109,77.72695483006684,-51.71873168854163,0.049292455166619065,nan,58.68000000000001
CRUISE,0.0,55.000922814482294,-54.55082002623283,-1.5720983078547615,TRACKING,4.84343913,4.744305051001141,77.82198154678268,-51.713873874077535,0.05450565925107973,nan,58.7
CRUISE,0.0,55.000922814482294,-54.55082002623283,-1.5720983078547615,TRACKING,4.78343913,4.702085841090768,77.91606272535334,-51.70856810457983,0.05996026809319906,nan,58.720000000000006
CRUISE,0.0,55.000922814482294,-54.55082002623283,-1.5720983078547615,TRACKING,4.72343913,4.660662563475061,78.00935964276506,-51.70277103545657,0.06559110548564887,nan,58.74
CRUISE,0.0,55.000922814482294,-54.55082002623283,-1.5720983078547615,TRACKING,4.60343913,4.6058072019961465,78.10154210345263,-51.69651625553583,0.07136275206694767,nan,58.760000000000005
CRUISE,0.0,55.000922814482294,-54.55082002623283,-1.5720983078547615,TRACKING,4.54343913,4.549360922668139,78.1925694624093,-51.689818396462634,0.0773174950104749,nan,58.78
CRUISE,0.0,55.000922814482294,-54.55082002623283,-1.5720983078547615,TRACKING,4.54343913,4.491768384723378,78.28242240608974,-51.68267288949874,0.08348411302291765,nan,58.800000000000004
CRUISE,0.0,55.000922814482294,-54.55082002623283,-1.5720983078547615,TRACKING,4.42343913,4.433145256434125,78.37106001190627,-51.67507253069665,0.08986883481038085,nan,58.821000000000005
CRUISE,0.0,55.000922814482294,-54.55082002623283,-1.5720983078547615,TRACKING,4.36343913,4.366114703056531,78.45833334645677,-51.66700224891094,0.09641995453053866,nan,58.84
CRUISE,0.0,55.000922814482294,-54.55082002623283,-1.5720983078547615,TRACKING,4.36343913,4.309773796998896,78.54439719833452,-51.65848015905241,0.1031140604360278,nan,58.86000000000001
CRUISE,0.0,55.000922814482294,-54.55082002623283,-1.5720983078547615,TRACKING,4.30343913,4.252328541343725,78.62926603792926,-51.649510368829574,0.10998106917877223,nan,58.88
CRUISE,0.0,55.000922814482294,-54.55082002623283,-1.5720983078547615,TRACKING,4.18343913,4.187719858168531,78.71280905735442,-51.640082074898736,0.11699286514351905,nan,58.900000000000006
CRUISE,0.0,55.000922814482294,-54.55082002623283,-1.5720983078547615,TRACKING,4.18343913,4.121285441624932,78.79495153143411,-51.63019584362954,0.12406148556725358,nan,58.92
CRUISE,0.0,55.000922814482294,-54.55082002623283,-1.5720983078547615,TRACKING,4.06343913,4.056587794690318,78.87574537080023,-51.619873121113834,0.131131417387703,nan,58.940000000000005
CRUISE,0.0,55.000922814482294,-54.55082002623283,-1.5720983078547615,TRACKING,4.06343913,4.006964316476827,78.9553854862508,-51.60921563092183,0.1382386811663684,nan,58.96
CRUISE,0.0,55.000922814482294,-54.55082002623283,-1.5720983078547615,TRACKING,4.00343913,3.983832934880097,79.03441423395982,-51.598064094387844,0.1453927836137103,nan,58.980000000000004
CRUISE,0.0,55.000922814482294,-54.55082002623283,-1.5720983078547615,TRACKING,3.98137106,3.9521014118419986,79.1127248514652,-51.58635109059709,0.15250238460001078,nan,59.006
CRUISE,0.0,55.000922814482294,-54.55082002623283,-1.5720983078547615,TRACKING,3.98269658,3.950121538661643,79.19077245348676,-51.574089672338616,0.15959940779824355,nan,59.02
CRUISE,0.0,55.000922814482294,-54.55082002623283,-1.5720983078547615,TRACKING,3.98444931,3.9514116484451978,79.26875115422865,-51.56126792739257,0.16667504073198972,nan,59.040000000000006
CRUISE,0.0,55.000922814482294,-54.55082002623283,-1.5720983078547615,TRACKING,3.98444931,3.9623096107285805,79.34679631124968,-51.54790445442494,0.17377611194447268,nan,59.06
CRUISE,0.0,55.000922814482294,-54.55082002623283,-1.5720983078547615,TRACKING,3.99077023,3.9632251905169134,79.4248230081961,-51.53396386988439,0.1809283896865795,nan,59.080000000000005
CRUISE,0.0,55.000922814482294,-54.55082002623283,-1.5720983078547615,TRACKING,3.99077023,3.965204849876805,79.50277521375142,-51.51943777657633,0.1880818703627151,nan,59.1
CRUISE,0.0,55.000922814482294,-54.55082002623283,-1.5720983078547615,TRACKING,3.99537045,3.970785566962213,79.58072848495733,-51.504326066706234,0.1952146021303431,nan,59.121
CRUISE,0.0,55.000922814482294,-54.55082002623283,-1.5720983078547615,TRACKING,4.00470368,3.9769697493063236,79.65868687414567,-51.48863649908124,0.20230846620142,nan,59.14
CRUISE,0.0,55.000922814482294,-54.55082002623283,-1.5720983078547615,TRACKING,4.00938035,3.9840017074979825,79.7366427007197,-51.47240257914463,0.20939728850803568,nan,59.160000000000004
CRUISE,0.0,55.000922814482294,-54.55082002623283,-1.5720983078547615,TRACKING,4.00938035,3.988570582274409,79.8146112732667,-51.45559618446069,0.21653732728891315,nan,59.18000000000001
CRUISE,0.0,55.000922814482294,-54.55082002623283,-1.5720983078547615,TRACKING,4.02023318,3.9962014069252993,79.89256064107785,-51.438194970459605,0.2236964954156747,nan,59.2
CRUISE,0.0,55.000922814482294,-54.55082002623283,-1.5720983078547615,TRACKING,4.02023318,4.0199476763346835,79.97077318567915,-51.42019108087204,0.23088604882884678,nan,59.221000000000004
CRUISE,0.0,55.000922814482294,-54.55082002623283,-1.5720983078547615,TRACKING,4.02564508,4.059336294734508,80.04957222872804,-51.401531870156724,0.23812439032636726,nan,59.24
CRUISE,0.0,55.000922814482294,-54.55082002623283,-1.5720983078547615,TRACKING,4.03107319,4.081440724655606,80.12877219452437,-51.38204106511617,0.24534569377304613,nan,59.260000000000005
CRUISE,0.0,55.000922814482294,-54.55082002623283,-1.5720983078547615,TRACKING,4.04187157,4.084047616198526,80.20793282875943,-51.361937077455224,0.25262265023196895,nan,59.281000000000006
CRUISE,0.0,55.000922814482294,-54.55082002623283,-1.5720983078547615,TRACKING,4.04725467,4.086106076605828,80.2869806319585,-51.341239559137506,0.259915671063416,nan,59.300000000000004
CRUISE,0.0,55.000922814482294,-54.55082002623283,-1.5720983078547615,TRACKING,4.05266823,4.0888216857276705,80.36592356251234,-51.319953502350934,0.2671913872206342,nan,59.32
CRUISE,0.0,55.000922814482294,-54.55082002623283,-1.5720983078547615,TRACKING,4.05266823,4.092817485916652,80.4447831590528,-51.29807470222016,0.2744274429841738,nan,59.34
CRUISE,0.0,55.000922814482294,-54.55082002623283,-1.5720983078547615,TRACKING,4.06359152,4.100855273935348,80.52365829631768,-51.275578836048645,0.28166140261393235,nan,59.36000000000001
CRUISE,0.0,55.000922814482294,-54.55082002623283,-1.5720983078547615,TRACKING,4.06359152,4.1097565657296515,80.6025099185712,-51.25246630145184,0.2889617922911507,nan,59.38
CRUISE,0.0,55.000922814482294,-54.55082002623283,-1.5720983078547615,TRACKING,4.06895988,4.1137432189785486,80.68128168136832,-51.228750004862036,0.29629147948031614,nan,59.400000000000006
CRUISE,0.0,55.000922814482294,-54.55082002623283,-1.5720983078547615,TRACKING,4.07437343,4.116373571183382,80.7599214181968,-51.20444221270948,0.3036060307764489,nan,59.42
CRUISE,0.0,55.000922814482294,-54.55082002623283,-1.5720983078547615,TRACKING,4.08533604,4.110103094554229,80.83831128179153,-51.17953321451651,0.3108512722729044,nan,59.440000000000005
CRUISE,0.0,55.000922814482294,-54.55082002623283,-1.5720983078547615,TRACKING,4.09088617,4.0870338184432615,80.91612656972929,-51.15405380352528,0.3179940945390134,nan,59.46
CRUISE,0.0,55.000922814482294,-54.55082002623283,-1.5720983078547615,TRACKING,4.09620538,4.069870112890459,80.9933695751708,-51.12828755404687,0.3251966685842613,nan,59.480000000000004
CRUISE,0.0,55.000922814482294,-54.55082002623283,-1.5720983078547615,TRACKING,4.09620538,4.0720075189059255,81.07044295101231,-51.10200587871947,0.33242356406817275,nan,59.50000000000001
CRUISE,0.0,55.000922814482294,-54.55082002623283,-1.5720983078547615,TRACKING,4.10701648,4.076308282196957,81.14738961859696,-51.07513104888412,0.33962449195110495,nan,59.52
CRUISE,0.0,55.000922814482294,-54.55082002623283,-1.5720983078547615,TRACKING,4.10701648,4.085830195688036,81.22428169111521,-51.04763867794388,0.3467720927607638,nan,59.540000000000006
CRUISE,0.0,55.000922814482294,-54.55082002623283,-1.5720983078547615,TRACKING,4.11251181,4.092088892928241,81.30114275785633,-51.01962023663849,0.35391301479291243,nan,59.56
CRUISE,0.0,55.000922814482294,-54.55082002623283,-1.5720983078547615,TRACKING,4.12322208,4.09672143716722,81.37792057802952,-50.991037368332755,0.36111934540996504,nan,59.580000000000005
CRUISE,0.0,55.000922814482294,-54.55082002623283,-1.5720983078547615,TRACKING,4.12322208,4.0994063759861,81.45452289938757,-50.961838410802095,0.3683424784473348,nan,59.6
CRUISE,0.0,55.000922814482294,-54.55082002623283,-1.5720983078547615,TRACKING,4.12855808,4.103833808277793,81.53098511401531,-50.932027405900264,0.37555050162793324,nan,59.621
CRUISE,0.0,55.000922814482294,-54.55082002623283,-1.5720983078547615,TRACKING,4.13945323,4.1127227797076,81.60736938921599,-50.90161251713672,0.38273517641026433,nan,59.64
CRUISE,0.0,55.000922814482294,-54.55082002623283,-1.5720983078547615,TRACKING,4.13945323,4.122398709020237,81.68371486489339,-50.87065613490449,0.3899460309698528,nan,59.660000000000004
CRUISE,0.0,55.000922814482294,-54.55082002623283,-1.5720983078547615,TRACKING,4.15031818,4.142659763543625,81.760198397059,-50.839100594378486,0.39727229139104425,nan,59.68000000000001
CRUISE,0.0,55.000922814482294,-54.55082002623283,-1.5720983078547615,TRACKING,4.15031818,4.172909532814244,81.83701317529408,-50.806882991175314,0.4047170352841836,nan,59.7
CRUISE,0.0,55.000922814482294,-54.55082002623283,-1.5720983078547615,TRACKING,4.16094319,4.185025938132634,81.91397389291036,-50.77401388413994,0.41220671749977394,nan,59.720000000000006
CRUISE,0.0,55.000922814482294,-54.55082002623283,-1.5720983078547615,TRACKING,4.16094319,4.194680406498442,81.99077382864041,-50.740408478022815,0.4196195509134364,nan,59.74
CRUISE,0.0,55.000922814482294,-54.55082002623283,-1.5720983078547615,TRACKING,4.17193549,4.215858659583412,82.06761332955149,-50.705905486800525,0.4269752159613056,nan,59.760000000000005
CRUISE,0.0,55.000922814482294,-54.55082002623283,-1.5720983078547615,TRACKING,4.17193549,4.220107663515291,82.14430614518568,-50.67071068503959,0.43437436358085296,nan,59.78
CRUISE,0.0,55.000922814482294,-54.55082002623283,-1.5720983078547615,TRACKING,4.1824458,4.222084777402848,82.22077286598652,-50.63490833992803,0.44179469327077775,nan,59.800000000000004
CRUISE,0.0,55.000922814482294,-54.55082002623283,-1.5720983078547615,TRACKING,4.1878542,4.225205806061423,82.29702267725104,-50.59851499334502,0.44920165537872747,nan,59.82
CRUISE,0.0,55.000922814482294,-54.55082002623283,-1.5720983078547615,TRACKING,4.19337054,4.228838990649941,82.3730613579484,-50.561529566116654,0.45657272366193113,nan,59.84
CRUISE,0.0,55.000922814482294,-54.55082002623283,-1.5720983078547615,TRACKING,4.19899242,4.235643238004463,82.44892902921606,-50.52391148894443,0.4639275385615697,nan,59.86000000000001
CRUISE,0.0,55.000922814482294,-54.55082002623283,-1.5720983078547615,TRACKING,4.19899242,4.235130362570158,82.52452776349024,-50.48567241634933,0.4713164540719948,nan,59.88
CRUISE,0.0,55.000922814482294,-54.55082002623283,-1.5720983078547615,TRACKING,4.20933497,4.224424485769011,82.59962819397228,-50.44681903134108,0.47864238252256497,nan,59.900000000000006
CRUISE,0.0,55.000922814482294,-54.55082002623283,-1.5720983078547615,TRACKING,4.21467921,4.20563819978739,82.6740442799971,-50.40739383873203,0.48582886651693535,nan,59.92
CRUISE,0.0,55.000922814482294,-54.55082002623283,-1.5720983078547615,TRACKING,4.22014775,4.202707990092247,82.74804568317124,-50.36751666486151,0.49295669700243916,nan,59.940000000000005
CRUISE,0.0,55.000922814482294,-54.55082002623283,-1.5720983078547615,TRACKING,4.22014775,4.203420909360763,82.82192496954411,-50.32740024131688,0.5001939026594667,nan,59.96
CRUISE,0.0,55.000922814482294,-54.55082002623283,-1.5720983078547615,TRACKING,4.22573786,4.204552653949689,82.89557183243221,-50.28681504514583,0.507520317921663,nan,59.980000000000004
CRUISE,0.0,55.000922814482294,-54.55082002623283,-1.5720983078547615,TRACKING,4.23075577,4.205727735412115,82.96893318168867,-50.245682515242905,0.5148627512470775,nan,60.00000000000001
CRUISE,0.0,55.000922814482294,-54.55082002623283,-1.5720983078547615,TRACKING,4.24118795,4.211152090867354,83.04208435495215,-50.20395878426241,0.5221901702482544,nan,60.02
CRUISE,0.0,55.000922814482294,-54.55082002623283,-1.5720983078547615,TRACKING,4.24661035,4.21908621940182,83.1150628786231,-50.16162386389607,0.529483586471077,nan,60.040000000000006
CRUISE,0.0,55.000922814482294,-54.55082002623283,-1.5720983078547615,TRACKING,4.25217082,4.225623004060026,83.18786657517748,-50.11879050237118,0.536797003778081,nan,60.06
CRUISE,0.0,55.000922814482294,-54.55082002623283,-1.5720983078547615,TRACKING,4.25217082,4.238526280480207,83.2605844564177,-50.07536279663193,0.544205345698706,nan,60.080000000000005
CRUISE,0.0,55.000922814482294,-54.55082002623283,-1.5720983078547615,TRACKING,4.25708341,4.258147307993535,83.33332711010121,-50.03127518194207,0.5516956593917678,nan,60.1
CRUISE,0.0,55.000922814482294,-54.55082002623283,-1.5720983078547615,TRACKING,4.26214539,4.281954340583983,83.40619714913517,-49.98649650629319,0.5592406175742196,nan,60.120000000000005
CRUISE,0.0,55.000922814482294,-54.55082002623283,-1.5720983078547615,TRACKING,4.27297627,4.289408416188064,83.47898014470526,-49.94111311064584,0.5667780923838035,nan,60.14
CRUISE,0.0,55.000922814482294,-54.55082002623283,-1.5720983078547615,TRACKING,4.27849784,4.298128574357112,83.55162112237682,-49.895213294689064,0.5743676839493534,nan,60.160000000000004
CRUISE,0.0,55.000922814482294,-54.55082002623283,-1.5720983078547615,TRACKING,4.27849784,4.302272314678324,83.62402540461945,-49.848732996168316,0.5820525116054327,nan,60.18000000000001
CRUISE,0.0,55.000922814482294,-54.55082002623283,-1.5720983078547615,TRACKING,4.28860064,4.305532614892925,83.69608332069801,-49.8016018312033,0.5897550909777749,nan,60.2
CRUISE,0.0,55.000922814482294,-54.55082002623283,-1.5720983078547615,TRACKING,4.29389775,4.309896069708258,83.76782162926432,-49.753838183828265,0.5974264321788701,nan,60.220000000000006
CRUISE,0.0,55.000922814482294,-54.55082002623283,-1.5720983078547615,TRACKING,4.29936954,4.314102956263499,83.83923073282992,-49.70547259017379,0.6050532197372596,nan,60.24
CRUISE,0.0,55.000922814482294,-54.55082002623283,-1.5720983078547615,TRACKING,4.30501208,4.312616450295932,83.91031586198558,-49.65658920170599,0.6126806139872908,nan,60.260000000000005
CRUISE,0.0,55.000922814482294,-54.55082002623283,-1.5720983078547615,TRACKING,4.30501208,4.304620508985375,83.98084934079944,-49.60713015371233,0.6203022055844747,nan,60.28
CRUISE,0.0,55.000922814482294,-54.55082002623283,-1.5720983078547615,TRACKING,4.31487239,4.290438837456925,84.05061367220958,-49.55703807236934,0.6278035306160551,nan,60.300000000000004
CRUISE,0.0,55.000922814482294,-54.55082002623283,-1.5720983078547615,TRACKING,4.31487239,4.28808694727596,84.11982087163422,-49.506407039202934,0.635225295986279,nan,60.32
CRUISE,0.0,55.000922814482294,-54.55082002623283,-1.5720983078547615,TRACKING,4.32007031,4.294425985908223,84.18872235216234,-49.455165940595116,0.6425891769866314,nan,60.34
CRUISE,0.0,55.000922814482294,-54.55082002623283,-1.5720983078547615,TRACKING,4.33103934,4.308345567453613,84.25745539540125,-49.40332319952839,0.6499665629933674,nan,60.36000000000001
CRUISE,0.0,55.000922814482294,-54.55082002623283,-1.5720983078547615,TRACKING,4.33103934,4.313413927512011,84.32588674820185,-49.35084382112986,0.657385954065643,nan,60.38
CRUISE,0.0,55.000922814482294,-54.55082002623283,-1.5720983078547615,TRACKING,4.33575825,4.3252239227347475,84.39399565615501,-49.29763096165047,0.6647473706952179,nan,60.400000000000006
YIELD,0.0,55.000922814482294,-54.55082002623283,-1.5720983078547615,TRACKING,4.34067617,4.341702594260392,84.46188121571997,-49.24360401603635,0.6719106610061042,nan,60.42
YIELD,0.0,55.000922814482294,-54.55082002623283,-1.5720983078547615,TRACKING,4.34578859,4.353807413602169,84.52947553791373,-49.18880001062097,0.6790447988209394,nan,60.440000000000005
YIELD,0.0,55.000922814482294,-54.55082002623283,-1.5720983078547615,TRACKING,4.35691741,4.3702735341127035,84.59699470447684,-49.13344638770108,0.6863540651047841,nan,60.46
YIELD,0.0,55.000922814482294,-54.55082002623283,-1.5720983078547615,TRACKING,4.36127895,4.396899361197435,84.66473310772368,-49.077583330863,0.6939104543915222,nan,60.480000000000004
YIELD,0.0,55.000922814482294,-54.55082002623283,-1.5720983078547615,TRACKING,4.36608675,4.405881154894658,84.73226273064678,-49.02100196434476,0.701503659372477,nan,60.50000000000001
YIELD,0.0,55.000922814482294,-54.55082002623283,-1.5720983078547615,TRACKING,4.37110065,4.408222635749493,84.79939540393794,-48.96387356214606,0.7090760404294723,nan,60.52
YIELD,0.0,55.000922814482294,-54.55082002623283,-1.5720983078547615,TRACKING,4.37110065,4.409038114585011,84.86613593435659,-48.90624467888605,0.7166117712543891,nan,60.540000000000006
YIELD,0.0,55.000922814482294,-54.55082002623283,-1.5720983078547615,TRACKING,4.38182054,4.405692945324086,84.93260493116317,-48.848352333005806,0.7242236944941471,nan,60.56
YIELD,0.0,55.000922814482294,-54.55082002623283,-1.5720983078547615,TRACKING,4.38182054,4.394734795130836,84.99866485782631,-48.79031748745293,0.7319652428009358,nan,60.580000000000005
YIELD,0.0,55.000922814482294,-54.55082002623283,-1.5720983078547615,TRACKING,4.39094876,4.398799307138874,85.06428172891056,-48.73172777667907,0.739716827864478,nan,60.6
YIELD,0.0,55.000922814482294,-54.55082002623283,-1.5720983078547615,TRACKING,4.39094876,4.403291763504838,85.12947368349182,-48.6725344897634,0.7474347451826815,nan,60.620000000000005
YIELD,0.0,55.000922814482294,-54.55082002623283,-1.5720983078547615,TRACKING,4.40101782,4.407006769561816,85.19422615237372,-48.61274970482603,0.7550881445575763,nan,60.643
YIELD,0.0,55.000922814482294,-54.55082002623283,-1.5720983078547615,TRACKING,4.40641907,4.396976869298116,85.25842110005935,-48.55255653445812,0.7627097798840482,nan,60.660000000000004
YIELD,0.0,55.000922814482294,-54.55082002623283,-1.5720983078547615,TRACKING,4.40641907,4.386092291600037,85.32189556272161,-48.491915372879504,0.7703385043311064,nan,60.68000000000001
YIELD,0.0,55.000922814482294,-54.55082002623283,-1.5720983078547615,TRACKING,4.41055221,4.383940753907109,85.3846216014827,-48.43068421370772,0.7778994309498176,nan,60.7
YIELD,0.0,55.000922814482294,-54.55082002623283,-1.5720983078547615,TRACKING,4.41944432,4.38697380765217,85.44689821965443,-48.36889295892275,0.7854450067843037,nan,60.720000000000006
YIELD,0.0,55.000922814482294,-54.55082002623283,-1.5720983078547615,TRACKING,4.41944432,4.398881571165889,85.50885448440313,-48.30648855077243,0.7930138653205475,nan,60.74
YIELD,0.0,55.000922814482294,-54.55082002623283,-1.5720983078547615,TRACKING,4.42876174,4.401222983367508,85.57039438517553,-48.24355002824573,0.8006426358935341,nan,60.760000000000005
YIELD,0.0,55.000922814482294,-54.55082002623283,-1.5720983078547615,TRACKING,4.42876174,4.40261986970204,85.63146625504609,-48.180127235845916,0.8083007352968389,nan,60.78
YIELD,0.0,55.000922814482294,-54.55082002623283,-1.5720983078547615,TRACKING,4.43323144,4.404923455466165,85.69207309369732,-48.11620337256939,0.8159485365277761,nan,60.800000000000004
YIELD,0.0,55.000922814482294,-54.55082002623283,-1.5720983078547615,TRACKING,4.43797942,4.416414377015249,85.75224177762071,-48.051634187538866,0.8235350119106934,nan,60.82
YIELD,0.0,55.000922814482294,-54.55082002623283,-1.5720983078547615,TRACKING,4.44301182,4.4393555734842955,85.81203854142896,-47.98618318931878,0.8310007318687477,nan,60.84
YIELD,0.0,55.000922814482294,-54.55082002623283,-1.5720983078547615,TRACKING,4.44832719,4.471566033872263,85.8716905486504,-47.919765649571126,0.8384384539645009,nan,60.86000000000001
YIELD,0.0,55.000922814482294,-54.55082002623283,-1.5720983078547615,TRACKING,4.45391857,4.500548848069545,85.93153571482368,-47.85264728789818,0.8461175961660835,nan,60.88
YIELD,0.0,55.000922814482294,-54.55082002623283,-1.5720983078547615,TRACKING,4.46294817,4.503135784148286,85.99098471404542,-47.78500337271678,0.8538442755780694,nan,60.900000000000006
YIELD,0.0,55.000922814482294,-54.55082002623283,-1.5720983078547615,TRACKING,4.46294817,4.505334513263279,86.04993492560378,-47.71687362260611,0.8615476703507051,nan,60.92
YIELD,0.0,55.000922814482294,-54.55082002623283,-1.5720983078547615,TRACKING,4.47312556,4.508454100026057,86.10839745073568,-47.64824930780612,0.869198580428009,nan,60.941
YIELD,0.0,55.000922814482294,-54.55082002623283,-1.5720983078547615,TRACKING,4.47866038,4.520645480711953,86.16650753767796,-47.57903212726275,0.8768498289513108,nan,60.96
YIELD,0.0,55.000922814482294,-54.55082002623283,-1.5720983078547615,TRACKING,4.47866038,4.525804612164128,86.22416218537667,-47.50927042274426,0.8845648701908735,nan,60.980000000000004
YIELD,0.0,55.000922814482294,-54.55082002623283,-1.5720983078547615,TRACKING,4.48742318,4.527847581236408,86.28128111888775,-47.439008498819945,0.8922960436496086,nan,61.00000000000001
YIELD,0.0,55.000922814482294,-54.55082002623283,-1.5720983078547615,TRACKING,4.49225575,4.520701182403159,86.3378348953835,-47.36840434960278,0.8999975303189847,nan,61.02
YIELD,0.0,55.000922814482294,-54.55082002623283,-1.5720983078547615,TRACKING,4.49781632,4.499364023895511,86.39389410321175,-47.297850273221684,0.9077146028234288,nan,61.040000000000006
YIELD,0.0,55.000922814482294,-54.55082002623283,-1.5720983078547615,TRACKING,4.50328619,4.501210812112693,86.44922962087416,-47.22683930589935,0.9152780752658661,nan,61.06
YIELD,0.0,55.000922814482294,-54.55082002623283,-1.5720983078547615,TRACKING,4.51948591,4.519031814101599,86.50401068024544,-47.1550854956025,0.922610007270473,nan,61.080000000000005
YIELD,0.0,55.000922814482294,-54.55082002623283,-1.5720983078547615,TRACKING,4.53628078,4.541573193147943,86.55852598985767,-47.082608854009784,0.9297485102013051,nan,61.1
YIELD,0.0,55.000922814482294,-54.55082002623283,-1.5720983078547615,TRACKING,4.55366704,4.5623790270154565,86.61275031450495,-47.009381378802416,0.9366286527801376,nan,61.120000000000005
YIELD,0.0,55.000922814482294,-54.55082002623283,-1.5720983078547615,TRACKING,4.55366704,4.573527571654386,86.66653970660413,-46.93547459955626,0.9431750296194339,nan,61.14
YIELD,0.0,55.000922814482294,-54.55082002623283,-1.5720983078547615,TRACKING,4.58954086,4.577735454361852,86.71984553199547,-46.861089980574434,0.9494179315895437,nan,61.160000000000004
YIELD,0.0,55.000922814482294,-54.55082002623283,-1.5720983078547615,TRACKING,4.58954086,4.591621941605979,86.7728287739813,-46.78620335133197,0.9554605559870045,nan,61.18000000000001
YIELD,0.0,55.000922814482294,-54.55082002623283,-1.5720983078547615,TRACKING,4.61924713,4.608334343233035,86.82555591164403,-46.71073354158101,0.9613088250766346,nan,61.2
YIELD,0.0,55.000922814482294,-54.55082002623283,-1.5720983078547615,TRACKING,4.61924713,4.626521623946114,86.8780425164378,-46.63466406837921,0.9669722216701184,nan,61.222
YIELD,0.0,55.000922814482294,-54.55082002623283,-1.5720983078547615,TRACKING,4.6346363,4.647188381376916,86.9303292970039,-46.557989399741565,0.9724527309431784,nan,61.24
YIELD,0.0,55.000922814482294,-54.55082002623283,-1.5720983078547615,TRACKING,4.6504439,4.677713414517355,86.9826346400513,-46.48062983918057,0.9778711652004234,nan,61.260000000000005
YIELD,0.0,55.000922814482294,-54.55082002623283,-1.5720983078547615,TRACKING,4.66665852,4.7116839969360536,87.03501976156569,-46.40242153071416,0.9833833378732861,nan,61.28
YIELD,0.0,55.000922814482294,-54.55082002623283,-1.5720983078547615,TRACKING,4.68055107,4.735351688634254,87.087247618957,-46.323546991280836,0.9890093013045355,nan,61.300000000000004
YIELD,0.0,55.000922814482294,-54.55082002623283,-1.5720983078547615,TRACKING,4.69412746,4.747170325430858,87.13916925972723,-46.24414378538184,0.9946570892216742,nan,61.32
YIELD,0.0,55.000922814482294,-54.55082002623283,-1.5720983078547615,TRACKING,4.72253013,4.7579828071121995,87.1907541156866,-46.1642742389993,1.000271820437414,nan,61.34
YIELD,0.0,55.000922814482294,-54.55082002623283,-1.5720983078547615,TRACKING,4.72253013,4.77560935061983,87.24213322906158,-46.083832420514966,1.0058962814898638,nan,61.36000000000001
YIELD,0.0,55.000922814482294,-54.55082002623283,-1.5720983078547615,TRACKING,4.73739877,4.787584918936668,87.29323768374498,-46.00293060741572,1.0116406479999744,nan,61.38
YIELD,0.0,55.000922814482294,-54.55082002623283,-1.5720983078547615,TRACKING,4.74934256,4.802546126825568,87.34394170372512,-45.92142748689818,1.0174258059233316,nan,61.400000000000006
CRUISE,0.0,55.000922814482294,-54.55082002623283,-1.5720983078547615,TRACKING,4.77367268,4.810614481066119,87.39425114169677,-45.83948814783295,1.0232094170109225,nan,61.42
CRUISE,0.0,55.000922814482294,-54.55082002623283,-1.5720983078547615,TRACKING,4.78655508,4.806747229213524,87.44417664715947,-45.75729494822456,1.028967403262521,nan,61.440000000000005
CRUISE,0.0,55.000922814482294,-54.55082002623283,-1.5720983078547615,TRACKING,4.79992722,4.794677431742294,87.49378317049427,-45.675184965691976,1.0347846066766082,nan,61.46
CRUISE,0.0,55.000922814482294,-54.55082002623283,-1.5720983078547615,TRACKING,4.79992722,4.788431943364013,87.54271207217305,-45.592804420662006,1.040607207714158,nan,61.480000000000004
CRUISE,0.0,55.000922814482294,-54.55082002623283,-1.5720983078547615,TRACKING,4.82039967,4.801460927256714,87.59105342669855,-45.50988916562019,1.046415857735442,nan,61.50000000000001
CRUISE,0.0,55.000922814482294,-54.55082002623283,-1.5720983078547615,TRACKING,4.82039967,4.816664670743775,87.63900743221946,-45.42642379037754,1.0522083200024352,nan,61.52
CRUISE,0.0,55.000922814482294,-54.55082002623283,-1.5720983078547615,TRACKING,4.83136966,4.82905936309436,87.68654492922734,-45.342436823597815,1.057928317310968,nan,61.540000000000006
CRUISE,0.0,55.000922814482294,-54.55082002623283,-1.5720983078547615,TRACKING,4.8428859,4.831441093721026,87.7337802397798,-45.2581314607546,1.0636587823975527,nan,61.56
CRUISE,0.0,55.000922814482294,-54.55082002623283,-1.5720983078547615,TRACKING,4.85493186,4.839205245667275,87.78065930215186,-45.17349680476245,1.0695002427465068,nan,61.580000000000005
CRUISE,0.0,55.000922814482294,-54.55082002623283,-1.5720983078547615,TRACKING,4.86358652,4.855299523521161,87.82707570196362,-45.08828614526402,1.075376475743062,nan,61.6
CRUISE,0.0,55.000922814482294,-54.55082002623283,-1.5720983078547615,TRACKING,4.88249131,4.865817681986123,87.87305835818034,-45.00259616190598,1.0812412737434212,nan,61.620000000000005
CRUISE,0.0,55.000922814482294,-54.55082002623283,-1.5720983078547615,TRACKING,4.89278693,4.882334534313698,87.91869358591444,-44.916367391463254,1.0870692355894764,nan,61.64
CRUISE,0.0,55.000922814482294,-54.55082002623283,-1.5720983078547615,TRACKING,4.90364782,4.906169174905639,87.96411915066953,-44.82957855887738,1.0929262732468135,nan,61.660000000000004
CRUISE,0.0,55.000922814482294,-54.55082002623283,-1.5720983078547615,TRACKING,4.90364782,4.941546461960449,88.0093187828441,-44.74185962998344,1.0988840044898887,nan,61.68000000000001
CRUISE,0.0,55.000922814482294,-54.55082002623283,-1.5720983078547615,TRACKING,4.91111632,4.957847586514137,88.05412638213824,-44.65345215792288,1.104906959140661,nan,61.7
CRUISE,0.0,55.000922814482294,-54.55082002623283,-1.5720983078547615,TRACKING,4.92774978,4.962153934077388,88.09844116335817,-44.564683663817036,1.110927015793344,nan,61.720000000000006
CRUISE,0.0,55.000922814482294,-54.55082002623283,-1.5720983078547615,TRACKING,4.93695882,4.968076282281685,88.14227045147356,-44.475553922111466,1.1168956638823586,nan,61.74100000000001
CRUISE,0.0,55.000922814482294,-54.55082002623283,-1.5720983078547615,TRACKING,4.94676481,4.983150269750732,88.18571765441928,-44.385915239164746,1.1228499322896819,nan,61.760000000000005
CRUISE,0.0,55.000922814482294,-54.55082002623283,-1.5720983078547615,TRACKING,4.94676481,4.986295024534801,88.22874051377283,-44.29596793592661,1.128915722583974,nan,61.78
CRUISE,0.0,55.000922814482294,-54.55082002623283,-1.5720983078547615,TRACKING,4.95317993,4.998148034311772,88.27122698875522,-44.20551845003595,1.1350323746541133,nan,61.800000000000004
CRUISE,0.0,55.000922814482294,-54.55082002623283,-1.5720983078547615,TRACKING,4.96779661,5.001883481654208,88.31317881886505,-44.11473069890429,1.1411476362733521,nan,61.82000000000001
CRUISE,0.0,55.000922814482294,-54.55082002623283,-1.5720983078547615,TRACKING,4.9760408,4.996574887603832,88.35461100066473,-44.02374437519136,1.1472248353827184,nan,61.84
CRUISE,0.0,55.000922814482294,-54.55082002623283,-1.5720983078547615,TRACKING,4.9760408,4.969137811613504,88.39542437353285,-43.93296496548276,1.153276315037009,nan,61.86000000000001
CRUISE,0.0,55.000922814482294,-54.55082002623283,-1.5720983078547615,TRACKING,4.98491003,4.960012183814025,88.43551458687935,-43.84217368405067,1.1593659944117893,nan,61.88
CRUISE,0.0,55.000922814482294,-54.55082002623283,-1.5720983078547615,TRACKING,4.99039225,4.970188818696046,88.4750440532582,-43.75099743865116,1.165517310385487,nan,61.903000000000006
CRUISE,0.0,55.000922814482294,-54.55082002623283,-1.5720983078547615,TRACKING,4.99650296,4.983583547998665,88.51400459063316,-43.65933732369109,1.1716281985073103,nan,61.92
CRUISE,0.0,55.000922814482294,-54.55082002623283,-1.5720983078547615,TRACKING,5.00322287,4.990837728345658,88.55248762250544,-43.567265450462585,1.1776549980307112,nan,61.940000000000005
CRUISE,0.0,55.000922814482294,-54.55082002623283,-1.5720983078547615,TRACKING,5.01942451,4.987589195375707,88.5905206743959,-43.47500658907744,1.1837168877607724,nan,61.96
CRUISE,0.0,55.000922814482294,-54.55082002623283,-1.5720983078547615,TRACKING,5.01942451,4.99047997342577,88.62806341999595,-43.38253811730765,1.1899078253812292,nan,61.980000000000004
CRUISE,0.0,55.000922814482294,-54.55082002623283,-1.5720983078547615,TRACKING,5.02937832,5.005938449197751,88.6650222450466,-43.28956386053982,1.196159161313717,nan,62.001000000000005
CRUISE,0.0,55.000922814482294,-54.55082002623283,-1.5720983078547615,TRACKING,5.02937832,5.011803553337754,88.7014211758879,-43.19618535006309,1.2024130804903612,nan,62.02
CRUISE,0.0,55.000922814482294,-54.55082002623283,-1.5720983078547615,TRACKING,5.04192661,5.033514877568631,88.73747732966869,-43.10232218302103,1.208689444275533,nan,62.040000000000006
CRUISE,0.0,55.000922814482294,-54.55082002623283,-1.5720983078547615,TRACKING,5.04192661,5.068298880638055,88.77317940521291,-43.00766711496706,1.2149806315756138,nan,62.06
CRUISE,0.0,55.000922814482294,-54.55082002623283,-1.5720983078547615,TRACKING,5.04921938,5.083771022197549,88.80839882776945,-42.912303680551275,1.221371728584749,nan,62.080000000000005
CRUISE,0.0,55.000922814482294,-54.55082002623283,-1.5720983078547615,TRACKING,5.05773081,5.094492020086025,88.84300119425839,-42.81649493024787,1.2278264446393325,nan,62.1
CRUISE,0.0,55.000922814482294,-54.55082002623283,-1.5720983078547615,TRACKING,5.05773081,5.097132573760475,88.8769849190951,-42.72039537448862,1.2342825769353203,nan,62.120000000000005
CRUISE,0.0,55.000922814482294,-54.55082002623283,-1.5720983078547615,TRACKING,5.06893496,5.099575025128114,88.9103612044466,-42.62404204285665,1.240700004344747,nan,62.14
CRUISE,0.0,55.000922814482294,-54.55082002623283,-1.5720983078547615,TRACKING,5.07558504,5.111276646869666,88.94321622564767,-42.52727455652218,1.2471081275640485,nan,62.160000000000004
CRUISE,0.0,55.000922814482294,-54.55082002623283,-1.5720983078547615,TRACKING,5.07968029,5.110129989885232,88.9755133020088,-42.430321995769155,1.2536357955066462,nan,62.18000000000001
CRUISE,0.0,55.000922814482294,-54.55082002623283,-1.5720983078547615,TRACKING,5.07968029,5.120545884853587,89.00715639828559,-42.33295103472485,1.2602262997862335,nan,62.201
CRUISE,0.0,55.000922814482294,-54.55082002623283,-1.5720983078547615,TRACKING,5.08830313,5.120860850510543,89.03815580413658,-42.235331869512954,1.2668184016303234,nan,62.220000000000006
CRUISE,0.0,55.000922814482294,-54.55082002623283,-1.5720983078547615,TRACKING,5.08830313,5.0963239242202,89.06840563558798,-42.13782007414893,1.2733197576621988,nan,62.24
CRUISE,0.0,55.000922814482294,-54.55082002623283,-1.5720983078547615,TRACKING,5.09366413,5.0734757953309675,89.09786545025672,-42.04069707895578,1.2797068258647613,nan,62.260000000000005
CRUISE,0.0,55.000922814482294,-54.55082002623283,-1.5720983078547615,TRACKING,5.1032271,5.0700812938780855,89.12675999485501,-41.94346352718668,1.2861753049059494,nan,62.28
CRUISE,0.0,55.000922814482294,-54.55082002623283,-1.5720983078547615,TRACKING,5.10664806,5.072373684577601,89.15501173522927,-41.84604880995028,1.2927484187685063,nan,62.300000000000004
CRUISE,0.0,55.000922814482294,-54.55082002623283,-1.5720983078547615,TRACKING,5.10664806,5.081798659386029,89.18261108395203,-41.74824955749005,1.299342932545233,nan,62.32000000000001
CRUISE,0.0,55.000922814482294,-54.55082002623283,-1.5720983078547615,TRACKING,5.1107404,5.090532581002389,89.209576933954,-41.65012387963849,1.3058916458648573,nan,62.34
CRUISE,0.0,55.000922814482294,-54.55082002623283,-1.5720983078547615,TRACKING,5.12114115,5.083038870488771,89.23595663792159,-41.55188354941503,1.3124665391457024,nan,62.36000000000001
CRUISE,0.0,55.000922814482294,-54.55082002623283,-1.5720983078547615,TRACKING,5.12114115,5.081912972173752,89.2617270433176,-41.4535617043826,1.319159159678489,nan,62.38
CRUISE,0.0,55.000922814482294,-54.55082002623283,-1.5720983078547615,TRACKING,5.12629373,5.098373820662073,89.28691231505641,-41.3548413698835,1.3259678754685007,nan,62.400000000000006
CRUISE,0.0,55.000922814482294,-54.55082002623283,-1.5720983078547615,TRACKING,5.12629373,5.112461162016021,89.31161791586332,-41.255683620986936,1.3328534310887667,nan,62.42100000000001
CRUISE,0.0,55.000922814482294,-54.55082002623283,-1.5720983078547615,TRACKING,5.13433125,5.145197489483175,89.33564193034839,-41.155833411040874,1.3396914350597267,nan,62.440000000000005
CRUISE,0.0,55.000922814482294,-54.55082002623283,-1.5720983078547615,TRACKING,5.13946658,5.1778732778519485,89.35903958086823,-41.05503078389864,1.3465147008410092,nan,62.46
CRUISE,0.0,55.000922814482294,-54.55082002623283,-1.5720983078547615,TRACKING,5.14208771,5.184923092164574,89.38178614245994,-40.95389670011669,1.3534494588309427,nan,62.480000000000004
CRUISE,0.0,55.000922814482294,-54.55082002623283,-1.5720983078547615,TRACKING,5.14462086,5.184292407308503,89.40380991207141,-40.852567128212456,1.3604646760372126,nan,62.50000000000001
CRUISE,0.0,55.000922814482294,-54.55082002623283,-1.5720983078547615,TRACKING,5.14462086,5.182710932667236,89.42511277390831,-40.751125453259554,1.3674882655549323,nan,62.52
CRUISE,0.0,55.000922814482294,-54.55082002623283,-1.5720983078547615,TRACKING,5.1478667,5.183255152783572,89.44570461047076,-40.64953619548209,1.3744645240661575,nan,62.540000000000006
CRUISE,0.0,55.000922814482294,-54.55082002623283,-1.5720983078547615,TRACKING,5.15661579,5.187511456545621,89.46563150685814,-40.54769833893831,1.3814223280880895,nan,62.56
CRUISE,0.0,55.000922814482294,-54.55082002623283,-1.5720983078547615,TRACKING,5.15803617,5.188390479587315,89.48482319998779,-40.445738253825695,1.3884524652582102,nan,62.580000000000005
CRUISE,0.0,55.000922814482294,-54.55082002623283,-1.5720983078547615,TRACKING,5.15803617,5.191735971422683,89.5033198031393,-40.34356345661016,1.395546761060377,nan,62.6
CRUISE,0.0,55.000922814482294,-54.55082002623283,-1.5720983078547615,TRACKING,5.16309315,5.167352629429924,89.52095728453563,-40.24157233972413,1.402538901395866,nan,62.620000000000005
CRUISE,0.0,55.000922814482294,-54.55082002623283,-1.5720983078547615,TRACKING,5.16676407,5.156112137246035,89.53787988460478,-40.13987285711764,1.4093682503676697,nan,62.64
CRUISE,0.0,55.000922814482294,-54.55082002623283,-1.5720983078547615,TRACKING,5.16676407,5.123366667336102,89.55405042311645,-40.038533227427976,1.4160126371903254,nan,62.660000000000004
CRUISE,0.0,55.000922814482294,-54.55082002623283,-1.5720983078547615,TRACKING,5.15546534,5.1131703811315425,89.56951527770137,-39.937405567443875,1.4226551688904456,nan,62.681000000000004
CRUISE,0.0,55.000922814482294,-54.55082002623283,-1.5720983078547615,TRACKING,5.15546534,5.101913816321129,89.58428280276374,-39.83637190241299,1.4294314610508192,nan,62.7
YIELD,0.0,55.000922814482294,-54.55082002623283,-1.5720983078547615,TRACKING,5.14004661,5.085952654742791,89.59832582340388,-39.73554582877476,1.4364111213957849,nan,62.720000000000006
YIELD,0.0,55.000922814482294,-54.55082002623283,-1.5720983078547615,TRACKING,5.11025681,5.064796972783648,89.61158481927774,-39.63500838053872,1.4435464747667497,nan,62.74
YIELD,0.0,55.000922814482294,-54.55082002623283,-1.5720983078547615,TRACKING,5.11025681,5.051951827393385,89.6240712034783,-39.53470929151587,1.450666859529735,nan,62.760000000000005
YIELD,0.0,55.000922814482294,-54.55082002623283,-1.5720983078547615,TRACKING,5.08062663,5.048129826672544,89.63589444069356,-39.43442806188334,1.457687464023587,nan,62.78
YIELD,0.0,55.000922814482294,-54.55082002623283,-1.5720983078547615,TRACKING,5.06563724,5.0543563070350475,89.64699982474531,-39.3340187630503,1.4645050221092852,nan,62.800000000000004
YIELD,0.0,55.000922814482294,-54.55082002623283,-1.5720983078547615,TRACKING,5.06563724,5.042850787819279,89.6573902655928,-39.23364172749979,1.4710500887982654,nan,62.82000000000001
YIELD,0.0,55.000922814482294,-54.55082002623283,-1.5720983078547615,TRACKING,5.03730541,5.025621019649072,89.66710387689587,-39.13351903317769,1.4772811449532888,nan,62.84
YIELD,0.0,55.000922814482294,-54.55082002623283,-1.5720983078547615,TRACKING,5.02396935,5.011227435854755,89.67617462015562,-39.033620747358995,1.4831740803303401,nan,62.86000000000001
YIELD,0.0,55.000922814482294,-54.55082002623283,-1.5720983078547615,TRACKING,5.02396935,4.998674104840591,89.6846485624226,-38.933943868717314,1.4887064233005491,nan,62.88
YIELD,0.0,55.000922814482294,-54.55082002623283,-1.5720983078547615,TRACKING,5.00953308,4.98650291117428,89.69256554242202,-38.83447321227374,1.4938876368511178,nan,62.900000000000006
YIELD,0.0,55.000922814482294,-54.55082002623283,-1.5720983078547615,TRACKING,4.98182456,4.9807195048226305,89.69998524262732,-38.73512689780302,1.498738883197692,nan,62.92
YIELD,0.0,55.000922814482294,-54.55082002623283,-1.5720983078547615,TRACKING,4.98182456,4.985577948982062,89.70694468033523,-38.63569142481052,1.5032721022556654,nan,62.940000000000005
YIELD,0.0,55.000922814482294,-54.55082002623283,-1.5720983078547615,TRACKING,4.98643628,4.987183612917383,89.7134710975472,-38.536161323078936,1.5074874072360014,nan,62.96
YIELD,0.0,55.000922814482294,-54.55082002623283,-1.5720983078547615,TRACKING,4.99212832,4.9903352330605735,89.7195965117207,-38.43654964088677,1.5113679132574696,nan,62.980000000000004
YIELD,0.0,55.000922814482294,-54.55082002623283,-1.5720983078547615,TRACKING,4.99686883,4.996597643847184,89.72533741697463,-38.33682006639419,1.51490423603527,nan,63.001000000000005
YIELD,0.0,55.000922814482294,-54.55082002623283,-1.5720983078547615,TRACKING,5.00231718,5.0039007942747915,89.73073568384453,-38.236922117802735,1.5181241618802537,nan,63.02
YIELD,0.0,55.000922814482294,-54.55082002623283,-1.5720983078547615,TRACKING,5.00844424,5.010556071156959,89.73583912443976,-38.13687339128363,1.5210598296981854,nan,63.040000000000006
YIELD,0.0,55.000922814482294,-54.55082002623283,-1.5720983078547615,TRACKING,5.01526039,5.018843693205792,89.74067024066315,-38.036658017270064,1.5237193057005236,nan,63.06
YIELD,0.0,55.000922814482294,-54.55082002623283,-1.5720983078547615,TRACKING,5.0227452,5.029477638676653,89.74525700414375,-37.93622805848649,1.5260762281575944,nan,63.080000000000005
YIELD,0.0,55.000922814482294,-54.55082002623283,-1.5720983078547615,TRACKING,5.03062341,5.040314962910495,89.74964725807503,-37.835571509757166,1.5281078466534603,nan,63.1
YIELD,0.0,55.000922814482294,-54.55082002623283,-1.5720983078547615,TRACKING,5.04825258,5.051099079876116,89.75385986789028,-37.73469112753328,1.5298028759547413,nan,63.120000000000005
YIELD,0.0,55.000922814482294,-54.55082002623283,-1.5720983078547615,TRACKING,5.05797001,5.060498906725369,89.75792730747912,-37.63360745691724,1.5312012666456967,nan,63.14
YIELD,0.0,55.000922814482294,-54.55082002623283,-1.5720983078547615,TRACKING,5.06826552,5.067434610113211,89.76187205210643,-37.53236736431254,1.532326124914952,nan,63.160000000000004
YIELD,0.0,55.000922814482294,-54.55082002623283,-1.5720983078547615,TRACKING,5.07842047,5.070466478052115,89.76572199293886,-37.43104049098524,1.5331456106054386,nan,63.18000000000001
YIELD,0.0,55.000922814482294,-54.55082002623283,-1.5720983078547615,TRACKING,5.08838107,5.069420484559366,89.76950936037596,-37.32971685137246,1.5336371525918084,nan,63.2
YIELD,0.0,55.000922814482294,-54.55082002623283,-1.5720983078547615,TRACKING,5.09813576,5.0782041441381445,89.77326987809307,-37.22828355501853,1.5337939956985547,nan,63.220000000000006
YIELD,0.0,55.000922814482294,-54.55082002623283,-1.5720983078547615,TRACKING,5.10748814,5.096103211331021,89.7770417677537,-37.126503966542465,1.5336694569524756,nan,63.24
YIELD,0.0,55.000922814482294,-54.55082002623283,-1.5720983078547615,TRACKING,5.10748814,5.11834413942484,89.78085168071753,-37.02429191564426,1.5333809813643857,nan,63.260000000000005
YIELD,0.0,55.000922814482294,-54.55082002623283,-1.5720983078547615,TRACKING,5.11684052,5.128094128908735,89.78470314273231,-36.921845632602135,1.5330269153501213,nan,63.28
YIELD,0.0,55.000922814482294,-54.55082002623283,-1.5720983078547615,TRACKING,5.13496804,5.141387048969367,89.78860125094603,-36.81916354030419,1.5326155937048538,nan,63.300000000000004
CRUISE,0.0,55.000922814482294,-54.55082002623283,-1.5720983078547615,TRACKING,5.13496804,5.151342608924529,89.79255418106514,-36.71625370904491,1.532161498454142,nan,63.32000000000001
CRUISE,0.0,55.000922814482294,-54.55082002623283,-1.5720983078547615,TRACKING,5.14375123,5.16057558165773,89.79656311219242,-36.6131542772655,1.5316725633368673,nan,63.34
CRUISE,0.0,55.000922814482294,-54.55082002623283,-1.5720983078547615,TRACKING,5.15235127,5.168163835359237,89.80063149518232,-36.50992449109944,1.5311786395918383,nan,63.36000000000001
CRUISE,0.0,55.000922814482294,-54.55082002623283,-1.5720983078547615,TRACKING,5.16077191,5.177604782906956,89.80475813228178,-36.406494069171366,1.5307102196197153,nan,63.38
CRUISE,0.0,55.000922814482294,-54.55082002623283,-1.5720983078547615,TRACKING,5.16901689,5.186094700173644,89.80893817496235,-36.30288508089012,1.5302577508185533,nan,63.400000000000006
CRUISE,0.0,55.000922814482294,-54.55082002623283,-1.5720983078547615,TRACKING,5.17708986,5.194348714585879,89.81317043110181,-36.19910966828371,1.5298144419303341,nan,63.42100000000001
CRUISE,0.0,55.000922814482294,-54.55082002623283,-1.5720983078547615,TRACKING,5.18499442,5.202316928714606,89.81745437781366,-36.09517516788656,1.5293748546368016,nan,63.440000000000005
CRUISE,0.0,55.000922814482294,-54.55082002623283,-1.5720983078547615,TRACKING,5.19273409,5.2085167201439875,89.82179063836715,-35.99111774301533,1.5289435068605723,nan,63.46
CRUISE,0.0,55.000922814482294,-54.55082002623283,-1.5720983078547615,TRACKING,5.2077324,5.216261906579734,89.82617558488214,-35.88690775552958,1.5285233600614976,nan,63.480000000000004
CRUISE,0.0,55.000922814482294,-54.55082002623283,-1.5720983078547615,TRACKING,5.2077324,5.223730841248401,89.83061035391479,-35.782548857721835,1.5281098371793382,nan,63.50000000000001
YIELD,0.0,55.000922814482294,-54.55082002623283,-1.5720983078547615,TRACKING,5.21499772,5.231077518052676,89.8350944822345,-35.67804368629477,1.5276985851321485,nan,63.52
YIELD,0.0,55.000922814482294,-54.55082002623283,-1.5720983078547615,TRACKING,5.22211147,5.23837528027338,89.83962562801958,-35.5733999408392,1.5272837248642337,nan,63.540000000000006
YIELD,0.0,55.000922814482294,-54.55082002623283,-1.5720983078547615,TRACKING,5.22907683,5.241739666867931,89.8442056018984,-35.46867570906486,1.5268720651641705,nan,63.56
YIELD,0.0,55.000922814482294,-54.55082002623283,-1.5720983078547615,TRACKING,5.23589687,5.247794813090907,89.84883356582749,-35.363838140153064,1.5264708279480883,nan,63.580000000000005
YIELD,0.0,55.000922814482294,-54.55082002623283,-1.5720983078547615,TRACKING,5.24257464,5.253864519849633,89.85350869469099,-35.25888114925522,1.526074962132147,nan,63.6
YIELD,0.0,55.000922814482294,-54.55082002623283,-1.5720983078547615,TRACKING,5.24911311,5.25978820165305,89.85823058659017,-35.15380753442237,1.5256805287139361,nan,63.624
YIELD,0.0,55.000922814482294,-54.55082002623283,-1.5720983078547615,TRACKING,5.25551517,5.265671802001155,89.86299960448952,-35.048612243314956,1.5252839830123546,nan,63.64
YIELD,0.0,55.000922814482294,-54.55082002623283,-1.5720983078547615,TRACKING,5.26178368,5.273113504779661,89.8678168403248,-34.943290097781386,1.5248912496498672,nan,63.660000000000004
YIELD,0.0,55.000922814482294,-54.55082002623283,-1.5720983078547615,TRACKING,5.27393111,5.278543820821816,89.87268002072848,-34.837852876739134,1.5245081358713275,nan,63.68000000000001
YIELD,0.0,55.000922814482294,-54.55082002623283,-1.5720983078547615,TRACKING,5.27981544,5.283991087776055,89.87758837261224,-34.73230416981712,1.5241300244464533,nan,63.7
YIELD,0.0,55.000922814482294,-54.55082002623283,-1.5720983078547615,TRACKING,5.28557701,5.289367653817609,89.88254157772958,-34.626646121597275,1.5237531723168465,nan,63.720000000000006
YIELD,0.0,55.000922814482294,-54.55082002623283,-1.5720983078547615,TRACKING,5.29121839,5.295794441958116,89.88754192639543,-34.520873505417114,1.523375174550887,nan,63.74100000000001
YIELD,0.0,55.000922814482294,-54.55082002623283,-1.5720983078547615,TRACKING,5.29121839,5.302938998064107,89.89258987819353,-34.41495296242553,1.5230007219521808,nan,63.760000000000005
YIELD,0.0,55.000922814482294,-54.55082002623283,-1.5720983078547615,TRACKING,5.29674208,5.30866797194507,89.89768151300291,-34.30891477164308,1.522634638821339,nan,63.78
YIELD,0.0,55.000922814482294,-54.55082002623283,-1.5720983078547615,TRACKING,5.30215054,5.313996742816699,89.90281654036195,-34.20277135462293,1.5222728814735675,nan,63.801
YIELD,0.0,55.000922814482294,-54.55082002623283,-1.5720983078547615,TRACKING,5.31252085,5.319394147883598,89.90799448365708,-34.096521169848266,1.5219125789280668,nan,63.82000000000001
YIELD,0.0,55.000922814482294,-54.55082002623283,-1.5720983078547615,TRACKING,5.31759784,5.3247236944278855,89.91321516290313,-33.9901702571513,1.5215493300180882,nan,63.84
YIELD,0.0,55.000922814482294,-54.55082002623283,-1.5720983078547615,TRACKING,5.32246743,5.327947768983371,89.91847854731502,-33.88375142275892,1.5211890208757863,nan,63.86000000000001
YIELD,0.0,55.000922814482294,-54.55082002623283,-1.5720983078547615,TRACKING,5.32246743,5.333162658026105,89.92378486554115,-33.77723178022094,1.5208389461611886,nan,63.88
YIELD,0.0,55.000922814482294,-54.55082002623283,-1.5720983078547615,TRACKING,5.33210505,5.338142287752459,89.92913319825962,-33.67061348585264,1.5204944655305892,nan,63.900000000000006
YIELD,0.0,55.000922814482294,-54.55082002623283,-1.5720983078547615,TRACKING,5.3367757,5.342819550611591,89.9345200317126,-33.56390630566102,1.5201509177634918,nan,63.92
YIELD,0.0,55.000922814482294,-54.55082002623283,-1.5720983078547615,TRACKING,5.34134896,5.3440392327668915,89.93994755359562,-33.45716875315308,1.5198072797926017,nan,63.941
YIELD,0.0,55.000922814482294,-54.55082002623283,-1.5720983078547615,TRACKING,5.34582686,5.3495846930805095,89.94541750652793,-33.350325561820426,1.5194675098546722,nan,63.96
YIELD,0.0,55.000922814482294,-54.55082002623283,-1.5720983078547615,TRACKING,5.34582686,5.353465825703186,89.95092732145335,-33.243405182457444,1.5191370203979575,nan,63.980000000000004
YIELD,0.0,55.000922814482294,-54.55082002623283,-1.5720983078547615,TRACKING,5.35021135,5.3573799120439425,89.95647622433027,-33.13640876130407,1.5188115577455157,nan,64.0
YIELD,0.0,55.000922814482294,-54.55082002623283,-1.5720983078547615,TRACKING,5.35450437,5.361204670929824,89.96206381052416,-33.02933795620644,1.518487716632053,nan,64.021
YIELD,0.0,55.000922814482294,-54.55082002623283,-1.5720983078547615,TRACKING,5.3628236,5.365430710822794,89.96769003887317,-32.922190225807014,1.518162636402649,nan,64.04100000000001
YIELD,0.0,55.000922814482294,-54.55082002623283,-1.5720983078547615,TRACKING,5.36685352,5.370058638747224,89.97335659160404,-32.81496051499802,1.5178415874167301,nan,64.06
YIELD,0.0,55.000922814482294,-54.55082002623283,-1.5720983078547615,TRACKING,5.36685352,5.37369134127318,89.97906087325376,-32.707651171138146,1.5175292490662582,nan,64.08
YIELD,0.0,55.000922814482294,-54.55082002623283,-1.5720983078547615,TRACKING,5.37079936,5.3772343709392105,89.98480462248322,-32.6002686956633,1.5172226093552872,nan,64.10000000000001
YIELD,0.0,55.000922814482294,-54.55082002623283,-1.5720983078547615,TRACKING,5.37844582,5.383668925200012,89.99058557443918,-32.492773868969394,1.5169168080734015,nan,64.12
YIELD,0.0,55.000922814482294,-54.55082002623283,-1.5720983078547615,TRACKING,5.37844582,5.387131529648853,89.99640321403157,-32.38519507080683,1.516609518485842,nan,64.14
YIELD,0.0,55.000922814482294,-54.55082002623283,-1.5720983078547615,TRACKING,5.38577657,5.3898767655273865,90.00225891969758,-32.277563330058555,1.5163067144110012,nan,64.161
YIELD,0.0,55.000922814482294,-54.55082002623283,-1.5720983078547615,TRACKING,5.38932766,5.3937157100033115,90.00815013198601,-32.169857136391656,1.5160123480577061,nan,64.18
YIELD,0.0,55.000922814482294,-54.55082002623283,-1.5720983078547615,TRACKING,5.38932766,5.397368819791419,90.0140760028119,-32.062078870608346,1.5157224772237035,nan,64.2
YIELD,0.0,55.000922814482294,-54.55082002623283,-1.5720983078547615,TRACKING,5.39620913,5.400961180582301,90.0200364876102,-31.954229999737667,1.5154341026266682,nan,64.22
YIELD,0.0,55.000922814482294,-54.55082002623283,-1.5720983078547615,TRACKING,5.39620913,5.404409632197054,90.02603159901967,-31.846314269275897,1.5151446966984101,nan,64.24000000000001
YIELD,0.0,55.000922814482294,-54.55082002623283,-1.5720983078547615,TRACKING,5.40280648,5.406457497821061,90.0320604886812,-31.738358629622738,1.5148591248764554,nan,64.26
YIELD,0.0,55.000922814482294,-54.55082002623283,-1.5720983078547615,TRACKING,5.40280648,5.409869229201018,90.03812247488192,-31.630337851241286,1.5145816717535252,nan,64.28
YIELD,0.0,55.000922814482294,-54.55082002623283,-1.5720983078547615,TRACKING,5.40913145,5.411127198937161,90.0442167420705,-31.522289909268938,1.5143094092097058,nan,64.3
YIELD,0.0,55.000922814482294,-54.55082002623283,-1.5720983078547615,TRACKING,5.40913145,5.413873819070483,90.05034340269431,-31.41419013085806,1.5140389617679044,nan,64.32000000000001
YIELD,0.0,55.000922814482294,-54.55082002623283,-1.5720983078547615,TRACKING,5.41519527,5.416629105052573,90.05650243225884,-31.30603722597993,1.5137678156892822,nan,64.34
YIELD,0.0,55.000922814482294,-54.55082002623283,-1.5720983078547615,TRACKING,5.41519527,5.420601962390135,90.06269527640968,-31.197808208267844,1.5135003262993219,nan,64.36
YIELD,0.0,55.000922814482294,-54.55082002623283,-1.5720983078547615,TRACKING,5.41813264,5.423076001625045,90.06891950838127,-31.089530248022037,1.5132410956156421,nan,64.38000000000001
YIELD,0.0,55.000922814482294,-54.55082002623283,-1.5720983078547615,TRACKING,5.42382483,5.425593073618617,90.07517442211807,-30.981203926447893,1.5129865371765334,nan,64.4
YIELD,0.0,55.000922814482294,-54.55082002623283,-1.5720983078547615,TRACKING,5.42658218,5.428059360894714,90.08145978588817,-30.872826175654108,1.5127336976112231,nan,64.421
YIELD,0.0,55.000922814482294,-54.55082002623283,-1.5720983078547615,TRACKING,5.42658218,5.43078582214563,90.08777558230653,-30.764397865250185,1.5124803579583828,nan,64.44
YIELD,0.0,55.000922814482294,-54.55082002623283,-1.5720983078547615,TRACKING,5.429282,5.434232420598869,90.09412334535676,-30.65590948397798,1.5122310367277005,nan,64.46000000000001
YIELD,0.0,55.000922814482294,-54.55082002623283,-1.5720983078547615,TRACKING,5.43451386,5.437737527522975,90.10050235159657,-30.547349651339164,1.5119897879768769,nan,64.48
YIELD,0.0,55.000922814482294,-54.55082002623283,-1.5720983078547615,TRACKING,5.43451386,5.440439955899974,90.10691006837303,-30.438733792136492,1.5117528684062917,nan,64.5
YIELD,0.0,55.000922814482294,-54.55082002623283,-1.5720983078547615,TRACKING,5.43704822,5.443084729003404,90.11334599539545,-30.330066158662493,1.511517620231872,nan,64.52000000000001
YIELD,0.0,55.000922814482294,-54.55082002623283,-1.5720983078547615,TRACKING,5.43952971,5.445540553189454,90.11981011666857,-30.221352041192063,1.5112819563755049,nan,64.54
YIELD,0.0,55.000922814482294,-54.55082002623283,-1.5720983078547615,TRACKING,5.44433847,5.446981596007415,90.12630311292459,-30.11260945405464,1.5110505579659417,nan,64.56
YIELD,0.0,55.000922814482294,-54.55082002623283,-1.5720983078547615,TRACKING,5.44433847,5.449551051915385,90.13282238769791,-30.00381771992856,1.510826284637014,nan,64.58
YIELD,0.0,55.000922814482294,-54.55082002623283,-1.5720983078547615,TRACKING,5.44666788,5.451997585981436,90.13936877801048,-29.894978051781564,1.5106064668106929,nan,64.60000000000001
YIELD,0.0,55.000922814482294,-54.55082002623283,-1.5720983078547615,TRACKING,5.45118192,5.45439025299202,90.14594188210255,-29.786091618508923,1.5103885722541983,nan,64.62
YIELD,0.0,55.000922814482294,-54.55082002623283,-1.5720983078547615,TRACKING,5.45118192,5.456390548736984,90.15253905082506,-29.677164976314906,1.5101697062258317,nan,64.64
YIELD,0.0,55.000922814482294,-54.55082002623283,-1.5720983078547615,TRACKING,5.45550959,5.457362772803055,90.15916326965721,-29.56822014805219,1.5099552835185959,nan,64.66000000000001
YIELD,0.0,55.000922814482294,-54.55082002623283,-1.5720983078547615,TRACKING,5.45760595,5.459125657628517,90.16581262057922,-29.459241869620087,1.509748310366123,nan,64.68
YIELD,0.0,55.000922814482294,-54.55082002623283,-1.5720983078547615,TRACKING,5.45760595,5.460930500962199,90.17248646496448,-29.3502292613906,1.5095457056096455,nan,64.7
YIELD,0.0,55.000922814482294,-54.55082002623283,-1.5720983078547615,TRACKING,5.46166839,5.4627024567149025,90.17918443194385,-29.241182866210345,1.5093450841205647,nan,64.72
YIELD,0.0,55.000922814482294,-54.55082002623283,-1.5720983078547615,TRACKING,5.46363627,5.464557349114538,90.18590644310865,-29.132101628221555,1.509144465934566,nan,64.74000000000001
YIELD,0.0,55.000922814482294,-54.55082002623283,-1.5720983078547615,TRACKING,5.46363627,5.4672515957553625,90.19265365884169,-29.02297500264501,1.5089475857236445,nan,64.76
YIELD,0.0,55.000922814482294,-54.55082002623283,-1.5720983078547615,TRACKING,5.4655631,5.468829783394717,90.19942396423258,-28.913814388910506,1.5087577653741198,nan,64.78
YIELD,0.0,55.000922814482294,-54.55082002623283,-1.5720983078547615,TRACKING,5.46744973,5.470444121001148,90.20621689237802,-28.804621650638623,1.5085722495026141,nan,64.8
YIELD,0.0,55.000922814482294,-54.55082002623283,-1.5720983078547615,TRACKING,5.469297,5.472441243937976,90.21303381525631,-28.6953914306804,1.5083892859477945,nan,64.822
YIELD,0.0,55.000922814482294,-54.55082002623283,-1.5720983078547615,TRACKING,5.47287675,5.4754761573308315,90.21987283903741,-28.586100571903238,1.50820585982422,nan,64.84
YIELD,0.0,55.000922814482294,-54.55082002623283,-1.5720983078547615,TRACKING,5.47461081,5.476521106913303,90.22673494575714,-28.476787684134987,1.5080263785080965,nan,64.861
YIELD,0.0,55.000922814482294,-54.55082002623283,-1.5720983078547615,TRACKING,5.47630869,5.478380025650053,90.23361811224187,-28.367439219162623,1.5078533705019361,nan,64.88000000000001
YIELD,0.0,55.000922814482294,-54.55082002623283,-1.5720983078547615,TRACKING,5.47797116,5.480181054884279,90.24052173432692,-28.25805556241395,1.5076843997014062,nan,64.9
YIELD,0.0,55.000922814482294,-54.55082002623283,-1.5720983078547615,TRACKING,5.47959894,5.481931867619048,90.24744537383839,-28.14863770750727,1.507517328134231,nan,64.92
YIELD,0.0,55.000922814482294,-54.55082002623283,-1.5720983078547615,TRACKING,5.47959894,5.483608884683609,90.2543891861471,-28.03918732436553,1.5073505781358891,nan,64.94
YIELD,0.0,55.000922814482294,-54.55082002623283,-1.5720983078547615,TRACKING,5.48119277,5.48437612075471,90.26135220141441,-27.929722964215713,1.507187358396233,nan,64.96000000000001
YIELD,0.0,55.000922814482294,-54.55082002623283,-1.5720983078547615,TRACKING,5.48428137,5.48610475991922,90.26833485033113,-27.82022568137666,1.5070306852955204,nan,64.98
YIELD,0.0,55.000922814482294,-54.55082002623283,-1.5720983078547615,TRACKING,5.48577751,5.487123174120627,90.27533541289893,-27.71070355750405,1.5068778088112715,nan,65.0
YIELD,0.0,55.000922814482294,-54.55082002623283,-1.5720983078547615,TRACKING,5.48724244,5.488029943872916,90.28235413882825,-27.601168726543715,1.5067273063622095,nan,65.021
YIELD,0.0,55.000922814482294,-54.55082002623283,-1.5720983078547615,TRACKING,5.48867682,5.4893228645717205,90.28939095239389,-27.491609343095273,1.5065773350438563,nan,65.04100000000001
YIELD,0.0,55.000922814482294,-54.55082002623283,-1.5720983078547615,TRACKING,5.48867682,5.491402483452417,90.29644679395226,-27.38200941506025,1.5064307280581446,nan,65.06
YIELD,0.0,55.000922814482294,-54.55082002623283,-1.5720983078547615,TRACKING,5.49145642,5.4925307341006535,90.30351984065788,-27.27238725099364,1.5062903648948713,nan,65.08
YIELD,0.0,55.000922814482294,-54.55082002623283,-1.5720983078547615,TRACKING,5.49145642,5.493696682589358,90.31060953611811,-27.162743817030815,1.5061539306947604,nan,65.10000000000001
YIELD,0.0,55.000922814482294,-54.55082002623283,-1.5720983078547615,TRACKING,5.49412125,5.49484933018127,90.3177155427475,-27.053078085825952,1.5060196034562718,nan,65.12
YIELD,0.0,55.000922814482294,-54.55082002623283,-1.5720983078547615,TRACKING,5.49412125,5.496010006186631,90.32483772736991,-26.943390041861814,1.505885944663277,nan,65.14
YIELD,0.0,55.000922814482294,-54.55082002623283,-1.5720983078547615,TRACKING,5.49541213,5.4978853971685755,90.33197695333354,-26.83367028145742,1.50575571718843,nan,65.16000000000001
YIELD,0.0,55.000922814482294,-54.55082002623283,-1.5720983078547615,TRACKING,5.49667607,5.499333356582672,90.33913229357422,-26.723921466716263,1.5056315053121454,nan,65.18
YIELD,0.0,55.000922814482294,-54.55082002623283,-1.5720983078547615,TRACKING,5.49791364,5.500668480746069,90.34630312347629,-26.614143929720793,1.5055111281025058,nan,65.2
YIELD,0.0,55.000922814482294,-54.55082002623283,-1.5720983078547615,TRACKING,5.4991254,5.501951554888034,90.35348837259012,-26.50434119712112,1.5053927494776356,nan,65.22
YIELD,0.0,55.000922814482294,-54.55082002623283,-1.5720983078547615,TRACKING,5.50031188,5.503167791115563,90.36068785509264,-26.39451486137922,1.505274754653959,nan,65.24000000000001
YIELD,0.0,55.000922814482294,-54.55082002623283,-1.5720983078547615,TRACKING,5.50147361,5.50369818876319,90.36790247705962,-26.284679099607608,1.5051603418337296,nan,65.26
YIELD,0.0,55.000922814482294,-54.55082002623283,-1.5720983078547615,TRACKING,5.50372486,5.504950761593693,90.37512964519289,-26.17481826708166,1.5050512369399713,nan,65.28
YIELD,0.0,55.000922814482294,-54.55082002623283,-1.5720983078547615,TRACKING,5.50481539,5.506147431035827,90.3823698970646,-26.06493517552814,1.504945850052171,nan,65.301
YIELD,0.0,55.000922814482294,-54.55082002623283,-1.5720983078547615,TRACKING,5.50588317,5.507308486468592,90.38962277858883,-25.9550349090031,1.5048428171996873,nan,65.32000000000001
YIELD,0.0,55.000922814482294,-54.55082002623283,-1.5720983078547615,TRACKING,5.50588317,5.508407547904259,90.39688851286779,-25.845107697487162,1.5047407262225523,nan,65.34
YIELD,0.0,55.000922814482294,-54.55082002623283,-1.5720983078547615,TRACKING,5.50692867,5.508897749366012,90.4041664422175,-25.735171926796642,1.5046420003224432,nan,65.36
YIELD,0.0,55.000922814482294,-54.55082002623283,-1.5720983078547615,TRACKING,5.5089547,5.509851834176964,90.41145604024767,-25.625216545849966,1.5045485434321009,nan,65.38000000000001
YIELD,0.0,55.000922814482294,-54.55082002623283,-1.5720983078547615,TRACKING,5.50993613,5.5106954729501725,90.41875682045202,-25.515245177734165,1.5044586347790327,nan,65.4
YIELD,0.0,55.000922814482294,-54.55082002623283,-1.5720983078547615,TRACKING,5.50993613,5.511535070186883,90.42606846726916,-25.40525786802236,1.5043709161434828,nan,65.42
YIELD,0.0,55.000922814482294,-54.55082002623283,-1.5720983078547615,TRACKING,5.51089708,5.5129790732354405,90.43339134726725,-25.295246192881642,1.5042864120211916,nan,65.44
YIELD,0.0,55.000922814482294,-54.55082002623283,-1.5720983078547615,TRACKING,5.51283025,5.513626915647597,90.4407243369499,-25.185218163901396,1.5042072069944417,nan,65.46000000000001
YIELD,0.0,55.000922814482294,-54.55082002623283,-1.5720983078547615,TRACKING,5.5136421,5.514405820608256,90.44806685227927,-25.07517612117293,1.504131647959583,nan,65.48
YIELD,0.0,55.000922814482294,-54.55082002623283,-1.5720983078547615,TRACKING,5.51452534,5.515192386724339,90.45541858474283,-24.965118758905742,1.5040585127488475,nan,65.5
YIELD,0.0,55.000922814482294,-54.55082002623283,-1.5720983078547615,TRACKING,5.51452534,5.515961153646865,90.462779836657,-24.855046248172364,1.5039870455316344,nan,65.521
YIELD,0.0,55.000922814482294,-54.55082002623283,-1.5720983078547615,TRACKING,5.51538874,5.517390080314794,90.47015031766811,-24.744948417786656,1.5039161438134427,nan,65.54
YIELD,0.0,55.000922814482294,-54.55082002623283,-1.5720983078547615,TRACKING,5.51706539,5.517746107216567,90.47753020264106,-24.634841663192475,1.503848352724097,nan,65.56
YIELD,0.0,55.000922814482294,-54.55082002623283,-1.5720983078547615,TRACKING,5.51706539,5.5186768985356585,90.48491814483938,-24.524717071479106,1.5037850479978012,nan,65.58
YIELD,0.0,55.000922814482294,-54.55082002623283,-1.5720983078547615,TRACKING,5.5186729,5.51953975959238,90.49231376799342,-24.414575482380535,1.5037247661623283,nan,65.60000000000001
YIELD,0.0,55.000922814482294,-54.55082002623283,-1.5720983078547615,TRACKING,5.5186729,5.520370246394455,90.4997168128614,-24.304417589319716,1.5036664921772678,nan,65.623
YIELD,0.0,55.000922814482294,-54.55082002623283,-1.5720983078547615,TRACKING,5.52021404,5.521165228431466,90.50712672571208,-24.194246402726044,1.503609376490316,nan,65.64
YIELD,0.0,55.000922814482294,-54.55082002623283,-1.5720983078547615,TRACKING,5.52021404,5.5214878824682225,90.51454401130448,-24.08406710828116,1.5035554816668664,nan,65.66000000000001
YIELD,0.0,55.000922814482294,-54.55082002623283,-1.5720983078547615,TRACKING,5.52169155,5.5223370760696655,90.52196775799959,-23.97387146579513,1.5035060167438292,nan,65.68
YIELD,0.0,55.000922814482294,-54.55082002623283,-1.5720983078547615,TRACKING,5.52169155,5.52310464793943,90.52939761607772,-23.86366056035542,1.5034595963989095,nan,65.7
YIELD,0.0,55.000922814482294,-54.55082002623283,-1.5720983078547615,TRACKING,5.52310805,5.523734745572241,90.53683330502447,-23.753436761617778,1.5034153511943755,nan,65.72
YIELD,0.0,55.000922814482294,-54.55082002623283,-1.5720983078547615,TRACKING,5.52310805,5.524356758390666,90.54427462218003,-23.6432009582721,1.503372589877365,nan,65.74000000000001
YIELD,0.0,55.000922814482294,-54.55082002623283,-1.5720983078547615,TRACKING,5.52379422,5.525353231893488,90.55172189584879,-23.532946038745255,1.503332677046233,nan,65.76
YIELD,0.0,55.000922814482294,-54.55082002623283,-1.5720983078547615,TRACKING,5.52446608,5.52589671477684,90.55917408962426,-23.422679822580335,1.5032969262317355,nan,65.78
YIELD,0.0,55.000922814482294,-54.55082002623283,-1.5720983078547615,TRACKING,5.52512392,5.526459808237219,90.56663080747917,-23.31240282481523,1.5032642102802118,nan,65.8
YIELD,0.0,55.000922814482294,-54.55082002623283,-1.5720983078547615,TRACKING,5.52576803,5.527027879618816,90.57409176980224,-23.202114918460303,1.5032337204414838,nan,65.82000000000001
YIELD,0.0,55.000922814482294,-54.55082002623283,-1.5720983078547615,TRACKING,5.52701623,5.528406125020171,90.5815574802851,-23.091808561406147,1.5032077307454155,nan,65.84
YIELD,0.0,55.000922814482294,-54.55082002623283,-1.5720983078547615,TRACKING,5.52701623,5.528673165687691,90.58902640558692,-22.98148712159971,1.503190155125612,nan,65.86
YIELD,0.0,55.000922814482294,-54.55082002623283,-1.5720983078547615,TRACKING,5.52820028,5.528440807504438,90.5964975138133,-22.871171751984086,1.5031788011300764,nan,65.88000000000001
YIELD,0.0,55.000922814482294,-54.55082002623283,-1.5720983078547615,TRACKING,5.52877996,5.529122440739333,90.60397026469293,-22.76084316670672,1.5031712442649627,nan,65.9
YIELD,0.0,55.000922814482294,-54.55082002623283,-1.5720983078547615,TRACKING,5.52934779,5.5297547822860915,90.61144431247942,-22.650501812289544,1.5031661979701334,nan,65.921
YIELD,0.0,55.000922814482294,-54.55082002623283,-1.5720983078547615,TRACKING,5.52990379,5.530350330318726,90.61891946048782,-22.540148468289743,1.5031628279041689,nan,65.94
YIELD,0.0,55.000922814482294,-54.55082002623283,-1.5720983078547615,TRACKING,5.52990379,5.530917438293013,90.62639557249172,-22.429783733050943,1.5031605772970025,nan,65.96000000000001
YIELD,0.0,55.000922814482294,-54.55082002623283,-1.5720983078547615,TRACKING,5.53098123,5.531461972445053,90.63387254893445,-22.319408076295215,1.5031590722783172,nan,65.98
YIELD,0.0,55.000922814482294,-54.55082002623283,-1.5720983078547615,TRACKING,5.53150316,5.531987976743134,90.64135031746105,-22.20902188610707,1.5031580631952255,nan,66.0
YIELD,0.0,55.000922814482294,-54.55082002623283,-1.5720983078547615,TRACKING,5.53201419,5.532498541948525,90.64882884011367,-22.098625479186857,1.5031573886506602,nan,66.02000000000001
YIELD,0.0,55.000922814482294,-54.55082002623283,-1.5720983078547615,TRACKING,5.53251457,5.53299521990711,90.65630807724797,-21.988219137633926,1.503156937318152,nan,66.04
YIELD,0.0,55.000922814482294,-54.55082002623283,-1.5720983078547615,TRACKING,5.53251457,5.533479084985565,90.66378799803324,-21.877803121477267,1.5031566354736445,nan,66.06
YIELD,0.0,55.000922814482294,-54.55082002623283,-1.5720983078547615,TRACKING,5.53348422,5.533955444894492,90.67126857781257,-21.767377574864113,1.50315643131192,nan,66.08
YIELD,0.0,55.000922814482294,-54.55082002623283,-1.5720983078547615,TRACKING,5.53348422,5.534413561587533,90.678749795638,-21.656942870306693,1.5031562953706574,nan,66.10000000000001
YIELD,0.0,55.000922814482294,-54.55082002623283,-1.5720983078547615,TRACKING,5.53441384,5.534863240071073,90.6862316331662,-21.546499189976736,1.503156204981692,nan,66.12
YIELD,0.0,55.000922814482294,-54.55082002623283,-1.5720983078547615,TRACKING,5.53441384,5.518758513111453,90.69369522687965,-21.436324881014137,1.5031561438798993,nan,66.14
YIELD,0.0,55.000922814482294,-54.55082002623283,-1.5720983078547615,TRACKING,5.51875889,5.519799206594268,90.70115669636272,-21.326181977617065,1.5031594238912898,nan,66.16000000000001
YIELD,0.0,55.000922814482294,-54.55082002623283,-1.5720983078547615,TRACKING,5.51919061,5.5200373239144795,90.70861788623027,-21.216033089626016,1.5031690451893027,nan,66.18
YIELD,0.0,55.000922814482294,-54.55082002623283,-1.5720983078547615,TRACKING,5.51961333,5.520661240795357,90.71607843318964,-21.105873188342514,1.5031835592220384,nan,66.2
YIELD,0.0,55.000922814482294,-54.55082002623283,-1.5720983078547615,TRACKING,5.52035815,5.520882933017317,90.72353802154045,-20.995708458886458,1.5032022827238836,nan,66.22
YIELD,0.0,55.000922814482294,-54.55082002623283,-1.5720983078547615,TRACKING,5.52035815,5.521673202613941,90.73099625456541,-20.885528442221354,1.5032243398088487,nan,66.24000000000001
YIELD,0.0,55.000922814482294,-54.55082002623283,-1.5720983078547615,TRACKING,5.52109434,5.522396655614671,90.73845284105704,-20.77533375745207,1.5032494770743805,nan,66.26
YIELD,0.0,55.000922814482294,-54.55082002623283,-1.5720983078547615,TRACKING,5.52253491,5.523145353830437,90.7459073738612,-20.665123868210195,1.503277464469142,nan,66.28
YIELD,0.0,55.000922814482294,-54.55082002623283,-1.5720983078547615,TRACKING,5.52253491,5.523866408062524,90.75335955567621,-20.55489928381731,1.5033079223555208,nan,66.3
YIELD,0.0,55.000922814482294,-54.55082002623283,-1.5720983078547615,TRACKING,5.52323302,5.52423301938013,90.76080911976244,-20.444666738926063,1.5033407999138833,nan,66.32000000000001
YIELD,0.0,55.000922814482294,-54.55082002623283,-1.5720983078547615,TRACKING,5.52458588,5.524888340831604,90.7682557972891,-20.334421118147276,1.5033758550922798,nan,66.34
YIELD,0.0,55.000922814482294,-54.55082002623283,-1.5720983078547615,TRACKING,5.52458588,5.525479839097394,90.77569939338069,-20.224163432642126,1.5034132686686685,nan,66.36
YIELD,0.0,55.000922814482294,-54.55082002623283,-1.5720983078547615,TRACKING,5.52588289,5.526118845592338,90.78313953647097,-20.11389271208902,1.5034530984838763,nan,66.38000000000001
YIELD,0.0,55.000922814482294,-54.55082002623283,-1.5720983078547615,TRACKING,5.52651117,5.526844150888291,90.79057627826096,-20.003609088371064,1.5034956048156514,nan,66.4
YIELD,0.0,55.000922814482294,-54.55082002623283,-1.5720983078547615,TRACKING,5.52711352,5.527794923122197,90.79800922313673,-19.893304770767426,1.5035404403618546,nan,66.42
YIELD,0.0,55.000922814482294,-54.55082002623283,-1.5720983078547615,TRACKING,5.52771586,5.5287141154872765,90.80543794511627,-19.78298146206358,1.5035870857388265,nan,66.44
YIELD,0.0,55.000922814482294,-54.55082002623283,-1.5720983078547615,TRACKING,5.52830563,5.5293201688541505,90.81286223077046,-19.67264503864948,1.5036358084938204,nan,66.46000000000001
YIELD,0.0,55.000922814482294,-54.55082002623283,-1.5720983078547615,TRACKING,5.52830563,5.52988731858043,90.82028178970664,-19.562296787025375,1.5036866796605897,nan,66.48
YIELD,0.0,55.000922814482294,-54.55082002623283,-1.5720983078547615,TRACKING,5.52888336,5.530447343323027,90.82769637694378,-19.451937015963647,1.503739628561951,nan,66.5
YIELD,0.0,55.000922814482294,-54.55082002623283,-1.5720983078547615,TRACKING,5.53000293,5.530639368472245,90.83510575459601,-19.341573274216955,1.503794895975213,nan,66.52000000000001
YIELD,0.0,55.000922814482294,-54.55082002623283,-1.5720983078547615,TRACKING,5.53000293,5.531164745250531,90.84250908089622,-19.231198928716644,1.5038522196816875,nan,66.54
YIELD,0.0,55.000922814482294,-54.55082002623283,-1.5720983078547615,TRACKING,5.53107629,5.531717626287099,90.84990670786647,-19.120813080253676,1.503911701326877,nan,66.56
YIELD,0.0,55.000922814482294,-54.55082002623283,-1.5720983078547615,TRACKING,5.53107629,5.532223734123512,90.85729818737104,-19.010416557155896,1.5039731413522393,nan,66.58
YIELD,0.0,55.000922814482294,-54.55082002623283,-1.5720983078547615,TRACKING,5.53210532,5.532468855594065,90.86468330752075,-18.900013852761848,1.5040366828464216,nan,66.60000000000001
YIELD,0.0,55.000922814482294,-54.55082002623283,-1.5720983078547615,TRACKING,5.53210532,5.532967950259034,90.87206193276843,-18.789601434443156,1.5041023765416888,nan,66.62
YIELD,0.0,55.000922814482294,-54.55082002623283,-1.5720983078547615,TRACKING,5.53309187,5.533437657480088,90.87943381532543,-18.679179070955918,1.5041704447006519,nan,66.64
YIELD,0.0,55.000922814482294,-54.55082002623283,-1.5720983078547615,TRACKING,5.5335598,5.5336680191226,90.88679860367104,-18.5687495908057,1.5042406847895948,nan,66.66000000000001
YIELD,0.0,55.000922814482294,-54.55082002623283,-1.5720983078547615,TRACKING,5.53402772,5.533968847649798,90.89415614306728,-18.458315717298074,1.5043128229038392,nan,66.68
YIELD,0.0,55.000922814482294,-54.55082002623283,-1.5720983078547615,TRACKING,5.53402772,5.534394962583439,90.90150621728347,-18.347872819363985,1.504386908433918,nan,66.7
YIELD,0.0,55.000922814482294,-54.55082002623283,-1.5720983078547615,TRACKING,5.53493469,5.534792501373602,90.90884860866971,-18.2374214630345,1.504463205729977,nan,66.72
YIELD,0.0,55.000922814482294,-54.55082002623283,-1.5720983078547615,TRACKING,5.53537413,5.535194464469285,90.9161830228506,-18.12696154852544,1.5045419797583246,nan,66.74000000000001
YIELD,0.0,55.000922814482294,-54.55082002623283,-1.5720983078547615,TRACKING,5.53580441,5.536097774670383,90.9235099910446,-18.01648607994196,1.5046229148618961,nan,66.76
YIELD,0.0,55.000922814482294,-54.55082002623283,-1.5720983078547615,TRACKING,5.53622572,5.5371500154082245,90.93082863402633,-17.905988278538658,1.5047051010666852,nan,66.78
YIELD,0.0,55.000922814482294,-54.55082002623283,-1.5720983078547615,TRACKING,5.53622572,5.537632155368962,90.93813869159177,-17.79547747762683,1.504789014574121,nan,66.8
YIELD,0.0,55.000922814482294,-54.55082002623283,-1.5720983078547615,TRACKING,5.53663824,5.538079927215068,90.94543996093692,-17.684956897957345,1.504875086543155,nan,66.82000000000001
YIELD,0.0,55.000922814482294,-54.55082002623283,-1.5720983078547615,TRACKING,5.53743764,5.538502827961353,90.9527321479711,-17.57442718291476,1.5049636866062304,nan,66.84100000000001
YIELD,0.0,55.000922814482294,-54.55082002623283,-1.5720983078547615,TRACKING,5.53782487,5.538653236136258,90.96001469770904,-17.46389354741632,1.5050542992480647,nan,66.86
YIELD,0.0,55.000922814482294,-54.55082002623283,-1.5720983078547615,TRACKING,5.53782487,5.538905851926838,90.9672875895458,-17.35335496876322,1.5051462352122973,nan,66.88000000000001
YIELD,0.0,55.000922814482294,-54.55082002623283,-1.5720983078547615,TRACKING,5.53820403,5.5392433882517365,90.97455046388443,-17.24280910236505,1.5052397738491845,nan,66.9
YIELD,0.0,55.000922814482294,-54.55082002623283,-1.5720983078547615,TRACKING,5.53893878,5.539558633425898,90.98180330043584,-17.132256335473915,1.5053354465998376,nan,66.92
YIELD,0.0,55.000922814482294,-54.55082002623283,-1.5720983078547615,TRACKING,5.53893878,5.539517100567956,90.9890453207118,-17.02170011975004,1.5054335910615508,nan,66.94
YIELD,0.0,55.000922814482294,-54.55082002623283,-1.5720983078547615,TRACKING,5.53964319,5.539551722690874,90.9962765187114,-16.91114535204421,1.5055336781715474,nan,66.96000000000001
YIELD,0.0,55.000922814482294,-54.55082002623283,-1.5720983078547615,TRACKING,5.53998442,5.53993129304954,91.00349709321212,-16.80058237310639,1.5056348192012228,nan,66.98
YIELD,0.0,55.000922814482294,-54.55082002623283,-1.5720983078547615,TRACKING,5.53998442,5.540288414658088,91.0107068799392,-16.690011430468758,1.5057375447219867,nan,67.0
YIELD,0.0,55.000922814482294,-54.55082002623283,-1.5720983078547615,TRACKING,5.54064566,5.540231360699953,91.01790566903078,-16.579439438813694,1.505842558887667,nan,67.02000000000001
YIELD,0.0,55.000922814482294,-54.55082002623283,-1.5720983078547615,TRACKING,5.54096597,5.540497910055332,91.02509313921988,-16.468863477205897,1.505950306998657,nan,67.04
YIELD,0.0,55.000922814482294,-54.55082002623283,-1.5720983078547615,TRACKING,5.5412796,5.541002432435321,91.03226870363034,-16.358276532388004,1.5060596236815018,nan,67.06
YIELD,0.0,55.000922814482294,-54.55082002623283,-1.5720983078547615,TRACKING,5.54158669,5.54123509280891,91.03943259696129,-16.247684017705907,1.5061698238457188,nan,67.081
YIELD,0.0,55.000922814482294,-54.55082002623283,-1.5720983078547615,TRACKING,5.54188737,5.541515974294766,91.04658521369365,-16.137085636192264,1.5062817423148935,nan,67.10000000000001
YIELD,0.0,55.000922814482294,-54.55082002623283,-1.5720983078547615,TRACKING,5.54188737,5.542830559211463,91.05372668810188,-16.026466005080763,1.5063957979265405,nan,67.12
YIELD,0.0,55.000922814482294,-54.55082002623283,-1.5720983078547615,TRACKING,5.54247004,5.5436111662375245,91.06085586813913,-15.915826073007189,1.5065122208082506,nan,67.14
YIELD,0.0,55.000922814482294,-54.55082002623283,-1.5720983078547615,TRACKING,5.54247004,5.543720157349204,91.0679722125007,-15.805180248018967,1.506630717331328,nan,67.16000000000001
YIELD,0.0,55.000922814482294,-54.55082002623283,-1.5720983078547615,TRACKING,5.54302895,5.543961178483196,91.07507568797745,-15.694528938794512,1.506750196820065,nan,67.18
YIELD,0.0,55.000922814482294,-54.55082002623283,-1.5720983078547615,TRACKING,5.54329955,5.544297968553482,91.08216632295881,-15.583870038540601,1.506870793761567,nan,67.20100000000001
YIELD,0.0,55.000922814482294,-54.55082002623283,-1.5720983078547615,TRACKING,5.54329955,5.544240910918271,91.08924395762999,-15.473210151046079,1.5069934645467087,nan,67.22
YIELD,0.0,55.000922814482294,-54.55082002623283,-1.5720983078547615,TRACKING,5.54356422,5.54443788499798,91.09630763269242,-15.36254769041803,1.5071184047913073,nan,67.24000000000001
YIELD,0.0,55.000922814482294,-54.55082002623283,-1.5720983078547615,TRACKING,5.54382364,5.544882396071665,91.10335789279483,-15.251874954411328,1.5072453241537922,nan,67.26
YIELD,0.0,55.000922814482294,-54.55082002623283,-1.5720983078547615,TRACKING,5.54407765,5.545134091051081,91.11039391378614,-15.14119586445451,1.5073728315354273,nan,67.28
YIELD,0.0,55.000922814482294,-54.55082002623283,-1.5720983078547615,TRACKING,5.5445699,5.544293450285963,91.11741523035016,-15.030527857161738,1.5075013862298399,nan,67.3
YIELD,0.0,55.000922814482294,-54.55082002623283,-1.5720983078547615,TRACKING,5.5445699,5.544599405328825,91.12442261551354,-14.919857346978416,1.5076319301186145,nan,67.321
YIELD,0.0,55.000922814482294,-54.55082002623283,-1.5720983078547615,TRACKING,5.54480834,5.5448648561709915,91.13141576411337,-14.80918047441721,1.5077651553593177,nan,67.34
YIELD,0.0,55.000922814482294,-54.55082002623283,-1.5720983078547615,TRACKING,5.54504182,5.5448502750136965,91.13839394578926,-14.698503199236248,1.5078997867858548,nan,67.36
YIELD,0.0,55.000922814482294,-54.55082002623283,-1.5720983078547615,TRACKING,5.54527042,5.544979153615924,91.14535760710075,-14.587822698942384,1.5080346459627794,nan,67.38000000000001
YIELD,0.0,55.000922814482294,-54.55082002623283,-1.5720983078547615,TRACKING,5.54571341,5.545116481655969,91.15230664676686,-14.477138645761814,1.5081706918277467,nan,67.4
YIELD,0.0,55.000922814482294,-54.55082002623283,-1.5720983078547615,TRACKING,5.54571341,5.545230591904758,91.15924089149601,-14.366451488314206,1.508308837381549,nan,67.42200000000001
YIELD,0.0,55.000922814482294,-54.55082002623283,-1.5720983078547615,TRACKING,5.54613812,5.545368049044764,91.16616001166557,-14.255760733817324,1.5084498733107334,nan,67.44
YIELD,0.0,55.000922814482294,-54.55082002623283,-1.5720983078547615,TRACKING,5.54634385,5.545935460789334,91.1730643365077,-14.14505794725545,1.5085924514085667,nan,67.46000000000001
YIELD,0.0,55.000922814482294,-54.55082002623283,-1.5720983078547615,TRACKING,5.54654529,5.547476491119406,91.1799539191966,-14.034325824291505,1.508734782167315,nan,67.48
YIELD,0.0,55.000922814482294,-54.55082002623283,-1.5720983078547615,TRACKING,5.54654529,5.547785202349966,91.18682805895334,-13.923583361918332,1.5088780920379983,nan,67.5
CRUISE,0.0,55.000922814482294,-54.55082002623283,-1.5720983078547615,TRACKING,5.54674253,5.548079647289804,91.1936866036297,-13.812833862316158,1.5090234283285062,nan,67.52000000000001
CRUISE,0.0,55.000922814482294,-54.55082002623283,-1.5720983078547615,TRACKING,5.54693565,5.548470856354059,91.20052940384254,-13.702074812747219,1.5091724955487067,nan,67.54
CRUISE,0.0,55.000922814482294,-54.55082002623283,-1.5720983078547615,TRACKING,5.54712475,5.548126175903665,91.20735506176388,-13.591322317292661,1.5093234440043395,nan,67.56
CRUISE,0.0,55.000922814482294,-54.55082002623283,-1.5720983078547615,TRACKING,5.54749118,5.548411293077994,91.21416439481037,-13.480563499957835,1.50947374820662,nan,67.58
CRUISE,0.0,55.000922814482294,-54.55082002623283,-1.5720983078547615,TRACKING,5.54749118,5.548492022295377,91.22095713816636,-13.369802060440556,1.5096246837122749,nan,67.60000000000001
CRUISE,0.0,55.000922814482294,-54.55082002623283,-1.5720983078547615,TRACKING,5.54766869,5.54856461609881,91.22773315955234,-13.2590383464159,1.5097773842835873,nan,67.62
CRUISE,0.0,55.000922814482294,-54.55082002623283,-1.5720983078547615,TRACKING,5.54801267,5.548282477103433,91.23449135007967,-13.148275553379262,1.5099325889008164,nan,67.64
CRUISE,0.0,55.000922814482294,-54.55082002623283,-1.5720983078547615,TRACKING,5.54801267,5.547656023723047,91.24123172550308,-13.03752719761169,1.5100891167225021,nan,67.66000000000001
CRUISE,0.0,55.000922814482294,-54.55082002623283,-1.5720983078547615,TRACKING,5.54834244,5.547748645251291,91.24795513237174,-12.926776149984196,1.5102452772081152,nan,67.68
CRUISE,0.0,55.000922814482294,-54.55082002623283,-1.5720983078547615,TRACKING,5.54834244,5.548144027118269,91.25466166688427,-12.816016424438445,1.5104028935223133,nan,67.7
CRUISE,0.0,55.000922814482294,-54.55082002623283,-1.5720983078547615,TRACKING,5.54850219,5.5478443143556815,91.26135068073563,-12.705257771380936,1.510563189124642,nan,67.72
CRUISE,0.0,55.000922814482294,-54.55082002623283,-1.5720983078547615,TRACKING,5.54880849,5.547882931896977,91.26802205097817,-12.594501283186707,1.5107260738814658,nan,67.74000000000001
CRUISE,0.0,55.000922814482294,-54.55082002623283,-1.5720983078547615,TRACKING,5.54880849,5.548427799786834,91.27467532563219,-12.483733210476334,1.5108898497196814,nan,67.76
CRUISE,0.0,55.000922814482294,-54.55082002623283,-1.5720983078547615,TRACKING,5.54895845,5.548435589093488,91.28131052168686,-12.372963069299335,1.511052788500373,nan,67.78
CRUISE,0.0,55.000922814482294,-54.55082002623283,-1.5720983078547615,TRACKING,5.54910519,5.548488848548466,91.28792848556178,-12.262191186445499,1.5112165834045481,nan,67.8
CRUISE,0.0,55.000922814482294,-54.55082002623283,-1.5720983078547615,TRACKING,5.54924902,5.549879607364775,91.29452988481637,-12.151400507198467,1.5113824343461342,nan,67.82000000000001
CRUISE,0.0,55.000922814482294,-54.55082002623283,-1.5720983078547615,TRACKING,5.54938985,5.550796801005952,91.30111309193019,-12.040583548360221,1.5115508481232254,nan,67.84100000000001
CRUISE,0.0,55.000922814482294,-54.55082002623283,-1.5720983078547615,TRACKING,5.54966277,5.5503637290226076,91.30767701368877,-11.929770558323888,1.5117195464600934,nan,67.86
CRUISE,0.0,55.000922814482294,-54.55082002623283,-1.5720983078547615,TRACKING,5.54979497,5.550766799359816,91.31422281346435,-11.818948725078311,1.5118867029829777,nan,67.88000000000001
CRUISE,0.0,55.000922814482294,-54.55082002623283,-1.5720983078547615,TRACKING,5.54992171,5.550889164281693,91.32075023999754,-11.708123108771451,1.5120539958209709,nan,67.9
CRUISE,0.0,55.000922814482294,-54.55082002623283,-1.5720983078547615,TRACKING,5.54992171,5.550869034752656,91.32725942123119,-11.597294442543612,1.5122222476230076,nan,67.92
CRUISE,0.0,55.000922814482294,-54.55082002623283,-1.5720983078547615,TRACKING,5.55017256,5.550897128945502,91.33374962184213,-11.486466883571895,1.5123927399141177,nan,67.94
CRUISE,0.0,55.000922814482294,-54.55082002623283,-1.5720983078547615,TRACKING,5.55029412,5.550954625302561,91.34022069641802,-11.375637278294962,1.5125664580738079,nan,67.96000000000001
CRUISE,0.0,55.000922814482294,-54.55082002623283,-1.5720983078547615,TRACKING,5.55041316,5.551052069721271,91.34667212426943,-11.264804549867716,1.5127439296293377,nan,67.98
CRUISE,0.0,55.000922814482294,-54.55082002623283,-1.5720983078547615,TRACKING,5.55041316,5.550117673150295,91.35310298625218,-11.153981916531013,1.512925527332553,nan,68.0
CRUISE,0.0,55.000922814482294,-54.55082002623283,-1.5720983078547615,TRACKING,5.55064382,5.5502684090488,91.35951365115011,-11.043161034575606,1.5131119185376478,nan,68.02000000000001
CRUISE,0.0,55.000922814482294,-54.55082002623283,-1.5720983078547615,TRACKING,5.55064382,5.550382282684575,91.36590352626756,-10.932336572374538,1.5133035557502121,nan,68.04
CRUISE,0.0,55.000922814482294,-54.55082002623283,-1.5720983078547615,TRACKING,5.55086496,5.5502635787214105,91.37227176669364,-10.821513434967814,1.5134995795120596,nan,68.06
CRUISE,0.0,55.000922814482294,-54.55082002623283,-1.5720983078547615,TRACKING,5.55097209,5.549754378703252,91.37861823557574,-10.710699504601203,1.5136992970894914,nan,68.08
CRUISE,0.0,55.000922814482294,-54.55082002623283,-1.5720983078547615,TRACKING,5.55097209,5.549794256426127,91.38494250735806,-10.599884549190888,1.5139030564563276,nan,68.101
CRUISE,0.0,55.000922814482294,-54.55082002623283,-1.5720983078547615,TRACKING,5.55117968,5.549795153659461,91.39124413553256,-10.489068367346139,1.5141115327691324,nan,68.12100000000001
CRUISE,0.0,55.000922814482294,-54.55082002623283,-1.5720983078547615,TRACKING,5.55117968,5.549826219304785,91.39752251142541,-10.378250333150222,1.5143253823586378,nan,68.14
CRUISE,0.0,55.000922814482294,-54.55082002623283,-1.5720983078547615,TRACKING,5.5513787,5.550436642491474,91.4037784929049,-10.267420735623805,1.514543582902422,nan,68.16000000000001
CRUISE,0.0,55.000922814482294,-54.55082002623283,-1.5720983078547615,TRACKING,5.5514751,5.552633660388735,91.41001098259086,-10.156552489650078,1.5147639156408348,nan,68.18
CRUISE,0.0,55.000922814482294,-54.55082002623283,-1.5720983078547615,TRACKING,5.5514751,5.553116584763166,91.41621910720043,-10.045663485023207,1.514987372655265,nan,68.2
CRUISE,0.0,55.000922814482294,-54.55082002623283,-1.5720983078547615,TRACKING,5.5515695,5.5533272022359315,91.4224024762081,-9.93476871749823,1.5152151580096749,nan,68.22
CRUISE,0.0,55.000922814482294,-54.55082002623283,-1.5720983078547615,TRACKING,5.55166192,5.553497866972198,91.4285605126984,-9.823868998440428,1.515448147929822,nan,68.24000000000001
CRUISE,0.0,55.000922814482294,-54.55082002623283,-1.5720983078547615,TRACKING,5.55175242,5.553179986352236,91.43469215757234,-9.712974058259398,1.515684664279785,nan,68.26
CRUISE,0.0,55.000922814482294,-54.55082002623283,-1.5720983078547615,TRACKING,5.55184103,5.55299454397057,91.44079758043029,-9.602082496628896,1.5159231071577541,nan,68.28
CRUISE,0.0,55.000922814482294,-54.55082002623283,-1.5720983078547615,TRACKING,5.55201275,5.553000328532354,91.4468760320515,-9.491189596444784,1.5161643509977447,nan,68.3
CRUISE,0.0,55.000922814482294,-54.55082002623283,-1.5720983078547615,TRACKING,5.55201275,5.552986036653352,91.45292750380224,-9.380295713510014,1.5164096542677405,nan,68.322
CRUISE,0.0,55.000922814482294,-54.55082002623283,-1.5720983078547615,TRACKING,5.55209592,5.552775605234183,91.45895046243845,-9.269402017192665,1.5166594776158902,nan,68.34
CRUISE,0.0,55.000922814482294,-54.55082002623283,-1.5720983078547615,TRACKING,5.55217567,5.551107377922124,91.4649446130426,-9.158540858902073,1.5169129278576663,nan,68.36
CRUISE,0.0,55.000922814482294,-54.55082002623283,-1.5720983078547615,TRACKING,5.55225541,5.551312340850495,91.47091081013052,-9.047674852239474,1.517167547754921,nan,68.38000000000001
CRUISE,0.0,55.000922814482294,-54.55082002623283,-1.5720983078547615,TRACKING,5.55241006,5.55147117117084,91.47684884128837,-8.936803909494675,1.5174246824276192,nan,68.4
CRUISE,0.0,55.000922814482294,-54.55082002623283,-1.5720983078547615,TRACKING,5.55241006,5.551205052721022,91.48275837988426,-8.825932051050131,1.517685694151374,nan,68.421
CRUISE,0.0,55.000922814482294,-54.55082002623283,-1.5720983078547615,TRACKING,5.55248495,5.550822355912123,91.48863883593079,-8.715072164718219,1.5179519808494697,nan,68.44
CRUISE,0.0,55.000922814482294,-54.55082002623283,-1.5720983078547615,TRACKING,5.55263001,5.551387288220325,91.49448915935609,-8.604199134997849,1.5182206885426428,nan,68.46000000000001
CRUISE,0.0,55.000922814482294,-54.55082002623283,-1.5720983078547615,TRACKING,5.55270031,5.551295452219649,91.50030983438491,-8.493326030762981,1.5184899687403766,nan,68.48
CRUISE,0.0,55.000922814482294,-54.55082002623283,-1.5720983078547615,TRACKING,5.55270031,5.5512526883434825,91.50610136203134,-8.382452653128633,1.5187616707452067,nan,68.5
YIELD,0.0,55.000922814482294,-54.55082002623283,-1.5720983078547615,TRACKING,5.55283654,5.55295092505881,91.51186495329246,-8.271557104260397,1.5190374859535931,nan,68.521
YIELD,0.0,55.000922814482294,-54.55082002623283,-1.5720983078547615,TRACKING,5.55283654,5.5548471594198885,91.51759795499187,-8.160614707361374,1.5193175082861168,nan,68.54
YIELD,0.0,55.000922814482294,-54.55082002623283,-1.5720983078547615,TRACKING,5.55296715,5.554340177902625,91.5232991765849,-8.049674007759833,1.5195998008251177,nan,68.56
YIELD,0.0,55.000922814482294,-54.55082002623283,-1.5720983078547615,TRACKING,5.55303042,5.554585105030027,91.52896933891097,-7.938727194330193,1.5198819799558392,nan,68.58
YIELD,0.0,55.000922814482294,-54.55082002623283,-1.5720983078547615,TRACKING,5.55303042,5.554795854083486,91.5346083451358,-7.827774323574973,1.5201658810708798,nan,68.60000000000001
YIELD,0.0,55.000922814482294,-54.55082002623283,-1.5720983078547615,TRACKING,5.55309237,5.554386524906599,91.54021592724843,-7.716821786451388,1.5204532516034295,nan,68.62
YIELD,0.0,55.000922814482294,-54.55082002623283,-1.5720983078547615,TRACKING,5.55321242,5.554265762812719,91.54579081883357,-7.605877305313066,1.5207453371150772,nan,68.64
YIELD,0.0,55.000922814482294,-54.55082002623283,-1.5720983078547615,TRACKING,5.55321242,5.554636674212173,91.55133325343199,-7.494923487737014,1.5210394049845208,nan,68.66000000000001
YIELD,0.0,55.000922814482294,-54.55082002623283,-1.5720983078547615,TRACKING,5.55327057,5.554786665373952,91.55684281225945,-7.383964518164285,1.5213325968593672,nan,68.68
YIELD,0.0,55.000922814482294,-54.55082002623283,-1.5720983078547615,TRACKING,5.55338326,5.552455144652237,91.5623177566539,-7.273029985465793,1.5216267692857386,nan,68.7
YIELD,0.0,55.000922814482294,-54.55082002623283,-1.5720983078547615,TRACKING,5.55338326,5.552365961302662,91.5677600853798,-7.162115533456183,1.5219244892414763,nan,68.72200000000001
YIELD,0.0,55.000922814482294,-54.55082002623283,-1.5720983078547615,TRACKING,5.5534913,5.552508928299306,91.57316928841902,-7.051197052112514,1.522226631485509,nan,68.74000000000001
YIELD,0.0,55.000922814482294,-54.55082002623283,-1.5720983078547615,TRACKING,5.55354887,5.552121486050766,91.57854432630793,-6.940284362965583,1.522531265329506,nan,68.76100000000001
YIELD,0.0,55.000922814482294,-54.55082002623283,-1.5720983078547615,TRACKING,5.55354887,5.5521554052258235,91.58388565315884,-6.829369771125251,1.5228353696609116,nan,68.78
YIELD,0.0,55.000922814482294,-54.55082002623283,-1.5720983078547615,TRACKING,5.55359403,5.552019349978388,91.58919346725375,-6.7184564277008505,1.5231401605568238,nan,68.80000000000001
YIELD,0.0,55.000922814482294,-54.55082002623283,-1.5720983078547615,TRACKING,5.55369322,5.551875253197123,91.59446755184794,-6.6075443799994575,1.523447585313992,nan,68.82000000000001
YIELD,0.0,55.000922814482294,-54.55082002623283,-1.5720983078547615,TRACKING,5.55374134,5.551573580159631,91.59970762608478,-6.496637356897156,1.5237606673426467,nan,68.84
YIELD,0.0,55.000922814482294,-54.55082002623283,-1.5720983078547615,TRACKING,5.55378846,5.555934710107632,91.6049121141338,-6.385652360964337,1.524059134819894,nan,68.861
YIELD,0.0,55.000922814482294,-54.55082002623283,-1.5720983078547615,TRACKING,5.55383459,5.554723529209209,91.61008625979707,-6.274671787652614,1.5243240538622516,nan,68.88000000000001
YIELD,0.0,55.000922814482294,-54.55082002623283,-1.5720983078547615,TRACKING,5.55387977,5.553615185129357,91.61523305268325,-6.16372039427521,1.5245674155104827,nan,68.9
YIELD,0.0,55.000922814482294,-54.55082002623283,-1.5720983078547615,TRACKING,5.55387977,5.554279659999462,91.62035429212052,-6.052754804908851,1.5247973911664578,nan,68.92
YIELD,0.0,55.000922814482294,-54.55082002623283,-1.5720983078547615,TRACKING,5.553924,5.554806536752333,91.62545093892336,-5.94177662599703,1.5250207369226412,nan,68.94
YIELD,0.0,55.000922814482294,-54.55082002623283,-1.5720983078547615,TRACKING,5.55400971,5.557350142812484,91.6305249221237,-5.830752793521121,1.5252521782833652,nan,68.96000000000001
YIELD,0.0,55.000922814482294,-54.55082002623283,-1.5720983078547615,TRACKING,5.55405123,5.554511262074092,91.63557198284796,-5.719764278274447,1.5255058992538835,nan,68.98
YIELD,0.0,55.000922814482294,-54.55082002623283,-1.5720983078547615,TRACKING,5.55405123,5.554255272044948,91.64058811072263,-5.608789643508734,1.5257775053547729,nan,69.0
CRUISE,0.0,55.000922814482294,-54.55082002623283,-1.5720983078547615,TRACKING,5.55409188,5.5542510881138165,91.64557241278528,-5.49781486878131,1.5260651861836512,nan,69.02000000000001
CRUISE,0.0,55.000922814482294,-54.55082002623283,-1.5720983078547615,TRACKING,5.55413169,5.554253929214611,91.65052382249725,-5.386840943750818,1.5263688436161174,nan,69.04
CRUISE,0.0,55.000922814482294,-54.55082002623283,-1.5720983078547615,TRACKING,5.55417067,5.5536213246808375,91.65544127463278,-5.2758800604377925,1.5266929756578413,nan,69.06
CRUISE,0.0,55.000922814482294,-54.55082002623283,-1.5720983078547615,TRACKING,5.55424619,5.5541343655232,91.66032111390538,-5.164908570494006,1.5270406311566767,nan,69.08
CRUISE,0.0,55.000922814482294,-54.55082002623283,-1.5720983078547615,TRACKING,5.55428278,5.554079199584801,91.6651609719472,-5.053931555419531,1.5274081148970275,nan,69.101
CRUISE,0.0,55.000922814482294,-54.55082002623283,-1.5720983078547615,TRACKING,5.55428278,5.553753102738835,91.6699589472991,-4.942955632452557,1.527793264604656,nan,69.12
CRUISE,0.0,55.000922814482294,-54.55082002623283,-1.5720983078547615,TRACKING,5.5543186,5.5510099407449776,91.674713098419,-4.8320320831138535,1.5281955774851024,nan,69.14
CRUISE,0.0,55.000922814482294,-54.55082002623283,-1.5720983078547615,TRACKING,5.55438802,5.550728371004252,91.67942185978855,-4.721119420134157,1.528614799541281,nan,69.16000000000001
CRUISE,0.0,55.000922814482294,-54.55082002623283,-1.5720983078547615,TRACKING,5.55438802,5.550885444616911,91.68408296846411,-4.610201876003447,1.5290509040256477,nan,69.18
CRUISE,0.0,55.000922814482294,-54.55082002623283,-1.5720983078547615,TRACKING,5.55445458,5.551023140784225,91.6886953514963,-4.499279444354481,1.5295020555331866,nan,69.2
CRUISE,0.0,55.000922814482294,-54.55082002623283,-1.5720983078547615,TRACKING,5.55445458,5.5535120856268545,91.693259937258,-4.388327108259796,1.529967699611788,nan,69.221
CRUISE,0.0,55.000922814482294,-54.55082002623283,-1.5720983078547615,TRACKING,5.55448682,5.557736218210216,91.6977722108252,-4.277279910893059,1.530445388707609,nan,69.24000000000001
CRUISE,0.0,55.000922814482294,-54.55082002623283,-1.5720983078547615,TRACKING,5.55451839,5.557975593680006,91.70223074270424,-4.16620829878501,1.5309345670511922,nan,69.26
CRUISE,0.0,55.000922814482294,-54.55082002623283,-1.5720983078547615,TRACKING,5.55457956,5.558004966668265,91.70663439871798,-4.055134090287261,1.5314342061564092,nan,69.28
CRUISE,0.0,55.000922814482294,-54.55082002623283,-1.5720983078547615,TRACKING,5.55460919,5.558035650797098,91.71098205088543,-3.9440571345642335,1.5319437477655031,nan,69.30000000000001
CRUISE,0.0,55.000922814482294,-54.55082002623283,-1.5720983078547615,TRACKING,5.55460919,5.55720302674081,91.71527284138175,-3.8329835994372705,1.5324646217156788,nan,69.32000000000001
CRUISE,0.0,55.000922814482294,-54.55082002623283,-1.5720983078547615,TRACKING,5.55466602,5.556601563686993,91.71950402929626,-3.7219340069635933,1.5329963138632214,nan,69.34
CRUISE,0.0,55.000922814482294,-54.55082002623283,-1.5720983078547615,TRACKING,5.55469384,5.556888470491953,91.72367560738503,-3.610875915465833,1.5335353827067604,nan,69.36
CRUISE,0.0,55.000922814482294,-54.55082002623283,-1.5720983078547615,TRACKING,5.55472052,5.55710258235288,91.72778678992343,-3.4998107409908963,1.5340795054740708,nan,69.38000000000001
CRUISE,0.0,55.000922814482294,-54.55082002623283,-1.5720983078547615,TRACKING,5.5547472,5.5541580310777166,91.73183448576282,-3.38877414139711,1.5346273305541434,nan,69.4
CRUISE,0.0,55.000922814482294,-54.55082002623283,-1.5720983078547615,TRACKING,5.5547472,5.552574811805305,91.73582112797567,-3.277793202446944,1.5351811926087358,nan,69.42
CRUISE,0.0,55.000922814482294,-54.55082002623283,-1.5720983078547615,TRACKING,5.55477332,5.552610822747086,91.73974600292209,-3.1668092013289852,1.5357414092247528,nan,69.44
CRUISE,0.0,55.000922814482294,-54.55082002623283,-1.5720983078547615,TRACKING,5.55482396,5.552102888542284,91.74360799252061,-3.0558337464395593,1.5363046617308813,nan,69.46000000000001
CRUISE,0.0,55.000922814482294,-54.55082002623283,-1.5720983078547615,TRACKING,5.55482396,5.55194592606389,91.74740761816444,-2.9448580478706106,1.5368680127060765,nan,69.48
CRUISE,0.0,55.000922814482294,-54.55082002623283,-1.5720983078547615,TRACKING,5.5548485,5.551830142881399,91.751144740874,-2.8338846073119437,1.5374332683256664,nan,69.5
CRUISE,0.0,55.000922814482294,-54.55082002623283,-1.5720983078547615,TRACKING,5.55487252,5.551711246105671,91.75481906074405,-2.7229116381921417,1.5380018477328727,nan,69.52000000000001
CRUISE,0.0,55.000922814482294,-54.55082002623283,-1.5720983078547615,TRACKING,5.55489604,5.551640628183586,91.75843010022386,-2.6119381578355236,1.5385748548733715,nan,69.54
CRUISE,0.0,55.000922814482294,-54.55082002623283,-1.5720983078547615,TRACKING,5.55491907,5.55255693818767,91.76197877682112,-2.500944264451695,1.5391486606305405,nan,69.56
CRUISE,0.0,55.000922814482294,-54.55082002623283,-1.5720983078547615,TRACKING,5.55494162,5.557187682983851,91.76546576254295,-2.38989542989365,1.5397194416388942,nan,69.58
CRUISE,0.0,55.000922814482294,-54.55082002623283,-1.5720983078547615,TRACKING,5.5549637,5.557862911747561,91.76888956572522,-2.2787910630619446,1.54028907388494,nan,69.60000000000001
CRUISE,0.0,55.000922814482294,-54.55082002623283,-1.5720983078547615,TRACKING,5.55500649,5.558044687893734,91.77225015662344,-2.167680872133753,1.5408597873709156,nan,69.62
CRUISE,0.0,55.000922814482294,-54.55082002623283,-1.5720983078547615,TRACKING,5.55502721,5.55817404567042,91.77554729534539,-2.0565659948342225,1.5414330079793295,nan,69.64
CRUISE,0.0,55.000922814482294,-54.55082002623283,-1.5720983078547615,TRACKING,5.55502721,5.5572079877592495,91.77878016693401,-1.9454690797949354,1.5420041523434105,nan,69.66000000000001
CRUISE,0.0,55.000922814482294,-54.55082002623283,-1.5720983078547615,TRACKING,5.55506738,5.557519513537217,91.78195010251098,-1.8343647752539116,1.5425691237234032,nan,69.68
CRUISE,0.0,55.000922814482294,-54.55082002623283,-1.5720983078547615,TRACKING,5.55508683,5.557750479054988,91.78505759539368,-1.7232536611067872,1.5431310005773589,nan,69.7
CRUISE,0.0,55.000922814482294,-54.55082002623283,-1.5720983078547615,TRACKING,5.55510588,5.5579182407438745,91.78810281931197,-1.6121372086232015,1.5436920632370161,nan,69.72
CRUISE,0.0,55.000922814482294,-54.55082002623283,-1.5720983078547615,TRACKING,5.55510588,5.557742283178626,91.79108390075442,-1.5010218325766254,1.5442533138084038,nan,69.74000000000001
CRUISE,0.0,55.000922814482294,-54.55082002623283,-1.5720983078547615,TRACKING,5.5551428,5.553276803454979,91.7940011388268,-1.3899761724271864,1.5448104095227582,nan,69.76
CRUISE,0.0,55.000922814482294,-54.55082002623283,-1.5720983078547615,TRACKING,5.55516068,5.5529739893561185,91.79685720372372,-1.2789522988293316,1.5453593296547925,nan,69.78
CRUISE,0.0,55.000922814482294,-54.55082002623283,-1.5720983078547615,TRACKING,5.55516068,5.552757023705476,91.79965278011954,-1.1679316223548857,1.5459034075106932,nan,69.80000000000001
CRUISE,0.0,55.000922814482294,-54.55082002623283,-1.5720983078547615,TRACKING,5.55519533,5.552593554663227,91.80238821897073,-1.0569131409888355,1.546445213726917,nan,69.82000000000001
CRUISE,0.0,55.000922814482294,-54.55082002623283,-1.5720983078547615,TRACKING,5.55521212,5.5523961871014915,91.80506365140887,-0.9458973577990237,1.546987054078339,nan,69.84
CRUISE,0.0,55.000922814482294,-54.55082002623283,-1.5720983078547615,TRACKING,5.55522856,5.55365727812823,91.8076795529913,-0.8348544948250615,1.5475240406247097,nan,69.86
CRUISE,0.0,55.000922814482294,-54.55082002623283,-1.5720983078547615,TRACKING,5.55524465,5.553317265851985,91.81023626000585,-0.7238162100603899,1.5480508566611382,nan,69.881
CRUISE,0.0,55.000922814482294,-54.55082002623283,-1.5720983078547615,TRACKING,5.55524465,5.553106480874083,91.8127347301978,-0.6127813333644461,1.5485712392611608,nan,69.9
YIELD,0.0,55.000922814482294,-54.55082002623283,-1.5720983078547615,TRACKING,5.55526041,5.553525411981455,91.8151774425406,-0.5017427365940162,1.5490884294538372,nan,69.92
YIELD,0.0,55.000922814482294,-54.55082002623283,-1.5720983078547615,TRACKING,5.55529094,5.557798835494064,91.8175630030583,-0.39061763028691854,1.5496036908942308,nan,69.94
YIELD,0.0,55.000922814482294,-54.55082002623283,-1.5720983078547615,TRACKING,5.55530573,5.513384924181975,91.81987923080374,-0.28007638345571345,1.5501092373198426,nan,69.96000000000001
YIELD,0.0,55.000922814482294,-54.55082002623283,-1.5720983078547615,TRACKING,5.55530573,5.454976761895327,91.82211610235471,-0.1706979171270744,1.5505977414473768,nan,69.98
YIELD,0.0,55.000922814482294,-54.55082002623283,-1.5720983078547615,TRACKING,5.43830573,5.394643464197719,91.8242763841135,-0.06252435059153309,1.551073540314074,nan,70.0
YIELD,0.0,55.000922814482294,-54.55082002623283,-1.5720983078547615,TRACKING,5.43830573,5.3343670513993215,91.82636241333297,0.044444387055706,1.5515395942941637,nan,70.02000000000001
YIELD,0.0,55.000922814482294,-54.55082002623283,-1.5720983078547615,TRACKING,5.31830573,5.274171422516096,91.82837619930433,0.15020997982214063,1.5519981890670531,nan,70.04
YIELD,0.0,55.000922814482294,-54.55082002623283,-1.5720983078547615,TRACKING,5.25830573,5.260046747207977,91.83033094398368,0.2553859762121914,1.5524483126104875,nan,70.061
YIELD,0.0,55.000922814482294,-54.55082002623283,-1.5720983078547615,TRACKING,5.25885962,5.265130095079254,91.83224035772601,0.36065985095977,1.5528889061956521,nan,70.08
YIELD,0.0,55.000922814482294,-54.55082002623283,-1.5720983078547615,TRACKING,5.25885962,5.271087280304791,91.83410477945398,0.4660386259790094,1.5533232359708538,nan,70.10000000000001
YIELD,0.0,55.000922814482294,-54.55082002623283,-1.5720983078547615,TRACKING,5.26956739,5.273619907046368,91.83592556014123,0.5714819842266008,1.5537540718458216,nan,70.12
YIELD,0.0,55.000922814482294,-54.55082002623283,-1.5720983078547615,TRACKING,5.26956739,5.2793548313919,91.83770304706185,0.677038593641844,1.5541830132287957,nan,70.14
YIELD,0.0,55.000922814482294,-54.55082002623283,-1.5720983078547615,TRACKING,5.28135793,5.28579901660014,91.83943704943053,0.7827095300881756,1.5546056549903162,nan,70.16000000000001
YIELD,0.0,55.000922814482294,-54.55082002623283,-1.5720983078547615,TRACKING,5.28708658,5.291388568095928,91.84112886632101,0.8885021238390257,1.5550181478829743,nan,70.181
YIELD,0.0,55.000922814482294,-54.55082002623283,-1.5720983078547615,TRACKING,5.28708658,5.2966880664557205,91.84277944514876,0.9944061340668315,1.5554238512005072,nan,70.2
YIELD,0.0,55.000922814482294,-54.55082002623283,-1.5720983078547615,TRACKING,5.29818922,5.301906302663147,91.84438903077886,1.100420176346683,1.5558250084197118,nan,70.221
YIELD,0.0,55.000922814482294,-54.55082002623283,-1.5720983078547615,TRACKING,5.30356749,5.30705581864442,91.84595776892485,1.2065380391413558,1.5562233449604863,nan,70.24000000000001
YIELD,0.0,55.000922814482294,-54.55082002623283,-1.5720983078547615,TRACKING,5.30883356,5.3131715117123095,91.84748625386791,1.3127796979201674,1.5566150174081101,nan,70.26
YIELD,0.0,55.000922814482294,-54.55082002623283,-1.5720983078547615,TRACKING,5.30883356,5.317939552514226,91.84897545074072,1.4191181639019435,1.5569963852759587,nan,70.28
YIELD,0.0,55.000922814482294,-54.55082002623283,-1.5720983078547615,TRACKING,5.31398977,5.325291883675446,91.85042603170614,1.5255864695748387,1.5573705943671845,nan,70.30000000000001
YIELD,0.0,55.000922814482294,-54.55082002623283,-1.5720983078547615,GOAL_REACHED,5.32398175,5.330288461512038,91.85183836570101,1.6321711126939014,1.5577399008376678,nan,70.32000000000001
YIELD,0.0,55.000922814482294,-54.55082002623283,-1.5720983078547615,GOAL_REACHED,5.32882196,5.33514355837342,91.8532127687586,1.738854688170542,1.5581060505469055,nan,70.34
YIELD,0.0,55.000922814482294,-54.55082002623283,-1.5720983078547615,GOAL_REACHED,5.32882196,5.302685893855413,91.85454003096432,1.8451560199284127,1.558424898358799,nan,70.36
YIELD,0.0,55.000922814482294,-54.55082002623283,-1.5720983078547615,GOAL_REACHED,5.33356119,5.2390125768347895,91.85582461308405,1.950248416142537,1.558634118595177,nan,70.38000000000001
YIELD,0.0,55.000922814482294,-54.55082002623283,-1.5720983078547615,GOAL_REACHED,5.21656119,5.17650063529495,91.85707753226384,2.054085397417065,1.5587613768612225,nan,70.40100000000001
YIELD,0.0,55.000922814482294,-54.55082002623283,-1.5720983078547615,GOAL_REACHED,5.21656119,5.114753574911627,91.85830630540077,2.1566837771676797,1.5588284627197906,nan,70.42
YIELD,0.0,55.000922814482294,-54.55082002623283,-1.5720983078547615,NO_PATH,5.15656119,5.05432741094483,91.85951729635495,2.2580688987845097,1.5588610206354416,nan,70.44
YIELD,0.0,55.000922814482294,-54.55082002623283,-1.5720983078547615,NO_PATH,5.03956119,4.993896353618692,91.86071146746401,2.3582416406574795,1.5588823088889863,nan,70.46000000000001
YIELD,0.0,55.000922814482294,-54.55082002623283,-1.5720983078547615,NO_PATH,5.03956119,4.933616330216864,91.86188964228933,2.4572082111360327,1.558896433560015,nan,70.48
YIELD,0.0,55.000922814482294,-54.55082002623283,-1.5720983078547615,NO_PATH,4.91956119,4.873426457725809,91.86305241650479,2.554970678416517,1.5589057701338336,nan,70.50200000000001
YIELD,0.0,55.000922814482294,-54.55082002623283,-1.5720983078547615,NO_PATH,4.85956119,4.813301076198085,91.86420019124706,2.6515304407034574,1.5589119245835468,nan,70.52000000000001
YIELD,0.0,55.000922814482294,-54.55082002623283,-1.5720983078547615,NO_PATH,4.85956119,4.753187062721085,91.86533323931549,2.7468880549160746,1.5589159838441888,nan,70.54
YIELD,0.0,55.000922814482294,-54.55082002623283,-1.5720983078547615,NO_PATH,4.79956119,4.693144388849462,91.8664517424438,2.8410444852636685,1.5589186436292901,nan,70.56
YIELD,0.0,55.000922814482294,-54.55082002623283,-1.5720983078547615,NO_PATH,4.67956119,4.633116549968506,91.86755580995015,2.934000385657485,1.5589204041921383,nan,70.58
YIELD,0.0,55.000922814482294,-54.55082002623283,-1.5720983078547615,NO_PATH,4.67956119,4.5730980020467795,91.86864548719785,3.0257559586396914,1.5589215643106713,nan,70.60000000000001
YIELD,0.0,55.000922814482294,-54.55082002623283,-1.5720983078547615,NO_PATH,4.55956119,4.51308589002887,91.86972082432956,3.116311345754259,1.558922328612345,nan,70.62
YIELD,0.0,55.000922814482294,-54.55082002623283,-1.5720983078547615,NO_PATH,4.55956119,4.453077849702009,91.87078184836585,3.2056666392171915,1.5589228299107316,nan,70.64
YIELD,0.0,55.000922814482294,-54.55082002623283,-1.5720983078547615,NO_PATH,4.43956119,4.393072664908527,91.87182858922169,3.293821901135849,1.5589231602224882,nan,70.66000000000001
YIELD,0.0,55.000922814482294,-54.55082002623283,-1.5720983078547615,NO_PATH,4.37956119,4.333069343866154,91.87286105966805,3.3807771737860075,1.5589233779058735,nan,70.68
YIELD,0.0,55.000922814482294,-54.55082002623283,-1.5720983078547615,NO_PATH,4.31956119,4.273066721595589,91.87387926797804,3.4665324754497133,1.5589235214322474,nan,70.7
YIELD,0.0,55.000922814482294,-54.55082002623283,-1.5720983078547615,NO_PATH,4.25956119,4.213064971496768,91.87488321931139,3.5510878228392517,1.5589236161047004,nan,70.72
YIELD,0.0,55.000922814482294,-54.55082002623283,-1.5720983078547615,NO_PATH,4.19956119,4.153064040564133,91.87587291722896,3.6344432313840676,1.558923678545689,nan,70.74000000000001
YIELD,0.0,55.000922814482294,-54.55082002623283,-1.5720983078547615,NO_PATH,4.13956119,4.093063741964902,91.87684836402256,3.7165987170064927,1.5589237196278172,nan,70.76
YIELD,0.0,55.000922814482294,-54.55082002623283,-1.5720983078547615,NO_PATH,4.13956119,4.0330635034280835,91.87780956121718,3.79755428216056,1.5589237466034862,nan,70.78
YIELD,0.0,55.000922814482294,-54.55082002623283,-1.5720983078547615,NO_PATH,4.01956119,3.973063511753815,91.87875650980433,3.8773099308765118,1.5589237643098737,nan,70.80000000000001
YIELD,0.0,55.000922814482294,-54.55082002623283,-1.5720983078547615,NO_PATH,3.95956119,3.913063464550968,91.87968921046695,3.955865663682501,1.5589237759096164,nan,70.82000000000001
YIELD,0.0,55.000922814482294,-54.55082002623283,-1.5720983078547615,NO_PATH,3.95956119,3.85306333105578,91.88060766364583,4.033221478823969,1.558923783492514,nan,70.84
YIELD,0.0,55.000922814482294,-54.55082002623283,-1.5720983078547615,NO_PATH,3.83956119,3.793063121045619,91.88151186961602,4.109377374711077,1.5589237884402884,nan,70.86
YIELD,0.0,55.000922814482294,-54.55082002623283,-1.5720983078547615,NO_PATH,3.83956119,3.73306303525493,91.88240182856272,4.184333352396848,1.5589237916584724,nan,70.88000000000001
YIELD,0.0,55.000922814482294,-54.55082002623283,-1.5720983078547615,NO_PATH,3.77956119,3.6730629887036015,91.88327754061105,4.25808941393783,1.5589237937406413,nan,70.9
YIELD,0.0,55.000922814482294,-54.55082002623283,-1.5720983078547615,NO_PATH,3.71956119,3.6130629040282196,91.88413900583707,4.330645558538646,1.5589237950832042,nan,70.921
YIELD,0.0,55.000922814482294,-54.55082002623283,-1.5720983078547615,NO_PATH,3.59956119,3.553062901247673,91.88498622429286,4.402001787123317,1.5589237959429127,nan,70.94
YIELD,0.0,55.000922814482294,-54.55082002623283,-1.5720983078547615,NO_PATH,3.59956119,3.493062882318258,91.88581919601101,4.472158100057088,1.5589237964889657,nan,70.961
YIELD,0.0,55.000922814482294,-54.55082002623283,-1.5720983078547615,NO_PATH,3.53956119,3.4330629589561283,91.88663792100535,4.541114498646308,1.558923796822514,nan,70.98
YIELD,0.0,55.000922814482294,-54.55082002623283,-1.5720983078547615,NO_PATH,3.47956119,3.373063008520944,91.88744239928525,4.608870982958849,1.5589237970135545,nan,71.0
YIELD,0.0,55.000922814482294,-54.55082002623283,-1.5720983078547615,NO_PATH,3.35956119,3.3130630264297096,91.88823263085662,4.675427552360336,1.5589237971110446,nan,71.021
YIELD,0.0,55.000922814482294,-54.55082002623283,-1.5720983078547615,NO_PATH,3.29956119,3.253063043616046,91.88900861572182,4.740784206532172,1.5589237971455867,nan,71.04
YIELD,0.0,55.000922814482294,-54.55082002623283,-1.5720983078547615,NO_PATH,3.23956119,3.1930631586467237,91.88977035387632,4.804940947265593,1.5589237971237737,nan,71.06
YIELD,0.0,55.000922814482294,-54.55082002623283,-1.5720983078547615,NO_PATH,3.17956119,3.1330632177247733,91.89051784532153,4.867897774038885,1.5589237970601335,nan,71.08
YIELD,0.0,55.000922814482294,-54.55082002623283,-1.5720983078547615,NO_PATH,3.17956119,3.0730632217415996,91.89125109005974,4.929654685736988,1.5589237969686935,nan,71.10000000000001
YIELD,0.0,55.000922814482294,-54.55082002623283,-1.5720983078547615,NO_PATH,3.11956119,3.0130631749113066,91.89197008809282,4.990211681319558,1.5589237968603682,nan,71.12
YIELD,0.0,55.000922814482294,-54.55082002623283,-1.5720983078547615,TRACKING,2.99956119,2.9530630841542598,91.89267483942227,5.04956875986598,1.5589237967437877,nan,71.14
YIELD,0.0,55.000922814482294,-54.55082002623283,-1.5720983078547615,TRACKING,2.99956119,2.951077056201375,91.89337644396521,5.10846155308014,1.558948668353105,nan,71.16000000000001
YIELD,0.0,55.000922814482294,-54.55082002623283,-1.5720983078547615,TRACKING,2.93956119,2.977762444056486,91.8940812484232,5.167854855338753,1.5590480927285424,nan,71.18
YIELD,0.0,55.000922814482294,-54.55082002623283,-1.5720983078547615,TRACKING,2.96356119,3.009366941002842,91.89478453599648,5.2278785713346565,1.559216843570554,nan,71.2
YIELD,0.0,55.000922814482294,-54.55082002623283,-1.5720983078547615,TRACKING,3.02206119,3.0405317435353725,91.89548256744621,5.288528171682149,1.5594373838107596,nan,71.22
YIELD,0.0,55.000922814482294,-54.55082002623283,-1.5720983078547615,TRACKING,3.02206119,3.0713782827070726,91.89617247550676,5.349796683536121,1.5596959354318616,nan,71.24000000000001
YIELD,0.0,55.000922814482294,-54.55082002623283,-1.5720983078547615,TRACKING,3.05206119,3.103242149571406,91.89685222761533,5.411704630659712,1.5599765106741794,nan,71.26
YIELD,0.0,55.000922814482294,-54.55082002623283,-1.5720983078547615,TRACKING,3.11206119,3.1333876027170477,91.8975208956288,5.474217529947182,1.5602666099092373,nan,71.28
YIELD,0.0,55.000922814482294,-54.55082002623283,-1.5720983078547615,TRACKING,3.14206119,3.163879531698559,91.89817737692282,5.537337164533547,1.560564119564045,nan,71.30000000000001
YIELD,0.0,55.000922814482294,-54.55082002623283,-1.5720983078547615,TRACKING,3.17206119,3.1954744120613654,91.89882090664254,5.601079893539062,1.560867322535353,nan,71.32000000000001
YIELD,0.0,55.000922814482294,-54.55082002623283,-1.5720983078547615,TRACKING,3.17206119,3.226801801047709,91.89945080886605,5.665462060701081,1.5611749176957281,nan,71.34
YIELD,0.0,55.000922814482294,-54.55082002623283,-1.5720983078547615,TRACKING,3.20206119,3.256118650999666,91.90006640062809,5.730431502966752,1.561482194985527,nan,71.36
YIELD,0.0,55.000922814482294,-54.55082002623283,-1.5720983078547615,TRACKING,3.23206119,3.286256010696473,91.90066768849832,5.796003284451993,1.5617852836241384,nan,71.38000000000001
YIELD,0.0,55.000922814482294,-54.55082002623283,-1.5720983078547615,TRACKING,3.26206119,3.3163423000937264,91.90125453283758,5.862177139850047,1.5620855903530069,nan,71.4
YIELD,0.0,55.000922814482294,-54.55082002623283,-1.5720983078547615,TRACKING,3.32206119,3.3463455829398097,91.90182671696323,5.928951297945101,1.5623836971545353,nan,71.42
YIELD,0.0,55.000922814482294,-54.55082002623283,-1.5720983078547615,TRACKING,3.35206119,3.376465431736481,91.90238403401699,5.9963280885257255,1.5626803091878814,nan,71.441
YIELD,0.0,55.000922814482294,-54.55082002623283,-1.5720983078547615,TRACKING,3.38206119,3.404409378498974,91.90292591512612,6.064265913817132,1.562973545866333,nan,71.46000000000001
YIELD,0.0,55.000922814482294,-54.55082002623283,-1.5720983078547615,TRACKING,3.38206119,3.4345746220511617,91.90345268909863,6.1328045826772835,1.5632609809109166,nan,71.48
YIELD,0.0,55.000922814482294,-54.55082002623283,-1.5720983078547615,TRACKING,3.44056119,3.464440586503582,91.90396436183225,6.201943399630097,1.5635443466089207,nan,71.5
CRUISE,0.0,55.000922814482294,-54.55082002623283,-1.5720983078547615,TRACKING,3.47056119,3.4929077944347617,91.90446071108451,6.271651561691012,1.5638244677672348,nan,71.52000000000001
CRUISE,0.0,55.000922814482294,-54.55082002623283,-1.5720983078547615,TRACKING,3.50056119,3.522346079793011,91.90494156890914,6.341951375716722,1.564102286375401,nan,71.54
CRUISE,0.0,55.000922814482294,-54.55082002623283,-1.5720983078547615,TRACKING,3.53056119,3.551592932308002,91.90540700677614,6.412831630829019,1.5643760383205125,nan,71.56
CRUISE,0.0,55.000922814482294,-54.55082002623283,-1.5720983078547615,TRACKING,3.53056119,3.5818205094198596,91.90585686424004,6.48431550605541,1.5646435145631308,nan,71.58
CRUISE,0.0,55.000922814482294,-54.55082002623283,-1.5720983078547615,TRACKING,3.56056119,3.6119742673172626,91.90629136697585,6.556402894062487,1.564906586652292,nan,71.60000000000001
CRUISE,0.0,55.000922814482294,-54.55082002623283,-1.5720983078547615,TRACKING,3.62056119,3.642084736951934,91.906710493195,6.62909281719542,1.5651665193860351,nan,71.62
CRUISE,0.0,55.000922814482294,-54.55082002623283,-1.5720983078547615,TRACKING,3.62056119,3.67217054456892,91.90711412097214,6.702384721726127,1.5654242447303777,nan,71.64
CRUISE,0.0,55.000922814482294,-54.55082002623283,-1.5720983078547615,TRACKING,3.65056119,3.701682668193782,91.90750223840165,6.776266618102393,1.5656775281921484,nan,71.66000000000001
CRUISE,0.0,55.000922814482294,-54.55082002623283,-1.5720983078547615,TRACKING,3.68056119,3.7319207720386602,91.90787488981454,6.850752889549842,1.5659242189784366,nan,71.68
CRUISE,0.0,55.000922814482294,-54.55082002623283,-1.5720983078547615,TRACKING,3.74056119,3.7631331188742814,91.90823217706816,6.92585908356289,1.5661662163343721,nan,71.7
CRUISE,0.0,55.000922814482294,-54.55082002623283,-1.5720983078547615,TRACKING,3.77056119,3.7930499102887087,91.9085741172111,7.001569772086719,1.566404816582972,nan,71.72
CRUISE,0.0,55.000922814482294,-54.55082002623283,-1.5720983078547615,TRACKING,3.80056119,3.8229858350305186,91.90890064793734,7.07787912078526,1.5666409702813986,nan,71.74000000000001
CRUISE,0.0,55.000922814482294,-54.55082002623283,-1.5720983078547615,TRACKING,3.80056119,3.853536654902344,91.90921176272036,7.154799812612962,1.5668724533489164,nan,71.76
CRUISE,0.0,55.000922814482294,-54.55082002623283,-1.5720983078547615,TRACKING,3.83056119,3.883361265963841,91.90950761420669,7.2323174052606625,1.5670971037456318,nan,71.78
CRUISE,0.0,55.000922814482294,-54.55082002623283,-1.5720983078547615,TRACKING,3.86056119,3.913243898547141,91.90978843649886,7.310432437521494,1.5673168516943783,nan,71.80000000000001
CRUISE,0.0,55.000922814482294,-54.55082002623283,-1.5720983078547615,TRACKING,3.92056119,3.943160302591863,91.91005428870444,7.389145678094475,1.5675330355850956,nan,71.82000000000001
CRUISE,0.0,55.000922814482294,-54.55082002623283,-1.5720983078547615,TRACKING,3.95056119,3.973214968358188,91.91030512393759,7.468458765956871,1.567746611826071,nan,71.84
CRUISE,0.0,55.000922814482294,-54.55082002623283,-1.5720983078547615,TRACKING,3.95056119,4.0039778418711425,91.91054089534431,7.5483866270467646,1.567955346720602,nan,71.86
CRUISE,0.0,55.000922814482294,-54.55082002623283,-1.5720983078547615,TRACKING,3.98056119,4.034153770224332,91.91076191692606,7.628918441569565,1.5681571398467002,nan,71.88000000000001
CRUISE,0.0,55.000922814482294,-54.55082002623283,-1.5720983078547615,TRACKING,4.04056119,4.064272988563951,91.91096842516144,7.71005294606711,1.5683538967406498,nan,71.9
CRUISE,0.0,55.000922814482294,-54.55082002623283,-1.5720983078547615,TRACKING,4.07056119,4.094357499477967,91.91116053432123,7.791789362281816,1.568546962018041,nan,71.92
CRUISE,0.0,55.000922814482294,-54.55082002623283,-1.5720983078547615,TRACKING,4.07056119,4.1244194018265095,91.91133827316555,7.874127183254758,1.568737290364752,nan,71.94
CRUISE,0.0,55.000922814482294,-54.55082002623283,-1.5720983078547615,TRACKING,4.13056119,4.153885848980028,91.9115016561112,7.957054124932959,1.5689226659180058,nan,71.96000000000001
CRUISE,0.0,55.000922814482294,-54.55082002623283,-1.5720983078547615,TRACKING,4.13056119,4.184054842606538,91.9116510347267,8.040584135290334,1.5691010671780974,nan,71.98
CRUISE,0.0,55.000922814482294,-54.55082002623283,-1.5720983078547615,TRACKING,4.16056119,4.214140216905285,91.9117866965763,8.124716413309486,1.5692743579524133,nan,72.0
CRUISE,0.0,55.000922814482294,-54.55082002623283,-1.5720983078547615,TRACKING,4.19056119,4.24210925361182,91.91190876009944,8.209411798224124,1.569443753587821,nan,72.02300000000001
CRUISE,0.0,55.000922814482294,-54.55082002623283,-1.5720983078547615,TRACKING,4.24879629,4.264898318748413,91.91201719937969,8.294575972410254,1.5696100756364713,nan,72.04
CRUISE,0.0,55.000922814482294,-54.55082002623283,-1.5720983078547615,TRACKING,4.24879629,4.294441928794978,91.91211227049538,8.38031391368117,1.5697714297831238,nan,72.06
CRUISE,0.0,55.000922814482294,-54.55082002623283,-1.5720983078547615,TRACKING,4.27279629,4.323009536269282,91.91219435162235,8.466626041929693,1.5699258167792114,nan,72.08
CRUISE,0.0,55.000922814482294,-54.55082002623283,-1.5720983078547615,TRACKING,4.30279629,4.349292492792715,91.91226375273186,8.553465074043302,1.5700749828714464,nan,72.10000000000001
CRUISE,0.0,55.000922814482294,-54.55082002623283,-1.5720983078547615,TRACKING,4.32904792,4.374919309385865,91.91232070733996,8.64081799211306,1.5702201817690982,nan,72.12
CRUISE,0.0,55.000922814482294,-54.55082002623283,-1.5720983078547615,TRACKING,4.37977607,4.397427579894088,91.91236534879914,8.728623164183468,1.5703620688508384,nan,72.141
CRUISE,0.0,55.000922814482294,-54.55082002623283,-1.5720983078547615,TRACKING,4.40431511,4.424184532248537,91.91239791864253,8.816963473458168,1.5704987841841411,nan,72.16000000000001
CRUISE,0.0,55.000922814482294,-54.55082002623283,-1.5720983078547615,TRACKING,4.42834087,4.448926513143811,91.91241881745658,8.905803392280053,1.5706287902339406,nan,72.18
CRUISE,0.0,55.000922814482294,-54.55082002623283,-1.5720983078547615,TRACKING,4.45186535,4.472153170530066,91.91242844084985,8.995109974094634,1.570753752328393,nan,72.2
CRUISE,0.0,55.000922814482294,-54.55082002623283,-1.5720983078547615,TRACKING,4.45186535,4.494022145145194,91.91242706970738,9.084851195374908,1.5708748407997877,nan,72.22
CRUISE,0.0,55.000922814482294,-54.55082002623283,-1.5720983078547615,TRACKING,4.49745223,4.517204128593767,91.9124149021824,9.175062744680927,1.5709929053917109,nan,72.24000000000001
CRUISE,0.0,55.000922814482294,-54.55082002623283,-1.5720983078547615,TRACKING,4.49745223,4.539194208197935,91.91239214537705,9.265714766156961,1.5711061089660938,nan,72.26
CRUISE,0.0,55.000922814482294,-54.55082002623283,-1.5720983078547615,TRACKING,4.54115694,4.560731037915586,91.91235926568699,9.356800166775342,1.5712127957267001,nan,72.28
CRUISE,0.0,55.000922814482294,-54.55082002623283,-1.5720983078547615,TRACKING,4.54115694,4.581747403256367,91.91231669512617,9.448308571989719,1.5713145781266913,nan,72.30000000000001
CRUISE,0.0,55.000922814482294,-54.55082002623283,-1.5720983078547615,TRACKING,4.5830572,4.602282651535634,91.91226474889241,9.540230406215365,1.5714125662058887,nan,72.32000000000001
CRUISE,0.0,55.000922814482294,-54.55082002623283,-1.5720983078547615,TRACKING,4.60335406,4.622370700986019,91.91220366447877,9.63255664181085,1.5715075279847706,nan,72.34
CRUISE,0.0,55.000922814482294,-54.55082002623283,-1.5720983078547615,TRACKING,4.6232275,4.641592047068439,91.91213368370052,9.725269649213788,1.5715978420959649,nan,72.36
CRUISE,0.0,55.000922814482294,-54.55082002623283,-1.5720983078547615,TRACKING,4.64268636,4.660895548992704,91.91205528429384,9.818371319934815,1.5716820446046225,nan,72.38000000000001
CRUISE,0.0,55.000922814482294,-54.55082002623283,-1.5720983078547615,TRACKING,4.66173928,4.679757004476843,91.91196890393576,9.911853199438536,1.5717616100661096,nan,72.4
CRUISE,0.0,55.000922814482294,-54.55082002623283,-1.5720983078547615,TRACKING,4.66173928,4.698197167639584,91.91187488234202,10.005706736917741,1.5718375645774996,nan,72.42
CRUISE,0.0,55.000922814482294,-54.55082002623283,-1.5720983078547615,TRACKING,4.68039473,4.716213463290039,91.91177347692565,10.099923558313842,1.5719106093353248,nan,72.44
CRUISE,0.0,55.000922814482294,-54.55082002623283,-1.5720983078547615,TRACKING,4.698661,4.73326648278852,91.91166493921536,10.194482569697287,1.571979316350025,nan,72.46000000000001
CRUISE,0.0,55.000922814482294,-54.55082002623283,-1.5720983078547615,TRACKING,4.71654621,4.75072921645338,91.91154975945608,10.28939016209326,1.5720424230128054,nan,72.48
CRUISE,0.0,55.000922814482294,-54.55082002623283,-1.5720983078547615,TRACKING,4.73405832,4.767623457849705,91.91142836390988,10.384639541654302,1.5721012467950113,nan,72.5
CRUISE,0.0,55.000922814482294,-54.55082002623283,-1.5720983078547615,TRACKING,4.76799418,4.784152045780394,91.91130108168377,10.480222906820522,1.572156705615596,nan,72.52000000000001
CRUISE,0.0,55.000922814482294,-54.55082002623283,-1.5720983078547615,TRACKING,4.76799418,4.8002918295100585,91.91116817651509,10.57613262070749,1.5722094243777445,nan,72.54
CRUISE,0.0,55.000922814482294,-54.55082002623283,-1.5720983078547615,TRACKING,4.80052891,4.815872940361253,91.91102990006708,10.672345243279274,1.572259240579755,nan,72.56
CRUISE,0.0,55.000922814482294,-54.55082002623283,-1.5720983078547615,TRACKING,4.80052891,4.831644033864004,91.9108864982539,10.768887367909418,1.5723058109900836,nan,72.58
CRUISE,0.0,55.000922814482294,-54.55082002623283,-1.5720983078547615,TRACKING,4.81628902,4.846815751351724,91.91073825777877,10.865739746850773,1.5723497659910561,nan,72.60000000000001
CRUISE,0.0,55.000922814482294,-54.55082002623283,-1.5720983078547615,TRACKING,4.84682978,4.8616061372576365,91.91058539257175,10.96289134238102,1.5723915541235673,nan,72.62
CRUISE,0.0,55.000922814482294,-54.55082002623283,-1.5720983078547615,TRACKING,4.861624,4.87608704528376,91.91042808403881,11.06033571945484,1.5724314429826591,nan,72.64
CRUISE,0.0,55.000922814482294,-54.55082002623283,-1.5720983078547615,TRACKING,4.861624,4.890306958805836,91.91026650355471,11.158066647554728,1.572469305230561,nan,72.66000000000001
CRUISE,0.0,55.000922814482294,-54.55082002623283,-1.5720983078547615,TRACKING,4.890293,4.904175574121344,91.91010085014817,11.256078350606026,1.5725050384708026,nan,72.68
CRUISE,0.0,55.000922814482294,-54.55082002623283,-1.5720983078547615,TRACKING,4.890293,4.917784314544938,91.90993130837677,11.354365175177154,1.5725389279958684,nan,72.7
CRUISE,0.0,55.000922814482294,-54.55082002623283,-1.5720983078547615,TRACKING,4.90418052,4.9311026974489325,91.90975806367875,11.452907773315568,1.57257118352343,nan,72.72
CRUISE,0.0,55.000922814482294,-54.55082002623283,-1.5720983078547615,TRACKING,4.91777833,4.9441315493645055,91.90958121943032,11.551726688796421,1.572601846393963,nan,72.74000000000001
CRUISE,0.0,55.000922814482294,-54.55082002623283,-1.5720983078547615,TRACKING,4.94412886,4.956828188704783,91.90940095794407,11.650801928550699,1.5726305830177958,nan,72.76100000000001
CRUISE,0.0,55.000922814482294,-54.55082002623283,-1.5720983078547615,TRACKING,4.94412886,4.9693390337965235,91.90921748328535,11.750129740534781,1.5726571556837632,nan,72.78
CRUISE,0.0,55.000922814482294,-54.55082002623283,-1.5720983078547615,TRACKING,4.96939144,4.980975601716275,91.90903106404677,11.84969229923782,1.5726787352206577,nan,72.80000000000001
CRUISE,0.0,55.000922814482294,-54.55082002623283,-1.5720983078547615,TRACKING,4.98162887,4.993174079556119,91.9088424084972,11.949500747470019,1.5726931902193706,nan,72.82000000000001
CRUISE,0.0,55.000922814482294,-54.55082002623283,-1.5720983078547615,TRACKING,4.98162887,5.00505089264563,91.9086521105286,12.049549052042885,1.5727028633322782,nan,72.84
CRUISE,0.0,55.000922814482294,-54.55082002623283,-1.5720983078547615,TRACKING,5.00534317,5.016647627542049,91.90846057037756,12.149830869387932,1.5727093361082416,nan,72.86
CRUISE,0.0,55.000922814482294,-54.55082002623283,-1.5720983078547615,TRACKING,5.01683059,5.028197448492432,91.90826805953844,12.250343660181803,1.5727136694280557,nan,72.88000000000001
CRUISE,0.0,55.000922814482294,-54.55082002623283,-1.5720983078547615,TRACKING,5.02807837,5.0391775440812365,91.9080747622793,12.351079177805081,1.5727165692233414,nan,72.9
CRUISE,0.0,55.000922814482294,-54.55082002623283,-1.5720983078547615,TRACKING,5.03909151,5.04993098765868,91.90788080567397,12.452032196404545,1.572718509426491,nan,72.92
CRUISE,0.0,55.000922814482294,-54.55082002623283,-1.5720983078547615,TRACKING,5.03909151,5.060469286301962,91.90768627770166,12.553198275071752,1.5727198077431495,nan,72.94
CRUISE,0.0,55.000922814482294,-54.55082002623283,-1.5720983078547615,TRACKING,5.0498749,5.070793865214805,91.90749124033051,12.65457268218238,1.5727206763698054,nan,72.96000000000001
CRUISE,0.0,55.000922814482294,-54.55082002623283,-1.5720983078547615,TRACKING,5.0707715,5.080907188932936,91.90729573770254,12.75615103108819,1.5727212575063996,nan,72.98
CRUISE,0.0,55.000922814482294,-54.55082002623283,-1.5720983078547615,TRACKING,5.0707715,5.090812689139308,91.9070998016702,12.857929069386467,1.572721646217883,nan,73.001
CRUISE,0.0,55.000922814482294,-54.55082002623283,-1.5720983078547615,TRACKING,5.09080534,5.100513310155469,91.90690345615515,12.95990263258281,1.5727219062052773,nan,73.02000000000001
CRUISE,0.0,55.000922814482294,-54.55082002623283,-1.5720983078547615,TRACKING,5.10050991,5.1100126418072875,91.90670671979207,13.062067644796894,1.5727220801133905,nan,73.04
CRUISE,0.0,55.000922814482294,-54.55082002623283,-1.5720983078547615,TRACKING,5.10050991,5.119316123901838,91.90650960760068,13.16442013084472,1.5727221963948659,nan,73.06
CRUISE,0.0,55.000922814482294,-54.55082002623283,-1.5720983078547615,TRACKING,5.11931592,5.128426331997771,91.90631213203245,13.266956187009608,1.5727222741814273,nan,73.08
CRUISE,0.0,55.000922814482294,-54.55082002623283,-1.5720983078547615,TRACKING,5.11931592,5.137346168959182,91.90611430388346,13.36967189313126,1.5727223262305186,nan,73.10000000000001
CRUISE,0.0,55.000922814482294,-54.55082002623283,-1.5720983078547615,TRACKING,5.13734548,5.146079628932213,91.90591613275761,13.472563387844028,1.5727223610620868,nan,73.12
CRUISE,0.0,55.000922814482294,-54.55082002623283,-1.5720983078547615,TRACKING,5.14607916,5.154630872763799,91.90571762717606,13.575627000268828,1.572722384393682,nan,73.14
CRUISE,0.0,55.000922814482294,-54.55082002623283,-1.5720983078547615,TRACKING,5.15463065,5.163003675107381,91.90551879501687,13.67885913873616,1.5727224000274842,nan,73.16000000000001
CRUISE,0.0,55.000922814482294,-54.55082002623283,-1.5720983078547615,TRACKING,5.16300374,5.170616707418333,91.90531971733395,13.782243829877599,1.5727192260393774,nan,73.18
CRUISE,0.0,55.000922814482294,-54.55082002623283,-1.5720983078547615,TRACKING,5.17120216,5.178791971096374,91.90512098114158,13.885792658877929,1.5727097879048308,nan,73.2
CRUISE,0.0,55.000922814482294,-54.55082002623283,-1.5720983078547615,TRACKING,5.17120216,5.186749014269966,91.90492318805272,13.989501823894216,1.5726951389833472,nan,73.22
CRUISE,0.0,55.000922814482294,-54.55082002623283,-1.5720983078547615,TRACKING,5.17922954,5.194504450779548,91.90472685519426,14.093367087597509,1.572675840388691,nan,73.24000000000001
CRUISE,0.0,55.000922814482294,-54.55082002623283,-1.5720983078547615,TRACKING,5.19478542,5.202547222711584,91.90453246198156,14.197390531746896,1.5726522222860948,nan,73.26
CRUISE,0.0,55.000922814482294,-54.55082002623283,-1.5720983078547615,TRACKING,5.20232083,5.209887845114038,91.90434045310036,14.30156369528,1.5726246322322028,nan,73.28
CRUISE,0.0,55.000922814482294,-54.55082002623283,-1.5720983078547615,TRACKING,5.20232083,5.217067473762398,91.90415123954993,14.40588187356174,1.5725933884844547,nan,73.30000000000001
CRUISE,0.0,55.000922814482294,-54.55082002623283,-1.5720983078547615,TRACKING,5.20969904,5.224107189452227,91.90396519510561,14.51034214146161,1.5725587469289524,nan,73.32000000000001
CRUISE,0.0,55.000922814482294,-54.55082002623283,-1.5720983078547615,TRACKING,5.21692334,5.2313348616955055,91.90378267853433,14.614951677476997,1.5725207264000194,nan,73.34
CRUISE,0.0,55.000922814482294,-54.55082002623283,-1.5720983078547615,TRACKING,5.23092294,5.238161988736883,91.90360407957071,14.719692967716506,1.5724795716961717,nan,73.36
CRUISE,0.0,55.000922814482294,-54.55082002623283,-1.5720983078547615,TRACKING,5.23770447,5.24481720895219,91.90342971333973,14.82456807082844,1.5724355143086266,nan,73.38000000000001
CRUISE,0.0,55.000922814482294,-54.55082002623283,-1.5720983078547615,TRACKING,5.23770447,5.251327202077137,91.90325990008833,14.929574135777443,1.5723885790973215,nan,73.4
CRUISE,0.0,55.000922814482294,-54.55082002623283,-1.5720983078547615,TRACKING,5.25084607,5.257644419748906,91.90309495609525,15.034706242043075,1.572338803813952,nan,73.42
CRUISE,0.0,55.000922814482294,-54.55082002623283,-1.5720983078547615,TRACKING,5.25084607,5.2145399581170935,91.90293621310299,15.139293711035668,1.5722865190525508,nan,73.44
CRUISE,0.0,55.000922814482294,-54.55082002623283,-1.5720983078547615,TRACKING,5.25721198,5.160594825080501,91.90278462301168,15.242803682989289,1.5722323428074965,nan,73.46000000000001
CRUISE,0.0,55.000922814482294,-54.55082002623283,-1.5720983078547615,TRACKING,5.20350732,5.105449038074725,91.90264028347598,15.345211857468408,1.5721762986561212,nan,73.48
CRUISE,0.0,55.000922814482294,-54.55082002623283,-1.5720983078547615,TRACKING,5.14839357,5.047285880415356,91.90250334548264,15.44645842154883,1.5721183491868174,nan,73.5
CRUISE,0.0,55.000922814482294,-54.55082002623283,-1.5720983078547615,TRACKING,5.09139357,4.990806712826947,91.90237379724103,15.546573928444893,1.572058962403907,nan,73.522
CRUISE,0.0,55.000922814482294,-54.55082002623283,-1.5720983078547615,TRACKING,5.0343574,4.93427576573311,91.9022516629551,15.645559204749754,1.5719979864020899,nan,73.54
CRUISE,0.0,55.000922814482294,-54.55082002623283,-1.5720983078547615,TRACKING,4.97781796,4.877619733443083,91.90213695591775,15.743411140959724,1.571935881104327,nan,73.56
CRUISE,0.0,55.000922814482294,-54.55082002623283,-1.5720983078547615,TRACKING,4.86467745,4.821381959935452,91.9020296087373,15.84013762285926,1.5718731124992145,nan,73.581
CRUISE,0.0,55.000922814482294,-54.55082002623283,-1.5720983078547615,TRACKING,4.80806758,4.764758600365104,91.9019295582269,15.9357318571555,1.5718094081373681,nan,73.601
CRUISE,0.0,55.000922814482294,-54.55082002623283,-1.5720983078547615,TRACKING,4.80806758,4.708115595806327,91.90183675659237,16.030193266075884,1.571744647818623,nan,73.62
CRUISE,0.0,55.000922814482294,-54.55082002623283,-1.5720983078547615,TRACKING,4.75142853,4.651443084403659,91.9017511580789,16.123521528782266,1.571678757376723,nan,73.64
CRUISE,0.0,55.000922814482294,-54.55082002623283,-1.5720983078547615,TRACKING,4.69476081,4.5949870997399715,91.90167270573221,16.215719993790856,1.5716123136664721,nan,73.66000000000001
CRUISE,0.0,55.000922814482294,-54.55082002623283,-1.5720983078547615,TRACKING,4.58134221,4.538305403161522,91.90160126771613,16.306785685227673,1.571545827718399,nan,73.68
CRUISE,0.0,55.000922814482294,-54.55082002623283,-1.5720983078547615,TRACKING,4.52459274,4.484608098584648,91.90153668044678,16.39677438392069,1.571478696225513,nan,73.7
CRUISE,0.0,55.000922814482294,-54.55082002623283,-1.5720983078547615,TRACKING,4.47059274,4.424557242974296,91.90147894692875,16.485565608746487,1.5714108296553138,nan,73.721
CRUISE,0.0,55.000922814482294,-54.55082002623283,-1.5720983078547615,TRACKING,4.47059274,4.366845141942463,91.9014279287913,16.573202366092982,1.5713425228659401,nan,73.74000000000001
CRUISE,0.0,55.000922814482294,-54.55082002623283,-1.5720983078547615,TRACKING,4.41059274,4.315886452715502,91.90138343521689,16.659811214425414,1.5712741576642133,nan,73.76
CRUISE,0.0,55.000922814482294,-54.55082002623283,-1.5720983078547615,TRACKING,4.35303272,4.255930237131747,91.90134536441242,16.74522971743243,1.5712064275290518,nan,73.78
CRUISE,0.0,55.000922814482294,-54.55082002623283,-1.5720983078547615,TRACKING,4.30203272,4.196199979742927,91.90131351867635,16.829453545148027,1.5711389477589406,nan,73.80000000000001
CRUISE,0.0,55.000922814482294,-54.55082002623283,-1.5720983078547615,TRACKING,4.18239341,4.139328435940753,91.90128770892701,16.912540095082065,1.5710714627191578,nan,73.82000000000001
CRUISE,0.0,55.000922814482294,-54.55082002623283,-1.5720983078547615,TRACKING,4.12539341,4.082324345081122,91.90126778639012,16.994486545869705,1.5710038968870783,nan,73.84
CRUISE,0.0,55.000922814482294,-54.55082002623283,-1.5720983078547615,TRACKING,4.12539341,4.025246259795661,91.90125359120042,17.075291150433525,1.5709368066096092,nan,73.86
CRUISE,0.0,55.000922814482294,-54.55082002623283,-1.5720983078547615,TRACKING,4.06841337,3.9683094871305045,91.9012448985307,17.154956690051172,1.5708708172773054,nan,73.88000000000001
CRUISE,0.0,55.000922814482294,-54.55082002623283,-1.5720983078547615,TRACKING,4.01147906,3.9113514755198233,91.90124147205877,17.23348288763347,1.5708058866056158,nan,73.9
CRUISE,0.0,55.000922814482294,-54.55082002623283,-1.5720983078547615,TRACKING,3.95452733,3.857371057711361,91.90124308429799,17.310925905696415,1.5707419511511644,nan,73.92
CRUISE,0.0,55.000922814482294,-54.55082002623283,-1.5720983078547615,TRACKING,3.84355813,3.797378152128032,91.90124950571779,17.387173329903515,1.5706791279152448,nan,73.94
CRUISE,0.0,55.000922814482294,-54.55082002623283,-1.5720983078547615,TRACKING,3.78357088,3.7403637336047293,91.90126051036047,17.46227934710009,1.5706173929891558,nan,73.96000000000001
CRUISE,0.0,55.000922814482294,-54.55082002623283,-1.5720983078547615,TRACKING,3.78357088,3.6828289808429595,91.90127587119667,17.536236196610393,1.5705569166716962,nan,73.98
CRUISE,0.0,55.000922814482294,-54.55082002623283,-1.5720983078547615,TRACKING,3.66954505,3.626062766535122,91.90129534586623,17.609054624309742,1.5704980327636715,nan,74.0
CRUISE,0.0,55.000922814482294,-54.55082002623283,-1.5720983078547615,TRACKING,3.66954505,3.5690803134429245,91.90131867191317,17.680735096346805,1.5704410769315598,nan,74.02000000000001
CRUISE,0.0,55.000922814482294,-54.55082002623283,-1.5720983078547615,TRACKING,3.61244733,3.5120815119886295,91.90134556872867,17.751274543978845,1.5703865059351008,nan,74.04
CRUISE,0.0,55.000922814482294,-54.55082002623283,-1.5720983078547615,TRACKING,3.4983262,3.4550917183472087,91.90137573255285,17.82067587386367,1.5703343788407114,nan,74.06
CRUISE,0.0,55.000922814482294,-54.55082002623283,-1.5720983078547615,TRACKING,3.4983262,3.3979965472803206,91.90140888959732,17.88893568649592,1.570284377897793,nan,74.08
CRUISE,0.0,55.000922814482294,-54.55082002623283,-1.5720983078547615,TRACKING,3.44123248,3.3408833489634144,91.90144477856163,17.956053262707336,1.5702365491246963,nan,74.10000000000001
CRUISE,0.0,55.000922814482294,-54.55082002623283,-1.5720983078547615,TRACKING,3.38413875,3.2867590024221607,91.9014831805659,18.022084821419153,1.570190825774774,nan,74.12100000000001
CRUISE,0.0,55.000922814482294,-54.55082002623283,-1.5720983078547615,TRACKING,3.27291534,3.226742590136545,91.90152378354624,18.08692006033746,1.5701472824387157,nan,74.14
CRUISE,0.0,55.000922814482294,-54.55082002623283,-1.5720983078547615,TRACKING,3.21291534,3.169463860503375,91.90156637955482,18.150609522904514,1.5701058089300457,nan,74.16000000000001
CRUISE,0.0,55.000922814482294,-54.55082002623283,-1.5720983078547615,TRACKING,3.21291534,3.1123032453180044,91.90161074551091,18.213155765109445,1.5700663313054002,nan,74.18
CRUISE,0.0,55.000922814482294,-54.55082002623283,-1.5720983078547615,TRACKING,3.1556506,3.0550731112734484,91.90165666739635,18.27455739663687,1.5700287703588365,nan,74.2
CRUISE,0.0,55.000922814482294,-54.55082002623283,-1.5720983078547615,TRACKING,3.09850427,3.00089596062476,91.90170399101982,18.334872254127983,1.569992986471624,nan,74.22
CRUISE,0.0,55.000922814482294,-54.55082002623283,-1.5720983078547615,TRACKING,2.98712409,2.9408798079526055,91.9017524401383,18.393990158942618,1.569958990155694,nan,74.24000000000001
CRUISE,0.0,55.000922814482294,-54.55082002623283,-1.5720983078547615,TRACKING,2.92712409,2.8835236904674995,91.90180187376384,18.451960780921176,1.5699266610071954,nan,74.26
CRUISE,0.0,55.000922814482294,-54.55082002623283,-1.5720983078547615,TRACKING,2.92712409,2.82633396473396,91.90185212622792,18.508787601628796,1.5698959135019883,nan,74.28
CRUISE,0.0,55.000922814482294,-54.55082002623283,-1.5720983078547615,TRACKING,2.86978207,2.772082380078275,91.90190309153127,18.56452621051726,1.5698666222276287,nan,74.30000000000001
CRUISE,0.0,55.000922814482294,-54.55082002623283,-1.5720983078547615,TRACKING,2.81260563,2.712068489391464,91.90195452157418,18.619067824899627,1.5698387905362683,nan,74.32000000000001
CRUISE,0.0,55.000922814482294,-54.55082002623283,-1.5720983078547615,TRACKING,2.75836512,2.6546872565769544,91.90200632086275,18.672461693295837,1.5698123132856643,nan,74.34
CRUISE,0.0,55.000922814482294,-54.55082002623283,-1.5720983078547615,TRACKING,2.64099574,2.5974930570088355,91.90205836174916,18.724711671886656,1.5697871183687506,nan,74.36
CRUISE,0.0,55.000922814482294,-54.55082002623283,-1.5720983078547615,TRACKING,2.64099574,2.540240655031615,91.90211051993386,18.775816596914172,1.5697631400701504,nan,74.38000000000001
CRUISE,0.0,55.000922814482294,-54.55082002623283,-1.5720983078547615,TRACKING,2.58381253,2.4830479380760817,91.90216268103909,18.825777662489113,1.5697403144486468,nan,74.4
CRUISE,0.0,55.000922814482294,-54.55082002623283,-1.5720983078547615,TRACKING,2.5265708,2.4258096765854322,91.90221473673664,18.87459448995537,1.5697185831323093,nan,74.42
CRUISE,0.0,55.000922814482294,-54.55082002623283,-1.5720983078547615,TRACKING,2.41221296,2.369081694852633,91.9022665552782,18.922276714193003,1.5697008266097399,nan,74.44
CRUISE,0.0,55.000922814482294,-54.55082002623283,-1.5720983078547615,TRACKING,2.35504319,2.311732878097034,91.90231780814113,18.968812175597503,1.5696892452559648,nan,74.46000000000001
CRUISE,0.0,55.000922814482294,-54.55082002623283,-1.5720983078547615,TRACKING,2.35504319,2.254457414533928,91.90236823142186,19.014201836533783,1.56968170399684,nan,74.48
CRUISE,0.0,55.000922814482294,-54.55082002623283,-1.5720983078547615,TRACKING,2.29788136,2.197234154436611,91.90241765746725,19.058446842434456,1.5696767962986318,nan,74.5
CRUISE,0.0,55.000922814482294,-54.55082002623283,-1.5720983078547615,TRACKING,2.24072783,2.1400499839039617,91.90246597964035,19.10154804129003,1.5696736044384823,nan,74.521
CRUISE,0.0,55.000922814482294,-54.55082002623283,-1.5720983078547615,TRACKING,2.18358406,2.0888971474718527,91.90251325514303,19.14361709073446,1.5696715245207202,nan,74.54
CRUISE,0.0,55.000922814482294,-54.55082002623283,-1.5720983078547615,TRACKING,2.12645168,2.0288750823653317,91.90255926145849,19.184494664969577,1.5696701750224609,nan,74.56
CRUISE,0.0,55.000922814482294,-54.55082002623283,-1.5720983078547615,TRACKING,2.0153324,1.9688607533153275,91.90260396103662,19.22417191878591,1.5696693004852251,nan,74.58
CRUISE,0.0,55.000922814482294,-54.55082002623283,-1.5720983078547615,TRACKING,1.9553324,1.9115908628005385,91.90264739807736,19.262703747454506,1.56966873353375,nan,74.60000000000001
CRUISE,0.0,55.000922814482294,-54.55082002623283,-1.5720983078547615,TRACKING,1.9553324,1.8544142119457985,91.90268956356788,19.300092029005203,1.569668366336711,nan,74.62
CRUISE,0.0,55.000922814482294,-54.55082002623283,-1.5720983078547615,TRACKING,1.89807177,1.797318842061691,91.90273045228197,19.336338396697236,1.569668128761448,nan,74.64
CRUISE,0.0,55.000922814482294,-54.55082002623283,-1.5720983078547615,TRACKING,1.84090112,1.7403111104523785,91.90277006168529,19.37144457901256,1.569667975206299,nan,74.66000000000001
CRUISE,0.0,55.000922814482294,-54.55082002623283,-1.5720983078547615,TRACKING,1.7268275,1.6833374844376376,91.90280838972774,19.405411251595524,1.5696678760534548,nan,74.68
CRUISE,0.0,55.000922814482294,-54.55082002623283,-1.5720983078547615,TRACKING,1.7268275,1.6263984626956858,91.90284543542037,19.438239106571185,1.5696678121011252,nan,74.7
CRUISE,0.0,55.000922814482294,-54.55082002623283,-1.5720983078547615,TRACKING,1.66988612,1.5694957704422459,91.90288119847064,19.469928870536197,1.5696677709012719,nan,74.721
CRUISE,0.0,55.000922814482294,-54.55082002623283,-1.5720983078547615,TRACKING,1.61298047,1.5126311174178535,91.90291567903705,19.500481300927472,1.5696677443962226,nan,74.74000000000001
CRUISE,0.0,55.000922814482294,-54.55082002623283,-1.5720983078547615,GOAL_REACHED,1.49928473,1.455807995791392,91.90294887759806,19.5298972238095,1.5696677273586654,nan,74.76
CRUISE,0.0,55.000922814482294,-54.55082002623283,-1.5720983078547615,GOAL_REACHED,1.49928473,1.3990034051745996,91.90298079460163,19.558177272140043,1.569667716423727,nan,74.78
CRUISE,0.0,55.000922814482294,-54.55082002623283,-1.5720983078547615,GOAL_REACHED,1.4425018,1.3390034292038386,91.9030113575157,19.58525732337485,1.569667709436181,nan,74.80000000000001
CRUISE,0.0,55.000922814482294,-54.55082002623283,-1.5720983078547615,GOAL_REACHED,1.3855018,1.2790034410613231,91.9030405662378,19.61113737566685,1.5696677049828018,nan,74.82000000000001
CRUISE,0.0,55.000922814482294,-54.55082002623283,-1.5720983078547615,GOAL_REACHED,1.2655018,1.2190034439965258,91.90306842070349,19.63581742882311,1.5696677021515462,nan,74.84
CRUISE,0.0,55.000922814482294,-54.55082002623283,-1.5720983078547615,GOAL_REACHED,1.2655018,1.159003440415517,91.90309492087319,19.65929748270186,1.5696677003564237,nan,74.861
CRUISE,0.0,55.000922814482294,-54.55082002623283,-1.5720983078547615,GOAL_REACHED,1.1455018,1.0990034321067879,91.90312006672272,19.68157753720031,1.5696676992215324,nan,74.88000000000001
CRUISE,0.0,55.000922814482294,-54.55082002623283,-1.5720983078547615,GOAL_REACHED,1.0855018,1.0390034204716374,91.9031438582374,19.70265759224532,1.5696676985061526,nan,74.9
CRUISE,0.0,55.000922814482294,-54.55082002623283,-1.5720983078547615,GOAL_REACHED,1.0255018,0.9790034066255598,91.90316629540844,19.722537647787625,1.569667698056431,nan,74.921
CRUISE,0.0,55.000922814482294,-54.55082002623283,-1.5720983078547615,GOAL_REACHED,1.0255018,0.919003391460808,91.90318737823054,19.741217703796398,1.5696676977742399,nan,74.94
CRUISE,0.0,55.000922814482294,-54.55082002623283,-1.5720983078547615,GOAL_REACHED,0.905501796,0.8590033776452415,91.90320710670078,19.75869776027588,1.56966769759717,nan,74.96000000000001
CRUISE,0.0,55.000922814482294,-54.55082002623283,-1.5720983078547615,GOAL_REACHED,0.845501796,0.799003380960454,91.90322548081808,19.7749778175073,1.5696676974860346,nan,74.98
CRUISE,0.0,55.000922814482294,-54.55082002623283,-1.5720983078547615,GOAL_REACHED,0.785501796,0.7390033840514422,91.90324250058167,19.79005787556959,1.569667697415888,nan,75.0
CRUISE,0.0,55.000922814482294,-54.55082002623283,-1.5720983078547615,GOAL_REACHED,0.785501796,0.6790033862911719,91.90325816599093,19.803937934445084,1.5696676973708843,nan,75.02000000000001
CRUISE,0.0,55.000922814482294,-54.55082002623283,-1.5720983078547615,GOAL_REACHED,0.665501796,0.619003387791211,91.90327247704555,19.816617994118392,1.5696676973410562,nan,75.04
CRUISE,0.0,55.000922814482294,-54.55082002623283,-1.5720983078547615,GOAL_REACHED,0.665501796,0.5590033886602805,91.90328543374535,19.82809805457634,1.569667697320164,nan,75.06
CRUISE,0.0,55.000922814482294,-54.55082002623283,-1.5720983078547615,GOAL_REACHED,0.545501796,0.4990033890149143,91.90329703609024,19.838378115808098,1.5696676973043142,nan,75.08
CRUISE,0.0,55.000922814482294,-54.55082002623283,-1.5720983078547615,GOAL_REACHED,0.485501796,0.4390033889339824,91.90330728408017,19.847458177804576,1.5696676972910886,nan,75.10000000000001
CRUISE,0.0,55.000922814482294,-54.55082002623283,-1.5720983078547615,GOAL_REACHED,0.485501796,0.3790033884839239,91.90331617771513,19.85533824055808,1.5696676972790031,nan,75.12
CRUISE,0.0,55.000922814482294,-54.55082002623283,-1.5720983078547615,GOAL_REACHED,0.365501796,0.3190033877048827,91.9033237169951,19.86201830406201,1.5696676972671497,nan,75.14
CRUISE,0.0,55.000922814482294,-54.55082002623283,-1.5720983078547615,GOAL_REACHED,0.365501796,0.2590033866387823,91.90332990192007,19.86749836831025,1.56966769725498,nan,75.16000000000001
CRUISE,0.0,55.000922814482294,-54.55082002623283,-1.5720983078547615,GOAL_REACHED,0.245501796,0.19900338527709632,91.90333473249005,19.871778433297006,1.5696676972421646,nan,75.18
CRUISE,0.0,55.000922814482294,-54.55082002623283,-1.5720983078547615,GOAL_REACHED,0.245501796,0.13900338359673062,91.90333820870502,19.874858499016046,1.5696676972285215,nan,75.2
CRUISE,0.0,55.000922814482294,-54.55082002623283,-1.5720983078547615,GOAL_REACHED,0.125501796,0.07900338155007869,91.90334033056497,19.87673856546036,1.5696676972139492,nan,75.22
CRUISE,0.0,55.000922814482294,-54.55082002623283,-1.5720983078547615,GOAL_REACHED,0.125501796,0.022003379237985003,91.90334116240197,19.877475631002884,1.5696676971992627,nan,75.24000000000001
CRUISE,0.0,55.000922814482294,-54.55082002623283,-1.5720983078547615,GOAL_REACHED,0.065501796,0.0,91.90334117143472,19.87748363775463,1.5696676971976593,nan,75.26
CRUISE,0.0,55.000922814482294,-54.55082002623283,-1.5720983078547615,GOAL_REACHED,0.008501796,0.0,91.90334117143472,19.87748363775463,1.5696676971976593,nan,75.28
CRUISE,0.0,55.000922814482294,-54.55082002623283,-1.5720983078547615,GOAL_REACHED,0.0,0.0,91.90334117143472,19.87748363775463,1.5696676971976593,nan,75.30000000000001
CRUISE,0.0,55.000922814482294,-54.55082002623283,-1.5720983078547615,GOAL_REACHED,0.0,0.0,91.90334117143472,19.87748363775463,1.5696676971976593,nan,75.32000000000001
CRUISE,0.0,55.000922814482294,-54.55082002623283,-1.5720983078547615,GOAL_REACHED,0.0,0.0,91.90334117143472,19.87748363775463,1.5696676971976593,nan,75.34
CRUISE,0.0,55.000922814482294,-54.55082002623283,-1.5720983078547615,GOAL_REACHED,0.0,0.0,91.90334117143472,19.87748363775463,1.5696676971976593,nan,75.36
CRUISE,0.0,55.000922814482294,-54.55082002623283,-1.5720983078547615,GOAL_REACHED,0.0,0.0,91.90334117143472,19.87748363775463,1.5696676971976593,nan,75.38000000000001
CRUISE,0.0,55.000922814482294,-54.55082002623283,-1.5720983078547615,GOAL_REACHED,0.0,0.0,91.90334117143472,19.87748363775463,1.5696676971976593,nan,75.4
CRUISE,0.0,55.000922814482294,-54.55082002623283,-1.5720983078547615,GOAL_REACHED,0.0,0.0,91.90334117143472,19.87748363775463,1.5696676971976593,nan,75.42
CRUISE,0.0,55.000922814482294,-54.55082002623283,-1.5720983078547615,GOAL_REACHED,0.0,0.0,91.90334117143472,19.87748363775463,1.5696676971976593,nan,75.44
CRUISE,0.0,55.000922814482294,-54.55082002623283,-1.5720983078547615,GOAL_REACHED,0.0,0.0,91.90334117143472,19.87748363775463,1.5696676971976593,nan,75.46000000000001
CRUISE,0.0,55.000922814482294,-54.55082002623283,-1.5720983078547615,GOAL_REACHED,0.0,0.0,91.90334117143472,19.87748363775463,1.5696676971976593,nan,75.48
CRUISE,0.0,55.000922814482294,-54.55082002623283,-1.5720983078547615,GOAL_REACHED,0.0,0.0,91.90334117143472,19.87748363775463,1.5696676971976593,nan,75.5
CRUISE,0.0,55.000922814482294,-54.55082002623283,-1.5720983078547615,GOAL_REACHED,0.0,0.0,91.90334117143472,19.87748363775463,1.5696676971976593,nan,75.521
CRUISE,0.0,55.000922814482294,-54.55082002623283,-1.5720983078547615,GOAL_REACHED,0.0,0.0,91.90334117143472,19.87748363775463,1.5696676971976593,nan,75.54
CRUISE,0.0,55.000922814482294,-54.55082002623283,-1.5720983078547615,GOAL_REACHED,0.0,0.0,91.90334117143472,19.87748363775463,1.5696676971976593,nan,75.56
CRUISE,0.0,55.000922814482294,-54.55082002623283,-1.5720983078547615,GOAL_REACHED,0.0,0.0,91.90334117143472,19.87748363775463,1.5696676971976593,nan,75.58
CRUISE,0.0,55.000922814482294,-54.55082002623283,-1.5720983078547615,GOAL_REACHED,0.0,0.0,91.90334117143472,19.87748363775463,1.5696676971976593,nan,75.60000000000001
CRUISE,0.0,55.000922814482294,-54.55082002623283,-1.5720983078547615,GOAL_REACHED,0.0,0.0,91.90334117143472,19.87748363775463,1.5696676971976593,nan,75.62
CRUISE,0.0,55.000922814482294,-54.55082002623283,-1.5720983078547615,GOAL_REACHED,0.0,0.0,91.90334117143472,19.87748363775463,1.5696676971976593,nan,75.64
CRUISE,0.0,55.000922814482294,-54.55082002623283,-1.5720983078547615,GOAL_REACHED,0.0,0.0,91.90334117143472,19.87748363775463,1.5696676971976593,nan,75.66000000000001
CRUISE,0.0,55.000922814482294,-54.55082002623283,-1.5720983078547615,GOAL_REACHED,0.0,0.0,91.90334117143472,19.87748363775463,1.5696676971976593,nan,75.68100000000001
CRUISE,0.0,55.000922814482294,-54.55082002623283,-1.5720983078547615,GOAL_REACHED,0.0,0.0,91.90334117143472,19.87748363775463,1.5696676971976593,nan,75.7
CRUISE,0.0,55.000922814482294,-54.55082002623283,-1.5720983078547615,GOAL_REACHED,0.0,0.0,91.90334117143472,19.87748363775463,1.5696676971976593,nan,75.72
CRUISE,0.0,55.000922814482294,-54.55082002623283,-1.5720983078547615,GOAL_REACHED,0.0,0.0,91.90334117143472,19.87748363775463,1.5696676971976593,nan,75.74000000000001
CRUISE,0.0,55.000922814482294,-54.55082002623283,-1.5720983078547615,GOAL_REACHED,0.0,0.0,91.90334117143472,19.87748363775463,1.5696676971976593,nan,75.76
CRUISE,0.0,55.000922814482294,-54.55082002623283,-1.5720983078547615,GOAL_REACHED,0.0,0.0,91.90334117143472,19.87748363775463,1.5696676971976593,nan,75.78
CRUISE,0.0,55.000922814482294,-54.55082002623283,-1.5720983078547615,GOAL_REACHED,0.0,0.0,91.90334117143472,19.87748363775463,1.5696676971976593,nan,75.80000000000001
CRUISE,0.0,55.000922814482294,-54.55082002623283,-1.5720983078547615,GOAL_REACHED,0.0,0.0,91.90334117143472,19.87748363775463,1.5696676971976593,nan,75.82000000000001
CRUISE,0.0,55.000922814482294,-54.55082002623283,-1.5720983078547615,GOAL_REACHED,0.0,0.0,91.90334117143472,19.87748363775463,1.5696676971976593,nan,75.84
CRUISE,0.0,55.000922814482294,-54.55082002623283,-1.5720983078547615,GOAL_REACHED,0.0,0.0,91.90334117143472,19.87748363775463,1.5696676971976593,nan,75.86
CRUISE,0.0,55.000922814482294,-54.55082002623283,-1.5720983078547615,GOAL_REACHED,0.0,0.0,91.90334117143472,19.87748363775463,1.5696676971976593,nan,75.88000000000001
CRUISE,0.0,55.000922814482294,-54.55082002623283,-1.5720983078547615,GOAL_REACHED,0.0,0.0,91.90334117143472,19.87748363775463,1.5696676971976593,nan,75.9
CRUISE,0.0,55.000922814482294,-54.55082002623283,-1.5720983078547615,GOAL_REACHED,0.0,0.0,91.90334117143472,19.87748363775463,1.5696676971976593,nan,75.92
CRUISE,0.0,55.000922814482294,-54.55082002623283,-1.5720983078547615,GOAL_REACHED,0.0,0.0,91.90334117143472,19.87748363775463,1.5696676971976593,nan,75.94
CRUISE,0.0,55.000922814482294,-54.55082002623283,-1.5720983078547615,GOAL_REACHED,0.0,0.0,91.90334117143472,19.87748363775463,1.5696676971976593,nan,75.96000000000001
CRUISE,0.0,55.000922814482294,-54.55082002623283,-1.5720983078547615,GOAL_REACHED,0.0,0.0,91.90334117143472,19.87748363775463,1.5696676971976593,nan,75.98
CRUISE,0.0,55.000922814482294,-54.55082002623283,-1.5720983078547615,GOAL_REACHED,0.0,0.0,91.90334117143472,19.87748363775463,1.5696676971976593,nan,76.0
CRUISE,0.0,55.000922814482294,-54.55082002623283,-1.5720983078547615,GOAL_REACHED,0.0,0.0,91.90334117143472,19.87748363775463,1.5696676971976593,nan,76.02000000000001
CRUISE,0.0,55.000922814482294,-54.55082002623283,-1.5720983078547615,GOAL_REACHED,0.0,0.0,91.90334117143472,19.87748363775463,1.5696676971976593,nan,76.04
CRUISE,0.0,55.000922814482294,-54.55082002623283,-1.5720983078547615,GOAL_REACHED,0.0,0.0,91.90334117143472,19.87748363775463,1.5696676971976593,nan,76.06
CRUISE,0.0,55.000922814482294,-54.55082002623283,-1.5720983078547615,GOAL_REACHED,0.0,0.0,91.90334117143472,19.87748363775463,1.5696676971976593,nan,76.08
CRUISE,0.0,55.000922814482294,-54.55082002623283,-1.5720983078547615,GOAL_REACHED,0.0,0.0,91.90334117143472,19.87748363775463,1.5696676971976593,nan,76.10000000000001
CRUISE,0.0,55.000922814482294,-54.55082002623283,-1.5720983078547615,GOAL_REACHED,0.0,0.0,91.90334117143472,19.87748363775463,1.5696676971976593,nan,76.12
CRUISE,0.0,55.000922814482294,-54.55082002623283,-1.5720983078547615,GOAL_REACHED,0.0,0.0,91.90334117143472,19.87748363775463,1.5696676971976593,nan,76.14
CRUISE,0.0,55.000922814482294,-54.55082002623283,-1.5720983078547615,GOAL_REACHED,0.0,0.0,91.90334117143472,19.87748363775463,1.5696676971976593,nan,76.16000000000001
CRUISE,0.0,55.000922814482294,-54.55082002623283,-1.5720983078547615,GOAL_REACHED,0.0,0.0,91.90334117143472,19.87748363775463,1.5696676971976593,nan,76.18
CRUISE,0.0,55.000922814482294,-54.55082002623283,-1.5720983078547615,GOAL_REACHED,0.0,0.0,91.90334117143472,19.87748363775463,1.5696676971976593,nan,76.2
CRUISE,0.0,55.000922814482294,-54.55082002623283,-1.5720983078547615,GOAL_REACHED,0.0,0.0,91.90334117143472,19.87748363775463,1.5696676971976593,nan,76.22
CRUISE,0.0,55.000922814482294,-54.55082002623283,-1.5720983078547615,GOAL_REACHED,0.0,0.0,91.90334117143472,19.87748363775463,1.5696676971976593,nan,76.24000000000001
CRUISE,0.0,55.000922814482294,-54.55082002623283,-1.5720983078547615,GOAL_REACHED,0.0,0.0,91.90334117143472,19.87748363775463,1.5696676971976593,nan,76.26
CRUISE,0.0,55.000922814482294,-54.55082002623283,-1.5720983078547615,GOAL_REACHED,0.0,0.0,91.90334117143472,19.87748363775463,1.5696676971976593,nan,76.28
CRUISE,0.0,55.000922814482294,-54.55082002623283,-1.5720983078547615,GOAL_REACHED,0.0,0.0,91.90334117143472,19.87748363775463,1.5696676971976593,nan,76.30000000000001
CRUISE,0.0,55.000922814482294,-54.55082002623283,-1.5720983078547615,GOAL_REACHED,0.0,0.0,91.90334117143472,19.87748363775463,1.5696676971976593,nan,76.32000000000001
CRUISE,0.0,55.000922814482294,-54.55082002623283,-1.5720983078547615,GOAL_REACHED,0.0,0.0,91.90334117143472,19.87748363775463,1.5696676971976593,nan,76.34
CRUISE,0.0,55.000922814482294,-54.55082002623283,-1.5720983078547615,GOAL_REACHED,0.0,0.0,91.90334117143472,19.87748363775463,1.5696676971976593,nan,76.36
CRUISE,0.0,55.000922814482294,-54.55082002623283,-1.5720983078547615,GOAL_REACHED,0.0,0.0,91.90334117143472,19.87748363775463,1.5696676971976593,nan,76.38000000000001
CRUISE,0.0,55.000922814482294,-54.55082002623283,-1.5720983078547615,GOAL_REACHED,0.0,0.0,91.90334117143472,19.87748363775463,1.5696676971976593,nan,76.4
CRUISE,0.0,55.000922814482294,-54.55082002623283,-1.5720983078547615,GOAL_REACHED,0.0,0.0,91.90334117143472,19.87748363775463,1.5696676971976593,nan,76.42
CRUISE,0.0,55.000922814482294,-54.55082002623283,-1.5720983078547615,GOAL_REACHED,0.0,0.0,91.90334117143472,19.87748363775463,1.5696676971976593,nan,76.44
CRUISE,0.0,55.000922814482294,-54.55082002623283,-1.5720983078547615,GOAL_REACHED,0.0,0.0,91.90334117143472,19.87748363775463,1.5696676971976593,nan,76.46000000000001
CRUISE,0.0,55.000922814482294,-54.55082002623283,-1.5720983078547615,GOAL_REACHED,0.0,0.0,91.90334117143472,19.87748363775463,1.5696676971976593,nan,76.48
CRUISE,0.0,55.000922814482294,-54.55082002623283,-1.5720983078547615,GOAL_REACHED,0.0,0.0,91.90334117143472,19.87748363775463,1.5696676971976593,nan,76.5
CRUISE,0.0,55.000922814482294,-54.55082002623283,-1.5720983078547615,GOAL_REACHED,0.0,0.0,91.90334117143472,19.87748363775463,1.5696676971976593,nan,76.52000000000001
CRUISE,0.0,55.000922814482294,-54.55082002623283,-1.5720983078547615,GOAL_REACHED,0.0,0.0,91.90334117143472,19.87748363775463,1.5696676971976593,nan,76.54
CRUISE,0.0,55.000922814482294,-54.55082002623283,-1.5720983078547615,GOAL_REACHED,0.0,0.0,91.90334117143472,19.87748363775463,1.5696676971976593,nan,76.56
CRUISE,0.0,55.000922814482294,-54.55082002623283,-1.5720983078547615,GOAL_REACHED,0.0,0.0,91.90334117143472,19.87748363775463,1.5696676971976593,nan,76.58
CRUISE,0.0,55.000922814482294,-54.55082002623283,-1.5720983078547615,GOAL_REACHED,0.0,0.0,91.90334117143472,19.87748363775463,1.5696676971976593,nan,76.60000000000001
CRUISE,0.0,55.000922814482294,-54.55082002623283,-1.5720983078547615,GOAL_REACHED,0.0,0.0,91.90334117143472,19.87748363775463,1.5696676971976593,nan,76.62
CRUISE,0.0,55.000922814482294,-54.55082002623283,-1.5720983078547615,GOAL_REACHED,0.0,0.0,91.90334117143472,19.87748363775463,1.5696676971976593,nan,76.64
CRUISE,0.0,55.000922814482294,-54.55082002623283,-1.5720983078547615,GOAL_REACHED,0.0,0.0,91.90334117143472,19.87748363775463,1.5696676971976593,nan,76.66000000000001
CRUISE,0.0,55.000922814482294,-54.55082002623283,-1.5720983078547615,GOAL_REACHED,0.0,0.0,91.90334117143472,19.87748363775463,1.5696676971976593,nan,76.68
CRUISE,0.0,55.000922814482294,-54.55082002623283,-1.5720983078547615,GOAL_REACHED,0.0,0.0,91.90334117143472,19.87748363775463,1.5696676971976593,nan,76.7
CRUISE,0.0,55.000922814482294,-54.55082002623283,-1.5720983078547615,GOAL_REACHED,0.0,0.0,91.90334117143472,19.87748363775463,1.5696676971976593,nan,76.721
CRUISE,0.0,55.000922814482294,-54.55082002623283,-1.5720983078547615,GOAL_REACHED,0.0,0.0,91.90334117143472,19.87748363775463,1.5696676971976593,nan,76.74000000000001
CRUISE,0.0,55.000922814482294,-54.55082002623283,-1.5720983078547615,GOAL_REACHED,0.0,0.0,91.90334117143472,19.87748363775463,1.5696676971976593,nan,76.76
CRUISE,0.0,55.000922814482294,-54.55082002623283,-1.5720983078547615,GOAL_REACHED,0.0,0.0,91.90334117143472,19.87748363775463,1.5696676971976593,nan,76.78
CRUISE,0.0,55.000922814482294,-54.55082002623283,-1.5720983078547615,GOAL_REACHED,0.0,0.0,91.90334117143472,19.87748363775463,1.5696676971976593,nan,76.80000000000001
CRUISE,0.0,55.000922814482294,-54.55082002623283,-1.5720983078547615,GOAL_REACHED,0.0,0.0,91.90334117143472,19.87748363775463,1.5696676971976593,nan,76.82000000000001
CRUISE,0.0,55.000922814482294,-54.55082002623283,-1.5720983078547615,GOAL_REACHED,0.0,0.0,91.90334117143472,19.87748363775463,1.5696676971976593,nan,76.84
CRUISE,0.0,55.000922814482294,-54.55082002623283,-1.5720983078547615,GOAL_REACHED,0.0,0.0,91.90334117143472,19.87748363775463,1.5696676971976593,nan,76.86
CRUISE,0.0,55.000922814482294,-54.55082002623283,-1.5720983078547615,GOAL_REACHED,0.0,0.0,91.90334117143472,19.87748363775463,1.5696676971976593,nan,76.88000000000001
CRUISE,0.0,55.000922814482294,-54.55082002623283,-1.5720983078547615,GOAL_REACHED,0.0,0.0,91.90334117143472,19.87748363775463,1.5696676971976593,nan,76.90100000000001
CRUISE,0.0,55.000922814482294,-54.55082002623283,-1.5720983078547615,GOAL_REACHED,0.0,0.0,91.90334117143472,19.87748363775463,1.5696676971976593,nan,76.92
CRUISE,0.0,55.000922814482294,-54.55082002623283,-1.5720983078547615,GOAL_REACHED,0.0,0.0,91.90334117143472,19.87748363775463,1.5696676971976593,nan,76.94
CRUISE,0.0,55.000922814482294,-54.55082002623283,-1.5720983078547615,GOAL_REACHED,0.0,0.0,91.90334117143472,19.87748363775463,1.5696676971976593,nan,76.96000000000001
CRUISE,0.0,55.000922814482294,-54.55082002623283,-1.5720983078547615,GOAL_REACHED,0.0,0.0,91.90334117143472,19.87748363775463,1.5696676971976593,nan,76.98
CRUISE,0.0,55.000922814482294,-54.55082002623283,-1.5720983078547615,GOAL_REACHED,0.0,0.0,91.90334117143472,19.87748363775463,1.5696676971976593,nan,77.0
CRUISE,0.0,55.000922814482294,-54.55082002623283,-1.5720983078547615,GOAL_REACHED,0.0,0.0,91.90334117143472,19.87748363775463,1.5696676971976593,nan,77.02000000000001
CRUISE,0.0,55.000922814482294,-54.55082002623283,-1.5720983078547615,GOAL_REACHED,0.0,0.0,91.90334117143472,19.87748363775463,1.5696676971976593,nan,77.04
CRUISE,0.0,55.000922814482294,-54.55082002623283,-1.5720983078547615,GOAL_REACHED,0.0,0.0,91.90334117143472,19.87748363775463,1.5696676971976593,nan,77.06
CRUISE,0.0,55.000922814482294,-54.55082002623283,-1.5720983078547615,GOAL_REACHED,0.0,0.0,91.90334117143472,19.87748363775463,1.5696676971976593,nan,77.08
CRUISE,0.0,55.000922814482294,-54.55082002623283,-1.5720983078547615,GOAL_REACHED,0.0,0.0,91.90334117143472,19.87748363775463,1.5696676971976593,nan,77.10000000000001
CRUISE,0.0,55.000922814482294,-54.55082002623283,-1.5720983078547615,GOAL_REACHED,0.0,0.0,91.90334117143472,19.87748363775463,1.5696676971976593,nan,77.12
CRUISE,0.0,55.000922814482294,-54.55082002623283,-1.5720983078547615,GOAL_REACHED,0.0,0.0,91.90334117143472,19.87748363775463,1.5696676971976593,nan,77.14
CRUISE,0.0,55.000922814482294,-54.55082002623283,-1.5720983078547615,GOAL_REACHED,0.0,0.0,91.90334117143472,19.87748363775463,1.5696676971976593,nan,77.16000000000001
CRUISE,0.0,55.000922814482294,-54.55082002623283,-1.5720983078547615,GOAL_REACHED,0.0,0.0,91.90334117143472,19.87748363775463,1.5696676971976593,nan,77.18
CRUISE,0.0,55.000922814482294,-54.55082002623283,-1.5720983078547615,GOAL_REACHED,0.0,0.0,91.90334117143472,19.87748363775463,1.5696676971976593,nan,77.2
CRUISE,0.0,55.000922814482294,-54.55082002623283,-1.5720983078547615,GOAL_REACHED,0.0,0.0,91.90334117143472,19.87748363775463,1.5696676971976593,nan,77.22
CRUISE,0.0,55.000922814482294,-54.55082002623283,-1.5720983078547615,GOAL_REACHED,0.0,0.0,91.90334117143472,19.87748363775463,1.5696676971976593,nan,77.24000000000001
CRUISE,0.0,55.000922814482294,-54.55082002623283,-1.5720983078547615,GOAL_REACHED,0.0,0.0,91.90334117143472,19.87748363775463,1.5696676971976593,nan,77.26
CRUISE,0.0,55.000922814482294,-54.55082002623283,-1.5720983078547615,GOAL_REACHED,0.0,0.0,91.90334117143472,19.87748363775463,1.5696676971976593,nan,77.28
CRUISE,0.0,55.000922814482294,-54.55082002623283,-1.5720983078547615,GOAL_REACHED,0.0,0.0,91.90334117143472,19.87748363775463,1.5696676971976593,nan,77.30000000000001
CRUISE,0.0,55.000922814482294,-54.55082002623283,-1.5720983078547615,GOAL_REACHED,0.0,0.0,91.90334117143472,19.87748363775463,1.5696676971976593,nan,77.321
CRUISE,0.0,55.000922814482294,-54.55082002623283,-1.5720983078547615,GOAL_REACHED,0.0,0.0,91.90334117143472,19.87748363775463,1.5696676971976593,nan,77.34
CRUISE,0.0,55.000922814482294,-54.55082002623283,-1.5720983078547615,GOAL_REACHED,0.0,0.0,91.90334117143472,19.87748363775463,1.5696676971976593,nan,77.36
CRUISE,0.0,55.000922814482294,-54.55082002623283,-1.5720983078547615,GOAL_REACHED,0.0,0.0,91.90334117143472,19.87748363775463,1.5696676971976593,nan,77.38000000000001
CRUISE,0.0,55.000922814482294,-54.55082002623283,-1.5720983078547615,GOAL_REACHED,0.0,0.0,91.90334117143472,19.87748363775463,1.5696676971976593,nan,77.4
CRUISE,0.0,55.000922814482294,-54.55082002623283,-1.5720983078547615,GOAL_REACHED,0.0,0.0,91.90334117143472,19.87748363775463,1.5696676971976593,nan,77.42
CRUISE,0.0,55.000922814482294,-54.55082002623283,-1.5720983078547615,GOAL_REACHED,0.0,0.0,91.90334117143472,19.87748363775463,1.5696676971976593,nan,77.44
CRUISE,0.0,55.000922814482294,-54.55082002623283,-1.5720983078547615,GOAL_REACHED,0.0,0.0,91.90334117143472,19.87748363775463,1.5696676971976593,nan,77.46000000000001
CRUISE,0.0,55.000922814482294,-54.55082002623283,-1.5720983078547615,GOAL_REACHED,0.0,0.0,91.90334117143472,19.87748363775463,1.5696676971976593,nan,77.48
CRUISE,0.0,55.000922814482294,-54.55082002623283,-1.5720983078547615,GOAL_REACHED,0.0,0.0,91.90334117143472,19.87748363775463,1.5696676971976593,nan,77.5
CRUISE,0.0,55.000922814482294,-54.55082002623283,-1.5720983078547615,GOAL_REACHED,0.0,0.0,91.90334117143472,19.87748363775463,1.5696676971976593,nan,77.52000000000001
CRUISE,0.0,55.000922814482294,-54.55082002623283,-1.5720983078547615,GOAL_REACHED,0.0,0.0,91.90334117143472,19.87748363775463,1.5696676971976593,nan,77.54
CRUISE,0.0,55.000922814482294,-54.55082002623283,-1.5720983078547615,GOAL_REACHED,0.0,0.0,91.90334117143472,19.87748363775463,1.5696676971976593,nan,77.56
CRUISE,0.0,55.000922814482294,-54.55082002623283,-1.5720983078547615,GOAL_REACHED,0.0,0.0,91.90334117143472,19.87748363775463,1.5696676971976593,nan,77.58
CRUISE,0.0,55.000922814482294,-54.55082002623283,-1.5720983078547615,GOAL_REACHED,0.0,0.0,91.90334117143472,19.87748363775463,1.5696676971976593,nan,77.60000000000001
CRUISE,0.0,55.000922814482294,-54.55082002623283,-1.5720983078547615,GOAL_REACHED,0.0,0.0,91.90334117143472,19.87748363775463,1.5696676971976593,nan,77.62
CRUISE,0.0,55.000922814482294,-54.55082002623283,-1.5720983078547615,GOAL_REACHED,0.0,0.0,91.90334117143472,19.87748363775463,1.5696676971976593,nan,77.641
CRUISE,0.0,55.000922814482294,-54.55082002623283,-1.5720983078547615,GOAL_REACHED,0.0,0.0,91.90334117143472,19.87748363775463,1.5696676971976593,nan,77.66000000000001
CRUISE,0.0,55.000922814482294,-54.55082002623283,-1.5720983078547615,GOAL_REACHED,0.0,0.0,91.90334117143472,19.87748363775463,1.5696676971976593,nan,77.68
CRUISE,0.0,55.000922814482294,-54.55082002623283,-1.5720983078547615,GOAL_REACHED,0.0,0.0,91.90334117143472,19.87748363775463,1.5696676971976593,nan,77.7
CRUISE,0.0,55.000922814482294,-54.55082002623283,-1.5720983078547615,GOAL_REACHED,0.0,0.0,91.90334117143472,19.87748363775463,1.5696676971976593,nan,77.721
CRUISE,0.0,55.000922814482294,-54.55082002623283,-1.5720983078547615,GOAL_REACHED,0.0,0.0,91.90334117143472,19.87748363775463,1.5696676971976593,nan,77.74000000000001
CRUISE,0.0,55.000922814482294,-54.55082002623283,-1.5720983078547615,GOAL_REACHED,0.0,0.0,91.90334117143472,19.87748363775463,1.5696676971976593,nan,77.76
CRUISE,0.0,55.000922814482294,-54.55082002623283,-1.5720983078547615,GOAL_REACHED,0.0,0.0,91.90334117143472,19.87748363775463,1.5696676971976593,nan,77.78
CRUISE,0.0,55.000922814482294,-54.55082002623283,-1.5720983078547615,GOAL_REACHED,0.0,0.0,91.90334117143472,19.87748363775463,1.5696676971976593,nan,77.80000000000001
CRUISE,0.0,55.000922814482294,-54.55082002623283,-1.5720983078547615,GOAL_REACHED,0.0,0.0,91.90334117143472,19.87748363775463,1.5696676971976593,nan,77.82000000000001
CRUISE,0.0,55.000922814482294,-54.55082002623283,-1.5720983078547615,GOAL_REACHED,0.0,0.0,91.90334117143472,19.87748363775463,1.5696676971976593,nan,77.84
CRUISE,0.0,55.000922814482294,-54.55082002623283,-1.5720983078547615,GOAL_REACHED,0.0,0.0,91.90334117143472,19.87748363775463,1.5696676971976593,nan,77.86
CRUISE,0.0,55.000922814482294,-54.55082002623283,-1.5720983078547615,GOAL_REACHED,0.0,0.0,91.90334117143472,19.87748363775463,1.5696676971976593,nan,77.88000000000001
CRUISE,0.0,55.000922814482294,-54.55082002623283,-1.5720983078547615,GOAL_REACHED,0.0,0.0,91.90334117143472,19.87748363775463,1.5696676971976593,nan,77.9
CRUISE,0.0,55.000922814482294,-54.55082002623283,-1.5720983078547615,GOAL_REACHED,0.0,0.0,91.90334117143472,19.87748363775463,1.5696676971976593,nan,77.921
CRUISE,0.0,55.000922814482294,-54.55082002623283,-1.5720983078547615,GOAL_REACHED,0.0,0.0,91.90334117143472,19.87748363775463,1.5696676971976593,nan,77.94000000000001
CRUISE,0.0,55.000922814482294,-54.55082002623283,-1.5720983078547615,GOAL_REACHED,0.0,0.0,91.90334117143472,19.87748363775463,1.5696676971976593,nan,77.96000000000001
CRUISE,0.0,55.000922814482294,-54.55082002623283,-1.5720983078547615,GOAL_REACHED,0.0,0.0,91.90334117143472,19.87748363775463,1.5696676971976593,nan,77.98
CRUISE,0.0,55.000922814482294,-54.55082002623283,-1.5720983078547615,GOAL_REACHED,0.0,0.0,91.90334117143472,19.87748363775463,1.5696676971976593,nan,78.0
CRUISE,0.0,55.000922814482294,-54.55082002623283,-1.5720983078547615,GOAL_REACHED,0.0,0.0,91.90334117143472,19.87748363775463,1.5696676971976593,nan,78.02000000000001
CRUISE,0.0,55.000922814482294,-54.55082002623283,-1.5720983078547615,GOAL_REACHED,0.0,0.0,91.90334117143472,19.87748363775463,1.5696676971976593,nan,78.04
CRUISE,0.0,55.000922814482294,-54.55082002623283,-1.5720983078547615,GOAL_REACHED,0.0,0.0,91.90334117143472,19.87748363775463,1.5696676971976593,nan,78.06
CRUISE,0.0,55.000922814482294,-54.55082002623283,-1.5720983078547615,GOAL_REACHED,0.0,0.0,91.90334117143472,19.87748363775463,1.5696676971976593,nan,78.08
CRUISE,0.0,55.000922814482294,-54.55082002623283,-1.5720983078547615,GOAL_REACHED,0.0,0.0,91.90334117143472,19.87748363775463,1.5696676971976593,nan,78.10000000000001
CRUISE,0.0,55.000922814482294,-54.55082002623283,-1.5720983078547615,GOAL_REACHED,0.0,0.0,91.90334117143472,19.87748363775463,1.5696676971976593,nan,78.12
CRUISE,0.0,55.000922814482294,-54.55082002623283,-1.5720983078547615,GOAL_REACHED,0.0,0.0,91.90334117143472,19.87748363775463,1.5696676971976593,nan,78.14
CRUISE,0.0,55.000922814482294,-54.55082002623283,-1.5720983078547615,GOAL_REACHED,0.0,0.0,91.90334117143472,19.87748363775463,1.5696676971976593,nan,78.16000000000001
CRUISE,0.0,55.000922814482294,-54.55082002623283,-1.5720983078547615,GOAL_REACHED,0.0,0.0,91.90334117143472,19.87748363775463,1.5696676971976593,nan,78.18
CRUISE,0.0,55.000922814482294,-54.55082002623283,-1.5720983078547615,GOAL_REACHED,0.0,0.0,91.90334117143472,19.87748363775463,1.5696676971976593,nan,78.20100000000001
CRUISE,0.0,55.000922814482294,-54.55082002623283,-1.5720983078547615,GOAL_REACHED,0.0,0.0,91.90334117143472,19.87748363775463,1.5696676971976593,nan,78.22
CRUISE,0.0,55.000922814482294,-54.55082002623283,-1.5720983078547615,GOAL_REACHED,0.0,0.0,91.90334117143472,19.87748363775463,1.5696676971976593,nan,78.24000000000001
CRUISE,0.0,55.000922814482294,-54.55082002623283,-1.5720983078547615,GOAL_REACHED,0.0,0.0,91.90334117143472,19.87748363775463,1.5696676971976593,nan,78.26
CRUISE,0.0,55.000922814482294,-54.55082002623283,-1.5720983078547615,GOAL_REACHED,0.0,0.0,91.90334117143472,19.87748363775463,1.5696676971976593,nan,78.28
CRUISE,0.0,55.000922814482294,-54.55082002623283,-1.5720983078547615,GOAL_REACHED,0.0,0.0,91.90334117143472,19.87748363775463,1.5696676971976593,nan,78.30000000000001
CRUISE,0.0,55.000922814482294,-54.55082002623283,-1.5720983078547615,GOAL_REACHED,0.0,0.0,91.90334117143472,19.87748363775463,1.5696676971976593,nan,78.32000000000001
CRUISE,0.0,55.000922814482294,-54.55082002623283,-1.5720983078547615,GOAL_REACHED,0.0,0.0,91.90334117143472,19.87748363775463,1.5696676971976593,nan,78.34
CRUISE,0.0,55.000922814482294,-54.55082002623283,-1.5720983078547615,GOAL_REACHED,0.0,0.0,91.90334117143472,19.87748363775463,1.5696676971976593,nan,78.36
CRUISE,0.0,55.000922814482294,-54.55082002623283,-1.5720983078547615,GOAL_REACHED,0.0,0.0,91.90334117143472,19.87748363775463,1.5696676971976593,nan,78.38000000000001
CRUISE,0.0,55.000922814482294,-54.55082002623283,-1.5720983078547615,GOAL_REACHED,0.0,0.0,91.90334117143472,19.87748363775463,1.5696676971976593,nan,78.4
CRUISE,0.0,55.000922814482294,-54.55082002623283,-1.5720983078547615,GOAL_REACHED,0.0,0.0,91.90334117143472,19.87748363775463,1.5696676971976593,nan,78.42
CRUISE,0.0,55.000922814482294,-54.55082002623283,-1.5720983078547615,GOAL_REACHED,0.0,0.0,91.90334117143472,19.87748363775463,1.5696676971976593,nan,78.44000000000001
CRUISE,0.0,55.000922814482294,-54.55082002623283,-1.5720983078547615,GOAL_REACHED,0.0,0.0,91.90334117143472,19.87748363775463,1.5696676971976593,nan,78.46000000000001
CRUISE,0.0,55.000922814482294,-54.55082002623283,-1.5720983078547615,GOAL_REACHED,0.0,0.0,91.90334117143472,19.87748363775463,1.5696676971976593,nan,78.48
CRUISE,0.0,55.000922814482294,-54.55082002623283,-1.5720983078547615,GOAL_REACHED,0.0,0.0,91.90334117143472,19.87748363775463,1.5696676971976593,nan,78.5
CRUISE,0.0,55.000922814482294,-54.55082002623283,-1.5720983078547615,GOAL_REACHED,0.0,0.0,91.90334117143472,19.87748363775463,1.5696676971976593,nan,78.52000000000001
CRUISE,0.0,55.000922814482294,-54.55082002623283,-1.5720983078547615,GOAL_REACHED,0.0,0.0,91.90334117143472,19.87748363775463,1.5696676971976593,nan,78.54
CRUISE,0.0,55.000922814482294,-54.55082002623283,-1.5720983078547615,GOAL_REACHED,0.0,0.0,91.90334117143472,19.87748363775463,1.5696676971976593,nan,78.561
CRUISE,0.0,55.000922814482294,-54.55082002623283,-1.5720983078547615,GOAL_REACHED,0.0,0.0,91.90334117143472,19.87748363775463,1.5696676971976593,nan,78.581
CRUISE,0.0,55.000922814482294,-54.55082002623283,-1.5720983078547615,GOAL_REACHED,0.0,0.0,91.90334117143472,19.87748363775463,1.5696676971976593,nan,78.60000000000001
CRUISE,0.0,55.000922814482294,-54.55082002623283,-1.5720983078547615,GOAL_REACHED,0.0,0.0,91.90334117143472,19.87748363775463,1.5696676971976593,nan,78.62100000000001
CRUISE,0.0,55.000922814482294,-54.55082002623283,-1.5720983078547615,GOAL_REACHED,0.0,0.0,91.90334117143472,19.87748363775463,1.5696676971976593,nan,78.64
CRUISE,0.0,55.000922814482294,-54.55082002623283,-1.5720983078547615,GOAL_REACHED,0.0,0.0,91.90334117143472,19.87748363775463,1.5696676971976593,nan,78.66000000000001
CRUISE,0.0,55.000922814482294,-54.55082002623283,-1.5720983078547615,GOAL_REACHED,0.0,0.0,91.90334117143472,19.87748363775463,1.5696676971976593,nan,78.68
CRUISE,0.0,55.000922814482294,-54.55082002623283,-1.5720983078547615,GOAL_REACHED,0.0,0.0,91.90334117143472,19.87748363775463,1.5696676971976593,nan,78.7
CRUISE,0.0,55.000922814482294,-54.55082002623283,-1.5720983078547615,GOAL_REACHED,0.0,0.0,91.90334117143472,19.87748363775463,1.5696676971976593,nan,78.72
CRUISE,0.0,55.000922814482294,-54.55082002623283,-1.5720983078547615,GOAL_REACHED,0.0,0.0,91.90334117143472,19.87748363775463,1.5696676971976593,nan,78.74000000000001
CRUISE,0.0,55.000922814482294,-54.55082002623283,-1.5720983078547615,GOAL_REACHED,0.0,0.0,91.90334117143472,19.87748363775463,1.5696676971976593,nan,78.76
CRUISE,0.0,55.000922814482294,-54.55082002623283,-1.5720983078547615,GOAL_REACHED,0.0,0.0,91.90334117143472,19.87748363775463,1.5696676971976593,nan,78.78
CRUISE,0.0,55.000922814482294,-54.55082002623283,-1.5720983078547615,GOAL_REACHED,0.0,0.0,91.90334117143472,19.87748363775463,1.5696676971976593,nan,78.80000000000001
CRUISE,0.0,55.000922814482294,-54.55082002623283,-1.5720983078547615,GOAL_REACHED,0.0,0.0,91.90334117143472,19.87748363775463,1.5696676971976593,nan,78.82000000000001
CRUISE,0.0,55.000922814482294,-54.55082002623283,-1.5720983078547615,GOAL_REACHED,0.0,0.0,91.90334117143472,19.87748363775463,1.5696676971976593,nan,78.84
CRUISE,0.0,55.000922814482294,-54.55082002623283,-1.5720983078547615,GOAL_REACHED,0.0,0.0,91.90334117143472,19.87748363775463,1.5696676971976593,nan,78.86
CRUISE,0.0,55.000922814482294,-54.55082002623283,-1.5720983078547615,GOAL_REACHED,0.0,0.0,91.90334117143472,19.87748363775463,1.5696676971976593,nan,78.88000000000001
CRUISE,0.0,55.000922814482294,-54.55082002623283,-1.5720983078547615,GOAL_REACHED,0.0,0.0,91.90334117143472,19.87748363775463,1.5696676971976593,nan,78.9
CRUISE,0.0,55.000922814482294,-54.55082002623283,-1.5720983078547615,GOAL_REACHED,0.0,0.0,91.90334117143472,19.87748363775463,1.5696676971976593,nan,78.92
CRUISE,0.0,55.000922814482294,-54.55082002623283,-1.5720983078547615,GOAL_REACHED,0.0,0.0,91.90334117143472,19.87748363775463,1.5696676971976593,nan,78.94000000000001
CRUISE,0.0,55.000922814482294,-54.55082002623283,-1.5720983078547615,GOAL_REACHED,0.0,0.0,91.90334117143472,19.87748363775463,1.5696676971976593,nan,78.96000000000001
CRUISE,0.0,55.000922814482294,-54.55082002623283,-1.5720983078547615,GOAL_REACHED,0.0,0.0,91.90334117143472,19.87748363775463,1.5696676971976593,nan,78.98100000000001
CRUISE,0.0,55.000922814482294,-54.55082002623283,-1.5720983078547615,GOAL_REACHED,0.0,0.0,91.90334117143472,19.87748363775463,1.5696676971976593,nan,79.0
CRUISE,0.0,55.000922814482294,-54.55082002623283,-1.5720983078547615,GOAL_REACHED,0.0,0.0,91.90334117143472,19.87748363775463,1.5696676971976593,nan,79.02000000000001
CRUISE,0.0,55.000922814482294,-54.55082002623283,-1.5720983078547615,GOAL_REACHED,0.0,0.0,91.90334117143472,19.87748363775463,1.5696676971976593,nan,79.04
CRUISE,0.0,55.000922814482294,-54.55082002623283,-1.5720983078547615,GOAL_REACHED,0.0,0.0,91.90334117143472,19.87748363775463,1.5696676971976593,nan,79.06
CRUISE,0.0,55.000922814482294,-54.55082002623283,-1.5720983078547615,GOAL_REACHED,0.0,0.0,91.90334117143472,19.87748363775463,1.5696676971976593,nan,79.08
CRUISE,0.0,55.000922814482294,-54.55082002623283,-1.5720983078547615,GOAL_REACHED,0.0,0.0,91.90334117143472,19.87748363775463,1.5696676971976593,nan,79.101
CRUISE,0.0,55.000922814482294,-54.55082002623283,-1.5720983078547615,GOAL_REACHED,0.0,0.0,91.90334117143472,19.87748363775463,1.5696676971976593,nan,79.12
CRUISE,0.0,55.000922814482294,-54.55082002623283,-1.5720983078547615,GOAL_REACHED,0.0,0.0,91.90334117143472,19.87748363775463,1.5696676971976593,nan,79.14
CRUISE,0.0,55.000922814482294,-54.55082002623283,-1.5720983078547615,GOAL_REACHED,0.0,0.0,91.90334117143472,19.87748363775463,1.5696676971976593,nan,79.16000000000001
CRUISE,0.0,55.000922814482294,-54.55082002623283,-1.5720983078547615,GOAL_REACHED,0.0,0.0,91.90334117143472,19.87748363775463,1.5696676971976593,nan,79.18
CRUISE,0.0,55.000922814482294,-54.55082002623283,-1.5720983078547615,GOAL_REACHED,0.0,0.0,91.90334117143472,19.87748363775463,1.5696676971976593,nan,79.2
CRUISE,0.0,55.000922814482294,-54.55082002623283,-1.5720983078547615,GOAL_REACHED,0.0,0.0,91.90334117143472,19.87748363775463,1.5696676971976593,nan,79.221
CRUISE,0.0,55.000922814482294,-54.55082002623283,-1.5720983078547615,GOAL_REACHED,0.0,0.0,91.90334117143472,19.87748363775463,1.5696676971976593,nan,79.24000000000001
CRUISE,0.0,55.000922814482294,-54.55082002623283,-1.5720983078547615,GOAL_REACHED,0.0,0.0,91.90334117143472,19.87748363775463,1.5696676971976593,nan,79.26
CRUISE,0.0,55.000922814482294,-54.55082002623283,-1.5720983078547615,GOAL_REACHED,0.0,0.0,91.90334117143472,19.87748363775463,1.5696676971976593,nan,79.28
CRUISE,0.0,55.000922814482294,-54.55082002623283,-1.5720983078547615,GOAL_REACHED,0.0,0.0,91.90334117143472,19.87748363775463,1.5696676971976593,nan,79.30000000000001
CRUISE,0.0,55.000922814482294,-54.55082002623283,-1.5720983078547615,GOAL_REACHED,0.0,0.0,91.90334117143472,19.87748363775463,1.5696676971976593,nan,79.32000000000001
CRUISE,0.0,55.000922814482294,-54.55082002623283,-1.5720983078547615,GOAL_REACHED,0.0,0.0,91.90334117143472,19.87748363775463,1.5696676971976593,nan,79.34
CRUISE,0.0,55.000922814482294,-54.55082002623283,-1.5720983078547615,GOAL_REACHED,0.0,0.0,91.90334117143472,19.87748363775463,1.5696676971976593,nan,79.36
CRUISE,0.0,55.000922814482294,-54.55082002623283,-1.5720983078547615,GOAL_REACHED,0.0,0.0,91.90334117143472,19.87748363775463,1.5696676971976593,nan,79.38000000000001
CRUISE,0.0,55.000922814482294,-54.55082002623283,-1.5720983078547615,GOAL_REACHED,0.0,0.0,91.90334117143472,19.87748363775463,1.5696676971976593,nan,79.4
CRUISE,0.0,55.000922814482294,-54.55082002623283,-1.5720983078547615,GOAL_REACHED,0.0,0.0,91.90334117143472,19.87748363775463,1.5696676971976593,nan,79.42
CRUISE,0.0,55.000922814482294,-54.55082002623283,-1.5720983078547615,GOAL_REACHED,0.0,0.0,91.90334117143472,19.87748363775463,1.5696676971976593,nan,79.44000000000001
CRUISE,0.0,55.000922814482294,-54.55082002623283,-1.5720983078547615,GOAL_REACHED,0.0,0.0,91.90334117143472,19.87748363775463,1.5696676971976593,nan,79.46000000000001
CRUISE,0.0,55.000922814482294,-54.55082002623283,-1.5720983078547615,GOAL_REACHED,0.0,0.0,91.90334117143472,19.87748363775463,1.5696676971976593,nan,79.48
CRUISE,0.0,55.000922814482294,-54.55082002623283,-1.5720983078547615,GOAL_REACHED,0.0,0.0,91.90334117143472,19.87748363775463,1.5696676971976593,nan,79.5
CRUISE,0.0,55.000922814482294,-54.55082002623283,-1.5720983078547615,GOAL_REACHED,0.0,0.0,91.90334117143472,19.87748363775463,1.5696676971976593,nan,79.52000000000001
CRUISE,0.0,55.000922814482294,-54.55082002623283,-1.5720983078547615,GOAL_REACHED,0.0,0.0,91.90334117143472,19.87748363775463,1.5696676971976593,nan,79.54
CRUISE,0.0,55.000922814482294,-54.55082002623283,-1.5720983078547615,GOAL_REACHED,0.0,0.0,91.90334117143472,19.87748363775463,1.5696676971976593,nan,79.56
CRUISE,0.0,55.000922814482294,-54.55082002623283,-1.5720983078547615,GOAL_REACHED,0.0,0.0,91.90334117143472,19.87748363775463,1.5696676971976593,nan,79.58
CRUISE,0.0,55.000922814482294,-54.55082002623283,-1.5720983078547615,GOAL_REACHED,0.0,0.0,91.90334117143472,19.87748363775463,1.5696676971976593,nan,79.60000000000001
CRUISE,0.0,55.000922814482294,-54.55082002623283,-1.5720983078547615,GOAL_REACHED,0.0,0.0,91.90334117143472,19.87748363775463,1.5696676971976593,nan,79.62
CRUISE,0.0,55.000922814482294,-54.55082002623283,-1.5720983078547615,GOAL_REACHED,0.0,0.0,91.90334117143472,19.87748363775463,1.5696676971976593,nan,79.64
CRUISE,0.0,55.000922814482294,-54.55082002623283,-1.5720983078547615,GOAL_REACHED,0.0,0.0,91.90334117143472,19.87748363775463,1.5696676971976593,nan,79.66000000000001
CRUISE,0.0,55.000922814482294,-54.55082002623283,-1.5720983078547615,GOAL_REACHED,0.0,0.0,91.90334117143472,19.87748363775463,1.5696676971976593,nan,79.68
CRUISE,0.0,55.000922814482294,-54.55082002623283,-1.5720983078547615,GOAL_REACHED,0.0,0.0,91.90334117143472,19.87748363775463,1.5696676971976593,nan,79.7
CRUISE,0.0,55.000922814482294,-54.55082002623283,-1.5720983078547615,GOAL_REACHED,0.0,0.0,91.90334117143472,19.87748363775463,1.5696676971976593,nan,79.72
CRUISE,0.0,55.000922814482294,-54.55082002623283,-1.5720983078547615,GOAL_REACHED,0.0,0.0,91.90334117143472,19.87748363775463,1.5696676971976593,nan,79.74000000000001
CRUISE,0.0,55.000922814482294,-54.55082002623283,-1.5720983078547615,GOAL_REACHED,0.0,0.0,91.90334117143472,19.87748363775463,1.5696676971976593,nan,79.76
CRUISE,0.0,55.000922814482294,-54.55082002623283,-1.5720983078547615,GOAL_REACHED,0.0,0.0,91.90334117143472,19.87748363775463,1.5696676971976593,nan,79.78
CRUISE,0.0,55.000922814482294,-54.55082002623283,-1.5720983078547615,GOAL_REACHED,0.0,0.0,91.90334117143472,19.87748363775463,1.5696676971976593,nan,79.80000000000001
CRUISE,0.0,55.000922814482294,-54.55082002623283,-1.5720983078547615,GOAL_REACHED,0.0,0.0,91.90334117143472,19.87748363775463,1.5696676971976593,nan,79.82000000000001
CRUISE,0.0,55.000922814482294,-54.55082002623283,-1.5720983078547615,GOAL_REACHED,0.0,0.0,91.90334117143472,19.87748363775463,1.5696676971976593,nan,79.84
CRUISE,0.0,55.000922814482294,-54.55082002623283,-1.5720983078547615,GOAL_REACHED,0.0,0.0,91.90334117143472,19.87748363775463,1.5696676971976593,nan,79.86
CRUISE,0.0,55.000922814482294,-54.55082002623283,-1.5720983078547615,GOAL_REACHED,0.0,0.0,91.90334117143472,19.87748363775463,1.5696676971976593,nan,79.88000000000001
CRUISE,0.0,55.000922814482294,-54.55082002623283,-1.5720983078547615,GOAL_REACHED,0.0,0.0,91.90334117143472,19.87748363775463,1.5696676971976593,nan,79.9
CRUISE,0.0,55.000922814482294,-54.55082002623283,-1.5720983078547615,GOAL_REACHED,0.0,0.0,91.90334117143472,19.87748363775463,1.5696676971976593,nan,79.92200000000001
CRUISE,0.0,55.000922814482294,-54.55082002623283,-1.5720983078547615,GOAL_REACHED,0.0,0.0,91.90334117143472,19.87748363775463,1.5696676971976593,nan,79.94000000000001
CRUISE,0.0,55.000922814482294,-54.55082002623283,-1.5720983078547615,GOAL_REACHED,0.0,0.0,91.90334117143472,19.87748363775463,1.5696676971976593,nan,79.96000000000001
CRUISE,0.0,55.000922814482294,-54.55082002623283,-1.5720983078547615,GOAL_REACHED,0.0,0.0,91.90334117143472,19.87748363775463,1.5696676971976593,nan,79.98
CRUISE,0.0,55.000922814482294,-54.55082002623283,-1.5720983078547615,GOAL_REACHED,0.0,0.0,91.90334117143472,19.87748363775463,1.5696676971976593,nan,80.001
CRUISE,0.0,55.000922814482294,-54.55082002623283,-1.5720983078547615,GOAL_REACHED,0.0,0.0,91.90334117143472,19.87748363775463,1.5696676971976593,nan,80.02000000000001
CRUISE,0.0,55.000922814482294,-54.55082002623283,-1.5720983078547615,GOAL_REACHED,0.0,0.0,91.90334117143472,19.87748363775463,1.5696676971976593,nan,80.04
CRUISE,0.0,55.000922814482294,-54.55082002623283,-1.5720983078547615,GOAL_REACHED,0.0,0.0,91.90334117143472,19.87748363775463,1.5696676971976593,nan,80.06
CRUISE,0.0,55.000922814482294,-54.55082002623283,-1.5720983078547615,GOAL_REACHED,0.0,0.0,91.90334117143472,19.87748363775463,1.5696676971976593,nan,80.081
CRUISE,0.0,55.000922814482294,-54.55082002623283,-1.5720983078547615,GOAL_REACHED,0.0,0.0,91.90334117143472,19.87748363775463,1.5696676971976593,nan,80.10000000000001
CRUISE,0.0,55.000922814482294,-54.55082002623283,-1.5720983078547615,GOAL_REACHED,0.0,0.0,91.90334117143472,19.87748363775463,1.5696676971976593,nan,80.12
CRUISE,0.0,55.000922814482294,-54.55082002623283,-1.5720983078547615,GOAL_REACHED,0.0,0.0,91.90334117143472,19.87748363775463,1.5696676971976593,nan,80.14
CRUISE,0.0,55.000922814482294,-54.55082002623283,-1.5720983078547615,GOAL_REACHED,0.0,0.0,91.90334117143472,19.87748363775463,1.5696676971976593,nan,80.16000000000001
CRUISE,0.0,55.000922814482294,-54.55082002623283,-1.5720983078547615,GOAL_REACHED,0.0,0.0,91.90334117143472,19.87748363775463,1.5696676971976593,nan,80.18
CRUISE,0.0,55.000922814482294,-54.55082002623283,-1.5720983078547615,GOAL_REACHED,0.0,0.0,91.90334117143472,19.87748363775463,1.5696676971976593,nan,80.2
CRUISE,0.0,55.000922814482294,-54.55082002623283,-1.5720983078547615,GOAL_REACHED,0.0,0.0,91.90334117143472,19.87748363775463,1.5696676971976593,nan,80.221
CRUISE,0.0,55.000922814482294,-54.55082002623283,-1.5720983078547615,GOAL_REACHED,0.0,0.0,91.90334117143472,19.87748363775463,1.5696676971976593,nan,80.241
CRUISE,0.0,55.000922814482294,-54.55082002623283,-1.5720983078547615,GOAL_REACHED,0.0,0.0,91.90334117143472,19.87748363775463,1.5696676971976593,nan,80.26
CRUISE,0.0,55.000922814482294,-54.55082002623283,-1.5720983078547615,GOAL_REACHED,0.0,0.0,91.90334117143472,19.87748363775463,1.5696676971976593,nan,80.28
CRUISE,0.0,55.000922814482294,-54.55082002623283,-1.5720983078547615,GOAL_REACHED,0.0,0.0,91.90334117143472,19.87748363775463,1.5696676971976593,nan,80.30000000000001
CRUISE,0.0,55.000922814482294,-54.55082002623283,-1.5720983078547615,GOAL_REACHED,0.0,0.0,91.90334117143472,19.87748363775463,1.5696676971976593,nan,80.32000000000001
CRUISE,0.0,55.000922814482294,-54.55082002623283,-1.5720983078547615,GOAL_REACHED,0.0,0.0,91.90334117143472,19.87748363775463,1.5696676971976593,nan,80.34
CRUISE,0.0,55.000922814482294,-54.55082002623283,-1.5720983078547615,GOAL_REACHED,0.0,0.0,91.90334117143472,19.87748363775463,1.5696676971976593,nan,80.36
CRUISE,0.0,55.000922814482294,-54.55082002623283,-1.5720983078547615,GOAL_REACHED,0.0,0.0,91.90334117143472,19.87748363775463,1.5696676971976593,nan,80.38000000000001
CRUISE,0.0,55.000922814482294,-54.55082002623283,-1.5720983078547615,GOAL_REACHED,0.0,0.0,91.90334117143472,19.87748363775463,1.5696676971976593,nan,80.4
CRUISE,0.0,55.000922814482294,-54.55082002623283,-1.5720983078547615,GOAL_REACHED,0.0,0.0,91.90334117143472,19.87748363775463,1.5696676971976593,nan,80.42200000000001
CRUISE,0.0,55.000922814482294,-54.55082002623283,-1.5720983078547615,GOAL_REACHED,0.0,0.0,91.90334117143472,19.87748363775463,1.5696676971976593,nan,80.44000000000001
CRUISE,0.0,55.000922814482294,-54.55082002623283,-1.5720983078547615,GOAL_REACHED,0.0,0.0,91.90334117143472,19.87748363775463,1.5696676971976593,nan,80.46000000000001
CRUISE,0.0,55.000922814482294,-54.55082002623283,-1.5720983078547615,GOAL_REACHED,0.0,0.0,91.90334117143472,19.87748363775463,1.5696676971976593,nan,80.48
CRUISE,0.0,55.000922814482294,-54.55082002623283,-1.5720983078547615,GOAL_REACHED,0.0,0.0,91.90334117143472,19.87748363775463,1.5696676971976593,nan,80.5
CRUISE,0.0,55.000922814482294,-54.55082002623283,-1.5720983078547615,GOAL_REACHED,0.0,0.0,91.90334117143472,19.87748363775463,1.5696676971976593,nan,80.52000000000001
CRUISE,0.0,55.000922814482294,-54.55082002623283,-1.5720983078547615,GOAL_REACHED,0.0,0.0,91.90334117143472,19.87748363775463,1.5696676971976593,nan,80.54
CRUISE,0.0,55.000922814482294,-54.55082002623283,-1.5720983078547615,GOAL_REACHED,0.0,0.0,91.90334117143472,19.87748363775463,1.5696676971976593,nan,80.56
CRUISE,0.0,55.000922814482294,-54.55082002623283,-1.5720983078547615,GOAL_REACHED,0.0,0.0,91.90334117143472,19.87748363775463,1.5696676971976593,nan,80.58
CRUISE,0.0,55.000922814482294,-54.55082002623283,-1.5720983078547615,GOAL_REACHED,0.0,0.0,91.90334117143472,19.87748363775463,1.5696676971976593,nan,80.60000000000001
CRUISE,0.0,55.000922814482294,-54.55082002623283,-1.5720983078547615,GOAL_REACHED,0.0,0.0,91.90334117143472,19.87748363775463,1.5696676971976593,nan,80.62
CRUISE,0.0,55.000922814482294,-54.55082002623283,-1.5720983078547615,GOAL_REACHED,0.0,0.0,91.90334117143472,19.87748363775463,1.5696676971976593,nan,80.64
CRUISE,0.0,55.000922814482294,-54.55082002623283,-1.5720983078547615,GOAL_REACHED,0.0,0.0,91.90334117143472,19.87748363775463,1.5696676971976593,nan,80.66000000000001
CRUISE,0.0,55.000922814482294,-54.55082002623283,-1.5720983078547615,GOAL_REACHED,0.0,0.0,91.90334117143472,19.87748363775463,1.5696676971976593,nan,80.68
CRUISE,0.0,55.000922814482294,-54.55082002623283,-1.5720983078547615,GOAL_REACHED,0.0,0.0,91.90334117143472,19.87748363775463,1.5696676971976593,nan,80.7
CRUISE,0.0,55.000922814482294,-54.55082002623283,-1.5720983078547615,GOAL_REACHED,0.0,0.0,91.90334117143472,19.87748363775463,1.5696676971976593,nan,80.72
CRUISE,0.0,55.000922814482294,-54.55082002623283,-1.5720983078547615,GOAL_REACHED,0.0,0.0,91.90334117143472,19.87748363775463,1.5696676971976593,nan,80.74000000000001
CRUISE,0.0,55.000922814482294,-54.55082002623283,-1.5720983078547615,GOAL_REACHED,0.0,0.0,91.90334117143472,19.87748363775463,1.5696676971976593,nan,80.76
CRUISE,0.0,55.000922814482294,-54.55082002623283,-1.5720983078547615,GOAL_REACHED,0.0,0.0,91.90334117143472,19.87748363775463,1.5696676971976593,nan,80.78
CRUISE,0.0,55.000922814482294,-54.55082002623283,-1.5720983078547615,GOAL_REACHED,0.0,0.0,91.90334117143472,19.87748363775463,1.5696676971976593,nan,80.80000000000001
CRUISE,0.0,55.000922814482294,-54.55082002623283,-1.5720983078547615,GOAL_REACHED,0.0,0.0,91.90334117143472,19.87748363775463,1.5696676971976593,nan,80.82000000000001
CRUISE,0.0,55.000922814482294,-54.55082002623283,-1.5720983078547615,GOAL_REACHED,0.0,0.0,91.90334117143472,19.87748363775463,1.5696676971976593,nan,80.84
CRUISE,0.0,55.000922814482294,-54.55082002623283,-1.5720983078547615,GOAL_REACHED,0.0,0.0,91.90334117143472,19.87748363775463,1.5696676971976593,nan,80.86
CRUISE,0.0,55.000922814482294,-54.55082002623283,-1.5720983078547615,GOAL_REACHED,0.0,0.0,91.90334117143472,19.87748363775463,1.5696676971976593,nan,80.88000000000001
CRUISE,0.0,55.000922814482294,-54.55082002623283,-1.5720983078547615,GOAL_REACHED,0.0,0.0,91.90334117143472,19.87748363775463,1.5696676971976593,nan,80.9
CRUISE,0.0,55.000922814482294,-54.55082002623283,-1.5720983078547615,GOAL_REACHED,0.0,0.0,91.90334117143472,19.87748363775463,1.5696676971976593,nan,80.92
CRUISE,0.0,55.000922814482294,-54.55082002623283,-1.5720983078547615,GOAL_REACHED,0.0,0.0,91.90334117143472,19.87748363775463,1.5696676971976593,nan,80.94000000000001
CRUISE,0.0,55.000922814482294,-54.55082002623283,-1.5720983078547615,GOAL_REACHED,0.0,0.0,91.90334117143472,19.87748363775463,1.5696676971976593,nan,80.96000000000001
CRUISE,0.0,55.000922814482294,-54.55082002623283,-1.5720983078547615,GOAL_REACHED,0.0,0.0,91.90334117143472,19.87748363775463,1.5696676971976593,nan,80.98
CRUISE,0.0,55.000922814482294,-54.55082002623283,-1.5720983078547615,GOAL_REACHED,0.0,0.0,91.90334117143472,19.87748363775463,1.5696676971976593,nan,81.0
CRUISE,0.0,55.000922814482294,-54.55082002623283,-1.5720983078547615,GOAL_REACHED,0.0,0.0,91.90334117143472,19.87748363775463,1.5696676971976593,nan,81.02000000000001
CRUISE,0.0,55.000922814482294,-54.55082002623283,-1.5720983078547615,GOAL_REACHED,0.0,0.0,91.90334117143472,19.87748363775463,1.5696676971976593,nan,81.04
CRUISE,0.0,55.000922814482294,-54.55082002623283,-1.5720983078547615,GOAL_REACHED,0.0,0.0,91.90334117143472,19.87748363775463,1.5696676971976593,nan,81.06
CRUISE,0.0,55.000922814482294,-54.55082002623283,-1.5720983078547615,GOAL_REACHED,0.0,0.0,91.90334117143472,19.87748363775463,1.5696676971976593,nan,81.08
CRUISE,0.0,55.000922814482294,-54.55082002623283,-1.5720983078547615,GOAL_REACHED,0.0,0.0,91.90334117143472,19.87748363775463,1.5696676971976593,nan,81.10000000000001
CRUISE,0.0,55.000922814482294,-54.55082002623283,-1.5720983078547615,GOAL_REACHED,0.0,0.0,91.90334117143472,19.87748363775463,1.5696676971976593,nan,81.122
CRUISE,0.0,55.000922814482294,-54.55082002623283,-1.5720983078547615,GOAL_REACHED,0.0,0.0,91.90334117143472,19.87748363775463,1.5696676971976593,nan,81.14
CRUISE,0.0,55.000922814482294,-54.55082002623283,-1.5720983078547615,GOAL_REACHED,0.0,0.0,91.90334117143472,19.87748363775463,1.5696676971976593,nan,81.16000000000001
CRUISE,0.0,55.000922814482294,-54.55082002623283,-1.5720983078547615,GOAL_REACHED,0.0,0.0,91.90334117143472,19.87748363775463,1.5696676971976593,nan,81.18
CRUISE,0.0,55.000922814482294,-54.55082002623283,-1.5720983078547615,GOAL_REACHED,0.0,0.0,91.90334117143472,19.87748363775463,1.5696676971976593,nan,81.2
CRUISE,0.0,55.000922814482294,-54.55082002623283,-1.5720983078547615,GOAL_REACHED,0.0,0.0,91.90334117143472,19.87748363775463,1.5696676971976593,nan,81.22
CRUISE,0.0,55.000922814482294,-54.55082002623283,-1.5720983078547615,GOAL_REACHED,0.0,0.0,91.90334117143472,19.87748363775463,1.5696676971976593,nan,81.24000000000001
CRUISE,0.0,55.000922814482294,-54.55082002623283,-1.5720983078547615,GOAL_REACHED,0.0,0.0,91.90334117143472,19.87748363775463,1.5696676971976593,nan,81.26
CRUISE,0.0,55.000922814482294,-54.55082002623283,-1.5720983078547615,GOAL_REACHED,0.0,0.0,91.90334117143472,19.87748363775463,1.5696676971976593,nan,81.28
CRUISE,0.0,55.000922814482294,-54.55082002623283,-1.5720983078547615,GOAL_REACHED,0.0,0.0,91.90334117143472,19.87748363775463,1.5696676971976593,nan,81.30000000000001
CRUISE,0.0,55.000922814482294,-54.55082002623283,-1.5720983078547615,GOAL_REACHED,0.0,0.0,91.90334117143472,19.87748363775463,1.5696676971976593,nan,81.32000000000001
CRUISE,0.0,55.000922814482294,-54.55082002623283,-1.5720983078547615,GOAL_REACHED,0.0,0.0,91.90334117143472,19.87748363775463,1.5696676971976593,nan,81.34
CRUISE,0.0,55.000922814482294,-54.55082002623283,-1.5720983078547615,GOAL_REACHED,0.0,0.0,91.90334117143472,19.87748363775463,1.5696676971976593,nan,81.36
CRUISE,0.0,55.000922814482294,-54.55082002623283,-1.5720983078547615,GOAL_REACHED,0.0,0.0,91.90334117143472,19.87748363775463,1.5696676971976593,nan,81.381
CRUISE,0.0,55.000922814482294,-54.55082002623283,-1.5720983078547615,GOAL_REACHED,0.0,0.0,91.90334117143472,19.87748363775463,1.5696676971976593,nan,81.4
CRUISE,0.0,55.000922814482294,-54.55082002623283,-1.5720983078547615,GOAL_REACHED,0.0,0.0,91.90334117143472,19.87748363775463,1.5696676971976593,nan,81.42
CRUISE,0.0,55.000922814482294,-54.55082002623283,-1.5720983078547615,GOAL_REACHED,0.0,0.0,91.90334117143472,19.87748363775463,1.5696676971976593,nan,81.44000000000001
CRUISE,0.0,55.000922814482294,-54.55082002623283,-1.5720983078547615,GOAL_REACHED,0.0,0.0,91.90334117143472,19.87748363775463,1.5696676971976593,nan,81.46000000000001
CRUISE,0.0,55.000922814482294,-54.55082002623283,-1.5720983078547615,GOAL_REACHED,0.0,0.0,91.90334117143472,19.87748363775463,1.5696676971976593,nan,81.48
CRUISE,0.0,55.000922814482294,-54.55082002623283,-1.5720983078547615,GOAL_REACHED,0.0,0.0,91.90334117143472,19.87748363775463,1.5696676971976593,nan,81.5
CRUISE,0.0,55.000922814482294,-54.55082002623283,-1.5720983078547615,GOAL_REACHED,0.0,0.0,91.90334117143472,19.87748363775463,1.5696676971976593,nan,81.52000000000001
CRUISE,0.0,55.000922814482294,-54.55082002623283,-1.5720983078547615,GOAL_REACHED,0.0,0.0,91.90334117143472,19.87748363775463,1.5696676971976593,nan,81.54
CRUISE,0.0,55.000922814482294,-54.55082002623283,-1.5720983078547615,GOAL_REACHED,0.0,0.0,91.90334117143472,19.87748363775463,1.5696676971976593,nan,81.56
CRUISE,0.0,55.000922814482294,-54.55082002623283,-1.5720983078547615,GOAL_REACHED,0.0,0.0,91.90334117143472,19.87748363775463,1.5696676971976593,nan,81.58
CRUISE,0.0,55.000922814482294,-54.55082002623283,-1.5720983078547615,GOAL_REACHED,0.0,0.0,91.90334117143472,19.87748363775463,1.5696676971976593,nan,81.60000000000001
CRUISE,0.0,55.000922814482294,-54.55082002623283,-1.5720983078547615,GOAL_REACHED,0.0,0.0,91.90334117143472,19.87748363775463,1.5696676971976593,nan,81.62
CRUISE,0.0,55.000922814482294,-54.55082002623283,-1.5720983078547615,GOAL_REACHED,0.0,0.0,91.90334117143472,19.87748363775463,1.5696676971976593,nan,81.64
CRUISE,0.0,55.000922814482294,-54.55082002623283,-1.5720983078547615,GOAL_REACHED,0.0,0.0,91.90334117143472,19.87748363775463,1.5696676971976593,nan,81.66000000000001
CRUISE,0.0,55.000922814482294,-54.55082002623283,-1.5720983078547615,GOAL_REACHED,0.0,0.0,91.90334117143472,19.87748363775463,1.5696676971976593,nan,81.68
CRUISE,0.0,55.000922814482294,-54.55082002623283,-1.5720983078547615,GOAL_REACHED,0.0,0.0,91.90334117143472,19.87748363775463,1.5696676971976593,nan,81.7
CRUISE,0.0,55.000922814482294,-54.55082002623283,-1.5720983078547615,GOAL_REACHED,0.0,0.0,91.90334117143472,19.87748363775463,1.5696676971976593,nan,81.72
CRUISE,0.0,55.000922814482294,-54.55082002623283,-1.5720983078547615,GOAL_REACHED,0.0,0.0,91.90334117143472,19.87748363775463,1.5696676971976593,nan,81.74000000000001
CRUISE,0.0,55.000922814482294,-54.55082002623283,-1.5720983078547615,GOAL_REACHED,0.0,0.0,91.90334117143472,19.87748363775463,1.5696676971976593,nan,81.76100000000001
CRUISE,0.0,55.000922814482294,-54.55082002623283,-1.5720983078547615,GOAL_REACHED,0.0,0.0,91.90334117143472,19.87748363775463,1.5696676971976593,nan,81.781
CRUISE,0.0,55.000922814482294,-54.55082002623283,-1.5720983078547615,GOAL_REACHED,0.0,0.0,91.90334117143472,19.87748363775463,1.5696676971976593,nan,81.80000000000001
CRUISE,0.0,55.000922814482294,-54.55082002623283,-1.5720983078547615,GOAL_REACHED,0.0,0.0,91.90334117143472,19.87748363775463,1.5696676971976593,nan,81.82000000000001
CRUISE,0.0,55.000922814482294,-54.55082002623283,-1.5720983078547615,GOAL_REACHED,0.0,0.0,91.90334117143472,19.87748363775463,1.5696676971976593,nan,81.84
CRUISE,0.0,55.000922814482294,-54.55082002623283,-1.5720983078547615,GOAL_REACHED,0.0,0.0,91.90334117143472,19.87748363775463,1.5696676971976593,nan,81.86
CRUISE,0.0,55.000922814482294,-54.55082002623283,-1.5720983078547615,GOAL_REACHED,0.0,0.0,91.90334117143472,19.87748363775463,1.5696676971976593,nan,81.88000000000001
CRUISE,0.0,55.000922814482294,-54.55082002623283,-1.5720983078547615,GOAL_REACHED,0.0,0.0,91.90334117143472,19.87748363775463,1.5696676971976593,nan,81.9
CRUISE,0.0,55.000922814482294,-54.55082002623283,-1.5720983078547615,GOAL_REACHED,0.0,0.0,91.90334117143472,19.87748363775463,1.5696676971976593,nan,81.92
CRUISE,0.0,55.000922814482294,-54.55082002623283,-1.5720983078547615,GOAL_REACHED,0.0,0.0,91.90334117143472,19.87748363775463,1.5696676971976593,nan,81.94000000000001
CRUISE,0.0,55.000922814482294,-54.55082002623283,-1.5720983078547615,GOAL_REACHED,0.0,0.0,91.90334117143472,19.87748363775463,1.5696676971976593,nan,81.96000000000001
CRUISE,0.0,55.000922814482294,-54.55082002623283,-1.5720983078547615,GOAL_REACHED,0.0,0.0,91.90334117143472,19.87748363775463,1.5696676971976593,nan,81.98
CRUISE,0.0,55.000922814482294,-54.55082002623283,-1.5720983078547615,GOAL_REACHED,0.0,0.0,91.90334117143472,19.87748363775463,1.5696676971976593,nan,82.0
CRUISE,0.0,55.000922814482294,-54.55082002623283,-1.5720983078547615,GOAL_REACHED,0.0,0.0,91.90334117143472,19.87748363775463,1.5696676971976593,nan,82.02000000000001
CRUISE,0.0,55.000922814482294,-54.55082002623283,-1.5720983078547615,GOAL_REACHED,0.0,0.0,91.90334117143472,19.87748363775463,1.5696676971976593,nan,82.04
CRUISE,0.0,55.000922814482294,-54.55082002623283,-1.5720983078547615,GOAL_REACHED,0.0,0.0,91.90334117143472,19.87748363775463,1.5696676971976593,nan,82.06
CRUISE,0.0,55.000922814482294,-54.55082002623283,-1.5720983078547615,GOAL_REACHED,0.0,0.0,91.90334117143472,19.87748363775463,1.5696676971976593,nan,82.08
CRUISE,0.0,55.000922814482294,-54.55082002623283,-1.5720983078547615,GOAL_REACHED,0.0,0.0,91.90334117143472,19.87748363775463,1.5696676971976593,nan,82.10000000000001
CRUISE,0.0,55.000922814482294,-54.55082002623283,-1.5720983078547615,GOAL_REACHED,0.0,0.0,91.90334117143472,19.87748363775463,1.5696676971976593,nan,82.12
CRUISE,0.0,55.000922814482294,-54.55082002623283,-1.5720983078547615,GOAL_REACHED,0.0,0.0,91.90334117143472,19.87748363775463,1.5696676971976593,nan,82.14
CRUISE,0.0,55.000922814482294,-54.55082002623283,-1.5720983078547615,GOAL_REACHED,0.0,0.0,91.90334117143472,19.87748363775463,1.5696676971976593,nan,82.16000000000001
CRUISE,0.0,55.000922814482294,-54.55082002623283,-1.5720983078547615,GOAL_REACHED,0.0,0.0,91.90334117143472,19.87748363775463,1.5696676971976593,nan,82.18
CRUISE,0.0,55.000922814482294,-54.55082002623283,-1.5720983078547615,GOAL_REACHED,0.0,0.0,91.90334117143472,19.87748363775463,1.5696676971976593,nan,82.2
CRUISE,0.0,55.000922814482294,-54.55082002623283,-1.5720983078547615,GOAL_REACHED,0.0,0.0,91.90334117143472,19.87748363775463,1.5696676971976593,nan,82.22
CRUISE,0.0,55.000922814482294,-54.55082002623283,-1.5720983078547615,GOAL_REACHED,0.0,0.0,91.90334117143472,19.87748363775463,1.5696676971976593,nan,82.241
CRUISE,0.0,55.000922814482294,-54.55082002623283,-1.5720983078547615,GOAL_REACHED,0.0,0.0,91.90334117143472,19.87748363775463,1.5696676971976593,nan,82.26
CRUISE,0.0,55.000922814482294,-54.55082002623283,-1.5720983078547615,GOAL_REACHED,0.0,0.0,91.90334117143472,19.87748363775463,1.5696676971976593,nan,82.281
CRUISE,0.0,55.000922814482294,-54.55082002623283,-1.5720983078547615,GOAL_REACHED,0.0,0.0,91.90334117143472,19.87748363775463,1.5696676971976593,nan,82.30000000000001
CRUISE,0.0,55.000922814482294,-54.55082002623283,-1.5720983078547615,GOAL_REACHED,0.0,0.0,91.90334117143472,19.87748363775463,1.5696676971976593,nan,82.32000000000001
CRUISE,0.0,55.000922814482294,-54.55082002623283,-1.5720983078547615,GOAL_REACHED,0.0,0.0,91.90334117143472,19.87748363775463,1.5696676971976593,nan,82.34
CRUISE,0.0,55.000922814482294,-54.55082002623283,-1.5720983078547615,GOAL_REACHED,0.0,0.0,91.90334117143472,19.87748363775463,1.5696676971976593,nan,82.36
CRUISE,0.0,55.000922814482294,-54.55082002623283,-1.5720983078547615,GOAL_REACHED,0.0,0.0,91.90334117143472,19.87748363775463,1.5696676971976593,nan,82.38000000000001
CRUISE,0.0,55.000922814482294,-54.55082002623283,-1.5720983078547615,GOAL_REACHED,0.0,0.0,91.90334117143472,19.87748363775463,1.5696676971976593,nan,82.4
CRUISE,0.0,55.000922814482294,-54.55082002623283,-1.5720983078547615,GOAL_REACHED,0.0,0.0,91.90334117143472,19.87748363775463,1.5696676971976593,nan,82.42
CRUISE,0.0,55.000922814482294,-54.55082002623283,-1.5720983078547615,GOAL_REACHED,0.0,0.0,91.90334117143472,19.87748363775463,1.5696676971976593,nan,82.44000000000001
CRUISE,0.0,55.000922814482294,-54.55082002623283,-1.5720983078547615,GOAL_REACHED,0.0,0.0,91.90334117143472,19.87748363775463,1.5696676971976593,nan,82.46000000000001
CRUISE,0.0,55.000922814482294,-54.55082002623283,-1.5720983078547615,GOAL_REACHED,0.0,0.0,91.90334117143472,19.87748363775463,1.5696676971976593,nan,82.48
CRUISE,0.0,55.000922814482294,-54.55082002623283,-1.5720983078547615,GOAL_REACHED,0.0,0.0,91.90334117143472,19.87748363775463,1.5696676971976593,nan,82.5
CRUISE,0.0,55.000922814482294,-54.55082002623283,-1.5720983078547615,GOAL_REACHED,0.0,0.0,91.90334117143472,19.87748363775463,1.5696676971976593,nan,82.52000000000001
CRUISE,0.0,55.000922814482294,-54.55082002623283,-1.5720983078547615,GOAL_REACHED,0.0,0.0,91.90334117143472,19.87748363775463,1.5696676971976593,nan,82.54
CRUISE,0.0,55.000922814482294,-54.55082002623283,-1.5720983078547615,GOAL_REACHED,0.0,0.0,91.90334117143472,19.87748363775463,1.5696676971976593,nan,82.56
CRUISE,0.0,55.000922814482294,-54.55082002623283,-1.5720983078547615,GOAL_REACHED,0.0,0.0,91.90334117143472,19.87748363775463,1.5696676971976593,nan,82.58
CRUISE,0.0,55.000922814482294,-54.55082002623283,-1.5720983078547615,GOAL_REACHED,0.0,0.0,91.90334117143472,19.87748363775463,1.5696676971976593,nan,82.60000000000001
CRUISE,0.0,55.000922814482294,-54.55082002623283,-1.5720983078547615,GOAL_REACHED,0.0,0.0,91.90334117143472,19.87748363775463,1.5696676971976593,nan,82.62
CRUISE,0.0,55.000922814482294,-54.55082002623283,-1.5720983078547615,GOAL_REACHED,0.0,0.0,91.90334117143472,19.87748363775463,1.5696676971976593,nan,82.64
CRUISE,0.0,55.000922814482294,-54.55082002623283,-1.5720983078547615,GOAL_REACHED,0.0,0.0,91.90334117143472,19.87748363775463,1.5696676971976593,nan,82.66000000000001
CRUISE,0.0,55.000922814482294,-54.55082002623283,-1.5720983078547615,GOAL_REACHED,0.0,0.0,91.90334117143472,19.87748363775463,1.5696676971976593,nan,82.68
CRUISE,0.0,55.000922814482294,-54.55082002623283,-1.5720983078547615,GOAL_REACHED,0.0,0.0,91.90334117143472,19.87748363775463,1.5696676971976593,nan,82.7
CRUISE,0.0,55.000922814482294,-54.55082002623283,-1.5720983078547615,GOAL_REACHED,0.0,0.0,91.90334117143472,19.87748363775463,1.5696676971976593,nan,82.72
CRUISE,0.0,55.000922814482294,-54.55082002623283,-1.5720983078547615,GOAL_REACHED,0.0,0.0,91.90334117143472,19.87748363775463,1.5696676971976593,nan,82.74000000000001
CRUISE,0.0,55.000922814482294,-54.55082002623283,-1.5720983078547615,GOAL_REACHED,0.0,0.0,91.90334117143472,19.87748363775463,1.5696676971976593,nan,82.76
CRUISE,0.0,55.000922814482294,-54.55082002623283,-1.5720983078547615,GOAL_REACHED,0.0,0.0,91.90334117143472,19.87748363775463,1.5696676971976593,nan,82.78
CRUISE,0.0,55.000922814482294,-54.55082002623283,-1.5720983078547615,GOAL_REACHED,0.0,0.0,91.90334117143472,19.87748363775463,1.5696676971976593,nan,82.80000000000001
CRUISE,0.0,55.000922814482294,-54.55082002623283,-1.5720983078547615,GOAL_REACHED,0.0,0.0,91.90334117143472,19.87748363775463,1.5696676971976593,nan,82.82000000000001
CRUISE,0.0,55.000922814482294,-54.55082002623283,-1.5720983078547615,GOAL_REACHED,0.0,0.0,91.90334117143472,19.87748363775463,1.5696676971976593,nan,82.84
CRUISE,0.0,55.000922814482294,-54.55082002623283,-1.5720983078547615,GOAL_REACHED,0.0,0.0,91.90334117143472,19.87748363775463,1.5696676971976593,nan,82.86
CRUISE,0.0,55.000922814482294,-54.55082002623283,-1.5720983078547615,GOAL_REACHED,0.0,0.0,91.90334117143472,19.87748363775463,1.5696676971976593,nan,82.88000000000001
CRUISE,0.0,55.000922814482294,-54.55082002623283,-1.5720983078547615,GOAL_REACHED,0.0,0.0,91.90334117143472,19.87748363775463,1.5696676971976593,nan,82.9
CRUISE,0.0,55.000922814482294,-54.55082002623283,-1.5720983078547615,GOAL_REACHED,0.0,0.0,91.90334117143472,19.87748363775463,1.5696676971976593,nan,82.92
CRUISE,0.0,55.000922814482294,-54.55082002623283,-1.5720983078547615,GOAL_REACHED,0.0,0.0,91.90334117143472,19.87748363775463,1.5696676971976593,nan,82.94000000000001
CRUISE,0.0,55.000922814482294,-54.55082002623283,-1.5720983078547615,GOAL_REACHED,0.0,0.0,91.90334117143472,19.87748363775463,1.5696676971976593,nan,82.96000000000001
CRUISE,0.0,55.000922814482294,-54.55082002623283,-1.5720983078547615,GOAL_REACHED,0.0,0.0,91.90334117143472,19.87748363775463,1.5696676971976593,nan,82.98
CRUISE,0.0,55.000922814482294,-54.55082002623283,-1.5720983078547615,GOAL_REACHED,0.0,0.0,91.90334117143472,19.87748363775463,1.5696676971976593,nan,83.0
CRUISE,0.0,55.000922814482294,-54.55082002623283,-1.5720983078547615,GOAL_REACHED,0.0,0.0,91.90334117143472,19.87748363775463,1.5696676971976593,nan,83.02000000000001
CRUISE,0.0,55.000922814482294,-54.55082002623283,-1.5720983078547615,GOAL_REACHED,0.0,0.0,91.90334117143472,19.87748363775463,1.5696676971976593,nan,83.04
CRUISE,0.0,55.000922814482294,-54.55082002623283,-1.5720983078547615,GOAL_REACHED,0.0,0.0,91.90334117143472,19.87748363775463,1.5696676971976593,nan,83.06
CRUISE,0.0,55.000922814482294,-54.55082002623283,-1.5720983078547615,GOAL_REACHED,0.0,0.0,91.90334117143472,19.87748363775463,1.5696676971976593,nan,83.081
CRUISE,0.0,55.000922814482294,-54.55082002623283,-1.5720983078547615,GOAL_REACHED,0.0,0.0,91.90334117143472,19.87748363775463,1.5696676971976593,nan,83.10000000000001
CRUISE,0.0,55.000922814482294,-54.55082002623283,-1.5720983078547615,GOAL_REACHED,0.0,0.0,91.90334117143472,19.87748363775463,1.5696676971976593,nan,83.12
CRUISE,0.0,55.000922814482294,-54.55082002623283,-1.5720983078547615,GOAL_REACHED,0.0,0.0,91.90334117143472,19.87748363775463,1.5696676971976593,nan,83.14
CRUISE,0.0,55.000922814482294,-54.55082002623283,-1.5720983078547615,GOAL_REACHED,0.0,0.0,91.90334117143472,19.87748363775463,1.5696676971976593,nan,83.16000000000001
CRUISE,0.0,55.000922814482294,-54.55082002623283,-1.5720983078547615,GOAL_REACHED,0.0,0.0,91.90334117143472,19.87748363775463,1.5696676971976593,nan,83.18
CRUISE,0.0,55.000922814482294,-54.55082002623283,-1.5720983078547615,GOAL_REACHED,0.0,0.0,91.90334117143472,19.87748363775463,1.5696676971976593,nan,83.2
CRUISE,0.0,55.000922814482294,-54.55082002623283,-1.5720983078547615,GOAL_REACHED,0.0,0.0,91.90334117143472,19.87748363775463,1.5696676971976593,nan,83.221
CRUISE,0.0,55.000922814482294,-54.55082002623283,-1.5720983078547615,GOAL_REACHED,0.0,0.0,91.90334117143472,19.87748363775463,1.5696676971976593,nan,83.24000000000001
CRUISE,0.0,55.000922814482294,-54.55082002623283,-1.5720983078547615,GOAL_REACHED,0.0,0.0,91.90334117143472,19.87748363775463,1.5696676971976593,nan,83.26
CRUISE,0.0,55.000922814482294,-54.55082002623283,-1.5720983078547615,GOAL_REACHED,0.0,0.0,91.90334117143472,19.87748363775463,1.5696676971976593,nan,83.28
CRUISE,0.0,55.000922814482294,-54.55082002623283,-1.5720983078547615,GOAL_REACHED,0.0,0.0,91.90334117143472,19.87748363775463,1.5696676971976593,nan,83.30000000000001
CRUISE,0.0,55.000922814482294,-54.55082002623283,-1.5720983078547615,GOAL_REACHED,0.0,0.0,91.90334117143472,19.87748363775463,1.5696676971976593,nan,83.32000000000001
CRUISE,0.0,55.000922814482294,-54.55082002623283,-1.5720983078547615,GOAL_REACHED,0.0,0.0,91.90334117143472,19.87748363775463,1.5696676971976593,nan,83.34
CRUISE,0.0,55.000922814482294,-54.55082002623283,-1.5720983078547615,GOAL_REACHED,0.0,0.0,91.90334117143472,19.87748363775463,1.5696676971976593,nan,83.36
CRUISE,0.0,55.000922814482294,-54.55082002623283,-1.5720983078547615,GOAL_REACHED,0.0,0.0,91.90334117143472,19.87748363775463,1.5696676971976593,nan,83.38000000000001
CRUISE,0.0,55.000922814482294,-54.55082002623283,-1.5720983078547615,GOAL_REACHED,0.0,0.0,91.90334117143472,19.87748363775463,1.5696676971976593,nan,83.4
CRUISE,0.0,55.000922814482294,-54.55082002623283,-1.5720983078547615,GOAL_REACHED,0.0,0.0,91.90334117143472,19.87748363775463,1.5696676971976593,nan,83.421
CRUISE,0.0,55.000922814482294,-54.55082002623283,-1.5720983078547615,GOAL_REACHED,0.0,0.0,91.90334117143472,19.87748363775463,1.5696676971976593,nan,83.441
CRUISE,0.0,55.000922814482294,-54.55082002623283,-1.5720983078547615,GOAL_REACHED,0.0,0.0,91.90334117143472,19.87748363775463,1.5696676971976593,nan,83.46000000000001
CRUISE,0.0,55.000922814482294,-54.55082002623283,-1.5720983078547615,GOAL_REACHED,0.0,0.0,91.90334117143472,19.87748363775463,1.5696676971976593,nan,83.48
CRUISE,0.0,55.000922814482294,-54.55082002623283,-1.5720983078547615,GOAL_REACHED,0.0,0.0,91.90334117143472,19.87748363775463,1.5696676971976593,nan,83.5
CRUISE,0.0,55.000922814482294,-54.55082002623283,-1.5720983078547615,GOAL_REACHED,0.0,0.0,91.90334117143472,19.87748363775463,1.5696676971976593,nan,83.52000000000001
CRUISE,0.0,55.000922814482294,-54.55082002623283,-1.5720983078547615,GOAL_REACHED,0.0,0.0,91.90334117143472,19.87748363775463,1.5696676971976593,nan,83.54
CRUISE,0.0,55.000922814482294,-54.55082002623283,-1.5720983078547615,GOAL_REACHED,0.0,0.0,91.90334117143472,19.87748363775463,1.5696676971976593,nan,83.56
CRUISE,0.0,55.000922814482294,-54.55082002623283,-1.5720983078547615,GOAL_REACHED,0.0,0.0,91.90334117143472,19.87748363775463,1.5696676971976593,nan,83.58
CRUISE,0.0,55.000922814482294,-54.55082002623283,-1.5720983078547615,GOAL_REACHED,0.0,0.0,91.90334117143472,19.87748363775463,1.5696676971976593,nan,83.60000000000001
CRUISE,0.0,55.000922814482294,-54.55082002623283,-1.5720983078547615,GOAL_REACHED,0.0,0.0,91.90334117143472,19.87748363775463,1.5696676971976593,nan,83.62
CRUISE,0.0,55.000922814482294,-54.55082002623283,-1.5720983078547615,GOAL_REACHED,0.0,0.0,91.90334117143472,19.87748363775463,1.5696676971976593,nan,83.641
CRUISE,0.0,55.000922814482294,-54.55082002623283,-1.5720983078547615,GOAL_REACHED,0.0,0.0,91.90334117143472,19.87748363775463,1.5696676971976593,nan,83.66000000000001
CRUISE,0.0,55.000922814482294,-54.55082002623283,-1.5720983078547615,GOAL_REACHED,0.0,0.0,91.90334117143472,19.87748363775463,1.5696676971976593,nan,83.68
CRUISE,0.0,55.000922814482294,-54.55082002623283,-1.5720983078547615,GOAL_REACHED,0.0,0.0,91.90334117143472,19.87748363775463,1.5696676971976593,nan,83.7
CRUISE,0.0,55.000922814482294,-54.55082002623283,-1.5720983078547615,GOAL_REACHED,0.0,0.0,91.90334117143472,19.87748363775463,1.5696676971976593,nan,83.72
CRUISE,0.0,55.000922814482294,-54.55082002623283,-1.5720983078547615,GOAL_REACHED,0.0,0.0,91.90334117143472,19.87748363775463,1.5696676971976593,nan,83.74000000000001
CRUISE,0.0,55.000922814482294,-54.55082002623283,-1.5720983078547615,GOAL_REACHED,0.0,0.0,91.90334117143472,19.87748363775463,1.5696676971976593,nan,83.76
CRUISE,0.0,55.000922814482294,-54.55082002623283,-1.5720983078547615,GOAL_REACHED,0.0,0.0,91.90334117143472,19.87748363775463,1.5696676971976593,nan,83.78
CRUISE,0.0,55.000922814482294,-54.55082002623283,-1.5720983078547615,GOAL_REACHED,0.0,0.0,91.90334117143472,19.87748363775463,1.5696676971976593,nan,83.80000000000001
CRUISE,0.0,55.000922814482294,-54.55082002623283,-1.5720983078547615,GOAL_REACHED,0.0,0.0,91.90334117143472,19.87748363775463,1.5696676971976593,nan,83.82100000000001
CRUISE,0.0,55.000922814482294,-54.55082002623283,-1.5720983078547615,GOAL_REACHED,0.0,0.0,91.90334117143472,19.87748363775463,1.5696676971976593,nan,83.84100000000001
CRUISE,0.0,55.000922814482294,-54.55082002623283,-1.5720983078547615,GOAL_REACHED,0.0,0.0,91.90334117143472,19.87748363775463,1.5696676971976593,nan,83.86
CRUISE,0.0,55.000922814482294,-54.55082002623283,-1.5720983078547615,GOAL_REACHED,0.0,0.0,91.90334117143472,19.87748363775463,1.5696676971976593,nan,83.88000000000001
CRUISE,0.0,55.000922814482294,-54.55082002623283,-1.5720983078547615,GOAL_REACHED,0.0,0.0,91.90334117143472,19.87748363775463,1.5696676971976593,nan,83.9
CRUISE,0.0,55.000922814482294,-54.55082002623283,-1.5720983078547615,GOAL_REACHED,0.0,0.0,91.90334117143472,19.87748363775463,1.5696676971976593,nan,83.92
CRUISE,0.0,55.000922814482294,-54.55082002623283,-1.5720983078547615,GOAL_REACHED,0.0,0.0,91.90334117143472,19.87748363775463,1.5696676971976593,nan,83.94000000000001
CRUISE,0.0,55.000922814482294,-54.55082002623283,-1.5720983078547615,GOAL_REACHED,0.0,0.0,91.90334117143472,19.87748363775463,1.5696676971976593,nan,83.96000000000001
CRUISE,0.0,55.000922814482294,-54.55082002623283,-1.5720983078547615,GOAL_REACHED,0.0,0.0,91.90334117143472,19.87748363775463,1.5696676971976593,nan,83.98
CRUISE,0.0,55.000922814482294,-54.55082002623283,-1.5720983078547615,GOAL_REACHED,0.0,0.0,91.90334117143472,19.87748363775463,1.5696676971976593,nan,84.001
CRUISE,0.0,55.000922814482294,-54.55082002623283,-1.5720983078547615,GOAL_REACHED,0.0,0.0,91.90334117143472,19.87748363775463,1.5696676971976593,nan,84.02000000000001
CRUISE,0.0,55.000922814482294,-54.55082002623283,-1.5720983078547615,GOAL_REACHED,0.0,0.0,91.90334117143472,19.87748363775463,1.5696676971976593,nan,84.04
CRUISE,0.0,55.000922814482294,-54.55082002623283,-1.5720983078547615,GOAL_REACHED,0.0,0.0,91.90334117143472,19.87748363775463,1.5696676971976593,nan,84.06
CRUISE,0.0,55.000922814482294,-54.55082002623283,-1.5720983078547615,GOAL_REACHED,0.0,0.0,91.90334117143472,19.87748363775463,1.5696676971976593,nan,84.08
CRUISE,0.0,55.000922814482294,-54.55082002623283,-1.5720983078547615,GOAL_REACHED,0.0,0.0,91.90334117143472,19.87748363775463,1.5696676971976593,nan,84.10000000000001
CRUISE,0.0,55.000922814482294,-54.55082002623283,-1.5720983078547615,GOAL_REACHED,0.0,0.0,91.90334117143472,19.87748363775463,1.5696676971976593,nan,84.12100000000001
CRUISE,0.0,55.000922814482294,-54.55082002623283,-1.5720983078547615,GOAL_REACHED,0.0,0.0,91.90334117143472,19.87748363775463,1.5696676971976593,nan,84.14
CRUISE,0.0,55.000922814482294,-54.55082002623283,-1.5720983078547615,GOAL_REACHED,0.0,0.0,91.90334117143472,19.87748363775463,1.5696676971976593,nan,84.16000000000001
CRUISE,0.0,55.000922814482294,-54.55082002623283,-1.5720983078547615,GOAL_REACHED,0.0,0.0,91.90334117143472,19.87748363775463,1.5696676971976593,nan,84.18
CRUISE,0.0,55.000922814482294,-54.55082002623283,-1.5720983078547615,GOAL_REACHED,0.0,0.0,91.90334117143472,19.87748363775463,1.5696676971976593,nan,84.2
CRUISE,0.0,55.000922814482294,-54.55082002623283,-1.5720983078547615,GOAL_REACHED,0.0,0.0,91.90334117143472,19.87748363775463,1.5696676971976593,nan,84.22
CRUISE,0.0,55.000922814482294,-54.55082002623283,-1.5720983078547615,GOAL_REACHED,0.0,0.0,91.90334117143472,19.87748363775463,1.5696676971976593,nan,84.24000000000001
CRUISE,0.0,55.000922814482294,-54.55082002623283,-1.5720983078547615,GOAL_REACHED,0.0,0.0,91.90334117143472,19.87748363775463,1.5696676971976593,nan,84.26
CRUISE,0.0,55.000922814482294,-54.55082002623283,-1.5720983078547615,GOAL_REACHED,0.0,0.0,91.90334117143472,19.87748363775463,1.5696676971976593,nan,84.28
CRUISE,0.0,55.000922814482294,-54.55082002623283,-1.5720983078547615,GOAL_REACHED,0.0,0.0,91.90334117143472,19.87748363775463,1.5696676971976593,nan,84.30000000000001
CRUISE,0.0,55.000922814482294,-54.55082002623283,-1.5720983078547615,GOAL_REACHED,0.0,0.0,91.90334117143472,19.87748363775463,1.5696676971976593,nan,84.32000000000001
CRUISE,0.0,55.000922814482294,-54.55082002623283,-1.5720983078547615,GOAL_REACHED,0.0,0.0,91.90334117143472,19.87748363775463,1.5696676971976593,nan,84.34
CRUISE,0.0,55.000922814482294,-54.55082002623283,-1.5720983078547615,GOAL_REACHED,0.0,0.0,91.90334117143472,19.87748363775463,1.5696676971976593,nan,84.36
CRUISE,0.0,55.000922814482294,-54.55082002623283,-1.5720983078547615,GOAL_REACHED,0.0,0.0,91.90334117143472,19.87748363775463,1.5696676971976593,nan,84.38000000000001
CRUISE,0.0,55.000922814482294,-54.55082002623283,-1.5720983078547615,GOAL_REACHED,0.0,0.0,91.90334117143472,19.87748363775463,1.5696676971976593,nan,84.4
CRUISE,0.0,55.000922814482294,-54.55082002623283,-1.5720983078547615,GOAL_REACHED,0.0,0.0,91.90334117143472,19.87748363775463,1.5696676971976593,nan,84.421
CRUISE,0.0,55.000922814482294,-54.55082002623283,-1.5720983078547615,GOAL_REACHED,0.0,0.0,91.90334117143472,19.87748363775463,1.5696676971976593,nan,84.44000000000001
CRUISE,0.0,55.000922814482294,-54.55082002623283,-1.5720983078547615,GOAL_REACHED,0.0,0.0,91.90334117143472,19.87748363775463,1.5696676971976593,nan,84.46000000000001
CRUISE,0.0,55.000922814482294,-54.55082002623283,-1.5720983078547615,GOAL_REACHED,0.0,0.0,91.90334117143472,19.87748363775463,1.5696676971976593,nan,84.48
CRUISE,0.0,55.000922814482294,-54.55082002623283,-1.5720983078547615,GOAL_REACHED,0.0,0.0,91.90334117143472,19.87748363775463,1.5696676971976593,nan,84.5
CRUISE,0.0,55.000922814482294,-54.55082002623283,-1.5720983078547615,GOAL_REACHED,0.0,0.0,91.90334117143472,19.87748363775463,1.5696676971976593,nan,84.521
CRUISE,0.0,55.000922814482294,-54.55082002623283,-1.5720983078547615,GOAL_REACHED,0.0,0.0,91.90334117143472,19.87748363775463,1.5696676971976593,nan,84.54
CRUISE,0.0,55.000922814482294,-54.55082002623283,-1.5720983078547615,GOAL_REACHED,0.0,0.0,91.90334117143472,19.87748363775463,1.5696676971976593,nan,84.56
CRUISE,0.0,55.000922814482294,-54.55082002623283,-1.5720983078547615,GOAL_REACHED,0.0,0.0,91.90334117143472,19.87748363775463,1.5696676971976593,nan,84.58
CRUISE,0.0,55.000922814482294,-54.55082002623283,-1.5720983078547615,GOAL_REACHED,0.0,0.0,91.90334117143472,19.87748363775463,1.5696676971976593,nan,84.60000000000001
CRUISE,0.0,55.000922814482294,-54.55082002623283,-1.5720983078547615,GOAL_REACHED,0.0,0.0,91.90334117143472,19.87748363775463,1.5696676971976593,nan,84.62
CRUISE,0.0,55.000922814482294,-54.55082002623283,-1.5720983078547615,GOAL_REACHED,0.0,0.0,91.90334117143472,19.87748363775463,1.5696676971976593,nan,84.64
CRUISE,0.0,55.000922814482294,-54.55082002623283,-1.5720983078547615,GOAL_REACHED,0.0,0.0,91.90334117143472,19.87748363775463,1.5696676971976593,nan,84.66000000000001
CRUISE,0.0,55.000922814482294,-54.55082002623283,-1.5720983078547615,GOAL_REACHED,0.0,0.0,91.90334117143472,19.87748363775463,1.5696676971976593,nan,84.68
