behavior,crossing_pedestrian_v,crossing_pedestrian_x,crossing_pedestrian_y,crossing_pedestrian_yaw,ctrl_state,ctrl_v,ego_v,ego_x,ego_y,ego_yaw,perc_near_x,t
,0.0,55.0,-46.0,-1.5707963267948963,NO_PATH,4.8039615e-19,0.0,29.99999999999999,-51.75,-2.987141537818687e-23,nan,10.472000000000001
,0.0,55.0,-46.0,-1.5707963267948963,NO_PATH,4.8039615e-19,0.0,29.99999999999999,-51.75,-2.987141537818687e-23,nan,10.472000000000001
,0.0,55.0,-46.0,-1.5707963267948963,NO_PATH,4.8039615e-19,0.0,29.99999999999999,-51.75,-2.987141537818687e-23,nan,10.472000000000001
,0.0,55.0,-46.0,-1.5707963267948963,NO_PATH,4.8039615e-19,0.0,29.99999999999999,-51.75,-2.987141537818687e-23,nan,10.472000000000001
,0.0,55.0,-46.0,-1.5707963267948963,NO_PATH,4.8039615e-19,0.0,29.99999999999999,-51.75,-2.987141537818687e-23,nan,10.472000000000001
,0.0,55.0,-46.0,-1.5707963267948963,NO_PATH,4.8039615e-19,0.0,29.99999999999999,-51.75,-2.987141537818687e-23,nan,10.473
,0.0,55.0,-46.0,-1.5707963267948963,NO_PATH,4.8039615e-19,0.0,29.99999999999999,-51.75,-2.987141537818687e-23,nan,10.473
,0.0,55.0,-46.0,-1.5707963267948963,NO_PATH,4.8039615e-19,0.0,29.99999999999999,-51.75,-2.987141537818687e-23,nan,10.473
,0.0,55.0,-46.0,-1.5707963267948963,NO_PATH,4.8039615e-19,0.0,29.99999999999999,-51.75,-2.987141537818687e-23,nan,10.473
,0.0,55.0,-46.0,-1.5707963267948963,NO_PATH,4.8039615e-19,0.0,29.99999999999999,-51.75,-2.987141537818687e-23,nan,10.473
,0.0,55.0,-46.0,-1.5707963267948963,NO_PATH,4.8039615e-19,0.0,29.99999999999999,-51.75,-2.987141537818687e-23,nan,10.48
,0.0,55.0,-46.0,-1.5707963267948963,NO_PATH,4.8039615e-19,0.0,29.99999999999999,-51.75,-2.987141537818687e-23,nan,10.5
,0.0,55.0,-46.0,-1.5707963267948963,NO_PATH,1.95286658e-19,0.0,29.99999999999999,-51.75,-2.987141537818687e-23,nan,10.520000000000001
,0.0,55.0,-46.0,-1.5707963267948963,NO_PATH,5.68700018e-19,0.0,29.99999999999999,-51.75,-2.987141537818687e-23,nan,10.540000000000001
,0.0,55.0,-46.0,-1.5707963267948963,NO_PATH,9.44424344e-19,0.0,29.99999999999999,-51.75,-2.987141537818687e-23,nan,10.561
,0.0,55.0,-46.0,-1.5707963267948963,NO_PATH,2.09129408e-19,0.0,29.99999999999999,-51.75,-2.987141537818687e-23,nan,10.58
,0.0,55.0,-46.0,-1.5707963267948963,NO_PATH,2.09129408e-19,0.0,29.99999999999999,-51.75,-2.987141537818687e-23,nan,10.600000000000001
,0.0,55.0,-46.0,-1.5707963267948963,NO_PATH,6.2894019e-19,0.0,29.99999999999999,-51.75,-2.987141537818687e-23,nan,10.620000000000001
,0.0,55.0,-46.0,-1.5707963267948963,NO_PATH,4.2317562e-19,0.0,29.99999999999999,-51.75,-2.987141537818687e-23,nan,10.64
,0.0,55.0,-46.0,-1.5707963267948963,NO_PATH,1.65188909e-19,0.0,29.99999999999999,-51.75,-2.987141537818687e-23,nan,10.66
,0.0,55.0,-46.0,-1.5707963267948963,NO_PATH,1.65188909e-19,0.0,29.99999999999999,-51.75,-2.987141537818687e-23,nan,10.680000000000001
,0.0,55.0,-46.0,-1.5707963267948963,NO_PATH,1.40861769e-18,0.0,29.99999999999999,-51.75,-2.987141537818687e-23,nan,10.700000000000001
,0.0,55.0,-46.0,-1.5707963267948963,NO_PATH,1.40861769e-18,0.0,29.99999999999999,-51.75,-2.987141537818687e-23,nan,10.72
,0.0,55.0,-46.0,-1.5707963267948963,NO_PATH,4.44548907e-19,0.0,29.99999999999999,-51.75,-2.987141537818687e-23,nan,10.74
,0.0,55.0,-46.0,-1.5707963267948963,NO_PATH,1.06717796e-18,0.0,29.99999999999999,-51.75,-2.987141537818687e-23,nan,10.76
,0.0,55.0,-46.0,-1.5707963267948963,NO_PATH,1.06717796e-18,0.0,29.99999999999999,-51.75,-2.987141537818687e-23,nan,10.780000000000001
,0.0,55.0,-46.0,-1.5707963267948963,NO_PATH,7.10610675e-19,0.0,29.99999999999999,-51.75,-2.987141537818687e-23,nan,10.8
,0.0,55.0,-46.0,-1.5707963267948963,NO_PATH,5.23262274e-19,0.0,29.99999999999999,-51.75,-2.987141537818687e-23,nan,10.82
,0.0,55.0,-46.0,-1.5707963267948963,NO_PATH,1.32506299e-19,0.0,29.99999999999999,-51.75,-2.987141537818687e-23,nan,10.84
,0.0,55.0,-46.0,-1.5707963267948963,NO_PATH,3.87285003e-19,0.0,29.99999999999999,-51.75,-2.987141537818687e-23,nan,10.860000000000001
,0.0,55.0,-46.0,-1.5707963267948963,NO_PATH,3.87285003e-19,0.0,29.99999999999999,-51.75,-2.987141537818687e-23,nan,10.88
,0.0,55.0,-46.0,-1.5707963267948963,NO_PATH,7.6729439e-19,0.0,29.99999999999999,-51.75,-2.987141537818687e-23,nan,10.9
,0.0,55.0,-46.0,-1.5707963267948963,NO_PATH,9.94575091e-19,0.0,29.99999999999999,-51.75,-2.987141537818687e-23,nan,10.92
,0.0,55.0,-46.0,-1.5707963267948963,NO_PATH,4.97271384e-19,0.0,29.99999999999999,-51.75,-2.987141537818687e-23,nan,10.940000000000001
,0.0,55.0,-46.0,-1.5707963267948963,NO_PATH,4.97271384e-19,0.0,29.99999999999999,-51.75,-2.987141537818687e-23,nan,10.96
,0.0,55.0,-46.0,-1.5707963267948963,NO_PATH,-1.22202252e-19,0.0,29.99999999999999,-51.75,-2.987141537818687e-23,nan,10.98
,0.0,55.0,-46.0,-1.5707963267948963,NO_PATH,3.1006545e-19,0.0,29.99999999999999,-51.75,-2.987141537818687e-23,nan,11.0
,0.0,55.0,-46.0,-1.5707963267948963,NO_PATH,2.14152599e-19,0.0,29.99999999999999,-51.75,-2.987141537818687e-23,nan,11.020000000000001
,0.0,55.0,-46.0,-1.5707963267948963,NO_PATH,5.33895936e-19,0.0,29.99999999999999,-51.75,-2.987141537818687e-23,nan,11.040000000000001
,0.0,55.0,-46.0,-1.5707963267948963,NO_PATH,5.33895936e-19,0.0,29.99999999999999,-51.75,-2.987141537818687e-23,nan,11.06
,0.0,55.0,-46.0,-1.5707963267948963,NO_PATH,6.06547967e-19,0.0,29.99999999999999,-51.75,-2.987141537818687e-23,nan,11.081000000000001
,0.0,55.0,-46.0,-1.5707963267948963,NO_PATH,6.06547967e-19,0.0,29.99999999999999,-51.75,-2.987141537818687e-23,nan,11.100000000000001
,0.0,55.0,-46.0,-1.5707963267948963,NO_PATH,9.10648322e-19,0.0,29.99999999999999,-51.75,-2.987141537818687e-23,nan,11.120000000000001
,0.0,55.0,-46.0,-1.5707963267948963,NO_PATH,8.22348885e-19,0.0,29.99999999999999,-51.75,-2.987141537818687e-23,nan,11.14
,0.0,55.0,-46.0,-1.5707963267948963,NO_PATH,9.16136637e-19,0.0,29.99999999999999,-51.75,-2.987141537818687e-23,nan,11.16
,0.0,55.0,-46.0,-1.5707963267948963,NO_PATH,6.70783512e-19,0.0,29.99999999999999,-51.75,-2.987141537818687e-23,nan,11.180000000000001
,0.0,55.0,-46.0,-1.5707963267948963,NO_PATH,1.73085752e-18,0.0,29.99999999999999,-51.75,-2.987141537818687e-23,nan,11.200000000000001
,0.0,55.0,-46.0,-1.5707963267948963,NO_PATH,7.30987788e-19,0.0,29.99999999999999,-51.75,-2.987141537818687e-23,nan,11.22
,0.0,55.0,-46.0,-1.5707963267948963,NO_PATH,7.30987788e-19,0.0,29.99999999999999,-51.75,-2.987141537818687e-23,nan,11.24
,0.0,55.0,-46.0,-1.5707963267948963,NO_PATH,6.12623021e-19,0.0,29.99999999999999,-51.75,-2.987141537818687e-23,nan,11.260000000000002
,0.0,55.0,-46.0,-1.5707963267948963,NO_PATH,9.1897514e-19,0.0,29.99999999999999,-51.75,-2.987141537818687e-23,nan,11.280000000000001
,0.0,55.0,-46.0,-1.5707963267948963,NO_PATH,9.1897514e-19,0.0,29.99999999999999,-51.75,-2.987141537818687e-23,nan,11.3
,0.0,55.0,-46.0,-1.5707963267948963,NO_PATH,7.75743407e-19,0.0,29.99999999999999,-51.75,-2.987141537818687e-23,nan,11.321000000000002
,0.0,55.0,-46.0,-1.5707963267948963,NO_PATH,5.50984129e-19,0.0,29.99999999999999,-51.75,-2.987141537818687e-23,nan,11.34
,0.0,55.0,-46.0,-1.5707963267948963,NO_PATH,7.64634608e-19,0.0,29.99999999999999,-51.75,-2.987141537818687e-23,nan,11.360000000000001
,0.0,55.0,-46.0,-1.5707963267948963,NO_PATH,4.49597917e-19,0.0,29.99999999999999,-51.75,-2.987141537818687e-23,nan,11.38
,0.0,55.0,-46.0,-1.5707963267948963,NO_PATH,4.49597917e-19,0.0,29.99999999999999,-51.75,-2.987141537818687e-23,nan,11.4
,0.0,55.0,-46.0,-1.5707963267948963,NO_PATH,4.65376332e-19,0.0,29.99999999999999,-51.75,-2.987141537818687e-23,nan,11.42
,0.0,55.0,-46.0,-1.5707963267948963,NO_PATH,4.65376332e-19,0.0,29.99999999999999,-51.75,-2.987141537818687e-23,nan,11.440000000000001
,0.0,55.0,-46.0,-1.5707963267948963,NO_PATH,9.22879681e-19,0.0,29.99999999999999,-51.75,-2.987141537818687e-23,nan,11.46
,0.0,55.0,-46.0,-1.5707963267948963,NO_PATH,2.45283303e-19,0.0,29.99999999999999,-51.75,-2.987141537818687e-23,nan,11.48
,0.0,55.0,-46.0,-1.5707963267948963,NO_PATH,5.13448907e-19,0.0,29.99999999999999,-51.75,-2.987141537818687e-23,nan,11.5
,0.0,55.0,-46.0,-1.5707963267948963,NO_PATH,2.90849549e-19,0.0,29.99999999999999,-51.75,-2.987141537818687e-23,nan,11.520000000000001
,0.0,55.0,-46.0,-1.5707963267948963,NO_PATH,7.76189771e-19,0.0,29.99999999999999,-51.75,-2.987141537818687e-23,nan,11.540000000000001
,0.0,55.0,-46.0,-1.5707963267948963,NO_PATH,7.76189771e-19,0.0,29.99999999999999,-51.75,-2.987141537818687e-23,nan,11.56
,0.0,55.0,-46.0,-1.5707963267948963,NO_PATH,1.03934996e-18,0.0,29.99999999999999,-51.75,-2.987141537818687e-23,nan,11.58
,0.0,55.0,-46.0,-1.5707963267948963,NO_PATH,1.03934996e-18,0.0,29.99999999999999,-51.75,-2.987141537818687e-23,nan,11.600000000000001
,0.0,55.0,-46.0,-1.5707963267948963,NO_PATH,-6.44324139e-20,0.0,29.99999999999999,-51.75,-2.987141537818687e-23,nan,11.620000000000001
,0.0,55.0,-46.0,-1.5707963267948963,NO_PATH,7.25490135e-19,0.0,29.99999999999999,-51.75,-2.987141537818687e-23,nan,11.64
,0.0,55.0,-46.0,-1.5707963267948963,NO_PATH,7.25490135e-19,0.0,29.99999999999999,-51.75,-2.987141537818687e-23,nan,11.66
,0.0,55.0,-46.0,-1.5707963267948963,NO_PATH,1.80300886e-19,0.0,29.99999999999999,-51.75,-2.987141537818687e-23,nan,11.680000000000001
,0.0,55.0,-46.0,-1.5707963267948963,NO_PATH,1.2607027e-18,0.0,29.99999999999999,-51.75,-2.987141537818687e-23,nan,11.700000000000001
,0.0,55.0,-46.0,-1.5707963267948963,NO_PATH,1.2607027e-18,0.0,29.99999999999999,-51.75,-2.987141537818687e-23,nan,11.72
,0.0,55.0,-46.0,-1.5707963267948963,NO_PATH,1.01205748e-18,0.0,29.99999999999999,-51.75,-2.987141537818687e-23,nan,11.74
,0.0,55.0,-46.0,-1.5707963267948963,NO_PATH,1.01205748e-18,0.0,29.99999999999999,-51.75,-2.987141537818687e-23,nan,11.760000000000002
,0.0,55.0,-46.0,-1.5707963267948963,NO_PATH,3.96466705e-19,0.0,29.99999999999999,-51.75,-2.987141537818687e-23,nan,11.780000000000001
,0.0,55.0,-46.0,-1.5707963267948963,NO_PATH,3.96466705e-19,0.0,29.99999999999999,-51.75,-2.987141537818687e-23,nan,11.8
,0.0,55.0,-46.0,-1.5707963267948963,NO_PATH,6.44528755e-19,0.0,29.99999999999999,-51.75,-2.987141537818687e-23,nan,11.82
,0.0,55.0,-46.0,-1.5707963267948963,NO_PATH,1.11186714e-18,0.0,29.99999999999999,-51.75,-2.987141537818687e-23,nan,11.84
,0.0,55.0,-46.0,-1.5707963267948963,NO_PATH,1.11186714e-18,0.0,29.99999999999999,-51.75,-2.987141537818687e-23,nan,11.861
,0.0,55.0,-46.0,-1.5707963267948963,NO_PATH,4.48181224e-19,0.0,29.99999999999999,-51.75,-2.987141537818687e-23,nan,11.88
,0.0,55.0,-46.0,-1.5707963267948963,NO_PATH,7.77732004e-19,0.0,29.99999999999999,-51.75,-2.987141537818687e-23,nan,11.9
,0.0,55.0,-46.0,-1.5707963267948963,NO_PATH,8.89503079e-19,0.0,29.99999999999999,-51.75,-2.987141537818687e-23,nan,11.92
,0.0,55.0,-46.0,-1.5707963267948963,NO_PATH,8.89503079e-19,0.0,29.99999999999999,-51.75,-2.987141537818687e-23,nan,11.940000000000001
,0.0,55.0,-46.0,-1.5707963267948963,NO_PATH,9.3295764e-19,0.0,29.99999999999999,-51.75,-2.987141537818687e-23,nan,11.96
,0.0,55.0,-46.0,-1.5707963267948963,NO_PATH,1.13968648e-18,0.0,29.99999999999999,-51.75,-2.987141537818687e-23,nan,11.98
,0.0,55.0,-46.0,-1.5707963267948963,NO_PATH,1.69124373e-19,0.0,29.99999999999999,-51.75,-2.987141537818687e-23,nan,12.0
,0.0,55.0,-46.0,-1.5707963267948963,NO_PATH,7.68654009e-19,0.0,29.99999999999999,-51.75,-2.987141537818687e-23,nan,12.020000000000001
,0.0,55.0,-46.0,-1.5707963267948963,NO_PATH,3.32601207e-19,0.0,29.99999999999999,-51.75,-2.987141537818687e-23,nan,12.040000000000001
,0.0,55.0,-46.0,-1.5707963267948963,NO_PATH,3.32601207e-19,0.0,29.99999999999999,-51.75,-2.987141537818687e-23,nan,12.06
,0.0,55.0,-46.0,-1.5707963267948963,NO_PATH,3.4651676e-19,0.0,29.99999999999999,-51.75,-2.987141537818687e-23,nan,12.08
,0.0,55.0,-46.0,-1.5707963267948963,NO_PATH,9.8289157e-19,0.0,29.99999999999999,-51.75,-2.987141537818687e-23,nan,12.100000000000001
,0.0,55.0,-46.0,-1.5707963267948963,NO_PATH,5.03350945e-19,0.0,29.99999999999999,-51.75,-2.987141537818687e-23,nan,12.120000000000001
,0.0,55.0,-46.0,-1.5707963267948963,NO_PATH,4.14295856e-19,0.0,29.99999999999999,-51.75,-2.987141537818687e-23,nan,12.14
,0.0,55.0,-46.0,-1.5707963267948963,NO_PATH,1.12867237e-19,0.0,29.99999999999999,-51.75,-2.987141537818687e-23,nan,12.16
,0.0,55.0,-46.0,-1.5707963267948963,NO_PATH,1.49383268e-18,0.0,29.99999999999999,-51.75,-2.987141537818687e-23,nan,12.180000000000001
,0.0,55.0,-46.0,-1.5707963267948963,NO_PATH,5.25410198e-19,0.0,29.99999999999999,-51.75,-2.987141537818687e-23,nan,12.201
,0.0,55.0,-46.0,-1.5707963267948963,NO_PATH,2.61638376e-19,0.0,29.99999999999999,-51.75,-2.987141537818687e-23,nan,12.22
,0.0,55.0,-46.0,-1.5707963267948963,NO_PATH,2.53137229e-19,0.0,29.99999999999999,-51.75,-2.987141537818687e-23,nan,12.24
,0.0,55.0,-46.0,-1.5707963267948963,NO_PATH,2.53137229e-19,0.0,29.99999999999999,-51.75,-2.987141537818687e-23,nan,12.260000000000002
,0.0,55.0,-46.0,-1.5707963267948963,NO_PATH,2.97890579e-19,0.0,29.99999999999999,-51.75,-2.987141537818687e-23,nan,12.280000000000001
,0.0,55.0,-46.0,-1.5707963267948963,NO_PATH,2.97890579e-19,0.0,29.99999999999999,-51.75,-2.987141537818687e-23,nan,12.3
,0.0,55.0,-46.0,-1.5707963267948963,NO_PATH,1.14852412e-19,0.0,29.99999999999999,-51.75,-2.987141537818687e-23,nan,12.32
,0.0,55.0,-46.0,-1.5707963267948963,NO_PATH,5.82206447e-19,0.0,29.99999999999999,-51.75,-2.987141537818687e-23,nan,12.340000000000002
,0.0,55.0,-46.0,-1.5707963267948963,NO_PATH,5.82206447e-19,0.0,29.99999999999999,-51.75,-2.987141537818687e-23,nan,12.360000000000001
,0.0,55.0,-46.0,-1.5707963267948963,NO_PATH,4.36598066e-20,0.0,29.99999999999999,-51.75,-2.987141537818687e-23,nan,12.38
,0.0,55.0,-46.0,-1.5707963267948963,NO_PATH,3.43115616e-19,0.0,29.99999999999999,-51.75,-2.987141537818687e-23,nan,12.4
,0.0,55.0,-46.0,-1.5707963267948963,NO_PATH,3.43115616e-19,0.0,29.99999999999999,-51.75,-2.987141537818687e-23,nan,12.42
,0.0,55.0,-46.0,-1.5707963267948963,NO_PATH,-3.57597708e-19,0.0,29.99999999999999,-51.75,-2.987141537818687e-23,nan,12.440000000000001
,0.0,55.0,-46.0,-1.5707963267948963,NO_PATH,-3.57597708e-19,0.0,29.99999999999999,-51.75,-2.987141537818687e-23,nan,12.46
,0.0,55.0,-46.0,-1.5707963267948963,NO_PATH,1.74924174e-19,0.0,29.99999999999999,-51.75,-2.987141537818687e-23,nan,12.48
,0.0,55.0,-46.0,-1.5707963267948963,NO_PATH,2.43249425e-19,0.0,29.99999999999999,-51.75,-2.987141537818687e-23,nan,12.5
,0.0,55.0,-46.0,-1.5707963267948963,NO_PATH,1.09330096e-18,0.0,29.99999999999999,-51.75,-2.987141537818687e-23,nan,12.520000000000001
,0.0,55.0,-46.0,-1.5707963267948963,NO_PATH,2.96542466e-19,0.0,29.99999999999999,-51.75,-2.987141537818687e-23,nan,12.540000000000001
,0.0,55.0,-46.0,-1.5707963267948963,NO_PATH,1.90744054e-19,0.0,29.99999999999999,-51.75,-2.987141537818687e-23,nan,12.56
,0.0,55.0,-46.0,-1.5707963267948963,NO_PATH,8.34674667e-19,0.0,29.99999999999999,-51.75,-2.987141537818687e-23,nan,12.58
,0.0,55.0,-46.0,-1.5707963267948963,NO_PATH,1.02261451e-18,0.0,29.99999999999999,-51.75,-2.987141537818687e-23,nan,12.600000000000001
,0.0,55.0,-46.0,-1.5707963267948963,NO_PATH,2.2157795e-19,0.0,29.99999999999999,-51.75,-2.987141537818687e-23,nan,12.620000000000001
,0.0,55.0,-46.0,-1.5707963267948963,NO_PATH,1.39824179e-20,0.0,29.99999999999999,-51.75,-2.987141537818687e-23,nan,12.64
,0.0,55.0,-46.0,-1.5707963267948963,NO_PATH,1.39824179e-20,0.0,29.99999999999999,-51.75,-2.987141537818687e-23,nan,12.66
,0.0,55.0,-46.0,-1.5707963267948963,NO_PATH,4.5807986e-19,0.0,29.99999999999999,-51.75,-2.987141537818687e-23,nan,12.680000000000001
,0.0,55.0,-46.0,-1.5707963267948963,NO_PATH,4.5807986e-19,0.0,29.99999999999999,-51.75,-2.987141537818687e-23,nan,12.700000000000001
,0.0,55.0,-46.0,-1.5707963267948963,NO_PATH,5.16583662e-19,0.0,29.99999999999999,-51.75,-2.987141537818687e-23,nan,12.72
,0.0,55.0,-46.0,-1.5707963267948963,NO_PATH,5.16583662e-19,0.0,29.99999999999999,-51.75,-2.987141537818687e-23,nan,12.74
,0.0,55.0,-46.0,-1.5707963267948963,NO_PATH,3.63126701e-19,0.0,29.99999999999999,-51.75,-2.987141537818687e-23,nan,12.760000000000002
,0.0,55.0,-46.0,-1.5707963267948963,NO_PATH,-7.52569901e-19,0.0,29.99999999999999,-51.75,-2.987141537818687e-23,nan,12.780000000000001
,0.0,55.0,-46.0,-1.5707963267948963,NO_PATH,2.73611898e-19,0.0,29.99999999999999,-51.75,-2.987141537818687e-23,nan,12.8
,0.0,55.0,-46.0,-1.5707963267948963,NO_PATH,5.98602494e-19,0.0,29.99999999999999,-51.75,-2.987141537818687e-23,nan,12.82
,0.0,55.0,-46.0,-1.5707963267948963,NO_PATH,3.03662579e-19,0.0,29.99999999999999,-51.75,-2.987141537818687e-23,nan,12.840000000000002
,0.0,55.0,-46.0,-1.5707963267948963,NO_PATH,3.03662579e-19,0.0,29.99999999999999,-51.75,-2.987141537818687e-23,nan,12.860000000000001
,0.0,55.0,-46.0,-1.5707963267948963,NO_PATH,6.67587209e-19,0.0,29.99999999999999,-51.75,-2.987141537818687e-23,nan,12.881
,0.0,55.0,-46.0,-1.5707963267948963,NO_PATH,6.67587209e-19,0.0,29.99999999999999,-51.75,-2.987141537818687e-23,nan,12.9
,0.0,55.0,-46.0,-1.5707963267948963,NO_PATH,-3.58306717e-19,0.0,29.99999999999999,-51.75,-2.987141537818687e-23,nan,12.92
,0.0,55.0,-46.0,-1.5707963267948963,NO_PATH,1.47949087e-18,0.0,29.99999999999999,-51.75,-2.987141537818687e-23,nan,12.941
,0.0,55.0,-46.0,-1.5707963267948963,NO_PATH,5.25597842e-19,0.0,29.99999999999999,-51.75,-2.987141537818687e-23,nan,12.961
,0.0,55.0,-46.0,-1.5707963267948963,NO_PATH,5.25597842e-19,0.0,29.99999999999999,-51.75,-2.987141537818687e-23,nan,12.98
,0.0,55.0,-46.0,-1.5707963267948963,NO_PATH,8.85941045e-19,0.0,29.99999999999999,-51.75,-2.987141537818687e-23,nan,13.0
,0.0,55.0,-46.0,-1.5707963267948963,NO_PATH,5.24617575e-19,0.0,29.99999999999999,-51.75,-2.987141537818687e-23,nan,13.020000000000001
,0.0,55.0,-46.0,-1.5707963267948963,NO_PATH,6.00380475e-19,0.0,29.99999999999999,-51.75,-2.987141537818687e-23,nan,13.040000000000001
,0.0,55.0,-46.0,-1.5707963267948963,NO_PATH,-1.95347118e-19,0.0,29.99999999999999,-51.75,-2.987141537818687e-23,nan,13.06
,0.0,55.0,-46.0,-1.5707963267948963,NO_PATH,4.90911204e-19,0.0,29.99999999999999,-51.75,-2.987141537818687e-23,nan,13.08
,0.0,55.0,-46.0,-1.5707963267948963,NO_PATH,4.90911204e-19,0.0,29.99999999999999,-51.75,-2.987141537818687e-23,nan,13.101
,0.0,55.0,-46.0,-1.5707963267948963,NO_PATH,4.60663394e-19,0.0,29.99999999999999,-51.75,-2.987141537818687e-23,nan,13.120000000000001
,0.0,55.0,-46.0,-1.5707963267948963,NO_PATH,1.71099333e-19,0.0,29.99999999999999,-51.75,-2.987141537818687e-23,nan,13.14
,0.0,55.0,-46.0,-1.5707963267948963,NO_PATH,9.58482337e-19,0.0,29.99999999999999,-51.75,-2.987141537818687e-23,nan,13.16
,0.0,55.0,-46.0,-1.5707963267948963,NO_PATH,4.97282103e-19,0.0,29.99999999999999,-51.75,-2.987141537818687e-23,nan,13.180000000000001
,0.0,55.0,-46.0,-1.5707963267948963,NO_PATH,2.6748935e-19,0.0,29.99999999999999,-51.75,-2.987141537818687e-23,nan,13.200000000000001
,0.0,55.0,-46.0,-1.5707963267948963,NO_PATH,2.6748935e-19,0.0,29.99999999999999,-51.75,-2.987141537818687e-23,nan,13.22
,0.0,55.0,-46.0,-1.5707963267948963,NO_PATH,3.70013942e-19,0.0,29.99999999999999,-51.75,-2.987141537818687e-23,nan,13.24
,0.0,55.0,-46.0,-1.5707963267948963,NO_PATH,-2.75812443e-19,0.0,29.99999999999999,-51.75,-2.987141537818687e-23,nan,13.260000000000002
,0.0,55.0,-46.0,-1.5707963267948963,NO_PATH,9.43183748e-19,0.0,29.99999999999999,-51.75,-2.987141537818687e-23,nan,13.280000000000001
,0.0,55.0,-46.0,-1.5707963267948963,NO_PATH,9.43183748e-19,0.0,29.99999999999999,-51.75,-2.987141537818687e-23,nan,13.3
,0.0,55.0,-46.0,-1.5707963267948963,NO_PATH,5.21427146e-19,0.0,29.99999999999999,-51.75,-2.987141537818687e-23,nan,13.32
,0.0,55.0,-46.0,-1.5707963267948963,NO_PATH,5.06652422e-19,0.0,29.99999999999999,-51.75,-2.987141537818687e-23,nan,13.340000000000002
,0.0,55.0,-46.0,-1.5707963267948963,NO_PATH,5.06652422e-19,0.0,29.99999999999999,-51.75,-2.987141537818687e-23,nan,13.360000000000001
,0.0,55.0,-46.0,-1.5707963267948963,NO_PATH,6.7945357e-19,0.0,29.99999999999999,-51.75,-2.987141537818687e-23,nan,13.38
,0.0,55.0,-46.0,-1.5707963267948963,NO_PATH,6.56359526e-19,0.0,29.99999999999999,-51.75,-2.987141537818687e-23,nan,13.4
,0.0,55.0,-46.0,-1.5707963267948963,NO_PATH,1.19620571e-18,0.0,29.99999999999999,-51.75,-2.987141537818687e-23,nan,13.420000000000002
,0.0,55.0,-46.0,-1.5707963267948963,NO_PATH,5.08938858e-20,0.0,29.99999999999999,-51.75,-2.987141537818687e-23,nan,13.440000000000001
,0.0,55.0,-46.0,-1.5707963267948963,NO_PATH,5.08938858e-20,0.0,29.99999999999999,-51.75,-2.987141537818687e-23,nan,13.46
,0.0,55.0,-46.0,-1.5707963267948963,NO_PATH,6.96287637e-19,0.0,29.99999999999999,-51.75,-2.987141537818687e-23,nan,13.48
,0.0,55.0,-46.0,-1.5707963267948963,NO_PATH,3.79685888e-19,0.0,29.99999999999999,-51.75,-2.987141537818687e-23,nan,13.501000000000001
,0.0,55.0,-46.0,-1.5707963267948963,NO_PATH,1.06886929e-18,0.0,29.99999999999999,-51.75,-2.987141537818687e-23,nan,13.520000000000001
,0.0,55.0,-46.0,-1.5707963267948963,NO_PATH,4.81147736e-19,0.0,29.99999999999999,-51.75,-2.987141537818687e-23,nan,13.540000000000001
,0.0,55.0,-46.0,-1.5707963267948963,NO_PATH,5.62753232e-19,0.0,29.99999999999999,-51.75,-2.987141537818687e-23,nan,13.56
,0.0,55.0,-46.0,-1.5707963267948963,NO_PATH,4.76258509e-19,0.0,29.99999999999999,-51.75,-2.987141537818687e-23,nan,13.58
,0.0,55.0,-46.0,-1.5707963267948963,NO_PATH,4.75790521e-19,0.0,29.99999999999999,-51.75,-2.987141537818687e-23,nan,13.600000000000001
,0.0,55.0,-46.0,-1.5707963267948963,NO_PATH,5.24355862e-19,0.0,29.99999999999999,-51.75,-2.987141537818687e-23,nan,13.620000000000001
,0.0,55.0,-46.0,-1.5707963267948963,NO_PATH,5.85348772e-19,0.0,29.99999999999999,-51.75,-2.987141537818687e-23,nan,13.64
,0.0,55.0,-46.0,-1.5707963267948963,NO_PATH,7.2296527e-19,0.0,29.99999999999999,-51.75,-2.987141537818687e-23,nan,13.66
,0.0,55.0,-46.0,-1.5707963267948963,NO_PATH,7.2296527e-19,0.0,29.99999999999999,-51.75,-2.987141537818687e-23,nan,13.680000000000001
,0.0,55.0,-46.0,-1.5707963267948963,NO_PATH,1.48577191e-19,0.0,29.99999999999999,-51.75,-2.987141537818687e-23,nan,13.700000000000001
,0.0,55.0,-46.0,-1.5707963267948963,NO_PATH,7.96424522e-20,0.0,29.99999999999999,-51.75,-2.987141537818687e-23,nan,13.72
,0.0,55.0,-46.0,-1.5707963267948963,NO_PATH,7.96424522e-20,0.0,29.99999999999999,-51.75,-2.987141537818687e-23,nan,13.74
,0.0,55.0,-46.0,-1.5707963267948963,NO_PATH,3.66524847e-19,0.0,29.99999999999999,-51.75,-2.987141537818687e-23,nan,13.760000000000002
,0.0,55.0,-46.0,-1.5707963267948963,NO_PATH,3.66524847e-19,0.0,29.99999999999999,-51.75,-2.987141537818687e-23,nan,13.780000000000001
,0.0,55.0,-46.0,-1.5707963267948963,NO_PATH,6.63811412e-19,0.0,29.99999999999999,-51.75,-2.987141537818687e-23,nan,13.8
,0.0,55.0,-46.0,-1.5707963267948963,NO_PATH,-3.47741223e-19,0.0,29.99999999999999,-51.75,-2.987141537818687e-23,nan,13.821000000000002
,0.0,55.0,-46.0,-1.5707963267948963,NO_PATH,4.8555001e-19,0.0,29.99999999999999,-51.75,-2.987141537818687e-23,nan,13.840000000000002
,0.0,55.0,-46.0,-1.5707963267948963,NO_PATH,4.8555001e-19,0.0,29.99999999999999,-51.75,-2.987141537818687e-23,nan,13.860000000000001
,0.0,55.0,-46.0,-1.5707963267948963,NO_PATH,4.69283627e-19,0.0,29.99999999999999,-51.75,-2.987141537818687e-23,nan,13.88
,0.0,55.0,-46.0,-1.5707963267948963,NO_PATH,8.23959589e-19,0.0,29.99999999999999,-51.75,-2.987141537818687e-23,nan,13.9
,0.0,55.0,-46.0,-1.5707963267948963,NO_PATH,5.41299856e-19,0.0,29.99999999999999,-51.75,-2.987141537818687e-23,nan,13.920000000000002
,0.0,55.0,-46.0,-1.5707963267948963,NO_PATH,7.72739278e-19,0.0,29.99999999999999,-51.75,-2.987141537818687e-23,nan,13.940000000000001
,0.0,55.0,-46.0,-1.5707963267948963,NO_PATH,7.72739278e-19,0.0,29.99999999999999,-51.75,-2.987141537818687e-23,nan,13.96
,0.0,55.0,-46.0,-1.5707963267948963,NO_PATH,8.54360597e-19,0.0,29.99999999999999,-51.75,-2.987141537818687e-23,nan,13.98
,0.0,55.0,-46.0,-1.5707963267948963,NO_PATH,9.52387105e-19,0.0,29.99999999999999,-51.75,-2.987141537818687e-23,nan,14.0
,0.0,55.0,-46.0,-1.5707963267948963,NO_PATH,1.75810187e-19,0.0,29.99999999999999,-51.75,-2.987141537818687e-23,nan,14.020000000000001
,0.0,55.0,-46.0,-1.5707963267948963,NO_PATH,1.02456809e-18,0.0,29.99999999999999,-51.75,-2.987141537818687e-23,nan,14.040000000000001
,0.0,55.0,-46.0,-1.5707963267948963,NO_PATH,4.67405926e-19,0.0,29.99999999999999,-51.75,-2.987141537818687e-23,nan,14.061000000000002
,0.0,55.0,-46.0,-1.5707963267948963,NO_PATH,4.67405926e-19,0.0,29.99999999999999,-51.75,-2.987141537818687e-23,nan,14.08
,0.0,55.0,-46.0,-1.5707963267948963,NO_PATH,7.23733175e-19,0.0,29.99999999999999,-51.75,-2.987141537818687e-23,nan,14.100000000000001
,0.0,55.0,-46.0,-1.5707963267948963,NO_PATH,-1.88133381e-19,0.0,29.99999999999999,-51.75,-2.987141537818687e-23,nan,14.120000000000001
,0.0,55.0,-46.0,-1.5707963267948963,NO_PATH,3.28322532e-19,0.0,29.99999999999999,-51.75,-2.987141537818687e-23,nan,14.14
,0.0,55.0,-46.0,-1.5707963267948963,NO_PATH,1.04830064e-18,0.0,29.99999999999999,-51.75,-2.987141537818687e-23,nan,14.16
,0.0,55.0,-46.0,-1.5707963267948963,NO_PATH,1.04830064e-18,0.0,29.99999999999999,-51.75,-2.987141537818687e-23,nan,14.180000000000001
,0.0,55.0,-46.0,-1.5707963267948963,NO_PATH,3.22507929e-19,0.0,29.99999999999999,-51.75,-2.987141537818687e-23,nan,14.200000000000001
,0.0,55.0,-46.0,-1.5707963267948963,NO_PATH,4.07389867e-19,0.0,29.99999999999999,-51.75,-2.987141537818687e-23,nan,14.22
,0.0,55.0,-46.0,-1.5707963267948963,NO_PATH,2.92775766e-19,0.0,29.99999999999999,-51.75,-2.987141537818687e-23,nan,14.24
,0.0,55.0,-46.0,-1.5707963267948963,NO_PATH,4.30339491e-19,0.0,29.99999999999999,-51.75,-2.987141537818687e-23,nan,14.260000000000002
,0.0,55.0,-46.0,-1.5707963267948963,NO_PATH,8.94202298e-22,0.0,29.99999999999999,-51.75,-2.987141537818687e-23,nan,14.280000000000001
,0.0,55.0,-46.0,-1.5707963267948963,NO_PATH,8.94202298e-22,0.0,29.99999999999999,-51.75,-2.987141537818687e-23,nan,14.3
,0.0,55.0,-46.0,-1.5707963267948963,NO_PATH,4.09133104e-19,0.0,29.99999999999999,-51.75,-2.987141537818687e-23,nan,14.32
,0.0,55.0,-46.0,-1.5707963267948963,NO_PATH,3.22591473e-19,0.0,29.99999999999999,-51.75,-2.987141537818687e-23,nan,14.340000000000002
,0.0,55.0,-46.0,-1.5707963267948963,NO_PATH,4.32263086e-19,0.0,29.99999999999999,-51.75,-2.987141537818687e-23,nan,14.360000000000001
,0.0,55.0,-46.0,-1.5707963267948963,NO_PATH,3.4803704e-19,0.0,29.99999999999999,-51.75,-2.987141537818687e-23,nan,14.38
,0.0,55.0,-46.0,-1.5707963267948963,NO_PATH,1.07322146e-18,0.0,29.99999999999999,-51.75,-2.987141537818687e-23,nan,14.4
,0.0,55.0,-46.0,-1.5707963267948963,NO_PATH,1.07322146e-18,0.0,29.99999999999999,-51.75,-2.987141537818687e-23,nan,14.420000000000002
,0.0,55.0,-46.0,-1.5707963267948963,NO_PATH,3.30329845e-19,0.0,29.99999999999999,-51.75,-2.987141537818687e-23,nan,14.440000000000001
,0.0,55.0,-46.0,-1.5707963267948963,NO_PATH,6.36976886e-19,0.0,29.99999999999999,-51.75,-2.987141537818687e-23,nan,14.46
,0.0,55.0,-46.0,-1.5707963267948963,NO_PATH,4.84409104e-20,0.0,29.99999999999999,-51.75,-2.987141537818687e-23,nan,14.48
,0.0,55.0,-46.0,-1.5707963267948963,NO_PATH,9.66999403e-19,0.0,29.99999999999999,-51.75,-2.987141537818687e-23,nan,14.500000000000002
,0.0,55.0,-46.0,-1.5707963267948963,NO_PATH,9.66999403e-19,0.0,29.99999999999999,-51.75,-2.987141537818687e-23,nan,14.520000000000001
,0.0,55.0,-46.0,-1.5707963267948963,NO_PATH,3.57730889e-19,0.0,29.99999999999999,-51.75,-2.987141537818687e-23,nan,14.540000000000001
,0.0,55.0,-46.0,-1.5707963267948963,NO_PATH,3.57730889e-19,0.0,29.99999999999999,-51.75,-2.987141537818687e-23,nan,14.56
,0.0,55.0,-46.0,-1.5707963267948963,NO_PATH,2.78656533e-19,0.0,29.99999999999999,-51.75,-2.987141537818687e-23,nan,14.58
,0.0,55.0,-46.0,-1.5707963267948963,NO_PATH,3.5446187e-19,0.0,29.99999999999999,-51.75,-2.987141537818687e-23,nan,14.600000000000001
,0.0,55.0,-46.0,-1.5707963267948963,NO_PATH,1.7311835e-19,0.0,29.99999999999999,-51.75,-2.987141537818687e-23,nan,14.620000000000001
,0.0,55.0,-46.0,-1.5707963267948963,NO_PATH,-4.55942878e-20,0.0,29.99999999999999,-51.75,-2.987141537818687e-23,nan,14.64
,0.0,55.0,-46.0,-1.5707963267948963,NO_PATH,-4.55942878e-20,0.0,29.99999999999999,-51.75,-2.987141537818687e-23,nan,14.66
,0.0,55.0,-46.0,-1.5707963267948963,NO_PATH,6.2359282e-19,0.0,29.99999999999999,-51.75,-2.987141537818687e-23,nan,14.680000000000001
,0.0,55.0,-46.0,-1.5707963267948963,NO_PATH,7.26533937e-19,0.0,29.99999999999999,-51.75,-2.987141537818687e-23,nan,14.700000000000001
,0.0,55.0,-46.0,-1.5707963267948963,NO_PATH,5.3318344e-19,0.0,29.99999999999999,-51.75,-2.987141537818687e-23,nan,14.72
,0.0,55.0,-46.0,-1.5707963267948963,NO_PATH,5.3318344e-19,0.0,29.99999999999999,-51.75,-2.987141537818687e-23,nan,14.74
,0.0,55.0,-46.0,-1.5707963267948963,NO_PATH,4.1114837e-19,0.0,29.99999999999999,-51.75,-2.987141537818687e-23,nan,14.760000000000002
,0.0,55.0,-46.0,-1.5707963267948963,NO_PATH,-2.58368924e-19,0.0,29.99999999999999,-51.75,-2.987141537818687e-23,nan,14.780000000000001
,0.0,55.0,-46.0,-1.5707963267948963,NO_PATH,1.13097313e-18,0.0,29.99999999999999,-51.75,-2.987141537818687e-23,nan,14.8
,0.0,55.0,-46.0,-1.5707963267948963,NO_PATH,1.13097313e-18,0.0,29.99999999999999,-51.75,-2.987141537818687e-23,nan,14.82
,0.0,55.0,-46.0,-1.5707963267948963,NO_PATH,8.22978719e-19,0.0,29.99999999999999,-51.75,-2.987141537818687e-23,nan,14.840000000000002
,0.0,55.0,-46.0,-1.5707963267948963,NO_PATH,4.82197306e-19,0.0,29.99999999999999,-51.75,-2.987141537818687e-23,nan,14.861
,0.0,55.0,-46.0,-1.5707963267948963,NO_PATH,1.2158963e-18,0.0,29.99999999999999,-51.75,-2.987141537818687e-23,nan,14.881
,0.0,55.0,-46.0,-1.5707963267948963,NO_PATH,7.79421882e-20,0.0,29.99999999999999,-51.75,-2.987141537818687e-23,nan,14.9
,0.0,55.0,-46.0,-1.5707963267948963,NO_PATH,7.79421882e-20,0.0,29.99999999999999,-51.75,-2.987141537818687e-23,nan,14.920000000000002
,0.0,55.0,-46.0,-1.5707963267948963,NO_PATH,1.06070081e-18,0.0,29.99999999999999,-51.75,-2.987141537818687e-23,nan,14.940000000000001
,0.0,55.0,-46.0,-1.5707963267948963,NO_PATH,4.4198917e-20,0.0,29.99999999999999,-51.75,-2.987141537818687e-23,nan,14.961
,0.0,55.0,-46.0,-1.5707963267948963,NO_PATH,2.20348935e-19,0.0,29.99999999999999,-51.75,-2.987141537818687e-23,nan,14.98
,0.0,55.0,-46.0,-1.5707963267948963,NO_PATH,2.20348935e-19,0.0,29.99999999999999,-51.75,-2.987141537818687e-23,nan,15.001000000000001
,0.0,55.0,-46.0,-1.5707963267948963,NO_PATH,4.28853856e-19,0.0,29.99999999999999,-51.75,-2.987141537818687e-23,nan,15.020000000000001
,0.0,55.0,-46.0,-1.5707963267948963,NO_PATH,6.70131479e-19,0.0,29.99999999999999,-51.75,-2.987141537818687e-23,nan,15.040000000000001
,0.0,55.0,-46.0,-1.5707963267948963,NO_PATH,1.97932752e-19,0.0,29.99999999999999,-51.75,-2.987141537818687e-23,nan,15.06
,0.0,55.0,-46.0,-1.5707963267948963,NO_PATH,1.97932752e-19,0.0,29.99999999999999,-51.75,-2.987141537818687e-23,nan,15.08
,0.0,55.0,-46.0,-1.5707963267948963,NO_PATH,4.91956703e-19,0.0,29.99999999999999,-51.75,-2.987141537818687e-23,nan,15.100000000000001
,0.0,55.0,-46.0,-1.5707963267948963,NO_PATH,5.56529243e-19,0.0,29.99999999999999,-51.75,-2.987141537818687e-23,nan,15.120000000000001
,0.0,55.0,-46.0,-1.5707963267948963,NO_PATH,5.56529243e-19,0.0,29.99999999999999,-51.75,-2.987141537818687e-23,nan,15.14
,0.0,55.0,-46.0,-1.5707963267948963,NO_PATH,1.16855906e-19,0.0,29.99999999999999,-51.75,-2.987141537818687e-23,nan,15.16
,0.0,55.0,-46.0,-1.5707963267948963,NO_PATH,5.46735312e-19,0.0,29.99999999999999,-51.75,-2.987141537818687e-23,nan,15.180000000000001
,0.0,55.0,-46.0,-1.5707963267948963,NO_PATH,4.76628245e-19,0.0,29.99999999999999,-51.75,-2.987141537818687e-23,nan,15.200000000000001
,0.0,55.0,-46.0,-1.5707963267948963,NO_PATH,4.76628245e-19,0.0,29.99999999999999,-51.75,-2.987141537818687e-23,nan,15.22
,0.0,55.0,-46.0,-1.5707963267948963,NO_PATH,3.13363222e-19,0.0,29.99999999999999,-51.75,-2.987141537818687e-23,nan,15.24
,0.0,55.0,-46.0,-1.5707963267948963,NO_PATH,-2.83091865e-19,0.0,29.99999999999999,-51.75,-2.987141537818687e-23,nan,15.260000000000002
,0.0,55.0,-46.0,-1.5707963267948963,NO_PATH,3.00625261e-19,0.0,29.99999999999999,-51.75,-2.987141537818687e-23,nan,15.280000000000001
,0.0,55.0,-46.0,-1.5707963267948963,NO_PATH,1.21491604e-18,0.0,29.99999999999999,-51.75,-2.987141537818687e-23,nan,15.301
,0.0,55.0,-46.0,-1.5707963267948963,NO_PATH,-1.14090581e-19,0.0,29.99999999999999,-51.75,-2.987141537818687e-23,nan,15.32
,0.0,55.0,-46.0,-1.5707963267948963,NO_PATH,-1.14090581e-19,0.0,29.99999999999999,-51.75,-2.987141537818687e-23,nan,15.340000000000002
,0.0,55.0,-46.0,-1.5707963267948963,NO_PATH,1.06011042e-19,0.0,29.99999999999999,-51.75,-2.987141537818687e-23,nan,15.360000000000001
,0.0,55.0,-46.0,-1.5707963267948963,NO_PATH,1.06011042e-19,0.0,29.99999999999999,-51.75,-2.987141537818687e-23,nan,15.38
,0.0,55.0,-46.0,-1.5707963267948963,NO_PATH,1.17332899e-18,0.0,29.99999999999999,-51.75,-2.987141537818687e-23,nan,15.401000000000002
,0.0,55.0,-46.0,-1.5707963267948963,NO_PATH,1.17332899e-18,0.0,29.99999999999999,-51.75,-2.987141537818687e-23,nan,15.420000000000002
,0.0,55.0,-46.0,-1.5707963267948963,NO_PATH,9.03818918e-19,0.0,29.99999999999999,-51.75,-2.987141537818687e-23,nan,15.440000000000001
,0.0,55.0,-46.0,-1.5707963267948963,NO_PATH,6.53476024e-19,0.0,29.99999999999999,-51.75,-2.987141537818687e-23,nan,15.46
,0.0,55.0,-46.0,-1.5707963267948963,NO_PATH,5.00937378e-19,0.0,29.99999999999999,-51.75,-2.987141537818687e-23,nan,15.48
,0.0,55.0,-46.0,-1.5707963267948963,NO_PATH,6.97294927e-19,0.0,29.99999999999999,-51.75,-2.987141537818687e-23,nan,15.500000000000002
,0.0,55.0,-46.0,-1.5707963267948963,NO_PATH,6.97294927e-19,0.0,29.99999999999999,-51.75,-2.987141537818687e-23,nan,15.520000000000001
,0.0,55.0,-46.0,-1.5707963267948963,NO_PATH,9.99932323e-19,0.0,29.99999999999999,-51.75,-2.987141537818687e-23,nan,15.540000000000001
,0.0,55.0,-46.0,-1.5707963267948963,NO_PATH,-2.22550886e-20,0.0,29.99999999999999,-51.75,-2.987141537818687e-23,nan,15.56
,0.0,55.0,-46.0,-1.5707963267948963,NO_PATH,-2.22550886e-20,0.0,29.99999999999999,-51.75,-2.987141537818687e-23,nan,15.580000000000002
,0.0,55.0,-46.0,-1.5707963267948963,NO_PATH,3.20413352e-19,0.0,29.99999999999999,-51.75,-2.987141537818687e-23,nan,15.600000000000001
,0.0,55.0,-46.0,-1.5707963267948963,NO_PATH,9.9104078e-19,0.0,29.99999999999999,-51.75,-2.987141537818687e-23,nan,15.620000000000001
,0.0,55.0,-46.0,-1.5707963267948963,NO_PATH,-4.08026204e-19,0.0,29.99999999999999,-51.75,-2.987141537818687e-23,nan,15.64
,0.0,55.0,-46.0,-1.5707963267948963,NO_PATH,6.27583826e-19,0.0,29.99999999999999,-51.75,-2.987141537818687e-23,nan,15.66
,0.0,55.0,-46.0,-1.5707963267948963,NO_PATH,1.516023e-18,0.0,29.99999999999999,-51.75,-2.987141537818687e-23,nan,15.680000000000001
,0.0,55.0,-46.0,-1.5707963267948963,NO_PATH,1.17119475e-18,0.0,29.99999999999999,-51.75,-2.987141537818687e-23,nan,15.700000000000001
,0.0,55.0,-46.0,-1.5707963267948963,NO_PATH,1.17119475e-18,0.0,29.99999999999999,-51.75,-2.987141537818687e-23,nan,15.72
,0.0,55.0,-46.0,-1.5707963267948963,NO_PATH,1.67197942e-19,0.0,29.99999999999999,-51.75,-2.987141537818687e-23,nan,15.74
,0.0,55.0,-46.0,-1.5707963267948963,NO_PATH,1.67197942e-19,0.0,29.99999999999999,-51.75,-2.987141537818687e-23,nan,15.760000000000002
,0.0,55.0,-46.0,-1.5707963267948963,NO_PATH,5.92224735e-19,0.0,29.99999999999999,-51.75,-2.987141537818687e-23,nan,15.780000000000001
,0.0,55.0,-46.0,-1.5707963267948963,NO_PATH,3.64991883e-19,0.0,29.99999999999999,-51.75,-2.987141537818687e-23,nan,15.8
,0.0,55.0,-46.0,-1.5707963267948963,NO_PATH,2.61226889e-19,0.0,29.99999999999999,-51.75,-2.987141537818687e-23,nan,15.821000000000002
,0.0,55.0,-46.0,-1.5707963267948963,NO_PATH,2.61226889e-19,0.0,29.99999999999999,-51.75,-2.987141537818687e-23,nan,15.840000000000002
,0.0,55.0,-46.0,-1.5707963267948963,NO_PATH,7.3060146e-19,0.0,29.99999999999999,-51.75,-2.987141537818687e-23,nan,15.860000000000001
,0.0,55.0,-46.0,-1.5707963267948963,NO_PATH,-3.5571308e-20,0.0,29.99999999999999,-51.75,-2.987141537818687e-23,nan,15.88
,0.0,55.0,-46.0,-1.5707963267948963,NO_PATH,-3.5571308e-20,0.0,29.99999999999999,-51.75,-2.987141537818687e-23,nan,15.9
,0.0,55.0,-46.0,-1.5707963267948963,NO_PATH,-3.95929949e-20,0.0,29.99999999999999,-51.75,-2.987141537818687e-23,nan,15.920000000000002
,0.0,55.0,-46.0,-1.5707963267948963,NO_PATH,9.89569925e-19,0.0,29.99999999999999,-51.75,-2.987141537818687e-23,nan,15.941
,0.0,55.0,-46.0,-1.5707963267948963,NO_PATH,1.2288219e-18,0.0,29.99999999999999,-51.75,-2.987141537818687e-23,nan,15.96
,0.0,55.0,-46.0,-1.5707963267948963,NO_PATH,1.2288219e-18,0.0,29.99999999999999,-51.75,-2.987141537818687e-23,nan,15.98
,0.0,55.0,-46.0,-1.5707963267948963,NO_PATH,1.91455144e-19,0.0,29.99999999999999,-51.75,-2.987141537818687e-23,nan,16.002000000000002
,0.0,55.0,-46.0,-1.5707963267948963,NO_PATH,1.91455144e-19,0.0,29.99999999999999,-51.75,-2.987141537818687e-23,nan,16.02
,0.0,55.0,-46.0,-1.5707963267948963,NO_PATH,-7.07453955e-20,0.0,29.99999999999999,-51.75,-2.987141537818687e-23,nan,16.040000000000003
,0.0,55.0,-46.0,-1.5707963267948963,NO_PATH,1.20740265e-18,0.0,29.99999999999999,-51.75,-2.987141537818687e-23,nan,16.060000000000002
,0.0,55.0,-46.0,-1.5707963267948963,NO_PATH,7.16723407e-19,0.0,29.99999999999999,-51.75,-2.987141537818687e-23,nan,16.080000000000002
,0.0,55.0,-46.0,-1.5707963267948963,NO_PATH,7.16723407e-19,0.0,29.99999999999999,-51.75,-2.987141537818687e-23,nan,16.1
,0.0,55.0,-46.0,-1.5707963267948963,NO_PATH,2.19921019e-19,0.0,29.99999999999999,-51.75,-2.987141537818687e-23,nan,16.12
,0.0,55.0,-46.0,-1.5707963267948963,NO_PATH,6.44208378e-19,0.0,29.99999999999999,-51.75,-2.987141537818687e-23,nan,16.141000000000002
,0.0,55.0,-46.0,-1.5707963267948963,NO_PATH,8.7168992e-19,0.0,29.99999999999999,-51.75,-2.987141537818687e-23,nan,16.16
,0.0,55.0,-46.0,-1.5707963267948963,NO_PATH,8.7168992e-19,0.0,29.99999999999999,-51.75,-2.987141537818687e-23,nan,16.18
,0.0,55.0,-46.0,-1.5707963267948963,NO_PATH,1.51166926e-19,0.0,29.99999999999999,-51.75,-2.987141537818687e-23,nan,16.2
,0.0,55.0,-46.0,-1.5707963267948963,NO_PATH,1.15146465e-18,0.0,29.99999999999999,-51.75,-2.987141537818687e-23,nan,16.220000000000002
,0.0,55.0,-46.0,-1.5707963267948963,NO_PATH,1.15220462e-18,0.0,29.99999999999999,-51.75,-2.987141537818687e-23,nan,16.240000000000002
,0.0,55.0,-46.0,-1.5707963267948963,NO_PATH,1.45192985e-18,0.0,29.99999999999999,-51.75,-2.987141537818687e-23,nan,16.26
,0.0,55.0,-46.0,-1.5707963267948963,NO_PATH,9.02910794e-19,0.0,29.99999999999999,-51.75,-2.987141537818687e-23,nan,16.28
,0.0,55.0,-46.0,-1.5707963267948963,NO_PATH,6.90137216e-19,0.0,29.99999999999999,-51.75,-2.987141537818687e-23,nan,16.302
,0.0,55.0,-46.0,-1.5707963267948963,NO_PATH,6.90137216e-19,0.0,29.99999999999999,-51.75,-2.987141537818687e-23,nan,16.32
,0.0,55.0,-46.0,-1.5707963267948963,NO_PATH,7.53249624e-20,0.0,29.99999999999999,-51.75,-2.987141537818687e-23,nan,16.34
,0.0,55.0,-46.0,-1.5707963267948963,NO_PATH,5.67050025e-19,0.0,29.99999999999999,-51.75,-2.987141537818687e-23,nan,16.36
,0.0,55.0,-46.0,-1.5707963267948963,NO_PATH,5.67050025e-19,0.0,29.99999999999999,-51.75,-2.987141537818687e-23,nan,16.380000000000003
,0.0,55.0,-46.0,-1.5707963267948963,NO_PATH,5.39582807e-19,0.0,29.99999999999999,-51.75,-2.987141537818687e-23,nan,16.401
,0.0,55.0,-46.0,-1.5707963267948963,NO_PATH,7.26599586e-19,0.0,29.99999999999999,-51.75,-2.987141537818687e-23,nan,16.42
,0.0,55.0,-46.0,-1.5707963267948963,NO_PATH,7.26599586e-19,0.0,29.99999999999999,-51.75,-2.987141537818687e-23,nan,16.44
,0.0,55.0,-46.0,-1.5707963267948963,NO_PATH,3.34400826e-19,0.0,29.99999999999999,-51.75,-2.987141537818687e-23,nan,16.46
,0.0,55.0,-46.0,-1.5707963267948963,NO_PATH,3.34400826e-19,0.0,29.99999999999999,-51.75,-2.987141537818687e-23,nan,16.48
,0.0,55.0,-46.0,-1.5707963267948963,NO_PATH,8.94701545e-19,0.0,29.99999999999999,-51.75,-2.987141537818687e-23,nan,16.5
,0.0,55.0,-46.0,-1.5707963267948963,NO_PATH,6.23379853e-19,0.0,29.99999999999999,-51.75,-2.987141537818687e-23,nan,16.52
,0.0,55.0,-46.0,-1.5707963267948963,NO_PATH,6.23379853e-19,0.0,29.99999999999999,-51.75,-2.987141537818687e-23,nan,16.540000000000003
,0.0,55.0,-46.0,-1.5707963267948963,NO_PATH,6.20234274e-19,0.0,29.99999999999999,-51.75,-2.987141537818687e-23,nan,16.560000000000002
,0.0,55.0,-46.0,-1.5707963267948963,NO_PATH,1.02075898e-18,0.0,29.99999999999999,-51.75,-2.987141537818687e-23,nan,16.580000000000002
,0.0,55.0,-46.0,-1.5707963267948963,NO_PATH,9.89901468e-19,0.0,29.99999999999999,-51.75,-2.987141537818687e-23,nan,16.6
,0.0,55.0,-46.0,-1.5707963267948963,NO_PATH,6.68650483e-19,0.0,29.99999999999999,-51.75,-2.987141537818687e-23,nan,16.62
,0.0,55.0,-46.0,-1.5707963267948963,NO_PATH,7.10729296e-19,0.0,29.99999999999999,-51.75,-2.987141537818687e-23,nan,16.64
,0.0,55.0,-46.0,-1.5707963267948963,NO_PATH,3.4139213e-19,0.0,29.99999999999999,-51.75,-2.987141537818687e-23,nan,16.66
,0.0,55.0,-46.0,-1.5707963267948963,NO_PATH,3.95473987e-20,0.0,29.99999999999999,-51.75,-2.987141537818687e-23,nan,16.681
,0.0,55.0,-46.0,-1.5707963267948963,NO_PATH,3.95473987e-20,0.0,29.99999999999999,-51.75,-2.987141537818687e-23,nan,16.7
,0.0,55.0,-46.0,-1.5707963267948963,NO_PATH,8.77774734e-19,0.0,29.99999999999999,-51.75,-2.987141537818687e-23,nan,16.720000000000002
,0.0,55.0,-46.0,-1.5707963267948963,NO_PATH,3.53875248e-19,0.0,29.99999999999999,-51.75,-2.987141537818687e-23,nan,16.740000000000002
,0.0,55.0,-46.0,-1.5707963267948963,NO_PATH,-1.24468162e-19,0.0,29.99999999999999,-51.75,-2.987141537818687e-23,nan,16.76
,0.0,55.0,-46.0,-1.5707963267948963,NO_PATH,2.4245767e-19,0.0,29.99999999999999,-51.75,-2.987141537818687e-23,nan,16.781000000000002
,0.0,55.0,-46.0,-1.5707963267948963,NO_PATH,2.4245767e-19,0.0,29.99999999999999,-51.75,-2.987141537818687e-23,nan,16.8
,0.0,55.0,-46.0,-1.5707963267948963,NO_PATH,1.05422856e-18,0.0,29.99999999999999,-51.75,-2.987141537818687e-23,nan,16.82
,0.0,55.0,-46.0,-1.5707963267948963,NO_PATH,1.05422856e-18,0.0,29.99999999999999,-51.75,-2.987141537818687e-23,nan,16.84
,0.0,55.0,-46.0,-1.5707963267948963,NO_PATH,5.92722414e-19,0.0,29.99999999999999,-51.75,-2.987141537818687e-23,nan,16.86
,0.0,55.0,-46.0,-1.5707963267948963,NO_PATH,5.92722414e-19,0.0,29.99999999999999,-51.75,-2.987141537818687e-23,nan,16.880000000000003
,0.0,55.0,-46.0,-1.5707963267948963,NO_PATH,8.98546817e-19,0.0,29.99999999999999,-51.75,-2.987141537818687e-23,nan,16.901
,0.0,55.0,-46.0,-1.5707963267948963,NO_PATH,8.63595342e-19,0.0,29.99999999999999,-51.75,-2.987141537818687e-23,nan,16.92
,0.0,55.0,-46.0,-1.5707963267948963,NO_PATH,6.35405983e-19,0.0,29.99999999999999,-51.75,-2.987141537818687e-23,nan,16.94
,0.0,55.0,-46.0,-1.5707963267948963,NO_PATH,8.5048039e-19,0.0,29.99999999999999,-51.75,-2.987141537818687e-23,nan,16.96
,0.0,55.0,-46.0,-1.5707963267948963,NO_PATH,7.53590444e-19,0.0,29.99999999999999,-51.75,-2.987141537818687e-23,nan,16.981
,0.0,55.0,-46.0,-1.5707963267948963,NO_PATH,7.53590444e-19,0.0,29.99999999999999,-51.75,-2.987141537818687e-23,nan,17.0
,0.0,55.0,-46.0,-1.5707963267948963,NO_PATH,7.53151335e-19,0.0,29.99999999999999,-51.75,-2.987141537818687e-23,nan,17.02
,0.0,55.0,-46.0,-1.5707963267948963,NO_PATH,6.25061662e-19,0.0,29.99999999999999,-51.75,-2.987141537818687e-23,nan,17.040000000000003
,0.0,55.0,-46.0,-1.5707963267948963,NO_PATH,6.72547677e-19,0.0,29.99999999999999,-51.75,-2.987141537818687e-23,nan,17.060000000000002
,0.0,55.0,-46.0,-1.5707963267948963,NO_PATH,6.12409276e-19,0.0,29.99999999999999,-51.75,-2.987141537818687e-23,nan,17.080000000000002
,0.0,55.0,-46.0,-1.5707963267948963,NO_PATH,6.12409276e-19,0.0,29.99999999999999,-51.75,-2.987141537818687e-23,nan,17.1
,0.0,55.0,-46.0,-1.5707963267948963,NO_PATH,2.59564851e-19,0.0,29.99999999999999,-51.75,-2.987141537818687e-23,nan,17.12
,0.0,55.0,-46.0,-1.5707963267948963,NO_PATH,8.15761961e-19,0.0,29.99999999999999,-51.75,-2.987141537818687e-23,nan,17.14
,0.0,55.0,-46.0,-1.5707963267948963,NO_PATH,3.95009772e-19,0.0,29.99999999999999,-51.75,-2.987141537818687e-23,nan,17.161
,0.0,55.0,-46.0,-1.5707963267948963,NO_PATH,1.04121586e-18,0.0,29.99999999999999,-51.75,-2.987141537818687e-23,nan,17.18
,0.0,55.0,-46.0,-1.5707963267948963,NO_PATH,1.04121586e-18,0.0,29.99999999999999,-51.75,-2.987141537818687e-23,nan,17.200000000000003
,0.0,55.0,-46.0,-1.5707963267948963,NO_PATH,1.15687658e-19,0.0,29.99999999999999,-51.75,-2.987141537818687e-23,nan,17.220000000000002
,0.0,55.0,-46.0,-1.5707963267948963,NO_PATH,2.95577126e-19,0.0,29.99999999999999,-51.75,-2.987141537818687e-23,nan,17.240000000000002
,0.0,55.0,-46.0,-1.5707963267948963,NO_PATH,-6.14734143e-20,0.0,29.99999999999999,-51.75,-2.987141537818687e-23,nan,17.26
,0.0,55.0,-46.0,-1.5707963267948963,NO_PATH,2.72838832e-20,0.0,29.99999999999999,-51.75,-2.987141537818687e-23,nan,17.28
,0.0,55.0,-46.0,-1.5707963267948963,NO_PATH,2.72838832e-20,0.0,29.99999999999999,-51.75,-2.987141537818687e-23,nan,17.3
,0.0,55.0,-46.0,-1.5707963267948963,NO_PATH,-2.978434e-19,0.0,29.99999999999999,-51.75,-2.987141537818687e-23,nan,17.32
,0.0,55.0,-46.0,-1.5707963267948963,NO_PATH,1.06104853e-18,0.0,29.99999999999999,-51.75,-2.987141537818687e-23,nan,17.34
,0.0,55.0,-46.0,-1.5707963267948963,NO_PATH,1.06104853e-18,0.0,29.99999999999999,-51.75,-2.987141537818687e-23,nan,17.36
,0.0,55.0,-46.0,-1.5707963267948963,NO_PATH,7.69650577e-19,0.0,29.99999999999999,-51.75,-2.987141537818687e-23,nan,17.380000000000003
,0.0,55.0,-46.0,-1.5707963267948963,NO_PATH,7.69650577e-19,0.0,29.99999999999999,-51.75,-2.987141537818687e-23,nan,17.400000000000002
,0.0,55.0,-46.0,-1.5707963267948963,NO_PATH,4.23300122e-19,0.0,29.99999999999999,-51.75,-2.987141537818687e-23,nan,17.42
,0.0,55.0,-46.0,-1.5707963267948963,NO_PATH,4.23300122e-19,0.0,29.99999999999999,-51.75,-2.987141537818687e-23,nan,17.44
,0.0,55.0,-46.0,-1.5707963267948963,NO_PATH,8.37834344e-19,0.0,29.99999999999999,-51.75,-2.987141537818687e-23,nan,17.46
,0.0,55.0,-46.0,-1.5707963267948963,NO_PATH,1.41072417e-19,0.0,29.99999999999999,-51.75,-2.987141537818687e-23,nan,17.48
,0.0,55.0,-46.0,-1.5707963267948963,NO_PATH,1.41072417e-19,0.0,29.99999999999999,-51.75,-2.987141537818687e-23,nan,17.5
,0.0,55.0,-46.0,-1.5707963267948963,NO_PATH,-2.60938711e-19,0.0,29.99999999999999,-51.75,-2.987141537818687e-23,nan,17.52
,0.0,55.0,-46.0,-1.5707963267948963,NO_PATH,-2.60938711e-19,0.0,29.99999999999999,-51.75,-2.987141537818687e-23,nan,17.540000000000003
,0.0,55.0,-46.0,-1.5707963267948963,NO_PATH,2.38438023e-19,0.0,29.99999999999999,-51.75,-2.987141537818687e-23,nan,17.560000000000002
,0.0,55.0,-46.0,-1.5707963267948963,NO_PATH,6.26605808e-20,0.0,29.99999999999999,-51.75,-2.987141537818687e-23,nan,17.580000000000002
,0.0,55.0,-46.0,-1.5707963267948963,NO_PATH,6.26605808e-20,0.0,29.99999999999999,-51.75,-2.987141537818687e-23,nan,17.6
,0.0,55.0,-46.0,-1.5707963267948963,NO_PATH,7.58851568e-19,0.0,29.99999999999999,-51.75,-2.987141537818687e-23,nan,17.62
,0.0,55.0,-46.0,-1.5707963267948963,NO_PATH,7.58851568e-19,0.0,29.99999999999999,-51.75,-2.987141537818687e-23,nan,17.64
,0.0,55.0,-46.0,-1.5707963267948963,NO_PATH,1.11516613e-18,0.0,29.99999999999999,-51.75,-2.987141537818687e-23,nan,17.66
,0.0,55.0,-46.0,-1.5707963267948963,NO_PATH,1.12312463e-18,0.0,29.99999999999999,-51.75,-2.987141537818687e-23,nan,17.68
,0.0,55.0,-46.0,-1.5707963267948963,NO_PATH,9.86668281e-19,0.0,29.99999999999999,-51.75,-2.987141537818687e-23,nan,17.700000000000003
,0.0,55.0,-46.0,-1.5707963267948963,NO_PATH,2.62579548e-19,0.0,29.99999999999999,-51.75,-2.987141537818687e-23,nan,17.720000000000002
,0.0,55.0,-46.0,-1.5707963267948963,NO_PATH,9.95852041e-19,0.0,29.99999999999999,-51.75,-2.987141537818687e-23,nan,17.740000000000002
,0.0,55.0,-46.0,-1.5707963267948963,NO_PATH,6.76276306e-19,0.0,29.99999999999999,-51.75,-2.987141537818687e-23,nan,17.76
,0.0,55.0,-46.0,-1.5707963267948963,NO_PATH,2.85991994e-19,0.0,29.99999999999999,-51.75,-2.987141537818687e-23,nan,17.78
,0.0,55.0,-46.0,-1.5707963267948963,NO_PATH,2.85991994e-19,0.0,29.99999999999999,-51.75,-2.987141537818687e-23,nan,17.8
,0.0,55.0,-46.0,-1.5707963267948963,NO_PATH,3.16682183e-19,0.0,29.99999999999999,-51.75,-2.987141537818687e-23,nan,17.82
,0.0,55.0,-46.0,-1.5707963267948963,NO_PATH,-4.31489327e-19,0.0,29.99999999999999,-51.75,-2.987141537818687e-23,nan,17.84
,0.0,55.0,-46.0,-1.5707963267948963,NO_PATH,-4.31489327e-19,0.0,29.99999999999999,-51.75,-2.987141537818687e-23,nan,17.86
,0.0,55.0,-46.0,-1.5707963267948963,NO_PATH,-1.1454639e-19,0.0,29.99999999999999,-51.75,-2.987141537818687e-23,nan,17.880000000000003
,0.0,55.0,-46.0,-1.5707963267948963,NO_PATH,5.5491408e-19,0.0,29.99999999999999,-51.75,-2.987141537818687e-23,nan,17.901
,0.0,55.0,-46.0,-1.5707963267948963,NO_PATH,5.5491408e-19,0.0,29.99999999999999,-51.75,-2.987141537818687e-23,nan,17.92
,0.0,55.0,-46.0,-1.5707963267948963,NO_PATH,3.01921244e-19,0.0,29.99999999999999,-51.75,-2.987141537818687e-23,nan,17.94
,0.0,55.0,-46.0,-1.5707963267948963,NO_PATH,6.54670854e-19,0.0,29.99999999999999,-51.75,-2.987141537818687e-23,nan,17.96
,0.0,55.0,-46.0,-1.5707963267948963,NO_PATH,-2.40211087e-19,0.0,29.99999999999999,-51.75,-2.987141537818687e-23,nan,17.98
,0.0,55.0,-46.0,-1.5707963267948963,NO_PATH,-2.40211087e-19,0.0,29.99999999999999,-51.75,-2.987141537818687e-23,nan,18.0
,0.0,55.0,-46.0,-1.5707963267948963,NO_PATH,-3.42886752e-20,0.0,29.99999999999999,-51.75,-2.987141537818687e-23,nan,18.02
,0.0,55.0,-46.0,-1.5707963267948963,NO_PATH,6.88283725e-19,0.0,29.99999999999999,-51.75,-2.987141537818687e-23,nan,18.040000000000003
,0.0,55.0,-46.0,-1.5707963267948963,NO_PATH,9.04660013e-19,0.0,29.99999999999999,-51.75,-2.987141537818687e-23,nan,18.060000000000002
,0.0,55.0,-46.0,-1.5707963267948963,NO_PATH,9.04660013e-19,0.0,29.99999999999999,-51.75,-2.987141537818687e-23,nan,18.080000000000002
,0.0,55.0,-46.0,-1.5707963267948963,NO_PATH,4.39926173e-19,0.0,29.99999999999999,-51.75,-2.987141537818687e-23,nan,18.101000000000003
,0.0,55.0,-46.0,-1.5707963267948963,NO_PATH,5.27833022e-19,0.0,29.99999999999999,-51.75,-2.987141537818687e-23,nan,18.12
,0.0,55.0,-46.0,-1.5707963267948963,NO_PATH,2.5989002e-19,0.0,29.99999999999999,-51.75,-2.987141537818687e-23,nan,18.14
,0.0,55.0,-46.0,-1.5707963267948963,NO_PATH,2.66985176e-19,0.0,29.99999999999999,-51.75,-2.987141537818687e-23,nan,18.16
,0.0,55.0,-46.0,-1.5707963267948963,NO_PATH,2.66985176e-19,0.0,29.99999999999999,-51.75,-2.987141537818687e-23,nan,18.18
,0.0,55.0,-46.0,-1.5707963267948963,NO_PATH,-4.99772017e-19,0.0,29.99999999999999,-51.75,-2.987141537818687e-23,nan,18.200000000000003
,0.0,55.0,-46.0,-1.5707963267948963,NO_PATH,-3.63919506e-21,0.0,29.99999999999999,-51.75,-2.987141537818687e-23,nan,18.220000000000002
,0.0,55.0,-46.0,-1.5707963267948963,NO_PATH,-3.63919506e-21,0.0,29.99999999999999,-51.75,-2.987141537818687e-23,nan,18.240000000000002
,0.0,55.0,-46.0,-1.5707963267948963,NO_PATH,5.78514524e-19,0.0,29.99999999999999,-51.75,-2.987141537818687e-23,nan,18.26
,0.0,55.0,-46.0,-1.5707963267948963,NO_PATH,5.78514524e-19,0.0,29.99999999999999,-51.75,-2.987141537818687e-23,nan,18.28
,0.0,55.0,-46.0,-1.5707963267948963,NO_PATH,5.03819768e-20,0.0,29.99999999999999,-51.75,-2.987141537818687e-23,nan,18.3
,0.0,55.0,-46.0,-1.5707963267948963,NO_PATH,4.87373819e-19,0.0,29.99999999999999,-51.75,-2.987141537818687e-23,nan,18.32
,0.0,55.0,-46.0,-1.5707963267948963,NO_PATH,3.20273796e-19,0.0,29.99999999999999,-51.75,-2.987141537818687e-23,nan,18.341
,0.0,55.0,-46.0,-1.5707963267948963,NO_PATH,3.20273796e-19,0.0,29.99999999999999,-51.75,-2.987141537818687e-23,nan,18.36
,0.0,55.0,-46.0,-1.5707963267948963,NO_PATH,3.21161247e-19,0.0,29.99999999999999,-51.75,-2.987141537818687e-23,nan,18.380000000000003
,0.0,55.0,-46.0,-1.5707963267948963,NO_PATH,7.84951782e-19,0.0,29.99999999999999,-51.75,-2.987141537818687e-23,nan,18.400000000000002
,0.0,55.0,-46.0,-1.5707963267948963,NO_PATH,7.84951782e-19,0.0,29.99999999999999,-51.75,-2.987141537818687e-23,nan,18.42
,0.0,55.0,-46.0,-1.5707963267948963,NO_PATH,-6.91534403e-20,0.0,29.99999999999999,-51.75,-2.987141537818687e-23,nan,18.44
,0.0,55.0,-46.0,-1.5707963267948963,NO_PATH,-2.07483279e-19,0.0,29.99999999999999,-51.75,-2.987141537818687e-23,nan,18.46
,0.0,55.0,-46.0,-1.5707963267948963,NO_PATH,-2.07483279e-19,0.0,29.99999999999999,-51.75,-2.987141537818687e-23,nan,18.48
,0.0,55.0,-46.0,-1.5707963267948963,NO_PATH,8.45447053e-19,0.0,29.99999999999999,-51.75,-2.987141537818687e-23,nan,18.5
,0.0,55.0,-46.0,-1.5707963267948963,NO_PATH,6.61106551e-19,0.0,29.99999999999999,-51.75,-2.987141537818687e-23,nan,18.52
,0.0,55.0,-46.0,-1.5707963267948963,NO_PATH,9.422983e-19,0.0,29.99999999999999,-51.75,-2.987141537818687e-23,nan,18.540000000000003
,0.0,55.0,-46.0,-1.5707963267948963,NO_PATH,5.80262341e-19,0.0,29.99999999999999,-51.75,-2.987141537818687e-23,nan,18.560000000000002
,0.0,55.0,-46.0,-1.5707963267948963,NO_PATH,3.40103823e-19,0.0,29.99999999999999,-51.75,-2.987141537818687e-23,nan,18.580000000000002
,0.0,55.0,-46.0,-1.5707963267948963,NO_PATH,-4.93563208e-20,0.0,29.99999999999999,-51.75,-2.987141537818687e-23,nan,18.6
,0.0,55.0,-46.0,-1.5707963267948963,NO_PATH,-4.93563208e-20,0.0,29.99999999999999,-51.75,-2.987141537818687e-23,nan,18.62
,0.0,55.0,-46.0,-1.5707963267948963,NO_PATH,2.41234848e-19,0.0,29.99999999999999,-51.75,-2.987141537818687e-23,nan,18.64
,0.0,55.0,-46.0,-1.5707963267948963,NO_PATH,-1.37816709e-19,0.0,29.99999999999999,-51.75,-2.987141537818687e-23,nan,18.66
,0.0,55.0,-46.0,-1.5707963267948963,NO_PATH,4.13818522e-19,0.0,29.99999999999999,-51.75,-2.987141537818687e-23,nan,18.68
,0.0,55.0,-46.0,-1.5707963267948963,NO_PATH,4.13818522e-19,0.0,29.99999999999999,-51.75,-2.987141537818687e-23,nan,18.700000000000003
,0.0,55.0,-46.0,-1.5707963267948963,NO_PATH,6.69963044e-19,0.0,29.99999999999999,-51.75,-2.987141537818687e-23,nan,18.720000000000002
,0.0,55.0,-46.0,-1.5707963267948963,NO_PATH,1.49841022e-19,0.0,29.99999999999999,-51.75,-2.987141537818687e-23,nan,18.740000000000002
,0.0,55.0,-46.0,-1.5707963267948963,NO_PATH,4.96096081e-19,0.0,29.99999999999999,-51.75,-2.987141537818687e-23,nan,18.76
,0.0,55.0,-46.0,-1.5707963267948963,NO_PATH,3.81905957e-19,0.0,29.99999999999999,-51.75,-2.987141537818687e-23,nan,18.78
,0.0,55.0,-46.0,-1.5707963267948963,NO_PATH,3.81905957e-19,0.0,29.99999999999999,-51.75,-2.987141537818687e-23,nan,18.8
,0.0,55.0,-46.0,-1.5707963267948963,NO_PATH,4.28361144e-19,0.0,29.99999999999999,-51.75,-2.987141537818687e-23,nan,18.821
,0.0,55.0,-46.0,-1.5707963267948963,NO_PATH,-3.90942941e-19,0.0,29.99999999999999,-51.75,-2.987141537818687e-23,nan,18.84
,0.0,55.0,-46.0,-1.5707963267948963,NO_PATH,-3.90942941e-19,0.0,29.99999999999999,-51.75,-2.987141537818687e-23,nan,18.86
,0.0,55.0,-46.0,-1.5707963267948963,NO_PATH,1.10773767e-18,0.0,29.99999999999999,-51.75,-2.987141537818687e-23,nan,18.881
,0.0,55.0,-46.0,-1.5707963267948963,NO_PATH,1.10773767e-18,0.0,29.99999999999999,-51.75,-2.987141537818687e-23,nan,18.900000000000002
,0.0,55.0,-46.0,-1.5707963267948963,NO_PATH,7.19972705e-19,0.0,29.99999999999999,-51.75,-2.987141537818687e-23,nan,18.92
,0.0,55.0,-46.0,-1.5707963267948963,NO_PATH,5.54945766e-20,0.0,29.99999999999999,-51.75,-2.987141537818687e-23,nan,18.94
,0.0,55.0,-46.0,-1.5707963267948963,NO_PATH,2.46317811e-20,0.0,29.99999999999999,-51.75,-2.987141537818687e-23,nan,18.961000000000002
,0.0,55.0,-46.0,-1.5707963267948963,NO_PATH,1.86823608e-19,0.0,29.99999999999999,-51.75,-2.987141537818687e-23,nan,18.98
,0.0,55.0,-46.0,-1.5707963267948963,NO_PATH,3.1057831e-19,0.0,29.99999999999999,-51.75,-2.987141537818687e-23,nan,19.0
,0.0,55.0,-46.0,-1.5707963267948963,NO_PATH,3.1057831e-19,0.0,29.99999999999999,-51.75,-2.987141537818687e-23,nan,19.02
,0.0,55.0,-46.0,-1.5707963267948963,NO_PATH,4.38259473e-19,0.0,29.99999999999999,-51.75,-2.987141537818687e-23,nan,19.040000000000003
,0.0,55.0,-46.0,-1.5707963267948963,NO_PATH,4.07449299e-19,0.0,29.99999999999999,-51.75,-2.987141537818687e-23,nan,19.060000000000002
,0.0,55.0,-46.0,-1.5707963267948963,NO_PATH,1.21970881e-18,0.0,29.99999999999999,-51.75,-2.987141537818687e-23,nan,19.080000000000002
,0.0,55.0,-46.0,-1.5707963267948963,NO_PATH,9.80458383e-19,0.0,29.99999999999999,-51.75,-2.987141537818687e-23,nan,19.1
,0.0,55.0,-46.0,-1.5707963267948963,NO_PATH,9.80458383e-19,0.0,29.99999999999999,-51.75,-2.987141537818687e-23,nan,19.12
,0.0,55.0,-46.0,-1.5707963267948963,NO_PATH,3.78061472e-19,0.0,29.99999999999999,-51.75,-2.987141537818687e-23,nan,19.14
,0.0,55.0,-46.0,-1.5707963267948963,NO_PATH,6.60608231e-19,0.0,29.99999999999999,-51.75,-2.987141537818687e-23,nan,19.16
,0.0,55.0,-46.0,-1.5707963267948963,NO_PATH,6.60608231e-19,0.0,29.99999999999999,-51.75,-2.987141537818687e-23,nan,19.18
,0.0,55.0,-46.0,-1.5707963267948963,NO_PATH,1.03856472e-18,0.0,29.99999999999999,-51.75,-2.987141537818687e-23,nan,19.200000000000003
,0.0,55.0,-46.0,-1.5707963267948963,NO_PATH,2.92540029e-19,0.0,29.99999999999999,-51.75,-2.987141537818687e-23,nan,19.220000000000002
,0.0,55.0,-46.0,-1.5707963267948963,NO_PATH,2.92540029e-19,0.0,29.99999999999999,-51.75,-2.987141537818687e-23,nan,19.240000000000002
,0.0,55.0,-46.0,-1.5707963267948963,NO_PATH,3.55405676e-19,0.0,29.99999999999999,-51.75,-2.987141537818687e-23,nan,19.26
,0.0,55.0,-46.0,-1.5707963267948963,NO_PATH,2.7894193e-19,0.0,29.99999999999999,-51.75,-2.987141537818687e-23,nan,19.28
,0.0,55.0,-46.0,-1.5707963267948963,NO_PATH,4.47702933e-19,0.0,29.99999999999999,-51.75,-2.987141537818687e-23,nan,19.3
,0.0,55.0,-46.0,-1.5707963267948963,NO_PATH,2.72594298e-19,0.0,29.99999999999999,-51.75,-2.987141537818687e-23,nan,19.32
,0.0,55.0,-46.0,-1.5707963267948963,NO_PATH,7.46609134e-19,0.0,29.99999999999999,-51.75,-2.987141537818687e-23,nan,19.34
,0.0,55.0,-46.0,-1.5707963267948963,NO_PATH,7.46609134e-19,0.0,29.99999999999999,-51.75,-2.987141537818687e-23,nan,19.36
,0.0,55.0,-46.0,-1.5707963267948963,NO_PATH,7.62700228e-19,0.0,29.99999999999999,-51.75,-2.987141537818687e-23,nan,19.380000000000003
,0.0,55.0,-46.0,-1.5707963267948963,NO_PATH,6.1613942e-19,0.0,29.99999999999999,-51.75,-2.987141537818687e-23,nan,19.400000000000002
,0.0,55.0,-46.0,-1.5707963267948963,NO_PATH,3.01240504e-19,0.0,29.99999999999999,-51.75,-2.987141537818687e-23,nan,19.42
,0.0,55.0,-46.0,-1.5707963267948963,NO_PATH,2.03560427e-19,0.0,29.99999999999999,-51.75,-2.987141537818687e-23,nan,19.441000000000003
,0.0,55.0,-46.0,-1.5707963267948963,NO_PATH,3.5955072e-19,0.0,29.99999999999999,-51.75,-2.987141537818687e-23,nan,19.461000000000002
,0.0,55.0,-46.0,-1.5707963267948963,NO_PATH,3.04050946e-19,0.0,29.99999999999999,-51.75,-2.987141537818687e-23,nan,19.48
,0.0,55.0,-46.0,-1.5707963267948963,NO_PATH,3.04050946e-19,0.0,29.99999999999999,-51.75,-2.987141537818687e-23,nan,19.5
,0.0,55.0,-46.0,-1.5707963267948963,NO_PATH,6.61613102e-19,0.0,29.99999999999999,-51.75,-2.987141537818687e-23,nan,19.52
,0.0,55.0,-46.0,-1.5707963267948963,NO_PATH,3.02112324e-19,0.0,29.99999999999999,-51.75,-2.987141537818687e-23,nan,19.540000000000003
,0.0,55.0,-46.0,-1.5707963267948963,NO_PATH,4.76628412e-19,0.0,29.99999999999999,-51.75,-2.987141537818687e-23,nan,19.560000000000002
,0.0,55.0,-46.0,-1.5707963267948963,NO_PATH,4.76628412e-19,0.0,29.99999999999999,-51.75,-2.987141537818687e-23,nan,19.580000000000002
,0.0,55.0,-46.0,-1.5707963267948963,NO_PATH,4.30522545e-19,0.0,29.99999999999999,-51.75,-2.987141537818687e-23,nan,19.6
,0.0,55.0,-46.0,-1.5707963267948963,NO_PATH,2.26561372e-19,0.0,29.99999999999999,-51.75,-2.987141537818687e-23,nan,19.62
,0.0,55.0,-46.0,-1.5707963267948963,NO_PATH,1.48035678e-19,0.0,29.99999999999999,-51.75,-2.987141537818687e-23,nan,19.64
,0.0,55.0,-46.0,-1.5707963267948963,NO_PATH,2.82367924e-20,0.0,29.99999999999999,-51.75,-2.987141537818687e-23,nan,19.66
,0.0,55.0,-46.0,-1.5707963267948963,NO_PATH,2.82367924e-20,0.0,29.99999999999999,-51.75,-2.987141537818687e-23,nan,19.68
,0.0,55.0,-46.0,-1.5707963267948963,NO_PATH,7.77740421e-19,0.0,29.99999999999999,-51.75,-2.987141537818687e-23,nan,19.700000000000003
,0.0,55.0,-46.0,-1.5707963267948963,NO_PATH,-2.78001602e-19,0.0,29.99999999999999,-51.75,-2.987141537818687e-23,nan,19.722
,0.0,55.0,-46.0,-1.5707963267948963,NO_PATH,7.0405927e-19,0.0,29.99999999999999,-51.75,-2.987141537818687e-23,nan,19.740000000000002
,0.0,55.0,-46.0,-1.5707963267948963,NO_PATH,7.0405927e-19,0.0,29.99999999999999,-51.75,-2.987141537818687e-23,nan,19.76
,0.0,55.0,-46.0,-1.5707963267948963,NO_PATH,1.59201506e-20,0.0,29.99999999999999,-51.75,-2.987141537818687e-23,nan,19.78
,0.0,55.0,-46.0,-1.5707963267948963,NO_PATH,2.43613419e-19,0.0,29.99999999999999,-51.75,-2.987141537818687e-23,nan,19.8
,0.0,55.0,-46.0,-1.5707963267948963,NO_PATH,2.43613419e-19,0.0,29.99999999999999,-51.75,-2.987141537818687e-23,nan,19.82
,0.0,55.0,-46.0,-1.5707963267948963,NO_PATH,3.70335429e-19,0.0,29.99999999999999,-51.75,-2.987141537818687e-23,nan,19.841
,0.0,55.0,-46.0,-1.5707963267948963,NO_PATH,3.70335429e-19,0.0,29.99999999999999,-51.75,-2.987141537818687e-23,nan,19.860000000000003
,0.0,55.0,-46.0,-1.5707963267948963,NO_PATH,1.25714997e-18,0.0,29.99999999999999,-51.75,-2.987141537818687e-23,nan,19.880000000000003
,0.0,55.0,-46.0,-1.5707963267948963,NO_PATH,5.97201644e-19,0.0,29.99999999999999,-51.75,-2.987141537818687e-23,nan,19.900000000000002
,0.0,55.0,-46.0,-1.5707963267948963,NO_PATH,5.14447055e-19,0.0,29.99999999999999,-51.75,-2.987141537818687e-23,nan,19.92
,0.0,55.0,-46.0,-1.5707963267948963,NO_PATH,3.20574706e-19,0.0,29.99999999999999,-51.75,-2.987141537818687e-23,nan,19.94
,0.0,55.0,-46.0,-1.5707963267948963,NO_PATH,3.20574706e-19,0.0,29.99999999999999,-51.75,-2.987141537818687e-23,nan,19.96
,0.0,55.0,-46.0,-1.5707963267948963,NO_PATH,5.79138397e-20,0.0,29.99999999999999,-51.75,-2.987141537818687e-23,nan,19.98
,0.0,55.0,-46.0,-1.5707963267948963,NO_PATH,8.70491815e-21,0.0,29.99999999999999,-51.75,-2.987141537818687e-23,nan,20.0
,0.0,55.0,-46.0,-1.5707963267948963,NO_PATH,7.57707803e-19,0.0,29.99999999999999,-51.75,-2.987141537818687e-23,nan,20.02
,0.0,55.0,-46.0,-1.5707963267948963,NO_PATH,9.47316068e-19,0.0,29.99999999999999,-51.75,-2.987141537818687e-23,nan,20.040000000000003
,0.0,55.0,-46.0,-1.5707963267948963,NO_PATH,9.47316068e-19,0.0,29.99999999999999,-51.75,-2.987141537818687e-23,nan,20.060000000000002
,0.0,55.0,-46.0,-1.5707963267948963,NO_PATH,3.31125377e-19,0.0,29.99999999999999,-51.75,-2.987141537818687e-23,nan,20.080000000000002
,0.0,55.0,-46.0,-1.5707963267948963,NO_PATH,3.31125377e-19,0.0,29.99999999999999,-51.75,-2.987141537818687e-23,nan,20.1
,0.0,55.0,-46.0,-1.5707963267948963,NO_PATH,4.30875317e-19,0.0,29.99999999999999,-51.75,-2.987141537818687e-23,nan,20.12
,0.0,55.0,-46.0,-1.5707963267948963,NO_PATH,2.82102249e-19,0.0,29.99999999999999,-51.75,-2.987141537818687e-23,nan,20.14
,0.0,55.0,-46.0,-1.5707963267948963,NO_PATH,2.82102249e-19,0.0,29.99999999999999,-51.75,-2.987141537818687e-23,nan,20.16
,0.0,55.0,-46.0,-1.5707963267948963,NO_PATH,1.03799926e-19,0.0,29.99999999999999,-51.75,-2.987141537818687e-23,nan,20.18
,0.0,55.0,-46.0,-1.5707963267948963,NO_PATH,1.16076128e-19,0.0,29.99999999999999,-51.75,-2.987141537818687e-23,nan,20.200000000000003
,0.0,55.0,-46.0,-1.5707963267948963,NO_PATH,1.12448027e-18,0.0,29.99999999999999,-51.75,-2.987141537818687e-23,nan,20.220000000000002
,0.0,55.0,-46.0,-1.5707963267948963,NO_PATH,1.12448027e-18,0.0,29.99999999999999,-51.75,-2.987141537818687e-23,nan,20.240000000000002
,0.0,55.0,-46.0,-1.5707963267948963,NO_PATH,8.08636418e-19,0.0,29.99999999999999,-51.75,-2.987141537818687e-23,nan,20.26
,0.0,55.0,-46.0,-1.5707963267948963,NO_PATH,7.50535633e-20,0.0,29.99999999999999,-51.75,-2.987141537818687e-23,nan,20.28
,0.0,55.0,-46.0,-1.5707963267948963,NO_PATH,7.68604308e-19,0.0,29.99999999999999,-51.75,-2.987141537818687e-23,nan,20.3
,0.0,55.0,-46.0,-1.5707963267948963,NO_PATH,7.48639858e-19,0.0,29.99999999999999,-51.75,-2.987141537818687e-23,nan,20.32
,0.0,55.0,-46.0,-1.5707963267948963,NO_PATH,3.7390678e-19,0.0,29.99999999999999,-51.75,-2.987141537818687e-23,nan,20.34
,0.0,55.0,-46.0,-1.5707963267948963,NO_PATH,3.78737235e-19,0.0,29.99999999999999,-51.75,-2.987141537818687e-23,nan,20.360000000000003
,0.0,55.0,-46.0,-1.5707963267948963,NO_PATH,3.78737235e-19,0.0,29.99999999999999,-51.75,-2.987141537818687e-23,nan,20.380000000000003
,0.0,55.0,-46.0,-1.5707963267948963,NO_PATH,1.02419266e-18,0.0,29.99999999999999,-51.75,-2.987141537818687e-23,nan,20.401
,0.0,55.0,-46.0,-1.5707963267948963,NO_PATH,9.66595679e-19,0.0,29.99999999999999,-51.75,-2.987141537818687e-23,nan,20.42
,0.0,55.0,-46.0,-1.5707963267948963,NO_PATH,9.66595679e-19,0.0,29.99999999999999,-51.75,-2.987141537818687e-23,nan,20.44
,0.0,55.0,-46.0,-1.5707963267948963,NO_PATH,5.51881326e-19,0.0,29.99999999999999,-51.75,-2.987141537818687e-23,nan,20.46
,0.0,55.0,-46.0,-1.5707963267948963,NO_PATH,9.43975135e-19,0.0,29.99999999999999,-51.75,-2.987141537818687e-23,nan,20.481
,0.0,55.0,-46.0,-1.5707963267948963,NO_PATH,-5.30588662e-20,0.0,29.99999999999999,-51.75,-2.987141537818687e-23,nan,20.501
,0.0,55.0,-46.0,-1.5707963267948963,NO_PATH,-5.30588662e-20,0.0,29.99999999999999,-51.75,-2.987141537818687e-23,nan,20.52
,0.0,55.0,-46.0,-1.5707963267948963,NO_PATH,3.57427529e-19,0.0,29.99999999999999,-51.75,-2.987141537818687e-23,nan,20.540000000000003
,0.0,55.0,-46.0,-1.5707963267948963,NO_PATH,6.58265517e-19,0.0,29.99999999999999,-51.75,-2.987141537818687e-23,nan,20.561
,0.0,55.0,-46.0,-1.5707963267948963,NO_PATH,6.58265517e-19,0.0,29.99999999999999,-51.75,-2.987141537818687e-23,nan,20.580000000000002
,0.0,55.0,-46.0,-1.5707963267948963,NO_PATH,5.13658942e-19,0.0,29.99999999999999,-51.75,-2.987141537818687e-23,nan,20.6
,0.0,55.0,-46.0,-1.5707963267948963,NO_PATH,5.13658942e-19,0.0,29.99999999999999,-51.75,-2.987141537818687e-23,nan,20.62
,0.0,55.0,-46.0,-1.5707963267948963,NO_PATH,3.4003331e-19,0.0,29.99999999999999,-51.75,-2.987141537818687e-23,nan,20.64
,0.0,55.0,-46.0,-1.5707963267948963,NO_PATH,6.47307918e-19,0.0,29.99999999999999,-51.75,-2.987141537818687e-23,nan,20.66
,0.0,55.0,-46.0,-1.5707963267948963,NO_PATH,6.47307918e-19,0.0,29.99999999999999,-51.75,-2.987141537818687e-23,nan,20.68
,0.0,55.0,-46.0,-1.5707963267948963,NO_PATH,4.64645521e-19,0.0,29.99999999999999,-51.75,-2.987141537818687e-23,nan,20.700000000000003
,0.0,55.0,-46.0,-1.5707963267948963,NO_PATH,5.96559687e-19,0.0,29.99999999999999,-51.75,-2.987141537818687e-23,nan,20.720000000000002
,0.0,55.0,-46.0,-1.5707963267948963,NO_PATH,1.01531329e-18,0.0,29.99999999999999,-51.75,-2.987141537818687e-23,nan,20.740000000000002
,0.0,55.0,-46.0,-1.5707963267948963,NO_PATH,1.01531329e-18,0.0,29.99999999999999,-51.75,-2.987141537818687e-23,nan,20.76
,0.0,55.0,-46.0,-1.5707963267948963,NO_PATH,2.61718943e-19,0.0,29.99999999999999,-51.75,-2.987141537818687e-23,nan,20.78
,0.0,55.0,-46.0,-1.5707963267948963,NO_PATH,4.33118446e-19,0.0,29.99999999999999,-51.75,-2.987141537818687e-23,nan,20.8
,0.0,55.0,-46.0,-1.5707963267948963,NO_PATH,2.2521748e-19,0.0,29.99999999999999,-51.75,-2.987141537818687e-23,nan,20.82
,0.0,55.0,-46.0,-1.5707963267948963,NO_PATH,2.2521748e-19,0.0,29.99999999999999,-51.75,-2.987141537818687e-23,nan,20.84
,0.0,55.0,-46.0,-1.5707963267948963,NO_PATH,-3.17232053e-20,0.0,29.99999999999999,-51.75,-2.987141537818687e-23,nan,20.860000000000003
,0.0,55.0,-46.0,-1.5707963267948963,NO_PATH,2.93535061e-19,0.0,29.99999999999999,-51.75,-2.987141537818687e-23,nan,20.880000000000003
,0.0,55.0,-46.0,-1.5707963267948963,NO_PATH,2.55931061e-19,0.0,29.99999999999999,-51.75,-2.987141537818687e-23,nan,20.900000000000002
,0.0,55.0,-46.0,-1.5707963267948963,NO_PATH,2.55931061e-19,0.0,29.99999999999999,-51.75,-2.987141537818687e-23,nan,20.92
,0.0,55.0,-46.0,-1.5707963267948963,NO_PATH,1.20282868e-19,0.0,29.99999999999999,-51.75,-2.987141537818687e-23,nan,20.94
,0.0,55.0,-46.0,-1.5707963267948963,NO_PATH,1.57440445e-19,0.0,29.99999999999999,-51.75,-2.987141537818687e-23,nan,20.96
,0.0,55.0,-46.0,-1.5707963267948963,NO_PATH,4.1910677e-19,0.0,29.99999999999999,-51.75,-2.987141537818687e-23,nan,20.98
,0.0,55.0,-46.0,-1.5707963267948963,NO_PATH,8.71597372e-19,0.0,29.99999999999999,-51.75,-2.987141537818687e-23,nan,21.0
,0.0,55.0,-46.0,-1.5707963267948963,NO_PATH,8.98044941e-19,0.0,29.99999999999999,-51.75,-2.987141537818687e-23,nan,21.02
,0.0,55.0,-46.0,-1.5707963267948963,NO_PATH,8.98044941e-19,0.0,29.99999999999999,-51.75,-2.987141537818687e-23,nan,21.040000000000003
,0.0,55.0,-46.0,-1.5707963267948963,NO_PATH,3.52007537e-19,0.0,29.99999999999999,-51.75,-2.987141537818687e-23,nan,21.060000000000002
,0.0,55.0,-46.0,-1.5707963267948963,NO_PATH,1.11757992e-18,0.0,29.99999999999999,-51.75,-2.987141537818687e-23,nan,21.080000000000002
,0.0,55.0,-46.0,-1.5707963267948963,NO_PATH,1.11757992e-18,0.0,29.99999999999999,-51.75,-2.987141537818687e-23,nan,21.1
,0.0,55.0,-46.0,-1.5707963267948963,NO_PATH,-8.51959025e-20,0.0,29.99999999999999,-51.75,-2.987141537818687e-23,nan,21.12
,0.0,55.0,-46.0,-1.5707963267948963,NO_PATH,1.21628911e-19,0.0,29.99999999999999,-51.75,-2.987141537818687e-23,nan,21.14
,0.0,55.0,-46.0,-1.5707963267948963,NO_PATH,2.46527768e-19,0.0,29.99999999999999,-51.75,-2.987141537818687e-23,nan,21.16
,0.0,55.0,-46.0,-1.5707963267948963,NO_PATH,2.46527768e-19,0.0,29.99999999999999,-51.75,-2.987141537818687e-23,nan,21.18
,0.0,55.0,-46.0,-1.5707963267948963,NO_PATH,8.21511582e-19,0.0,29.99999999999999,-51.75,-2.987141537818687e-23,nan,21.200000000000003
,0.0,55.0,-46.0,-1.5707963267948963,NO_PATH,6.92037856e-19,0.0,29.99999999999999,-51.75,-2.987141537818687e-23,nan,21.220000000000002
,0.0,55.0,-46.0,-1.5707963267948963,NO_PATH,3.68608959e-19,0.0,29.99999999999999,-51.75,-2.987141537818687e-23,nan,21.240000000000002
,0.0,55.0,-46.0,-1.5707963267948963,NO_PATH,7.02499724e-19,0.0,29.99999999999999,-51.75,-2.987141537818687e-23,nan,21.26
,0.0,55.0,-46.0,-1.5707963267948963,NO_PATH,7.02499724e-19,0.0,29.99999999999999,-51.75,-2.987141537818687e-23,nan,21.28
,0.0,55.0,-46.0,-1.5707963267948963,NO_PATH,1.07566223e-18,0.0,29.99999999999999,-51.75,-2.987141537818687e-23,nan,21.301000000000002
,0.0,55.0,-46.0,-1.5707963267948963,NO_PATH,9.37836012e-19,0.0,29.99999999999999,-51.75,-2.987141537818687e-23,nan,21.32
,0.0,55.0,-46.0,-1.5707963267948963,NO_PATH,9.37836012e-19,0.0,29.99999999999999,-51.75,-2.987141537818687e-23,nan,21.34
,0.0,55.0,-46.0,-1.5707963267948963,NO_PATH,-1.0057147e-20,0.0,29.99999999999999,-51.75,-2.987141537818687e-23,nan,21.361
,0.0,55.0,-46.0,-1.5707963267948963,NO_PATH,5.63846637e-20,0.0,29.99999999999999,-51.75,-2.987141537818687e-23,nan,21.380000000000003
,0.0,55.0,-46.0,-1.5707963267948963,NO_PATH,5.63846637e-20,0.0,29.99999999999999,-51.75,-2.987141537818687e-23,nan,21.400000000000002
,0.0,55.0,-46.0,-1.5707963267948963,NO_PATH,6.22150143e-19,0.0,29.99999999999999,-51.75,-2.987141537818687e-23,nan,21.42
,0.0,55.0,-46.0,-1.5707963267948963,NO_PATH,6.22150143e-19,0.0,29.99999999999999,-51.75,-2.987141537818687e-23,nan,21.44
,0.0,55.0,-46.0,-1.5707963267948963,NO_PATH,2.81313856e-19,0.0,29.99999999999999,-51.75,-2.987141537818687e-23,nan,21.46
,0.0,55.0,-46.0,-1.5707963267948963,NO_PATH,1.14315721e-18,0.0,29.99999999999999,-51.75,-2.987141537818687e-23,nan,21.48
,0.0,55.0,-46.0,-1.5707963267948963,NO_PATH,5.36916416e-19,0.0,29.99999999999999,-51.75,-2.987141537818687e-23,nan,21.5
,0.0,55.0,-46.0,-1.5707963267948963,NO_PATH,-1.24343666e-19,0.0,29.99999999999999,-51.75,-2.987141537818687e-23,nan,21.52
,0.0,55.0,-46.0,-1.5707963267948963,NO_PATH,8.67022884e-19,0.0,29.99999999999999,-51.75,-2.987141537818687e-23,nan,21.540000000000003
,0.0,55.0,-46.0,-1.5707963267948963,NO_PATH,1.89636743e-19,0.0,29.99999999999999,-51.75,-2.987141537818687e-23,nan,21.560000000000002
,0.0,55.0,-46.0,-1.5707963267948963,NO_PATH,1.89636743e-19,0.0,29.99999999999999,-51.75,-2.987141537818687e-23,nan,21.580000000000002
,0.0,55.0,-46.0,-1.5707963267948963,NO_PATH,3.52818678e-19,0.0,29.99999999999999,-51.75,-2.987141537818687e-23,nan,21.6
,0.0,55.0,-46.0,-1.5707963267948963,NO_PATH,2.04210312e-19,0.0,29.99999999999999,-51.75,-2.987141537818687e-23,nan,21.62
,0.0,55.0,-46.0,-1.5707963267948963,NO_PATH,7.3345909e-20,0.0,29.99999999999999,-51.75,-2.987141537818687e-23,nan,21.64
,0.0,55.0,-46.0,-1.5707963267948963,NO_PATH,1.06146729e-18,0.0,29.99999999999999,-51.75,-2.987141537818687e-23,nan,21.66
,0.0,55.0,-46.0,-1.5707963267948963,NO_PATH,1.06146729e-18,0.0,29.99999999999999,-51.75,-2.987141537818687e-23,nan,21.68
,0.0,55.0,-46.0,-1.5707963267948963,NO_PATH,1.94171704e-19,0.0,29.99999999999999,-51.75,-2.987141537818687e-23,nan,21.700000000000003
,0.0,55.0,-46.0,-1.5707963267948963,NO_PATH,-1.23049551e-19,0.0,29.99999999999999,-51.75,-2.987141537818687e-23,nan,21.720000000000002
,0.0,55.0,-46.0,-1.5707963267948963,NO_PATH,-1.23049551e-19,0.0,29.99999999999999,-51.75,-2.987141537818687e-23,nan,21.740000000000002
,0.0,55.0,-46.0,-1.5707963267948963,NO_PATH,7.72174539e-19,0.0,29.99999999999999,-51.75,-2.987141537818687e-23,nan,21.76
,0.0,55.0,-46.0,-1.5707963267948963,NO_PATH,1.56678009e-19,0.0,29.99999999999999,-51.75,-2.987141537818687e-23,nan,21.78
,0.0,55.0,-46.0,-1.5707963267948963,NO_PATH,1.56678009e-19,0.0,29.99999999999999,-51.75,-2.987141537818687e-23,nan,21.8
,0.0,55.0,-46.0,-1.5707963267948963,NO_PATH,1.38387126e-18,0.0,29.99999999999999,-51.75,-2.987141537818687e-23,nan,21.82
,0.0,55.0,-46.0,-1.5707963267948963,NO_PATH,-4.89268857e-22,0.0,29.99999999999999,-51.75,-2.987141537818687e-23,nan,21.84
,0.0,55.0,-46.0,-1.5707963267948963,NO_PATH,4.70933339e-19,0.0,29.99999999999999,-51.75,-2.987141537818687e-23,nan,21.860000000000003
,0.0,55.0,-46.0,-1.5707963267948963,NO_PATH,2.26414486e-19,0.0,29.99999999999999,-51.75,-2.987141537818687e-23,nan,21.881
,0.0,55.0,-46.0,-1.5707963267948963,NO_PATH,6.62714717e-19,0.0,29.99999999999999,-51.75,-2.987141537818687e-23,nan,21.901
,0.0,55.0,-46.0,-1.5707963267948963,NO_PATH,6.62714717e-19,0.0,29.99999999999999,-51.75,-2.987141537818687e-23,nan,21.92
,0.0,55.0,-46.0,-1.5707963267948963,NO_PATH,9.29511638e-19,0.0,29.99999999999999,-51.75,-2.987141537818687e-23,nan,21.94
,0.0,55.0,-46.0,-1.5707963267948963,NO_PATH,5.66797814e-19,0.0,29.99999999999999,-51.75,-2.987141537818687e-23,nan,21.96
,0.0,55.0,-46.0,-1.5707963267948963,NO_PATH,8.34684752e-20,0.0,29.99999999999999,-51.75,-2.987141537818687e-23,nan,21.98
,0.0,55.0,-46.0,-1.5707963267948963,NO_PATH,8.34684752e-20,0.0,29.99999999999999,-51.75,-2.987141537818687e-23,nan,22.0
,0.0,55.0,-46.0,-1.5707963267948963,NO_PATH,7.69536264e-19,0.0,29.99999999999999,-51.75,-2.987141537818687e-23,nan,22.020000000000003
,0.0,55.0,-46.0,-1.5707963267948963,NO_PATH,7.46001251e-19,0.0,29.99999999999999,-51.75,-2.987141537818687e-23,nan,22.040000000000003
,0.0,55.0,-46.0,-1.5707963267948963,NO_PATH,9.20943271e-19,0.0,29.99999999999999,-51.75,-2.987141537818687e-23,nan,22.060000000000002
,0.0,55.0,-46.0,-1.5707963267948963,NO_PATH,2.22353734e-19,0.0,29.99999999999999,-51.75,-2.987141537818687e-23,nan,22.080000000000002
,0.0,55.0,-46.0,-1.5707963267948963,NO_PATH,2.22353734e-19,0.0,29.99999999999999,-51.75,-2.987141537818687e-23,nan,22.1
,0.0,55.0,-46.0,-1.5707963267948963,NO_PATH,4.13187198e-19,0.0,29.99999999999999,-51.75,-2.987141537818687e-23,nan,22.12
,0.0,55.0,-46.0,-1.5707963267948963,NO_PATH,1.1243212e-19,0.0,29.99999999999999,-51.75,-2.987141537818687e-23,nan,22.14
,0.0,55.0,-46.0,-1.5707963267948963,NO_PATH,1.01033505e-18,0.0,29.99999999999999,-51.75,-2.987141537818687e-23,nan,22.16
,0.0,55.0,-46.0,-1.5707963267948963,NO_PATH,1.01033505e-18,0.0,29.99999999999999,-51.75,-2.987141537818687e-23,nan,22.18
,0.0,55.0,-46.0,-1.5707963267948963,NO_PATH,2.88019726e-19,0.0,29.99999999999999,-51.75,-2.987141537818687e-23,nan,22.200000000000003
,0.0,55.0,-46.0,-1.5707963267948963,NO_PATH,1.04741544e-18,0.0,29.99999999999999,-51.75,-2.987141537818687e-23,nan,22.220000000000002
,0.0,55.0,-46.0,-1.5707963267948963,NO_PATH,9.85061394e-19,0.0,29.99999999999999,-51.75,-2.987141537818687e-23,nan,22.240000000000002
,0.0,55.0,-46.0,-1.5707963267948963,NO_PATH,-1.57251224e-19,0.0,29.99999999999999,-51.75,-2.987141537818687e-23,nan,22.26
,0.0,55.0,-46.0,-1.5707963267948963,NO_PATH,9.71462992e-19,0.0,29.99999999999999,-51.75,-2.987141537818687e-23,nan,22.28
,0.0,55.0,-46.0,-1.5707963267948963,NO_PATH,7.32899267e-19,0.0,29.99999999999999,-51.75,-2.987141537818687e-23,nan,22.3
,0.0,55.0,-46.0,-1.5707963267948963,NO_PATH,7.17120733e-19,0.0,29.99999999999999,-51.75,-2.987141537818687e-23,nan,22.32
,0.0,55.0,-46.0,-1.5707963267948963,NO_PATH,4.19147582e-19,0.0,29.99999999999999,-51.75,-2.987141537818687e-23,nan,22.34
,0.0,55.0,-46.0,-1.5707963267948963,NO_PATH,4.19147582e-19,0.0,29.99999999999999,-51.75,-2.987141537818687e-23,nan,22.360000000000003
,0.0,55.0,-46.0,-1.5707963267948963,NO_PATH,7.14104692e-19,0.0,29.99999999999999,-51.75,-2.987141537818687e-23,nan,22.380000000000003
,0.0,55.0,-46.0,-1.5707963267948963,NO_PATH,7.14104692e-19,0.0,29.99999999999999,-51.75,-2.987141537818687e-23,nan,22.400000000000002
,0.0,55.0,-46.0,-1.5707963267948963,NO_PATH,5.26717993e-19,0.0,29.99999999999999,-51.75,-2.987141537818687e-23,nan,22.42
,0.0,55.0,-46.0,-1.5707963267948963,NO_PATH,5.26717993e-19,0.0,29.99999999999999,-51.75,-2.987141537818687e-23,nan,22.44
,0.0,55.0,-46.0,-1.5707963267948963,NO_PATH,6.14717181e-19,0.0,29.99999999999999,-51.75,-2.987141537818687e-23,nan,22.46
,0.0,55.0,-46.0,-1.5707963267948963,NO_PATH,2.9896016e-19,0.0,29.99999999999999,-51.75,-2.987141537818687e-23,nan,22.48
,0.0,55.0,-46.0,-1.5707963267948963,NO_PATH,2.26544356e-19,0.0,29.99999999999999,-51.75,-2.987141537818687e-23,nan,22.5
,0.0,55.0,-46.0,-1.5707963267948963,NO_PATH,2.26544356e-19,0.0,29.99999999999999,-51.75,-2.987141537818687e-23,nan,22.520000000000003
,0.0,55.0,-46.0,-1.5707963267948963,NO_PATH,4.36459786e-19,0.0,29.99999999999999,-51.75,-2.987141537818687e-23,nan,22.540000000000003
,0.0,55.0,-46.0,-1.5707963267948963,NO_PATH,4.36459786e-19,0.0,29.99999999999999,-51.75,-2.987141537818687e-23,nan,22.561
,0.0,55.0,-46.0,-1.5707963267948963,NO_PATH,9.65032147e-19,0.0,29.99999999999999,-51.75,-2.987141537818687e-23,nan,22.580000000000002
,0.0,55.0,-46.0,-1.5707963267948963,NO_PATH,1.13035164e-18,0.0,29.99999999999999,-51.75,-2.987141537818687e-23,nan,22.6
,0.0,55.0,-46.0,-1.5707963267948963,NO_PATH,3.68990037e-19,0.0,29.99999999999999,-51.75,-2.987141537818687e-23,nan,22.62
,0.0,55.0,-46.0,-1.5707963267948963,NO_PATH,3.68990037e-19,0.0,29.99999999999999,-51.75,-2.987141537818687e-23,nan,22.64
,0.0,55.0,-46.0,-1.5707963267948963,NO_PATH,9.74618967e-20,0.0,29.99999999999999,-51.75,-2.987141537818687e-23,nan,22.66
,0.0,55.0,-46.0,-1.5707963267948963,NO_PATH,9.74618967e-20,0.0,29.99999999999999,-51.75,-2.987141537818687e-23,nan,22.68
,0.0,55.0,-46.0,-1.5707963267948963,NO_PATH,5.70097496e-19,0.0,29.99999999999999,-51.75,-2.987141537818687e-23,nan,22.701
,0.0,55.0,-46.0,-1.5707963267948963,NO_PATH,5.70097496e-19,0.0,29.99999999999999,-51.75,-2.987141537818687e-23,nan,22.720000000000002
,0.0,55.0,-46.0,-1.5707963267948963,NO_PATH,1.62236234e-19,0.0,29.99999999999999,-51.75,-2.987141537818687e-23,nan,22.740000000000002
,0.0,55.0,-46.0,-1.5707963267948963,NO_PATH,-1.27992214e-19,0.0,29.99999999999999,-51.75,-2.987141537818687e-23,nan,22.76
,0.0,55.0,-46.0,-1.5707963267948963,NO_PATH,-1.27992214e-19,0.0,29.99999999999999,-51.75,-2.987141537818687e-23,nan,22.78
,0.0,55.0,-46.0,-1.5707963267948963,NO_PATH,4.90587883e-19,0.0,29.99999999999999,-51.75,-2.987141537818687e-23,nan,22.8
,0.0,55.0,-46.0,-1.5707963267948963,NO_PATH,6.31587696e-19,0.0,29.99999999999999,-51.75,-2.987141537818687e-23,nan,22.82
,0.0,55.0,-46.0,-1.5707963267948963,NO_PATH,8.13052227e-19,0.0,29.99999999999999,-51.75,-2.987141537818687e-23,nan,22.84
,0.0,55.0,-46.0,-1.5707963267948963,NO_PATH,8.8609927e-19,0.0,29.99999999999999,-51.75,-2.987141537818687e-23,nan,22.860000000000003
,0.0,55.0,-46.0,-1.5707963267948963,NO_PATH,8.82402677e-19,0.0,29.99999999999999,-51.75,-2.987141537818687e-23,nan,22.880000000000003
,0.0,55.0,-46.0,-1.5707963267948963,NO_PATH,8.82402677e-19,0.0,29.99999999999999,-51.75,-2.987141537818687e-23,nan,22.900000000000002
,0.0,55.0,-46.0,-1.5707963267948963,NO_PATH,9.83920597e-19,0.0,29.99999999999999,-51.75,-2.987141537818687e-23,nan,22.92
,0.0,55.0,-46.0,-1.5707963267948963,NO_PATH,3.93261229e-20,0.0,29.99999999999999,-51.75,-2.987141537818687e-23,nan,22.94
,0.0,55.0,-46.0,-1.5707963267948963,NO_PATH,9.24380182e-19,0.0,29.99999999999999,-51.75,-2.987141537818687e-23,nan,22.96
,0.0,55.0,-46.0,-1.5707963267948963,NO_PATH,1.16715172e-18,0.0,29.99999999999999,-51.75,-2.987141537818687e-23,nan,22.98
,0.0,55.0,-46.0,-1.5707963267948963,NO_PATH,7.50103423e-19,0.0,29.99999999999999,-51.75,-2.987141537818687e-23,nan,23.0
,0.0,55.0,-46.0,-1.5707963267948963,NO_PATH,4.29176217e-19,0.0,29.99999999999999,-51.75,-2.987141537818687e-23,nan,23.020000000000003
,0.0,55.0,-46.0,-1.5707963267948963,NO_PATH,4.29176217e-19,0.0,29.99999999999999,-51.75,-2.987141537818687e-23,nan,23.040000000000003
,0.0,55.0,-46.0,-1.5707963267948963,NO_PATH,6.45510698e-19,0.0,29.99999999999999,-51.75,-2.987141537818687e-23,nan,23.060000000000002
,0.0,55.0,-46.0,-1.5707963267948963,NO_PATH,5.39713109e-19,0.0,29.99999999999999,-51.75,-2.987141537818687e-23,nan,23.080000000000002
,0.0,55.0,-46.0,-1.5707963267948963,NO_PATH,4.83320894e-19,0.0,29.99999999999999,-51.75,-2.987141537818687e-23,nan,23.1
,0.0,55.0,-46.0,-1.5707963267948963,NO_PATH,6.0564193e-19,0.0,29.99999999999999,-51.75,-2.987141537818687e-23,nan,23.12
,0.0,55.0,-46.0,-1.5707963267948963,NO_PATH,1.02658283e-18,0.0,29.99999999999999,-51.75,-2.987141537818687e-23,nan,23.14
,0.0,55.0,-46.0,-1.5707963267948963,NO_PATH,5.74289195e-19,0.0,29.99999999999999,-51.75,-2.987141537818687e-23,nan,23.16
,0.0,55.0,-46.0,-1.5707963267948963,NO_PATH,8.04614434e-19,0.0,29.99999999999999,-51.75,-2.987141537818687e-23,nan,23.18
,0.0,55.0,-46.0,-1.5707963267948963,NO_PATH,7.714306e-19,0.0,29.99999999999999,-51.75,-2.987141537818687e-23,nan,23.200000000000003
,0.0,55.0,-46.0,-1.5707963267948963,NO_PATH,7.714306e-19,0.0,29.99999999999999,-51.75,-2.987141537818687e-23,nan,23.220000000000002
,0.0,55.0,-46.0,-1.5707963267948963,NO_PATH,3.65794861e-19,0.0,29.99999999999999,-51.75,-2.987141537818687e-23,nan,23.240000000000002
,0.0,55.0,-46.0,-1.5707963267948963,NO_PATH,3.65794861e-19,0.0,29.99999999999999,-51.75,-2.987141537818687e-23,nan,23.26
,0.0,55.0,-46.0,-1.5707963267948963,NO_PATH,6.3994172e-19,0.0,29.99999999999999,-51.75,-2.987141537818687e-23,nan,23.28
,0.0,55.0,-46.0,-1.5707963267948963,NO_PATH,3.00349376e-19,0.0,29.99999999999999,-51.75,-2.987141537818687e-23,nan,23.3
,0.0,55.0,-46.0,-1.5707963267948963,NO_PATH,2.14646771e-19,0.0,29.99999999999999,-51.75,-2.987141537818687e-23,nan,23.32
,0.0,55.0,-46.0,-1.5707963267948963,NO_PATH,2.449733e-19,0.0,29.99999999999999,-51.75,-2.987141537818687e-23,nan,23.34
,0.0,55.0,-46.0,-1.5707963267948963,NO_PATH,2.449733e-19,0.0,29.99999999999999,-51.75,-2.987141537818687e-23,nan,23.360000000000003
,0.0,55.0,-46.0,-1.5707963267948963,NO_PATH,5.12249481e-19,0.0,29.99999999999999,-51.75,-2.987141537818687e-23,nan,23.380000000000003
,0.0,55.0,-46.0,-1.5707963267948963,NO_PATH,6.12242715e-19,0.0,29.99999999999999,-51.75,-2.987141537818687e-23,nan,23.400000000000002
,0.0,55.0,-46.0,-1.5707963267948963,NO_PATH,2.28858094e-19,0.0,29.99999999999999,-51.75,-2.987141537818687e-23,nan,23.42
,0.0,55.0,-46.0,-1.5707963267948963,NO_PATH,7.31241132e-19,0.0,29.99999999999999,-51.75,-2.987141537818687e-23,nan,23.44
,0.0,55.0,-46.0,-1.5707963267948963,NO_PATH,1.22923994e-18,0.0,29.99999999999999,-51.75,-2.987141537818687e-23,nan,23.46
,0.0,55.0,-46.0,-1.5707963267948963,NO_PATH,1.22923994e-18,0.0,29.99999999999999,-51.75,-2.987141537818687e-23,nan,23.48
,0.0,55.0,-46.0,-1.5707963267948963,NO_PATH,4.93615514e-19,0.0,29.99999999999999,-51.75,-2.987141537818687e-23,nan,23.5
,0.0,55.0,-46.0,-1.5707963267948963,NO_PATH,7.90651658e-19,0.0,29.99999999999999,-51.75,-2.987141537818687e-23,nan,23.520000000000003
,0.0,55.0,-46.0,-1.5707963267948963,NO_PATH,7.44338284e-19,0.0,29.99999999999999,-51.75,-2.987141537818687e-23,nan,23.540000000000003
,0.0,55.0,-46.0,-1.5707963267948963,NO_PATH,1.22824441e-19,0.0,29.99999999999999,-51.75,-2.987141537818687e-23,nan,23.560000000000002
,0.0,55.0,-46.0,-1.5707963267948963,NO_PATH,8.20802692e-19,0.0,29.99999999999999,-51.75,-2.987141537818687e-23,nan,23.580000000000002
,0.0,55.0,-46.0,-1.5707963267948963,NO_PATH,-3.88929609e-20,0.0,29.99999999999999,-51.75,-2.987141537818687e-23,nan,23.6
,0.0,55.0,-46.0,-1.5707963267948963,NO_PATH,-3.88929609e-20,0.0,29.99999999999999,-51.75,-2.987141537818687e-23,nan,23.62
,0.0,55.0,-46.0,-1.5707963267948963,NO_PATH,6.4924791e-19,0.0,29.99999999999999,-51.75,-2.987141537818687e-23,nan,23.64
,0.0,55.0,-46.0,-1.5707963267948963,NO_PATH,1.02378691e-19,0.0,29.99999999999999,-51.75,-2.987141537818687e-23,nan,23.66
,0.0,55.0,-46.0,-1.5707963267948963,NO_PATH,1.02378691e-19,0.0,29.99999999999999,-51.75,-2.987141537818687e-23,nan,23.68
,0.0,55.0,-46.0,-1.5707963267948963,NO_PATH,1.34612027e-18,0.0,29.99999999999999,-51.75,-2.987141537818687e-23,nan,23.700000000000003
,0.0,55.0,-46.0,-1.5707963267948963,NO_PATH,1.34612027e-18,0.0,29.99999999999999,-51.75,-2.987141537818687e-23,nan,23.720000000000002
,0.0,55.0,-46.0,-1.5707963267948963,NO_PATH,5.04905206e-19,0.0,29.99999999999999,-51.75,-2.987141537818687e-23,nan,23.740000000000002
,0.0,55.0,-46.0,-1.5707963267948963,NO_PATH,5.04905206e-19,0.0,29.99999999999999,-51.75,-2.987141537818687e-23,nan,23.76
,0.0,55.0,-46.0,-1.5707963267948963,NO_PATH,6.01918977e-19,0.0,29.99999999999999,-51.75,-2.987141537818687e-23,nan,23.78
,0.0,55.0,-46.0,-1.5707963267948963,NO_PATH,8.45994048e-19,0.0,29.99999999999999,-51.75,-2.987141537818687e-23,nan,23.801000000000002
,0.0,55.0,-46.0,-1.5707963267948963,NO_PATH,8.45994048e-19,0.0,29.99999999999999,-51.75,-2.987141537818687e-23,nan,23.82
,0.0,55.0,-46.0,-1.5707963267948963,NO_PATH,1.21575704e-18,0.0,29.99999999999999,-51.75,-2.987141537818687e-23,nan,23.84
,0.0,55.0,-46.0,-1.5707963267948963,NO_PATH,5.3106591e-19,0.0,29.99999999999999,-51.75,-2.987141537818687e-23,nan,23.860000000000003
,0.0,55.0,-46.0,-1.5707963267948963,NO_PATH,3.67014356e-19,0.0,29.99999999999999,-51.75,-2.987141537818687e-23,nan,23.880000000000003
,0.0,55.0,-46.0,-1.5707963267948963,NO_PATH,3.67014356e-19,0.0,29.99999999999999,-51.75,-2.987141537818687e-23,nan,23.900000000000002
,0.0,55.0,-46.0,-1.5707963267948963,NO_PATH,-6.42130867e-20,0.0,29.99999999999999,-51.75,-2.987141537818687e-23,nan,23.92
,0.0,55.0,-46.0,-1.5707963267948963,NO_PATH,2.56709536e-19,0.0,29.99999999999999,-51.75,-2.987141537818687e-23,nan,23.94
,0.0,55.0,-46.0,-1.5707963267948963,NO_PATH,1.13452418e-18,0.0,29.99999999999999,-51.75,-2.987141537818687e-23,nan,23.96
,0.0,55.0,-46.0,-1.5707963267948963,NO_PATH,9.28783564e-19,0.0,29.99999999999999,-51.75,-2.987141537818687e-23,nan,23.98
,0.0,55.0,-46.0,-1.5707963267948963,NO_PATH,9.28783564e-19,0.0,29.99999999999999,-51.75,-2.987141537818687e-23,nan,24.0
,0.0,55.0,-46.0,-1.5707963267948963,NO_PATH,5.00995974e-19,0.0,29.99999999999999,-51.75,-2.987141537818687e-23,nan,24.020000000000003
,0.0,55.0,-46.0,-1.5707963267948963,NO_PATH,8.4817825e-19,0.0,29.99999999999999,-51.75,-2.987141537818687e-23,nan,24.040000000000003
,0.0,55.0,-46.0,-1.5707963267948963,NO_PATH,7.70512463e-19,0.0,29.99999999999999,-51.75,-2.987141537818687e-23,nan,24.060000000000002
,0.0,55.0,-46.0,-1.5707963267948963,NO_PATH,4.02760668e-19,0.0,29.99999999999999,-51.75,-2.987141537818687e-23,nan,24.080000000000002
,0.0,55.0,-46.0,-1.5707963267948963,NO_PATH,4.02760668e-19,0.0,29.99999999999999,-51.75,-2.987141537818687e-23,nan,24.1
,0.0,55.0,-46.0,-1.5707963267948963,NO_PATH,3.40989759e-19,0.0,29.99999999999999,-51.75,-2.987141537818687e-23,nan,24.12
,0.0,55.0,-46.0,-1.5707963267948963,NO_PATH,-4.94803285e-20,0.0,29.99999999999999,-51.75,-2.987141537818687e-23,nan,24.14
,0.0,55.0,-46.0,-1.5707963267948963,NO_PATH,-4.94803285e-20,0.0,29.99999999999999,-51.75,-2.987141537818687e-23,nan,24.16
,0.0,55.0,-46.0,-1.5707963267948963,NO_PATH,-8.20029909e-20,0.0,29.99999999999999,-51.75,-2.987141537818687e-23,nan,24.180000000000003
,0.0,55.0,-46.0,-1.5707963267948963,NO_PATH,4.44646406e-19,0.0,29.99999999999999,-51.75,-2.987141537818687e-23,nan,24.200000000000003
,0.0,55.0,-46.0,-1.5707963267948963,NO_PATH,8.76297914e-19,0.0,29.99999999999999,-51.75,-2.987141537818687e-23,nan,24.220000000000002
,0.0,55.0,-46.0,-1.5707963267948963,NO_PATH,8.76297914e-19,0.0,29.99999999999999,-51.75,-2.987141537818687e-23,nan,24.240000000000002
,0.0,55.0,-46.0,-1.5707963267948963,NO_PATH,6.92769364e-19,0.0,29.99999999999999,-51.75,-2.987141537818687e-23,nan,24.26
,0.0,55.0,-46.0,-1.5707963267948963,NO_PATH,6.47914424e-19,0.0,29.99999999999999,-51.75,-2.987141537818687e-23,nan,24.28
,0.0,55.0,-46.0,-1.5707963267948963,NO_PATH,1.00886309e-18,0.0,29.99999999999999,-51.75,-2.987141537818687e-23,nan,24.3
,0.0,55.0,-46.0,-1.5707963267948963,NO_PATH,7.6995723e-19,0.0,29.99999999999999,-51.75,-2.987141537818687e-23,nan,24.32
,0.0,55.0,-46.0,-1.5707963267948963,NO_PATH,7.6995723e-19,0.0,29.99999999999999,-51.75,-2.987141537818687e-23,nan,24.34
,0.0,55.0,-46.0,-1.5707963267948963,NO_PATH,5.83604964e-19,0.0,29.99999999999999,-51.75,-2.987141537818687e-23,nan,24.360000000000003
,0.0,55.0,-46.0,-1.5707963267948963,NO_PATH,5.83604964e-19,0.0,29.99999999999999,-51.75,-2.987141537818687e-23,nan,24.380000000000003
,0.0,55.0,-46.0,-1.5707963267948963,NO_PATH,1.28389246e-19,0.0,29.99999999999999,-51.75,-2.987141537818687e-23,nan,24.400000000000002
,0.0,55.0,-46.0,-1.5707963267948963,NO_PATH,1.28389246e-19,0.0,29.99999999999999,-51.75,-2.987141537818687e-23,nan,24.42
,0.0,55.0,-46.0,-1.5707963267948963,NO_PATH,5.19205348e-19,0.0,29.99999999999999,-51.75,-2.987141537818687e-23,nan,24.44
,0.0,55.0,-46.0,-1.5707963267948963,NO_PATH,6.68635184e-19,0.0,29.99999999999999,-51.75,-2.987141537818687e-23,nan,24.46
,0.0,55.0,-46.0,-1.5707963267948963,NO_PATH,1.91367328e-19,0.0,29.99999999999999,-51.75,-2.987141537818687e-23,nan,24.48
,0.0,55.0,-46.0,-1.5707963267948963,NO_PATH,1.91367328e-19,0.0,29.99999999999999,-51.75,-2.987141537818687e-23,nan,24.501
,0.0,55.0,-46.0,-1.5707963267948963,NO_PATH,1.85661342e-20,0.0,29.99999999999999,-51.75,-2.987141537818687e-23,nan,24.520000000000003
,0.0,55.0,-46.0,-1.5707963267948963,NO_PATH,-1.73088404e-20,0.0,29.99999999999999,-51.75,-2.987141537818687e-23,nan,24.540000000000003
,0.0,55.0,-46.0,-1.5707963267948963,NO_PATH,-2.28057547e-19,0.0,29.99999999999999,-51.75,-2.987141537818687e-23,nan,24.560000000000002
,0.0,55.0,-46.0,-1.5707963267948963,NO_PATH,-2.28057547e-19,0.0,29.99999999999999,-51.75,-2.987141537818687e-23,nan,24.580000000000002
,0.0,55.0,-46.0,-1.5707963267948963,NO_PATH,4.72910993e-19,0.0,29.99999999999999,-51.75,-2.987141537818687e-23,nan,24.6
,0.0,55.0,-46.0,-1.5707963267948963,NO_PATH,9.20561215e-19,0.0,29.99999999999999,-51.75,-2.987141537818687e-23,nan,24.62
,0.0,55.0,-46.0,-1.5707963267948963,NO_PATH,9.20561215e-19,0.0,29.99999999999999,-51.75,-2.987141537818687e-23,nan,24.64
,0.0,55.0,-46.0,-1.5707963267948963,NO_PATH,9.1999561e-19,0.0,29.99999999999999,-51.75,-2.987141537818687e-23,nan,24.66
,0.0,55.0,-46.0,-1.5707963267948963,NO_PATH,3.54462083e-19,0.0,29.99999999999999,-51.75,-2.987141537818687e-23,nan,24.680000000000003
,0.0,55.0,-46.0,-1.5707963267948963,NO_PATH,3.54462083e-19,0.0,29.99999999999999,-51.75,-2.987141537818687e-23,nan,24.700000000000003
,0.0,55.0,-46.0,-1.5707963267948963,NO_PATH,6.24904456e-20,0.0,29.99999999999999,-51.75,-2.987141537818687e-23,nan,24.720000000000002
,0.0,55.0,-46.0,-1.5707963267948963,NO_PATH,6.24904456e-20,0.0,29.99999999999999,-51.75,-2.987141537818687e-23,nan,24.740000000000002
,0.0,55.0,-46.0,-1.5707963267948963,NO_PATH,9.17235349e-19,0.0,29.99999999999999,-51.75,-2.987141537818687e-23,nan,24.76
,0.0,55.0,-46.0,-1.5707963267948963,NO_PATH,9.17235349e-19,0.0,29.99999999999999,-51.75,-2.987141537818687e-23,nan,24.78
,0.0,55.0,-46.0,-1.5707963267948963,NO_PATH,5.46233692e-19,0.0,29.99999999999999,-51.75,-2.987141537818687e-23,nan,24.8
,0.0,55.0,-46.0,-1.5707963267948963,NO_PATH,9.18300154e-19,0.0,29.99999999999999,-51.75,-2.987141537818687e-23,nan,24.82
,0.0,55.0,-46.0,-1.5707963267948963,NO_PATH,1.56353089e-19,0.0,29.99999999999999,-51.75,-2.987141537818687e-23,nan,24.84
,0.0,55.0,-46.0,-1.5707963267948963,NO_PATH,6.04814493e-19,0.0,29.99999999999999,-51.75,-2.987141537818687e-23,nan,24.860000000000003
,0.0,55.0,-46.0,-1.5707963267948963,NO_PATH,1.10581751e-18,0.0,29.99999999999999,-51.75,-2.987141537818687e-23,nan,24.880000000000003
,0.0,55.0,-46.0,-1.5707963267948963,NO_PATH,1.10581751e-18,0.0,29.99999999999999,-51.75,-2.987141537818687e-23,nan,24.900000000000002
,0.0,55.0,-46.0,-1.5707963267948963,NO_PATH,-3.10666363e-19,0.0,29.99999999999999,-51.75,-2.987141537818687e-23,nan,24.92
,0.0,55.0,-46.0,-1.5707963267948963,NO_PATH,-3.10666363e-19,0.0,29.99999999999999,-51.75,-2.987141537818687e-23,nan,24.94
,0.0,55.0,-46.0,-1.5707963267948963,NO_PATH,-4.69109803e-19,0.0,29.99999999999999,-51.75,-2.987141537818687e-23,nan,24.96
,0.0,55.0,-46.0,-1.5707963267948963,NO_PATH,1.21606461e-18,0.0,29.99999999999999,-51.75,-2.987141537818687e-23,nan,24.98
,0.0,55.0,-46.0,-1.5707963267948963,NO_PATH,1.21606461e-18,0.0,29.99999999999999,-51.75,-2.987141537818687e-23,nan,25.0
,0.0,55.0,-46.0,-1.5707963267948963,NO_PATH,8.50073858e-19,0.0,29.99999999999999,-51.75,-2.987141537818687e-23,nan,25.020000000000003
,0.0,55.0,-46.0,-1.5707963267948963,NO_PATH,1.93313361e-19,0.0,29.99999999999999,-51.75,-2.987141537818687e-23,nan,25.040000000000003
,0.0,55.0,-46.0,-1.5707963267948963,NO_PATH,4.93834124e-19,0.0,29.99999999999999,-51.75,-2.987141537818687e-23,nan,25.060000000000002
,0.0,55.0,-46.0,-1.5707963267948963,NO_PATH,4.93834124e-19,0.0,29.99999999999999,-51.75,-2.987141537818687e-23,nan,25.080000000000002
,0.0,55.0,-46.0,-1.5707963267948963,NO_PATH,3.9143657e-19,0.0,29.99999999999999,-51.75,-2.987141537818687e-23,nan,25.1
,0.0,55.0,-46.0,-1.5707963267948963,NO_PATH,6.24234356e-19,0.0,29.99999999999999,-51.75,-2.987141537818687e-23,nan,25.12
,0.0,55.0,-46.0,-1.5707963267948963,NO_PATH,4.74389487e-19,0.0,29.99999999999999,-51.75,-2.987141537818687e-23,nan,25.14
,0.0,55.0,-46.0,-1.5707963267948963,NO_PATH,9.2443323e-19,0.0,29.99999999999999,-51.75,-2.987141537818687e-23,nan,25.16
,0.0,55.0,-46.0,-1.5707963267948963,NO_PATH,4.75980373e-19,0.0,29.99999999999999,-51.75,-2.987141537818687e-23,nan,25.180000000000003
,0.0,55.0,-46.0,-1.5707963267948963,NO_PATH,6.31361588e-19,0.0,29.99999999999999,-51.75,-2.987141537818687e-23,nan,25.200000000000003
,0.0,55.0,-46.0,-1.5707963267948963,NO_PATH,6.31361588e-19,0.0,29.99999999999999,-51.75,-2.987141537818687e-23,nan,25.220000000000002
,0.0,55.0,-46.0,-1.5707963267948963,NO_PATH,3.40277256e-19,0.0,29.99999999999999,-51.75,-2.987141537818687e-23,nan,25.240000000000002
,0.0,55.0,-46.0,-1.5707963267948963,NO_PATH,5.26527717e-19,0.0,29.99999999999999,-51.75,-2.987141537818687e-23,nan,25.26
,0.0,55.0,-46.0,-1.5707963267948963,NO_PATH,4.00815021e-19,0.0,29.99999999999999,-51.75,-2.987141537818687e-23,nan,25.28
,0.0,55.0,-46.0,-1.5707963267948963,NO_PATH,4.35471975e-19,0.0,29.99999999999999,-51.75,-2.987141537818687e-23,nan,25.301000000000002
,0.0,55.0,-46.0,-1.5707963267948963,NO_PATH,2.6434389e-20,0.0,29.99999999999999,-51.75,-2.987141537818687e-23,nan,25.32
,0.0,55.0,-46.0,-1.5707963267948963,NO_PATH,2.6434389e-20,0.0,29.99999999999999,-51.75,-2.987141537818687e-23,nan,25.34
,0.0,55.0,-46.0,-1.5707963267948963,NO_PATH,-5.89697677e-20,0.0,29.99999999999999,-51.75,-2.987141537818687e-23,nan,25.360000000000003
,0.0,55.0,-46.0,-1.5707963267948963,NO_PATH,3.01318453e-19,0.0,29.99999999999999,-51.75,-2.987141537818687e-23,nan,25.380000000000003
,0.0,55.0,-46.0,-1.5707963267948963,NO_PATH,3.01318453e-19,0.0,29.99999999999999,-51.75,-2.987141537818687e-23,nan,25.400000000000002
,0.0,55.0,-46.0,-1.5707963267948963,NO_PATH,5.05530319e-19,0.0,29.99999999999999,-51.75,-2.987141537818687e-23,nan,25.42
,0.0,55.0,-46.0,-1.5707963267948963,NO_PATH,8.16262141e-19,0.0,29.99999999999999,-51.75,-2.987141537818687e-23,nan,25.44
,0.0,55.0,-46.0,-1.5707963267948963,NO_PATH,3.60827501e-19,0.0,29.99999999999999,-51.75,-2.987141537818687e-23,nan,25.461000000000002
,0.0,55.0,-46.0,-1.5707963267948963,NO_PATH,3.60827501e-19,0.0,29.99999999999999,-51.75,-2.987141537818687e-23,nan,25.48
,0.0,55.0,-46.0,-1.5707963267948963,NO_PATH,5.83873093e-19,0.0,29.99999999999999,-51.75,-2.987141537818687e-23,nan,25.5
,0.0,55.0,-46.0,-1.5707963267948963,NO_PATH,5.83873093e-19,0.0,29.99999999999999,-51.75,-2.987141537818687e-23,nan,25.521
,0.0,55.0,-46.0,-1.5707963267948963,NO_PATH,9.14957915e-19,0.0,29.99999999999999,-51.75,-2.987141537818687e-23,nan,25.540000000000003
,0.0,55.0,-46.0,-1.5707963267948963,NO_PATH,9.14957915e-19,0.0,29.99999999999999,-51.75,-2.987141537818687e-23,nan,25.560000000000002
,0.0,55.0,-46.0,-1.5707963267948963,NO_PATH,-1.73284315e-20,0.0,29.99999999999999,-51.75,-2.987141537818687e-23,nan,25.580000000000002
,0.0,55.0,-46.0,-1.5707963267948963,NO_PATH,8.87856193e-19,0.0,29.99999999999999,-51.75,-2.987141537818687e-23,nan,25.6
,0.0,55.0,-46.0,-1.5707963267948963,NO_PATH,3.89417558e-20,0.0,29.99999999999999,-51.75,-2.987141537818687e-23,nan,25.62
,0.0,55.0,-46.0,-1.5707963267948963,NO_PATH,-1.99607117e-20,0.0,29.99999999999999,-51.75,-2.987141537818687e-23,nan,25.64
,0.0,55.0,-46.0,-1.5707963267948963,NO_PATH,-1.99607117e-20,0.0,29.99999999999999,-51.75,-2.987141537818687e-23,nan,25.66
,0.0,55.0,-46.0,-1.5707963267948963,NO_PATH,1.01661573e-18,0.0,29.99999999999999,-51.75,-2.987141537818687e-23,nan,25.680000000000003
,0.0,55.0,-46.0,-1.5707963267948963,NO_PATH,1.01661573e-18,0.0,29.99999999999999,-51.75,-2.987141537818687e-23,nan,25.700000000000003
,0.0,55.0,-46.0,-1.5707963267948963,NO_PATH,-3.87588597e-19,0.0,29.99999999999999,-51.75,-2.987141537818687e-23,nan,25.720000000000002
,0.0,55.0,-46.0,-1.5707963267948963,NO_PATH,1.21073215e-18,0.0,29.99999999999999,-51.75,-2.987141537818687e-23,nan,25.740000000000002
,0.0,55.0,-46.0,-1.5707963267948963,NO_PATH,5.91747176e-19,0.0,29.99999999999999,-51.75,-2.987141537818687e-23,nan,25.76
,0.0,55.0,-46.0,-1.5707963267948963,NO_PATH,5.40416258e-19,0.0,29.99999999999999,-51.75,-2.987141537818687e-23,nan,25.78
,0.0,55.0,-46.0,-1.5707963267948963,NO_PATH,5.40416258e-19,0.0,29.99999999999999,-51.75,-2.987141537818687e-23,nan,25.8
,0.0,55.0,-46.0,-1.5707963267948963,NO_PATH,1.26564832e-19,0.0,29.99999999999999,-51.75,-2.987141537818687e-23,nan,25.82
,0.0,55.0,-46.0,-1.5707963267948963,NO_PATH,1.26564832e-19,0.0,29.99999999999999,-51.75,-2.987141537818687e-23,nan,25.84
,0.0,55.0,-46.0,-1.5707963267948963,NO_PATH,7.54086217e-19,0.0,29.99999999999999,-51.75,-2.987141537818687e-23,nan,25.860000000000003
,0.0,55.0,-46.0,-1.5707963267948963,NO_PATH,7.54086217e-19,0.0,29.99999999999999,-51.75,-2.987141537818687e-23,nan,25.880000000000003
,0.0,55.0,-46.0,-1.5707963267948963,NO_PATH,3.70664105e-19,0.0,29.99999999999999,-51.75,-2.987141537818687e-23,nan,25.900000000000002
,0.0,55.0,-46.0,-1.5707963267948963,NO_PATH,6.60954396e-19,0.0,29.99999999999999,-51.75,-2.987141537818687e-23,nan,25.92
,0.0,55.0,-46.0,-1.5707963267948963,NO_PATH,2.17139607e-19,0.0,29.99999999999999,-51.75,-2.987141537818687e-23,nan,25.94
,0.0,55.0,-46.0,-1.5707963267948963,NO_PATH,3.40687924e-20,0.0,29.99999999999999,-51.75,-2.987141537818687e-23,nan,25.96
,0.0,55.0,-46.0,-1.5707963267948963,NO_PATH,3.12234769e-19,0.0,29.99999999999999,-51.75,-2.987141537818687e-23,nan,25.98
,0.0,55.0,-46.0,-1.5707963267948963,NO_PATH,3.12234769e-19,0.0,29.99999999999999,-51.75,-2.987141537818687e-23,nan,26.0
,0.0,55.0,-46.0,-1.5707963267948963,NO_PATH,7.8272888e-19,0.0,29.99999999999999,-51.75,-2.987141537818687e-23,nan,26.020000000000003
,0.0,55.0,-46.0,-1.5707963267948963,NO_PATH,-6.89067092e-20,0.0,29.99999999999999,-51.75,-2.987141537818687e-23,nan,26.040000000000003
,0.0,55.0,-46.0,-1.5707963267948963,NO_PATH,7.22560135e-19,0.0,29.99999999999999,-51.75,-2.987141537818687e-23,nan,26.060000000000002
,0.0,55.0,-46.0,-1.5707963267948963,NO_PATH,7.22560135e-19,0.0,29.99999999999999,-51.75,-2.987141537818687e-23,nan,26.080000000000002
,0.0,55.0,-46.0,-1.5707963267948963,NO_PATH,5.72720449e-19,0.0,29.99999999999999,-51.75,-2.987141537818687e-23,nan,26.1
,0.0,55.0,-46.0,-1.5707963267948963,NO_PATH,4.61107663e-19,0.0,29.99999999999999,-51.75,-2.987141537818687e-23,nan,26.12
,0.0,55.0,-46.0,-1.5707963267948963,NO_PATH,1.51723975e-19,0.0,29.99999999999999,-51.75,-2.987141537818687e-23,nan,26.14
,0.0,55.0,-46.0,-1.5707963267948963,NO_PATH,1.00342382e-18,0.0,29.99999999999999,-51.75,-2.987141537818687e-23,nan,26.16
,0.0,55.0,-46.0,-1.5707963267948963,NO_PATH,1.06620326e-18,0.0,29.99999999999999,-51.75,-2.987141537818687e-23,nan,26.180000000000003
,0.0,55.0,-46.0,-1.5707963267948963,NO_PATH,-1.38257005e-20,0.0,29.99999999999999,-51.75,-2.987141537818687e-23,nan,26.200000000000003
,0.0,55.0,-46.0,-1.5707963267948963,NO_PATH,-1.38257005e-20,0.0,29.99999999999999,-51.75,-2.987141537818687e-23,nan,26.220000000000002
,0.0,55.0,-46.0,-1.5707963267948963,NO_PATH,8.95900903e-19,0.0,29.99999999999999,-51.75,-2.987141537818687e-23,nan,26.240000000000002
,0.0,55.0,-46.0,-1.5707963267948963,NO_PATH,6.07266741e-19,0.0,29.99999999999999,-51.75,-2.987141537818687e-23,nan,26.26
,0.0,55.0,-46.0,-1.5707963267948963,NO_PATH,8.42905061e-19,0.0,29.99999999999999,-51.75,-2.987141537818687e-23,nan,26.28
,0.0,55.0,-46.0,-1.5707963267948963,NO_PATH,8.7894695e-19,0.0,29.99999999999999,-51.75,-2.987141537818687e-23,nan,26.3
,0.0,55.0,-46.0,-1.5707963267948963,NO_PATH,8.64355754e-19,0.0,29.99999999999999,-51.75,-2.987141537818687e-23,nan,26.32
,0.0,55.0,-46.0,-1.5707963267948963,NO_PATH,4.0564135e-19,0.0,29.99999999999999,-51.75,-2.987141537818687e-23,nan,26.340000000000003
,0.0,55.0,-46.0,-1.5707963267948963,NO_PATH,4.0564135e-19,0.0,29.99999999999999,-51.75,-2.987141537818687e-23,nan,26.360000000000003
,0.0,55.0,-46.0,-1.5707963267948963,NO_PATH,6.59165486e-19,0.0,29.99999999999999,-51.75,-2.987141537818687e-23,nan,26.380000000000003
,0.0,55.0,-46.0,-1.5707963267948963,NO_PATH,6.59165486e-19,0.0,29.99999999999999,-51.75,-2.987141537818687e-23,nan,26.400000000000002
,0.0,55.0,-46.0,-1.5707963267948963,NO_PATH,3.33904279e-19,0.0,29.99999999999999,-51.75,-2.987141537818687e-23,nan,26.42
,0.0,55.0,-46.0,-1.5707963267948963,NO_PATH,1.28008465e-19,0.0,29.99999999999999,-51.75,-2.987141537818687e-23,nan,26.44
,0.0,55.0,-46.0,-1.5707963267948963,NO_PATH,6.30420291e-19,0.0,29.99999999999999,-51.75,-2.987141537818687e-23,nan,26.46
,0.0,55.0,-46.0,-1.5707963267948963,NO_PATH,1.62262494e-19,0.0,29.99999999999999,-51.75,-2.987141537818687e-23,nan,26.48
,0.0,55.0,-46.0,-1.5707963267948963,NO_PATH,5.93984173e-19,0.0,29.99999999999999,-51.75,-2.987141537818687e-23,nan,26.501
,0.0,55.0,-46.0,-1.5707963267948963,NO_PATH,5.93984173e-19,0.0,29.99999999999999,-51.75,-2.987141537818687e-23,nan,26.520000000000003
,0.0,55.0,-46.0,-1.5707963267948963,NO_PATH,9.78846889e-19,0.0,29.99999999999999,-51.75,-2.987141537818687e-23,nan,26.540000000000003
,0.0,55.0,-46.0,-1.5707963267948963,NO_PATH,9.78846889e-19,0.0,29.99999999999999,-51.75,-2.987141537818687e-23,nan,26.560000000000002
,0.0,55.0,-46.0,-1.5707963267948963,NO_PATH,-2.57577831e-19,0.0,29.99999999999999,-51.75,-2.987141537818687e-23,nan,26.580000000000002
,0.0,55.0,-46.0,-1.5707963267948963,NO_PATH,-2.57577831e-19,0.0,29.99999999999999,-51.75,-2.987141537818687e-23,nan,26.6
,0.0,55.0,-46.0,-1.5707963267948963,NO_PATH,6.33347089e-19,0.0,29.99999999999999,-51.75,-2.987141537818687e-23,nan,26.62
,0.0,55.0,-46.0,-1.5707963267948963,NO_PATH,4.84440763e-19,0.0,29.99999999999999,-51.75,-2.987141537818687e-23,nan,26.64
,0.0,55.0,-46.0,-1.5707963267948963,NO_PATH,8.98274687e-19,0.0,29.99999999999999,-51.75,-2.987141537818687e-23,nan,26.66
,0.0,55.0,-46.0,-1.5707963267948963,NO_PATH,8.98274687e-19,0.0,29.99999999999999,-51.75,-2.987141537818687e-23,nan,26.680000000000003
,0.0,55.0,-46.0,-1.5707963267948963,NO_PATH,1.77369972e-19,0.0,29.99999999999999,-51.75,-2.987141537818687e-23,nan,26.701
,0.0,55.0,-46.0,-1.5707963267948963,NO_PATH,1.77369972e-19,0.0,29.99999999999999,-51.75,-2.987141537818687e-23,nan,26.720000000000002
,0.0,55.0,-46.0,-1.5707963267948963,NO_PATH,4.11806781e-19,0.0,29.99999999999999,-51.75,-2.987141537818687e-23,nan,26.740000000000002
,0.0,55.0,-46.0,-1.5707963267948963,NO_PATH,6.33740315e-19,0.0,29.99999999999999,-51.75,-2.987141537818687e-23,nan,26.76
,0.0,55.0,-46.0,-1.5707963267948963,NO_PATH,6.33740315e-19,0.0,29.99999999999999,-51.75,-2.987141537818687e-23,nan,26.78
,0.0,55.0,-46.0,-1.5707963267948963,NO_PATH,3.71697728e-19,0.0,29.99999999999999,-51.75,-2.987141537818687e-23,nan,26.8
,0.0,55.0,-46.0,-1.5707963267948963,NO_PATH,9.13827754e-19,0.0,29.99999999999999,-51.75,-2.987141537818687e-23,nan,26.82
,0.0,55.0,-46.0,-1.5707963267948963,NO_PATH,8.2671827e-19,0.0,29.99999999999999,-51.75,-2.987141537818687e-23,nan,26.840000000000003
,0.0,55.0,-46.0,-1.5707963267948963,NO_PATH,7.52011276e-19,0.0,29.99999999999999,-51.75,-2.987141537818687e-23,nan,26.860000000000003
,0.0,55.0,-46.0,-1.5707963267948963,NO_PATH,9.3336788e-19,0.0,29.99999999999999,-51.75,-2.987141537818687e-23,nan,26.880000000000003
,0.0,55.0,-46.0,-1.5707963267948963,NO_PATH,9.3336788e-19,0.0,29.99999999999999,-51.75,-2.987141537818687e-23,nan,26.900000000000002
,0.0,55.0,-46.0,-1.5707963267948963,NO_PATH,5.38418449e-19,0.0,29.99999999999999,-51.75,-2.987141537818687e-23,nan,26.92
,0.0,55.0,-46.0,-1.5707963267948963,NO_PATH,7.31303832e-19,0.0,29.99999999999999,-51.75,-2.987141537818687e-23,nan,26.94
,0.0,55.0,-46.0,-1.5707963267948963,NO_PATH,2.44894631e-19,0.0,29.99999999999999,-51.75,-2.987141537818687e-23,nan,26.96
,0.0,55.0,-46.0,-1.5707963267948963,NO_PATH,5.58085873e-19,0.0,29.99999999999999,-51.75,-2.987141537818687e-23,nan,26.98
,0.0,55.0,-46.0,-1.5707963267948963,NO_PATH,5.74346498e-19,0.0,29.99999999999999,-51.75,-2.987141537818687e-23,nan,27.0
,0.0,55.0,-46.0,-1.5707963267948963,NO_PATH,5.74346498e-19,0.0,29.99999999999999,-51.75,-2.987141537818687e-23,nan,27.020000000000003
,0.0,55.0,-46.0,-1.5707963267948963,NO_PATH,3.93936864e-19,0.0,29.99999999999999,-51.75,-2.987141537818687e-23,nan,27.040000000000003
,0.0,55.0,-46.0,-1.5707963267948963,NO_PATH,5.1885438e-19,0.0,29.99999999999999,-51.75,-2.987141537818687e-23,nan,27.060000000000002
,0.0,55.0,-46.0,-1.5707963267948963,NO_PATH,5.1885438e-19,0.0,29.99999999999999,-51.75,-2.987141537818687e-23,nan,27.080000000000002
,0.0,55.0,-46.0,-1.5707963267948963,NO_PATH,6.96495254e-19,0.0,29.99999999999999,-51.75,-2.987141537818687e-23,nan,27.1
,0.0,55.0,-46.0,-1.5707963267948963,NO_PATH,6.96495254e-19,0.0,29.99999999999999,-51.75,-2.987141537818687e-23,nan,27.12
,0.0,55.0,-46.0,-1.5707963267948963,NO_PATH,8.96633636e-19,0.0,29.99999999999999,-51.75,-2.987141537818687e-23,nan,27.14
,0.0,55.0,-46.0,-1.5707963267948963,NO_PATH,2.47046691e-19,0.0,29.99999999999999,-51.75,-2.987141537818687e-23,nan,27.16
,0.0,55.0,-46.0,-1.5707963267948963,NO_PATH,-1.47392822e-19,0.0,29.99999999999999,-51.75,-2.987141537818687e-23,nan,27.180000000000003
,0.0,55.0,-46.0,-1.5707963267948963,NO_PATH,3.00679975e-19,0.0,29.99999999999999,-51.75,-2.987141537818687e-23,nan,27.200000000000003
,0.0,55.0,-46.0,-1.5707963267948963,NO_PATH,3.00679975e-19,0.0,29.99999999999999,-51.75,-2.987141537818687e-23,nan,27.220000000000002
,0.0,55.0,-46.0,-1.5707963267948963,NO_PATH,4.98376578e-19,0.0,29.99999999999999,-51.75,-2.987141537818687e-23,nan,27.240000000000002
,0.0,55.0,-46.0,-1.5707963267948963,NO_PATH,4.26500411e-19,0.0,29.99999999999999,-51.75,-2.987141537818687e-23,nan,27.26
,0.0,55.0,-46.0,-1.5707963267948963,NO_PATH,9.08152431e-19,0.0,29.99999999999999,-51.75,-2.987141537818687e-23,nan,27.28
,0.0,55.0,-46.0,-1.5707963267948963,NO_PATH,9.08318102e-20,0.0,29.99999999999999,-51.75,-2.987141537818687e-23,nan,27.301000000000002
,0.0,55.0,-46.0,-1.5707963267948963,NO_PATH,5.90072465e-19,0.0,29.99999999999999,-51.75,-2.987141537818687e-23,nan,27.32
,0.0,55.0,-46.0,-1.5707963267948963,NO_PATH,5.90072465e-19,0.0,29.99999999999999,-51.75,-2.987141537818687e-23,nan,27.340000000000003
,0.0,55.0,-46.0,-1.5707963267948963,NO_PATH,3.6230042e-19,0.0,29.99999999999999,-51.75,-2.987141537818687e-23,nan,27.360000000000003
,0.0,55.0,-46.0,-1.5707963267948963,NO_PATH,7.6084237e-19,0.0,29.99999999999999,-51.75,-2.987141537818687e-23,nan,27.380000000000003
,0.0,55.0,-46.0,-1.5707963267948963,NO_PATH,7.6084237e-19,0.0,29.99999999999999,-51.75,-2.987141537818687e-23,nan,27.401000000000003
,0.0,55.0,-46.0,-1.5707963267948963,NO_PATH,7.04330206e-19,0.0,29.99999999999999,-51.75,-2.987141537818687e-23,nan,27.42
,0.0,55.0,-46.0,-1.5707963267948963,NO_PATH,-2.43370569e-19,0.0,29.99999999999999,-51.75,-2.987141537818687e-23,nan,27.44
,0.0,55.0,-46.0,-1.5707963267948963,NO_PATH,-2.32111121e-19,0.0,29.99999999999999,-51.75,-2.987141537818687e-23,nan,27.46
,0.0,55.0,-46.0,-1.5707963267948963,NO_PATH,5.87183774e-19,0.0,29.99999999999999,-51.75,-2.987141537818687e-23,nan,27.48
,0.0,55.0,-46.0,-1.5707963267948963,NO_PATH,5.87183774e-19,0.0,29.99999999999999,-51.75,-2.987141537818687e-23,nan,27.5
,0.0,55.0,-46.0,-1.5707963267948963,NO_PATH,8.17759768e-19,0.0,29.99999999999999,-51.75,-2.987141537818687e-23,nan,27.520000000000003
,0.0,55.0,-46.0,-1.5707963267948963,NO_PATH,3.88507992e-19,0.0,29.99999999999999,-51.75,-2.987141537818687e-23,nan,27.540000000000003
,0.0,55.0,-46.0,-1.5707963267948963,NO_PATH,3.34641289e-19,0.0,29.99999999999999,-51.75,-2.987141537818687e-23,nan,27.560000000000002
,0.0,55.0,-46.0,-1.5707963267948963,NO_PATH,3.42126067e-19,0.0,29.99999999999999,-51.75,-2.987141537818687e-23,nan,27.580000000000002
,0.0,55.0,-46.0,-1.5707963267948963,NO_PATH,3.42126067e-19,0.0,29.99999999999999,-51.75,-2.987141537818687e-23,nan,27.6
,0.0,55.0,-46.0,-1.5707963267948963,NO_PATH,7.27136037e-19,0.0,29.99999999999999,-51.75,-2.987141537818687e-23,nan,27.62
,0.0,55.0,-46.0,-1.5707963267948963,NO_PATH,2.51598263e-19,0.0,29.99999999999999,-51.75,-2.987141537818687e-23,nan,27.64
,0.0,55.0,-46.0,-1.5707963267948963,NO_PATH,4.44790373e-19,0.0,29.99999999999999,-51.75,-2.987141537818687e-23,nan,27.66
,0.0,55.0,-46.0,-1.5707963267948963,NO_PATH,1.14857524e-18,0.0,29.99999999999999,-51.75,-2.987141537818687e-23,nan,27.680000000000003
,0.0,55.0,-46.0,-1.5707963267948963,NO_PATH,8.75701621e-19,0.0,29.99999999999999,-51.75,-2.987141537818687e-23,nan,27.700000000000003
,0.0,55.0,-46.0,-1.5707963267948963,NO_PATH,8.75701621e-19,0.0,29.99999999999999,-51.75,-2.987141537818687e-23,nan,27.720000000000002
,0.0,55.0,-46.0,-1.5707963267948963,NO_PATH,3.17219575e-19,0.0,29.99999999999999,-51.75,-2.987141537818687e-23,nan,27.740000000000002
,0.0,55.0,-46.0,-1.5707963267948963,NO_PATH,1.16672585e-18,0.0,29.99999999999999,-51.75,-2.987141537818687e-23,nan,27.76
,0.0,55.0,-46.0,-1.5707963267948963,NO_PATH,4.94900546e-19,0.0,29.99999999999999,-51.75,-2.987141537818687e-23,nan,27.78
,0.0,55.0,-46.0,-1.5707963267948963,NO_PATH,4.94900546e-19,0.0,29.99999999999999,-51.75,-2.987141537818687e-23,nan,27.8
,0.0,55.0,-46.0,-1.5707963267948963,NO_PATH,1.52739942e-19,0.0,29.99999999999999,-51.75,-2.987141537818687e-23,nan,27.82
,0.0,55.0,-46.0,-1.5707963267948963,NO_PATH,6.92277707e-19,0.0,29.99999999999999,-51.75,-2.987141537818687e-23,nan,27.840000000000003
,0.0,55.0,-46.0,-1.5707963267948963,NO_PATH,6.92277707e-19,0.0,29.99999999999999,-51.75,-2.987141537818687e-23,nan,27.860000000000003
,0.0,55.0,-46.0,-1.5707963267948963,NO_PATH,5.13243372e-19,0.0,29.99999999999999,-51.75,-2.987141537818687e-23,nan,27.880000000000003
,0.0,55.0,-46.0,-1.5707963267948963,NO_PATH,5.13243372e-19,0.0,29.99999999999999,-51.75,-2.987141537818687e-23,nan,27.900000000000002
,0.0,55.0,-46.0,-1.5707963267948963,NO_PATH,8.340155e-19,0.0,29.99999999999999,-51.75,-2.987141537818687e-23,nan,27.92
,0.0,55.0,-46.0,-1.5707963267948963,NO_PATH,5.57332251e-19,0.0,29.99999999999999,-51.75,-2.987141537818687e-23,nan,27.94
,0.0,55.0,-46.0,-1.5707963267948963,NO_PATH,3.93337652e-19,0.0,29.99999999999999,-51.75,-2.987141537818687e-23,nan,27.96
,0.0,55.0,-46.0,-1.5707963267948963,NO_PATH,8.12161855e-19,0.0,29.99999999999999,-51.75,-2.987141537818687e-23,nan,27.98
,0.0,55.0,-46.0,-1.5707963267948963,NO_PATH,8.12161855e-19,0.0,29.99999999999999,-51.75,-2.987141537818687e-23,nan,28.0
,0.0,55.0,-46.0,-1.5707963267948963,NO_PATH,8.3390778e-19,0.0,29.99999999999999,-51.75,-2.987141537818687e-23,nan,28.020000000000003
,0.0,55.0,-46.0,-1.5707963267948963,NO_PATH,2.86918718e-19,0.0,29.99999999999999,-51.75,-2.987141537818687e-23,nan,28.040000000000003
,0.0,55.0,-46.0,-1.5707963267948963,NO_PATH,5.07124835e-19,0.0,29.99999999999999,-51.75,-2.987141537818687e-23,nan,28.060000000000002
,0.0,55.0,-46.0,-1.5707963267948963,NO_PATH,1.78925258e-19,0.0,29.99999999999999,-51.75,-2.987141537818687e-23,nan,28.080000000000002
,0.0,55.0,-46.0,-1.5707963267948963,NO_PATH,1.39829844e-18,0.0,29.99999999999999,-51.75,-2.987141537818687e-23,nan,28.1
,0.0,55.0,-46.0,-1.5707963267948963,NO_PATH,2.18174783e-19,0.0,29.99999999999999,-51.75,-2.987141537818687e-23,nan,28.12
,0.0,55.0,-46.0,-1.5707963267948963,NO_PATH,2.18174783e-19,0.0,29.99999999999999,-51.75,-2.987141537818687e-23,nan,28.14
,0.0,55.0,-46.0,-1.5707963267948963,NO_PATH,3.1550611e-20,0.0,29.99999999999999,-51.75,-2.987141537818687e-23,nan,28.16
,0.0,55.0,-46.0,-1.5707963267948963,NO_PATH,3.1550611e-20,0.0,29.99999999999999,-51.75,-2.987141537818687e-23,nan,28.180000000000003
,0.0,55.0,-46.0,-1.5707963267948963,NO_PATH,6.3616145e-19,0.0,29.99999999999999,-51.75,-2.987141537818687e-23,nan,28.200000000000003
,0.0,55.0,-46.0,-1.5707963267948963,NO_PATH,6.3616145e-19,0.0,29.99999999999999,-51.75,-2.987141537818687e-23,nan,28.220000000000002
,0.0,55.0,-46.0,-1.5707963267948963,NO_PATH,4.88189779e-20,0.0,29.99999999999999,-51.75,-2.987141537818687e-23,nan,28.240000000000002
,0.0,55.0,-46.0,-1.5707963267948963,NO_PATH,7.63060885e-19,0.0,29.99999999999999,-51.75,-2.987141537818687e-23,nan,28.261000000000003
,0.0,55.0,-46.0,-1.5707963267948963,NO_PATH,9.83541073e-19,0.0,29.99999999999999,-51.75,-2.987141537818687e-23,nan,28.28
,0.0,55.0,-46.0,-1.5707963267948963,NO_PATH,9.00507142e-19,0.0,29.99999999999999,-51.75,-2.987141537818687e-23,nan,28.3
,0.0,55.0,-46.0,-1.5707963267948963,NO_PATH,9.00507142e-19,0.0,29.99999999999999,-51.75,-2.987141537818687e-23,nan,28.32
,0.0,55.0,-46.0,-1.5707963267948963,NO_PATH,8.12094822e-19,0.0,29.99999999999999,-51.75,-2.987141537818687e-23,nan,28.340000000000003
,0.0,55.0,-46.0,-1.5707963267948963,NO_PATH,5.16803961e-19,0.0,29.99999999999999,-51.75,-2.987141537818687e-23,nan,28.360000000000003
,0.0,55.0,-46.0,-1.5707963267948963,NO_PATH,1.09206871e-18,0.0,29.99999999999999,-51.75,-2.987141537818687e-23,nan,28.380000000000003
,0.0,55.0,-46.0,-1.5707963267948963,NO_PATH,5.99185143e-19,0.0,29.99999999999999,-51.75,-2.987141537818687e-23,nan,28.400000000000002
,0.0,55.0,-46.0,-1.5707963267948963,NO_PATH,3.39286829e-19,0.0,29.99999999999999,-51.75,-2.987141537818687e-23,nan,28.42
,0.0,55.0,-46.0,-1.5707963267948963,NO_PATH,3.39286829e-19,0.0,29.99999999999999,-51.75,-2.987141537818687e-23,nan,28.44
,0.0,55.0,-46.0,-1.5707963267948963,NO_PATH,9.68900344e-19,0.0,29.99999999999999,-51.75,-2.987141537818687e-23,nan,28.46
,0.0,55.0,-46.0,-1.5707963267948963,NO_PATH,9.68900344e-19,0.0,29.99999999999999,-51.75,-2.987141537818687e-23,nan,28.48
,0.0,55.0,-46.0,-1.5707963267948963,NO_PATH,3.69192088e-19,0.0,29.99999999999999,-51.75,-2.987141537818687e-23,nan,28.5
,0.0,55.0,-46.0,-1.5707963267948963,NO_PATH,-6.52640552e-20,0.0,29.99999999999999,-51.75,-2.987141537818687e-23,nan,28.520000000000003
,0.0,55.0,-46.0,-1.5707963267948963,NO_PATH,4.27811939e-19,0.0,29.99999999999999,-51.75,-2.987141537818687e-23,nan,28.540000000000003
,0.0,55.0,-46.0,-1.5707963267948963,NO_PATH,4.27811939e-19,0.0,29.99999999999999,-51.75,-2.987141537818687e-23,nan,28.560000000000002
,0.0,55.0,-46.0,-1.5707963267948963,NO_PATH,5.02400061e-19,0.0,29.99999999999999,-51.75,-2.987141537818687e-23,nan,28.580000000000002
,0.0,55.0,-46.0,-1.5707963267948963,NO_PATH,6.46593574e-19,0.0,29.99999999999999,-51.75,-2.987141537818687e-23,nan,28.6
,0.0,55.0,-46.0,-1.5707963267948963,NO_PATH,4.47790637e-19,0.0,29.99999999999999,-51.75,-2.987141537818687e-23,nan,28.62
,0.0,55.0,-46.0,-1.5707963267948963,NO_PATH,4.47790637e-19,0.0,29.99999999999999,-51.75,-2.987141537818687e-23,nan,28.64
,0.0,55.0,-46.0,-1.5707963267948963,NO_PATH,4.68674064e-19,0.0,29.99999999999999,-51.75,-2.987141537818687e-23,nan,28.66
,0.0,55.0,-46.0,-1.5707963267948963,NO_PATH,2.40988501e-19,0.0,29.99999999999999,-51.75,-2.987141537818687e-23,nan,28.680000000000003
,0.0,55.0,-46.0,-1.5707963267948963,NO_PATH,2.40988501e-19,0.0,29.99999999999999,-51.75,-2.987141537818687e-23,nan,28.700000000000003
,0.0,55.0,-46.0,-1.5707963267948963,NO_PATH,2.81438081e-19,0.0,29.99999999999999,-51.75,-2.987141537818687e-23,nan,28.720000000000002
,0.0,55.0,-46.0,-1.5707963267948963,NO_PATH,2.81438081e-19,0.0,29.99999999999999,-51.75,-2.987141537818687e-23,nan,28.740000000000002
,0.0,55.0,-46.0,-1.5707963267948963,NO_PATH,8.87612211e-19,0.0,29.99999999999999,-51.75,-2.987141537818687e-23,nan,28.76
,0.0,55.0,-46.0,-1.5707963267948963,NO_PATH,8.87612211e-19,0.0,29.99999999999999,-51.75,-2.987141537818687e-23,nan,28.78
,0.0,55.0,-46.0,-1.5707963267948963,NO_PATH,4.69632809e-19,0.0,29.99999999999999,-51.75,-2.987141537818687e-23,nan,28.8
,0.0,55.0,-46.0,-1.5707963267948963,NO_PATH,8.49617142e-19,0.0,29.99999999999999,-51.75,-2.987141537818687e-23,nan,28.82
,0.0,55.0,-46.0,-1.5707963267948963,NO_PATH,2.53626834e-19,0.0,29.99999999999999,-51.75,-2.987141537818687e-23,nan,28.841
,0.0,55.0,-46.0,-1.5707963267948963,NO_PATH,2.53626834e-19,0.0,29.99999999999999,-51.75,-2.987141537818687e-23,nan,28.860000000000003
,0.0,55.0,-46.0,-1.5707963267948963,NO_PATH,4.41388842e-19,0.0,29.99999999999999,-51.75,-2.987141537818687e-23,nan,28.880000000000003
,0.0,55.0,-46.0,-1.5707963267948963,NO_PATH,2.15708093e-20,0.0,29.99999999999999,-51.75,-2.987141537818687e-23,nan,28.900000000000002
,0.0,55.0,-46.0,-1.5707963267948963,NO_PATH,6.22630619e-19,0.0,29.99999999999999,-51.75,-2.987141537818687e-23,nan,28.92
,0.0,55.0,-46.0,-1.5707963267948963,NO_PATH,5.20714101e-19,0.0,29.99999999999999,-51.75,-2.987141537818687e-23,nan,28.94
,0.0,55.0,-46.0,-1.5707963267948963,NO_PATH,3.14363396e-19,0.0,29.99999999999999,-51.75,-2.987141537818687e-23,nan,28.96
,0.0,55.0,-46.0,-1.5707963267948963,NO_PATH,5.49026804e-19,0.0,29.99999999999999,-51.75,-2.987141537818687e-23,nan,28.98
,0.0,55.0,-46.0,-1.5707963267948963,NO_PATH,4.283301e-19,0.0,29.99999999999999,-51.75,-2.987141537818687e-23,nan,29.000000000000004
,0.0,55.0,-46.0,-1.5707963267948963,NO_PATH,5.47890781e-19,0.0,29.99999999999999,-51.75,-2.987141537818687e-23,nan,29.020000000000003
,0.0,55.0,-46.0,-1.5707963267948963,NO_PATH,1.35162336e-19,0.0,29.99999999999999,-51.75,-2.987141537818687e-23,nan,29.040000000000003
,0.0,55.0,-46.0,-1.5707963267948963,NO_PATH,6.68782592e-19,0.0,29.99999999999999,-51.75,-2.987141537818687e-23,nan,29.060000000000002
,0.0,55.0,-46.0,-1.5707963267948963,NO_PATH,6.68782592e-19,0.0,29.99999999999999,-51.75,-2.987141537818687e-23,nan,29.080000000000002
,0.0,55.0,-46.0,-1.5707963267948963,NO_PATH,3.30870075e-19,0.0,29.99999999999999,-51.75,-2.987141537818687e-23,nan,29.1
,0.0,55.0,-46.0,-1.5707963267948963,NO_PATH,9.40986878e-19,0.0,29.99999999999999,-51.75,-2.987141537818687e-23,nan,29.12
,0.0,55.0,-46.0,-1.5707963267948963,NO_PATH,4.06642347e-19,0.0,29.99999999999999,-51.75,-2.987141537818687e-23,nan,29.14
,0.0,55.0,-46.0,-1.5707963267948963,NO_PATH,4.06642347e-19,0.0,29.99999999999999,-51.75,-2.987141537818687e-23,nan,29.16
,0.0,55.0,-46.0,-1.5707963267948963,NO_PATH,3.64446917e-19,0.0,29.99999999999999,-51.75,-2.987141537818687e-23,nan,29.180000000000003
,0.0,55.0,-46.0,-1.5707963267948963,NO_PATH,4.63124542e-19,0.0,29.99999999999999,-51.75,-2.987141537818687e-23,nan,29.200000000000003
,0.0,55.0,-46.0,-1.5707963267948963,NO_PATH,4.63124542e-19,0.0,29.99999999999999,-51.75,-2.987141537818687e-23,nan,29.220000000000002
,0.0,55.0,-46.0,-1.5707963267948963,NO_PATH,4.35752046e-19,0.0,29.99999999999999,-51.75,-2.987141537818687e-23,nan,29.240000000000002
,0.0,55.0,-46.0,-1.5707963267948963,NO_PATH,6.0744835e-19,0.0,29.99999999999999,-51.75,-2.987141537818687e-23,nan,29.26
,0.0,55.0,-46.0,-1.5707963267948963,NO_PATH,1.76932109e-19,0.0,29.99999999999999,-51.75,-2.987141537818687e-23,nan,29.28
,0.0,55.0,-46.0,-1.5707963267948963,NO_PATH,1.76932109e-19,0.0,29.99999999999999,-51.75,-2.987141537818687e-23,nan,29.3
,0.0,55.0,-46.0,-1.5707963267948963,NO_PATH,9.3022242e-20,0.0,29.99999999999999,-51.75,-2.987141537818687e-23,nan,29.32
,0.0,55.0,-46.0,-1.5707963267948963,NO_PATH,7.43103691e-19,0.0,29.99999999999999,-51.75,-2.987141537818687e-23,nan,29.340000000000003
,0.0,55.0,-46.0,-1.5707963267948963,NO_PATH,7.54592409e-19,0.0,29.99999999999999,-51.75,-2.987141537818687e-23,nan,29.360000000000003
,0.0,55.0,-46.0,-1.5707963267948963,NO_PATH,4.33648819e-19,0.0,29.99999999999999,-51.75,-2.987141537818687e-23,nan,29.380000000000003
,0.0,55.0,-46.0,-1.5707963267948963,NO_PATH,4.33648819e-19,0.0,29.99999999999999,-51.75,-2.987141537818687e-23,nan,29.400000000000002
,0.0,55.0,-46.0,-1.5707963267948963,NO_PATH,-1.22023122e-21,0.0,29.99999999999999,-51.75,-2.987141537818687e-23,nan,29.42
,0.0,55.0,-46.0,-1.5707963267948963,NO_PATH,-1.22023122e-21,0.0,29.99999999999999,-51.75,-2.987141537818687e-23,nan,29.44
,0.0,55.0,-46.0,-1.5707963267948963,NO_PATH,1.00241076e-18,0.0,29.99999999999999,-51.75,-2.987141537818687e-23,nan,29.46
,0.0,55.0,-46.0,-1.5707963267948963,NO_PATH,1.17412773e-18,0.0,29.99999999999999,-51.75,-2.987141537818687e-23,nan,29.48
,0.0,55.0,-46.0,-1.5707963267948963,NO_PATH,9.92562722e-20,0.0,29.99999999999999,-51.75,-2.987141537818687e-23,nan,29.500000000000004
,0.0,55.0,-46.0,-1.5707963267948963,NO_PATH,-1.15859346e-19,0.0,29.99999999999999,-51.75,-2.987141537818687e-23,nan,29.520000000000003
,0.0,55.0,-46.0,-1.5707963267948963,NO_PATH,-1.15859346e-19,0.0,29.99999999999999,-51.75,-2.987141537818687e-23,nan,29.540000000000003
,0.0,55.0,-46.0,-1.5707963267948963,NO_PATH,-1.65793846e-19,0.0,29.99999999999999,-51.75,-2.987141537818687e-23,nan,29.560000000000002
,0.0,55.0,-46.0,-1.5707963267948963,NO_PATH,-1.65793846e-19,0.0,29.99999999999999,-51.75,-2.987141537818687e-23,nan,29.580000000000002
,0.0,55.0,-46.0,-1.5707963267948963,NO_PATH,5.67487062e-19,0.0,29.99999999999999,-51.75,-2.987141537818687e-23,nan,29.6
,0.0,55.0,-46.0,-1.5707963267948963,NO_PATH,3.02121353e-19,0.0,29.99999999999999,-51.75,-2.987141537818687e-23,nan,29.62
,0.0,55.0,-46.0,-1.5707963267948963,NO_PATH,3.02121353e-19,0.0,29.99999999999999,-51.75,-2.987141537818687e-23,nan,29.64
,0.0,55.0,-46.0,-1.5707963267948963,NO_PATH,1.12388342e-18,0.0,29.99999999999999,-51.75,-2.987141537818687e-23,nan,29.66
,0.0,55.0,-46.0,-1.5707963267948963,NO_PATH,1.12388342e-18,0.0,29.99999999999999,-51.75,-2.987141537818687e-23,nan,29.680000000000003
,0.0,55.0,-46.0,-1.5707963267948963,NO_PATH,6.06131851e-19,0.0,29.99999999999999,-51.75,-2.987141537818687e-23,nan,29.700000000000003
,0.0,55.0,-46.0,-1.5707963267948963,NO_PATH,2.61056711e-19,0.0,29.99999999999999,-51.75,-2.987141537818687e-23,nan,29.721
,0.0,55.0,-46.0,-1.5707963267948963,NO_PATH,9.0619391e-19,0.0,29.99999999999999,-51.75,-2.987141537818687e-23,nan,29.740000000000002
,0.0,55.0,-46.0,-1.5707963267948963,NO_PATH,9.0619391e-19,0.0,29.99999999999999,-51.75,-2.987141537818687e-23,nan,29.76
,0.0,55.0,-46.0,-1.5707963267948963,NO_PATH,1.34320006e-19,0.0,29.99999999999999,-51.75,-2.987141537818687e-23,nan,29.78
,0.0,55.0,-46.0,-1.5707963267948963,NO_PATH,8.02712108e-19,0.0,29.99999999999999,-51.75,-2.987141537818687e-23,nan,29.8
,0.0,55.0,-46.0,-1.5707963267948963,NO_PATH,8.02712108e-19,0.0,29.99999999999999,-51.75,-2.987141537818687e-23,nan,29.82
,0.0,55.0,-46.0,-1.5707963267948963,NO_PATH,8.38147251e-19,0.0,29.99999999999999,-51.75,-2.987141537818687e-23,nan,29.840000000000003
,0.0,55.0,-46.0,-1.5707963267948963,NO_PATH,8.38147251e-19,0.0,29.99999999999999,-51.75,-2.987141537818687e-23,nan,29.860000000000003
,0.0,55.0,-46.0,-1.5707963267948963,NO_PATH,4.75773395e-19,0.0,29.99999999999999,-51.75,-2.987141537818687e-23,nan,29.880000000000003
,0.0,55.0,-46.0,-1.5707963267948963,NO_PATH,3.30818678e-19,0.0,29.99999999999999,-51.75,-2.987141537818687e-23,nan,29.901000000000003
,0.0,55.0,-46.0,-1.5707963267948963,NO_PATH,3.30818678e-19,0.0,29.99999999999999,-51.75,-2.987141537818687e-23,nan,29.92
,0.0,55.0,-46.0,-1.5707963267948963,NO_PATH,4.6003348e-19,0.0,29.99999999999999,-51.75,-2.987141537818687e-23,nan,29.94
,0.0,55.0,-46.0,-1.5707963267948963,NO_PATH,4.6003348e-19,0.0,29.99999999999999,-51.75,-2.987141537818687e-23,nan,29.96
,0.0,55.0,-46.0,-1.5707963267948963,NO_PATH,8.06983743e-19,0.0,29.99999999999999,-51.75,-2.987141537818687e-23,nan,29.98
,0.0,55.0,-46.0,-1.5707963267948963,NO_PATH,1.16743344e-19,0.0,29.99999999999999,-51.75,-2.987141537818687e-23,nan,30.001
,0.0,55.0,-46.0,-1.5707963267948963,NO_PATH,5.08928358e-19,0.0,29.99999999999999,-51.75,-2.987141537818687e-23,nan,30.020000000000003
,0.0,55.0,-46.0,-1.5707963267948963,NO_PATH,1.07101375e-18,0.0,29.99999999999999,-51.75,-2.987141537818687e-23,nan,30.041
,0.0,55.0,-46.0,-1.5707963267948963,NO_PATH,1.07101375e-18,0.0,29.99999999999999,-51.75,-2.987141537818687e-23,nan,30.060000000000002
,0.0,55.0,-46.0,-1.5707963267948963,NO_PATH,4.99526021e-19,0.0,29.99999999999999,-51.75,-2.987141537818687e-23,nan,30.080000000000002
,0.0,55.0,-46.0,-1.5707963267948963,NO_PATH,4.99526021e-19,0.0,29.99999999999999,-51.75,-2.987141537818687e-23,nan,30.1
,0.0,55.0,-46.0,-1.5707963267948963,NO_PATH,5.24334194e-19,0.0,29.99999999999999,-51.75,-2.987141537818687e-23,nan,30.12
,0.0,55.0,-46.0,-1.5707963267948963,NO_PATH,3.28806398e-20,0.0,29.99999999999999,-51.75,-2.987141537818687e-23,nan,30.14
,0.0,55.0,-46.0,-1.5707963267948963,NO_PATH,3.28806398e-20,0.0,29.99999999999999,-51.75,-2.987141537818687e-23,nan,30.16
,0.0,55.0,-46.0,-1.5707963267948963,NO_PATH,-4.40208879e-20,0.0,29.99999999999999,-51.75,-2.987141537818687e-23,nan,30.180000000000003
,0.0,55.0,-46.0,-1.5707963267948963,NO_PATH,8.55578132e-19,0.0,29.99999999999999,-51.75,-2.987141537818687e-23,nan,30.200000000000003
,0.0,55.0,-46.0,-1.5707963267948963,NO_PATH,8.55578132e-19,0.0,29.99999999999999,-51.75,-2.987141537818687e-23,nan,30.220000000000002
,0.0,55.0,-46.0,-1.5707963267948963,NO_PATH,1.41770858e-18,0.0,29.99999999999999,-51.75,-2.987141537818687e-23,nan,30.240000000000002
,0.0,55.0,-46.0,-1.5707963267948963,NO_PATH,7.75952526e-19,0.0,29.99999999999999,-51.75,-2.987141537818687e-23,nan,30.26
,0.0,55.0,-46.0,-1.5707963267948963,NO_PATH,9.00548284e-19,0.0,29.99999999999999,-51.75,-2.987141537818687e-23,nan,30.28
,0.0,55.0,-46.0,-1.5707963267948963,NO_PATH,9.47424816e-20,0.0,29.99999999999999,-51.75,-2.987141537818687e-23,nan,30.3
,0.0,55.0,-46.0,-1.5707963267948963,NO_PATH,9.47424816e-20,0.0,29.99999999999999,-51.75,-2.987141537818687e-23,nan,30.32
,0.0,55.0,-46.0,-1.5707963267948963,NO_PATH,2.74379778e-19,0.0,29.99999999999999,-51.75,-2.987141537818687e-23,nan,30.340000000000003
,0.0,55.0,-46.0,-1.5707963267948963,NO_PATH,2.74379778e-19,0.0,29.99999999999999,-51.75,-2.987141537818687e-23,nan,30.360000000000003
,0.0,55.0,-46.0,-1.5707963267948963,NO_PATH,-1.12511682e-19,0.0,29.99999999999999,-51.75,-2.987141537818687e-23,nan,30.380000000000003
,0.0,55.0,-46.0,-1.5707963267948963,NO_PATH,7.62745276e-19,0.0,29.99999999999999,-51.75,-2.987141537818687e-23,nan,30.400000000000002
,0.0,55.0,-46.0,-1.5707963267948963,NO_PATH,8.86406466e-19,0.0,29.99999999999999,-51.75,-2.987141537818687e-23,nan,30.42
,0.0,55.0,-46.0,-1.5707963267948963,NO_PATH,8.86406466e-19,0.0,29.99999999999999,-51.75,-2.987141537818687e-23,nan,30.44
,0.0,55.0,-46.0,-1.5707963267948963,NO_PATH,6.93538683e-19,0.0,29.99999999999999,-51.75,-2.987141537818687e-23,nan,30.46
,0.0,55.0,-46.0,-1.5707963267948963,NO_PATH,6.93538683e-19,0.0,29.99999999999999,-51.75,-2.987141537818687e-23,nan,30.48
,0.0,55.0,-46.0,-1.5707963267948963,NO_PATH,5.76092292e-19,0.0,29.99999999999999,-51.75,-2.987141537818687e-23,nan,30.500000000000004
,0.0,55.0,-46.0,-1.5707963267948963,NO_PATH,5.76092292e-19,0.0,29.99999999999999,-51.75,-2.987141537818687e-23,nan,30.520000000000003
,0.0,55.0,-46.0,-1.5707963267948963,NO_PATH,9.03260199e-19,0.0,29.99999999999999,-51.75,-2.987141537818687e-23,nan,30.540000000000003
,0.0,55.0,-46.0,-1.5707963267948963,NO_PATH,9.03260199e-19,0.0,29.99999999999999,-51.75,-2.987141537818687e-23,nan,30.560000000000002
,0.0,55.0,-46.0,-1.5707963267948963,NO_PATH,2.76617513e-19,0.0,29.99999999999999,-51.75,-2.987141537818687e-23,nan,30.580000000000002
,0.0,55.0,-46.0,-1.5707963267948963,NO_PATH,2.76617513e-19,0.0,29.99999999999999,-51.75,-2.987141537818687e-23,nan,30.6
,0.0,55.0,-46.0,-1.5707963267948963,NO_PATH,1.3652892e-18,0.0,29.99999999999999,-51.75,-2.987141537818687e-23,nan,30.62
,0.0,55.0,-46.0,-1.5707963267948963,NO_PATH,3.89416712e-19,0.0,29.99999999999999,-51.75,-2.987141537818687e-23,nan,30.64
,0.0,55.0,-46.0,-1.5707963267948963,NO_PATH,3.89416712e-19,0.0,29.99999999999999,-51.75,-2.987141537818687e-23,nan,30.66
,0.0,55.0,-46.0,-1.5707963267948963,NO_PATH,2.85437939e-19,0.0,29.99999999999999,-51.75,-2.987141537818687e-23,nan,30.680000000000003
,0.0,55.0,-46.0,-1.5707963267948963,NO_PATH,2.85437939e-19,0.0,29.99999999999999,-51.75,-2.987141537818687e-23,nan,30.700000000000003
,0.0,55.0,-46.0,-1.5707963267948963,NO_PATH,1.83981164e-19,0.0,29.99999999999999,-51.75,-2.987141537818687e-23,nan,30.720000000000002
,0.0,55.0,-46.0,-1.5707963267948963,NO_PATH,5.54956421e-19,0.0,29.99999999999999,-51.75,-2.987141537818687e-23,nan,30.740000000000002
,0.0,55.0,-46.0,-1.5707963267948963,NO_PATH,-8.38895693e-20,0.0,29.99999999999999,-51.75,-2.987141537818687e-23,nan,30.76
,0.0,55.0,-46.0,-1.5707963267948963,NO_PATH,9.96585807e-19,0.0,29.99999999999999,-51.75,-2.987141537818687e-23,nan,30.78
,0.0,55.0,-46.0,-1.5707963267948963,NO_PATH,4.44588984e-19,0.0,29.99999999999999,-51.75,-2.987141537818687e-23,nan,30.8
,0.0,55.0,-46.0,-1.5707963267948963,NO_PATH,2.94615823e-19,0.0,29.99999999999999,-51.75,-2.987141537818687e-23,nan,30.82
,0.0,55.0,-46.0,-1.5707963267948963,NO_PATH,6.09867517e-19,0.0,29.99999999999999,-51.75,-2.987141537818687e-23,nan,30.840000000000003
,0.0,55.0,-46.0,-1.5707963267948963,NO_PATH,6.09867517e-19,0.0,29.99999999999999,-51.75,-2.987141537818687e-23,nan,30.860000000000003
,0.0,55.0,-46.0,-1.5707963267948963,NO_PATH,6.73760951e-19,0.0,29.99999999999999,-51.75,-2.987141537818687e-23,nan,30.880000000000003
,0.0,55.0,-46.0,-1.5707963267948963,NO_PATH,7.24366045e-19,0.0,29.99999999999999,-51.75,-2.987141537818687e-23,nan,30.900000000000002
,0.0,55.0,-46.0,-1.5707963267948963,NO_PATH,7.24366045e-19,0.0,29.99999999999999,-51.75,-2.987141537818687e-23,nan,30.92
,0.0,55.0,-46.0,-1.5707963267948963,NO_PATH,7.83517039e-19,0.0,29.99999999999999,-51.75,-2.987141537818687e-23,nan,30.94
,0.0,55.0,-46.0,-1.5707963267948963,NO_PATH,7.83517039e-19,0.0,29.99999999999999,-51.75,-2.987141537818687e-23,nan,30.96
,0.0,55.0,-46.0,-1.5707963267948963,NO_PATH,1.60598162e-20,0.0,29.99999999999999,-51.75,-2.987141537818687e-23,nan,30.98
,0.0,55.0,-46.0,-1.5707963267948963,NO_PATH,1.60598162e-20,0.0,29.99999999999999,-51.75,-2.987141537818687e-23,nan,31.000000000000004
,0.0,55.0,-46.0,-1.5707963267948963,NO_PATH,3.17697299e-19,0.0,29.99999999999999,-51.75,-2.987141537818687e-23,nan,31.020000000000003
,0.0,55.0,-46.0,-1.5707963267948963,NO_PATH,5.14142772e-19,0.0,29.99999999999999,-51.75,-2.987141537818687e-23,nan,31.040000000000003
,0.0,55.0,-46.0,-1.5707963267948963,NO_PATH,3.50268382e-19,0.0,29.99999999999999,-51.75,-2.987141537818687e-23,nan,31.060000000000002
,0.0,55.0,-46.0,-1.5707963267948963,NO_PATH,2.58826416e-19,0.0,29.99999999999999,-51.75,-2.987141537818687e-23,nan,31.080000000000002
,0.0,55.0,-46.0,-1.5707963267948963,NO_PATH,5.43544131e-19,0.0,29.99999999999999,-51.75,-2.987141537818687e-23,nan,31.1
,0.0,55.0,-46.0,-1.5707963267948963,NO_PATH,6.99478716e-19,0.0,29.99999999999999,-51.75,-2.987141537818687e-23,nan,31.12
,0.0,55.0,-46.0,-1.5707963267948963,NO_PATH,5.0158661e-19,0.0,29.99999999999999,-51.75,-2.987141537818687e-23,nan,31.14
,0.0,55.0,-46.0,-1.5707963267948963,NO_PATH,5.0158661e-19,0.0,29.99999999999999,-51.75,-2.987141537818687e-23,nan,31.160000000000004
,0.0,55.0,-46.0,-1.5707963267948963,NO_PATH,5.37961766e-19,0.0,29.99999999999999,-51.75,-2.987141537818687e-23,nan,31.180000000000003
,0.0,55.0,-46.0,-1.5707963267948963,NO_PATH,6.83282795e-20,0.0,29.99999999999999,-51.75,-2.987141537818687e-23,nan,31.200000000000003
,0.0,55.0,-46.0,-1.5707963267948963,NO_PATH,6.83282795e-20,0.0,29.99999999999999,-51.75,-2.987141537818687e-23,nan,31.221000000000004
,0.0,55.0,-46.0,-1.5707963267948963,NO_PATH,4.34089197e-19,0.0,29.99999999999999,-51.75,-2.987141537818687e-23,nan,31.240000000000002
,0.0,55.0,-46.0,-1.5707963267948963,NO_PATH,9.9198114e-21,0.0,29.99999999999999,-51.75,-2.987141537818687e-23,nan,31.26
,0.0,55.0,-46.0,-1.5707963267948963,NO_PATH,1.17725342e-19,0.0,29.99999999999999,-51.75,-2.987141537818687e-23,nan,31.28
,0.0,55.0,-46.0,-1.5707963267948963,NO_PATH,1.52098123e-19,0.0,29.99999999999999,-51.75,-2.987141537818687e-23,nan,31.3
,0.0,55.0,-46.0,-1.5707963267948963,NO_PATH,2.04659052e-19,0.0,29.99999999999999,-51.75,-2.987141537818687e-23,nan,31.32
,0.0,55.0,-46.0,-1.5707963267948963,NO_PATH,5.38907475e-19,0.0,29.99999999999999,-51.75,-2.987141537818687e-23,nan,31.340000000000003
,0.0,55.0,-46.0,-1.5707963267948963,NO_PATH,5.38907475e-19,0.0,29.99999999999999,-51.75,-2.987141537818687e-23,nan,31.360000000000003
,0.0,55.0,-46.0,-1.5707963267948963,NO_PATH,3.36057189e-19,0.0,29.99999999999999,-51.75,-2.987141537818687e-23,nan,31.380000000000003
,0.0,55.0,-46.0,-1.5707963267948963,NO_PATH,1.20958514e-19,0.0,29.99999999999999,-51.75,-2.987141537818687e-23,nan,31.402
,0.0,55.0,-46.0,-1.5707963267948963,NO_PATH,1.20958514e-19,0.0,29.99999999999999,-51.75,-2.987141537818687e-23,nan,31.42
,0.0,55.0,-46.0,-1.5707963267948963,NO_PATH,1.07373829e-18,0.0,29.99999999999999,-51.75,-2.987141537818687e-23,nan,31.44
,0.0,55.0,-46.0,-1.5707963267948963,NO_PATH,1.07373829e-18,0.0,29.99999999999999,-51.75,-2.987141537818687e-23,nan,31.46
,0.0,55.0,-46.0,-1.5707963267948963,NO_PATH,-7.29043953e-19,0.0,29.99999999999999,-51.75,-2.987141537818687e-23,nan,31.48
,0.0,55.0,-46.0,-1.5707963267948963,NO_PATH,1.04908614e-18,0.0,29.99999999999999,-51.75,-2.987141537818687e-23,nan,31.500000000000004
,0.0,55.0,-46.0,-1.5707963267948963,NO_PATH,4.60054269e-19,0.0,29.99999999999999,-51.75,-2.987141537818687e-23,nan,31.520000000000003
,0.0,55.0,-46.0,-1.5707963267948963,NO_PATH,4.60054269e-19,0.0,29.99999999999999,-51.75,-2.987141537818687e-23,nan,31.540000000000003
,0.0,55.0,-46.0,-1.5707963267948963,NO_PATH,3.97090652e-19,0.0,29.99999999999999,-51.75,-2.987141537818687e-23,nan,31.560000000000002
,0.0,55.0,-46.0,-1.5707963267948963,NO_PATH,3.97090652e-19,0.0,29.99999999999999,-51.75,-2.987141537818687e-23,nan,31.580000000000002
,0.0,55.0,-46.0,-1.5707963267948963,NO_PATH,3.1160087e-19,0.0,29.99999999999999,-51.75,-2.987141537818687e-23,nan,31.602
,0.0,55.0,-46.0,-1.5707963267948963,NO_PATH,3.1160087e-19,0.0,29.99999999999999,-51.75,-2.987141537818687e-23,nan,31.62
,0.0,55.0,-46.0,-1.5707963267948963,NO_PATH,8.82776477e-19,0.0,29.99999999999999,-51.75,-2.987141537818687e-23,nan,31.641000000000002
,0.0,55.0,-46.0,-1.5707963267948963,NO_PATH,8.82776477e-19,0.0,29.99999999999999,-51.75,-2.987141537818687e-23,nan,31.660000000000004
,0.0,55.0,-46.0,-1.5707963267948963,NO_PATH,6.53181874e-19,0.0,29.99999999999999,-51.75,-2.987141537818687e-23,nan,31.680000000000003
,0.0,55.0,-46.0,-1.5707963267948963,NO_PATH,6.53181874e-19,0.0,29.99999999999999,-51.75,-2.987141537818687e-23,nan,31.700000000000003
,0.0,55.0,-46.0,-1.5707963267948963,NO_PATH,2.35567942e-19,0.0,29.99999999999999,-51.75,-2.987141537818687e-23,nan,31.720000000000002
,0.0,55.0,-46.0,-1.5707963267948963,NO_PATH,9.3285704e-19,0.0,29.99999999999999,-51.75,-2.987141537818687e-23,nan,31.740000000000002
,0.0,55.0,-46.0,-1.5707963267948963,NO_PATH,9.3285704e-19,0.0,29.99999999999999,-51.75,-2.987141537818687e-23,nan,31.76
,0.0,55.0,-46.0,-1.5707963267948963,NO_PATH,-1.61524477e-19,0.0,29.99999999999999,-51.75,-2.987141537818687e-23,nan,31.78
,0.0,55.0,-46.0,-1.5707963267948963,NO_PATH,-1.89584915e-19,0.0,29.99999999999999,-51.75,-2.987141537818687e-23,nan,31.801000000000002
,0.0,55.0,-46.0,-1.5707963267948963,NO_PATH,9.5875504e-19,0.0,29.99999999999999,-51.75,-2.987141537818687e-23,nan,31.82
,0.0,55.0,-46.0,-1.5707963267948963,NO_PATH,4.08348458e-19,0.0,29.99999999999999,-51.75,-2.987141537818687e-23,nan,31.840000000000003
,0.0,55.0,-46.0,-1.5707963267948963,NO_PATH,2.07668986e-19,0.0,29.99999999999999,-51.75,-2.987141537818687e-23,nan,31.860000000000003
,0.0,55.0,-46.0,-1.5707963267948963,NO_PATH,2.07668986e-19,0.0,29.99999999999999,-51.75,-2.987141537818687e-23,nan,31.880000000000003
,0.0,55.0,-46.0,-1.5707963267948963,NO_PATH,5.89148249e-19,0.0,29.99999999999999,-51.75,-2.987141537818687e-23,nan,31.900000000000002
,0.0,55.0,-46.0,-1.5707963267948963,NO_PATH,-1.38303126e-20,0.0,29.99999999999999,-51.75,-2.987141537818687e-23,nan,31.92
,0.0,55.0,-46.0,-1.5707963267948963,NO_PATH,1.32357356e-18,0.0,29.99999999999999,-51.75,-2.987141537818687e-23,nan,31.94
,0.0,55.0,-46.0,-1.5707963267948963,NO_PATH,1.32357356e-18,0.0,29.99999999999999,-51.75,-2.987141537818687e-23,nan,31.96
,0.0,55.0,-46.0,-1.5707963267948963,NO_PATH,4.40730673e-19,0.0,29.99999999999999,-51.75,-2.987141537818687e-23,nan,31.98
,0.0,55.0,-46.0,-1.5707963267948963,NO_PATH,4.26535392e-19,0.0,29.99999999999999,-51.75,-2.987141537818687e-23,nan,32.001000000000005
,0.0,55.0,-46.0,-1.5707963267948963,NO_PATH,4.47264691e-19,0.0,29.99999999999999,-51.75,-2.987141537818687e-23,nan,32.02
,0.0,55.0,-46.0,-1.5707963267948963,NO_PATH,4.47264691e-19,0.0,29.99999999999999,-51.75,-2.987141537818687e-23,nan,32.04
,0.0,55.0,-46.0,-1.5707963267948963,NO_PATH,1.30083497e-18,0.0,29.99999999999999,-51.75,-2.987141537818687e-23,nan,32.06
,0.0,55.0,-46.0,-1.5707963267948963,NO_PATH,7.17567922e-19,0.0,29.99999999999999,-51.75,-2.987141537818687e-23,nan,32.080000000000005
,0.0,55.0,-46.0,-1.5707963267948963,NO_PATH,1.2518058e-19,0.0,29.99999999999999,-51.75,-2.987141537818687e-23,nan,32.1
,0.0,55.0,-46.0,-1.5707963267948963,NO_PATH,9.46709653e-20,0.0,29.99999999999999,-51.75,-2.987141537818687e-23,nan,32.120000000000005
,0.0,55.0,-46.0,-1.5707963267948963,NO_PATH,9.76261755e-20,0.0,29.99999999999999,-51.75,-2.987141537818687e-23,nan,32.14
,0.0,55.0,-46.0,-1.5707963267948963,NO_PATH,7.12558474e-19,0.0,29.99999999999999,-51.75,-2.987141537818687e-23,nan,32.161
,0.0,55.0,-46.0,-1.5707963267948963,NO_PATH,6.47288243e-20,0.0,29.99999999999999,-51.75,-2.987141537818687e-23,nan,32.18
,0.0,55.0,-46.0,-1.5707963267948963,NO_PATH,6.47288243e-20,0.0,29.99999999999999,-51.75,-2.987141537818687e-23,nan,32.2
,0.0,55.0,-46.0,-1.5707963267948963,NO_PATH,4.22618636e-19,0.0,29.99999999999999,-51.75,-2.987141537818687e-23,nan,32.221000000000004
,0.0,55.0,-46.0,-1.5707963267948963,NO_PATH,4.22618636e-19,0.0,29.99999999999999,-51.75,-2.987141537818687e-23,nan,32.24
,0.0,55.0,-46.0,-1.5707963267948963,NO_PATH,1.24588685e-18,0.0,29.99999999999999,-51.75,-2.987141537818687e-23,nan,32.260000000000005
,0.0,55.0,-46.0,-1.5707963267948963,NO_PATH,1.24588685e-18,0.0,29.99999999999999,-51.75,-2.987141537818687e-23,nan,32.28
,0.0,55.0,-46.0,-1.5707963267948963,NO_PATH,2.79314916e-19,0.0,29.99999999999999,-51.75,-2.987141537818687e-23,nan,32.300000000000004
,0.0,55.0,-46.0,-1.5707963267948963,NO_PATH,7.88887638e-19,0.0,29.99999999999999,-51.75,-2.987141537818687e-23,nan,32.32
,0.0,55.0,-46.0,-1.5707963267948963,NO_PATH,4.62962761e-19,0.0,29.99999999999999,-51.75,-2.987141537818687e-23,nan,32.34
,0.0,55.0,-46.0,-1.5707963267948963,NO_PATH,4.62962761e-19,0.0,29.99999999999999,-51.75,-2.987141537818687e-23,nan,32.36
,0.0,55.0,-46.0,-1.5707963267948963,NO_PATH,9.50519492e-19,0.0,29.99999999999999,-51.75,-2.987141537818687e-23,nan,32.38
,0.0,55.0,-46.0,-1.5707963267948963,NO_PATH,1.09055443e-18,0.0,29.99999999999999,-51.75,-2.987141537818687e-23,nan,32.401
,0.0,55.0,-46.0,-1.5707963267948963,NO_PATH,3.67874564e-19,0.0,29.99999999999999,-51.75,-2.987141537818687e-23,nan,32.421
,0.0,55.0,-46.0,-1.5707963267948963,NO_PATH,-4.63028406e-19,0.0,29.99999999999999,-51.75,-2.987141537818687e-23,nan,32.440000000000005
,0.0,55.0,-46.0,-1.5707963267948963,NO_PATH,7.27168274e-19,0.0,29.99999999999999,-51.75,-2.987141537818687e-23,nan,32.46
,0.0,55.0,-46.0,-1.5707963267948963,NO_PATH,1.07798529e-19,0.0,29.99999999999999,-51.75,-2.987141537818687e-23,nan,32.480000000000004
,0.0,55.0,-46.0,-1.5707963267948963,NO_PATH,1.07798529e-19,0.0,29.99999999999999,-51.75,-2.987141537818687e-23,nan,32.5
,0.0,55.0,-46.0,-1.5707963267948963,NO_PATH,8.50748535e-19,0.0,29.99999999999999,-51.75,-2.987141537818687e-23,nan,32.52
,0.0,55.0,-46.0,-1.5707963267948963,NO_PATH,6.87759161e-19,0.0,29.99999999999999,-51.75,-2.987141537818687e-23,nan,32.54
,0.0,55.0,-46.0,-1.5707963267948963,NO_PATH,5.65974005e-19,0.0,29.99999999999999,-51.75,-2.987141537818687e-23,nan,32.56
,0.0,55.0,-46.0,-1.5707963267948963,NO_PATH,1.32454834e-18,0.0,29.99999999999999,-51.75,-2.987141537818687e-23,nan,32.580000000000005
,0.0,55.0,-46.0,-1.5707963267948963,NO_PATH,-7.11538964e-20,0.0,29.99999999999999,-51.75,-2.987141537818687e-23,nan,32.6
,0.0,55.0,-46.0,-1.5707963267948963,NO_PATH,-7.11538964e-20,0.0,29.99999999999999,-51.75,-2.987141537818687e-23,nan,32.620000000000005
,0.0,55.0,-46.0,-1.5707963267948963,NO_PATH,2.06531649e-19,0.0,29.99999999999999,-51.75,-2.987141537818687e-23,nan,32.64
,0.0,55.0,-46.0,-1.5707963267948963,NO_PATH,4.9006743e-20,0.0,29.99999999999999,-51.75,-2.987141537818687e-23,nan,32.660000000000004
,0.0,55.0,-46.0,-1.5707963267948963,NO_PATH,7.3407662e-21,0.0,29.99999999999999,-51.75,-2.987141537818687e-23,nan,32.68
,0.0,55.0,-46.0,-1.5707963267948963,NO_PATH,6.71184929e-19,0.0,29.99999999999999,-51.75,-2.987141537818687e-23,nan,32.7
,0.0,55.0,-46.0,-1.5707963267948963,NO_PATH,4.71339169e-20,0.0,29.99999999999999,-51.75,-2.987141537818687e-23,nan,32.72
,0.0,55.0,-46.0,-1.5707963267948963,NO_PATH,-3.67664272e-20,0.0,29.99999999999999,-51.75,-2.987141537818687e-23,nan,32.741
,0.0,55.0,-46.0,-1.5707963267948963,NO_PATH,6.94739585e-19,0.0,29.99999999999999,-51.75,-2.987141537818687e-23,nan,32.761
,0.0,55.0,-46.0,-1.5707963267948963,NO_PATH,1.05767645e-18,0.0,29.99999999999999,-51.75,-2.987141537818687e-23,nan,32.78
,0.0,55.0,-46.0,-1.5707963267948963,NO_PATH,1.14505856e-19,0.0,29.99999999999999,-51.75,-2.987141537818687e-23,nan,32.800000000000004
,0.0,55.0,-46.0,-1.5707963267948963,NO_PATH,1.14505856e-19,0.0,29.99999999999999,-51.75,-2.987141537818687e-23,nan,32.82
,0.0,55.0,-46.0,-1.5707963267948963,NO_PATH,5.56929814e-20,0.0,29.99999999999999,-51.75,-2.987141537818687e-23,nan,32.84
,0.0,55.0,-46.0,-1.5707963267948963,NO_PATH,8.64028992e-19,0.0,29.99999999999999,-51.75,-2.987141537818687e-23,nan,32.86
,0.0,55.0,-46.0,-1.5707963267948963,NO_PATH,8.13199171e-19,0.0,29.99999999999999,-51.75,-2.987141537818687e-23,nan,32.881
,0.0,55.0,-46.0,-1.5707963267948963,NO_PATH,8.13199171e-19,0.0,29.99999999999999,-51.75,-2.987141537818687e-23,nan,32.9
,0.0,55.0,-46.0,-1.5707963267948963,NO_PATH,1.58986801e-19,0.0,29.99999999999999,-51.75,-2.987141537818687e-23,nan,32.92
,0.0,55.0,-46.0,-1.5707963267948963,NO_PATH,1.58986801e-19,0.0,29.99999999999999,-51.75,-2.987141537818687e-23,nan,32.940000000000005
,0.0,55.0,-46.0,-1.5707963267948963,NO_PATH,3.51696742e-19,0.0,29.99999999999999,-51.75,-2.987141537818687e-23,nan,32.96
,0.0,55.0,-46.0,-1.5707963267948963,NO_PATH,-1.96171643e-19,0.0,29.99999999999999,-51.75,-2.987141537818687e-23,nan,32.980000000000004
,0.0,55.0,-46.0,-1.5707963267948963,NO_PATH,9.61777457e-19,0.0,29.99999999999999,-51.75,-2.987141537818687e-23,nan,33.001000000000005
,0.0,55.0,-46.0,-1.5707963267948963,NO_PATH,9.61777457e-19,0.0,29.99999999999999,-51.75,-2.987141537818687e-23,nan,33.02
,0.0,55.0,-46.0,-1.5707963267948963,NO_PATH,9.84141524e-19,0.0,29.99999999999999,-51.75,-2.987141537818687e-23,nan,33.04
,0.0,55.0,-46.0,-1.5707963267948963,NO_PATH,7.92433193e-19,0.0,29.99999999999999,-51.75,-2.987141537818687e-23,nan,33.06
,0.0,55.0,-46.0,-1.5707963267948963,NO_PATH,7.92433193e-19,0.0,29.99999999999999,-51.75,-2.987141537818687e-23,nan,33.080000000000005
,0.0,55.0,-46.0,-1.5707963267948963,NO_PATH,1.08566847e-18,0.0,29.99999999999999,-51.75,-2.987141537818687e-23,nan,33.1
,0.0,55.0,-46.0,-1.5707963267948963,NO_PATH,5.86356639e-19,0.0,29.99999999999999,-51.75,-2.987141537818687e-23,nan,33.120000000000005
,0.0,55.0,-46.0,-1.5707963267948963,NO_PATH,6.53820872e-19,0.0,29.99999999999999,-51.75,-2.987141537818687e-23,nan,33.14
,0.0,55.0,-46.0,-1.5707963267948963,NO_PATH,7.55156786e-19,0.0,29.99999999999999,-51.75,-2.987141537818687e-23,nan,33.160000000000004
,0.0,55.0,-46.0,-1.5707963267948963,NO_PATH,3.29916962e-19,0.0,29.99999999999999,-51.75,-2.987141537818687e-23,nan,33.18
,0.0,55.0,-46.0,-1.5707963267948963,NO_PATH,-7.44891588e-20,0.0,29.99999999999999,-51.75,-2.987141537818687e-23,nan,33.2
,0.0,55.0,-46.0,-1.5707963267948963,NO_PATH,2.50410815e-19,0.0,29.99999999999999,-51.75,-2.987141537818687e-23,nan,33.22
,0.0,55.0,-46.0,-1.5707963267948963,NO_PATH,4.38102694e-19,0.0,29.99999999999999,-51.75,-2.987141537818687e-23,nan,33.24
,0.0,55.0,-46.0,-1.5707963267948963,NO_PATH,2.56681723e-19,0.0,29.99999999999999,-51.75,-2.987141537818687e-23,nan,33.260000000000005
,0.0,55.0,-46.0,-1.5707963267948963,NO_PATH,4.98448458e-19,0.0,29.99999999999999,-51.75,-2.987141537818687e-23,nan,33.28
,0.0,55.0,-46.0,-1.5707963267948963,NO_PATH,1.07725355e-18,0.0,29.99999999999999,-51.75,-2.987141537818687e-23,nan,33.301
,0.0,55.0,-46.0,-1.5707963267948963,NO_PATH,5.81021719e-19,0.0,29.99999999999999,-51.75,-2.987141537818687e-23,nan,33.32
,0.0,55.0,-46.0,-1.5707963267948963,NO_PATH,9.56873473e-19,0.0,29.99999999999999,-51.75,-2.987141537818687e-23,nan,33.34
,0.0,55.0,-46.0,-1.5707963267948963,NO_PATH,9.56873473e-19,0.0,29.99999999999999,-51.75,-2.987141537818687e-23,nan,33.36
,0.0,55.0,-46.0,-1.5707963267948963,NO_PATH,3.92747068e-19,0.0,29.99999999999999,-51.75,-2.987141537818687e-23,nan,33.38
,0.0,55.0,-46.0,-1.5707963267948963,NO_PATH,3.92747068e-19,0.0,29.99999999999999,-51.75,-2.987141537818687e-23,nan,33.4
,0.0,55.0,-46.0,-1.5707963267948963,NO_PATH,4.50466598e-19,0.0,29.99999999999999,-51.75,-2.987141537818687e-23,nan,33.42
,0.0,55.0,-46.0,-1.5707963267948963,NO_PATH,4.50466598e-19,0.0,29.99999999999999,-51.75,-2.987141537818687e-23,nan,33.440000000000005
,0.0,55.0,-46.0,-1.5707963267948963,NO_PATH,6.0690936e-19,0.0,29.99999999999999,-51.75,-2.987141537818687e-23,nan,33.46
,0.0,55.0,-46.0,-1.5707963267948963,NO_PATH,7.60746793e-19,0.0,29.99999999999999,-51.75,-2.987141537818687e-23,nan,33.481
,0.0,55.0,-46.0,-1.5707963267948963,NO_PATH,7.60746793e-19,0.0,29.99999999999999,-51.75,-2.987141537818687e-23,nan,33.5
,0.0,55.0,-46.0,-1.5707963267948963,NO_PATH,1.56196539e-19,0.0,29.99999999999999,-51.75,-2.987141537818687e-23,nan,33.52
,0.0,55.0,-46.0,-1.5707963267948963,NO_PATH,7.96376497e-19,0.0,29.99999999999999,-51.75,-2.987141537818687e-23,nan,33.541000000000004
,0.0,55.0,-46.0,-1.5707963267948963,NO_PATH,2.93983244e-19,0.0,29.99999999999999,-51.75,-2.987141537818687e-23,nan,33.56
,0.0,55.0,-46.0,-1.5707963267948963,NO_PATH,2.93983244e-19,0.0,29.99999999999999,-51.75,-2.987141537818687e-23,nan,33.580000000000005
,0.0,55.0,-46.0,-1.5707963267948963,NO_PATH,4.31287743e-19,0.0,29.99999999999999,-51.75,-2.987141537818687e-23,nan,33.6
,0.0,55.0,-46.0,-1.5707963267948963,NO_PATH,-1.54470267e-20,0.0,29.99999999999999,-51.75,-2.987141537818687e-23,nan,33.620000000000005
,0.0,55.0,-46.0,-1.5707963267948963,NO_PATH,-1.54470267e-20,0.0,29.99999999999999,-51.75,-2.987141537818687e-23,nan,33.64
,0.0,55.0,-46.0,-1.5707963267948963,NO_PATH,8.72270913e-20,0.0,29.99999999999999,-51.75,-2.987141537818687e-23,nan,33.660000000000004
,0.0,55.0,-46.0,-1.5707963267948963,NO_PATH,8.72270913e-20,0.0,29.99999999999999,-51.75,-2.987141537818687e-23,nan,33.68
,0.0,55.0,-46.0,-1.5707963267948963,NO_PATH,-3.94218536e-19,0.0,29.99999999999999,-51.75,-2.987141537818687e-23,nan,33.7
,0.0,55.0,-46.0,-1.5707963267948963,NO_PATH,6.65190935e-19,0.0,29.99999999999999,-51.75,-2.987141537818687e-23,nan,33.72
,0.0,55.0,-46.0,-1.5707963267948963,NO_PATH,1.0896962e-18,0.0,29.99999999999999,-51.75,-2.987141537818687e-23,nan,33.74
,0.0,55.0,-46.0,-1.5707963267948963,NO_PATH,1.0896962e-18,0.0,29.99999999999999,-51.75,-2.987141537818687e-23,nan,33.760000000000005
,0.0,55.0,-46.0,-1.5707963267948963,NO_PATH,5.7353893e-19,0.0,29.99999999999999,-51.75,-2.987141537818687e-23,nan,33.78
,0.0,55.0,-46.0,-1.5707963267948963,NO_PATH,1.22729745e-18,0.0,29.99999999999999,-51.75,-2.987141537818687e-23,nan,33.800000000000004
,0.0,55.0,-46.0,-1.5707963267948963,NO_PATH,2.72577508e-19,0.0,29.99999999999999,-51.75,-2.987141537818687e-23,nan,33.82
,0.0,55.0,-46.0,-1.5707963267948963,NO_PATH,2.72577508e-19,0.0,29.99999999999999,-51.75,-2.987141537818687e-23,nan,33.84
,0.0,55.0,-46.0,-1.5707963267948963,NO_PATH,3.42585156e-19,0.0,29.99999999999999,-51.75,-2.987141537818687e-23,nan,33.86
,0.0,55.0,-46.0,-1.5707963267948963,NO_PATH,6.28890046e-19,0.0,29.99999999999999,-51.75,-2.987141537818687e-23,nan,33.88
,0.0,55.0,-46.0,-1.5707963267948963,NO_PATH,1.02097706e-18,0.0,29.99999999999999,-51.75,-2.987141537818687e-23,nan,33.9
,0.0,55.0,-46.0,-1.5707963267948963,NO_PATH,1.01632076e-18,0.0,29.99999999999999,-51.75,-2.987141537818687e-23,nan,33.92
,0.0,55.0,-46.0,-1.5707963267948963,NO_PATH,1.01632076e-18,0.0,29.99999999999999,-51.75,-2.987141537818687e-23,nan,33.941
,0.0,55.0,-46.0,-1.5707963267948963,NO_PATH,4.34461407e-19,0.0,29.99999999999999,-51.75,-2.987141537818687e-23,nan,33.96
,0.0,55.0,-46.0,-1.5707963267948963,NO_PATH,1.15978774e-18,0.0,29.99999999999999,-51.75,-2.987141537818687e-23,nan,33.980000000000004
,0.0,55.0,-46.0,-1.5707963267948963,NO_PATH,1.15978774e-18,0.0,29.99999999999999,-51.75,-2.987141537818687e-23,nan,34.0
,0.0,55.0,-46.0,-1.5707963267948963,NO_PATH,7.93776627e-20,0.0,29.99999999999999,-51.75,-2.987141537818687e-23,nan,34.02
,0.0,55.0,-46.0,-1.5707963267948963,NO_PATH,7.14911028e-19,0.0,29.99999999999999,-51.75,-2.987141537818687e-23,nan,34.041000000000004
,0.0,55.0,-46.0,-1.5707963267948963,NO_PATH,7.14911028e-19,0.0,29.99999999999999,-51.75,-2.987141537818687e-23,nan,34.06
,0.0,55.0,-46.0,-1.5707963267948963,NO_PATH,7.51220791e-19,0.0,29.99999999999999,-51.75,-2.987141537818687e-23,nan,34.080000000000005
,0.0,55.0,-46.0,-1.5707963267948963,NO_PATH,5.15954915e-19,0.0,29.99999999999999,-51.75,-2.987141537818687e-23,nan,34.1
,0.0,55.0,-46.0,-1.5707963267948963,NO_PATH,6.85714493e-19,0.0,29.99999999999999,-51.75,-2.987141537818687e-23,nan,34.120000000000005
,0.0,55.0,-46.0,-1.5707963267948963,NO_PATH,6.85714493e-19,0.0,29.99999999999999,-51.75,-2.987141537818687e-23,nan,34.14
,0.0,55.0,-46.0,-1.5707963267948963,NO_PATH,3.19104613e-19,0.0,29.99999999999999,-51.75,-2.987141537818687e-23,nan,34.160000000000004
,0.0,55.0,-46.0,-1.5707963267948963,NO_PATH,6.9457149e-19,0.0,29.99999999999999,-51.75,-2.987141537818687e-23,nan,34.18
,0.0,55.0,-46.0,-1.5707963267948963,NO_PATH,6.12058142e-19,0.0,29.99999999999999,-51.75,-2.987141537818687e-23,nan,34.2
,0.0,55.0,-46.0,-1.5707963267948963,NO_PATH,9.56866135e-20,0.0,29.99999999999999,-51.75,-2.987141537818687e-23,nan,34.22
,0.0,55.0,-46.0,-1.5707963267948963,NO_PATH,9.56866135e-20,0.0,29.99999999999999,-51.75,-2.987141537818687e-23,nan,34.24
,0.0,55.0,-46.0,-1.5707963267948963,NO_PATH,8.64182033e-19,0.0,29.99999999999999,-51.75,-2.987141537818687e-23,nan,34.260000000000005
,0.0,55.0,-46.0,-1.5707963267948963,NO_PATH,5.22989926e-19,0.0,29.99999999999999,-51.75,-2.987141537818687e-23,nan,34.28
,0.0,55.0,-46.0,-1.5707963267948963,NO_PATH,-2.31896979e-20,0.0,29.99999999999999,-51.75,-2.987141537818687e-23,nan,34.300000000000004
,0.0,55.0,-46.0,-1.5707963267948963,NO_PATH,2.58009257e-19,0.0,29.99999999999999,-51.75,-2.987141537818687e-23,nan,34.32
,0.0,55.0,-46.0,-1.5707963267948963,NO_PATH,5.19576197e-20,0.0,29.99999999999999,-51.75,-2.987141537818687e-23,nan,34.34
,0.0,55.0,-46.0,-1.5707963267948963,NO_PATH,5.19576197e-20,0.0,29.99999999999999,-51.75,-2.987141537818687e-23,nan,34.36
,0.0,55.0,-46.0,-1.5707963267948963,NO_PATH,4.06557438e-19,0.0,29.99999999999999,-51.75,-2.987141537818687e-23,nan,34.38
,0.0,55.0,-46.0,-1.5707963267948963,NO_PATH,1.06542467e-19,0.0,29.99999999999999,-51.75,-2.987141537818687e-23,nan,34.400000000000006
,0.0,55.0,-46.0,-1.5707963267948963,NO_PATH,8.52260607e-19,0.0,29.99999999999999,-51.75,-2.987141537818687e-23,nan,34.42
,0.0,55.0,-46.0,-1.5707963267948963,NO_PATH,6.89204822e-19,0.0,29.99999999999999,-51.75,-2.987141537818687e-23,nan,34.440000000000005
,0.0,55.0,-46.0,-1.5707963267948963,NO_PATH,6.89204822e-19,0.0,29.99999999999999,-51.75,-2.987141537818687e-23,nan,34.46
,0.0,55.0,-46.0,-1.5707963267948963,NO_PATH,6.16332866e-19,0.0,29.99999999999999,-51.75,-2.987141537818687e-23,nan,34.480000000000004
,0.0,55.0,-46.0,-1.5707963267948963,NO_PATH,6.16332866e-19,0.0,29.99999999999999,-51.75,-2.987141537818687e-23,nan,34.5
,0.0,55.0,-46.0,-1.5707963267948963,NO_PATH,7.61309896e-19,0.0,29.99999999999999,-51.75,-2.987141537818687e-23,nan,34.52
,0.0,55.0,-46.0,-1.5707963267948963,NO_PATH,2.68385731e-19,0.0,29.99999999999999,-51.75,-2.987141537818687e-23,nan,34.54
,0.0,55.0,-46.0,-1.5707963267948963,NO_PATH,3.56672224e-19,0.0,29.99999999999999,-51.75,-2.987141537818687e-23,nan,34.56
,0.0,55.0,-46.0,-1.5707963267948963,NO_PATH,3.56672224e-19,0.0,29.99999999999999,-51.75,-2.987141537818687e-23,nan,34.580000000000005
,0.0,55.0,-46.0,-1.5707963267948963,NO_PATH,3.83222591e-19,0.0,29.99999999999999,-51.75,-2.987141537818687e-23,nan,34.6
,0.0,55.0,-46.0,-1.5707963267948963,NO_PATH,3.83222591e-19,0.0,29.99999999999999,-51.75,-2.987141537818687e-23,nan,34.620000000000005
,0.0,55.0,-46.0,-1.5707963267948963,NO_PATH,2.40489684e-19,0.0,29.99999999999999,-51.75,-2.987141537818687e-23,nan,34.641000000000005
,0.0,55.0,-46.0,-1.5707963267948963,NO_PATH,-2.03178086e-19,0.0,29.99999999999999,-51.75,-2.987141537818687e-23,nan,34.660000000000004
,0.0,55.0,-46.0,-1.5707963267948963,NO_PATH,-2.03178086e-19,0.0,29.99999999999999,-51.75,-2.987141537818687e-23,nan,34.68
,0.0,55.0,-46.0,-1.5707963267948963,NO_PATH,1.66396595e-19,0.0,29.99999999999999,-51.75,-2.987141537818687e-23,nan,34.7
,0.0,55.0,-46.0,-1.5707963267948963,NO_PATH,5.54197224e-19,0.0,29.99999999999999,-51.75,-2.987141537818687e-23,nan,34.72
,0.0,55.0,-46.0,-1.5707963267948963,NO_PATH,2.93778201e-19,0.0,29.99999999999999,-51.75,-2.987141537818687e-23,nan,34.74
,0.0,55.0,-46.0,-1.5707963267948963,NO_PATH,7.68233897e-19,0.0,29.99999999999999,-51.75,-2.987141537818687e-23,nan,34.760000000000005
,0.0,55.0,-46.0,-1.5707963267948963,NO_PATH,6.96785879e-19,0.0,29.99999999999999,-51.75,-2.987141537818687e-23,nan,34.78
,0.0,55.0,-46.0,-1.5707963267948963,NO_PATH,6.96785879e-19,0.0,29.99999999999999,-51.75,-2.987141537818687e-23,nan,34.800000000000004
,0.0,55.0,-46.0,-1.5707963267948963,NO_PATH,6.94902563e-19,0.0,29.99999999999999,-51.75,-2.987141537818687e-23,nan,34.82
,0.0,55.0,-46.0,-1.5707963267948963,NO_PATH,6.94902563e-19,0.0,29.99999999999999,-51.75,-2.987141537818687e-23,nan,34.84
,0.0,55.0,-46.0,-1.5707963267948963,NO_PATH,4.65241085e-19,0.0,29.99999999999999,-51.75,-2.987141537818687e-23,nan,34.86
,0.0,55.0,-46.0,-1.5707963267948963,NO_PATH,3.26127289e-19,0.0,29.99999999999999,-51.75,-2.987141537818687e-23,nan,34.88
,0.0,55.0,-46.0,-1.5707963267948963,NO_PATH,5.92284349e-19,0.0,29.99999999999999,-51.75,-2.987141537818687e-23,nan,34.900000000000006
,0.0,55.0,-46.0,-1.5707963267948963,NO_PATH,8.42591471e-19,0.0,29.99999999999999,-51.75,-2.987141537818687e-23,nan,34.92
,0.0,55.0,-46.0,-1.5707963267948963,NO_PATH,7.51299723e-19,0.0,29.99999999999999,-51.75,-2.987141537818687e-23,nan,34.940000000000005
,0.0,55.0,-46.0,-1.5707963267948963,NO_PATH,3.53953327e-19,0.0,29.99999999999999,-51.75,-2.987141537818687e-23,nan,34.96
,0.0,55.0,-46.0,-1.5707963267948963,NO_PATH,5.59905462e-19,0.0,29.99999999999999,-51.75,-2.987141537818687e-23,nan,34.980000000000004
,0.0,55.0,-46.0,-1.5707963267948963,NO_PATH,3.23979935e-19,0.0,29.99999999999999,-51.75,-2.987141537818687e-23,nan,35.0
,0.0,55.0,-46.0,-1.5707963267948963,NO_PATH,3.8356911e-19,0.0,29.99999999999999,-51.75,-2.987141537818687e-23,nan,35.02
,0.0,55.0,-46.0,-1.5707963267948963,NO_PATH,8.74286875e-19,0.0,29.99999999999999,-51.75,-2.987141537818687e-23,nan,35.04
,0.0,55.0,-46.0,-1.5707963267948963,NO_PATH,1.58887124e-19,0.0,29.99999999999999,-51.75,-2.987141537818687e-23,nan,35.06
,0.0,55.0,-46.0,-1.5707963267948963,NO_PATH,1.19402998e-18,0.0,29.99999999999999,-51.75,-2.987141537818687e-23,nan,35.080000000000005
,0.0,55.0,-46.0,-1.5707963267948963,NO_PATH,9.30739128e-20,0.0,29.99999999999999,-51.75,-2.987141537818687e-23,nan,35.1
,0.0,55.0,-46.0,-1.5707963267948963,NO_PATH,-7.21685107e-20,0.0,29.99999999999999,-51.75,-2.987141537818687e-23,nan,35.120000000000005
,0.0,55.0,-46.0,-1.5707963267948963,NO_PATH,7.34209964e-19,0.0,29.99999999999999,-51.75,-2.987141537818687e-23,nan,35.14
,0.0,55.0,-46.0,-1.5707963267948963,NO_PATH,8.96549516e-19,0.0,29.99999999999999,-51.75,-2.987141537818687e-23,nan,35.160000000000004
,0.0,55.0,-46.0,-1.5707963267948963,NO_PATH,8.96549516e-19,0.0,29.99999999999999,-51.75,-2.987141537818687e-23,nan,35.18
,0.0,55.0,-46.0,-1.5707963267948963,NO_PATH,2.83621193e-19,0.0,29.99999999999999,-51.75,-2.987141537818687e-23,nan,35.2
,0.0,55.0,-46.0,-1.5707963267948963,NO_PATH,2.83621193e-19,0.0,29.99999999999999,-51.75,-2.987141537818687e-23,nan,35.22
,0.0,55.0,-46.0,-1.5707963267948963,NO_PATH,2.09965118e-19,0.0,29.99999999999999,-51.75,-2.987141537818687e-23,nan,35.24
,0.0,55.0,-46.0,-1.5707963267948963,NO_PATH,7.84561033e-19,0.0,29.99999999999999,-51.75,-2.987141537818687e-23,nan,35.260000000000005
,0.0,55.0,-46.0,-1.5707963267948963,NO_PATH,5.35663071e-19,0.0,29.99999999999999,-51.75,-2.987141537818687e-23,nan,35.28
,0.0,55.0,-46.0,-1.5707963267948963,NO_PATH,5.35663071e-19,0.0,29.99999999999999,-51.75,-2.987141537818687e-23,nan,35.300000000000004
,0.0,55.0,-46.0,-1.5707963267948963,NO_PATH,3.4647316e-19,0.0,29.99999999999999,-51.75,-2.987141537818687e-23,nan,35.32
,0.0,55.0,-46.0,-1.5707963267948963,NO_PATH,2.43227652e-19,0.0,29.99999999999999,-51.75,-2.987141537818687e-23,nan,35.34
,0.0,55.0,-46.0,-1.5707963267948963,NO_PATH,3.67377461e-19,0.0,29.99999999999999,-51.75,-2.987141537818687e-23,nan,35.36
,0.0,55.0,-46.0,-1.5707963267948963,NO_PATH,3.67377461e-19,0.0,29.99999999999999,-51.75,-2.987141537818687e-23,nan,35.38
,0.0,55.0,-46.0,-1.5707963267948963,NO_PATH,1.25008027e-18,0.0,29.99999999999999,-51.75,-2.987141537818687e-23,nan,35.400000000000006
,0.0,55.0,-46.0,-1.5707963267948963,NO_PATH,-3.26405525e-20,0.0,29.99999999999999,-51.75,-2.987141537818687e-23,nan,35.42
,0.0,55.0,-46.0,-1.5707963267948963,NO_PATH,3.66266302e-19,0.0,29.99999999999999,-51.75,-2.987141537818687e-23,nan,35.440000000000005
,0.0,55.0,-46.0,-1.5707963267948963,NO_PATH,3.66266302e-19,0.0,29.99999999999999,-51.75,-2.987141537818687e-23,nan,35.46
,0.0,55.0,-46.0,-1.5707963267948963,NO_PATH,1.05895078e-18,0.0,29.99999999999999,-51.75,-2.987141537818687e-23,nan,35.480000000000004
,0.0,55.0,-46.0,-1.5707963267948963,NO_PATH,6.35249885e-20,0.0,29.99999999999999,-51.75,-2.987141537818687e-23,nan,35.501000000000005
,0.0,55.0,-46.0,-1.5707963267948963,NO_PATH,8.73169722e-19,0.0,29.99999999999999,-51.75,-2.987141537818687e-23,nan,35.52
,0.0,55.0,-46.0,-1.5707963267948963,NO_PATH,8.73169722e-19,0.0,29.99999999999999,-51.75,-2.987141537818687e-23,nan,35.54
,0.0,55.0,-46.0,-1.5707963267948963,NO_PATH,1.09733763e-18,0.0,29.99999999999999,-51.75,-2.987141537818687e-23,nan,35.56
,0.0,55.0,-46.0,-1.5707963267948963,NO_PATH,1.09733763e-18,0.0,29.99999999999999,-51.75,-2.987141537818687e-23,nan,35.580000000000005
,0.0,55.0,-46.0,-1.5707963267948963,NO_PATH,3.61229671e-19,0.0,29.99999999999999,-51.75,-2.987141537818687e-23,nan,35.601
,0.0,55.0,-46.0,-1.5707963267948963,NO_PATH,1.24762949e-18,0.0,29.99999999999999,-51.75,-2.987141537818687e-23,nan,35.620000000000005
,0.0,55.0,-46.0,-1.5707963267948963,NO_PATH,2.6145511e-19,0.0,29.99999999999999,-51.75,-2.987141537818687e-23,nan,35.64
,0.0,55.0,-46.0,-1.5707963267948963,NO_PATH,2.6145511e-19,0.0,29.99999999999999,-51.75,-2.987141537818687e-23,nan,35.660000000000004
,0.0,55.0,-46.0,-1.5707963267948963,NO_PATH,-2.52712609e-19,0.0,29.99999999999999,-51.75,-2.987141537818687e-23,nan,35.68
,0.0,55.0,-46.0,-1.5707963267948963,NO_PATH,6.79607355e-19,0.0,29.99999999999999,-51.75,-2.987141537818687e-23,nan,35.7
,0.0,55.0,-46.0,-1.5707963267948963,NO_PATH,6.79607355e-19,0.0,29.99999999999999,-51.75,-2.987141537818687e-23,nan,35.72
,0.0,55.0,-46.0,-1.5707963267948963,NO_PATH,3.56789634e-19,0.0,29.99999999999999,-51.75,-2.987141537818687e-23,nan,35.74
,0.0,55.0,-46.0,-1.5707963267948963,NO_PATH,-3.14699477e-20,0.0,29.99999999999999,-51.75,-2.987141537818687e-23,nan,35.760000000000005
,0.0,55.0,-46.0,-1.5707963267948963,NO_PATH,-1.61384781e-19,0.0,29.99999999999999,-51.75,-2.987141537818687e-23,nan,35.78
,0.0,55.0,-46.0,-1.5707963267948963,NO_PATH,-1.61384781e-19,0.0,29.99999999999999,-51.75,-2.987141537818687e-23,nan,35.801
,0.0,55.0,-46.0,-1.5707963267948963,NO_PATH,5.80153262e-19,0.0,29.99999999999999,-51.75,-2.987141537818687e-23,nan,35.82
,0.0,55.0,-46.0,-1.5707963267948963,NO_PATH,5.80153262e-19,0.0,29.99999999999999,-51.75,-2.987141537818687e-23,nan,35.84
,0.0,55.0,-46.0,-1.5707963267948963,NO_PATH,2.48676681e-19,0.0,29.99999999999999,-51.75,-2.987141537818687e-23,nan,35.86
,0.0,55.0,-46.0,-1.5707963267948963,NO_PATH,2.48676681e-19,0.0,29.99999999999999,-51.75,-2.987141537818687e-23,nan,35.88
,0.0,55.0,-46.0,-1.5707963267948963,NO_PATH,7.59997629e-19,0.0,29.99999999999999,-51.75,-2.987141537818687e-23,nan,35.900000000000006
,0.0,55.0,-46.0,-1.5707963267948963,NO_PATH,5.93216656e-19,0.0,29.99999999999999,-51.75,-2.987141537818687e-23,nan,35.92
,0.0,55.0,-46.0,-1.5707963267948963,NO_PATH,1.32102357e-18,0.0,29.99999999999999,-51.75,-2.987141537818687e-23,nan,35.940000000000005
,0.0,55.0,-46.0,-1.5707963267948963,NO_PATH,1.8606237e-19,0.0,29.99999999999999,-51.75,-2.987141537818687e-23,nan,35.96
,0.0,55.0,-46.0,-1.5707963267948963,NO_PATH,3.36199965e-19,0.0,29.99999999999999,-51.75,-2.987141537818687e-23,nan,35.980000000000004
,0.0,55.0,-46.0,-1.5707963267948963,NO_PATH,3.36199965e-19,0.0,29.99999999999999,-51.75,-2.987141537818687e-23,nan,36.0
,0.0,55.0,-46.0,-1.5707963267948963,NO_PATH,2.84412002e-19,0.0,29.99999999999999,-51.75,-2.987141537818687e-23,nan,36.02
,0.0,55.0,-46.0,-1.5707963267948963,NO_PATH,2.84412002e-19,0.0,29.99999999999999,-51.75,-2.987141537818687e-23,nan,36.04
,0.0,55.0,-46.0,-1.5707963267948963,NO_PATH,7.57098417e-19,0.0,29.99999999999999,-51.75,-2.987141537818687e-23,nan,36.06
,0.0,55.0,-46.0,-1.5707963267948963,NO_PATH,9.40169735e-19,0.0,29.99999999999999,-51.75,-2.987141537818687e-23,nan,36.080000000000005
,0.0,55.0,-46.0,-1.5707963267948963,NO_PATH,4.60566014e-19,0.0,29.99999999999999,-51.75,-2.987141537818687e-23,nan,36.1
,0.0,55.0,-46.0,-1.5707963267948963,NO_PATH,5.04638077e-19,0.0,29.99999999999999,-51.75,-2.987141537818687e-23,nan,36.120000000000005
,0.0,55.0,-46.0,-1.5707963267948963,NO_PATH,6.21362889e-19,0.0,29.99999999999999,-51.75,-2.987141537818687e-23,nan,36.14
,0.0,55.0,-46.0,-1.5707963267948963,NO_PATH,2.39113997e-19,0.0,29.99999999999999,-51.75,-2.987141537818687e-23,nan,36.160000000000004
,0.0,55.0,-46.0,-1.5707963267948963,NO_PATH,8.82018763e-19,0.0,29.99999999999999,-51.75,-2.987141537818687e-23,nan,36.18
,0.0,55.0,-46.0,-1.5707963267948963,NO_PATH,8.82018763e-19,0.0,29.99999999999999,-51.75,-2.987141537818687e-23,nan,36.2
,0.0,55.0,-46.0,-1.5707963267948963,NO_PATH,2.05831035e-19,0.0,29.99999999999999,-51.75,-2.987141537818687e-23,nan,36.22
,0.0,55.0,-46.0,-1.5707963267948963,NO_PATH,2.05831035e-19,0.0,29.99999999999999,-51.75,-2.987141537818687e-23,nan,36.24
,0.0,55.0,-46.0,-1.5707963267948963,NO_PATH,7.82540215e-19,0.0,29.99999999999999,-51.75,-2.987141537818687e-23,nan,36.260000000000005
,0.0,55.0,-46.0,-1.5707963267948963,NO_PATH,7.82540215e-19,0.0,29.99999999999999,-51.75,-2.987141537818687e-23,nan,36.28
,0.0,55.0,-46.0,-1.5707963267948963,NO_PATH,8.5067295e-19,0.0,29.99999999999999,-51.75,-2.987141537818687e-23,nan,36.300000000000004
,0.0,55.0,-46.0,-1.5707963267948963,NO_PATH,1.10833146e-18,0.0,29.99999999999999,-51.75,-2.987141537818687e-23,nan,36.32
,0.0,55.0,-46.0,-1.5707963267948963,NO_PATH,1.10833146e-18,0.0,29.99999999999999,-51.75,-2.987141537818687e-23,nan,36.34
,0.0,55.0,-46.0,-1.5707963267948963,NO_PATH,6.39150394e-19,0.0,29.99999999999999,-51.75,-2.987141537818687e-23,nan,36.36
,0.0,55.0,-46.0,-1.5707963267948963,NO_PATH,6.39150394e-19,0.0,29.99999999999999,-51.75,-2.987141537818687e-23,nan,36.38
,0.0,55.0,-46.0,-1.5707963267948963,NO_PATH,9.61799905e-19,0.0,29.99999999999999,-51.75,-2.987141537818687e-23,nan,36.401
,0.0,55.0,-46.0,-1.5707963267948963,NO_PATH,6.26095558e-19,0.0,29.99999999999999,-51.75,-2.987141537818687e-23,nan,36.42
,0.0,55.0,-46.0,-1.5707963267948963,NO_PATH,3.10432459e-19,0.0,29.99999999999999,-51.75,-2.987141537818687e-23,nan,36.440000000000005
,0.0,55.0,-46.0,-1.5707963267948963,NO_PATH,4.60458192e-19,0.0,29.99999999999999,-51.75,-2.987141537818687e-23,nan,36.46
,0.0,55.0,-46.0,-1.5707963267948963,NO_PATH,5.81706232e-19,0.0,29.99999999999999,-51.75,-2.987141537818687e-23,nan,36.480000000000004
,0.0,55.0,-46.0,-1.5707963267948963,NO_PATH,5.81706232e-19,0.0,29.99999999999999,-51.75,-2.987141537818687e-23,nan,36.5
,0.0,55.0,-46.0,-1.5707963267948963,NO_PATH,8.45359172e-19,0.0,29.99999999999999,-51.75,-2.987141537818687e-23,nan,36.52
,0.0,55.0,-46.0,-1.5707963267948963,NO_PATH,1.36698373e-19,0.0,29.99999999999999,-51.75,-2.987141537818687e-23,nan,36.54
,0.0,55.0,-46.0,-1.5707963267948963,NO_PATH,8.68375565e-20,0.0,29.99999999999999,-51.75,-2.987141537818687e-23,nan,36.56
,0.0,55.0,-46.0,-1.5707963267948963,NO_PATH,-6.16596041e-19,0.0,29.99999999999999,-51.75,-2.987141537818687e-23,nan,36.580000000000005
,0.0,55.0,-46.0,-1.5707963267948963,NO_PATH,-6.16596041e-19,0.0,29.99999999999999,-51.75,-2.987141537818687e-23,nan,36.6
,0.0,55.0,-46.0,-1.5707963267948963,NO_PATH,2.94907873e-19,0.0,29.99999999999999,-51.75,-2.987141537818687e-23,nan,36.620000000000005
,0.0,55.0,-46.0,-1.5707963267948963,NO_PATH,4.03988589e-19,0.0,29.99999999999999,-51.75,-2.987141537818687e-23,nan,36.64
,0.0,55.0,-46.0,-1.5707963267948963,NO_PATH,4.03988589e-19,0.0,29.99999999999999,-51.75,-2.987141537818687e-23,nan,36.660000000000004
,0.0,55.0,-46.0,-1.5707963267948963,NO_PATH,7.35236975e-19,0.0,29.99999999999999,-51.75,-2.987141537818687e-23,nan,36.68
,0.0,55.0,-46.0,-1.5707963267948963,NO_PATH,-1.26819635e-19,0.0,29.99999999999999,-51.75,-2.987141537818687e-23,nan,36.7
,0.0,55.0,-46.0,-1.5707963267948963,NO_PATH,6.40983146e-19,0.0,29.99999999999999,-51.75,-2.987141537818687e-23,nan,36.72
,0.0,55.0,-46.0,-1.5707963267948963,NO_PATH,1.14093718e-18,0.0,29.99999999999999,-51.75,-2.987141537818687e-23,nan,36.74
,0.0,55.0,-46.0,-1.5707963267948963,NO_PATH,4.57728429e-19,0.0,29.99999999999999,-51.75,-2.987141537818687e-23,nan,36.761
,0.0,55.0,-46.0,-1.5707963267948963,NO_PATH,4.57728429e-19,0.0,29.99999999999999,-51.75,-2.987141537818687e-23,nan,36.78
,0.0,55.0,-46.0,-1.5707963267948963,NO_PATH,8.78029359e-19,0.0,29.99999999999999,-51.75,-2.987141537818687e-23,nan,36.801
,0.0,55.0,-46.0,-1.5707963267948963,NO_PATH,8.78029359e-19,0.0,29.99999999999999,-51.75,-2.987141537818687e-23,nan,36.82
,0.0,55.0,-46.0,-1.5707963267948963,NO_PATH,8.51457341e-19,0.0,29.99999999999999,-51.75,-2.987141537818687e-23,nan,36.84
,0.0,55.0,-46.0,-1.5707963267948963,NO_PATH,8.51457341e-19,0.0,29.99999999999999,-51.75,-2.987141537818687e-23,nan,36.86
,0.0,55.0,-46.0,-1.5707963267948963,NO_PATH,9.20441479e-19,0.0,29.99999999999999,-51.75,-2.987141537818687e-23,nan,36.88
,0.0,55.0,-46.0,-1.5707963267948963,NO_PATH,2.16142668e-19,0.0,29.99999999999999,-51.75,-2.987141537818687e-23,nan,36.900000000000006
,0.0,55.0,-46.0,-1.5707963267948963,NO_PATH,2.16142668e-19,0.0,29.99999999999999,-51.75,-2.987141537818687e-23,nan,36.92
,0.0,55.0,-46.0,-1.5707963267948963,NO_PATH,-4.62936196e-19,0.0,29.99999999999999,-51.75,-2.987141537818687e-23,nan,36.940000000000005
,0.0,55.0,-46.0,-1.5707963267948963,NO_PATH,2.57405641e-19,0.0,29.99999999999999,-51.75,-2.987141537818687e-23,nan,36.96
,0.0,55.0,-46.0,-1.5707963267948963,NO_PATH,4.7719169e-19,0.0,29.99999999999999,-51.75,-2.987141537818687e-23,nan,36.980000000000004
,0.0,55.0,-46.0,-1.5707963267948963,NO_PATH,4.7719169e-19,0.0,29.99999999999999,-51.75,-2.987141537818687e-23,nan,37.001000000000005
,0.0,55.0,-46.0,-1.5707963267948963,NO_PATH,3.96918548e-19,0.0,29.99999999999999,-51.75,-2.987141537818687e-23,nan,37.02
,0.0,55.0,-46.0,-1.5707963267948963,NO_PATH,3.04833493e-19,0.0,29.99999999999999,-51.75,-2.987141537818687e-23,nan,37.04
,0.0,55.0,-46.0,-1.5707963267948963,NO_PATH,6.65930807e-19,0.0,29.99999999999999,-51.75,-2.987141537818687e-23,nan,37.06
,0.0,55.0,-46.0,-1.5707963267948963,NO_PATH,9.54679592e-19,0.0,29.99999999999999,-51.75,-2.987141537818687e-23,nan,37.080000000000005
,0.0,55.0,-46.0,-1.5707963267948963,NO_PATH,9.54679592e-19,0.0,29.99999999999999,-51.75,-2.987141537818687e-23,nan,37.1
CRUISE,0.0,55.0,-46.0,-1.5707963267948963,NO_PATH,2.75516948e-19,0.0,29.99999999999999,-51.75,-2.987141537818687e-23,nan,37.120000000000005
CRUISE,0.0,55.0,-46.0,-1.5707963267948963,TRACKING,1.08917551e-18,0.0,29.99999999999999,-51.75,-2.987141537818687e-23,nan,37.14
CRUISE,0.0,55.0,-46.0,-1.5707963267948963,TRACKING,3.79634969e-19,0.021749236156054508,30.000284985487344,-51.75,2.2897131817658934e-13,nan,37.160000000000004
CRUISE,0.0,55.0,-46.0,-1.5707963267948963,TRACKING,0.0284999998,0.05174923615562932,30.001169970210466,-51.75,1.1082633100127285e-12,nan,37.18
CRUISE,0.0,55.0,-46.0,-1.5707963267948963,TRACKING,0.0284999998,0.08174923615626994,30.00265495493359,-51.75,2.583694553596665e-12,nan,37.2
CRUISE,0.0,55.0,-46.0,-1.5707963267948963,TRACKING,0.0884999998,0.11174923615620003,30.00473993965671,-51.75,4.6552642516271545e-12,nan,37.221000000000004
CRUISE,0.0,55.0,-46.0,-1.5707963267948963,TRACKING,0.0884999998,0.14174923615577484,30.00742492437983,-51.75,7.322972428987398e-12,nan,37.24
CRUISE,0.0,55.0,-46.0,-1.5707963267948963,TRACKING,0.1185,0.17174923615641546,30.010709909102957,-51.75,1.0586820462979495e-11,nan,37.260000000000005
CRUISE,0.0,55.0,-46.0,-1.5707963267948963,TRACKING,0.1485,0.20174923615634555,30.014594893826075,-51.74999999999987,1.4446812243815433e-11,nan,37.28
CRUISE,0.0,55.0,-46.0,-1.5707963267948963,TRACKING,0.2085,0.23174923615556509,30.019079878549192,-51.74999999999973,1.890295657506589e-11,nan,37.300000000000004
CRUISE,0.0,55.0,-46.0,-1.5707963267948963,TRACKING,0.2085,0.2617492361562057,30.02416486327232,-51.74999999999959,2.3955266096793917e-11,nan,37.32
CRUISE,0.0,55.0,-46.0,-1.5707963267948963,TRACKING,0.2385,0.29174923615649107,30.02984984799544,-51.74999999999941,2.960376073387473e-11,nan,37.34
CRUISE,0.0,55.0,-46.0,-1.5707963267948963,TRACKING,0.2985,0.3217492361557106,30.03613483271856,-51.749999999999126,3.584846959954173e-11,nan,37.36
CRUISE,0.0,55.0,-46.0,-1.5707963267948963,TRACKING,0.3285,0.35174923615599596,30.043019817441685,-51.74999999999882,4.2689431847428434e-11,nan,37.38
CRUISE,0.0,55.0,-46.0,-1.5707963267948963,TRACKING,0.3285,0.3817492361566366,30.050504802164806,-51.749999999998394,5.012669887591858e-11,nan,37.400000000000006
CRUISE,0.0,55.0,-46.0,-1.5707963267948963,TRACKING,0.3585,0.41174923615550085,30.05858978688792,-51.74999999999789,5.8160338547376783e-11,nan,37.42
CRUISE,0.0,55.0,-46.0,-1.5707963267948963,TRACKING,0.3885,0.4417492361561415,30.06727477161105,-51.74999999999728,6.679043690610181e-11,nan,37.440000000000005
CRUISE,0.0,55.0,-46.0,-1.5707963267948963,TRACKING,0.4185,0.4717492361567821,30.076559756334174,-51.74999999999654,7.601709801797632e-11,nan,37.46
CRUISE,0.0,55.0,-46.0,-1.5707963267948963,TRACKING,0.4485,0.5017492361556464,30.086444741057292,-51.74999999999566,8.584045064268497e-11,nan,37.480000000000004
CRUISE,0.0,55.0,-46.0,-1.5707963267948963,TRACKING,0.4785,0.5317492361559317,30.096929725780416,-51.749999999994614,9.626064937014384e-11,nan,37.5
CRUISE,0.0,55.0,-46.0,-1.5707963267948963,TRACKING,0.5385,0.5617492361565724,30.10801471050354,-51.7499999999934,1.072778813300084e-10,nan,37.52
CRUISE,0.0,55.0,-46.0,-1.5707963267948963,TRACKING,0.5385,0.5917492361557919,30.119699695226657,-51.74999999999199,1.188923623687982e-10,nan,37.54
CRUISE,0.0,55.0,-46.0,-1.5707963267948963,TRACKING,0.5985,0.6217492361560772,30.13198467994978,-51.74999999999036,1.3110434185919704e-10,nan,37.56
CRUISE,0.0,55.0,-46.0,-1.5707963267948963,TRACKING,0.5985,0.6517492361563626,30.144869664672903,-51.74999999998849,1.4391411536881802e-10,nan,37.580000000000005
CRUISE,0.0,55.0,-46.0,-1.5707963267948963,TRACKING,0.6585,0.6817492361559374,30.15835464939602,-51.74999999998636,1.5732201327923679e-10,nan,37.6
CRUISE,0.0,55.0,-46.0,-1.5707963267948963,TRACKING,0.6585,0.7117492361558675,30.172439634119147,-51.74999999998394,1.7132841217693655e-10,nan,37.620000000000005
CRUISE,0.0,55.0,-46.0,-1.5707963267948963,TRACKING,0.6885,0.7417492361561528,30.18712461884227,-51.74999999998122,1.8593373549815597e-10,nan,37.64
CRUISE,0.0,55.0,-46.0,-1.5707963267948963,TRACKING,0.7185,0.7717492361560829,30.20240960356539,-51.74999999997816,2.0113845639108192e-10,nan,37.660000000000004
CRUISE,0.0,55.0,-46.0,-1.5707963267948963,TRACKING,0.7785,0.8017492361556577,30.218294588288508,-51.74999999997474,2.1694309908036516e-10,nan,37.681000000000004
CRUISE,0.0,55.0,-46.0,-1.5707963267948963,TRACKING,0.8085,0.8317492361562984,30.234779573011632,-51.74999999997093,2.333482378597831e-10,nan,37.701
CRUISE,0.0,55.0,-46.0,-1.5707963267948963,TRACKING,0.8085,0.8617492361562284,30.251864557734752,-51.749999999966704,2.5035450230359627e-10,nan,37.72
CRUISE,0.0,55.0,-46.0,-1.5707963267948963,TRACKING,0.8685,0.8917492361558033,30.26954954245787,-51.74999999996203,2.6796257574817666e-10,nan,37.74
CRUISE,0.0,55.0,-46.0,-1.5707963267948963,TRACKING,0.8685,0.9217492361560886,30.287834527180994,-51.74999999995686,2.861731922667137e-10,nan,37.760000000000005
CRUISE,0.0,55.0,-46.0,-1.5707963267948963,TRACKING,0.8985,0.951749236156374,30.306719511904117,-51.74999999995119,3.04987134942012e-10,nan,37.78
CRUISE,0.0,55.0,-46.0,-1.5707963267948963,TRACKING,0.9585,0.9817492361555935,30.326204496627234,-51.74999999994498,3.2440523449725083e-10,nan,37.800000000000004
CRUISE,0.0,55.0,-46.0,-1.5707963267948963,TRACKING,0.9585,1.0117492361562341,30.34628948135036,-51.74999999993819,3.4442836374406513e-10,nan,37.82
CRUISE,0.0,55.0,-46.0,-1.5707963267948963,TRACKING,1.0185,1.0417492361565195,30.366974466073483,-51.749999999930786,3.650574368612366e-10,nan,37.84
CRUISE,0.0,55.0,-46.0,-1.5707963267948963,TRACKING,1.0185,1.0717492361553838,30.3882594507966,-51.749999999922736,3.8629339877321936e-10,nan,37.86
CRUISE,0.0,55.0,-46.0,-1.5707963267948963,TRACKING,1.0485,1.1017492361560244,30.410144435519726,-51.749999999913996,4.081372170543082e-10,nan,37.88
CRUISE,0.0,55.0,-46.0,-1.5707963267948963,TRACKING,1.1085,1.131749236156665,30.43262942024285,-51.74999999990454,4.305898677799355e-10,nan,37.900000000000006
CRUISE,0.0,55.0,-46.0,-1.5707963267948963,TRACKING,1.1385,1.1617492361555293,30.455714404965963,-51.749999999894314,4.5365233068703137e-10,nan,37.92
CRUISE,0.0,55.0,-46.0,-1.5707963267948963,TRACKING,1.1385,1.1917492361558146,30.47939938968909,-51.74999999988329,4.773255744815889e-10,nan,37.940000000000005
CRUISE,0.0,55.0,-46.0,-1.5707963267948963,TRACKING,1.1685,1.2217492361564553,30.50368437441221,-51.74999999987142,5.016105335664927e-10,nan,37.96
CRUISE,0.0,55.0,-46.0,-1.5707963267948963,TRACKING,1.1985,1.2517492361556748,30.52856935913533,-51.74999999985865,5.26508106197195e-10,nan,37.980000000000004
CRUISE,0.0,55.0,-46.0,-1.5707963267948963,TRACKING,1.2285,1.2817492361559601,30.554054343858454,-51.74999999984495,5.52019121753147e-10,nan,38.0
CRUISE,0.0,55.0,-46.0,-1.5707963267948963,TRACKING,1.2885,1.311749236156956,30.58013932858158,-51.74999999983028,5.781443332352669e-10,nan,38.02
CRUISE,0.0,55.0,-46.0,-1.5707963267948963,TRACKING,1.2885,1.3417492361558203,30.6068243133047,-51.74999999981459,6.048843866643065e-10,nan,38.04
CRUISE,0.0,55.0,-46.0,-1.5707963267948963,TRACKING,1.3185,1.3717492361561057,30.63410929802782,-51.74999999979783,6.322397968216643e-10,nan,38.06
CRUISE,0.0,55.0,-46.0,-1.5707963267948963,TRACKING,1.3785,1.401749236156391,30.661994282750943,-51.74999999977995,6.602109268743726e-10,nan,38.080000000000005
CRUISE,1.704984060519243e-88,55.0,-46.0,-1.5268140296446406,TRACKING,1.3785,1.4317492361559658,30.69047926747406,-51.749999999760895,6.88797984171281e-10,nan,38.1
CRUISE,4.976784124273689e-87,55.0,-46.0,-1.463982176572846,TRACKING,1.4085,1.4602492361561303,30.719535752961033,-51.74999999974063,7.179723381967949e-10,nan,38.120000000000005
CRUISE,0.7158965690861888,55.00107167960852,-46.007078296811926,-1.421281649235005,TRACKING,1.4385,1.490249236156771,30.749190737684163,-51.7499999997191,7.47760853947345e-10,nan,38.14
CRUISE,1.1931609484772423,55.00457840345517,-46.03068243296103,-1.4255542152763885,TRACKING,1.467,1.5202492361563458,30.779445722407285,-51.74999999969624,7.781645752844193e-10,nan,38.160000000000004
CRUISE,1.1931609484761532,55.007984245370835,-46.05430133632945,-1.4298267813177716,TRACKING,1.497,1.5502492361559206,30.810300707130406,-51.74999999967201,8.091827862330288e-10,nan,38.18
CRUISE,1.1877573753607165,55.01126488114659,-46.07784519803034,-1.4353284968319684,TRACKING,1.527,1.580249236156206,30.841755691853532,-51.74999999964633,8.408144905191485e-10,nan,38.2
CRUISE,1.1877573753599466,55.01440915367869,-46.10139130278923,-1.4410471210766616,TRACKING,1.557,1.6102492361564913,30.873810676576653,-51.74999999961914,8.730583925672009e-10,nan,38.22
CRUISE,1.1893462316035948,55.02030669661511,-46.148577137537515,-1.45196520676314,TRACKING,1.617,1.6402492361553556,30.90646566129977,-51.749999999590386,9.059128928884047e-10,nan,38.24
CRUISE,1.1893462316035948,55.02030669661511,-46.148577137537515,-1.45196520676314,TRACKING,1.617,1.670249236155641,30.93972064602289,-51.74999999956001,9.393760993178088e-10,nan,38.260000000000005
CRUISE,1.1893462316053711,55.02306682017556,-46.172203355245315,-1.4572992659686408,TRACKING,1.647,1.7002492361566368,30.973575630746012,-51.749999999527944,9.73445800557255e-10,nan,38.28
CRUISE,1.1914758127109994,55.02570941401283,-46.195879440403864,-1.4621543407541449,TRACKING,1.677,1.730249236155501,31.008030615469128,-51.74999999949413,1.0081195017307634e-09,nan,38.300000000000004
CRUISE,1.191475812711484,55.02823952163068,-46.21957423574208,-1.466924888877297,TRACKING,1.707,1.7602492361561417,31.043085600192256,-51.749999999458495,1.0433944065232702e-09,nan,38.32
CRUISE,1.1926241296284028,55.03297110208353,-46.26702996107737,-1.475999365060182,TRACKING,1.767,1.790249236156427,31.078740584915376,-51.74999999942098,1.0792674752149546e-09,nan,38.34
CRUISE,1.1926241296284028,55.03297110208353,-46.26702996107737,-1.475999365060182,TRACKING,1.767,1.8202492361556466,31.11499556963849,-51.74999999938151,1.1157354377474783e-09,nan,38.36
CRUISE,1.1941058995678357,55.03728773348254,-46.31456586515792,-1.4844498887442674,TRACKING,1.797,1.850249236155932,31.151850554361616,-51.74999999934001,1.152794832217471e-09,nan,38.38
CRUISE,1.1941058995678357,55.03728773348254,-46.31456586515792,-1.4844498887442674,TRACKING,1.827,1.8802492361565726,31.18930553908474,-51.74999999929642,1.190442078648274e-09,nan,38.400000000000006
CRUISE,1.194105899566769,55.03930247825832,-46.33836283171766,-1.4884160562980975,TRACKING,1.857,1.9102492361557921,31.227360523807853,-51.74999999925066,1.2286735020267643e-09,nan,38.42
CRUISE,1.1948228330626962,55.04122398930604,-46.36217470140078,-1.49225714879199,TRACKING,1.887,1.9402492361560775,31.26601550853098,-51.74999999920266,1.2674854513190567e-09,nan,38.440000000000005
CRUISE,1.1949024923507607,55.04305725151166,-46.3860023175297,-1.4959453717681799,TRACKING,1.917,1.970249236156718,31.305270493254106,-51.74999999915235,1.3068743428371658e-09,nan,38.46
CRUISE,1.194972717503875,55.04480266994753,-46.40983723352487,-1.4996204133007534,TRACKING,1.947,2.0002492361559376,31.34512547797723,-51.74999999909965,1.346836757520227e-09,nan,38.480000000000004
CRUISE,1.1956047439696607,55.04646439654295,-46.43369150754065,-1.5030450074046235,TRACKING,1.977,2.0302492361555124,31.38558046270035,-51.74999999904448,1.3873695229207928e-09,nan,38.5
CRUISE,1.1956047439694062,55.04804442234768,-46.457551332404925,-1.5064696015084942,TRACKING,2.007,2.0602492361565083,31.426635447423475,-51.74999999898679,1.4284698319929095e-09,nan,38.52
CRUISE,1.1965052718386089,55.049544861060156,-46.4814271234795,-1.5096715332369028,TRACKING,2.037,2.090249236156083,31.468290432146592,-51.74999999892648,1.47013533172786e-09,nan,38.54
CRUISE,1.1965052718376572,55.05097202746641,-46.50531462436252,-1.5127250233816718,TRACKING,2.067,2.120249236155658,31.510545416869718,-51.74999999886345,1.5123642132902096e-09,nan,38.56
CRUISE,1.1966027206132905,55.05232631409752,-46.529207343988084,-1.5157564189952801,TRACKING,2.127,2.1502492361562986,31.553400401592842,-51.749999998797726,1.5551553232559672e-09,nan,38.580000000000005
CRUISE,1.1969925157676886,55.05482823420567,-46.57702156782414,-1.5214215086616274,TRACKING,2.157,2.1802492361562287,31.596855386315966,-51.74999999872916,1.5985082619112436e-09,nan,38.6
CRUISE,1.1969925157676886,55.05482823420567,-46.57702156782414,-1.5214215086616274,TRACKING,2.157,2.2102492361558035,31.640910371039087,-51.74999999865761,1.6424234354486337e-09,nan,38.620000000000005
CRUISE,1.197613262678639,55.055979433965945,-46.60094179535155,-1.524053005834384,TRACKING,2.187,2.2402492271691443,31.685565355666892,-51.749999998582645,1.6865697955501034e-09,nan,38.64
CRUISE,1.1976132626781433,55.05706995725901,-46.62486921615062,-1.5265762465746073,TRACKING,2.217,2.2702492118533257,31.730820339966915,-51.7499999985031,1.7301392318587744e-09,nan,38.660000000000004
CRUISE,1.1978142103288938,55.058100352123255,-46.64880131318835,-1.529044354312973,TRACKING,2.247,2.3002492078216363,31.776675324128945,-51.749999998419845,1.7737966145672544e-09,nan,38.68
CRUISE,1.1979481754520378,55.05907379357935,-46.672740487839995,-1.5313838183803314,TRACKING,2.277,2.3302492156886956,31.823130308388162,-51.74999999833392,1.8183659325758175e-09,nan,38.7
CRUISE,1.1979481754494703,55.05999122758379,-46.69668187431023,-1.5337232824476918,TRACKING,2.307,2.3602492343428594,31.870185292973694,-51.749999998246295,1.8646511931361555e-09,nan,38.72
CRUISE,1.1983736136372576,55.060854736658115,-46.72063207879696,-1.5358574065246,TRACKING,2.337,2.3902492361557393,31.917840277696815,-51.74999999815596,1.91200030215475e-09,nan,38.74
CRUISE,1.1985335969510222,55.06243214458498,-46.76854262861794,-1.5399698161766837,TRACKING,2.397,2.42024923615638,31.966095262419945,-51.74999999806217,1.9599404538271264e-09,nan,38.760000000000005
CRUISE,1.1985335969510222,55.06243214458498,-46.76854262861794,-1.5399698161766837,TRACKING,2.397,2.4502492361570205,32.01495024714307,-51.74999999796486,2.0084791055356885e-09,nan,38.78
CRUISE,1.1986021612407647,55.06314902564424,-46.792503946608086,-1.5419006952373844,TRACKING,2.457,2.4802492361565953,32.064405231866196,-51.74999999786397,2.0576242312612794e-09,nan,38.801
CRUISE,1.1986021612413886,55.063819638988726,-46.81646660414059,-1.5438315742980833,TRACKING,2.457,2.51024923615617,32.114460216589315,-51.74999999775941,2.1073841010887557e-09,nan,38.82
CRUISE,1.1988949809046547,55.064445856298704,-46.84043544332546,-1.5455804286523318,TRACKING,2.517,2.540249236155745,32.16511520131243,-51.749999997651074,2.1577671012391947e-09,nan,38.84
CRUISE,1.1988949809064697,55.065030869719344,-46.8644062023569,-1.5472971609995618,TRACKING,2.517,2.5702492361560303,32.216370186035554,-51.74999999753892,2.2087814237030395e-09,nan,38.86
CRUISE,1.1990361427102862,55.0655750352608,-46.888379335615866,-1.548956961910638,TRACKING,2.577,2.6002492361563156,32.268225170758676,-51.74999999742285,2.260434873406005e-09,nan,38.88
CRUISE,1.1990518273582127,55.066548065906076,-46.93633151730802,-1.5521373979999809,TRACKING,2.607,2.6302492361558905,32.320680155481796,-51.749999997302766,2.3127345203480913e-09,nan,38.900000000000006
CRUISE,1.199188968801633,55.066978529368164,-46.96031115687247,-1.5536200605251995,TRACKING,2.607,2.660249236156176,32.37373514020492,-51.7499999971786,2.3656864341512617e-09,nan,38.92
CRUISE,1.1991889688027797,55.06737370844578,-46.9842916782019,-1.555090772437147,TRACKING,2.637,2.690249236156461,32.427390124928046,-51.74999999705025,2.4192954069141127e-09,nan,38.940000000000005
CRUISE,1.1991889688027797,55.06737370844578,-46.9842916782019,-1.555090772437147,TRACKING,2.667,2.720249236156036,32.48164510965117,-51.749999996917616,2.4735646748418717e-09,nan,38.96
CRUISE,1.1993644565919952,55.06773431773988,-47.00827485067102,-1.556460194536263,TRACKING,2.697,2.7502492361563213,32.5365000943743,-51.74999999678061,2.5284957136852723e-09,nan,38.980000000000004
CRUISE,1.199364456591615,55.06806335859743,-47.03225988123053,-1.5577620900934919,TRACKING,2.757,2.7802492045431393,32.59195507867811,-51.749999996641044,2.5855416243229025e-09,nan,39.0
CRUISE,1.1993832244150597,55.06836118139479,-47.05624550743465,-1.559053989832619,TRACKING,2.757,2.8102491201991597,32.64801006152447,-51.74999999649877,2.6447270138304074e-09,nan,39.02
CRUISE,1.1994582957165072,55.06886832429109,-47.10422114732973,-1.561457864585059,TRACKING,2.817,2.8402490788153045,32.70466504322726,-51.74999999635191,2.704779698452425e-09,nan,39.041000000000004
CRUISE,1.1995769609302946,55.069079805298415,-47.128211397288744,-1.5625409858327517,TRACKING,2.847,2.8702491033783417,32.76192002508808,-51.749999996199996,2.7654354554480168e-09,nan,39.061
CRUISE,1.1995769609302946,55.069079805298415,-47.128211397288744,-1.5625409858327517,TRACKING,2.877,2.900249190774673,32.81977500840598,-51.74999999604246,2.8263648126731436e-09,nan,39.080000000000005
CRUISE,1.1995769609308922,55.06926575748082,-47.152202214738054,-1.5636031395283525,TRACKING,2.907,2.93024923542049,32.87822999293933,-51.749999995876955,2.8858432495232927e-09,nan,39.1
CRUISE,1.1996271008677968,55.06942636826517,-47.17619371668747,-1.5646325580837515,TRACKING,2.937,2.9602492361568977,32.93728497766246,-51.74999999570537,2.945274905134243e-09,nan,39.120000000000005
CRUISE,1.199639635854061,55.06956308130035,-47.200186118941616,-1.5656128739288468,TRACKING,2.937,2.990249236155762,32.996939962385575,-51.74999999552847,3.0053076256407547e-09,nan,39.14
CRUISE,1.1997195447640023,55.06976701200309,-47.248172702442226,-1.5674695573459176,TRACKING,2.997,3.0202492361560473,33.057194947108705,-51.749999995346116,3.06592704167784e-09,nan,39.160000000000004
CRUISE,1.1997195447640023,55.06976701200309,-47.248172702442226,-1.5674695573459176,TRACKING,3.027,3.0502492361570432,33.118049931831834,-51.74999999515825,3.1271185747584862e-09,nan,39.18
CRUISE,1.199719544763746,55.06983697909,-47.27216699058022,-1.5683343751097667,TRACKING,3.027,3.0802492361559075,33.17950491655495,-51.74999999496468,3.188867980440353e-09,nan,39.2
YIELD,1.1997576985221383,55.069886343097416,-47.29616171153387,-1.5691685744899462,TRACKING,3.057,3.1102492361554823,33.241559901278066,-51.74999999476526,3.2511620691160207e-09,nan,39.220000000000006
YIELD,1.1997656330324722,55.069927177939476,-47.34415220355136,-1.57075890601818,TRACKING,3.117,3.140249236156478,33.30421488600119,-51.74999999455992,3.313989270930492e-09,nan,39.24
YIELD,1.1997988898447571,55.06991972871335,-47.36814817965711,-1.571491237044163,TRACKING,3.117,3.170249236156053,33.36746987072431,-51.749999994348514,3.3773403213040304e-09,nan,39.260000000000005
YIELD,1.1997988898428196,55.06989470649297,-47.392144143872926,-1.572223568070145,TRACKING,3.177,3.200249236155628,33.43132485544743,-51.749999994130924,3.4412087279141163e-09,nan,39.28
YIELD,1.1997988898428196,55.06989470649297,-47.392144143872926,-1.572223568070145,TRACKING,3.177,3.2302492056743404,33.495779839843266,-51.74999999390561,3.504508688780196e-09,nan,39.300000000000004
YIELD,1.1998455446969163,55.06985235481702,-47.416140550368766,-1.5729106267284876,TRACKING,3.207,3.2602490484748614,33.560834821629264,-51.74999999367123,3.5662507855835753e-09,nan,39.32
YIELD,1.1998455446969616,55.06979430278553,-47.44013739063362,-1.5735524130191898,TRACKING,3.237,3.290248949914343,33.626489801008816,-51.74999999342997,3.6280544783281677e-09,nan,39.34
YIELD,1.1998705119921695,55.069632744783306,-47.48813148679178,-1.5747764123186567,TRACKING,3.267,3.3202489437698546,33.69274477979608,-51.74999999318219,3.6902868771278703e-09,nan,39.36
YIELD,1.1998705119921695,55.069632744783306,-47.48813148679178,-1.5747764123186567,TRACKING,3.297,3.3502490337092183,33.75959975990003,-51.74999999292833,3.753336545025403e-09,nan,39.38
YIELD,1.1998705119931823,55.06953053510369,-47.51212867902069,-1.5753640410803236,TRACKING,3.327,3.3802491999814777,33.827054743045466,-51.74999999266907,3.8178103589309795e-09,nan,39.400000000000006
YIELD,1.199901494967968,55.06941463187971,-47.53612624284807,-1.575899098442329,TRACKING,3.357,3.4102492361562042,33.89510972773985,-51.749999992406345,3.8853231383344366e-09,nan,39.42
YIELD,1.199901494967317,55.06928633370027,-47.56012392952933,-1.5764116252044809,TRACKING,3.387,3.4402492361564896,33.96376471246297,-51.749999992136786,3.953530502179647e-09,nan,39.440000000000005
YIELD,1.1999096489840604,55.069145762192626,-47.58412162900271,-1.5769130658056436,TRACKING,3.417,3.470249236155354,34.033019697186084,-51.74999999186017,4.02235410814146e-09,nan,39.46
YIELD,1.1999178030024271,55.06899363462162,-47.60811950266462,-1.5773812479238394,TRACKING,3.477,3.5002492361563498,34.10287468190921,-51.74999999157636,4.091815897568516e-09,nan,39.480000000000004
YIELD,1.1999178030023028,55.06883027169237,-47.63211730247303,-1.5778494300420358,TRACKING,3.507,3.530249236156635,34.173329666632334,-51.74999999128528,4.1619367816785475e-09,nan,39.5
YIELD,1.199938153328642,55.06865624053827,-47.656115393654574,-1.5782617478510637,TRACKING,3.507,3.5602492361554994,34.24438465135545,-51.74999999098683,4.232735460369314e-09,nan,39.52
YIELD,1.1999381533287299,55.068472452041995,-47.68011345279732,-1.578667858514628,TRACKING,3.537,3.5902492361564953,34.316039636078585,-51.7499999906809,4.304227237178411e-09,nan,39.54
YIELD,1.1999466061494815,55.0682789780048,-47.70411152034902,-1.5790594434655063,TRACKING,3.597,3.620249235220996,34.38829462079235,-51.749999990367385,4.376455680021466e-09,nan,39.56
YIELD,1.1999487193534546,55.0680764585857,-47.72810964008722,-1.5794292398473526,TRACKING,3.597,3.650249083636936,34.46114960361571,-51.74999999004959,4.4520096360520595e-09,nan,39.580000000000005
YIELD,1.1999487193542258,55.06786506476278,-47.752107683293616,-1.5797990362291996,TRACKING,3.627,3.6802488835043334,34.53460458214832,-51.74999998972523,4.52942593556717e-09,nan,39.6
YIELD,1.1999619648122926,55.0676452654477,-47.77610588944771,-1.5801226453150172,TRACKING,3.657,3.7102488003561973,34.608659558417784,-51.74999998939311,4.607968206232728e-09,nan,39.620000000000005
YIELD,1.199961964811399,55.067417813779315,-47.80010405078728,-1.5804411224790542,TRACKING,3.717,3.740248843102023,34.68331453490592,-51.749999989052384,4.687133097489776e-09,nan,39.64
YIELD,1.1999688264398107,55.067182837847994,-47.82410222198796,-1.5807415068343516,TRACKING,3.717,3.7702490133199262,34.758569514163916,-51.74999998870223,4.766399431316811e-09,nan,39.662
YIELD,1.1999688264389214,55.06694087703675,-47.84810037868293,-1.5810298293171563,TRACKING,3.777,3.8002492258968346,34.834424497858734,-51.74999998834085,4.844498572426855e-09,nan,39.68
YIELD,1.1999746488828138,55.06643658891075,-47.89609661007879,-1.5815753263571086,TRACKING,3.807,3.830249236155936,34.910879482581855,-51.749999987968316,4.921442890483224e-09,nan,39.702000000000005
YIELD,1.1999746488828138,55.06643658891075,-47.89609661007879,-1.5815753263571086,TRACKING,3.837,3.8602492361562213,34.98793446730498,-51.74999998758689,4.998976859683927e-09,nan,39.720000000000006
YIELD,1.1999746488825627,55.06617493956282,-47.920094676658536,-1.5818353325438628,TRACKING,3.837,3.8902492361565066,35.06558945202811,-51.74999998719639,5.0770700902789624e-09,nan,39.74
YIELD,1.1999818287858521,55.065907181276884,-47.94409275484973,-1.5820734061695798,TRACKING,3.867,3.9202492361560815,35.14384443675123,-51.749999986796645,5.1556935022282855e-09,nan,39.760000000000005
YIELD,1.1999821995273505,55.06535559989312,-47.99208886198107,-1.582512476990408,TRACKING,3.927,3.9502492361556563,35.222699421474346,-51.749999986387465,5.234821487300064e-09,nan,39.78
YIELD,1.1999821995273505,55.06535559989312,-47.99208886198107,-1.582512476990408,TRACKING,3.927,3.9802492361559416,35.30215440619747,-51.74999998596873,5.314433638798671e-09,nan,39.800000000000004
YIELD,1.199985536186301,55.06507218341152,-48.016086899152334,-1.58270887008803,TRACKING,3.987,4.01024913145136,35.382209389786865,-51.74999998553787,5.392718670376698e-09,nan,39.82
YIELD,1.1999899844366075,55.06449136489284,-48.06408286391096,-1.5830802279603364,TRACKING,4.017,4.04024883941787,35.46286436787717,-51.749999985094554,5.469363737108425e-09,nan,39.84
YIELD,1.1999899844366075,55.06449136489284,-48.06408286391096,-1.5830802279603364,TRACKING,4.047,4.07024868844772,35.54411934221115,-51.749999984640624,5.545764811116476e-09,nan,39.86
YIELD,1.1999899844385762,55.06419469823545,-48.08808082992302,-1.5832436544072843,TRACKING,4.047,4.100248695030473,35.62597431587643,-51.74999998417684,5.622546134689095e-09,nan,39.88
YIELD,1.199991552229737,55.063894133959316,-48.11207876311622,-1.5834002811683847,TRACKING,4.077,4.130248863584285,35.70842929210478,-51.749999983703916,5.7003665616008855e-09,nan,39.901
YIELD,1.1999922241420264,55.06359000757939,-48.13607668055403,-1.583544279941482,TRACKING,4.107,4.160249173150277,35.791484273903876,-51.74999998322277,5.780028559781066e-09,nan,39.92
YIELD,1.1999922241397136,55.06328242553196,-48.1600745539492,-1.5836882787145774,TRACKING,4.137,4.190249236156518,35.87513925861656,-51.74999998273517,5.863099594917533e-09,nan,39.940000000000005
YIELD,1.1999948584298405,55.06265802792222,-48.208070281547435,-1.583925156032121,TRACKING,4.197,4.22024323921022,35.95939418337022,-51.749999982237114,5.94681507989234e-09,nan,39.96
YIELD,1.1999948584298405,55.06265802792222,-48.208070281547435,-1.583925156032121,TRACKING,4.197,4.248617272811117,36.04421724922385,-51.74999998172865,6.031146751890092e-09,nan,39.980000000000004
YIELD,1.1999960173352118,55.06234164547272,-48.23206810482228,-1.584035176536936,TRACKING,4.22694,4.276337303352307,36.129595315383085,-51.74999998120975,6.1161189616970765e-09,nan,40.0
YIELD,1.1999961461023356,55.06202276780117,-48.25606590923858,-1.5841365524047986,TRACKING,4.25472,4.303415573843239,36.21551596424742,-51.74999998068038,6.201751412104924e-09,nan,40.02
YIELD,1.1999971896829857,55.06137788257302,-48.30406144362396,-1.5843244972270571,TRACKING,4.3084812,4.329885668757072,36.301967126060966,-51.74999998014113,6.288522565714639e-09,nan,40.04
YIELD,1.1999971896829857,55.06137788257302,-48.30406144362396,-1.5843244972270571,TRACKING,4.3084812,4.355800499018869,36.38893769031392,-51.74999997959479,6.378667609704091e-09,nan,40.06
YIELD,1.199997189681999,55.06105223035307,-48.328059177941405,-1.5844110661814554,TRACKING,4.3599888,4.381122866737286,36.47641629535459,-51.749999979038606,6.470306233073333e-09,nan,40.080000000000005
YIELD,1.1999983721728051,55.06072455635433,-48.35205689656542,-1.5844872933213627,TRACKING,4.3599888,4.4059170913058665,36.56439234510167,-51.7499999784716,6.562809846754137e-09,nan,40.1
YIELD,1.1999983721723075,55.06039523284731,-48.37605460443736,-1.5845531786467772,TRACKING,4.38493918,4.430186217032173,36.65285538518182,-51.74999997789291,6.655574974432775e-09,nan,40.120000000000005
YIELD,1.1999989213397408,55.05973202835348,-48.424049970035085,-1.5846708583937372,TRACKING,4.43328926,4.453907097817478,36.74179483848487,-51.74999997730159,6.747871881834652e-09,nan,40.141000000000005
YIELD,1.1999989213397408,55.05973202835348,-48.424049970035085,-1.5846708583937372,TRACKING,4.43328926,4.477133047803505,36.83120076671401,-51.749999976695925,6.838394803769636e-09,nan,40.160000000000004
YIELD,1.1999989213398021,55.05939843922843,-48.448047629976095,-1.5847244907592668,TRACKING,4.45671048,4.499869751043661,36.92106338834722,-51.7499999760783,6.928824716957383e-09,nan,40.18
YIELD,1.1999994917680774,55.05872799989787,-48.49604292437668,-1.5848023236647235,TRACKING,4.4796431,4.521241122027675,37.011350766601296,-51.74999997544951,7.019630060930764e-09,nan,40.2
YIELD,1.1999994917680774,55.05872799989787,-48.49604292437668,-1.5848023236647235,TRACKING,4.5240831,4.543846265006124,37.102097553425224,-51.74999997480912,7.110800409303868e-09,nan,40.220000000000006
YIELD,1.1999996327083928,55.0583914562791,-48.520040555886524,-1.5848361929697732,TRACKING,4.5240831,4.5648928820114065,37.19327007779927,-51.749999974157205,7.202263707443217e-09,nan,40.24
YIELD,1.19999972666672,55.05805420289159,-48.544038180721444,-1.5848631909011712,TRACKING,4.56624858,4.585531195493786,37.28485536863078,-51.74999997349275,7.293220880804898e-09,nan,40.260000000000005
YIELD,1.1999997266672109,55.05771630161798,-48.568035796442494,-1.5848901888325675,TRACKING,4.56624858,4.605911046729005,37.37685083813795,-51.74999997281407,7.382365927730925e-09,nan,40.28
YIELD,1.1999999329814746,55.05703909988398,-48.61603101579712,-1.5849189702193502,TRACKING,4.58688692,4.625871115636215,37.469247983543596,-51.74999997212272,7.47081041586162e-09,nan,40.300000000000004
YIELD,1.1999999329814746,55.05703909988398,-48.61603101579712,-1.5849189702193502,TRACKING,4.60709471,4.6454067447591285,37.56203843489579,-51.749999971415235,7.555785426881321e-09,nan,40.32
YIELD,1.1999999888754818,55.05670004147299,-48.64002861993929,-1.5849279816704474,TRACKING,4.646272,4.664506205453733,37.65521370439229,-51.74999997070243,7.6453790610249e-09,nan,40.34
YIELD,1.199999988875448,55.05636083096249,-48.66402622243513,-1.5849334282756977,TRACKING,4.646272,4.683207347780893,37.74876576944594,-51.749999969979584,7.736254335137104e-09,nan,40.36
YIELD,1.1999999986276204,55.05568211981661,-48.71202142353957,-1.584936225872435,TRACKING,4.66525011,4.701518267506799,37.84268676839339,-51.749999969248016,7.82956144938052e-09,nan,40.38
YIELD,1.1999999986276204,55.05568211981661,-48.71202142353957,-1.584936225872435,TRACKING,4.68383231,4.719428653060476,37.93696881679563,-51.749999968504845,7.923252842827457e-09,nan,40.400000000000006
YIELD,1.1999999986277057,55.05534279535388,-48.7360190246195,-1.5849343128288078,TRACKING,4.70202687,4.7369463545123836,38.031604192190485,-51.74999996775012,8.017375252602963e-09,nan,40.42
YIELD,1.199999944852543,55.05500355725115,-48.76001662627496,-1.584926271532937,TRACKING,4.73728523,4.753740591156941,38.12656844425269,-51.749999966984,8.11195238308027e-09,nan,40.440000000000005
YIELD,1.1999999448528635,55.05466458810907,-48.78401423130073,-1.5849141447355697,TRACKING,4.73728523,4.77089305447933,38.221888514809365,-51.74999996620618,8.207048126025465e-09,nan,40.46
YIELD,1.1999999374580725,55.054325911140026,-48.80801184037773,-1.5849016319439846,TRACKING,4.75436469,4.787324495045198,38.317540128880054,-51.74999996541947,8.304745467051026e-09,nan,40.480000000000004
YIELD,1.1999999325295818,55.053987547958975,-48.83200945370859,-1.58488821849922,TRACKING,4.78746215,4.803137918140266,38.41350011803031,-51.74999996462246,8.403983795854432e-09,nan,40.5
YIELD,1.1999999453335506,55.05331177762162,-48.88000469404452,-1.5848624633254056,TRACKING,4.80349485,4.819123072449827,38.50979378373342,-51.749999963816904,8.506558579223995e-09,nan,40.52
YIELD,1.1999999453332462,55.052974339120155,-48.904002320651564,-1.5848503895252852,TRACKING,4.80349485,4.834526602550682,38.60639846732921,-51.74999996299745,8.608378346644435e-09,nan,40.54
YIELD,1.1999999453332462,55.052974339120155,-48.904002320651564,-1.5848503895252852,TRACKING,4.8191931,4.84960883544332,38.703307683522176,-51.74999996216212,8.707911241324627e-09,nan,40.56
YIELD,1.1999999511532753,55.052637188962905,-48.927999951369586,-1.584838648505146,TRACKING,4.84961396,4.86435003095238,38.80051481644657,-51.74999996131225,8.805977999933178e-09,nan,40.580000000000005
YIELD,1.1999999526079548,55.05230031247536,-48.95199758601823,-1.584827406654973,TRACKING,4.84961396,4.87877876954812,38.89801359820722,-51.749999960449934,8.904079615191384e-09,nan,40.6
YIELD,1.1999999526090466,55.05196370576565,-48.97599522445248,-1.584816164804802,TRACKING,4.86435009,4.892843657285084,38.9957838168385,-51.74999995957551,9.002377078119233e-09,nan,40.620000000000005
YIELD,1.1999999619414599,55.05162735811459,-48.99999286668708,-1.5848059737322684,TRACKING,4.89290654,4.907328592386051,39.09384016202962,-51.749999958688704,9.100831151704334e-09,nan,40.64
YIELD,1.1999999619407895,55.05129125243332,-49.02399051233054,-1.5847958994128073,TRACKING,4.90743119,4.920298344070773,39.19217145121785,-51.749999957789484,9.199388865540609e-09,nan,40.660000000000004
YIELD,1.1999999669469885,55.05061974964022,-49.07198581368097,-1.5847767454236008,TRACKING,4.92029839,4.933560257443759,39.29077728993772,-51.74999995687556,9.296297468099925e-09,nan,40.68
YIELD,1.1999999669469885,55.05061974964022,-49.07198581368097,-1.5847767454236008,TRACKING,4.92029839,4.94653164880674,39.389645167540365,-51.7499999559474,9.391770113678601e-09,nan,40.7
YIELD,1.199999971355719,55.049949144101305,-49.11998112771542,-1.5847585848792398,TRACKING,4.94653163,4.959245693005698,39.48876964210872,-51.749999955005265,9.485808766777723e-09,nan,40.720000000000006
YIELD,1.1999999713562792,55.0496141604262,-49.143978789235575,-1.584749845118696,TRACKING,4.95924567,4.971694462437881,39.58814547984681,-51.749999954051304,9.580055674309314e-09,nan,40.74
YIELD,1.1999999713562792,55.0496141604262,-49.143978789235575,-1.584749845118696,TRACKING,4.95924567,4.983883828198543,39.68776744254489,-51.749999953089336,9.677421057698346e-09,nan,40.760000000000005
YIELD,1.1999999770234162,55.04927938287175,-49.167976453700106,-1.5847416527166993,TRACKING,4.98388383,4.995818914885319,39.78763033405484,-51.749999952117264,9.77657590625771e-09,nan,40.78
YIELD,1.199999978247249,55.04861039503278,-49.215971790642044,-1.584726105624253,TRACKING,4.99581891,5.007505025666603,39.88772893973102,-51.749999951133084,9.876048721107453e-09,nan,40.801
YIELD,1.199999978247249,55.04861039503278,-49.215971790642044,-1.584726105624253,TRACKING,4.99581891,5.018947349100955,39.98805834229881,-51.74999995013677,9.975841671910067e-09,nan,40.82
YIELD,1.1999999800823902,55.04827617423308,-49.23996946297362,-1.5847188176287166,TRACKING,5.01894735,5.030150970803504,40.08861372703607,-51.74999994912836,1.0076006154729693e-08,nan,40.84
YIELD,1.1999999800824794,55.04794212832831,-49.26396713774035,-1.5847115296331777,TRACKING,5.01894735,5.04112087029398,40.189390379606564,-51.7499999481081,1.0176764556107486e-08,nan,40.86
YIELD,1.1999999839737867,55.047608251194106,-49.28796481492194,-1.58470487956156,TRACKING,5.03015097,5.0518619243277385,40.29038368084295,-51.74999994707751,1.0279352289265153e-08,nan,40.88
YIELD,1.1999999839730306,55.04727453121464,-49.31196249430115,-1.5846983420647518,TRACKING,5.04112087,5.062378921840605,40.39158911266143,-51.7499999460377,1.0384761331002658e-08,nan,40.900000000000006
YIELD,1.1999999854319396,55.04694096756554,-49.33596017586842,-1.5846919585180461,TRACKING,5.05186192,5.072676516238062,40.49300204936847,-51.749999944984914,1.0490291992327606e-08,nan,40.92
YIELD,1.1999999860563808,55.04660755264669,-49.35995785952965,-1.5846858608786751,TRACKING,5.0623789,5.082759248018931,40.594618145098316,-51.74999994391865,1.0595499568411498e-08,nan,40.940000000000005
YIELD,1.199999986056665,55.04627428405708,-49.38395554522348,-1.5846797632393033,TRACKING,5.07267649,5.0926316699602125,40.696433164765615,-51.74999994283711,1.069902428751103e-08,nan,40.96
YIELD,1.1999999878959642,55.04594115752419,-49.40795323292466,-1.5846740611978205,TRACKING,5.08275925,5.102298140229777,40.79844295735585,-51.74999994174158,1.0801680681537349e-08,nan,40.980000000000004
YIELD,1.199999987895616,55.04560816735236,-49.43195092252021,-1.5846683799772805,TRACKING,5.10229814,5.111762955266386,40.900643457936155,-51.749999940633415,1.0904476709161757e-08,nan,41.001000000000005
YIELD,1.1999999900195166,55.04527531225611,-49.455948614010914,-1.5846629613545922,TRACKING,5.10229814,5.121030321866726,41.00302142072148,-51.74999993951265,1.1007332929196116e-08,nan,41.02
YIELD,1.1999999902552667,55.04494258180243,-49.47994630725607,-1.5846578636848354,TRACKING,5.11176296,5.1301043590626705,41.10559148502163,-51.749999938379005,1.1110210860643182e-08,nan,41.04
YIELD,1.1999999915438562,55.04427748161181,-49.52794169877849,-1.584648104482767,TRACKING,5.12103032,5.138989099938129,41.208340452939275,-51.74999993723126,1.1212054995875721e-08,nan,41.06
YIELD,1.1999999915438562,55.04427748161181,-49.52794169877849,-1.584648104482767,TRACKING,5.1389891,5.147688505429215,41.31126451810683,-51.749999936070054,1.1313279028666834e-08,nan,41.080000000000005
YIELD,1.1999999931683116,55.04361283631453,-49.57593709664779,-1.5846389909056449,TRACKING,5.14768849,5.156206431684751,41.41436003052728,-51.74999993489432,1.1412970114403527e-08,nan,41.1
YIELD,1.1999999931683116,55.04361283631453,-49.57593709664779,-1.5846389909056449,TRACKING,5.14768849,5.164546649668722,41.517623413779646,-51.74999993370629,1.1512772910796034e-08,nan,41.120000000000005
YIELD,1.1999999931673115,55.04328067164777,-49.59993479778921,-1.5846347220739427,TRACKING,5.16454662,5.172712854488282,41.62105116638389,-51.749999932508096,1.1614346603754328e-08,nan,41.14
YIELD,1.1999999938670545,55.042948608947846,-49.62393250034879,-1.5846305664006566,TRACKING,5.16454662,5.180708726371108,41.72463986147338,-51.74999993129851,1.1716866773812195e-08,nan,41.160000000000004
YIELD,1.19999999404305,55.04261664322488,-49.647930204260604,-1.5846265804649935,TRACKING,5.17271285,5.188537793884507,41.8283861389592,-51.74999993007699,1.1819959595378374e-08,nan,41.18
YIELD,1.199999994042032,55.04228477315523,-49.67192790949541,-1.5846225945293313,TRACKING,5.18070873,5.196203536797839,41.93228671133407,-51.74999992884305,1.192329805010643e-08,nan,41.2
YIELD,1.1999999951715792,55.04162130230339,-49.71992332373228,-1.584615397815201,TRACKING,5.19620354,5.203709362270104,42.036330853978974,-51.74999992759685,1.2026934256727601e-08,nan,41.221000000000004
YIELD,1.1999999951715792,55.04162130230339,-49.71992332373228,-1.584615397815201,TRACKING,5.19620354,5.211058606391816,42.14053027610803,-51.74999992633841,1.2131050220903756e-08,nan,41.24
YIELD,1.1999999957783252,55.0409581706407,-49.76791874267491,-1.5846085475382876,TRACKING,5.20370936,5.218254540076117,42.24487438096818,-51.749999925068884,1.2236523471505478e-08,nan,41.261
YIELD,1.1999999957783252,55.0409581706407,-49.76791874267491,-1.5846085475382876,TRACKING,5.21105861,5.225300368108776,42.349360152023785,-51.74999992378873,1.2343822421926673e-08,nan,41.28
YIELD,1.1999999957795253,55.04062672612936,-49.791916453825834,-1.5846051923772722,TRACKING,5.21825454,5.232199208229815,42.45398463496786,-51.749999922495554,1.2451203540590618e-08,nan,41.300000000000004
YIELD,1.1999999965708208,55.04029535909113,-49.81591416606092,-1.584602135565881,TRACKING,5.22530035,5.238954085569958,42.55874493550146,-51.74999992118957,1.2558802543725522e-08,nan,41.32
YIELD,1.199999996570976,55.039964064673505,-49.839911879300246,-1.5845991119044485,TRACKING,5.23219918,5.245568078599661,42.663638222763446,-51.74999991986871,1.266503195292894e-08,nan,41.34
YIELD,1.1999999970005302,55.039632842172274,-49.86390959353701,-1.5845961956669405,TRACKING,5.24556808,5.252044095072961,42.76866172128477,-51.749999918534186,1.2770715632208867e-08,nan,41.361000000000004
YIELD,1.1999999970001705,55.03897060184581,-49.91190502484275,-1.5845905389765234,TRACKING,5.24556808,5.258385013362954,42.87381271373161,-51.74999991718681,1.2876456519796572e-08,nan,41.38
YIELD,1.1999999970001705,55.03897060184581,-49.91190502484275,-1.5845905389765234,TRACKING,5.25838501,5.264593651793349,42.979082331775274,-51.74999991582657,1.2982176452619612e-08,nan,41.401
YIELD,1.1999999973785271,55.0386395813929,-49.935902741878806,-1.5845878948864107,TRACKING,5.26459365,5.270672769889729,43.08448038848694,-51.7499999144533,1.3087832413804719e-08,nan,41.42
YIELD,1.1999999973783517,55.03830862439212,-49.95990045979003,-1.5845852507962972,TRACKING,5.26459365,5.276625070781905,43.18999807605412,-51.74999991306595,1.319254298248788e-08,nan,41.440000000000005
YIELD,1.1999999978698574,55.03764689299149,-50.007895898146096,-1.5845803796040887,TRACKING,5.27067277,5.282453213804673,43.29563282181511,-51.749999911664105,1.3295852726528246e-08,nan,41.46
YIELD,1.199999997977658,55.0373161133137,-50.03189361851307,-1.5845780270957222,TRACKING,5.2824532,5.288159771674118,43.40138218519796,-51.74999991024987,1.3399323196221085e-08,nan,41.480000000000004
YIELD,1.199999997977658,55.0373161133137,-50.03189361851307,-1.5845780270957222,TRACKING,5.2824532,5.29374724356444,43.50724377470786,-51.74999990882282,1.3502635509817586e-08,nan,41.5
YIELD,1.1999999981367035,55.0369853883816,-50.05589133963884,-1.5845757984443025,TRACKING,5.28815974,5.299218175898802,43.61321525037575,-51.74999990738487,1.360724686677517e-08,54.8373161133137,41.52
YIELD,1.199999998137795,55.03665471693207,-50.07988906150164,-1.584573569792883,TRACKING,5.29921818,5.304574981082056,43.719294320048824,-51.74999990593519,1.371263762579796e-08,54.8373161133137,41.54
YIELD,1.1999999984804395,55.03599352585152,-50.12788450733163,-1.5845695120199754,TRACKING,5.30457498,5.309820036288216,43.82547349282764,-51.749999904473036,1.3818183159782026e-08,54.8373161133137,41.56
YIELD,1.1999999984804395,55.03599352585152,-50.12788450733163,-1.5845695120199754,TRACKING,5.30457498,5.3149556727731815,43.93176106112194,-51.74999990299834,1.3923965556358608e-08,54.8373161133137,41.580000000000005
YIELD,1.1999999986664682,55.03533252516997,-50.175879955790435,-1.584565664343036,TRACKING,5.31495567,5.319984173148385,44.038149628022744,-51.749999901511224,1.4030036347802659e-08,54.8356630025868,41.6
YIELD,1.1999999986669285,55.03500209300707,-50.199877680959816,-1.5845637785834938,TRACKING,5.31998417,5.324907772401844,44.14463708566753,-51.74999990001244,1.413700765157928e-08,54.8356630025868,41.620000000000005
YIELD,1.1999999989079226,55.03467170445208,-50.22387540673396,-1.5845620542099192,TRACKING,5.32490777,5.312250867320501,44.25091540042247,-51.74999989849824,1.4238214025517111e-08,54.8356630025868,41.64
YIELD,1.1999999989079226,55.03467170445208,-50.22387540673396,-1.5845620542099192,TRACKING,5.31225085,5.312116886029242,44.35714692141684,-51.750001087398864,-4.479062283726105e-05,54.8356630025868,41.660000000000004
YIELD,1.1999999990270565,55.034011050030294,-50.271870859973326,-1.5845586889316785,TRACKING,5.29947175,5.308171868419514,44.463319640226956,-51.750013831947506,-0.00024159826194158367,54.8356630025868,41.68
YIELD,1.1999999990270565,55.034011050030294,-50.271870859973326,-1.5845586889316785,TRACKING,5.29947175,5.301403443187461,44.56936886896108,-51.7500583144878,-0.000673654940880125,54.8356630025868,41.7
YIELD,1.19999999903959,55.033680782011366,-50.295868587409764,-1.5845570882795634,TRACKING,5.28626361,5.281930946125556,44.67510626233947,-51.75016143137335,-0.0013688343449253368,54.83401105003029,41.720000000000006
YIELD,1.1999999991558046,55.03302035968666,-50.34386404385016,-1.584554002360713,TRACKING,5.25961631,5.236511186691287,44.780144556499714,-51.75034748704819,-0.002271514451574671,54.83401105003029,41.74
YIELD,1.1999999991558046,55.03302035968666,-50.34386404385016,-1.584554002360713,TRACKING,5.25961631,5.166806464438181,44.883836393357235,-51.75063193935945,-0.00328814086079196,54.83401105003029,41.760000000000005
YIELD,1.1999999991555363,55.03269020299107,-50.36786177282075,-1.58455250204371,TRACKING,5.20311543,5.102761146797226,44.986213554564216,-51.751018023657195,-0.004320210833273647,54.83401105003029,41.78
YIELD,1.1999999993070207,55.03236008153058,-50.39185950227819,-1.5845511003353996,TRACKING,5.14611543,5.036102619912505,45.08727659968533,-51.75150395411942,-0.005358145927734191,54.83401105003029,41.800000000000004
YIELD,1.19999999930708,55.032029992871195,-50.41585723218773,-1.5845497408879572,TRACKING,5.08611543,4.975492294527253,45.187084873080266,-51.752087658434796,-0.006396962563864966,54.832360081530574,41.82
YIELD,1.199999999389453,55.03136991166261,-50.46385269333094,-1.5845471348728974,TRACKING,5.02611543,4.915104542551934,45.28568375877986,-51.75276663736923,-0.007431495341741865,54.832360081530574,41.84
YIELD,1.199999999389453,55.03136991166261,-50.46385269333094,-1.5845471348728974,TRACKING,4.96611543,4.860401257775148,45.38316961511794,-51.753538155180095,-0.008437949774489339,54.832360081530574,41.86
YIELD,1.1999999993893111,55.031039917212205,-50.487850424537804,-1.5845458590401391,TRACKING,4.90611543,4.799022861807006,45.479455594825744,-51.75439402647266,-0.009378366812296104,54.832360081530574,41.88
YIELD,1.1999999994957653,55.030380015735616,-50.53584588815745,-1.584543518203373,TRACKING,4.78611543,4.738220516752374,45.57452202076183,-51.755325990085126,-0.010266263908339332,54.83070995253562,41.901
YIELD,1.1999999994957653,55.030380015735616,-50.53584588815745,-1.584543518203373,TRACKING,4.78611543,4.681495463536551,45.668430354104444,-51.75632752373333,-0.011113125076550117,54.83070995253562,41.92
YIELD,1.1999999995371258,55.03005010665433,-50.55984362054061,-1.5845423838280164,TRACKING,4.72611543,4.6218562133087016,45.76115684000456,-51.75739341169564,-0.011925524194936747,54.83070995253562,41.940000000000005
YIELD,1.19999999955483,55.02939036766507,-50.60783908639684,-1.5845402054470583,TRACKING,4.66611543,4.572981054780931,45.85285053409258,-51.75851866480794,-0.012753386107514182,54.83070995253562,41.96
YIELD,1.19999999955483,55.02939036766507,-50.60783908639684,-1.5845402054470583,TRACKING,4.60611543,4.520676398973998,45.94354106073391,-51.75970645560459,-0.013698686792909424,54.83070995253562,41.980000000000004
YIELD,1.1999999996330737,55.029060536577006,-50.631836819854186,-1.5845391996571911,TRACKING,4.54611543,4.463964617741973,46.03312041019865,-51.760968877452314,-0.014819466233304279,54.829060536577,42.0
YIELD,1.1999999996321125,55.02873072930775,-50.65583455363911,-1.584538208585081,TRACKING,4.48611543,4.402340860182905,46.1214756745185,-51.76232232464294,-0.01610470117038904,54.829060536577,42.02
YIELD,1.199999999669652,55.028400945696575,-50.679832287749534,-1.58453724363956,TRACKING,4.42611543,4.33909152280659,46.20856021023963,-51.7637753239064,-0.017500134797740475,54.829060536577,42.04
YIELD,1.19999999967353,55.02807118470548,-50.703830022171246,-1.58453631062654,TRACKING,4.36911543,4.286065526056284,46.29455969524065,-51.7653332845533,-0.01900842774532691,54.829060536577,42.061
YIELD,1.199999999710324,55.027411729330524,-50.75182549193061,-1.5845344967672153,TRACKING,4.30911543,4.230917415198458,46.37946304267451,-51.76700150665986,-0.020687457338539744,54.829060536577,42.080000000000005
YIELD,1.199999999710324,55.027411729330524,-50.75182549193061,-1.5845344967672153,TRACKING,4.24911543,4.1678295212780325,46.46312396785197,-51.768790546498245,-0.022545104591105165,54.829060536577,42.1
YIELD,1.199999999711392,55.02708203363218,-50.7758232272502,-1.5845336186665255,TRACKING,4.18911543,4.10292899625431,46.54547696761046,-51.77071377803228,-0.024524395699236902,54.82741172933052,42.120000000000005
YIELD,1.1999999997596968,55.02675235864307,-50.79982096285493,-1.5845327910151215,TRACKING,4.12911543,4.038430728142702,46.62653036645827,-51.77277388747415,-0.026565602682909657,54.82741172933052,42.14
YIELD,1.1999999997593374,55.026422702994196,-50.82381869872568,-1.5845319905287163,TRACKING,4.06911543,3.978536532604258,46.70634163237098,-51.774967450815744,-0.02860554421049499,54.82741172933052,42.160000000000004
YIELD,1.1999999997703976,55.02609306653863,-50.84781643486019,-1.5845311992386548,TRACKING,4.00911543,3.916328605727066,46.78494978472516,-51.77728480364398,-0.03056809288915633,54.82741172933052,42.18
YIELD,1.1999999997855406,55.025433848697034,-50.89581190788644,-1.5845296902292745,TRACKING,3.88911543,3.8550803732463192,46.862323153639366,-51.77971229079328,-0.032463571118303045,54.82576344856462,42.2
YIELD,1.1999999997855406,55.025433848697034,-50.89581190788644,-1.5845296902292745,TRACKING,3.88911543,3.790990569204702,46.93842852665753,-51.78224021307282,-0.03429795846933507,54.82576344856462,42.220000000000006
YIELD,1.199999999821873,55.02510426640961,-50.919809644765984,-1.5845289905445021,TRACKING,3.82911543,3.7295280156225123,47.01327004508249,-51.78486425864784,-0.03606830125054277,54.82576344856462,42.24
YIELD,1.1999999998364184,55.024445151493495,-50.967805119207355,-1.5845276257140406,TRACKING,3.71076927,3.665234162798984,47.08685780944113,-51.7875768635599,-0.037810705854410466,54.82576344856462,42.260000000000005
YIELD,1.1999999998364184,55.024445151493495,-50.967805119207355,-1.5845276257140406,TRACKING,3.71076927,3.6014848237323043,47.15914063824388,-51.79036814308016,-0.03958089392375161,54.82576344856462,42.28
YIELD,1.1999999998404685,55.024115618107935,-50.99180285675894,-1.5845269736805654,TRACKING,3.65197779,3.5398837688255407,47.230182969432,-51.793236059817765,-0.04136554508479745,54.82411561810793,42.300000000000004
YIELD,1.1999999998577089,55.02345659790956,-51.039798332501945,-1.5845257038039688,TRACKING,3.53197779,3.4776846808409405,47.29997506432613,-51.79618173576878,-0.04314064060733841,54.82411561810793,42.321000000000005
YIELD,1.1999999998577089,55.02345659790956,-51.039798332501945,-1.5845257038039688,TRACKING,3.53197779,3.4173353001617914,47.36856005436283,-51.7991992442619,-0.04488519544334959,54.82411561810793,42.34
YIELD,1.199999999880384,55.022797637143654,-51.08779380906161,-1.5845245021601724,TRACKING,3.47197779,3.365660950128499,47.436064387085835,-51.80228582384703,-0.04657134483212043,54.82411561810793,42.36
YIELD,1.1999999998796917,55.022468177727696,-51.11179154762961,-1.5845239368556356,TRACKING,3.41197779,3.310993234095762,47.50248844275833,-51.80543160217648,-0.04813198762706657,54.82411561810793,42.38
YIELD,1.1999999998796917,55.022468177727696,-51.11179154762961,-1.5845239368556356,TRACKING,3.35197779,3.24871037101105,47.56770453446471,-51.808617281230816,-0.0495372076889776,54.82246817772769,42.400000000000006
YIELD,1.1999999998825992,55.022138731875955,-51.135789286383854,-1.58452337456522,TRACKING,3.23197779,3.1872702334624083,47.63168499579804,-51.81182866066549,-0.050813051252118276,54.82246817772769,42.42
YIELD,1.1999999998911792,55.021809299176134,-51.15978702531886,-1.584522839401866,NO_PATH,3.23197779,3.126177476033168,47.694438633444356,-51.81505544904827,-0.05198258660217351,54.82246817772769,42.440000000000005
YIELD,1.199999999894251,55.02147987931903,-51.18378476443019,-1.584522304238512,NO_PATH,3.17197779,3.0718509037908297,47.7560700148014,-51.81829393270024,-0.053047886882890596,54.82246817772769,42.46
YIELD,1.1999999999090514,55.02082107662659,-51.23178024316157,-1.5845213077592102,NO_PATH,3.05197779,3.017857165049669,47.816607772775356,-51.821534415478915,-0.05396612047682284,54.82246817772769,42.480000000000004
YIELD,1.1999999999090514,55.02082107662659,-51.23178024316157,-1.5845213077592102,NO_PATH,2.99197779,2.9626223780309,47.87604052353068,-51.82476377711509,-0.05471097462649052,54.820821076626586,42.5
YIELD,1.199999999913082,55.02049169302949,-51.25577798277097,-1.5845208210181745,NO_PATH,2.99197779,2.9056832514068867,47.93436233747036,-51.82796875629694,-0.05526975918573184,54.820821076626586,42.52
YIELD,1.199999999918004,55.020162320844236,-51.27977572253714,-1.584520352948532,NO_PATH,2.93197779,2.8433253049786735,47.99146163237714,-51.83113501631246,-0.05564915427158297,54.820821076626586,42.54
YIELD,1.1999999999177218,55.01983295989159,-51.30377346245747,-1.584519884878891,NO_PATH,2.81497779,2.7781774726336335,48.04726144484208,-51.83424773351728,-0.055897347866328245,54.820821076626586,42.561
YIELD,1.199999999929261,55.019503609850084,-51.32777120252776,-1.5845194483287213,NO_PATH,2.81497779,2.714773848361672,48.10178690453815,-51.83730143710644,-0.05605901097169958,54.820821076626586,42.580000000000005
YIELD,1.1999999999299304,55.01917427020705,-51.35176894274079,-1.5845190152807151,NO_PATH,2.75497779,2.652541232419559,48.15506350589104,-51.84029286392176,-0.0561630478545472,54.820821076626586,42.6
YIELD,1.1999999999358735,55.01851562163253,-51.39976442358849,-1.584518177889648,NO_PATH,2.69497779,2.591126564961361,48.20711010587077,-51.843220075720616,-0.05623086683997696,54.81917427020705,42.620000000000005
YIELD,1.1999999999358735,55.01851562163253,-51.39976442358849,-1.584518177889648,NO_PATH,2.63497779,2.5302040379100132,48.257937809386604,-51.84608182676024,-0.05627506888278502,54.81917427020705,42.64
YIELD,1.1999999999358735,55.018186312243444,-51.423762164216825,-1.584517765345174,NO_PATH,2.57497779,2.4696024118049547,48.307553854767995,-51.84887732922682,-0.056303869173528184,54.81917427020705,42.660000000000004
YIELD,1.19999999994477,55.017857012488776,-51.447759904977524,-1.5845173788539304,NO_PATH,2.51497779,2.4092101120734295,48.355962962410665,-51.85160608521065,-0.05632262637902607,54.81917427020705,42.68
YIELD,1.199999999945014,55.01752772194476,-51.47175764586463,-1.5845169952574887,NO_PATH,2.45497779,2.348954369118712,48.403168211147154,-51.85426778033241,-0.05633483650233389,54.81917427020705,42.7
YIELD,1.1999999999490027,55.017198440577694,-51.4957553868777,-1.5845166184474977,NO_PATH,2.39497779,2.2887876991807765,48.44917160895586,-51.85686221634137,-0.05634278020486017,54.81752772194476,42.720000000000006
YIELD,1.1999999999497335,55.01686916808833,-51.51975312801263,-1.5845162518171834,NO_PATH,2.33497779,2.2286831221009913,48.49397451600847,-51.85938927139502,-0.0563480033070252,54.81752772194476,42.74
YIELD,1.1999999999498636,55.016539904397256,-51.54375086926829,-1.5845158851868695,NO_PATH,2.27497779,2.1686109833063365,48.53757774177705,-51.86184886758275,-0.05635142553194018,54.81752772194476,42.760000000000005
YIELD,1.1999999999542277,55.015881402698476,-51.59174635213215,-1.5845151831368458,NO_PATH,2.21497779,2.1085640042943337,48.57998181444224,-51.864240953407744,-0.0563536470614139,54.81752772194476,42.78
FOLLOW,1.199999999958863,55.01555216442277,-51.61574409373664,-1.584514842535035,NO_PATH,2.09497779,2.048533412037485,48.6211871032922,-51.86656549741371,-0.05635508784127335,54.81588140269847,42.801
FOLLOW,1.199999999958863,55.01555216442277,-51.61574409373664,-1.584514842535035,NO_PATH,2.03497779,1.9885134864147462,48.661193848700236,-51.86882247994621,-0.056356021295424,54.81588140269847,42.82
FOLLOW,1.1999999999619086,55.015222934114945,-51.63974183545051,-1.5845145141836356,NO_PATH,2.03497779,1.9285005001815638,48.70000220703884,-51.87101188875461,-0.056356625334285614,54.81588140269847,42.84
FOLLOW,1.1999999999576805,55.01489371168682,-51.66373957727246,-1.584514186489006,NO_PATH,1.97497779,1.8684920262649143,48.737612279982486,-51.8731337162235,-0.056357015641897684,54.81588140269847,42.86
FOLLOW,1.19999999996342,55.01456449697287,-51.68773731920034,-1.584513871272977,NO_PATH,1.91497779,1.8084869932602226,48.774024140205896,-51.87518795763119,-0.05635726752961037,54.81588140269847,42.88
FOLLOW,1.1999999999617592,55.014235289823425,-51.71173506123196,-1.5845135560569463,NO_PATH,1.85497779,1.7484839245332129,48.80923783636544,-51.87717461006721,-0.056357429927487886,54.81588140269847,42.900000000000006
FOLLOW,1.1999999999668605,55.01390609017975,-51.73573280336661,-1.5845132506234454,NO_PATH,1.79497779,1.6884818781642565,48.84325339175471,-51.87909367165617,-0.05635753271224895,54.81423528982342,42.92
FOLLOW,1.1999999999669013,55.013576897721734,-51.759730545599865,-1.5845129531938298,NO_PATH,1.67497779,1.628480453713412,48.87607082158395,-51.88094514121976,-0.056357595449526,54.81423528982342,42.940000000000005
FOLLOW,0.9599999999734837,55.0132806306122,-51.78132851369351,-1.5845126855071752,NO_PATH,1.67497779,1.568479898457,48.90769014088882,-51.88272901829826,-0.05635763753105483,54.81423528982342,42.96
FOLLOW,0.0,55.0132806306122,-51.78132851369351,-1.5845126855071752,NO_PATH,1.55497779,1.508479402079383,48.93811135541097,-51.884445302580495,-0.05635766618574449,54.81423528982342,42.980000000000004
FOLLOW,0.0,55.0132806306122,-51.78132851369351,-1.5845126855071752,NO_PATH,1.55497779,1.4484793236047242,48.9673344716359,-51.886093993741554,-0.056357685134961734,54.8132806306122,43.0
FOLLOW,0.0,55.0132806306122,-51.78132851369351,-1.5845126855071752,NO_PATH,1.43497779,1.3884793058739666,48.99535949251915,-51.88767509187689,-0.05635769766654268,54.8132806306122,43.02
FOLLOW,0.0,55.0132806306122,-51.78132851369351,-1.5845126855071752,NO_PATH,1.43497779,1.3284793075795474,49.02218641858726,-51.88918859684505,-0.056357705854589366,54.8132806306122,43.04
FOLLOW,0.0,55.0132806306122,-51.78132851369351,-1.5845126855071752,NO_PATH,1.37497779,1.2684793086455313,49.04781524988006,-51.89063450853362,-0.05635771123914761,54.8132806306122,43.06
FOLLOW,0.0,55.0132806306122,-51.78132851369351,-1.5845126855071752,NO_PATH,1.25497779,1.2084793093034676,49.072245986392346,-51.892012826872545,-0.056357714826702716,54.8132806306122,43.080000000000005
FOLLOW,0.0,55.0132806306122,-51.78132851369351,-1.5845126855071752,NO_PATH,1.19497779,1.1484793120223347,49.09547862814359,-51.89332355181893,-0.0563577173014663,54.8132806306122,43.1
FOLLOW,0.0,55.0132806306122,-51.78132851369351,-1.5845126855071752,NO_PATH,1.19497779,1.088479324338449,49.117513175313334,-51.89456668334615,-0.05635771909692772,54.8132806306122,43.120000000000005
FOLLOW,0.0,55.0132806306122,-51.78132851369351,-1.5845126855071752,NO_PATH,1.07497779,1.0284793603712827,49.13834962823603,-51.895742221438866,-0.05635772046859554,54.8132806306122,43.141000000000005
FOLLOW,0.0,55.0132806306122,-51.78132851369351,-1.5845126855071752,NO_PATH,1.01497779,0.9684794035922117,49.15798798726674,-51.896850166088136,-0.05635772158204547,54.8132806306122,43.160000000000004
FOLLOW,0.0,55.0132806306122,-51.78132851369351,-1.5845126855071752,NO_PATH,0.954977793,0.9084794400163246,49.17642825227045,-51.89789051728702,-0.05635772253626576,54.8132806306122,43.181000000000004
FOLLOW,0.0,55.0132806306122,-51.78132851369351,-1.5845126855071752,NO_PATH,0.894977793,0.8484794704363141,49.193670423122995,-51.89886327503069,-0.05635772339349907,54.8132806306122,43.2
FOLLOW,0.0,55.0132806306122,-51.78132851369351,-1.5845126855071752,NO_PATH,0.894977793,0.7884794955562441,49.209714499715176,-51.89976843931566,-0.05635772419265769,54.8132806306122,43.220000000000006
FOLLOW,0.0,55.0132806306122,-51.78132851369351,-1.5845126855071752,NO_PATH,0.774977793,0.7284795160023605,49.22456048195034,-51.90060601013916,-0.05635772495783149,54.8132806306122,43.24
FOLLOW,0.0,55.0132806306122,-51.78132851369351,-1.5845126855071752,NO_PATH,0.714977793,0.6684795322842741,49.23820836974261,-51.901375987498895,-0.056357725703733125,54.8132806306122,43.261
FOLLOW,0.0,55.0132806306122,-51.78132851369351,-1.5845126855071752,NO_PATH,0.714977793,0.60847954490615,49.250658163016666,-51.90207837139274,-0.05635772643919818,54.8132806306122,43.28
FOLLOW,0.0,55.0132806306122,-51.78132851369351,-1.5845126855071752,NO_PATH,0.654977793,0.5484795542638117,49.26190986170502,-51.90271316181881,-0.056357727169360355,54.8132806306122,43.300000000000004
FOLLOW,0.0,55.0132806306122,-51.78132851369351,-1.5845126855071752,NO_PATH,0.594977793,0.48847956070759097,49.271963465747845,-51.9032803587752,-0.05635772789707374,54.8132806306122,43.32
FOLLOW,0.0,55.0132806306122,-51.78132851369351,-1.5845126855071752,NO_PATH,0.534977793,0.42847956447947766,49.280818975090746,-51.903779962260124,-0.056357728623769726,54.8132806306122,43.34
FOLLOW,0.0,55.0132806306122,-51.78132851369351,-1.5845126855071752,NO_PATH,0.414977793,0.3684795658094828,49.28847638968381,-51.90421197227175,-0.05635772935000917,54.8132806306122,43.36
FOLLOW,0.0,55.0132806306122,-51.78132851369351,-1.5845126855071752,NO_PATH,0.414977793,0.30847956482534095,49.29493570948014,-51.9045763888083,-0.05635773007581442,54.8132806306122,43.38
FOLLOW,0.0,55.0132806306122,-51.78132851369351,-1.5845126855071752,NO_PATH,0.354977793,0.24847956162337315,49.300196934435114,-51.90487321186796,-0.056357730800878594,54.8132806306122,43.400000000000006
FOLLOW,0.0,55.0132806306122,-51.78132851369351,-1.5845126855071752,NO_PATH,0.294977793,0.18847955617895099,49.304260064503886,-51.90510244144894,-0.05635773152466112,54.8132806306122,43.42
FOLLOW,0.0,55.0132806306122,-51.78132851369351,-1.5845126855071752,NO_PATH,0.174977793,0.12847954848486345,49.3071250996417,-51.90526407754945,-0.05635773224648077,54.8132806306122,43.440000000000005
FOLLOW,0.0,55.0132806306122,-51.78132851369351,-1.5845126855071752,NO_PATH,0.114977793,0.06847953840424803,49.308792039801716,-51.905358120167676,-0.056357732965524134,54.8132806306122,43.46
FOLLOW,0.0,55.0132806306122,-51.78132851369351,-1.5845126855071752,NO_PATH,0.114977793,0.009085668798258685,49.30926693672448,-51.90538491101643,-0.05635773357384387,54.8132806306122,43.480000000000004
FOLLOW,0.0,55.0132806306122,-51.78132851369351,-1.5845126855071752,NO_PATH,0.0,0.0,49.30926693672448,-51.90538491101643,-0.05635773357384387,54.8132806306122,43.5
FOLLOW,0.0,55.0132806306122,-51.78132851369351,-1.5845126855071752,NO_PATH,0.0,0.0,49.30926693672448,-51.90538491101643,-0.05635773357384387,54.8132806306122,43.52
FOLLOW,0.0,55.0132806306122,-51.78132851369351,-1.5845126855071752,NO_PATH,0.0,0.0,49.30926693672448,-51.90538491101643,-0.05635773357384387,54.8132806306122,43.540000000000006
FOLLOW,0.0,55.0132806306122,-51.78132851369351,-1.5845126855071752,NO_PATH,0.0,0.0,49.30926693672448,-51.90538491101643,-0.05635773357384387,54.8132806306122,43.56
FOLLOW,0.0,55.0132806306122,-51.78132851369351,-1.5845126855071752,NO_PATH,0.0,0.0,49.30926693672448,-51.90538491101643,-0.05635773357384387,54.8132806306122,43.580000000000005
FOLLOW,0.0,55.0132806306122,-51.78132851369351,-1.5845126855071752,NO_PATH,0.0,0.0,49.30926693672448,-51.90538491101643,-0.05635773357384387,54.8132806306122,43.6
FOLLOW,0.0,55.0132806306122,-51.78132851369351,-1.5845126855071752,NO_PATH,0.0,0.0,49.30926693672448,-51.90538491101643,-0.05635773357384387,54.8132806306122,43.620000000000005
FOLLOW,0.0,55.0132806306122,-51.78132851369351,-1.5845126855071752,NO_PATH,0.0,0.0,49.30926693672448,-51.90538491101643,-0.05635773357384387,54.8132806306122,43.64
FOLLOW,0.0,55.0132806306122,-51.78132851369351,-1.5845126855071752,NO_PATH,0.0,0.0,49.30926693672448,-51.90538491101643,-0.05635773357384387,54.8132806306122,43.660000000000004
FOLLOW,0.0,55.0132806306122,-51.78132851369351,-1.5845126855071752,NO_PATH,0.0,0.0,49.30926693672448,-51.90538491101643,-0.05635773357384387,54.8132806306122,43.68
FOLLOW,0.0,55.0132806306122,-51.78132851369351,-1.5845126855071752,NO_PATH,0.0,0.0,49.30926693672448,-51.90538491101643,-0.05635773357384387,54.8132806306122,43.7
FOLLOW,0.0,55.0132806306122,-51.78132851369351,-1.5845126855071752,NO_PATH,0.0,0.0,49.30926693672448,-51.90538491101643,-0.05635773357384387,54.8132806306122,43.720000000000006
FOLLOW,0.0,55.0132806306122,-51.78132851369351,-1.5845126855071752,NO_PATH,0.0,0.0,49.30926693672448,-51.90538491101643,-0.05635773357384387,54.8132806306122,43.741
FOLLOW,0.0,55.0132806306122,-51.78132851369351,-1.5845126855071752,NO_PATH,0.0,0.0,49.30926693672448,-51.90538491101643,-0.05635773357384387,54.8132806306122,43.760000000000005
FOLLOW,0.0,55.0132806306122,-51.78132851369351,-1.5845126855071752,NO_PATH,0.0,0.0,49.30926693672448,-51.90538491101643,-0.05635773357384387,54.8132806306122,43.78
FOLLOW,0.0,55.0132806306122,-51.78132851369351,-1.5845126855071752,NO_PATH,0.0,0.0,49.30926693672448,-51.90538491101643,-0.05635773357384387,54.8132806306122,43.800000000000004
FOLLOW,0.0,55.0132806306122,-51.78132851369351,-1.5845126855071752,NO_PATH,0.0,0.0,49.30926693672448,-51.90538491101643,-0.05635773357384387,54.8132806306122,43.82
FOLLOW,0.0,55.0132806306122,-51.78132851369351,-1.5845126855071752,NO_PATH,0.0,0.0,49.30926693672448,-51.90538491101643,-0.05635773357384387,54.8132806306122,43.84
FOLLOW,0.0,55.0132806306122,-51.78132851369351,-1.5845126855071752,NO_PATH,0.0,0.0,49.30926693672448,-51.90538491101643,-0.05635773357384387,54.8132806306122,43.86
FOLLOW,0.0,55.0132806306122,-51.78132851369351,-1.5845126855071752,NO_PATH,0.0,0.0,49.30926693672448,-51.90538491101643,-0.05635773357384387,54.8132806306122,43.88
FOLLOW,0.0,55.0132806306122,-51.78132851369351,-1.5845126855071752,NO_PATH,0.0,0.0,49.30926693672448,-51.90538491101643,-0.05635773357384387,54.8132806306122,43.900000000000006
FOLLOW,0.0,55.0132806306122,-51.78132851369351,-1.5845126855071752,NO_PATH,0.0,0.0,49.30926693672448,-51.90538491101643,-0.05635773357384387,54.8132806306122,43.92
FOLLOW,0.0,55.0132806306122,-51.78132851369351,-1.5845126855071752,NO_PATH,0.0,0.0,49.30926693672448,-51.90538491101643,-0.05635773357384387,54.8132806306122,43.940000000000005
FOLLOW,0.0,55.0132806306122,-51.78132851369351,-1.5845126855071752,NO_PATH,0.0,0.0,49.30926693672448,-51.90538491101643,-0.05635773357384387,54.8132806306122,43.96
FOLLOW,0.0,55.0132806306122,-51.78132851369351,-1.5845126855071752,NO_PATH,0.0,0.0,49.30926693672448,-51.90538491101643,-0.05635773357384387,54.8132806306122,43.980000000000004
FOLLOW,0.0,55.0132806306122,-51.78132851369351,-1.5845126855071752,NO_PATH,0.0,0.0,49.30926693672448,-51.90538491101643,-0.05635773357384387,54.8132806306122,44.0
FOLLOW,0.0,55.0132806306122,-51.78132851369351,-1.5845126855071752,NO_PATH,0.0,0.0,49.30926693672448,-51.90538491101643,-0.05635773357384387,54.8132806306122,44.02
FOLLOW,0.0,55.0132806306122,-51.78132851369351,-1.5845126855071752,NO_PATH,0.0,0.0,49.30926693672448,-51.90538491101643,-0.05635773357384387,54.8132806306122,44.041000000000004
FOLLOW,0.0,55.0132806306122,-51.78132851369351,-1.5845126855071752,NO_PATH,0.0,0.0,49.30926693672448,-51.90538491101643,-0.05635773357384387,54.8132806306122,44.06
FOLLOW,0.0,55.0132806306122,-51.78132851369351,-1.5845126855071752,NO_PATH,0.0,0.0,49.30926693672448,-51.90538491101643,-0.05635773357384387,54.8132806306122,44.080000000000005
FOLLOW,0.0,55.0132806306122,-51.78132851369351,-1.5845126855071752,NO_PATH,0.0,0.0,49.30926693672448,-51.90538491101643,-0.05635773357384387,54.8132806306122,44.1
FOLLOW,0.0,55.0132806306122,-51.78132851369351,-1.5845126855071752,NO_PATH,0.0,0.0,49.30926693672448,-51.90538491101643,-0.05635773357384387,54.8132806306122,44.120000000000005
FOLLOW,0.0,55.0132806306122,-51.78132851369351,-1.5845126855071752,NO_PATH,0.0,0.0,49.30926693672448,-51.90538491101643,-0.05635773357384387,54.8132806306122,44.14
FOLLOW,0.0,55.0132806306122,-51.78132851369351,-1.5845126855071752,NO_PATH,0.0,0.0,49.30926693672448,-51.90538491101643,-0.05635773357384387,54.8132806306122,44.160000000000004
FOLLOW,0.0,55.0132806306122,-51.78132851369351,-1.5845126855071752,NO_PATH,0.0,0.0,49.30926693672448,-51.90538491101643,-0.05635773357384387,54.8132806306122,44.18
FOLLOW,0.0,55.0132806306122,-51.78132851369351,-1.5845126855071752,NO_PATH,0.0,0.0,49.30926693672448,-51.90538491101643,-0.05635773357384387,54.8132806306122,44.2
FOLLOW,0.0,55.0132806306122,-51.78132851369351,-1.5845126855071752,NO_PATH,0.0,0.0,49.30926693672448,-51.90538491101643,-0.05635773357384387,54.8132806306122,44.220000000000006
FOLLOW,0.0,55.0132806306122,-51.78132851369351,-1.5845126855071752,NO_PATH,0.0,0.0,49.30926693672448,-51.90538491101643,-0.05635773357384387,54.8132806306122,44.24
FOLLOW,0.0,55.0132806306122,-51.78132851369351,-1.5845126855071752,NO_PATH,0.0,0.0,49.30926693672448,-51.90538491101643,-0.05635773357384387,54.8132806306122,44.260000000000005
FOLLOW,0.0,55.0132806306122,-51.78132851369351,-1.5845126855071752,NO_PATH,0.0,0.0,49.30926693672448,-51.90538491101643,-0.05635773357384387,54.8132806306122,44.28
FOLLOW,0.0,55.0132806306122,-51.78132851369351,-1.5845126855071752,NO_PATH,0.0,0.0,49.30926693672448,-51.90538491101643,-0.05635773357384387,54.8132806306122,44.300000000000004
FOLLOW,0.0,55.0132806306122,-51.78132851369351,-1.5845126855071752,NO_PATH,0.0,0.0,49.30926693672448,-51.90538491101643,-0.05635773357384387,54.8132806306122,44.32
FOLLOW,0.0,55.0132806306122,-51.78132851369351,-1.5845126855071752,NO_PATH,0.0,0.0,49.30926693672448,-51.90538491101643,-0.05635773357384387,54.8132806306122,44.341
FOLLOW,0.0,55.0132806306122,-51.78132851369351,-1.5845126855071752,NO_PATH,0.0,0.0,49.30926693672448,-51.90538491101643,-0.05635773357384387,54.8132806306122,44.36
FOLLOW,0.0,55.0132806306122,-51.78132851369351,-1.5845126855071752,NO_PATH,0.0,0.0,49.30926693672448,-51.90538491101643,-0.05635773357384387,54.8132806306122,44.38
FOLLOW,0.0,55.0132806306122,-51.78132851369351,-1.5845126855071752,NO_PATH,0.0,0.0,49.30926693672448,-51.90538491101643,-0.05635773357384387,54.8132806306122,44.400000000000006
FOLLOW,0.0,55.0132806306122,-51.78132851369351,-1.5845126855071752,NO_PATH,0.0,0.0,49.30926693672448,-51.90538491101643,-0.05635773357384387,54.8132806306122,44.42
FOLLOW,0.0,55.0132806306122,-51.78132851369351,-1.5845126855071752,NO_PATH,0.0,0.0,49.30926693672448,-51.90538491101643,-0.05635773357384387,54.8132806306122,44.440000000000005
FOLLOW,0.0,55.0132806306122,-51.78132851369351,-1.5845126855071752,NO_PATH,0.0,0.0,49.30926693672448,-51.90538491101643,-0.05635773357384387,54.8132806306122,44.46
FOLLOW,0.0,55.0132806306122,-51.78132851369351,-1.5845126855071752,NO_PATH,0.0,0.0,49.30926693672448,-51.90538491101643,-0.05635773357384387,54.8132806306122,44.480000000000004
FOLLOW,0.0,55.0132806306122,-51.78132851369351,-1.5845126855071752,NO_PATH,0.0,0.0,49.30926693672448,-51.90538491101643,-0.05635773357384387,54.8132806306122,44.501000000000005
FOLLOW,0.0,55.0132806306122,-51.78132851369351,-1.5845126855071752,NO_PATH,0.0,0.0,49.30926693672448,-51.90538491101643,-0.05635773357384387,54.8132806306122,44.52
FOLLOW,0.0,55.0132806306122,-51.78132851369351,-1.5845126855071752,NO_PATH,0.0,0.0,49.30926693672448,-51.90538491101643,-0.05635773357384387,54.8132806306122,44.540000000000006
FOLLOW,0.0,55.0132806306122,-51.78132851369351,-1.5845126855071752,NO_PATH,0.0,0.0,49.30926693672448,-51.90538491101643,-0.05635773357384387,54.8132806306122,44.56
FOLLOW,0.0,55.0132806306122,-51.78132851369351,-1.5845126855071752,NO_PATH,0.0,0.0,49.30926693672448,-51.90538491101643,-0.05635773357384387,54.8132806306122,44.580000000000005
FOLLOW,0.0,55.0132806306122,-51.78132851369351,-1.5845126855071752,NO_PATH,0.0,0.0,49.30926693672448,-51.90538491101643,-0.05635773357384387,54.8132806306122,44.6
FOLLOW,0.0,55.0132806306122,-51.78132851369351,-1.5845126855071752,NO_PATH,0.0,0.0,49.30926693672448,-51.90538491101643,-0.05635773357384387,54.8132806306122,44.620000000000005
FOLLOW,0.0,55.0132806306122,-51.78132851369351,-1.5845126855071752,NO_PATH,0.0,0.0,49.30926693672448,-51.90538491101643,-0.05635773357384387,54.8132806306122,44.64
FOLLOW,0.0,55.0132806306122,-51.78132851369351,-1.5845126855071752,NO_PATH,0.0,0.0,49.30926693672448,-51.90538491101643,-0.05635773357384387,54.8132806306122,44.660000000000004
FOLLOW,0.0,55.0132806306122,-51.78132851369351,-1.5845126855071752,NO_PATH,0.0,0.0,49.30926693672448,-51.90538491101643,-0.05635773357384387,54.8132806306122,44.681000000000004
FOLLOW,0.0,55.0132806306122,-51.78132851369351,-1.5845126855071752,NO_PATH,0.0,0.0,49.30926693672448,-51.90538491101643,-0.05635773357384387,54.8132806306122,44.7
FOLLOW,0.0,55.0132806306122,-51.78132851369351,-1.5845126855071752,NO_PATH,0.0,0.0,49.30926693672448,-51.90538491101643,-0.05635773357384387,54.8132806306122,44.720000000000006
FOLLOW,0.0,55.0132806306122,-51.78132851369351,-1.5845126855071752,NO_PATH,0.0,0.0,49.30926693672448,-51.90538491101643,-0.05635773357384387,54.8132806306122,44.741
FOLLOW,0.0,55.0132806306122,-51.78132851369351,-1.5845126855071752,NO_PATH,0.0,0.0,49.30926693672448,-51.90538491101643,-0.05635773357384387,54.8132806306122,44.760000000000005
FOLLOW,0.0,55.0132806306122,-51.78132851369351,-1.5845126855071752,NO_PATH,0.0,0.0,49.30926693672448,-51.90538491101643,-0.05635773357384387,54.8132806306122,44.78
FOLLOW,0.0,55.0132806306122,-51.78132851369351,-1.5845126855071752,NO_PATH,0.0,0.0,49.30926693672448,-51.90538491101643,-0.05635773357384387,54.8132806306122,44.800000000000004
FOLLOW,0.0,55.0132806306122,-51.78132851369351,-1.5845126855071752,NO_PATH,0.0,0.0,49.30926693672448,-51.90538491101643,-0.05635773357384387,54.8132806306122,44.82
FOLLOW,0.0,55.0132806306122,-51.78132851369351,-1.5845126855071752,NO_PATH,0.0,0.0,49.30926693672448,-51.90538491101643,-0.05635773357384387,54.8132806306122,44.84
FOLLOW,0.0,55.0132806306122,-51.78132851369351,-1.5845126855071752,NO_PATH,0.0,0.0,49.30926693672448,-51.90538491101643,-0.05635773357384387,54.8132806306122,44.86
FOLLOW,0.0,55.0132806306122,-51.78132851369351,-1.5845126855071752,NO_PATH,0.0,0.0,49.30926693672448,-51.90538491101643,-0.05635773357384387,54.8132806306122,44.88
FOLLOW,0.0,55.0132806306122,-51.78132851369351,-1.5845126855071752,NO_PATH,0.0,0.0,49.30926693672448,-51.90538491101643,-0.05635773357384387,54.8132806306122,44.900000000000006
FOLLOW,0.0,55.0132806306122,-51.78132851369351,-1.5845126855071752,NO_PATH,0.0,0.0,49.30926693672448,-51.90538491101643,-0.05635773357384387,54.8132806306122,44.92
FOLLOW,0.0,55.0132806306122,-51.78132851369351,-1.5845126855071752,NO_PATH,0.0,0.0,49.30926693672448,-51.90538491101643,-0.05635773357384387,54.8132806306122,44.940000000000005
FOLLOW,0.0,55.0132806306122,-51.78132851369351,-1.5845126855071752,NO_PATH,0.0,0.0,49.30926693672448,-51.90538491101643,-0.05635773357384387,54.8132806306122,44.96
FOLLOW,0.0,55.0132806306122,-51.78132851369351,-1.5845126855071752,NO_PATH,0.0,0.0,49.30926693672448,-51.90538491101643,-0.05635773357384387,54.8132806306122,44.980000000000004
FOLLOW,0.0,55.0132806306122,-51.78132851369351,-1.5845126855071752,NO_PATH,0.0,0.0,49.30926693672448,-51.90538491101643,-0.05635773357384387,54.8132806306122,45.0
FOLLOW,0.0,55.0132806306122,-51.78132851369351,-1.5845126855071752,NO_PATH,0.0,0.0,49.30926693672448,-51.90538491101643,-0.05635773357384387,54.8132806306122,45.02
FOLLOW,0.0,55.0132806306122,-51.78132851369351,-1.5845126855071752,NO_PATH,0.0,0.0,49.30926693672448,-51.90538491101643,-0.05635773357384387,54.8132806306122,45.040000000000006
FOLLOW,0.0,55.0132806306122,-51.78132851369351,-1.5845126855071752,NO_PATH,0.0,0.0,49.30926693672448,-51.90538491101643,-0.05635773357384387,54.8132806306122,45.06
FOLLOW,0.0,55.0132806306122,-51.78132851369351,-1.5845126855071752,NO_PATH,0.0,0.0,49.30926693672448,-51.90538491101643,-0.05635773357384387,54.8132806306122,45.080000000000005
FOLLOW,0.0,55.0132806306122,-51.78132851369351,-1.5845126855071752,NO_PATH,0.0,0.0,49.30926693672448,-51.90538491101643,-0.05635773357384387,54.8132806306122,45.1
FOLLOW,0.0,55.0132806306122,-51.78132851369351,-1.5845126855071752,NO_PATH,0.0,0.0,49.30926693672448,-51.90538491101643,-0.05635773357384387,54.8132806306122,45.121
FOLLOW,0.0,55.0132806306122,-51.78132851369351,-1.5845126855071752,NO_PATH,0.0,0.0,49.30926693672448,-51.90538491101643,-0.05635773357384387,54.8132806306122,45.14
FOLLOW,0.0,55.0132806306122,-51.78132851369351,-1.5845126855071752,NO_PATH,0.0,0.0,49.30926693672448,-51.90538491101643,-0.05635773357384387,54.8132806306122,45.160000000000004
FOLLOW,0.0,55.0132806306122,-51.78132851369351,-1.5845126855071752,NO_PATH,0.0,0.0,49.30926693672448,-51.90538491101643,-0.05635773357384387,54.8132806306122,45.18
FOLLOW,0.0,55.0132806306122,-51.78132851369351,-1.5845126855071752,NO_PATH,0.0,0.0,49.30926693672448,-51.90538491101643,-0.05635773357384387,54.8132806306122,45.2
FOLLOW,0.0,55.0132806306122,-51.78132851369351,-1.5845126855071752,NO_PATH,0.0,0.0,49.30926693672448,-51.90538491101643,-0.05635773357384387,54.8132806306122,45.220000000000006
FOLLOW,0.0,55.0132806306122,-51.78132851369351,-1.5845126855071752,NO_PATH,0.0,0.0,49.30926693672448,-51.90538491101643,-0.05635773357384387,54.8132806306122,45.24
FOLLOW,0.0,55.0132806306122,-51.78132851369351,-1.5845126855071752,NO_PATH,0.0,0.0,49.30926693672448,-51.90538491101643,-0.05635773357384387,54.8132806306122,45.260000000000005
FOLLOW,0.0,55.0132806306122,-51.78132851369351,-1.5845126855071752,NO_PATH,0.0,0.0,49.30926693672448,-51.90538491101643,-0.05635773357384387,54.8132806306122,45.28
FOLLOW,0.0,55.0132806306122,-51.78132851369351,-1.5845126855071752,NO_PATH,0.0,0.0,49.30926693672448,-51.90538491101643,-0.05635773357384387,54.8132806306122,45.301
FOLLOW,0.0,55.0132806306122,-51.78132851369351,-1.5845126855071752,NO_PATH,0.0,0.0,49.30926693672448,-51.90538491101643,-0.05635773357384387,54.8132806306122,45.32
FOLLOW,0.0,55.0132806306122,-51.78132851369351,-1.5845126855071752,NO_PATH,0.0,0.0,49.30926693672448,-51.90538491101643,-0.05635773357384387,54.8132806306122,45.34
FOLLOW,0.0,55.0132806306122,-51.78132851369351,-1.5845126855071752,NO_PATH,0.0,0.0,49.30926693672448,-51.90538491101643,-0.05635773357384387,54.8132806306122,45.36
FOLLOW,0.0,55.0132806306122,-51.78132851369351,-1.5845126855071752,NO_PATH,0.0,0.0,49.30926693672448,-51.90538491101643,-0.05635773357384387,54.8132806306122,45.381
FOLLOW,0.0,55.0132806306122,-51.78132851369351,-1.5845126855071752,NO_PATH,0.0,0.0,49.30926693672448,-51.90538491101643,-0.05635773357384387,54.8132806306122,45.401
FOLLOW,0.0,55.0132806306122,-51.78132851369351,-1.5845126855071752,NO_PATH,0.0,0.0,49.30926693672448,-51.90538491101643,-0.05635773357384387,54.8132806306122,45.42
FOLLOW,0.0,55.0132806306122,-51.78132851369351,-1.5845126855071752,NO_PATH,0.0,0.0,49.30926693672448,-51.90538491101643,-0.05635773357384387,54.8132806306122,45.440000000000005
FOLLOW,0.0,55.0132806306122,-51.78132851369351,-1.5845126855071752,NO_PATH,0.0,0.0,49.30926693672448,-51.90538491101643,-0.05635773357384387,54.8132806306122,45.46
FOLLOW,0.0,55.0132806306122,-51.78132851369351,-1.5845126855071752,NO_PATH,0.0,0.0,49.30926693672448,-51.90538491101643,-0.05635773357384387,54.8132806306122,45.480000000000004
FOLLOW,0.0,55.0132806306122,-51.78132851369351,-1.5845126855071752,NO_PATH,0.0,0.0,49.30926693672448,-51.90538491101643,-0.05635773357384387,54.8132806306122,45.5
FOLLOW,0.0,55.0132806306122,-51.78132851369351,-1.5845126855071752,NO_PATH,0.0,0.0,49.30926693672448,-51.90538491101643,-0.05635773357384387,54.8132806306122,45.52
FOLLOW,0.0,55.0132806306122,-51.78132851369351,-1.5845126855071752,NO_PATH,0.0,0.0,49.30926693672448,-51.90538491101643,-0.05635773357384387,54.8132806306122,45.540000000000006
FOLLOW,0.0,55.0132806306122,-51.78132851369351,-1.5845126855071752,NO_PATH,0.0,0.0,49.30926693672448,-51.90538491101643,-0.05635773357384387,54.8132806306122,45.56
FOLLOW,0.0,55.0132806306122,-51.78132851369351,-1.5845126855071752,NO_PATH,0.0,0.0,49.30926693672448,-51.90538491101643,-0.05635773357384387,54.8132806306122,45.580000000000005
FOLLOW,0.0,55.0132806306122,-51.78132851369351,-1.5845126855071752,NO_PATH,0.0,0.0,49.30926693672448,-51.90538491101643,-0.05635773357384387,54.8132806306122,45.6
FOLLOW,0.0,55.0132806306122,-51.78132851369351,-1.5845126855071752,NO_PATH,0.0,0.0,49.30926693672448,-51.90538491101643,-0.05635773357384387,54.8132806306122,45.620000000000005
FOLLOW,0.0,55.0132806306122,-51.78132851369351,-1.5845126855071752,NO_PATH,0.0,0.0,49.30926693672448,-51.90538491101643,-0.05635773357384387,54.8132806306122,45.64
FOLLOW,0.0,55.0132806306122,-51.78132851369351,-1.5845126855071752,NO_PATH,0.0,0.0,49.30926693672448,-51.90538491101643,-0.05635773357384387,54.8132806306122,45.660000000000004
FOLLOW,0.0,55.0132806306122,-51.78132851369351,-1.5845126855071752,NO_PATH,0.0,0.0,49.30926693672448,-51.90538491101643,-0.05635773357384387,54.8132806306122,45.68
FOLLOW,0.0,55.0132806306122,-51.78132851369351,-1.5845126855071752,NO_PATH,0.0,0.0,49.30926693672448,-51.90538491101643,-0.05635773357384387,54.8132806306122,45.7
FOLLOW,0.0,55.0132806306122,-51.78132851369351,-1.5845126855071752,NO_PATH,0.0,0.0,49.30926693672448,-51.90538491101643,-0.05635773357384387,54.8132806306122,45.720000000000006
FOLLOW,0.0,55.0132806306122,-51.78132851369351,-1.5845126855071752,NO_PATH,0.0,0.0,49.30926693672448,-51.90538491101643,-0.05635773357384387,54.8132806306122,45.74
FOLLOW,0.0,55.0132806306122,-51.78132851369351,-1.5845126855071752,NO_PATH,0.0,0.0,49.30926693672448,-51.90538491101643,-0.05635773357384387,54.8132806306122,45.760000000000005
FOLLOW,0.0,55.0132806306122,-51.78132851369351,-1.5845126855071752,NO_PATH,0.0,0.0,49.30926693672448,-51.90538491101643,-0.05635773357384387,54.8132806306122,45.78
FOLLOW,0.0,55.0132806306122,-51.78132851369351,-1.5845126855071752,NO_PATH,0.0,0.0,49.30926693672448,-51.90538491101643,-0.05635773357384387,54.8132806306122,45.800000000000004
FOLLOW,0.0,55.0132806306122,-51.78132851369351,-1.5845126855071752,NO_PATH,0.0,0.0,49.30926693672448,-51.90538491101643,-0.05635773357384387,54.8132806306122,45.82
FOLLOW,0.0,55.0132806306122,-51.78132851369351,-1.5845126855071752,NO_PATH,0.0,0.0,49.30926693672448,-51.90538491101643,-0.05635773357384387,54.8132806306122,45.84
FOLLOW,0.0,55.0132806306122,-51.78132851369351,-1.5845126855071752,NO_PATH,0.0,0.0,49.30926693672448,-51.90538491101643,-0.05635773357384387,54.8132806306122,45.86
FOLLOW,0.0,55.0132806306122,-51.78132851369351,-1.5845126855071752,NO_PATH,0.0,0.0,49.30926693672448,-51.90538491101643,-0.05635773357384387,54.8132806306122,45.88
FOLLOW,0.0,55.0132806306122,-51.78132851369351,-1.5845126855071752,NO_PATH,0.0,0.0,49.30926693672448,-51.90538491101643,-0.05635773357384387,54.8132806306122,45.900000000000006
FOLLOW,0.0,55.0132806306122,-51.78132851369351,-1.5845126855071752,NO_PATH,0.0,0.0,49.30926693672448,-51.90538491101643,-0.05635773357384387,54.8132806306122,45.92
FOLLOW,0.0,55.0132806306122,-51.78132851369351,-1.5845126855071752,NO_PATH,0.0,0.0,49.30926693672448,-51.90538491101643,-0.05635773357384387,54.8132806306122,45.940000000000005
FOLLOW,0.0,55.0132806306122,-51.78132851369351,-1.5845126855071752,NO_PATH,0.0,0.0,49.30926693672448,-51.90538491101643,-0.05635773357384387,54.8132806306122,45.96
FOLLOW,0.0,55.0132806306122,-51.78132851369351,-1.5845126855071752,NO_PATH,0.0,0.0,49.30926693672448,-51.90538491101643,-0.05635773357384387,54.8132806306122,45.980000000000004
FOLLOW,0.0,55.0132806306122,-51.78132851369351,-1.5845126855071752,NO_PATH,0.0,0.0,49.30926693672448,-51.90538491101643,-0.05635773357384387,54.8132806306122,46.001000000000005
FOLLOW,0.0,55.0132806306122,-51.78132851369351,-1.5845126855071752,NO_PATH,0.0,0.0,49.30926693672448,-51.90538491101643,-0.05635773357384387,54.8132806306122,46.02
FOLLOW,0.0,55.0132806306122,-51.78132851369351,-1.5845126855071752,NO_PATH,0.0,0.0,49.30926693672448,-51.90538491101643,-0.05635773357384387,54.8132806306122,46.040000000000006
FOLLOW,0.0,55.0132806306122,-51.78132851369351,-1.5845126855071752,NO_PATH,0.0,0.0,49.30926693672448,-51.90538491101643,-0.05635773357384387,54.8132806306122,46.06
FOLLOW,0.0,55.0132806306122,-51.78132851369351,-1.5845126855071752,NO_PATH,0.0,0.0,49.30926693672448,-51.90538491101643,-0.05635773357384387,54.8132806306122,46.080000000000005
FOLLOW,0.0,55.0132806306122,-51.78132851369351,-1.5845126855071752,NO_PATH,0.0,0.0,49.30926693672448,-51.90538491101643,-0.05635773357384387,54.8132806306122,46.1
FOLLOW,0.0,55.0132806306122,-51.78132851369351,-1.5845126855071752,NO_PATH,0.0,0.0,49.30926693672448,-51.90538491101643,-0.05635773357384387,54.8132806306122,46.120000000000005
FOLLOW,0.0,55.0132806306122,-51.78132851369351,-1.5845126855071752,NO_PATH,0.0,0.0,49.30926693672448,-51.90538491101643,-0.05635773357384387,54.8132806306122,46.14
FOLLOW,0.0,55.0132806306122,-51.78132851369351,-1.5845126855071752,NO_PATH,0.0,0.0,49.30926693672448,-51.90538491101643,-0.05635773357384387,54.8132806306122,46.160000000000004
FOLLOW,0.0,55.0132806306122,-51.78132851369351,-1.5845126855071752,NO_PATH,0.0,0.0,49.30926693672448,-51.90538491101643,-0.05635773357384387,54.8132806306122,46.18
FOLLOW,0.0,55.0132806306122,-51.78132851369351,-1.5845126855071752,NO_PATH,0.0,0.0,49.30926693672448,-51.90538491101643,-0.05635773357384387,54.8132806306122,46.2
FOLLOW,0.0,55.0132806306122,-51.78132851369351,-1.5845126855071752,NO_PATH,0.0,0.0,49.30926693672448,-51.90538491101643,-0.05635773357384387,54.8132806306122,46.221000000000004
FOLLOW,0.0,55.0132806306122,-51.78132851369351,-1.5845126855071752,NO_PATH,0.0,0.0,49.30926693672448,-51.90538491101643,-0.05635773357384387,54.8132806306122,46.241
FOLLOW,0.0,55.0132806306122,-51.78132851369351,-1.5845126855071752,NO_PATH,0.0,0.0,49.30926693672448,-51.90538491101643,-0.05635773357384387,54.8132806306122,46.260000000000005
FOLLOW,0.0,55.0132806306122,-51.78132851369351,-1.5845126855071752,NO_PATH,0.0,0.0,49.30926693672448,-51.90538491101643,-0.05635773357384387,54.8132806306122,46.28
FOLLOW,0.0,55.0132806306122,-51.78132851369351,-1.5845126855071752,NO_PATH,0.0,0.0,49.30926693672448,-51.90538491101643,-0.05635773357384387,54.8132806306122,46.301
FOLLOW,0.0,55.0132806306122,-51.78132851369351,-1.5845126855071752,NO_PATH,0.0,0.0,49.30926693672448,-51.90538491101643,-0.05635773357384387,54.8132806306122,46.321000000000005
FOLLOW,0.0,55.0132806306122,-51.78132851369351,-1.5845126855071752,NO_PATH,0.0,0.0,49.30926693672448,-51.90538491101643,-0.05635773357384387,54.8132806306122,46.34
FOLLOW,0.0,55.0132806306122,-51.78132851369351,-1.5845126855071752,NO_PATH,0.0,0.0,49.30926693672448,-51.90538491101643,-0.05635773357384387,54.8132806306122,46.36
FOLLOW,0.0,55.0132806306122,-51.78132851369351,-1.5845126855071752,NO_PATH,0.0,0.0,49.30926693672448,-51.90538491101643,-0.05635773357384387,54.8132806306122,46.38
FOLLOW,0.0,55.0132806306122,-51.78132851369351,-1.5845126855071752,NO_PATH,0.0,0.0,49.30926693672448,-51.90538491101643,-0.05635773357384387,54.8132806306122,46.400000000000006
FOLLOW,0.0,55.0132806306122,-51.78132851369351,-1.5845126855071752,NO_PATH,0.0,0.0,49.30926693672448,-51.90538491101643,-0.05635773357384387,54.8132806306122,46.42
FOLLOW,0.0,55.0132806306122,-51.78132851369351,-1.5845126855071752,NO_PATH,0.0,0.0,49.30926693672448,-51.90538491101643,-0.05635773357384387,54.8132806306122,46.440000000000005
FOLLOW,0.0,55.0132806306122,-51.78132851369351,-1.5845126855071752,NO_PATH,0.0,0.0,49.30926693672448,-51.90538491101643,-0.05635773357384387,54.8132806306122,46.46
FOLLOW,0.0,55.0132806306122,-51.78132851369351,-1.5845126855071752,NO_PATH,0.0,0.0,49.30926693672448,-51.90538491101643,-0.05635773357384387,54.8132806306122,46.480000000000004
FOLLOW,0.0,55.0132806306122,-51.78132851369351,-1.5845126855071752,NO_PATH,0.0,0.0,49.30926693672448,-51.90538491101643,-0.05635773357384387,54.8132806306122,46.501000000000005
FOLLOW,0.0,55.0132806306122,-51.78132851369351,-1.5845126855071752,NO_PATH,0.0,0.0,49.30926693672448,-51.90538491101643,-0.05635773357384387,54.8132806306122,46.52
FOLLOW,0.0,55.0132806306122,-51.78132851369351,-1.5845126855071752,NO_PATH,0.0,0.0,49.30926693672448,-51.90538491101643,-0.05635773357384387,54.8132806306122,46.540000000000006
FOLLOW,0.0,55.0132806306122,-51.78132851369351,-1.5845126855071752,NO_PATH,0.0,0.0,49.30926693672448,-51.90538491101643,-0.05635773357384387,54.8132806306122,46.56
FOLLOW,0.0,55.0132806306122,-51.78132851369351,-1.5845126855071752,NO_PATH,0.0,0.0,49.30926693672448,-51.90538491101643,-0.05635773357384387,54.8132806306122,46.580000000000005
FOLLOW,0.0,55.0132806306122,-51.78132851369351,-1.5845126855071752,NO_PATH,0.0,0.0,49.30926693672448,-51.90538491101643,-0.05635773357384387,54.8132806306122,46.6
FOLLOW,0.0,55.0132806306122,-51.78132851369351,-1.5845126855071752,NO_PATH,0.0,0.0,49.30926693672448,-51.90538491101643,-0.05635773357384387,54.8132806306122,46.620000000000005
FOLLOW,0.0,55.0132806306122,-51.78132851369351,-1.5845126855071752,NO_PATH,0.0,0.0,49.30926693672448,-51.90538491101643,-0.05635773357384387,54.8132806306122,46.64
FOLLOW,0.0,55.0132806306122,-51.78132851369351,-1.5845126855071752,NO_PATH,0.0,0.0,49.30926693672448,-51.90538491101643,-0.05635773357384387,54.8132806306122,46.660000000000004
FOLLOW,0.0,55.0132806306122,-51.78132851369351,-1.5845126855071752,NO_PATH,0.0,0.0,49.30926693672448,-51.90538491101643,-0.05635773357384387,54.8132806306122,46.68
FOLLOW,0.0,55.0132806306122,-51.78132851369351,-1.5845126855071752,NO_PATH,0.0,0.0,49.30926693672448,-51.90538491101643,-0.05635773357384387,54.8132806306122,46.701
FOLLOW,0.0,55.0132806306122,-51.78132851369351,-1.5845126855071752,NO_PATH,0.0,0.0,49.30926693672448,-51.90538491101643,-0.05635773357384387,54.8132806306122,46.720000000000006
FOLLOW,0.0,55.0132806306122,-51.78132851369351,-1.5845126855071752,NO_PATH,0.0,0.0,49.30926693672448,-51.90538491101643,-0.05635773357384387,54.8132806306122,46.74
FOLLOW,0.0,55.0132806306122,-51.78132851369351,-1.5845126855071752,NO_PATH,0.0,0.0,49.30926693672448,-51.90538491101643,-0.05635773357384387,54.8132806306122,46.760000000000005
FOLLOW,0.0,55.0132806306122,-51.78132851369351,-1.5845126855071752,NO_PATH,0.0,0.0,49.30926693672448,-51.90538491101643,-0.05635773357384387,54.8132806306122,46.78
FOLLOW,0.0,55.0132806306122,-51.78132851369351,-1.5845126855071752,NO_PATH,0.0,0.0,49.30926693672448,-51.90538491101643,-0.05635773357384387,54.8132806306122,46.801
FOLLOW,0.0,55.0132806306122,-51.78132851369351,-1.5845126855071752,NO_PATH,0.0,0.0,49.30926693672448,-51.90538491101643,-0.05635773357384387,54.8132806306122,46.82
FOLLOW,0.0,55.0132806306122,-51.78132851369351,-1.5845126855071752,NO_PATH,0.0,0.0,49.30926693672448,-51.90538491101643,-0.05635773357384387,54.8132806306122,46.84
FOLLOW,0.0,55.0132806306122,-51.78132851369351,-1.5845126855071752,NO_PATH,0.0,0.0,49.30926693672448,-51.90538491101643,-0.05635773357384387,54.8132806306122,46.86
FOLLOW,0.0,55.0132806306122,-51.78132851369351,-1.5845126855071752,NO_PATH,0.0,0.0,49.30926693672448,-51.90538491101643,-0.05635773357384387,54.8132806306122,46.88
FOLLOW,0.0,55.0132806306122,-51.78132851369351,-1.5845126855071752,NO_PATH,0.0,0.0,49.30926693672448,-51.90538491101643,-0.05635773357384387,54.8132806306122,46.900000000000006
FOLLOW,0.0,55.0132806306122,-51.78132851369351,-1.5845126855071752,NO_PATH,0.0,0.0,49.30926693672448,-51.90538491101643,-0.05635773357384387,54.8132806306122,46.92
FOLLOW,0.0,55.0132806306122,-51.78132851369351,-1.5845126855071752,NO_PATH,0.0,0.0,49.30926693672448,-51.90538491101643,-0.05635773357384387,54.8132806306122,46.940000000000005
FOLLOW,0.0,55.0132806306122,-51.78132851369351,-1.5845126855071752,NO_PATH,0.0,0.0,49.30926693672448,-51.90538491101643,-0.05635773357384387,54.8132806306122,46.96
FOLLOW,0.0,55.0132806306122,-51.78132851369351,-1.5845126855071752,NO_PATH,0.0,0.0,49.30926693672448,-51.90538491101643,-0.05635773357384387,54.8132806306122,46.980000000000004
FOLLOW,0.0,55.0132806306122,-51.78132851369351,-1.5845126855071752,NO_PATH,0.0,0.0,49.30926693672448,-51.90538491101643,-0.05635773357384387,54.8132806306122,47.0
FOLLOW,0.0,55.0132806306122,-51.78132851369351,-1.5845126855071752,NO_PATH,0.0,0.0,49.30926693672448,-51.90538491101643,-0.05635773357384387,54.8132806306122,47.02
FOLLOW,0.0,55.0132806306122,-51.78132851369351,-1.5845126855071752,NO_PATH,0.0,0.0,49.30926693672448,-51.90538491101643,-0.05635773357384387,54.8132806306122,47.040000000000006
FOLLOW,0.0,55.0132806306122,-51.78132851369351,-1.5845126855071752,NO_PATH,0.0,0.0,49.30926693672448,-51.90538491101643,-0.05635773357384387,54.8132806306122,47.061
FOLLOW,0.0,55.0132806306122,-51.78132851369351,-1.5845126855071752,NO_PATH,0.0,0.0,49.30926693672448,-51.90538491101643,-0.05635773357384387,54.8132806306122,47.080000000000005
FOLLOW,0.0,55.0132806306122,-51.78132851369351,-1.5845126855071752,NO_PATH,0.0,0.0,49.30926693672448,-51.90538491101643,-0.05635773357384387,54.8132806306122,47.1
FOLLOW,0.0,55.0132806306122,-51.78132851369351,-1.5845126855071752,NO_PATH,0.0,0.0,49.30926693672448,-51.90538491101643,-0.05635773357384387,54.8132806306122,47.120000000000005
FOLLOW,0.0,55.0132806306122,-51.78132851369351,-1.5845126855071752,NO_PATH,0.0,0.0,49.30926693672448,-51.90538491101643,-0.05635773357384387,54.8132806306122,47.14
FOLLOW,0.0,55.0132806306122,-51.78132851369351,-1.5845126855071752,NO_PATH,0.0,0.0,49.30926693672448,-51.90538491101643,-0.05635773357384387,54.8132806306122,47.160000000000004
FOLLOW,0.0,55.0132806306122,-51.78132851369351,-1.5845126855071752,NO_PATH,0.0,0.0,49.30926693672448,-51.90538491101643,-0.05635773357384387,54.8132806306122,47.18
FOLLOW,0.0,55.0132806306122,-51.78132851369351,-1.5845126855071752,NO_PATH,0.0,0.0,49.30926693672448,-51.90538491101643,-0.05635773357384387,54.8132806306122,47.2
FOLLOW,0.0,55.0132806306122,-51.78132851369351,-1.5845126855071752,NO_PATH,0.0,0.0,49.30926693672448,-51.90538491101643,-0.05635773357384387,54.8132806306122,47.221000000000004
FOLLOW,0.0,55.0132806306122,-51.78132851369351,-1.5845126855071752,NO_PATH,0.0,0.0,49.30926693672448,-51.90538491101643,-0.05635773357384387,54.8132806306122,47.24
FOLLOW,0.0,55.0132806306122,-51.78132851369351,-1.5845126855071752,NO_PATH,0.0,0.0,49.30926693672448,-51.90538491101643,-0.05635773357384387,54.8132806306122,47.260000000000005
FOLLOW,0.0,55.0132806306122,-51.78132851369351,-1.5845126855071752,NO_PATH,0.0,0.0,49.30926693672448,-51.90538491101643,-0.05635773357384387,54.8132806306122,47.28
FOLLOW,0.0,55.0132806306122,-51.78132851369351,-1.5845126855071752,NO_PATH,0.0,0.0,49.30926693672448,-51.90538491101643,-0.05635773357384387,54.8132806306122,47.300000000000004
FOLLOW,0.0,55.0132806306122,-51.78132851369351,-1.5845126855071752,NO_PATH,0.0,0.0,49.30926693672448,-51.90538491101643,-0.05635773357384387,54.8132806306122,47.32
FOLLOW,0.0,55.0132806306122,-51.78132851369351,-1.5845126855071752,NO_PATH,0.0,0.0,49.30926693672448,-51.90538491101643,-0.05635773357384387,54.8132806306122,47.34
FOLLOW,0.0,55.0132806306122,-51.78132851369351,-1.5845126855071752,NO_PATH,0.0,0.0,49.30926693672448,-51.90538491101643,-0.05635773357384387,54.8132806306122,47.36
FOLLOW,0.0,55.0132806306122,-51.78132851369351,-1.5845126855071752,NO_PATH,0.0,0.0,49.30926693672448,-51.90538491101643,-0.05635773357384387,54.8132806306122,47.38
FOLLOW,0.0,55.0132806306122,-51.78132851369351,-1.5845126855071752,NO_PATH,0.0,0.0,49.30926693672448,-51.90538491101643,-0.05635773357384387,54.8132806306122,47.400000000000006
FOLLOW,0.0,55.0132806306122,-51.78132851369351,-1.5845126855071752,NO_PATH,0.0,0.0,49.30926693672448,-51.90538491101643,-0.05635773357384387,54.8132806306122,47.42
FOLLOW,0.0,55.0132806306122,-51.78132851369351,-1.5845126855071752,NO_PATH,0.0,0.0,49.30926693672448,-51.90538491101643,-0.05635773357384387,54.8132806306122,47.440000000000005
FOLLOW,0.0,55.0132806306122,-51.78132851369351,-1.5845126855071752,NO_PATH,0.0,0.0,49.30926693672448,-51.90538491101643,-0.05635773357384387,54.8132806306122,47.46
FOLLOW,0.0,55.0132806306122,-51.78132851369351,-1.5845126855071752,NO_PATH,0.0,0.0,49.30926693672448,-51.90538491101643,-0.05635773357384387,54.8132806306122,47.480000000000004
FOLLOW,0.0,55.0132806306122,-51.78132851369351,-1.5845126855071752,NO_PATH,0.0,0.0,49.30926693672448,-51.90538491101643,-0.05635773357384387,54.8132806306122,47.5
FOLLOW,0.0,55.0132806306122,-51.78132851369351,-1.5845126855071752,NO_PATH,0.0,0.0,49.30926693672448,-51.90538491101643,-0.05635773357384387,54.8132806306122,47.52
FOLLOW,0.0,55.0132806306122,-51.78132851369351,-1.5845126855071752,NO_PATH,0.0,0.0,49.30926693672448,-51.90538491101643,-0.05635773357384387,54.8132806306122,47.540000000000006
FOLLOW,0.0,55.0132806306122,-51.78132851369351,-1.5845126855071752,NO_PATH,0.0,0.0,49.30926693672448,-51.90538491101643,-0.05635773357384387,54.8132806306122,47.56
FOLLOW,0.0,55.0132806306122,-51.78132851369351,-1.5845126855071752,NO_PATH,0.0,0.0,49.30926693672448,-51.90538491101643,-0.05635773357384387,54.8132806306122,47.580000000000005
FOLLOW,0.0,55.0132806306122,-51.78132851369351,-1.5845126855071752,NO_PATH,0.0,0.0,49.30926693672448,-51.90538491101643,-0.05635773357384387,54.8132806306122,47.6
FOLLOW,0.0,55.0132806306122,-51.78132851369351,-1.5845126855071752,NO_PATH,0.0,0.0,49.30926693672448,-51.90538491101643,-0.05635773357384387,54.8132806306122,47.620000000000005
FOLLOW,0.0,55.0132806306122,-51.78132851369351,-1.5845126855071752,NO_PATH,0.0,0.0,49.30926693672448,-51.90538491101643,-0.05635773357384387,54.8132806306122,47.64
FOLLOW,0.0,55.0132806306122,-51.78132851369351,-1.5845126855071752,NO_PATH,0.0,0.0,49.30926693672448,-51.90538491101643,-0.05635773357384387,54.8132806306122,47.660000000000004
FOLLOW,0.0,55.0132806306122,-51.78132851369351,-1.5845126855071752,NO_PATH,0.0,0.0,49.30926693672448,-51.90538491101643,-0.05635773357384387,54.8132806306122,47.68
FOLLOW,0.0,55.0132806306122,-51.78132851369351,-1.5845126855071752,NO_PATH,0.0,0.0,49.30926693672448,-51.90538491101643,-0.05635773357384387,54.8132806306122,47.7
FOLLOW,0.0,55.0132806306122,-51.78132851369351,-1.5845126855071752,NO_PATH,0.0,0.0,49.30926693672448,-51.90538491101643,-0.05635773357384387,54.8132806306122,47.720000000000006
FOLLOW,0.0,55.0132806306122,-51.78132851369351,-1.5845126855071752,NO_PATH,0.0,0.0,49.30926693672448,-51.90538491101643,-0.05635773357384387,54.8132806306122,47.74
FOLLOW,0.0,55.0132806306122,-51.78132851369351,-1.5845126855071752,NO_PATH,0.0,0.0,49.30926693672448,-51.90538491101643,-0.05635773357384387,54.8132806306122,47.760000000000005
FOLLOW,0.0,55.0132806306122,-51.78132851369351,-1.5845126855071752,NO_PATH,0.0,0.0,49.30926693672448,-51.90538491101643,-0.05635773357384387,54.8132806306122,47.78
FOLLOW,0.0,55.0132806306122,-51.78132851369351,-1.5845126855071752,NO_PATH,0.0,0.0,49.30926693672448,-51.90538491101643,-0.05635773357384387,54.8132806306122,47.801
FOLLOW,0.0,55.0132806306122,-51.78132851369351,-1.5845126855071752,NO_PATH,0.0,0.0,49.30926693672448,-51.90538491101643,-0.05635773357384387,54.8132806306122,47.82
FOLLOW,0.0,55.0132806306122,-51.78132851369351,-1.5845126855071752,NO_PATH,0.0,0.0,49.30926693672448,-51.90538491101643,-0.05635773357384387,54.8132806306122,47.84
FOLLOW,0.0,55.0132806306122,-51.78132851369351,-1.5845126855071752,NO_PATH,0.0,0.0,49.30926693672448,-51.90538491101643,-0.05635773357384387,54.8132806306122,47.86
FOLLOW,0.0,55.0132806306122,-51.78132851369351,-1.5845126855071752,NO_PATH,0.0,0.0,49.30926693672448,-51.90538491101643,-0.05635773357384387,54.8132806306122,47.88
FOLLOW,0.0,55.0132806306122,-51.78132851369351,-1.5845126855071752,NO_PATH,0.0,0.0,49.30926693672448,-51.90538491101643,-0.05635773357384387,54.8132806306122,47.900000000000006
FOLLOW,0.0,55.0132806306122,-51.78132851369351,-1.5845126855071752,NO_PATH,0.0,0.0,49.30926693672448,-51.90538491101643,-0.05635773357384387,54.8132806306122,47.92
FOLLOW,0.0,55.0132806306122,-51.78132851369351,-1.5845126855071752,NO_PATH,0.0,0.0,49.30926693672448,-51.90538491101643,-0.05635773357384387,54.8132806306122,47.940000000000005
FOLLOW,0.0,55.0132806306122,-51.78132851369351,-1.5845126855071752,NO_PATH,0.0,0.0,49.30926693672448,-51.90538491101643,-0.05635773357384387,54.8132806306122,47.96
FOLLOW,0.0,55.0132806306122,-51.78132851369351,-1.5845126855071752,NO_PATH,0.0,0.0,49.30926693672448,-51.90538491101643,-0.05635773357384387,54.8132806306122,47.980000000000004
FOLLOW,0.0,55.0132806306122,-51.78132851369351,-1.5845126855071752,NO_PATH,0.0,0.0,49.30926693672448,-51.90538491101643,-0.05635773357384387,54.8132806306122,48.0
FOLLOW,0.0,55.0132806306122,-51.78132851369351,-1.5845126855071752,NO_PATH,0.0,0.0,49.30926693672448,-51.90538491101643,-0.05635773357384387,54.8132806306122,48.02
FOLLOW,0.0,55.0132806306122,-51.78132851369351,-1.5845126855071752,NO_PATH,0.0,0.0,49.30926693672448,-51.90538491101643,-0.05635773357384387,54.8132806306122,48.040000000000006
FOLLOW,0.0,55.0132806306122,-51.78132851369351,-1.5845126855071752,NO_PATH,0.0,0.0,49.30926693672448,-51.90538491101643,-0.05635773357384387,54.8132806306122,48.06
FOLLOW,0.0,55.0132806306122,-51.78132851369351,-1.5845126855071752,NO_PATH,0.0,0.0,49.30926693672448,-51.90538491101643,-0.05635773357384387,54.8132806306122,48.080000000000005
FOLLOW,0.0,55.0132806306122,-51.78132851369351,-1.5845126855071752,NO_PATH,0.0,0.0,49.30926693672448,-51.90538491101643,-0.05635773357384387,54.8132806306122,48.1
FOLLOW,0.0,55.0132806306122,-51.78132851369351,-1.5845126855071752,NO_PATH,0.0,0.0,49.30926693672448,-51.90538491101643,-0.05635773357384387,54.8132806306122,48.120000000000005
FOLLOW,0.0,55.0132806306122,-51.78132851369351,-1.5845126855071752,NO_PATH,0.0,0.0,49.30926693672448,-51.90538491101643,-0.05635773357384387,54.8132806306122,48.14
FOLLOW,0.0,55.0132806306122,-51.78132851369351,-1.5845126855071752,NO_PATH,0.0,0.0,49.30926693672448,-51.90538491101643,-0.05635773357384387,54.8132806306122,48.160000000000004
FOLLOW,0.0,55.0132806306122,-51.78132851369351,-1.5845126855071752,NO_PATH,0.0,0.0,49.30926693672448,-51.90538491101643,-0.05635773357384387,54.8132806306122,48.18
FOLLOW,0.0,55.0132806306122,-51.78132851369351,-1.5845126855071752,NO_PATH,0.0,0.0,49.30926693672448,-51.90538491101643,-0.05635773357384387,54.8132806306122,48.2
FOLLOW,0.0,55.0132806306122,-51.78132851369351,-1.5845126855071752,NO_PATH,0.0,0.0,49.30926693672448,-51.90538491101643,-0.05635773357384387,54.8132806306122,48.220000000000006
FOLLOW,0.0,55.0132806306122,-51.78132851369351,-1.5845126855071752,NO_PATH,0.0,0.0,49.30926693672448,-51.90538491101643,-0.05635773357384387,54.8132806306122,48.24
FOLLOW,0.0,55.0132806306122,-51.78132851369351,-1.5845126855071752,NO_PATH,0.0,0.0,49.30926693672448,-51.90538491101643,-0.05635773357384387,54.8132806306122,48.260000000000005
FOLLOW,0.0,55.0132806306122,-51.78132851369351,-1.5845126855071752,NO_PATH,0.0,0.0,49.30926693672448,-51.90538491101643,-0.05635773357384387,54.8132806306122,48.28
FOLLOW,0.0,55.0132806306122,-51.78132851369351,-1.5845126855071752,NO_PATH,0.0,0.0,49.30926693672448,-51.90538491101643,-0.05635773357384387,54.8132806306122,48.300000000000004
FOLLOW,0.0,55.0132806306122,-51.78132851369351,-1.5845126855071752,NO_PATH,0.0,0.0,49.30926693672448,-51.90538491101643,-0.05635773357384387,54.8132806306122,48.32
FOLLOW,0.0,55.0132806306122,-51.78132851369351,-1.5845126855071752,NO_PATH,0.0,0.0,49.30926693672448,-51.90538491101643,-0.05635773357384387,54.8132806306122,48.34
FOLLOW,0.0,55.0132806306122,-51.78132851369351,-1.5845126855071752,NO_PATH,0.0,0.0,49.30926693672448,-51.90538491101643,-0.05635773357384387,54.8132806306122,48.36000000000001
FOLLOW,0.0,55.0132806306122,-51.78132851369351,-1.5845126855071752,NO_PATH,0.0,0.0,49.30926693672448,-51.90538491101643,-0.05635773357384387,54.8132806306122,48.38
FOLLOW,0.0,55.0132806306122,-51.78132851369351,-1.5845126855071752,NO_PATH,0.0,0.0,49.30926693672448,-51.90538491101643,-0.05635773357384387,54.8132806306122,48.400000000000006
FOLLOW,0.0,55.0132806306122,-51.78132851369351,-1.5845126855071752,NO_PATH,0.0,0.0,49.30926693672448,-51.90538491101643,-0.05635773357384387,54.8132806306122,48.42100000000001
FOLLOW,0.0,55.0132806306122,-51.78132851369351,-1.5845126855071752,NO_PATH,0.0,0.0,49.30926693672448,-51.90538491101643,-0.05635773357384387,54.8132806306122,48.440000000000005
FOLLOW,0.0,55.0132806306122,-51.78132851369351,-1.5845126855071752,NO_PATH,0.0,0.0,49.30926693672448,-51.90538491101643,-0.05635773357384387,54.8132806306122,48.46
FOLLOW,0.0,55.0132806306122,-51.78132851369351,-1.5845126855071752,NO_PATH,0.0,0.0,49.30926693672448,-51.90538491101643,-0.05635773357384387,54.8132806306122,48.480000000000004
FOLLOW,0.0,55.0132806306122,-51.78132851369351,-1.5845126855071752,NO_PATH,0.0,0.0,49.30926693672448,-51.90538491101643,-0.05635773357384387,54.8132806306122,48.5
FOLLOW,0.0,55.0132806306122,-51.78132851369351,-1.5845126855071752,NO_PATH,0.0,0.0,49.30926693672448,-51.90538491101643,-0.05635773357384387,54.8132806306122,48.52
FOLLOW,0.0,55.0132806306122,-51.78132851369351,-1.5845126855071752,NO_PATH,0.0,0.0,49.30926693672448,-51.90538491101643,-0.05635773357384387,54.8132806306122,48.540000000000006
FOLLOW,0.0,55.0132806306122,-51.78132851369351,-1.5845126855071752,NO_PATH,0.0,0.0,49.30926693672448,-51.90538491101643,-0.05635773357384387,54.8132806306122,48.56
FOLLOW,0.0,55.0132806306122,-51.78132851369351,-1.5845126855071752,NO_PATH,0.0,0.0,49.30926693672448,-51.90538491101643,-0.05635773357384387,54.8132806306122,48.580000000000005
FOLLOW,0.0,55.0132806306122,-51.78132851369351,-1.5845126855071752,NO_PATH,0.0,0.0,49.30926693672448,-51.90538491101643,-0.05635773357384387,54.8132806306122,48.601000000000006
FOLLOW,0.0,55.0132806306122,-51.78132851369351,-1.5845126855071752,NO_PATH,0.0,0.0,49.30926693672448,-51.90538491101643,-0.05635773357384387,54.8132806306122,48.620000000000005
FOLLOW,0.0,55.0132806306122,-51.78132851369351,-1.5845126855071752,NO_PATH,0.0,0.0,49.30926693672448,-51.90538491101643,-0.05635773357384387,54.8132806306122,48.64
FOLLOW,0.0,55.0132806306122,-51.78132851369351,-1.5845126855071752,NO_PATH,0.0,0.0,49.30926693672448,-51.90538491101643,-0.05635773357384387,54.8132806306122,48.660000000000004
FOLLOW,0.0,55.0132806306122,-51.78132851369351,-1.5845126855071752,NO_PATH,0.0,0.0,49.30926693672448,-51.90538491101643,-0.05635773357384387,54.8132806306122,48.68
FOLLOW,0.0,55.0132806306122,-51.78132851369351,-1.5845126855071752,NO_PATH,0.0,0.0,49.30926693672448,-51.90538491101643,-0.05635773357384387,54.8132806306122,48.7
FOLLOW,0.0,55.0132806306122,-51.78132851369351,-1.5845126855071752,NO_PATH,0.0,0.0,49.30926693672448,-51.90538491101643,-0.05635773357384387,54.8132806306122,48.720000000000006
FOLLOW,0.0,55.0132806306122,-51.78132851369351,-1.5845126855071752,NO_PATH,0.0,0.0,49.30926693672448,-51.90538491101643,-0.05635773357384387,54.8132806306122,48.74
FOLLOW,0.0,55.0132806306122,-51.78132851369351,-1.5845126855071752,NO_PATH,0.0,0.0,49.30926693672448,-51.90538491101643,-0.05635773357384387,54.8132806306122,48.760000000000005
FOLLOW,0.0,55.0132806306122,-51.78132851369351,-1.5845126855071752,NO_PATH,0.0,0.0,49.30926693672448,-51.90538491101643,-0.05635773357384387,54.8132806306122,48.78
FOLLOW,0.0,55.0132806306122,-51.78132851369351,-1.5845126855071752,NO_PATH,0.0,0.0,49.30926693672448,-51.90538491101643,-0.05635773357384387,54.8132806306122,48.800000000000004
FOLLOW,0.0,55.0132806306122,-51.78132851369351,-1.5845126855071752,NO_PATH,0.0,0.0,49.30926693672448,-51.90538491101643,-0.05635773357384387,54.8132806306122,48.82
FOLLOW,0.0,55.0132806306122,-51.78132851369351,-1.5845126855071752,NO_PATH,0.0,0.0,49.30926693672448,-51.90538491101643,-0.05635773357384387,54.8132806306122,48.84
FOLLOW,0.0,55.0132806306122,-51.78132851369351,-1.5845126855071752,NO_PATH,0.0,0.0,49.30926693672448,-51.90538491101643,-0.05635773357384387,54.8132806306122,48.86000000000001
FOLLOW,0.0,55.0132806306122,-51.78132851369351,-1.5845126855071752,NO_PATH,0.0,0.0,49.30926693672448,-51.90538491101643,-0.05635773357384387,54.8132806306122,48.88
FOLLOW,0.0,55.0132806306122,-51.78132851369351,-1.5845126855071752,NO_PATH,0.0,0.0,49.30926693672448,-51.90538491101643,-0.05635773357384387,54.8132806306122,48.900000000000006
FOLLOW,0.0,55.0132806306122,-51.78132851369351,-1.5845126855071752,NO_PATH,0.0,0.0,49.30926693672448,-51.90538491101643,-0.05635773357384387,54.8132806306122,48.92
FOLLOW,0.0,55.0132806306122,-51.78132851369351,-1.5845126855071752,NO_PATH,0.0,0.0,49.30926693672448,-51.90538491101643,-0.05635773357384387,54.8132806306122,48.940000000000005
FOLLOW,0.0,55.0132806306122,-51.78132851369351,-1.5845126855071752,NO_PATH,0.0,0.0,49.30926693672448,-51.90538491101643,-0.05635773357384387,54.8132806306122,48.96
FOLLOW,0.0,55.0132806306122,-51.78132851369351,-1.5845126855071752,NO_PATH,0.0,0.0,49.30926693672448,-51.90538491101643,-0.05635773357384387,54.8132806306122,48.980000000000004
FOLLOW,0.0,55.0132806306122,-51.78132851369351,-1.5845126855071752,NO_PATH,0.0,0.0,49.30926693672448,-51.90538491101643,-0.05635773357384387,54.8132806306122,49.0
FOLLOW,1.199999999969769,55.012622279269294,-51.82932399862069,-1.584512120032778,NO_PATH,0.0,0.0,49.30926693672448,-51.90538491101643,-0.05635773357384387,54.8132806306122,49.02
FOLLOW,1.199999999969769,55.012622279269294,-51.82932399862069,-1.584512120032778,NO_PATH,0.0,0.0,49.30926693672448,-51.90538491101643,-0.05635773357384387,54.8132806306122,49.040000000000006
FOLLOW,1.1999366289543274,55.012294231471266,-51.85332112271274,-1.5843064361235264,NO_PATH,0.0,0.0,49.30926693672448,-51.90538491101643,-0.05635773357384387,54.8132806306122,49.06
FOLLOW,1.1999372112789546,55.011665036200974,-51.901314468128874,-1.5834852331011544,NO_PATH,0.0,0.0,49.30926693672448,-51.90538491101643,-0.05635773357384387,54.8132806306122,49.081
FOLLOW,1.1999372112789546,55.011665036200974,-51.901314468128874,-1.5834852331011544,NO_PATH,0.0,0.0,49.30926693672448,-51.90538491101643,-0.05635773357384387,54.81166503620097,49.1
FOLLOW,1.1999424522047701,55.01136499052106,-51.925311441285594,-1.5830934908247296,NO_PATH,0.0,0.0,49.30926693672448,-51.90538491101643,-0.05635773357384387,54.81166503620097,49.120000000000005
FOLLOW,1.1999424522060111,55.01107434549282,-51.94930853014161,-1.5827017485483057,NO_PATH,0.0,0.0,49.30926693672448,-51.90538491101643,-0.05635773357384387,54.81166503620097,49.14
FOLLOW,1.1999536786918248,55.01079296680781,-51.97330585295544,-1.582332161404438,NO_PATH,0.0,0.0,49.30926693672448,-51.90538491101643,-0.05635773357384387,54.81166503620097,49.160000000000004
FOLLOW,1.1999542951713822,55.010255726986514,-52.021300998543104,-1.5816304520886733,NO_PATH,0.0,0.0,49.30926693672448,-51.90538491101643,-0.05635773357384387,54.81166503620097,49.181000000000004
FOLLOW,1.1999542951713822,55.010255726986514,-52.021300998543104,-1.5816304520886733,NO_PATH,0.0,0.0,49.30926693672448,-51.90538491101643,-0.05635773357384387,54.81166503620097,49.2
FOLLOW,1.1999598434966812,55.009999451939166,-52.04529882695268,-1.5813032142453565,NO_PATH,0.0,0.0,49.30926693672448,-51.90538491101643,-0.05635773357384387,54.81025572698651,49.220000000000006
FOLLOW,1.1999676979076959,55.009510326354395,-52.093294821857484,-1.5806689842848445,NO_PATH,0.0,0.0,49.30926693672448,-51.90538491101643,-0.05635773357384387,54.81025572698651,49.24
FOLLOW,1.1999676979076959,55.009510326354395,-52.093294821857484,-1.5806689842848445,NO_PATH,0.0,0.0,49.30926693672448,-51.90538491101643,-0.05635773357384387,54.81025572698651,49.260000000000005
FOLLOW,1.1999676979093694,55.009276738394405,-52.117293038936076,-1.5803754893183977,NO_PATH,0.0,0.0,49.30926693672448,-51.90538491101643,-0.05635773357384387,54.81025572698651,49.28
FOLLOW,1.1999719552670947,55.008830414215836,-52.1652897647251,-1.579810526031793,NO_PATH,0.0,0.0,49.30926693672448,-51.90538491101643,-0.05635773357384387,54.80905019251968,49.301
FOLLOW,1.1999719552670947,55.008830414215836,-52.1652897647251,-1.579810526031793,NO_PATH,0.0,0.0,49.30926693672448,-51.90538491101643,-0.05635773357384387,54.80905019251968,49.32
FOLLOW,1.19997195526699,55.00861719878933,-52.18928825661463,-1.5795370552892452,NO_PATH,0.0,0.0,49.30926693672448,-51.90538491101643,-0.05635773357384387,54.80905019251968,49.34
FOLLOW,1.1999773957013824,55.00841039298129,-52.21328688077454,-1.579283152565962,NO_PATH,0.0,0.0,49.30926693672448,-51.90538491101643,-0.05635773357384387,54.80905019251968,49.36000000000001
FOLLOW,1.1999785708691015,55.008014521424364,-52.26128435537512,-1.5787954217625708,NO_PATH,0.0,0.0,49.30926693672448,-51.90538491101643,-0.05635773357384387,54.80905019251968,49.38
FOLLOW,1.1999803336217683,55.00782515888405,-52.28528321492613,-1.5785664156094166,NO_PATH,0.0,0.0,49.30926693672448,-51.90538491101643,-0.05635773357384387,54.80801452142436,49.400000000000006
FOLLOW,1.1999803336217683,55.00782515888405,-52.28528321492613,-1.5785664156094166,NO_PATH,0.0,0.0,49.30926693672448,-51.90538491101643,-0.05635773357384387,54.80801452142436,49.42
FOLLOW,1.1999841097829866,55.00746268337659,-52.333281130965254,-1.5781304021515157,NO_PATH,0.0,0.0,49.30926693672448,-51.90538491101643,-0.05635773357384387,54.80801452142436,49.441
FOLLOW,1.1999841097828918,55.00728901606768,-52.35728018476181,-1.5779245526808952,NO_PATH,0.0,0.0,49.30926693672448,-51.90538491101643,-0.05635773357384387,54.80801452142436,49.46
FOLLOW,1.1999841097828918,55.00728901606768,-52.35728018476181,-1.5779245526808952,NO_PATH,0.0,0.0,49.30926693672448,-51.90538491101643,-0.05635773357384387,54.80801452142436,49.480000000000004
FOLLOW,1.1999861247374262,55.00712025238287,-52.38127929369464,-1.5777254500192637,NO_PATH,0.0,0.0,49.30926693672448,-51.90538491101643,-0.05635773357384387,54.807120252382866,49.5
FOLLOW,1.1999861247363381,55.00695614945876,-52.40527845510256,-1.5775330941666206,NO_PATH,0.0,0.0,49.30926693672448,-51.90538491101643,-0.05635773357384387,54.807120252382866,49.52
FOLLOW,1.1999864816326937,55.006796662125716,-52.429277651196486,-1.5773420178005326,NO_PATH,0.0,0.0,49.30926693672448,-51.90538491101643,-0.05635773357384387,54.807120252382866,49.540000000000006
FOLLOW,1.1999879092142103,55.006641615177806,-52.45327690851426,-1.5771624568134393,NO_PATH,0.0,0.0,49.30926693672448,-51.90538491101643,-0.05635773357384387,54.807120252382866,49.56
FOLLOW,1.1999879092142716,55.00649087756269,-52.47727619328552,-1.5769828958263448,NO_PATH,0.0,0.0,49.30926693672448,-51.90538491101643,-0.05635773357384387,54.807120252382866,49.580000000000005
FOLLOW,1.1999902108733067,55.00620179446673,-52.525274912566886,-1.5766525618712413,NO_PATH,0.0,0.0,49.30926693672448,-51.90538491101643,-0.05635773357384387,54.806344377869266,49.602000000000004
FOLLOW,1.1999902108733067,55.00620179446673,-52.525274912566886,-1.5766525618712413,NO_PATH,0.0,0.0,49.30926693672448,-51.90538491101643,-0.05635773357384387,54.806344377869266,49.620000000000005
FOLLOW,1.1999905873801946,55.006063086659736,-52.549274319686646,-1.5764926002154664,NO_PATH,0.0,0.0,49.30926693672448,-51.90538491101643,-0.05635773357384387,54.806344377869266,49.64
FOLLOW,1.199991465895979,55.00592809753189,-52.57327376934983,-1.5763417438695724,NO_PATH,0.0,0.0,49.30926693672448,-51.90538491101643,-0.05635773357384387,54.806344377869266,49.660000000000004
FOLLOW,1.19999146589617,55.00579672887485,-52.59727323910387,-1.5761908875236785,NO_PATH,0.0,0.0,49.30926693672448,-51.90538491101643,-0.05635773357384387,54.806344377869266,49.68
FOLLOW,1.1999930739214446,55.00566891059951,-52.621272748937024,-1.576049751007153,NO_PATH,0.0,0.0,49.30926693672448,-51.90538491101643,-0.05635773357384387,54.80566891059951,49.701
FOLLOW,1.199993073922213,55.005544378987594,-52.64527228730711,-1.5759138482449013,NO_PATH,0.0,0.0,49.30926693672448,-51.90538491101643,-0.05635773357384387,54.80566891059951,49.720000000000006
FOLLOW,1.1999934244711137,55.00542310576296,-52.66927184586922,-1.5757797232388984,NO_PATH,0.0,0.0,49.30926693672448,-51.90538491101643,-0.05635773357384387,54.80566891059951,49.74
FOLLOW,1.1999939502985513,55.0053049532807,-52.693271434022336,-1.575652709257888,NO_PATH,0.0,0.0,49.30926693672448,-51.90538491101643,-0.05635773357384387,54.80566891059951,49.760000000000005
FOLLOW,1.1999950773050954,55.00507772517577,-52.7412706698447,-1.5754073893038971,NO_PATH,0.0,0.0,49.30926693672448,-51.90538491101643,-0.05635773357384387,54.80566891059951,49.78
FOLLOW,1.1999950773050954,55.00507772517577,-52.7412706698447,-1.5754073893038971,NO_PATH,0.0,0.0,49.30926693672448,-51.90538491101643,-0.05635773357384387,54.805077725175764,49.800000000000004
FOLLOW,1.1999950773054684,55.00496836664594,-52.76527032222357,-1.5752928153343555,NO_PATH,0.0,0.0,49.30926693672448,-51.90538491101643,-0.05635773357384387,54.805077725175764,49.82
FOLLOW,1.1999953843773825,55.004861753407766,-52.78926999002579,-1.5751800876218653,NO_PATH,0.0,0.0,49.30926693672448,-51.90538491101643,-0.05635773357384387,54.805077725175764,49.84
FOLLOW,1.1999956914512122,55.004757765800626,-52.81326967856185,-1.5750728986805285,NO_PATH,0.0,0.0,49.30926693672448,-51.90538491101643,-0.05635773357384387,54.805077725175764,49.86000000000001
FOLLOW,1.199995691451323,55.00465635069529,-52.83726937810638,-1.5749657097391925,NO_PATH,0.0,0.0,49.30926693672448,-51.90538491101643,-0.05635773357384387,54.805077725175764,49.88
FOLLOW,1.1999964842083715,55.00455745147119,-52.861269099250634,-1.5748657742383594,NO_PATH,0.0,0.0,49.30926693672448,-51.90538491101643,-0.05635773357384387,54.80455745147119,49.900000000000006
FOLLOW,1.199996484208792,55.004460889102496,-52.885268834668054,-1.5747689473548856,NO_PATH,0.0,0.0,49.30926693672448,-51.90538491101643,-0.05635773357384387,54.80455745147119,49.92
FOLLOW,1.199996744255629,55.004366644995805,-52.90926858190168,-1.5746739697937744,NO_PATH,0.0,0.0,49.30926693672448,-51.90538491101643,-0.05635773357384387,54.80455745147119,49.940000000000005
FOLLOW,1.1999969176194225,55.00427461557801,-52.93326834379865,-1.574583307318178,NO_PATH,0.0,0.0,49.30926693672448,-51.90538491101643,-0.05635773357384387,54.80455745147119,49.96
FOLLOW,1.199996917620527,55.00418476203843,-52.95726811394061,-1.574492644842582,NO_PATH,0.0,0.0,49.30926693672448,-51.90538491101643,-0.05635773357384387,54.80455745147119,49.980000000000004
FOLLOW,1.1999974771586115,55.00409701383597,-52.98126790138605,-1.5744093269232515,NO_PATH,0.0,0.0,49.30926693672448,-51.90538491101643,-0.05635773357384387,54.80455745147119,50.0
FOLLOW,1.199997477159022,55.004011237244626,-53.00526769763788,-1.5743273051020863,NO_PATH,0.0,0.0,49.30926693672448,-51.90538491101643,-0.05635773357384387,54.804097013835964,50.02
FOLLOW,1.1999977810196423,55.003927412325886,-53.02926750412867,-1.574248087151669,NO_PATH,0.0,0.0,49.30926693672448,-51.90538491101643,-0.05635773357384387,54.804097013835964,50.040000000000006
FOLLOW,1.199997781019011,55.003845447320415,-53.0532673197787,-1.5741711632773197,NO_PATH,0.0,0.0,49.30926693672448,-51.90538491101643,-0.05635773357384387,54.804097013835964,50.06
FOLLOW,1.1999980491448012,55.00368699532672,-53.101266975073024,-1.5740223523950456,NO_PATH,0.0,0.0,49.30926693672448,-51.90538491101643,-0.05635773357384387,54.804097013835964,50.080000000000005
FOLLOW,1.1999980491448012,55.00368699532672,-53.101266975073024,-1.5740223523950456,NO_PATH,0.0,0.0,49.30926693672448,-51.90538491101643,-0.05635773357384387,54.803686995326714,50.1
YIELD,1.1999980491443112,55.003610393213116,-53.125266813802625,-1.5739502255363402,NO_PATH,0.0,0.0,49.30926693672448,-51.90538491101643,-0.05635773357384387,54.803686995326714,50.120000000000005
YIELD,1.1999983988840621,55.00353549525393,-53.14926666210848,-1.5738821692676386,NO_PATH,0.0,0.0,49.30926693672448,-51.90538491101643,-0.05635773357384387,54.803686995326714,50.14
YIELD,1.1999984564760284,55.00339043253133,-53.1972663794049,-1.5737520905605884,NO_PATH,0.0,0.0,49.30926693672448,-51.90538491101643,-0.05635773357384387,54.803686995326714,50.161
YIELD,1.1999984564760284,55.00339043253133,-53.1972663794049,-1.5737520905605884,NO_PATH,0.0,0.0,49.30926693672448,-51.90538491101643,-0.05635773357384387,54.803686995326714,50.18
YIELD,1.1999985908641553,55.00332019320404,-53.22126624843555,-1.573690790531986,NO_PATH,0.0,0.0,49.30926693672448,-51.90538491101643,-0.05635773357384387,54.80332019320404,50.2
YIELD,1.1999985908647337,55.003251425069585,-53.245266121726786,-1.5736294905033847,NO_PATH,0.0,0.0,49.30926693672448,-51.90538491101643,-0.05635773357384387,54.80332019320404,50.220000000000006
YIELD,1.1999988388707983,55.00318410165296,-53.2692660023387,-1.5735718663504539,NO_PATH,0.0,0.0,49.30926693672448,-51.90538491101643,-0.05635773357384387,54.80332019320404,50.24
YIELD,1.1999988797757137,55.00305347961272,-53.31726577854694,-1.5734610820527377,NO_PATH,0.0,0.0,49.30926693672448,-51.90538491101643,-0.05635773357384387,54.80332019320404,50.260000000000005
YIELD,1.1999988797757137,55.00305347961272,-53.31726577854694,-1.5734610820527377,NO_PATH,0.0,0.0,49.30926693672448,-51.90538491101643,-0.05635773357384387,54.80332019320404,50.28
YIELD,1.199998975220596,55.00292801811233,-53.365265573569026,-1.5733565306863515,NO_PATH,0.0,0.0,49.30926693672448,-51.90538491101643,-0.05635773357384387,54.80299012155699,50.300000000000004
YIELD,1.1999991523419584,55.00286714712832,-53.389265478180164,-1.5733073306731076,NO_PATH,0.0,0.0,49.30926693672448,-51.90538491101643,-0.05635773357384387,54.80299012155699,50.321000000000005
YIELD,1.1999991523419584,55.00286714712832,-53.389265478180164,-1.5733073306731076,NO_PATH,0.0,0.0,49.30926693672448,-51.90538491101643,-0.05635773357384387,54.80299012155699,50.34
YIELD,1.1999992011322878,55.002748842506,-53.43726529895194,-1.5732129479453225,NO_PATH,0.0,0.0,49.30926693672448,-51.90538491101643,-0.05635773357384387,54.80299012155699,50.36000000000001
YIELD,1.1999992011322878,55.002748842506,-53.43726529895194,-1.5732129479453225,NO_PATH,0.0,0.0,49.30926693672448,-51.90538491101643,-0.05635773357384387,54.80299012155699,50.38
YIELD,1.199999249920197,55.00263493793938,-53.48526513378406,-1.573123500488832,NO_PATH,0.0,0.0,49.30926693672448,-51.90538491101643,-0.05635773357384387,54.80269135353981,50.400000000000006
YIELD,1.199999249920197,55.00263493793938,-53.48526513378406,-1.573123500488832,NO_PATH,0.0,0.0,49.30926693672448,-51.90538491101643,-0.05635773357384387,54.80269135353981,50.42
YIELD,1.1999993765668544,55.00252518580836,-53.53326498272556,-1.5730409656975226,NO_PATH,0.0,0.0,49.30926693672448,-51.90538491101643,-0.05635773357384387,54.80269135353981,50.440000000000005
YIELD,1.1999993765668544,55.00252518580836,-53.53326498272556,-1.5730409656975226,NO_PATH,0.0,0.0,49.30926693672448,-51.90538491101643,-0.05635773357384387,54.80269135353981,50.46
YIELD,1.199999425340811,55.00247177640895,-53.5572649113145,-1.573001013155254,NO_PATH,0.0,0.0,49.30926693672448,-51.90538491101643,-0.05635773357384387,54.80269135353981,50.480000000000004
YIELD,1.1999994462430255,55.00241930207763,-53.58126484287205,-1.572962585497362,NO_PATH,0.0,0.0,49.30926693672448,-51.90538491101643,-0.05635773357384387,nan,50.5
YIELD,1.1999994462432135,55.0023677500075,-53.605264776428356,-1.5729241578394721,NO_PATH,0.0,0.0,49.30926693672448,-51.90538491101643,-0.05635773357384387,nan,50.52
YIELD,1.1999995372753438,55.00231709326529,-53.6292647134389,-1.5728885354079183,NO_PATH,0.0,0.0,49.30926693672448,-51.90538491101643,-0.05635773357384387,nan,50.540000000000006
YIELD,1.199999537275327,55.00226728076582,-53.65326465248966,-1.5728534080163052,NO_PATH,0.0,0.0,49.30926693672448,-51.90538491101643,-0.05635773357384387,nan,50.56
YIELD,1.1999995772925645,55.00221830803969,-53.67726459366891,-1.57281906185123,NO_PATH,0.0,0.0,49.30926693672448,-51.90538491101643,-0.05635773357384387,nan,50.580000000000005
YIELD,1.1999995872982818,55.00217014063455,-53.70126453707832,-1.5727858875259613,NO_PATH,0.0,0.0,49.30926693672448,-51.90538491101643,-0.05635773357384387,nan,50.6
YIELD,1.1999996531822141,55.002076169003324,-53.74926442976175,-1.5727220256045398,NO_PATH,0.0,0.0,49.30926693672448,-51.90538491101643,-0.05635773357384387,nan,50.620000000000005
YIELD,1.1999996531825219,55.00203029896176,-53.773264378989836,-1.5726916143116225,NO_PATH,0.0,0.0,49.30926693672448,-51.90538491101643,-0.05635773357384387,nan,50.64
YIELD,1.1999996531825219,55.00203029896176,-53.773264378989836,-1.5726916143116225,NO_PATH,0.0,0.0,49.30926693672448,-51.90538491101643,-0.05635773357384387,nan,50.660000000000004
YIELD,1.1999996821590082,55.001985156047695,-53.797264329886424,-1.572661855756759,NO_PATH,0.0,0.0,49.30926693672448,-51.90538491101643,-0.05635773357384387,nan,50.68
YIELD,1.1999996894049594,55.00189695760815,-53.84526423642498,-1.5726042968611902,NO_PATH,0.0,0.0,49.30926693672448,-51.90538491101643,-0.05635773357384387,nan,50.701
YIELD,1.1999996894049594,55.00189695760815,-53.84526423642498,-1.5726042968611902,NO_PATH,0.0,0.0,49.30926693672448,-51.90538491101643,-0.05635773357384387,nan,50.720000000000006
YIELD,1.1999997373785765,55.001853870684165,-53.86926419244711,-1.5725777174844804,NO_PATH,0.0,0.0,49.30926693672448,-51.90538491101643,-0.05635773357384387,nan,50.74
YIELD,1.199999737379603,55.001811419023895,-53.893264149649305,-1.5725512539009854,NO_PATH,0.0,0.0,49.30926693672448,-51.90538491101643,-0.05635773357384387,nan,50.760000000000005
YIELD,1.1999997637178528,55.0017283830739,-53.9412640681332,-1.5725004380004206,NO_PATH,0.0,0.0,49.30926693672448,-51.90538491101643,-0.05635773357384387,nan,50.78
YIELD,1.1999997637178528,55.0017283830739,-53.9412640681332,-1.5725004380004206,NO_PATH,0.0,0.0,49.30926693672448,-51.90538491101643,-0.05635773357384387,nan,50.800000000000004
YIELD,1.1999997660844817,55.001687770589136,-53.96526402906861,-1.5724754010474988,NO_PATH,0.0,0.0,49.30926693672448,-51.90538491101643,-0.05635773357384387,nan,50.82
YIELD,1.199999787387119,55.00164774427826,-53.98926399143857,-1.572451590035423,NO_PATH,0.0,0.0,49.30926693672448,-51.90538491101643,-0.05635773357384387,nan,50.84
YIELD,1.199999787389258,55.00160828943079,-54.01326395475481,-1.5724277790233483,NO_PATH,0.0,0.0,49.30926693672448,-51.90538491101643,-0.05635773357384387,nan,50.86000000000001
YIELD,1.1999998187019738,55.00153103986476,-54.061263885086966,-1.5723830741961886,NO_PATH,0.0,0.0,49.30926693672448,-51.90538491101643,-0.05635773357384387,nan,50.88
YIELD,1.1999998239325897,55.001493208413805,-54.08526385169574,-1.5723612490468237,NO_PATH,0.0,0.0,49.30926693672448,-51.90538491101643,-0.05635773357384387,nan,50.900000000000006
YIELD,1.1999998361376538,55.00145588860169,-54.109263819402045,-1.5723403453801434,TRACKING,0.0,0.0,49.30926693672448,-51.90538491101643,-0.05635773357384387,nan,50.92100000000001
YIELD,1.1999998361393185,55.00141907047692,-54.13326378788323,-1.5723194417134632,TRACKING,0.0,0.0,49.30926693672448,-51.90538491101643,-0.05635773357384387,nan,50.940000000000005
YIELD,1.1999998361393185,55.00141907047692,-54.13326378788323,-1.5723194417134632,TRACKING,0.0,0.021749241144395807,49.30955244826731,-51.90540101953276,-0.05635773332128637,nan,50.96
YIELD,1.1999998589667542,55.00138274579053,-54.15726375743597,-1.5722995955449386,TRACKING,0.0284999998,0.05174924114503271,49.31043602797309,-51.90545086971121,-0.0563577330064891,nan,50.980000000000004
YIELD,1.1999998589676002,55.00134688843778,-54.181263727828465,-1.5722802025899123,TRACKING,0.0284999998,0.0812384658937615,49.31190778724909,-51.905535150388204,-0.05635377715685643,nan,51.0
YIELD,1.1999998716405307,55.00127655525437,-54.22926367095974,-1.572242486866809,TRACKING,0.0884999998,0.1111353231449072,49.31397500272533,-51.905653395957465,-0.056339545448436015,nan,51.021
YIELD,1.1999998716405307,55.00127655525437,-54.22926367095974,-1.572242486866809,TRACKING,0.1185,0.14105443393787417,49.3166388384206,-51.90580551982231,-0.056310555692801294,nan,51.040000000000006
YIELD,1.199999888331138,55.00120799529768,-54.27726361714327,-1.5722065425741092,TRACKING,0.1485,0.17100242411190572,49.31989985256485,-51.905991726253745,-0.05626230174479671,nan,51.06
YIELD,1.199999888331138,55.00120799529768,-54.27726361714327,-1.5722065425741092,TRACKING,0.1785,0.20096377835512355,49.32375856002923,-51.90621201925044,-0.05619036225974261,nan,51.080000000000005
YIELD,1.1999998883307497,55.00117434685677,-54.301263591321714,-1.5721892861149949,TRACKING,0.1785,0.23091474402450274,49.32821480654032,-51.906466044389035,-0.056090897977003944,nan,51.1
YIELD,1.199999897506089,55.00110827718604,-54.349263541629576,-1.5721557509096198,TRACKING,0.2385,0.2609041084548284,49.333269096793764,-51.90675356827225,-0.05595935843680359,nan,51.120000000000005
YIELD,1.1999998975076085,55.00107583948733,-54.37326351765852,-1.5721392186822454,TRACKING,0.2685,0.29091133893865506,49.33892192665411,-51.907074280269754,-0.055791213249077314,nan,51.141000000000005
YIELD,1.1999999057567392,55.00104379081684,-54.39726349437513,-1.5721233658066534,TRACKING,0.2685,0.32093759201998756,49.3451736949647,-51.90742778330041,-0.055582026186242875,nan,51.160000000000004
YIELD,1.1999999057567392,55.00104379081684,-54.39726349437513,-1.5721233658066534,TRACKING,0.2985,0.35098384326610577,49.35202482437772,-51.907813577799004,-0.05532732102998238,nan,51.18
YIELD,1.1999999057578223,55.001012122615,-54.421263471596795,-1.5721075129310615,TRACKING,0.3285,0.381050888391972,49.35947584865363,-51.9082310505728,-0.05502258252262417,nan,51.2
YIELD,1.1999999165494015,55.00094990152074,-54.46926342783207,-1.5720772569684474,TRACKING,0.3885,0.41124749497136837,49.367529326742336,-51.90867934064099,-0.054663776891911355,nan,51.221000000000004
YIELD,1.1999999165494015,55.00094990152074,-54.46926342783207,-1.5720772569684474,TRACKING,0.3885,0.4425906622805753,49.37620890553937,-51.909153945303366,-0.054254310809601816,nan,51.24
YIELD,1.1999999195348598,55.00091932894076,-54.49326340672014,-1.5720624752725119,TRACKING,0.4185,0.47370210263203466,49.38551892924216,-51.909657564796625,-0.053805835124374236,nan,51.260000000000005
YIELD,1.1999999225185076,55.00088910525311,-54.51726338613964,-1.5720481010731502,TRACKING,0.4785,0.502681229012238,49.395411291279835,-51.91018811951986,-0.05333516327553956,nan,51.28
YIELD,0.0,55.00085181077236,-54.54726336102088,-1.5720301333239484,TRACKING,0.5085,0.5318815825439297,49.40588544622339,-51.910744877472375,-0.052855061528100974,nan,51.300000000000004
CRUISE,0.0,55.00085181077236,-54.54726336102088,-1.5720301333239484,TRACKING,0.5085,0.5612492453230897,49.416945028498006,-51.91132742488362,-0.05237587587384726,nan,51.32
CRUISE,0.0,55.00085181077236,-54.54726336102088,-1.5720301333239484,TRACKING,0.5685,0.5906986820940505,49.42859195868261,-51.911935356691096,-0.05190553669535853,nan,51.34
CRUISE,0.0,55.00085181077236,-54.54726336102088,-1.5720301333239484,TRACKING,0.5985,0.6202125486706924,49.440827685316755,-51.91256833955303,-0.051451221143714476,nan,51.36000000000001
CRUISE,0.0,55.00085181077236,-54.54726336102088,-1.5720301333239484,TRACKING,0.6285,0.6497649294177564,49.45365310602705,-51.913226118734016,-0.05101929237746551,nan,51.38
CRUISE,0.0,55.00085181077236,-54.54726336102088,-1.5720301333239484,TRACKING,0.6285,0.6793372172465728,49.46706870702789,-51.9139085327467,-0.05061551222515898,nan,51.400000000000006
YIELD,0.0,55.00085181077236,-54.54726336102088,-1.5720301333239484,NO_PATH,0.6885,0.7089161069008245,49.481074678114965,-51.91461552704182,-0.05024521410703406,nan,51.42
YIELD,0.0,55.00085181077236,-54.54726336102088,-1.5720301333239484,NO_PATH,0.6885,0.7384921043145344,49.495670995419246,-51.91534716643778,-0.04991342817828177,nan,51.440000000000005
YIELD,0.0,55.00085181077236,-54.54726336102088,-1.5720301333239484,NO_PATH,0.7485,0.7124656281605053,49.5101892977703,-51.91606119279312,-0.04964197693300183,nan,51.46
YIELD,0.0,55.00085181077236,-54.54726336102088,-1.5720301333239484,NO_PATH,0.7485,0.6515990802046749,49.52351732326364,-51.916712636667064,-0.049444617586897686,nan,51.480000000000004
YIELD,0.0,55.00085181077236,-54.54726336102088,-1.5720301333239484,NO_PATH,0.693,0.5908397321671226,49.535630115337845,-51.91730288205676,-0.049310660832971975,nan,51.5
YIELD,0.0,55.00085181077236,-54.54726336102088,-1.5720301333239484,NO_PATH,0.633,0.529667218912462,49.54651908767141,-51.91783350780002,-0.04922715552076629,nan,51.52
YIELD,0.0,55.00085181077236,-54.54726336102088,-1.5720301333239484,NO_PATH,0.513,0.4683664026401639,49.55618058274034,-51.91830549389026,-0.04917777435134613,nan,51.540000000000006
YIELD,0.0,55.00085181077236,-54.54726336102088,-1.5720301333239484,NO_PATH,0.453,0.4075830033908169,49.56462555339418,-51.91871881797914,-0.04914897999631389,nan,51.56
YIELD,0.0,55.00085181077236,-54.54726336102088,-1.5720301333239484,NO_PATH,0.453,0.3471152017016377,49.571861209675376,-51.91907341651296,-0.04913251093552411,nan,51.580000000000005
YIELD,0.0,55.00085181077236,-54.54726336102088,-1.5720301333239484,NO_PATH,0.393,0.2868391123293384,49.57789193799375,-51.919369235340696,-0.04912334201606869,nan,51.601000000000006
YIELD,0.0,55.00085181077236,-54.54726336102088,-1.5720301333239484,NO_PATH,0.273,0.22667871651635033,49.58272039128931,-51.91960623195853,-0.04911843457456147,nan,51.620000000000005
YIELD,0.0,55.00085181077236,-54.54726336102088,-1.5720301333239484,NO_PATH,0.273,0.1665875039859294,49.58634816068108,-51.919784374816395,-0.0491159665251674,nan,51.64
YIELD,0.0,55.00085181077236,-54.54726336102088,-1.5720301333239484,NO_PATH,0.213,0.10953821779046871,49.588833023069604,-51.91990643895524,-0.04911483011812665,nan,51.660000000000004
YIELD,0.0,55.00085181077236,-54.54726336102088,-1.5720301333239484,NO_PATH,0.0960000003,0.04951129471482031,49.59012180673645,-51.91996975909008,-0.04911443094427142,nan,51.681000000000004
YIELD,0.0,55.00085181077236,-54.54726336102088,-1.5720301333239484,NO_PATH,0.0360000003,0.0003001931914335205,49.59031960978975,-51.91997947886512,-0.04911438599285184,nan,51.7
YIELD,0.0,55.00085181077236,-54.54726336102088,-1.5720301333239484,NO_PATH,0.0360000003,0.0,49.59031960978975,-51.91997947886512,-0.04911438599285184,nan,51.720000000000006
YIELD,0.0,55.00085181077236,-54.54726336102088,-1.5720301333239484,NO_PATH,0.0,0.0,49.59031960978975,-51.91997947886512,-0.04911438599285184,nan,51.74
YIELD,0.0,55.00085181077236,-54.54726336102088,-1.5720301333239484,NO_PATH,0.0,0.0,49.59031960978975,-51.91997947886512,-0.04911438599285184,nan,51.760000000000005
YIELD,0.0,55.00085181077236,-54.54726336102088,-1.5720301333239484,NO_PATH,0.0,0.0,49.59031960978975,-51.91997947886512,-0.04911438599285184,nan,51.78
YIELD,0.0,55.00085181077236,-54.54726336102088,-1.5720301333239484,NO_PATH,0.0,0.0,49.59031960978975,-51.91997947886512,-0.04911438599285184,nan,51.801
YIELD,0.0,55.00085181077236,-54.54726336102088,-1.5720301333239484,NO_PATH,0.0,0.0,49.59031960978975,-51.91997947886512,-0.04911438599285184,nan,51.82
YIELD,0.0,55.00085181077236,-54.54726336102088,-1.5720301333239484,NO_PATH,0.0,0.0,49.59031960978975,-51.91997947886512,-0.04911438599285184,nan,51.84
YIELD,0.0,55.00085181077236,-54.54726336102088,-1.5720301333239484,NO_PATH,0.0,0.0,49.59031960978975,-51.91997947886512,-0.04911438599285184,nan,51.86000000000001
YIELD,0.0,55.00085181077236,-54.54726336102088,-1.5720301333239484,NO_PATH,0.0,0.0,49.59031960978975,-51.91997947886512,-0.04911438599285184,nan,51.88
YIELD,0.0,55.00085181077236,-54.54726336102088,-1.5720301333239484,NO_PATH,0.0,0.0,49.59031960978975,-51.91997947886512,-0.04911438599285184,nan,51.900000000000006
YIELD,0.0,55.00085181077236,-54.54726336102088,-1.5720301333239484,NO_PATH,0.0,0.0,49.59031960978975,-51.91997947886512,-0.04911438599285184,nan,51.92
YIELD,0.0,55.00085181077236,-54.54726336102088,-1.5720301333239484,NO_PATH,0.0,0.0,49.59031960978975,-51.91997947886512,-0.04911438599285184,nan,51.940000000000005
YIELD,0.0,55.00085181077236,-54.54726336102088,-1.5720301333239484,NO_PATH,0.0,0.0,49.59031960978975,-51.91997947886512,-0.04911438599285184,nan,51.96
YIELD,0.0,55.00085181077236,-54.54726336102088,-1.5720301333239484,NO_PATH,0.0,0.0,49.59031960978975,-51.91997947886512,-0.04911438599285184,nan,51.980000000000004
YIELD,0.0,55.00085181077236,-54.54726336102088,-1.5720301333239484,NO_PATH,0.0,0.0,49.59031960978975,-51.91997947886512,-0.04911438599285184,nan,52.0
YIELD,0.0,55.00085181077236,-54.54726336102088,-1.5720301333239484,NO_PATH,0.0,0.0,49.59031960978975,-51.91997947886512,-0.04911438599285184,nan,52.02
YIELD,0.0,55.00085181077236,-54.54726336102088,-1.5720301333239484,NO_PATH,0.0,0.0,49.59031960978975,-51.91997947886512,-0.04911438599285184,nan,52.040000000000006
YIELD,0.0,55.00085181077236,-54.54726336102088,-1.5720301333239484,NO_PATH,0.0,0.0,49.59031960978975,-51.91997947886512,-0.04911438599285184,nan,52.061
YIELD,0.0,55.00085181077236,-54.54726336102088,-1.5720301333239484,NO_PATH,0.0,0.0,49.59031960978975,-51.91997947886512,-0.04911438599285184,nan,52.081
YIELD,0.0,55.00085181077236,-54.54726336102088,-1.5720301333239484,NO_PATH,0.0,0.0,49.59031960978975,-51.91997947886512,-0.04911438599285184,nan,52.1
YIELD,0.0,55.00085181077236,-54.54726336102088,-1.5720301333239484,NO_PATH,0.0,0.0,49.59031960978975,-51.91997947886512,-0.04911438599285184,nan,52.120000000000005
YIELD,0.0,55.00085181077236,-54.54726336102088,-1.5720301333239484,NO_PATH,0.0,0.0,49.59031960978975,-51.91997947886512,-0.04911438599285184,nan,52.14
YIELD,0.0,55.00085181077236,-54.54726336102088,-1.5720301333239484,NO_PATH,0.0,0.0,49.59031960978975,-51.91997947886512,-0.04911438599285184,nan,52.160000000000004
YIELD,0.0,55.00085181077236,-54.54726336102088,-1.5720301333239484,NO_PATH,0.0,0.0,49.59031960978975,-51.91997947886512,-0.04911438599285184,nan,52.18
YIELD,0.0,55.00085181077236,-54.54726336102088,-1.5720301333239484,NO_PATH,0.0,0.0,49.59031960978975,-51.91997947886512,-0.04911438599285184,nan,52.201
YIELD,0.0,55.00085181077236,-54.54726336102088,-1.5720301333239484,NO_PATH,0.0,0.0,49.59031960978975,-51.91997947886512,-0.04911438599285184,nan,52.221000000000004
YIELD,0.0,55.00085181077236,-54.54726336102088,-1.5720301333239484,NO_PATH,0.0,0.0,49.59031960978975,-51.91997947886512,-0.04911438599285184,nan,52.24
YIELD,0.0,55.00085181077236,-54.54726336102088,-1.5720301333239484,NO_PATH,0.0,0.0,49.59031960978975,-51.91997947886512,-0.04911438599285184,nan,52.260000000000005
YIELD,0.0,55.00085181077236,-54.54726336102088,-1.5720301333239484,NO_PATH,0.0,0.0,49.59031960978975,-51.91997947886512,-0.04911438599285184,nan,52.28
YIELD,0.0,55.00085181077236,-54.54726336102088,-1.5720301333239484,NO_PATH,0.0,0.0,49.59031960978975,-51.91997947886512,-0.04911438599285184,nan,52.300000000000004
YIELD,0.0,55.00085181077236,-54.54726336102088,-1.5720301333239484,NO_PATH,0.0,0.0,49.59031960978975,-51.91997947886512,-0.04911438599285184,nan,52.32
YIELD,0.0,55.00085181077236,-54.54726336102088,-1.5720301333239484,NO_PATH,0.0,0.0,49.59031960978975,-51.91997947886512,-0.04911438599285184,nan,52.34
YIELD,0.0,55.00085181077236,-54.54726336102088,-1.5720301333239484,NO_PATH,0.0,0.0,49.59031960978975,-51.91997947886512,-0.04911438599285184,nan,52.36000000000001
YIELD,0.0,55.00085181077236,-54.54726336102088,-1.5720301333239484,NO_PATH,0.0,0.0,49.59031960978975,-51.91997947886512,-0.04911438599285184,nan,52.381
YIELD,0.0,55.00085181077236,-54.54726336102088,-1.5720301333239484,NO_PATH,0.0,0.0,49.59031960978975,-51.91997947886512,-0.04911438599285184,nan,52.400000000000006
YIELD,0.0,55.00085181077236,-54.54726336102088,-1.5720301333239484,NO_PATH,0.0,0.0,49.59031960978975,-51.91997947886512,-0.04911438599285184,nan,52.42
YIELD,0.0,55.00085181077236,-54.54726336102088,-1.5720301333239484,NO_PATH,0.0,0.0,49.59031960978975,-51.91997947886512,-0.04911438599285184,nan,52.440000000000005
YIELD,0.0,55.00085181077236,-54.54726336102088,-1.5720301333239484,NO_PATH,0.0,0.0,49.59031960978975,-51.91997947886512,-0.04911438599285184,nan,52.46
YIELD,0.0,55.00085181077236,-54.54726336102088,-1.5720301333239484,NO_PATH,0.0,0.0,49.59031960978975,-51.91997947886512,-0.04911438599285184,nan,52.480000000000004
YIELD,0.0,55.00085181077236,-54.54726336102088,-1.5720301333239484,NO_PATH,0.0,0.0,49.59031960978975,-51.91997947886512,-0.04911438599285184,nan,52.5
YIELD,0.0,55.00085181077236,-54.54726336102088,-1.5720301333239484,NO_PATH,0.0,0.0,49.59031960978975,-51.91997947886512,-0.04911438599285184,nan,52.52
YIELD,0.0,55.00085181077236,-54.54726336102088,-1.5720301333239484,NO_PATH,0.0,0.0,49.59031960978975,-51.91997947886512,-0.04911438599285184,nan,52.540000000000006
YIELD,0.0,55.00085181077236,-54.54726336102088,-1.5720301333239484,NO_PATH,0.0,0.0,49.59031960978975,-51.91997947886512,-0.04911438599285184,nan,52.56
YIELD,0.0,55.00085181077236,-54.54726336102088,-1.5720301333239484,NO_PATH,0.0,0.0,49.59031960978975,-51.91997947886512,-0.04911438599285184,nan,52.580000000000005
YIELD,0.0,55.00085181077236,-54.54726336102088,-1.5720301333239484,NO_PATH,0.0,0.0,49.59031960978975,-51.91997947886512,-0.04911438599285184,nan,52.601000000000006
YIELD,0.0,55.00085181077236,-54.54726336102088,-1.5720301333239484,NO_PATH,0.0,0.0,49.59031960978975,-51.91997947886512,-0.04911438599285184,nan,52.620000000000005
YIELD,0.0,55.00085181077236,-54.54726336102088,-1.5720301333239484,NO_PATH,0.0,0.0,49.59031960978975,-51.91997947886512,-0.04911438599285184,nan,52.64
YIELD,0.0,55.00085181077236,-54.54726336102088,-1.5720301333239484,NO_PATH,0.0,0.0,49.59031960978975,-51.91997947886512,-0.04911438599285184,nan,52.660000000000004
YIELD,0.0,55.00085181077236,-54.54726336102088,-1.5720301333239484,NO_PATH,0.0,0.0,49.59031960978975,-51.91997947886512,-0.04911438599285184,nan,52.68000000000001
YIELD,0.0,55.00085181077236,-54.54726336102088,-1.5720301333239484,NO_PATH,0.0,0.0,49.59031960978975,-51.91997947886512,-0.04911438599285184,nan,52.7
YIELD,0.0,55.00085181077236,-54.54726336102088,-1.5720301333239484,NO_PATH,0.0,0.0,49.59031960978975,-51.91997947886512,-0.04911438599285184,nan,52.720000000000006
YIELD,0.0,55.00085181077236,-54.54726336102088,-1.5720301333239484,NO_PATH,0.0,0.0,49.59031960978975,-51.91997947886512,-0.04911438599285184,nan,52.74
YIELD,0.0,55.00085181077236,-54.54726336102088,-1.5720301333239484,NO_PATH,0.0,0.0,49.59031960978975,-51.91997947886512,-0.04911438599285184,nan,52.760000000000005
YIELD,0.0,55.00085181077236,-54.54726336102088,-1.5720301333239484,NO_PATH,0.0,0.0,49.59031960978975,-51.91997947886512,-0.04911438599285184,nan,52.78
YIELD,0.0,55.00085181077236,-54.54726336102088,-1.5720301333239484,NO_PATH,0.0,0.0,49.59031960978975,-51.91997947886512,-0.04911438599285184,nan,52.800000000000004
YIELD,0.0,55.00085181077236,-54.54726336102088,-1.5720301333239484,NO_PATH,0.0,0.0,49.59031960978975,-51.91997947886512,-0.04911438599285184,nan,52.82
YIELD,0.0,55.00085181077236,-54.54726336102088,-1.5720301333239484,NO_PATH,0.0,0.0,49.59031960978975,-51.91997947886512,-0.04911438599285184,nan,52.84
YIELD,0.0,55.00085181077236,-54.54726336102088,-1.5720301333239484,NO_PATH,0.0,0.0,49.59031960978975,-51.91997947886512,-0.04911438599285184,nan,52.86000000000001
YIELD,0.0,55.00085181077236,-54.54726336102088,-1.5720301333239484,NO_PATH,0.0,0.0,49.59031960978975,-51.91997947886512,-0.04911438599285184,nan,52.88
YIELD,0.0,55.00085181077236,-54.54726336102088,-1.5720301333239484,NO_PATH,0.0,0.0,49.59031960978975,-51.91997947886512,-0.04911438599285184,nan,52.900000000000006
YIELD,0.0,55.00085181077236,-54.54726336102088,-1.5720301333239484,NO_PATH,0.0,0.0,49.59031960978975,-51.91997947886512,-0.04911438599285184,nan,52.92
YIELD,0.0,55.00085181077236,-54.54726336102088,-1.5720301333239484,NO_PATH,0.0,0.0,49.59031960978975,-51.91997947886512,-0.04911438599285184,nan,52.940000000000005
YIELD,0.0,55.00085181077236,-54.54726336102088,-1.5720301333239484,NO_PATH,0.0,0.0,49.59031960978975,-51.91997947886512,-0.04911438599285184,nan,52.96
YIELD,0.0,55.00085181077236,-54.54726336102088,-1.5720301333239484,NO_PATH,0.0,0.0,49.59031960978975,-51.91997947886512,-0.04911438599285184,nan,52.980000000000004
YIELD,0.0,55.00085181077236,-54.54726336102088,-1.5720301333239484,NO_PATH,0.0,0.0,49.59031960978975,-51.91997947886512,-0.04911438599285184,nan,53.0
YIELD,0.0,55.00085181077236,-54.54726336102088,-1.5720301333239484,NO_PATH,0.0,0.0,49.59031960978975,-51.91997947886512,-0.04911438599285184,nan,53.02
YIELD,0.0,55.00085181077236,-54.54726336102088,-1.5720301333239484,NO_PATH,0.0,0.0,49.59031960978975,-51.91997947886512,-0.04911438599285184,nan,53.040000000000006
YIELD,0.0,55.00085181077236,-54.54726336102088,-1.5720301333239484,NO_PATH,0.0,0.0,49.59031960978975,-51.91997947886512,-0.04911438599285184,nan,53.06
YIELD,0.0,55.00085181077236,-54.54726336102088,-1.5720301333239484,NO_PATH,0.0,0.0,49.59031960978975,-51.91997947886512,-0.04911438599285184,nan,53.080000000000005
YIELD,0.0,55.00085181077236,-54.54726336102088,-1.5720301333239484,NO_PATH,0.0,0.0,49.59031960978975,-51.91997947886512,-0.04911438599285184,nan,53.1
YIELD,0.0,55.00085181077236,-54.54726336102088,-1.5720301333239484,NO_PATH,0.0,0.0,49.59031960978975,-51.91997947886512,-0.04911438599285184,nan,53.120000000000005
YIELD,0.0,55.00085181077236,-54.54726336102088,-1.5720301333239484,NO_PATH,0.0,0.0,49.59031960978975,-51.91997947886512,-0.04911438599285184,nan,53.14
YIELD,0.0,55.00085181077236,-54.54726336102088,-1.5720301333239484,NO_PATH,0.0,0.0,49.59031960978975,-51.91997947886512,-0.04911438599285184,nan,53.160000000000004
YIELD,0.0,55.00085181077236,-54.54726336102088,-1.5720301333239484,NO_PATH,0.0,0.0,49.59031960978975,-51.91997947886512,-0.04911438599285184,nan,53.181000000000004
YIELD,0.0,55.00085181077236,-54.54726336102088,-1.5720301333239484,NO_PATH,0.0,0.0,49.59031960978975,-51.91997947886512,-0.04911438599285184,nan,53.2
YIELD,0.0,55.00085181077236,-54.54726336102088,-1.5720301333239484,NO_PATH,0.0,0.0,49.59031960978975,-51.91997947886512,-0.04911438599285184,nan,53.220000000000006
YIELD,0.0,55.00085181077236,-54.54726336102088,-1.5720301333239484,NO_PATH,0.0,0.0,49.59031960978975,-51.91997947886512,-0.04911438599285184,nan,53.24
YIELD,0.0,55.00085181077236,-54.54726336102088,-1.5720301333239484,NO_PATH,0.0,0.0,49.59031960978975,-51.91997947886512,-0.04911438599285184,nan,53.261
YIELD,0.0,55.00085181077236,-54.54726336102088,-1.5720301333239484,NO_PATH,0.0,0.0,49.59031960978975,-51.91997947886512,-0.04911438599285184,nan,53.28
YIELD,0.0,55.00085181077236,-54.54726336102088,-1.5720301333239484,NO_PATH,0.0,0.0,49.59031960978975,-51.91997947886512,-0.04911438599285184,nan,53.301
YIELD,0.0,55.00085181077236,-54.54726336102088,-1.5720301333239484,NO_PATH,0.0,0.0,49.59031960978975,-51.91997947886512,-0.04911438599285184,nan,53.32
YIELD,0.0,55.00085181077236,-54.54726336102088,-1.5720301333239484,NO_PATH,0.0,0.0,49.59031960978975,-51.91997947886512,-0.04911438599285184,nan,53.34
YIELD,0.0,55.00085181077236,-54.54726336102088,-1.5720301333239484,NO_PATH,0.0,0.0,49.59031960978975,-51.91997947886512,-0.04911438599285184,nan,53.36000000000001
YIELD,0.0,55.00085181077236,-54.54726336102088,-1.5720301333239484,NO_PATH,0.0,0.0,49.59031960978975,-51.91997947886512,-0.04911438599285184,nan,53.38
YIELD,0.0,55.00085181077236,-54.54726336102088,-1.5720301333239484,NO_PATH,0.0,0.0,49.59031960978975,-51.91997947886512,-0.04911438599285184,nan,53.400000000000006
YIELD,0.0,55.00085181077236,-54.54726336102088,-1.5720301333239484,NO_PATH,0.0,0.0,49.59031960978975,-51.91997947886512,-0.04911438599285184,nan,53.42
YIELD,0.0,55.00085181077236,-54.54726336102088,-1.5720301333239484,NO_PATH,0.0,0.0,49.59031960978975,-51.91997947886512,-0.04911438599285184,nan,53.440000000000005
YIELD,0.0,55.00085181077236,-54.54726336102088,-1.5720301333239484,NO_PATH,0.0,0.0,49.59031960978975,-51.91997947886512,-0.04911438599285184,nan,53.46
YIELD,0.0,55.00085181077236,-54.54726336102088,-1.5720301333239484,NO_PATH,0.0,0.0,49.59031960978975,-51.91997947886512,-0.04911438599285184,nan,53.480000000000004
YIELD,0.0,55.00085181077236,-54.54726336102088,-1.5720301333239484,NO_PATH,0.0,0.0,49.59031960978975,-51.91997947886512,-0.04911438599285184,nan,53.5
YIELD,0.0,55.00085181077236,-54.54726336102088,-1.5720301333239484,NO_PATH,0.0,0.0,49.59031960978975,-51.91997947886512,-0.04911438599285184,nan,53.52
YIELD,0.0,55.00085181077236,-54.54726336102088,-1.5720301333239484,NO_PATH,0.0,0.0,49.59031960978975,-51.91997947886512,-0.04911438599285184,nan,53.540000000000006
YIELD,0.0,55.00085181077236,-54.54726336102088,-1.5720301333239484,NO_PATH,0.0,0.0,49.59031960978975,-51.91997947886512,-0.04911438599285184,nan,53.56
YIELD,0.0,55.00085181077236,-54.54726336102088,-1.5720301333239484,NO_PATH,0.0,0.0,49.59031960978975,-51.91997947886512,-0.04911438599285184,nan,53.580000000000005
YIELD,0.0,55.00085181077236,-54.54726336102088,-1.5720301333239484,NO_PATH,0.0,0.0,49.59031960978975,-51.91997947886512,-0.04911438599285184,nan,53.6
YIELD,0.0,55.00085181077236,-54.54726336102088,-1.5720301333239484,NO_PATH,0.0,0.0,49.59031960978975,-51.91997947886512,-0.04911438599285184,nan,53.620000000000005
YIELD,0.0,55.00085181077236,-54.54726336102088,-1.5720301333239484,NO_PATH,0.0,0.0,49.59031960978975,-51.91997947886512,-0.04911438599285184,nan,53.64
YIELD,0.0,55.00085181077236,-54.54726336102088,-1.5720301333239484,NO_PATH,0.0,0.0,49.59031960978975,-51.91997947886512,-0.04911438599285184,nan,53.660000000000004
YIELD,0.0,55.00085181077236,-54.54726336102088,-1.5720301333239484,NO_PATH,0.0,0.0,49.59031960978975,-51.91997947886512,-0.04911438599285184,nan,53.68000000000001
YIELD,0.0,55.00085181077236,-54.54726336102088,-1.5720301333239484,NO_PATH,0.0,0.0,49.59031960978975,-51.91997947886512,-0.04911438599285184,nan,53.7
YIELD,0.0,55.00085181077236,-54.54726336102088,-1.5720301333239484,NO_PATH,0.0,0.0,49.59031960978975,-51.91997947886512,-0.04911438599285184,nan,53.720000000000006
YIELD,0.0,55.00085181077236,-54.54726336102088,-1.5720301333239484,NO_PATH,0.0,0.0,49.59031960978975,-51.91997947886512,-0.04911438599285184,nan,53.74
YIELD,0.0,55.00085181077236,-54.54726336102088,-1.5720301333239484,NO_PATH,0.0,0.0,49.59031960978975,-51.91997947886512,-0.04911438599285184,nan,53.760000000000005
YIELD,0.0,55.00085181077236,-54.54726336102088,-1.5720301333239484,NO_PATH,0.0,0.0,49.59031960978975,-51.91997947886512,-0.04911438599285184,nan,53.78
YIELD,0.0,55.00085181077236,-54.54726336102088,-1.5720301333239484,NO_PATH,0.0,0.0,49.59031960978975,-51.91997947886512,-0.04911438599285184,nan,53.800000000000004
YIELD,0.0,55.00085181077236,-54.54726336102088,-1.5720301333239484,NO_PATH,0.0,0.0,49.59031960978975,-51.91997947886512,-0.04911438599285184,nan,53.82
YIELD,0.0,55.00085181077236,-54.54726336102088,-1.5720301333239484,NO_PATH,0.0,0.0,49.59031960978975,-51.91997947886512,-0.04911438599285184,nan,53.84
YIELD,0.0,55.00085181077236,-54.54726336102088,-1.5720301333239484,NO_PATH,0.0,0.0,49.59031960978975,-51.91997947886512,-0.04911438599285184,nan,53.86000000000001
YIELD,0.0,55.00085181077236,-54.54726336102088,-1.5720301333239484,NO_PATH,0.0,0.0,49.59031960978975,-51.91997947886512,-0.04911438599285184,nan,53.88
YIELD,0.0,55.00085181077236,-54.54726336102088,-1.5720301333239484,NO_PATH,0.0,0.0,49.59031960978975,-51.91997947886512,-0.04911438599285184,nan,53.900000000000006
YIELD,0.0,55.00085181077236,-54.54726336102088,-1.5720301333239484,NO_PATH,0.0,0.0,49.59031960978975,-51.91997947886512,-0.04911438599285184,nan,53.92100000000001
YIELD,0.0,55.00085181077236,-54.54726336102088,-1.5720301333239484,NO_PATH,0.0,0.0,49.59031960978975,-51.91997947886512,-0.04911438599285184,nan,53.940000000000005
YIELD,0.0,55.00085181077236,-54.54726336102088,-1.5720301333239484,NO_PATH,0.0,0.0,49.59031960978975,-51.91997947886512,-0.04911438599285184,nan,53.961000000000006
YIELD,0.0,55.00085181077236,-54.54726336102088,-1.5720301333239484,NO_PATH,0.0,0.0,49.59031960978975,-51.91997947886512,-0.04911438599285184,nan,53.980000000000004
YIELD,0.0,55.00085181077236,-54.54726336102088,-1.5720301333239484,NO_PATH,0.0,0.0,49.59031960978975,-51.91997947886512,-0.04911438599285184,nan,54.0
YIELD,0.0,55.00085181077236,-54.54726336102088,-1.5720301333239484,NO_PATH,0.0,0.0,49.59031960978975,-51.91997947886512,-0.04911438599285184,nan,54.02
YIELD,0.0,55.00085181077236,-54.54726336102088,-1.5720301333239484,NO_PATH,0.0,0.0,49.59031960978975,-51.91997947886512,-0.04911438599285184,nan,54.040000000000006
YIELD,0.0,55.00085181077236,-54.54726336102088,-1.5720301333239484,NO_PATH,0.0,0.0,49.59031960978975,-51.91997947886512,-0.04911438599285184,nan,54.06
YIELD,0.0,55.00085181077236,-54.54726336102088,-1.5720301333239484,NO_PATH,0.0,0.0,49.59031960978975,-51.91997947886512,-0.04911438599285184,nan,54.080000000000005
YIELD,0.0,55.00085181077236,-54.54726336102088,-1.5720301333239484,NO_PATH,0.0,0.0,49.59031960978975,-51.91997947886512,-0.04911438599285184,nan,54.1
YIELD,0.0,55.00085181077236,-54.54726336102088,-1.5720301333239484,NO_PATH,0.0,0.0,49.59031960978975,-51.91997947886512,-0.04911438599285184,nan,54.120000000000005
YIELD,0.0,55.00085181077236,-54.54726336102088,-1.5720301333239484,NO_PATH,0.0,0.0,49.59031960978975,-51.91997947886512,-0.04911438599285184,nan,54.14
YIELD,0.0,55.00085181077236,-54.54726336102088,-1.5720301333239484,NO_PATH,0.0,0.0,49.59031960978975,-51.91997947886512,-0.04911438599285184,nan,54.160000000000004
YIELD,0.0,55.00085181077236,-54.54726336102088,-1.5720301333239484,NO_PATH,0.0,0.0,49.59031960978975,-51.91997947886512,-0.04911438599285184,nan,54.18000000000001
YIELD,0.0,55.00085181077236,-54.54726336102088,-1.5720301333239484,NO_PATH,0.0,0.0,49.59031960978975,-51.91997947886512,-0.04911438599285184,nan,54.2
YIELD,0.0,55.00085181077236,-54.54726336102088,-1.5720301333239484,NO_PATH,0.0,0.0,49.59031960978975,-51.91997947886512,-0.04911438599285184,nan,54.220000000000006
YIELD,0.0,55.00085181077236,-54.54726336102088,-1.5720301333239484,NO_PATH,0.0,0.0,49.59031960978975,-51.91997947886512,-0.04911438599285184,nan,54.24
YIELD,0.0,55.00085181077236,-54.54726336102088,-1.5720301333239484,NO_PATH,0.0,0.0,49.59031960978975,-51.91997947886512,-0.04911438599285184,nan,54.260000000000005
YIELD,0.0,55.00085181077236,-54.54726336102088,-1.5720301333239484,NO_PATH,0.0,0.0,49.59031960978975,-51.91997947886512,-0.04911438599285184,nan,54.28
YIELD,0.0,55.00085181077236,-54.54726336102088,-1.5720301333239484,NO_PATH,0.0,0.0,49.59031960978975,-51.91997947886512,-0.04911438599285184,nan,54.300000000000004
YIELD,0.0,55.00085181077236,-54.54726336102088,-1.5720301333239484,NO_PATH,0.0,0.0,49.59031960978975,-51.91997947886512,-0.04911438599285184,nan,54.32
YIELD,0.0,55.00085181077236,-54.54726336102088,-1.5720301333239484,NO_PATH,0.0,0.0,49.59031960978975,-51.91997947886512,-0.04911438599285184,nan,54.34
YIELD,0.0,55.00085181077236,-54.54726336102088,-1.5720301333239484,NO_PATH,0.0,0.0,49.59031960978975,-51.91997947886512,-0.04911438599285184,nan,54.36000000000001
YIELD,0.0,55.00085181077236,-54.54726336102088,-1.5720301333239484,NO_PATH,0.0,0.0,49.59031960978975,-51.91997947886512,-0.04911438599285184,nan,54.38
YIELD,0.0,55.00085181077236,-54.54726336102088,-1.5720301333239484,NO_PATH,0.0,0.0,49.59031960978975,-51.91997947886512,-0.04911438599285184,nan,54.400000000000006
YIELD,0.0,55.00085181077236,-54.54726336102088,-1.5720301333239484,NO_PATH,0.0,0.0,49.59031960978975,-51.91997947886512,-0.04911438599285184,nan,54.42
YIELD,0.0,55.00085181077236,-54.54726336102088,-1.5720301333239484,NO_PATH,0.0,0.0,49.59031960978975,-51.91997947886512,-0.04911438599285184,nan,54.440000000000005
YIELD,0.0,55.00085181077236,-54.54726336102088,-1.5720301333239484,NO_PATH,0.0,0.0,49.59031960978975,-51.91997947886512,-0.04911438599285184,nan,54.46
YIELD,0.0,55.00085181077236,-54.54726336102088,-1.5720301333239484,NO_PATH,0.0,0.0,49.59031960978975,-51.91997947886512,-0.04911438599285184,nan,54.480000000000004
YIELD,0.0,55.00085181077236,-54.54726336102088,-1.5720301333239484,NO_PATH,0.0,0.0,49.59031960978975,-51.91997947886512,-0.04911438599285184,nan,54.5
YIELD,0.0,55.00085181077236,-54.54726336102088,-1.5720301333239484,NO_PATH,0.0,0.0,49.59031960978975,-51.91997947886512,-0.04911438599285184,nan,54.52
YIELD,0.0,55.00085181077236,-54.54726336102088,-1.5720301333239484,NO_PATH,0.0,0.0,49.59031960978975,-51.91997947886512,-0.04911438599285184,nan,54.540000000000006
YIELD,0.0,55.00085181077236,-54.54726336102088,-1.5720301333239484,NO_PATH,0.0,0.0,49.59031960978975,-51.91997947886512,-0.04911438599285184,nan,54.56
YIELD,0.0,55.00085181077236,-54.54726336102088,-1.5720301333239484,NO_PATH,0.0,0.0,49.59031960978975,-51.91997947886512,-0.04911438599285184,nan,54.580000000000005
YIELD,0.0,55.00085181077236,-54.54726336102088,-1.5720301333239484,NO_PATH,0.0,0.0,49.59031960978975,-51.91997947886512,-0.04911438599285184,nan,54.6
YIELD,0.0,55.00085181077236,-54.54726336102088,-1.5720301333239484,NO_PATH,0.0,0.0,49.59031960978975,-51.91997947886512,-0.04911438599285184,nan,54.620000000000005
YIELD,0.0,55.00085181077236,-54.54726336102088,-1.5720301333239484,NO_PATH,0.0,0.0,49.59031960978975,-51.91997947886512,-0.04911438599285184,nan,54.64
YIELD,0.0,55.00085181077236,-54.54726336102088,-1.5720301333239484,NO_PATH,0.0,0.0,49.59031960978975,-51.91997947886512,-0.04911438599285184,nan,54.660000000000004
YIELD,0.0,55.00085181077236,-54.54726336102088,-1.5720301333239484,NO_PATH,0.0,0.0,49.59031960978975,-51.91997947886512,-0.04911438599285184,nan,54.68000000000001
YIELD,0.0,55.00085181077236,-54.54726336102088,-1.5720301333239484,NO_PATH,0.0,0.0,49.59031960978975,-51.91997947886512,-0.04911438599285184,nan,54.7
YIELD,0.0,55.00085181077236,-54.54726336102088,-1.5720301333239484,NO_PATH,0.0,0.0,49.59031960978975,-51.91997947886512,-0.04911438599285184,nan,54.720000000000006
YIELD,0.0,55.00085181077236,-54.54726336102088,-1.5720301333239484,NO_PATH,0.0,0.0,49.59031960978975,-51.91997947886512,-0.04911438599285184,nan,54.74
YIELD,0.0,55.00085181077236,-54.54726336102088,-1.5720301333239484,NO_PATH,0.0,0.0,49.59031960978975,-51.91997947886512,-0.04911438599285184,nan,54.760000000000005
YIELD,0.0,55.00085181077236,-54.54726336102088,-1.5720301333239484,NO_PATH,0.0,0.0,49.59031960978975,-51.91997947886512,-0.04911438599285184,nan,54.78
YIELD,0.0,55.00085181077236,-54.54726336102088,-1.5720301333239484,NO_PATH,0.0,0.0,49.59031960978975,-51.91997947886512,-0.04911438599285184,nan,54.800000000000004
YIELD,0.0,55.00085181077236,-54.54726336102088,-1.5720301333239484,NO_PATH,0.0,0.0,49.59031960978975,-51.91997947886512,-0.04911438599285184,nan,54.82
YIELD,0.0,55.00085181077236,-54.54726336102088,-1.5720301333239484,NO_PATH,0.0,0.0,49.59031960978975,-51.91997947886512,-0.04911438599285184,nan,54.84
YIELD,0.0,55.00085181077236,-54.54726336102088,-1.5720301333239484,NO_PATH,0.0,0.0,49.59031960978975,-51.91997947886512,-0.04911438599285184,nan,54.86000000000001
YIELD,0.0,55.00085181077236,-54.54726336102088,-1.5720301333239484,NO_PATH,0.0,0.0,49.59031960978975,-51.91997947886512,-0.04911438599285184,nan,54.88
YIELD,0.0,55.00085181077236,-54.54726336102088,-1.5720301333239484,NO_PATH,0.0,0.0,49.59031960978975,-51.91997947886512,-0.04911438599285184,nan,54.901
YIELD,0.0,55.00085181077236,-54.54726336102088,-1.5720301333239484,NO_PATH,0.0,0.0,49.59031960978975,-51.91997947886512,-0.04911438599285184,nan,54.92
YIELD,0.0,55.00085181077236,-54.54726336102088,-1.5720301333239484,NO_PATH,0.0,0.0,49.59031960978975,-51.91997947886512,-0.04911438599285184,nan,54.940000000000005
YIELD,0.0,55.00085181077236,-54.54726336102088,-1.5720301333239484,NO_PATH,0.0,0.0,49.59031960978975,-51.91997947886512,-0.04911438599285184,nan,54.96
YIELD,0.0,55.00085181077236,-54.54726336102088,-1.5720301333239484,NO_PATH,0.0,0.0,49.59031960978975,-51.91997947886512,-0.04911438599285184,nan,54.980000000000004
YIELD,0.0,55.00085181077236,-54.54726336102088,-1.5720301333239484,NO_PATH,0.0,0.0,49.59031960978975,-51.91997947886512,-0.04911438599285184,nan,55.0
YIELD,0.0,55.00085181077236,-54.54726336102088,-1.5720301333239484,NO_PATH,0.0,0.0,49.59031960978975,-51.91997947886512,-0.04911438599285184,nan,55.02
YIELD,0.0,55.00085181077236,-54.54726336102088,-1.5720301333239484,NO_PATH,0.0,0.0,49.59031960978975,-51.91997947886512,-0.04911438599285184,nan,55.040000000000006
YIELD,0.0,55.00085181077236,-54.54726336102088,-1.5720301333239484,NO_PATH,0.0,0.0,49.59031960978975,-51.91997947886512,-0.04911438599285184,nan,55.06
YIELD,0.0,55.00085181077236,-54.54726336102088,-1.5720301333239484,NO_PATH,0.0,0.0,49.59031960978975,-51.91997947886512,-0.04911438599285184,nan,55.080000000000005
YIELD,0.0,55.00085181077236,-54.54726336102088,-1.5720301333239484,NO_PATH,0.0,0.0,49.59031960978975,-51.91997947886512,-0.04911438599285184,nan,55.1
YIELD,0.0,55.00085181077236,-54.54726336102088,-1.5720301333239484,NO_PATH,0.0,0.0,49.59031960978975,-51.91997947886512,-0.04911438599285184,nan,55.120000000000005
YIELD,0.0,55.00085181077236,-54.54726336102088,-1.5720301333239484,NO_PATH,0.0,0.0,49.59031960978975,-51.91997947886512,-0.04911438599285184,nan,55.14
YIELD,0.0,55.00085181077236,-54.54726336102088,-1.5720301333239484,NO_PATH,0.0,0.0,49.59031960978975,-51.91997947886512,-0.04911438599285184,nan,55.160000000000004
YIELD,0.0,55.00085181077236,-54.54726336102088,-1.5720301333239484,NO_PATH,0.0,0.0,49.59031960978975,-51.91997947886512,-0.04911438599285184,nan,55.18000000000001
YIELD,0.0,55.00085181077236,-54.54726336102088,-1.5720301333239484,NO_PATH,0.0,0.0,49.59031960978975,-51.91997947886512,-0.04911438599285184,nan,55.2
YIELD,0.0,55.00085181077236,-54.54726336102088,-1.5720301333239484,NO_PATH,0.0,0.0,49.59031960978975,-51.91997947886512,-0.04911438599285184,nan,55.220000000000006
YIELD,0.0,55.00085181077236,-54.54726336102088,-1.5720301333239484,NO_PATH,0.0,0.0,49.59031960978975,-51.91997947886512,-0.04911438599285184,nan,55.24
YIELD,0.0,55.00085181077236,-54.54726336102088,-1.5720301333239484,NO_PATH,0.0,0.0,49.59031960978975,-51.91997947886512,-0.04911438599285184,nan,55.261
YIELD,0.0,55.00085181077236,-54.54726336102088,-1.5720301333239484,NO_PATH,0.0,0.0,49.59031960978975,-51.91997947886512,-0.04911438599285184,nan,55.28
YIELD,0.0,55.00085181077236,-54.54726336102088,-1.5720301333239484,NO_PATH,0.0,0.0,49.59031960978975,-51.91997947886512,-0.04911438599285184,nan,55.300000000000004
YIELD,0.0,55.00085181077236,-54.54726336102088,-1.5720301333239484,NO_PATH,0.0,0.0,49.59031960978975,-51.91997947886512,-0.04911438599285184,nan,55.32
YIELD,0.0,55.00085181077236,-54.54726336102088,-1.5720301333239484,NO_PATH,0.0,0.0,49.59031960978975,-51.91997947886512,-0.04911438599285184,nan,55.34
YIELD,0.0,55.00085181077236,-54.54726336102088,-1.5720301333239484,NO_PATH,0.0,0.0,49.59031960978975,-51.91997947886512,-0.04911438599285184,nan,55.36000000000001
YIELD,0.0,55.00085181077236,-54.54726336102088,-1.5720301333239484,NO_PATH,0.0,0.0,49.59031960978975,-51.91997947886512,-0.04911438599285184,nan,55.381
YIELD,0.0,55.00085181077236,-54.54726336102088,-1.5720301333239484,NO_PATH,0.0,0.0,49.59031960978975,-51.91997947886512,-0.04911438599285184,nan,55.400000000000006
YIELD,0.0,55.00085181077236,-54.54726336102088,-1.5720301333239484,NO_PATH,0.0,0.0,49.59031960978975,-51.91997947886512,-0.04911438599285184,nan,55.42
YIELD,0.0,55.00085181077236,-54.54726336102088,-1.5720301333239484,NO_PATH,0.0,0.0,49.59031960978975,-51.91997947886512,-0.04911438599285184,nan,55.440000000000005
YIELD,0.0,55.00085181077236,-54.54726336102088,-1.5720301333239484,NO_PATH,0.0,0.0,49.59031960978975,-51.91997947886512,-0.04911438599285184,nan,55.46
YIELD,0.0,55.00085181077236,-54.54726336102088,-1.5720301333239484,NO_PATH,0.0,0.0,49.59031960978975,-51.91997947886512,-0.04911438599285184,nan,55.480000000000004
YIELD,0.0,55.00085181077236,-54.54726336102088,-1.5720301333239484,NO_PATH,0.0,0.0,49.59031960978975,-51.91997947886512,-0.04911438599285184,nan,55.5
YIELD,0.0,55.00085181077236,-54.54726336102088,-1.5720301333239484,NO_PATH,0.0,0.0,49.59031960978975,-51.91997947886512,-0.04911438599285184,nan,55.52
YIELD,0.0,55.00085181077236,-54.54726336102088,-1.5720301333239484,NO_PATH,0.0,0.0,49.59031960978975,-51.91997947886512,-0.04911438599285184,nan,55.540000000000006
YIELD,0.0,55.00085181077236,-54.54726336102088,-1.5720301333239484,NO_PATH,0.0,0.0,49.59031960978975,-51.91997947886512,-0.04911438599285184,nan,55.56
YIELD,0.0,55.00085181077236,-54.54726336102088,-1.5720301333239484,NO_PATH,0.0,0.0,49.59031960978975,-51.91997947886512,-0.04911438599285184,nan,55.580000000000005
YIELD,0.0,55.00085181077236,-54.54726336102088,-1.5720301333239484,NO_PATH,0.0,0.0,49.59031960978975,-51.91997947886512,-0.04911438599285184,nan,55.6
YIELD,0.0,55.00085181077236,-54.54726336102088,-1.5720301333239484,NO_PATH,0.0,0.0,49.59031960978975,-51.91997947886512,-0.04911438599285184,nan,55.620000000000005
YIELD,0.0,55.00085181077236,-54.54726336102088,-1.5720301333239484,NO_PATH,0.0,0.0,49.59031960978975,-51.91997947886512,-0.04911438599285184,nan,55.64
YIELD,0.0,55.00085181077236,-54.54726336102088,-1.5720301333239484,NO_PATH,0.0,0.0,49.59031960978975,-51.91997947886512,-0.04911438599285184,nan,55.660000000000004
YIELD,0.0,55.00085181077236,-54.54726336102088,-1.5720301333239484,NO_PATH,0.0,0.0,49.59031960978975,-51.91997947886512,-0.04911438599285184,nan,55.68000000000001
YIELD,0.0,55.00085181077236,-54.54726336102088,-1.5720301333239484,NO_PATH,0.0,0.0,49.59031960978975,-51.91997947886512,-0.04911438599285184,nan,55.7
YIELD,0.0,55.00085181077236,-54.54726336102088,-1.5720301333239484,NO_PATH,0.0,0.0,49.59031960978975,-51.91997947886512,-0.04911438599285184,nan,55.720000000000006
YIELD,0.0,55.00085181077236,-54.54726336102088,-1.5720301333239484,NO_PATH,0.0,0.0,49.59031960978975,-51.91997947886512,-0.04911438599285184,nan,55.74
YIELD,0.0,55.00085181077236,-54.54726336102088,-1.5720301333239484,NO_PATH,0.0,0.0,49.59031960978975,-51.91997947886512,-0.04911438599285184,nan,55.760000000000005
YIELD,0.0,55.00085181077236,-54.54726336102088,-1.5720301333239484,NO_PATH,0.0,0.0,49.59031960978975,-51.91997947886512,-0.04911438599285184,nan,55.78
YIELD,0.0,55.00085181077236,-54.54726336102088,-1.5720301333239484,NO_PATH,0.0,0.0,49.59031960978975,-51.91997947886512,-0.04911438599285184,nan,55.800000000000004
YIELD,0.0,55.00085181077236,-54.54726336102088,-1.5720301333239484,NO_PATH,0.0,0.0,49.59031960978975,-51.91997947886512,-0.04911438599285184,nan,55.821000000000005
YIELD,0.0,55.00085181077236,-54.54726336102088,-1.5720301333239484,NO_PATH,0.0,0.0,49.59031960978975,-51.91997947886512,-0.04911438599285184,nan,55.84
YIELD,0.0,55.00085181077236,-54.54726336102088,-1.5720301333239484,NO_PATH,0.0,0.0,49.59031960978975,-51.91997947886512,-0.04911438599285184,nan,55.86000000000001
YIELD,0.0,55.00085181077236,-54.54726336102088,-1.5720301333239484,NO_PATH,0.0,0.0,49.59031960978975,-51.91997947886512,-0.04911438599285184,nan,55.88
YIELD,0.0,55.00085181077236,-54.54726336102088,-1.5720301333239484,NO_PATH,0.0,0.0,49.59031960978975,-51.91997947886512,-0.04911438599285184,nan,55.900000000000006
YIELD,0.0,55.00085181077236,-54.54726336102088,-1.5720301333239484,NO_PATH,0.0,0.0,49.59031960978975,-51.91997947886512,-0.04911438599285184,nan,55.92
YIELD,0.0,55.00085181077236,-54.54726336102088,-1.5720301333239484,NO_PATH,0.0,0.0,49.59031960978975,-51.91997947886512,-0.04911438599285184,nan,55.940000000000005
YIELD,0.0,55.00085181077236,-54.54726336102088,-1.5720301333239484,NO_PATH,0.0,0.0,49.59031960978975,-51.91997947886512,-0.04911438599285184,nan,55.96
YIELD,0.0,55.00085181077236,-54.54726336102088,-1.5720301333239484,NO_PATH,0.0,0.0,49.59031960978975,-51.91997947886512,-0.04911438599285184,nan,55.980000000000004
YIELD,0.0,55.00085181077236,-54.54726336102088,-1.5720301333239484,NO_PATH,0.0,0.0,49.59031960978975,-51.91997947886512,-0.04911438599285184,nan,56.0
YIELD,0.0,55.00085181077236,-54.54726336102088,-1.5720301333239484,NO_PATH,0.0,0.0,49.59031960978975,-51.91997947886512,-0.04911438599285184,nan,56.02
YIELD,0.0,55.00085181077236,-54.54726336102088,-1.5720301333239484,NO_PATH,0.0,0.0,49.59031960978975,-51.91997947886512,-0.04911438599285184,nan,56.040000000000006
YIELD,0.0,55.00085181077236,-54.54726336102088,-1.5720301333239484,NO_PATH,0.0,0.0,49.59031960978975,-51.91997947886512,-0.04911438599285184,nan,56.06
YIELD,0.0,55.00085181077236,-54.54726336102088,-1.5720301333239484,NO_PATH,0.0,0.0,49.59031960978975,-51.91997947886512,-0.04911438599285184,nan,56.080000000000005
YIELD,0.0,55.00085181077236,-54.54726336102088,-1.5720301333239484,NO_PATH,0.0,0.0,49.59031960978975,-51.91997947886512,-0.04911438599285184,nan,56.1
YIELD,0.0,55.00085181077236,-54.54726336102088,-1.5720301333239484,NO_PATH,0.0,0.0,49.59031960978975,-51.91997947886512,-0.04911438599285184,nan,56.120000000000005
YIELD,0.0,55.00085181077236,-54.54726336102088,-1.5720301333239484,NO_PATH,0.0,0.0,49.59031960978975,-51.91997947886512,-0.04911438599285184,nan,56.14
YIELD,0.0,55.00085181077236,-54.54726336102088,-1.5720301333239484,NO_PATH,0.0,0.0,49.59031960978975,-51.91997947886512,-0.04911438599285184,nan,56.160000000000004
YIELD,0.0,55.00085181077236,-54.54726336102088,-1.5720301333239484,NO_PATH,0.0,0.0,49.59031960978975,-51.91997947886512,-0.04911438599285184,nan,56.18000000000001
YIELD,0.0,55.00085181077236,-54.54726336102088,-1.5720301333239484,NO_PATH,0.0,0.0,49.59031960978975,-51.91997947886512,-0.04911438599285184,nan,56.2
YIELD,0.0,55.00085181077236,-54.54726336102088,-1.5720301333239484,NO_PATH,0.0,0.0,49.59031960978975,-51.91997947886512,-0.04911438599285184,nan,56.220000000000006
YIELD,0.0,55.00085181077236,-54.54726336102088,-1.5720301333239484,NO_PATH,0.0,0.0,49.59031960978975,-51.91997947886512,-0.04911438599285184,nan,56.24
YIELD,0.0,55.00085181077236,-54.54726336102088,-1.5720301333239484,NO_PATH,0.0,0.0,49.59031960978975,-51.91997947886512,-0.04911438599285184,nan,56.260000000000005
YIELD,0.0,55.00085181077236,-54.54726336102088,-1.5720301333239484,NO_PATH,0.0,0.0,49.59031960978975,-51.91997947886512,-0.04911438599285184,nan,56.28
YIELD,0.0,55.00085181077236,-54.54726336102088,-1.5720301333239484,NO_PATH,0.0,0.0,49.59031960978975,-51.91997947886512,-0.04911438599285184,nan,56.301
YIELD,0.0,55.00085181077236,-54.54726336102088,-1.5720301333239484,NO_PATH,0.0,0.0,49.59031960978975,-51.91997947886512,-0.04911438599285184,nan,56.32
YIELD,0.0,55.00085181077236,-54.54726336102088,-1.5720301333239484,NO_PATH,0.0,0.0,49.59031960978975,-51.91997947886512,-0.04911438599285184,nan,56.34
YIELD,0.0,55.00085181077236,-54.54726336102088,-1.5720301333239484,NO_PATH,0.0,0.0,49.59031960978975,-51.91997947886512,-0.04911438599285184,nan,56.36000000000001
YIELD,0.0,55.00085181077236,-54.54726336102088,-1.5720301333239484,NO_PATH,0.0,0.0,49.59031960978975,-51.91997947886512,-0.04911438599285184,nan,56.38
YIELD,0.0,55.00085181077236,-54.54726336102088,-1.5720301333239484,NO_PATH,0.0,0.0,49.59031960978975,-51.91997947886512,-0.04911438599285184,nan,56.400000000000006
YIELD,0.0,55.00085181077236,-54.54726336102088,-1.5720301333239484,NO_PATH,0.0,0.0,49.59031960978975,-51.91997947886512,-0.04911438599285184,nan,56.42
YIELD,0.0,55.00085181077236,-54.54726336102088,-1.5720301333239484,NO_PATH,0.0,0.0,49.59031960978975,-51.91997947886512,-0.04911438599285184,nan,56.440000000000005
YIELD,0.0,55.00085181077236,-54.54726336102088,-1.5720301333239484,NO_PATH,0.0,0.0,49.59031960978975,-51.91997947886512,-0.04911438599285184,nan,56.46
YIELD,0.0,55.00085181077236,-54.54726336102088,-1.5720301333239484,NO_PATH,0.0,0.0,49.59031960978975,-51.91997947886512,-0.04911438599285184,nan,56.480000000000004
YIELD,0.0,55.00085181077236,-54.54726336102088,-1.5720301333239484,NO_PATH,0.0,0.0,49.59031960978975,-51.91997947886512,-0.04911438599285184,nan,56.5
YIELD,0.0,55.00085181077236,-54.54726336102088,-1.5720301333239484,NO_PATH,0.0,0.0,49.59031960978975,-51.91997947886512,-0.04911438599285184,nan,56.52
YIELD,0.0,55.00085181077236,-54.54726336102088,-1.5720301333239484,NO_PATH,0.0,0.0,49.59031960978975,-51.91997947886512,-0.04911438599285184,nan,56.540000000000006
YIELD,0.0,55.00085181077236,-54.54726336102088,-1.5720301333239484,NO_PATH,0.0,0.0,49.59031960978975,-51.91997947886512,-0.04911438599285184,nan,56.56
YIELD,0.0,55.00085181077236,-54.54726336102088,-1.5720301333239484,NO_PATH,0.0,0.0,49.59031960978975,-51.91997947886512,-0.04911438599285184,nan,56.580000000000005
YIELD,0.0,55.00085181077236,-54.54726336102088,-1.5720301333239484,NO_PATH,0.0,0.0,49.59031960978975,-51.91997947886512,-0.04911438599285184,nan,56.6
YIELD,0.0,55.00085181077236,-54.54726336102088,-1.5720301333239484,NO_PATH,0.0,0.0,49.59031960978975,-51.91997947886512,-0.04911438599285184,nan,56.62200000000001
YIELD,0.0,55.00085181077236,-54.54726336102088,-1.5720301333239484,NO_PATH,0.0,0.0,49.59031960978975,-51.91997947886512,-0.04911438599285184,nan,56.64
YIELD,0.0,55.00085181077236,-54.54726336102088,-1.5720301333239484,NO_PATH,0.0,0.0,49.59031960978975,-51.91997947886512,-0.04911438599285184,nan,56.660000000000004
YIELD,0.0,55.00085181077236,-54.54726336102088,-1.5720301333239484,NO_PATH,0.0,0.0,49.59031960978975,-51.91997947886512,-0.04911438599285184,nan,56.68000000000001
YIELD,0.0,55.00085181077236,-54.54726336102088,-1.5720301333239484,NO_PATH,0.0,0.0,49.59031960978975,-51.91997947886512,-0.04911438599285184,nan,56.7
YIELD,0.0,55.00085181077236,-54.54726336102088,-1.5720301333239484,NO_PATH,0.0,0.0,49.59031960978975,-51.91997947886512,-0.04911438599285184,nan,56.720000000000006
YIELD,0.0,55.00085181077236,-54.54726336102088,-1.5720301333239484,NO_PATH,0.0,0.0,49.59031960978975,-51.91997947886512,-0.04911438599285184,nan,56.74
YIELD,0.0,55.00085181077236,-54.54726336102088,-1.5720301333239484,NO_PATH,0.0,0.0,49.59031960978975,-51.91997947886512,-0.04911438599285184,nan,56.760000000000005
YIELD,0.0,55.00085181077236,-54.54726336102088,-1.5720301333239484,NO_PATH,0.0,0.0,49.59031960978975,-51.91997947886512,-0.04911438599285184,nan,56.78
YIELD,0.0,55.00085181077236,-54.54726336102088,-1.5720301333239484,NO_PATH,0.0,0.0,49.59031960978975,-51.91997947886512,-0.04911438599285184,nan,56.80200000000001
YIELD,0.0,55.00085181077236,-54.54726336102088,-1.5720301333239484,NO_PATH,0.0,0.0,49.59031960978975,-51.91997947886512,-0.04911438599285184,nan,56.82
YIELD,0.0,55.00085181077236,-54.54726336102088,-1.5720301333239484,NO_PATH,0.0,0.0,49.59031960978975,-51.91997947886512,-0.04911438599285184,nan,56.84
YIELD,0.0,55.00085181077236,-54.54726336102088,-1.5720301333239484,NO_PATH,0.0,0.0,49.59031960978975,-51.91997947886512,-0.04911438599285184,nan,56.86000000000001
YIELD,0.0,55.00085181077236,-54.54726336102088,-1.5720301333239484,NO_PATH,0.0,0.0,49.59031960978975,-51.91997947886512,-0.04911438599285184,nan,56.88
YIELD,0.0,55.00085181077236,-54.54726336102088,-1.5720301333239484,NO_PATH,0.0,0.0,49.59031960978975,-51.91997947886512,-0.04911438599285184,nan,56.900000000000006
YIELD,0.0,55.00085181077236,-54.54726336102088,-1.5720301333239484,NO_PATH,0.0,0.0,49.59031960978975,-51.91997947886512,-0.04911438599285184,nan,56.92
YIELD,0.0,55.00085181077236,-54.54726336102088,-1.5720301333239484,NO_PATH,0.0,0.0,49.59031960978975,-51.91997947886512,-0.04911438599285184,nan,56.940000000000005
YIELD,0.0,55.00085181077236,-54.54726336102088,-1.5720301333239484,NO_PATH,0.0,0.0,49.59031960978975,-51.91997947886512,-0.04911438599285184,nan,56.96
YIELD,0.0,55.00085181077236,-54.54726336102088,-1.5720301333239484,NO_PATH,0.0,0.0,49.59031960978975,-51.91997947886512,-0.04911438599285184,nan,56.980000000000004
YIELD,0.0,55.00085181077236,-54.54726336102088,-1.5720301333239484,NO_PATH,0.0,0.0,49.59031960978975,-51.91997947886512,-0.04911438599285184,nan,57.0
YIELD,0.0,55.00085181077236,-54.54726336102088,-1.5720301333239484,NO_PATH,0.0,0.0,49.59031960978975,-51.91997947886512,-0.04911438599285184,nan,57.02
YIELD,0.0,55.00085181077236,-54.54726336102088,-1.5720301333239484,NO_PATH,0.0,0.0,49.59031960978975,-51.91997947886512,-0.04911438599285184,nan,57.040000000000006
YIELD,0.0,55.00085181077236,-54.54726336102088,-1.5720301333239484,NO_PATH,0.0,0.0,49.59031960978975,-51.91997947886512,-0.04911438599285184,nan,57.06100000000001
YIELD,0.0,55.00085181077236,-54.54726336102088,-1.5720301333239484,NO_PATH,0.0,0.0,49.59031960978975,-51.91997947886512,-0.04911438599285184,nan,57.081
YIELD,0.0,55.00085181077236,-54.54726336102088,-1.5720301333239484,NO_PATH,0.0,0.0,49.59031960978975,-51.91997947886512,-0.04911438599285184,nan,57.1
YIELD,0.0,55.00085181077236,-54.54726336102088,-1.5720301333239484,NO_PATH,0.0,0.0,49.59031960978975,-51.91997947886512,-0.04911438599285184,nan,57.120000000000005
YIELD,0.0,55.00085181077236,-54.54726336102088,-1.5720301333239484,NO_PATH,0.0,0.0,49.59031960978975,-51.91997947886512,-0.04911438599285184,nan,57.14
YIELD,0.0,55.00085181077236,-54.54726336102088,-1.5720301333239484,NO_PATH,0.0,0.0,49.59031960978975,-51.91997947886512,-0.04911438599285184,nan,57.160000000000004
YIELD,0.0,55.00085181077236,-54.54726336102088,-1.5720301333239484,NO_PATH,0.0,0.0,49.59031960978975,-51.91997947886512,-0.04911438599285184,nan,57.18000000000001
YIELD,0.0,55.00085181077236,-54.54726336102088,-1.5720301333239484,NO_PATH,0.0,0.0,49.59031960978975,-51.91997947886512,-0.04911438599285184,nan,57.2
YIELD,0.0,55.00085181077236,-54.54726336102088,-1.5720301333239484,NO_PATH,0.0,0.0,49.59031960978975,-51.91997947886512,-0.04911438599285184,nan,57.220000000000006
YIELD,0.0,55.00085181077236,-54.54726336102088,-1.5720301333239484,NO_PATH,0.0,0.0,49.59031960978975,-51.91997947886512,-0.04911438599285184,nan,57.24
YIELD,0.0,55.00085181077236,-54.54726336102088,-1.5720301333239484,NO_PATH,0.0,0.0,49.59031960978975,-51.91997947886512,-0.04911438599285184,nan,57.260000000000005
YIELD,0.0,55.00085181077236,-54.54726336102088,-1.5720301333239484,NO_PATH,0.0,0.0,49.59031960978975,-51.91997947886512,-0.04911438599285184,nan,57.28
YIELD,0.0,55.00085181077236,-54.54726336102088,-1.5720301333239484,NO_PATH,0.0,0.0,49.59031960978975,-51.91997947886512,-0.04911438599285184,nan,57.301
YIELD,0.0,55.00085181077236,-54.54726336102088,-1.5720301333239484,NO_PATH,0.0,0.0,49.59031960978975,-51.91997947886512,-0.04911438599285184,nan,57.32
YIELD,0.0,55.00085181077236,-54.54726336102088,-1.5720301333239484,NO_PATH,0.0,0.0,49.59031960978975,-51.91997947886512,-0.04911438599285184,nan,57.34
YIELD,0.0,55.00085181077236,-54.54726336102088,-1.5720301333239484,NO_PATH,0.0,0.0,49.59031960978975,-51.91997947886512,-0.04911438599285184,nan,57.36000000000001
YIELD,0.0,55.00085181077236,-54.54726336102088,-1.5720301333239484,NO_PATH,0.0,0.0,49.59031960978975,-51.91997947886512,-0.04911438599285184,nan,57.38
YIELD,0.0,55.00085181077236,-54.54726336102088,-1.5720301333239484,NO_PATH,0.0,0.0,49.59031960978975,-51.91997947886512,-0.04911438599285184,nan,57.400000000000006
YIELD,0.0,55.00085181077236,-54.54726336102088,-1.5720301333239484,NO_PATH,0.0,0.0,49.59031960978975,-51.91997947886512,-0.04911438599285184,nan,57.42
YIELD,0.0,55.00085181077236,-54.54726336102088,-1.5720301333239484,NO_PATH,0.0,0.0,49.59031960978975,-51.91997947886512,-0.04911438599285184,nan,57.441
YIELD,0.0,55.00085181077236,-54.54726336102088,-1.5720301333239484,NO_PATH,0.0,0.0,49.59031960978975,-51.91997947886512,-0.04911438599285184,nan,57.46
YIELD,0.0,55.00085181077236,-54.54726336102088,-1.5720301333239484,NO_PATH,0.0,0.0,49.59031960978975,-51.91997947886512,-0.04911438599285184,nan,57.480000000000004
YIELD,0.0,55.00085181077236,-54.54726336102088,-1.5720301333239484,NO_PATH,0.0,0.0,49.59031960978975,-51.91997947886512,-0.04911438599285184,nan,57.50000000000001
YIELD,0.0,55.00085181077236,-54.54726336102088,-1.5720301333239484,NO_PATH,0.0,0.0,49.59031960978975,-51.91997947886512,-0.04911438599285184,nan,57.521
YIELD,0.0,55.00085181077236,-54.54726336102088,-1.5720301333239484,NO_PATH,0.0,0.0,49.59031960978975,-51.91997947886512,-0.04911438599285184,nan,57.540000000000006
YIELD,0.0,55.00085181077236,-54.54726336102088,-1.5720301333239484,NO_PATH,0.0,0.0,49.59031960978975,-51.91997947886512,-0.04911438599285184,nan,57.56
YIELD,0.0,55.00085181077236,-54.54726336102088,-1.5720301333239484,NO_PATH,0.0,0.0,49.59031960978975,-51.91997947886512,-0.04911438599285184,nan,57.580000000000005
YIELD,0.0,55.00085181077236,-54.54726336102088,-1.5720301333239484,NO_PATH,0.0,0.0,49.59031960978975,-51.91997947886512,-0.04911438599285184,nan,57.6
YIELD,0.0,55.00085181077236,-54.54726336102088,-1.5720301333239484,NO_PATH,0.0,0.0,49.59031960978975,-51.91997947886512,-0.04911438599285184,nan,57.620000000000005
YIELD,0.0,55.00085181077236,-54.54726336102088,-1.5720301333239484,NO_PATH,0.0,0.0,49.59031960978975,-51.91997947886512,-0.04911438599285184,nan,57.64
YIELD,0.0,55.00085181077236,-54.54726336102088,-1.5720301333239484,NO_PATH,0.0,0.0,49.59031960978975,-51.91997947886512,-0.04911438599285184,nan,57.660000000000004
YIELD,0.0,55.00085181077236,-54.54726336102088,-1.5720301333239484,NO_PATH,0.0,0.0,49.59031960978975,-51.91997947886512,-0.04911438599285184,nan,57.68000000000001
YIELD,0.0,55.00085181077236,-54.54726336102088,-1.5720301333239484,NO_PATH,0.0,0.0,49.59031960978975,-51.91997947886512,-0.04911438599285184,nan,57.7
YIELD,0.0,55.00085181077236,-54.54726336102088,-1.5720301333239484,NO_PATH,0.0,0.0,49.59031960978975,-51.91997947886512,-0.04911438599285184,nan,57.720000000000006
YIELD,0.0,55.00085181077236,-54.54726336102088,-1.5720301333239484,NO_PATH,0.0,0.0,49.59031960978975,-51.91997947886512,-0.04911438599285184,nan,57.74
YIELD,0.0,55.00085181077236,-54.54726336102088,-1.5720301333239484,NO_PATH,0.0,0.0,49.59031960978975,-51.91997947886512,-0.04911438599285184,nan,57.760000000000005
YIELD,0.0,55.00085181077236,-54.54726336102088,-1.5720301333239484,NO_PATH,0.0,0.0,49.59031960978975,-51.91997947886512,-0.04911438599285184,nan,57.78
YIELD,0.0,55.00085181077236,-54.54726336102088,-1.5720301333239484,NO_PATH,0.0,0.0,49.59031960978975,-51.91997947886512,-0.04911438599285184,nan,57.801
YIELD,0.0,55.00085181077236,-54.54726336102088,-1.5720301333239484,NO_PATH,0.0,0.0,49.59031960978975,-51.91997947886512,-0.04911438599285184,nan,57.82
YIELD,0.0,55.00085181077236,-54.54726336102088,-1.5720301333239484,NO_PATH,0.0,0.0,49.59031960978975,-51.91997947886512,-0.04911438599285184,nan,57.84
YIELD,0.0,55.00085181077236,-54.54726336102088,-1.5720301333239484,NO_PATH,0.0,0.0,49.59031960978975,-51.91997947886512,-0.04911438599285184,nan,57.86000000000001
YIELD,0.0,55.00085181077236,-54.54726336102088,-1.5720301333239484,NO_PATH,0.0,0.0,49.59031960978975,-51.91997947886512,-0.04911438599285184,nan,57.88
YIELD,0.0,55.00085181077236,-54.54726336102088,-1.5720301333239484,NO_PATH,0.0,0.0,49.59031960978975,-51.91997947886512,-0.04911438599285184,nan,57.900000000000006
YIELD,0.0,55.00085181077236,-54.54726336102088,-1.5720301333239484,NO_PATH,0.0,0.0,49.59031960978975,-51.91997947886512,-0.04911438599285184,nan,57.92
YIELD,0.0,55.00085181077236,-54.54726336102088,-1.5720301333239484,NO_PATH,0.0,0.0,49.59031960978975,-51.91997947886512,-0.04911438599285184,nan,57.940000000000005
YIELD,0.0,55.00085181077236,-54.54726336102088,-1.5720301333239484,NO_PATH,0.0,0.0,49.59031960978975,-51.91997947886512,-0.04911438599285184,nan,57.96
YIELD,0.0,55.00085181077236,-54.54726336102088,-1.5720301333239484,NO_PATH,0.0,0.0,49.59031960978975,-51.91997947886512,-0.04911438599285184,nan,57.980000000000004
YIELD,0.0,55.00085181077236,-54.54726336102088,-1.5720301333239484,NO_PATH,0.0,0.0,49.59031960978975,-51.91997947886512,-0.04911438599285184,nan,58.00000000000001
YIELD,0.0,55.00085181077236,-54.54726336102088,-1.5720301333239484,NO_PATH,0.0,0.0,49.59031960978975,-51.91997947886512,-0.04911438599285184,nan,58.02
YIELD,0.0,55.00085181077236,-54.54726336102088,-1.5720301333239484,NO_PATH,0.0,0.0,49.59031960978975,-51.91997947886512,-0.04911438599285184,nan,58.040000000000006
YIELD,0.0,55.00085181077236,-54.54726336102088,-1.5720301333239484,NO_PATH,0.0,0.0,49.59031960978975,-51.91997947886512,-0.04911438599285184,nan,58.06
YIELD,0.0,55.00085181077236,-54.54726336102088,-1.5720301333239484,NO_PATH,0.0,0.0,49.59031960978975,-51.91997947886512,-0.04911438599285184,nan,58.080000000000005
YIELD,0.0,55.00085181077236,-54.54726336102088,-1.5720301333239484,NO_PATH,0.0,0.0,49.59031960978975,-51.91997947886512,-0.04911438599285184,nan,58.1
YIELD,0.0,55.00085181077236,-54.54726336102088,-1.5720301333239484,NO_PATH,0.0,0.0,49.59031960978975,-51.91997947886512,-0.04911438599285184,nan,58.120000000000005
YIELD,0.0,55.00085181077236,-54.54726336102088,-1.5720301333239484,NO_PATH,0.0,0.0,49.59031960978975,-51.91997947886512,-0.04911438599285184,nan,58.14
YIELD,0.0,55.00085181077236,-54.54726336102088,-1.5720301333239484,NO_PATH,0.0,0.0,49.59031960978975,-51.91997947886512,-0.04911438599285184,nan,58.161
YIELD,0.0,55.00085181077236,-54.54726336102088,-1.5720301333239484,NO_PATH,0.0,0.0,49.59031960978975,-51.91997947886512,-0.04911438599285184,nan,58.18000000000001
YIELD,0.0,55.00085181077236,-54.54726336102088,-1.5720301333239484,NO_PATH,0.0,0.0,49.59031960978975,-51.91997947886512,-0.04911438599285184,nan,58.2
YIELD,0.0,55.00085181077236,-54.54726336102088,-1.5720301333239484,NO_PATH,0.0,0.0,49.59031960978975,-51.91997947886512,-0.04911438599285184,nan,58.220000000000006
YIELD,0.0,55.00085181077236,-54.54726336102088,-1.5720301333239484,NO_PATH,0.0,0.0,49.59031960978975,-51.91997947886512,-0.04911438599285184,nan,58.24
YIELD,0.0,55.00085181077236,-54.54726336102088,-1.5720301333239484,NO_PATH,0.0,0.0,49.59031960978975,-51.91997947886512,-0.04911438599285184,nan,58.260000000000005
YIELD,0.0,55.00085181077236,-54.54726336102088,-1.5720301333239484,NO_PATH,0.0,0.0,49.59031960978975,-51.91997947886512,-0.04911438599285184,nan,58.28
YIELD,0.0,55.00085181077236,-54.54726336102088,-1.5720301333239484,NO_PATH,0.0,0.0,49.59031960978975,-51.91997947886512,-0.04911438599285184,nan,58.301
YIELD,0.0,55.00085181077236,-54.54726336102088,-1.5720301333239484,NO_PATH,0.0,0.0,49.59031960978975,-51.91997947886512,-0.04911438599285184,nan,58.32
YIELD,0.0,55.00085181077236,-54.54726336102088,-1.5720301333239484,NO_PATH,0.0,0.0,49.59031960978975,-51.91997947886512,-0.04911438599285184,nan,58.34
YIELD,0.0,55.00085181077236,-54.54726336102088,-1.5720301333239484,NO_PATH,0.0,0.0,49.59031960978975,-51.91997947886512,-0.04911438599285184,nan,58.36000000000001
YIELD,0.0,55.00085181077236,-54.54726336102088,-1.5720301333239484,NO_PATH,0.0,0.0,49.59031960978975,-51.91997947886512,-0.04911438599285184,nan,58.38
YIELD,0.0,55.00085181077236,-54.54726336102088,-1.5720301333239484,NO_PATH,0.0,0.0,49.59031960978975,-51.91997947886512,-0.04911438599285184,nan,58.400000000000006
YIELD,0.0,55.00085181077236,-54.54726336102088,-1.5720301333239484,NO_PATH,0.0,0.0,49.59031960978975,-51.91997947886512,-0.04911438599285184,nan,58.42
YIELD,0.0,55.00085181077236,-54.54726336102088,-1.5720301333239484,NO_PATH,0.0,0.0,49.59031960978975,-51.91997947886512,-0.04911438599285184,nan,58.440000000000005
YIELD,0.0,55.00085181077236,-54.54726336102088,-1.5720301333239484,NO_PATH,0.0,0.0,49.59031960978975,-51.91997947886512,-0.04911438599285184,nan,58.46
YIELD,0.0,55.00085181077236,-54.54726336102088,-1.5720301333239484,NO_PATH,0.0,0.0,49.59031960978975,-51.91997947886512,-0.04911438599285184,nan,58.480000000000004
YIELD,0.0,55.00085181077236,-54.54726336102088,-1.5720301333239484,NO_PATH,0.0,0.0,49.59031960978975,-51.91997947886512,-0.04911438599285184,nan,58.50000000000001
YIELD,0.0,55.00085181077236,-54.54726336102088,-1.5720301333239484,NO_PATH,0.0,0.0,49.59031960978975,-51.91997947886512,-0.04911438599285184,nan,58.52
YIELD,0.0,55.00085181077236,-54.54726336102088,-1.5720301333239484,NO_PATH,0.0,0.0,49.59031960978975,-51.91997947886512,-0.04911438599285184,nan,58.540000000000006
YIELD,0.0,55.00085181077236,-54.54726336102088,-1.5720301333239484,NO_PATH,0.0,0.0,49.59031960978975,-51.91997947886512,-0.04911438599285184,nan,58.56
YIELD,0.0,55.00085181077236,-54.54726336102088,-1.5720301333239484,NO_PATH,0.0,0.0,49.59031960978975,-51.91997947886512,-0.04911438599285184,nan,58.580000000000005
YIELD,0.0,55.00085181077236,-54.54726336102088,-1.5720301333239484,NO_PATH,0.0,0.0,49.59031960978975,-51.91997947886512,-0.04911438599285184,nan,58.6
YIELD,0.0,55.00085181077236,-54.54726336102088,-1.5720301333239484,NO_PATH,0.0,0.0,49.59031960978975,-51.91997947886512,-0.04911438599285184,nan,58.620000000000005
YIELD,0.0,55.00085181077236,-54.54726336102088,-1.5720301333239484,NO_PATH,0.0,0.0,49.59031960978975,-51.91997947886512,-0.04911438599285184,nan,58.64
YIELD,0.0,55.00085181077236,-54.54726336102088,-1.5720301333239484,NO_PATH,0.0,0.0,49.59031960978975,-51.91997947886512,-0.04911438599285184,nan,58.660000000000004
YIELD,0.0,55.00085181077236,-54.54726336102088,-1.5720301333239484,NO_PATH,0.0,0.0,49.59031960978975,-51.91997947886512,-0.04911438599285184,nan,58.68000000000001
YIELD,0.0,55.00085181077236,-54.54726336102088,-1.5720301333239484,NO_PATH,0.0,0.0,49.59031960978975,-51.91997947886512,-0.04911438599285184,nan,58.7
YIELD,0.0,55.00085181077236,-54.54726336102088,-1.5720301333239484,NO_PATH,0.0,0.0,49.59031960978975,-51.91997947886512,-0.04911438599285184,nan,58.720000000000006
YIELD,0.0,55.00085181077236,-54.54726336102088,-1.5720301333239484,NO_PATH,0.0,0.0,49.59031960978975,-51.91997947886512,-0.04911438599285184,nan,58.74
YIELD,0.0,55.00085181077236,-54.54726336102088,-1.5720301333239484,NO_PATH,0.0,0.0,49.59031960978975,-51.91997947886512,-0.04911438599285184,nan,58.760000000000005
YIELD,0.0,55.00085181077236,-54.54726336102088,-1.5720301333239484,NO_PATH,0.0,0.0,49.59031960978975,-51.91997947886512,-0.04911438599285184,nan,58.78
YIELD,0.0,55.00085181077236,-54.54726336102088,-1.5720301333239484,NO_PATH,0.0,0.0,49.59031960978975,-51.91997947886512,-0.04911438599285184,nan,58.800000000000004
YIELD,0.0,55.00085181077236,-54.54726336102088,-1.5720301333239484,NO_PATH,0.0,0.0,49.59031960978975,-51.91997947886512,-0.04911438599285184,nan,58.82
YIELD,0.0,55.00085181077236,-54.54726336102088,-1.5720301333239484,NO_PATH,0.0,0.0,49.59031960978975,-51.91997947886512,-0.04911438599285184,nan,58.84
YIELD,0.0,55.00085181077236,-54.54726336102088,-1.5720301333239484,NO_PATH,0.0,0.0,49.59031960978975,-51.91997947886512,-0.04911438599285184,nan,58.86000000000001
YIELD,0.0,55.00085181077236,-54.54726336102088,-1.5720301333239484,NO_PATH,0.0,0.0,49.59031960978975,-51.91997947886512,-0.04911438599285184,nan,58.88
YIELD,0.0,55.00085181077236,-54.54726336102088,-1.5720301333239484,NO_PATH,0.0,0.0,49.59031960978975,-51.91997947886512,-0.04911438599285184,nan,58.900000000000006
YIELD,0.0,55.00085181077236,-54.54726336102088,-1.5720301333239484,NO_PATH,0.0,0.0,49.59031960978975,-51.91997947886512,-0.04911438599285184,nan,58.92
YIELD,0.0,55.00085181077236,-54.54726336102088,-1.5720301333239484,NO_PATH,0.0,0.0,49.59031960978975,-51.91997947886512,-0.04911438599285184,nan,58.940000000000005
YIELD,0.0,55.00085181077236,-54.54726336102088,-1.5720301333239484,NO_PATH,0.0,0.0,49.59031960978975,-51.91997947886512,-0.04911438599285184,nan,58.96
YIELD,0.0,55.00085181077236,-54.54726336102088,-1.5720301333239484,NO_PATH,0.0,0.0,49.59031960978975,-51.91997947886512,-0.04911438599285184,nan,58.980000000000004
YIELD,0.0,55.00085181077236,-54.54726336102088,-1.5720301333239484,NO_PATH,0.0,0.0,49.59031960978975,-51.91997947886512,-0.04911438599285184,nan,59.001000000000005
YIELD,0.0,55.00085181077236,-54.54726336102088,-1.5720301333239484,NO_PATH,0.0,0.0,49.59031960978975,-51.91997947886512,-0.04911438599285184,nan,59.02
YIELD,0.0,55.00085181077236,-54.54726336102088,-1.5720301333239484,NO_PATH,0.0,0.0,49.59031960978975,-51.91997947886512,-0.04911438599285184,nan,59.040000000000006
YIELD,0.0,55.00085181077236,-54.54726336102088,-1.5720301333239484,NO_PATH,0.0,0.0,49.59031960978975,-51.91997947886512,-0.04911438599285184,nan,59.06
YIELD,0.0,55.00085181077236,-54.54726336102088,-1.5720301333239484,NO_PATH,0.0,0.0,49.59031960978975,-51.91997947886512,-0.04911438599285184,nan,59.080000000000005
YIELD,0.0,55.00085181077236,-54.54726336102088,-1.5720301333239484,NO_PATH,0.0,0.0,49.59031960978975,-51.91997947886512,-0.04911438599285184,nan,59.1
YIELD,0.0,55.00085181077236,-54.54726336102088,-1.5720301333239484,NO_PATH,0.0,0.0,49.59031960978975,-51.91997947886512,-0.04911438599285184,nan,59.120000000000005
YIELD,0.0,55.00085181077236,-54.54726336102088,-1.5720301333239484,NO_PATH,0.0,0.0,49.59031960978975,-51.91997947886512,-0.04911438599285184,nan,59.14
YIELD,0.0,55.00085181077236,-54.54726336102088,-1.5720301333239484,NO_PATH,0.0,0.0,49.59031960978975,-51.91997947886512,-0.04911438599285184,nan,59.160000000000004
YIELD,0.0,55.00085181077236,-54.54726336102088,-1.5720301333239484,NO_PATH,0.0,0.0,49.59031960978975,-51.91997947886512,-0.04911438599285184,nan,59.18000000000001
YIELD,0.0,55.00085181077236,-54.54726336102088,-1.5720301333239484,NO_PATH,0.0,0.0,49.59031960978975,-51.91997947886512,-0.04911438599285184,nan,59.2
YIELD,0.0,55.00085181077236,-54.54726336102088,-1.5720301333239484,NO_PATH,0.0,0.0,49.59031960978975,-51.91997947886512,-0.04911438599285184,nan,59.220000000000006
YIELD,0.0,55.00085181077236,-54.54726336102088,-1.5720301333239484,NO_PATH,0.0,0.0,49.59031960978975,-51.91997947886512,-0.04911438599285184,nan,59.24
YIELD,0.0,55.00085181077236,-54.54726336102088,-1.5720301333239484,NO_PATH,0.0,0.0,49.59031960978975,-51.91997947886512,-0.04911438599285184,nan,59.260000000000005
YIELD,0.0,55.00085181077236,-54.54726336102088,-1.5720301333239484,NO_PATH,0.0,0.0,49.59031960978975,-51.91997947886512,-0.04911438599285184,nan,59.28
YIELD,0.0,55.00085181077236,-54.54726336102088,-1.5720301333239484,NO_PATH,0.0,0.0,49.59031960978975,-51.91997947886512,-0.04911438599285184,nan,59.300000000000004
YIELD,0.0,55.00085181077236,-54.54726336102088,-1.5720301333239484,NO_PATH,0.0,0.0,49.59031960978975,-51.91997947886512,-0.04911438599285184,nan,59.32
YIELD,0.0,55.00085181077236,-54.54726336102088,-1.5720301333239484,NO_PATH,0.0,0.0,49.59031960978975,-51.91997947886512,-0.04911438599285184,nan,59.34
YIELD,0.0,55.00085181077236,-54.54726336102088,-1.5720301333239484,NO_PATH,0.0,0.0,49.59031960978975,-51.91997947886512,-0.04911438599285184,nan,59.36000000000001
YIELD,0.0,55.00085181077236,-54.54726336102088,-1.5720301333239484,NO_PATH,0.0,0.0,49.59031960978975,-51.91997947886512,-0.04911438599285184,nan,59.38
YIELD,0.0,55.00085181077236,-54.54726336102088,-1.5720301333239484,NO_PATH,0.0,0.0,49.59031960978975,-51.91997947886512,-0.04911438599285184,nan,59.400000000000006
YIELD,0.0,55.00085181077236,-54.54726336102088,-1.5720301333239484,NO_PATH,0.0,0.0,49.59031960978975,-51.91997947886512,-0.04911438599285184,nan,59.42
YIELD,0.0,55.00085181077236,-54.54726336102088,-1.5720301333239484,NO_PATH,0.0,0.0,49.59031960978975,-51.91997947886512,-0.04911438599285184,nan,59.440000000000005
YIELD,0.0,55.00085181077236,-54.54726336102088,-1.5720301333239484,NO_PATH,0.0,0.0,49.59031960978975,-51.91997947886512,-0.04911438599285184,nan,59.46
YIELD,0.0,55.00085181077236,-54.54726336102088,-1.5720301333239484,NO_PATH,0.0,0.0,49.59031960978975,-51.91997947886512,-0.04911438599285184,nan,59.480000000000004
YIELD,0.0,55.00085181077236,-54.54726336102088,-1.5720301333239484,NO_PATH,0.0,0.0,49.59031960978975,-51.91997947886512,-0.04911438599285184,nan,59.50000000000001
YIELD,0.0,55.00085181077236,-54.54726336102088,-1.5720301333239484,NO_PATH,0.0,0.0,49.59031960978975,-51.91997947886512,-0.04911438599285184,nan,59.52
YIELD,0.0,55.00085181077236,-54.54726336102088,-1.5720301333239484,NO_PATH,0.0,0.0,49.59031960978975,-51.91997947886512,-0.04911438599285184,nan,59.540000000000006
YIELD,0.0,55.00085181077236,-54.54726336102088,-1.5720301333239484,NO_PATH,0.0,0.0,49.59031960978975,-51.91997947886512,-0.04911438599285184,nan,59.56
YIELD,0.0,55.00085181077236,-54.54726336102088,-1.5720301333239484,NO_PATH,0.0,0.0,49.59031960978975,-51.91997947886512,-0.04911438599285184,nan,59.580000000000005
YIELD,0.0,55.00085181077236,-54.54726336102088,-1.5720301333239484,NO_PATH,0.0,0.0,49.59031960978975,-51.91997947886512,-0.04911438599285184,nan,59.6
YIELD,0.0,55.00085181077236,-54.54726336102088,-1.5720301333239484,NO_PATH,0.0,0.0,49.59031960978975,-51.91997947886512,-0.04911438599285184,nan,59.620000000000005
YIELD,0.0,55.00085181077236,-54.54726336102088,-1.5720301333239484,NO_PATH,0.0,0.0,49.59031960978975,-51.91997947886512,-0.04911438599285184,nan,59.64
YIELD,0.0,55.00085181077236,-54.54726336102088,-1.5720301333239484,NO_PATH,0.0,0.0,49.59031960978975,-51.91997947886512,-0.04911438599285184,nan,59.660000000000004
YIELD,0.0,55.00085181077236,-54.54726336102088,-1.5720301333239484,NO_PATH,0.0,0.0,49.59031960978975,-51.91997947886512,-0.04911438599285184,nan,59.68000000000001
YIELD,0.0,55.00085181077236,-54.54726336102088,-1.5720301333239484,NO_PATH,0.0,0.0,49.59031960978975,-51.91997947886512,-0.04911438599285184,nan,59.7
YIELD,0.0,55.00085181077236,-54.54726336102088,-1.5720301333239484,NO_PATH,0.0,0.0,49.59031960978975,-51.91997947886512,-0.04911438599285184,nan,59.720000000000006
YIELD,0.0,55.00085181077236,-54.54726336102088,-1.5720301333239484,NO_PATH,0.0,0.0,49.59031960978975,-51.91997947886512,-0.04911438599285184,nan,59.74
YIELD,0.0,55.00085181077236,-54.54726336102088,-1.5720301333239484,NO_PATH,0.0,0.0,49.59031960978975,-51.91997947886512,-0.04911438599285184,nan,59.760000000000005
YIELD,0.0,55.00085181077236,-54.54726336102088,-1.5720301333239484,NO_PATH,0.0,0.0,49.59031960978975,-51.91997947886512,-0.04911438599285184,nan,59.78
YIELD,0.0,55.00085181077236,-54.54726336102088,-1.5720301333239484,NO_PATH,0.0,0.0,49.59031960978975,-51.91997947886512,-0.04911438599285184,nan,59.800000000000004
YIELD,0.0,55.00085181077236,-54.54726336102088,-1.5720301333239484,NO_PATH,0.0,0.0,49.59031960978975,-51.91997947886512,-0.04911438599285184,nan,59.82
YIELD,0.0,55.00085181077236,-54.54726336102088,-1.5720301333239484,NO_PATH,0.0,0.0,49.59031960978975,-51.91997947886512,-0.04911438599285184,nan,59.84
YIELD,0.0,55.00085181077236,-54.54726336102088,-1.5720301333239484,NO_PATH,0.0,0.0,49.59031960978975,-51.91997947886512,-0.04911438599285184,nan,59.86000000000001
YIELD,0.0,55.00085181077236,-54.54726336102088,-1.5720301333239484,NO_PATH,0.0,0.0,49.59031960978975,-51.91997947886512,-0.04911438599285184,nan,59.88
YIELD,0.0,55.00085181077236,-54.54726336102088,-1.5720301333239484,NO_PATH,0.0,0.0,49.59031960978975,-51.91997947886512,-0.04911438599285184,nan,59.900000000000006
YIELD,0.0,55.00085181077236,-54.54726336102088,-1.5720301333239484,NO_PATH,0.0,0.0,49.59031960978975,-51.91997947886512,-0.04911438599285184,nan,59.92
YIELD,0.0,55.00085181077236,-54.54726336102088,-1.5720301333239484,NO_PATH,0.0,0.0,49.59031960978975,-51.91997947886512,-0.04911438599285184,nan,59.940000000000005
YIELD,0.0,55.00085181077236,-54.54726336102088,-1.5720301333239484,NO_PATH,0.0,0.0,49.59031960978975,-51.91997947886512,-0.04911438599285184,nan,59.96
YIELD,0.0,55.00085181077236,-54.54726336102088,-1.5720301333239484,NO_PATH,0.0,0.0,49.59031960978975,-51.91997947886512,-0.04911438599285184,nan,59.980000000000004
YIELD,0.0,55.00085181077236,-54.54726336102088,-1.5720301333239484,NO_PATH,0.0,0.0,49.59031960978975,-51.91997947886512,-0.04911438599285184,nan,60.00000000000001
YIELD,0.0,55.00085181077236,-54.54726336102088,-1.5720301333239484,NO_PATH,0.0,0.0,49.59031960978975,-51.91997947886512,-0.04911438599285184,nan,60.02
YIELD,0.0,55.00085181077236,-54.54726336102088,-1.5720301333239484,NO_PATH,0.0,0.0,49.59031960978975,-51.91997947886512,-0.04911438599285184,nan,60.040000000000006
YIELD,0.0,55.00085181077236,-54.54726336102088,-1.5720301333239484,NO_PATH,0.0,0.0,49.59031960978975,-51.91997947886512,-0.04911438599285184,nan,60.06
YIELD,0.0,55.00085181077236,-54.54726336102088,-1.5720301333239484,NO_PATH,0.0,0.0,49.59031960978975,-51.91997947886512,-0.04911438599285184,nan,60.080000000000005
YIELD,0.0,55.00085181077236,-54.54726336102088,-1.5720301333239484,NO_PATH,0.0,0.0,49.59031960978975,-51.91997947886512,-0.04911438599285184,nan,60.1
YIELD,0.0,55.00085181077236,-54.54726336102088,-1.5720301333239484,NO_PATH,0.0,0.0,49.59031960978975,-51.91997947886512,-0.04911438599285184,nan,60.120000000000005
YIELD,0.0,55.00085181077236,-54.54726336102088,-1.5720301333239484,NO_PATH,0.0,0.0,49.59031960978975,-51.91997947886512,-0.04911438599285184,nan,60.14
YIELD,0.0,55.00085181077236,-54.54726336102088,-1.5720301333239484,NO_PATH,0.0,0.0,49.59031960978975,-51.91997947886512,-0.04911438599285184,nan,60.160000000000004
YIELD,0.0,55.00085181077236,-54.54726336102088,-1.5720301333239484,NO_PATH,0.0,0.0,49.59031960978975,-51.91997947886512,-0.04911438599285184,nan,60.18000000000001
YIELD,0.0,55.00085181077236,-54.54726336102088,-1.5720301333239484,NO_PATH,0.0,0.0,49.59031960978975,-51.91997947886512,-0.04911438599285184,nan,60.2
YIELD,0.0,55.00085181077236,-54.54726336102088,-1.5720301333239484,NO_PATH,0.0,0.0,49.59031960978975,-51.91997947886512,-0.04911438599285184,nan,60.220000000000006
YIELD,0.0,55.00085181077236,-54.54726336102088,-1.5720301333239484,NO_PATH,0.0,0.0,49.59031960978975,-51.91997947886512,-0.04911438599285184,nan,60.24
YIELD,0.0,55.00085181077236,-54.54726336102088,-1.5720301333239484,NO_PATH,0.0,0.0,49.59031960978975,-51.91997947886512,-0.04911438599285184,nan,60.260000000000005
YIELD,0.0,55.00085181077236,-54.54726336102088,-1.5720301333239484,NO_PATH,0.0,0.0,49.59031960978975,-51.91997947886512,-0.04911438599285184,nan,60.28
YIELD,0.0,55.00085181077236,-54.54726336102088,-1.5720301333239484,NO_PATH,0.0,0.0,49.59031960978975,-51.91997947886512,-0.04911438599285184,nan,60.300000000000004
YIELD,0.0,55.00085181077236,-54.54726336102088,-1.5720301333239484,NO_PATH,0.0,0.0,49.59031960978975,-51.91997947886512,-0.04911438599285184,nan,60.32
YIELD,0.0,55.00085181077236,-54.54726336102088,-1.5720301333239484,NO_PATH,0.0,0.0,49.59031960978975,-51.91997947886512,-0.04911438599285184,nan,60.34
YIELD,0.0,55.00085181077236,-54.54726336102088,-1.5720301333239484,NO_PATH,0.0,0.0,49.59031960978975,-51.91997947886512,-0.04911438599285184,nan,60.36000000000001
YIELD,0.0,55.00085181077236,-54.54726336102088,-1.5720301333239484,NO_PATH,0.0,0.0,49.59031960978975,-51.91997947886512,-0.04911438599285184,nan,60.38
YIELD,0.0,55.00085181077236,-54.54726336102088,-1.5720301333239484,NO_PATH,0.0,0.0,49.59031960978975,-51.91997947886512,-0.04911438599285184,nan,60.400000000000006
YIELD,0.0,55.00085181077236,-54.54726336102088,-1.5720301333239484,NO_PATH,0.0,0.0,49.59031960978975,-51.91997947886512,-0.04911438599285184,nan,60.42
YIELD,0.0,55.00085181077236,-54.54726336102088,-1.5720301333239484,NO_PATH,0.0,0.0,49.59031960978975,-51.91997947886512,-0.04911438599285184,nan,60.440000000000005
YIELD,0.0,55.00085181077236,-54.54726336102088,-1.5720301333239484,NO_PATH,0.0,0.0,49.59031960978975,-51.91997947886512,-0.04911438599285184,nan,60.46
YIELD,0.0,55.00085181077236,-54.54726336102088,-1.5720301333239484,NO_PATH,0.0,0.0,49.59031960978975,-51.91997947886512,-0.04911438599285184,nan,60.480000000000004
YIELD,0.0,55.00085181077236,-54.54726336102088,-1.5720301333239484,NO_PATH,0.0,0.0,49.59031960978975,-51.91997947886512,-0.04911438599285184,nan,60.50000000000001
YIELD,0.0,55.00085181077236,-54.54726336102088,-1.5720301333239484,NO_PATH,0.0,0.0,49.59031960978975,-51.91997947886512,-0.04911438599285184,nan,60.52
YIELD,0.0,55.00085181077236,-54.54726336102088,-1.5720301333239484,NO_PATH,0.0,0.0,49.59031960978975,-51.91997947886512,-0.04911438599285184,nan,60.540000000000006
YIELD,0.0,55.00085181077236,-54.54726336102088,-1.5720301333239484,NO_PATH,0.0,0.0,49.59031960978975,-51.91997947886512,-0.04911438599285184,nan,60.56
YIELD,0.0,55.00085181077236,-54.54726336102088,-1.5720301333239484,NO_PATH,0.0,0.0,49.59031960978975,-51.91997947886512,-0.04911438599285184,nan,60.580000000000005
YIELD,0.0,55.00085181077236,-54.54726336102088,-1.5720301333239484,NO_PATH,0.0,0.0,49.59031960978975,-51.91997947886512,-0.04911438599285184,nan,60.6
YIELD,0.0,55.00085181077236,-54.54726336102088,-1.5720301333239484,NO_PATH,0.0,0.0,49.59031960978975,-51.91997947886512,-0.04911438599285184,nan,60.620000000000005
YIELD,0.0,55.00085181077236,-54.54726336102088,-1.5720301333239484,NO_PATH,0.0,0.0,49.59031960978975,-51.91997947886512,-0.04911438599285184,nan,60.64
YIELD,0.0,55.00085181077236,-54.54726336102088,-1.5720301333239484,NO_PATH,0.0,0.0,49.59031960978975,-51.91997947886512,-0.04911438599285184,nan,60.660000000000004
YIELD,0.0,55.00085181077236,-54.54726336102088,-1.5720301333239484,NO_PATH,0.0,0.0,49.59031960978975,-51.91997947886512,-0.04911438599285184,nan,60.68000000000001
YIELD,0.0,55.00085181077236,-54.54726336102088,-1.5720301333239484,NO_PATH,0.0,0.0,49.59031960978975,-51.91997947886512,-0.04911438599285184,nan,60.7
YIELD,0.0,55.00085181077236,-54.54726336102088,-1.5720301333239484,NO_PATH,0.0,0.0,49.59031960978975,-51.91997947886512,-0.04911438599285184,nan,60.720000000000006
YIELD,0.0,55.00085181077236,-54.54726336102088,-1.5720301333239484,NO_PATH,0.0,0.0,49.59031960978975,-51.91997947886512,-0.04911438599285184,nan,60.74
YIELD,0.0,55.00085181077236,-54.54726336102088,-1.5720301333239484,NO_PATH,0.0,0.0,49.59031960978975,-51.91997947886512,-0.04911438599285184,nan,60.760000000000005
YIELD,0.0,55.00085181077236,-54.54726336102088,-1.5720301333239484,NO_PATH,0.0,0.0,49.59031960978975,-51.91997947886512,-0.04911438599285184,nan,60.78
YIELD,0.0,55.00085181077236,-54.54726336102088,-1.5720301333239484,NO_PATH,0.0,0.0,49.59031960978975,-51.91997947886512,-0.04911438599285184,nan,60.800000000000004
YIELD,0.0,55.00085181077236,-54.54726336102088,-1.5720301333239484,NO_PATH,0.0,0.0,49.59031960978975,-51.91997947886512,-0.04911438599285184,nan,60.82
YIELD,0.0,55.00085181077236,-54.54726336102088,-1.5720301333239484,NO_PATH,0.0,0.0,49.59031960978975,-51.91997947886512,-0.04911438599285184,nan,60.84
YIELD,0.0,55.00085181077236,-54.54726336102088,-1.5720301333239484,NO_PATH,0.0,0.0,49.59031960978975,-51.91997947886512,-0.04911438599285184,nan,60.86000000000001
YIELD,0.0,55.00085181077236,-54.54726336102088,-1.5720301333239484,NO_PATH,0.0,0.0,49.59031960978975,-51.91997947886512,-0.04911438599285184,nan,60.88
YIELD,0.0,55.00085181077236,-54.54726336102088,-1.5720301333239484,NO_PATH,0.0,0.0,49.59031960978975,-51.91997947886512,-0.04911438599285184,nan,60.900000000000006
YIELD,0.0,55.00085181077236,-54.54726336102088,-1.5720301333239484,NO_PATH,0.0,0.0,49.59031960978975,-51.91997947886512,-0.04911438599285184,nan,60.92
YIELD,0.0,55.00085181077236,-54.54726336102088,-1.5720301333239484,NO_PATH,0.0,0.0,49.59031960978975,-51.91997947886512,-0.04911438599285184,nan,60.940000000000005
YIELD,0.0,55.00085181077236,-54.54726336102088,-1.5720301333239484,NO_PATH,0.0,0.0,49.59031960978975,-51.91997947886512,-0.04911438599285184,nan,60.96
YIELD,0.0,55.00085181077236,-54.54726336102088,-1.5720301333239484,NO_PATH,0.0,0.0,49.59031960978975,-51.91997947886512,-0.04911438599285184,nan,60.980000000000004
YIELD,0.0,55.00085181077236,-54.54726336102088,-1.5720301333239484,NO_PATH,0.0,0.0,49.59031960978975,-51.91997947886512,-0.04911438599285184,nan,61.00000000000001
YIELD,0.0,55.00085181077236,-54.54726336102088,-1.5720301333239484,NO_PATH,0.0,0.0,49.59031960978975,-51.91997947886512,-0.04911438599285184,nan,61.02
YIELD,0.0,55.00085181077236,-54.54726336102088,-1.5720301333239484,NO_PATH,0.0,0.0,49.59031960978975,-51.91997947886512,-0.04911438599285184,nan,61.040000000000006
YIELD,0.0,55.00085181077236,-54.54726336102088,-1.5720301333239484,NO_PATH,0.0,0.0,49.59031960978975,-51.91997947886512,-0.04911438599285184,nan,61.06
YIELD,0.0,55.00085181077236,-54.54726336102088,-1.5720301333239484,NO_PATH,0.0,0.0,49.59031960978975,-51.91997947886512,-0.04911438599285184,nan,61.080000000000005
YIELD,0.0,55.00085181077236,-54.54726336102088,-1.5720301333239484,NO_PATH,0.0,0.0,49.59031960978975,-51.91997947886512,-0.04911438599285184,nan,61.1
YIELD,0.0,55.00085181077236,-54.54726336102088,-1.5720301333239484,NO_PATH,0.0,0.0,49.59031960978975,-51.91997947886512,-0.04911438599285184,nan,61.120000000000005
YIELD,0.0,55.00085181077236,-54.54726336102088,-1.5720301333239484,NO_PATH,0.0,0.0,49.59031960978975,-51.91997947886512,-0.04911438599285184,nan,61.14
YIELD,0.0,55.00085181077236,-54.54726336102088,-1.5720301333239484,NO_PATH,0.0,0.0,49.59031960978975,-51.91997947886512,-0.04911438599285184,nan,61.160000000000004
YIELD,0.0,55.00085181077236,-54.54726336102088,-1.5720301333239484,NO_PATH,0.0,0.0,49.59031960978975,-51.91997947886512,-0.04911438599285184,nan,61.18000000000001
YIELD,0.0,55.00085181077236,-54.54726336102088,-1.5720301333239484,NO_PATH,0.0,0.0,49.59031960978975,-51.91997947886512,-0.04911438599285184,nan,61.2
YIELD,0.0,55.00085181077236,-54.54726336102088,-1.5720301333239484,NO_PATH,0.0,0.0,49.59031960978975,-51.91997947886512,-0.04911438599285184,nan,61.221000000000004
YIELD,0.0,55.00085181077236,-54.54726336102088,-1.5720301333239484,NO_PATH,0.0,0.0,49.59031960978975,-51.91997947886512,-0.04911438599285184,nan,61.24
YIELD,0.0,55.00085181077236,-54.54726336102088,-1.5720301333239484,NO_PATH,0.0,0.0,49.59031960978975,-51.91997947886512,-0.04911438599285184,nan,61.260000000000005
YIELD,0.0,55.00085181077236,-54.54726336102088,-1.5720301333239484,NO_PATH,0.0,0.0,49.59031960978975,-51.91997947886512,-0.04911438599285184,nan,61.28
YIELD,0.0,55.00085181077236,-54.54726336102088,-1.5720301333239484,NO_PATH,0.0,0.0,49.59031960978975,-51.91997947886512,-0.04911438599285184,nan,61.300000000000004
YIELD,0.0,55.00085181077236,-54.54726336102088,-1.5720301333239484,NO_PATH,0.0,0.0,49.59031960978975,-51.91997947886512,-0.04911438599285184,nan,61.321000000000005
YIELD,0.0,55.00085181077236,-54.54726336102088,-1.5720301333239484,NO_PATH,0.0,0.0,49.59031960978975,-51.91997947886512,-0.04911438599285184,nan,61.34
YIELD,0.0,55.00085181077236,-54.54726336102088,-1.5720301333239484,NO_PATH,0.0,0.0,49.59031960978975,-51.91997947886512,-0.04911438599285184,nan,61.36000000000001
YIELD,0.0,55.00085181077236,-54.54726336102088,-1.5720301333239484,NO_PATH,0.0,0.0,49.59031960978975,-51.91997947886512,-0.04911438599285184,nan,61.38
YIELD,0.0,55.00085181077236,-54.54726336102088,-1.5720301333239484,NO_PATH,0.0,0.0,49.59031960978975,-51.91997947886512,-0.04911438599285184,nan,61.401
YIELD,0.0,55.00085181077236,-54.54726336102088,-1.5720301333239484,NO_PATH,0.0,0.0,49.59031960978975,-51.91997947886512,-0.04911438599285184,nan,61.42
YIELD,0.0,55.00085181077236,-54.54726336102088,-1.5720301333239484,NO_PATH,0.0,0.0,49.59031960978975,-51.91997947886512,-0.04911438599285184,nan,61.440000000000005
YIELD,0.0,55.00085181077236,-54.54726336102088,-1.5720301333239484,NO_PATH,0.0,0.0,49.59031960978975,-51.91997947886512,-0.04911438599285184,nan,61.46
YIELD,0.0,55.00085181077236,-54.54726336102088,-1.5720301333239484,NO_PATH,0.0,0.0,49.59031960978975,-51.91997947886512,-0.04911438599285184,nan,61.480000000000004
YIELD,0.0,55.00085181077236,-54.54726336102088,-1.5720301333239484,NO_PATH,0.0,0.0,49.59031960978975,-51.91997947886512,-0.04911438599285184,nan,61.50000000000001
YIELD,0.0,55.00085181077236,-54.54726336102088,-1.5720301333239484,NO_PATH,0.0,0.0,49.59031960978975,-51.91997947886512,-0.04911438599285184,nan,61.52
YIELD,0.0,55.00085181077236,-54.54726336102088,-1.5720301333239484,NO_PATH,0.0,0.0,49.59031960978975,-51.91997947886512,-0.04911438599285184,nan,61.540000000000006
YIELD,0.0,55.00085181077236,-54.54726336102088,-1.5720301333239484,NO_PATH,0.0,0.0,49.59031960978975,-51.91997947886512,-0.04911438599285184,nan,61.56
YIELD,0.0,55.00085181077236,-54.54726336102088,-1.5720301333239484,NO_PATH,0.0,0.0,49.59031960978975,-51.91997947886512,-0.04911438599285184,nan,61.580000000000005
YIELD,0.0,55.00085181077236,-54.54726336102088,-1.5720301333239484,NO_PATH,0.0,0.0,49.59031960978975,-51.91997947886512,-0.04911438599285184,nan,61.6
YIELD,0.0,55.00085181077236,-54.54726336102088,-1.5720301333239484,NO_PATH,0.0,0.0,49.59031960978975,-51.91997947886512,-0.04911438599285184,nan,61.620000000000005
YIELD,0.0,55.00085181077236,-54.54726336102088,-1.5720301333239484,NO_PATH,0.0,0.0,49.59031960978975,-51.91997947886512,-0.04911438599285184,nan,61.64
YIELD,0.0,55.00085181077236,-54.54726336102088,-1.5720301333239484,NO_PATH,0.0,0.0,49.59031960978975,-51.91997947886512,-0.04911438599285184,nan,61.660000000000004
YIELD,0.0,55.00085181077236,-54.54726336102088,-1.5720301333239484,NO_PATH,0.0,0.0,49.59031960978975,-51.91997947886512,-0.04911438599285184,nan,61.68000000000001
YIELD,0.0,55.00085181077236,-54.54726336102088,-1.5720301333239484,NO_PATH,0.0,0.0,49.59031960978975,-51.91997947886512,-0.04911438599285184,nan,61.7
YIELD,0.0,55.00085181077236,-54.54726336102088,-1.5720301333239484,NO_PATH,0.0,0.0,49.59031960978975,-51.91997947886512,-0.04911438599285184,nan,61.720000000000006
YIELD,0.0,55.00085181077236,-54.54726336102088,-1.5720301333239484,NO_PATH,0.0,0.0,49.59031960978975,-51.91997947886512,-0.04911438599285184,nan,61.74
YIELD,0.0,55.00085181077236,-54.54726336102088,-1.5720301333239484,NO_PATH,0.0,0.0,49.59031960978975,-51.91997947886512,-0.04911438599285184,nan,61.760000000000005
YIELD,0.0,55.00085181077236,-54.54726336102088,-1.5720301333239484,NO_PATH,0.0,0.0,49.59031960978975,-51.91997947886512,-0.04911438599285184,nan,61.78
YIELD,0.0,55.00085181077236,-54.54726336102088,-1.5720301333239484,NO_PATH,0.0,0.0,49.59031960978975,-51.91997947886512,-0.04911438599285184,nan,61.800000000000004
YIELD,0.0,55.00085181077236,-54.54726336102088,-1.5720301333239484,NO_PATH,0.0,0.0,49.59031960978975,-51.91997947886512,-0.04911438599285184,nan,61.82000000000001
YIELD,0.0,55.00085181077236,-54.54726336102088,-1.5720301333239484,NO_PATH,0.0,0.0,49.59031960978975,-51.91997947886512,-0.04911438599285184,nan,61.84
YIELD,0.0,55.00085181077236,-54.54726336102088,-1.5720301333239484,NO_PATH,0.0,0.0,49.59031960978975,-51.91997947886512,-0.04911438599285184,nan,61.86000000000001
YIELD,0.0,55.00085181077236,-54.54726336102088,-1.5720301333239484,NO_PATH,0.0,0.0,49.59031960978975,-51.91997947886512,-0.04911438599285184,nan,61.88
YIELD,0.0,55.00085181077236,-54.54726336102088,-1.5720301333239484,NO_PATH,0.0,0.0,49.59031960978975,-51.91997947886512,-0.04911438599285184,nan,61.900000000000006
YIELD,0.0,55.00085181077236,-54.54726336102088,-1.5720301333239484,NO_PATH,0.0,0.0,49.59031960978975,-51.91997947886512,-0.04911438599285184,nan,61.92
YIELD,0.0,55.00085181077236,-54.54726336102088,-1.5720301333239484,NO_PATH,0.0,0.0,49.59031960978975,-51.91997947886512,-0.04911438599285184,nan,61.940000000000005
YIELD,0.0,55.00085181077236,-54.54726336102088,-1.5720301333239484,NO_PATH,0.0,0.0,49.59031960978975,-51.91997947886512,-0.04911438599285184,nan,61.961000000000006
YIELD,0.0,55.00085181077236,-54.54726336102088,-1.5720301333239484,NO_PATH,0.0,0.0,49.59031960978975,-51.91997947886512,-0.04911438599285184,nan,61.980000000000004
YIELD,0.0,55.00085181077236,-54.54726336102088,-1.5720301333239484,NO_PATH,0.0,0.0,49.59031960978975,-51.91997947886512,-0.04911438599285184,nan,62.00000000000001
YIELD,0.0,55.00085181077236,-54.54726336102088,-1.5720301333239484,NO_PATH,0.0,0.0,49.59031960978975,-51.91997947886512,-0.04911438599285184,nan,62.02
YIELD,0.0,55.00085181077236,-54.54726336102088,-1.5720301333239484,NO_PATH,0.0,0.0,49.59031960978975,-51.91997947886512,-0.04911438599285184,nan,62.040000000000006
YIELD,0.0,55.00085181077236,-54.54726336102088,-1.5720301333239484,NO_PATH,0.0,0.0,49.59031960978975,-51.91997947886512,-0.04911438599285184,nan,62.06
YIELD,0.0,55.00085181077236,-54.54726336102088,-1.5720301333239484,NO_PATH,0.0,0.0,49.59031960978975,-51.91997947886512,-0.04911438599285184,nan,62.081
YIELD,0.0,55.00085181077236,-54.54726336102088,-1.5720301333239484,NO_PATH,0.0,0.0,49.59031960978975,-51.91997947886512,-0.04911438599285184,nan,62.1
YIELD,0.0,55.00085181077236,-54.54726336102088,-1.5720301333239484,NO_PATH,0.0,0.0,49.59031960978975,-51.91997947886512,-0.04911438599285184,nan,62.120000000000005
YIELD,0.0,55.00085181077236,-54.54726336102088,-1.5720301333239484,NO_PATH,0.0,0.0,49.59031960978975,-51.91997947886512,-0.04911438599285184,nan,62.14
YIELD,0.0,55.00085181077236,-54.54726336102088,-1.5720301333239484,NO_PATH,0.0,0.0,49.59031960978975,-51.91997947886512,-0.04911438599285184,nan,62.160000000000004
YIELD,0.0,55.00085181077236,-54.54726336102088,-1.5720301333239484,NO_PATH,0.0,0.0,49.59031960978975,-51.91997947886512,-0.04911438599285184,nan,62.18000000000001
YIELD,0.0,55.00085181077236,-54.54726336102088,-1.5720301333239484,NO_PATH,0.0,0.0,49.59031960978975,-51.91997947886512,-0.04911438599285184,nan,62.2
YIELD,0.0,55.00085181077236,-54.54726336102088,-1.5720301333239484,NO_PATH,0.0,0.0,49.59031960978975,-51.91997947886512,-0.04911438599285184,nan,62.220000000000006
YIELD,0.0,55.00085181077236,-54.54726336102088,-1.5720301333239484,NO_PATH,0.0,0.0,49.59031960978975,-51.91997947886512,-0.04911438599285184,nan,62.24
YIELD,0.0,55.00085181077236,-54.54726336102088,-1.5720301333239484,NO_PATH,0.0,0.0,49.59031960978975,-51.91997947886512,-0.04911438599285184,nan,62.260000000000005
YIELD,0.0,55.00085181077236,-54.54726336102088,-1.5720301333239484,NO_PATH,0.0,0.0,49.59031960978975,-51.91997947886512,-0.04911438599285184,nan,62.28
YIELD,0.0,55.00085181077236,-54.54726336102088,-1.5720301333239484,NO_PATH,0.0,0.0,49.59031960978975,-51.91997947886512,-0.04911438599285184,nan,62.300000000000004
YIELD,0.0,55.00085181077236,-54.54726336102088,-1.5720301333239484,NO_PATH,0.0,0.0,49.59031960978975,-51.91997947886512,-0.04911438599285184,nan,62.32000000000001
YIELD,0.0,55.00085181077236,-54.54726336102088,-1.5720301333239484,NO_PATH,0.0,0.0,49.59031960978975,-51.91997947886512,-0.04911438599285184,nan,62.34
YIELD,0.0,55.00085181077236,-54.54726336102088,-1.5720301333239484,NO_PATH,0.0,0.0,49.59031960978975,-51.91997947886512,-0.04911438599285184,nan,62.36000000000001
YIELD,0.0,55.00085181077236,-54.54726336102088,-1.5720301333239484,NO_PATH,0.0,0.0,49.59031960978975,-51.91997947886512,-0.04911438599285184,nan,62.38
YIELD,0.0,55.00085181077236,-54.54726336102088,-1.5720301333239484,NO_PATH,0.0,0.0,49.59031960978975,-51.91997947886512,-0.04911438599285184,nan,62.401
YIELD,0.0,55.00085181077236,-54.54726336102088,-1.5720301333239484,NO_PATH,0.0,0.0,49.59031960978975,-51.91997947886512,-0.04911438599285184,nan,62.42
YIELD,0.0,55.00085181077236,-54.54726336102088,-1.5720301333239484,NO_PATH,0.0,0.0,49.59031960978975,-51.91997947886512,-0.04911438599285184,nan,62.440000000000005
YIELD,0.0,55.00085181077236,-54.54726336102088,-1.5720301333239484,NO_PATH,0.0,0.0,49.59031960978975,-51.91997947886512,-0.04911438599285184,nan,62.46
YIELD,0.0,55.00085181077236,-54.54726336102088,-1.5720301333239484,NO_PATH,0.0,0.0,49.59031960978975,-51.91997947886512,-0.04911438599285184,nan,62.480000000000004
YIELD,0.0,55.00085181077236,-54.54726336102088,-1.5720301333239484,NO_PATH,0.0,0.0,49.59031960978975,-51.91997947886512,-0.04911438599285184,nan,62.50000000000001
YIELD,0.0,55.00085181077236,-54.54726336102088,-1.5720301333239484,NO_PATH,0.0,0.0,49.59031960978975,-51.91997947886512,-0.04911438599285184,nan,62.52
YIELD,0.0,55.00085181077236,-54.54726336102088,-1.5720301333239484,NO_PATH,0.0,0.0,49.59031960978975,-51.91997947886512,-0.04911438599285184,nan,62.540000000000006
YIELD,0.0,55.00085181077236,-54.54726336102088,-1.5720301333239484,NO_PATH,0.0,0.0,49.59031960978975,-51.91997947886512,-0.04911438599285184,nan,62.56
YIELD,0.0,55.00085181077236,-54.54726336102088,-1.5720301333239484,NO_PATH,0.0,0.0,49.59031960978975,-51.91997947886512,-0.04911438599285184,nan,62.580000000000005
YIELD,0.0,55.00085181077236,-54.54726336102088,-1.5720301333239484,NO_PATH,0.0,0.0,49.59031960978975,-51.91997947886512,-0.04911438599285184,nan,62.6
YIELD,0.0,55.00085181077236,-54.54726336102088,-1.5720301333239484,NO_PATH,0.0,0.0,49.59031960978975,-51.91997947886512,-0.04911438599285184,nan,62.620000000000005
YIELD,0.0,55.00085181077236,-54.54726336102088,-1.5720301333239484,NO_PATH,0.0,0.0,49.59031960978975,-51.91997947886512,-0.04911438599285184,nan,62.64
YIELD,0.0,55.00085181077236,-54.54726336102088,-1.5720301333239484,NO_PATH,0.0,0.0,49.59031960978975,-51.91997947886512,-0.04911438599285184,nan,62.660000000000004
YIELD,0.0,55.00085181077236,-54.54726336102088,-1.5720301333239484,NO_PATH,0.0,0.0,49.59031960978975,-51.91997947886512,-0.04911438599285184,nan,62.68000000000001
YIELD,0.0,55.00085181077236,-54.54726336102088,-1.5720301333239484,NO_PATH,0.0,0.0,49.59031960978975,-51.91997947886512,-0.04911438599285184,nan,62.7
YIELD,0.0,55.00085181077236,-54.54726336102088,-1.5720301333239484,NO_PATH,0.0,0.0,49.59031960978975,-51.91997947886512,-0.04911438599285184,nan,62.720000000000006
YIELD,0.0,55.00085181077236,-54.54726336102088,-1.5720301333239484,NO_PATH,0.0,0.0,49.59031960978975,-51.91997947886512,-0.04911438599285184,nan,62.74
YIELD,0.0,55.00085181077236,-54.54726336102088,-1.5720301333239484,NO_PATH,0.0,0.0,49.59031960978975,-51.91997947886512,-0.04911438599285184,nan,62.760000000000005
YIELD,0.0,55.00085181077236,-54.54726336102088,-1.5720301333239484,NO_PATH,0.0,0.0,49.59031960978975,-51.91997947886512,-0.04911438599285184,nan,62.78
YIELD,0.0,55.00085181077236,-54.54726336102088,-1.5720301333239484,NO_PATH,0.0,0.0,49.59031960978975,-51.91997947886512,-0.04911438599285184,nan,62.801
YIELD,0.0,55.00085181077236,-54.54726336102088,-1.5720301333239484,NO_PATH,0.0,0.0,49.59031960978975,-51.91997947886512,-0.04911438599285184,nan,62.82000000000001
YIELD,0.0,55.00085181077236,-54.54726336102088,-1.5720301333239484,NO_PATH,0.0,0.0,49.59031960978975,-51.91997947886512,-0.04911438599285184,nan,62.84
YIELD,0.0,55.00085181077236,-54.54726336102088,-1.5720301333239484,NO_PATH,0.0,0.0,49.59031960978975,-51.91997947886512,-0.04911438599285184,nan,62.86000000000001
YIELD,0.0,55.00085181077236,-54.54726336102088,-1.5720301333239484,NO_PATH,0.0,0.0,49.59031960978975,-51.91997947886512,-0.04911438599285184,nan,62.88
YIELD,0.0,55.00085181077236,-54.54726336102088,-1.5720301333239484,NO_PATH,0.0,0.0,49.59031960978975,-51.91997947886512,-0.04911438599285184,nan,62.900000000000006
YIELD,0.0,55.00085181077236,-54.54726336102088,-1.5720301333239484,NO_PATH,0.0,0.0,49.59031960978975,-51.91997947886512,-0.04911438599285184,nan,62.92
YIELD,0.0,55.00085181077236,-54.54726336102088,-1.5720301333239484,NO_PATH,0.0,0.0,49.59031960978975,-51.91997947886512,-0.04911438599285184,nan,62.940000000000005
YIELD,0.0,55.00085181077236,-54.54726336102088,-1.5720301333239484,NO_PATH,0.0,0.0,49.59031960978975,-51.91997947886512,-0.04911438599285184,nan,62.96
YIELD,0.0,55.00085181077236,-54.54726336102088,-1.5720301333239484,NO_PATH,0.0,0.0,49.59031960978975,-51.91997947886512,-0.04911438599285184,nan,62.980000000000004
YIELD,0.0,55.00085181077236,-54.54726336102088,-1.5720301333239484,NO_PATH,0.0,0.0,49.59031960978975,-51.91997947886512,-0.04911438599285184,nan,63.00000000000001
YIELD,0.0,55.00085181077236,-54.54726336102088,-1.5720301333239484,NO_PATH,0.0,0.0,49.59031960978975,-51.91997947886512,-0.04911438599285184,nan,63.02
YIELD,0.0,55.00085181077236,-54.54726336102088,-1.5720301333239484,NO_PATH,0.0,0.0,49.59031960978975,-51.91997947886512,-0.04911438599285184,nan,63.040000000000006
YIELD,0.0,55.00085181077236,-54.54726336102088,-1.5720301333239484,NO_PATH,0.0,0.0,49.59031960978975,-51.91997947886512,-0.04911438599285184,nan,63.06
YIELD,0.0,55.00085181077236,-54.54726336102088,-1.5720301333239484,NO_PATH,0.0,0.0,49.59031960978975,-51.91997947886512,-0.04911438599285184,nan,63.080000000000005
YIELD,0.0,55.00085181077236,-54.54726336102088,-1.5720301333239484,NO_PATH,0.0,0.0,49.59031960978975,-51.91997947886512,-0.04911438599285184,nan,63.1
YIELD,0.0,55.00085181077236,-54.54726336102088,-1.5720301333239484,NO_PATH,0.0,0.0,49.59031960978975,-51.91997947886512,-0.04911438599285184,nan,63.120000000000005
YIELD,0.0,55.00085181077236,-54.54726336102088,-1.5720301333239484,NO_PATH,0.0,0.0,49.59031960978975,-51.91997947886512,-0.04911438599285184,nan,63.14
YIELD,0.0,55.00085181077236,-54.54726336102088,-1.5720301333239484,NO_PATH,0.0,0.0,49.59031960978975,-51.91997947886512,-0.04911438599285184,nan,63.160000000000004
YIELD,0.0,55.00085181077236,-54.54726336102088,-1.5720301333239484,NO_PATH,0.0,0.0,49.59031960978975,-51.91997947886512,-0.04911438599285184,nan,63.18000000000001
YIELD,0.0,55.00085181077236,-54.54726336102088,-1.5720301333239484,NO_PATH,0.0,0.0,49.59031960978975,-51.91997947886512,-0.04911438599285184,nan,63.2
YIELD,0.0,55.00085181077236,-54.54726336102088,-1.5720301333239484,NO_PATH,0.0,0.0,49.59031960978975,-51.91997947886512,-0.04911438599285184,nan,63.220000000000006
YIELD,0.0,55.00085181077236,-54.54726336102088,-1.5720301333239484,NO_PATH,0.0,0.0,49.59031960978975,-51.91997947886512,-0.04911438599285184,nan,63.24
YIELD,0.0,55.00085181077236,-54.54726336102088,-1.5720301333239484,NO_PATH,0.0,0.0,49.59031960978975,-51.91997947886512,-0.04911438599285184,nan,63.260000000000005
YIELD,0.0,55.00085181077236,-54.54726336102088,-1.5720301333239484,NO_PATH,0.0,0.0,49.59031960978975,-51.91997947886512,-0.04911438599285184,nan,63.28
YIELD,0.0,55.00085181077236,-54.54726336102088,-1.5720301333239484,NO_PATH,0.0,0.0,49.59031960978975,-51.91997947886512,-0.04911438599285184,nan,63.300000000000004
YIELD,0.0,55.00085181077236,-54.54726336102088,-1.5720301333239484,NO_PATH,0.0,0.0,49.59031960978975,-51.91997947886512,-0.04911438599285184,nan,63.32000000000001
YIELD,0.0,55.00085181077236,-54.54726336102088,-1.5720301333239484,NO_PATH,0.0,0.0,49.59031960978975,-51.91997947886512,-0.04911438599285184,nan,63.34
YIELD,0.0,55.00085181077236,-54.54726336102088,-1.5720301333239484,NO_PATH,0.0,0.0,49.59031960978975,-51.91997947886512,-0.04911438599285184,nan,63.36000000000001
YIELD,0.0,55.00085181077236,-54.54726336102088,-1.5720301333239484,NO_PATH,0.0,0.0,49.59031960978975,-51.91997947886512,-0.04911438599285184,nan,63.38
YIELD,0.0,55.00085181077236,-54.54726336102088,-1.5720301333239484,NO_PATH,0.0,0.0,49.59031960978975,-51.91997947886512,-0.04911438599285184,nan,63.400000000000006
YIELD,0.0,55.00085181077236,-54.54726336102088,-1.5720301333239484,NO_PATH,0.0,0.0,49.59031960978975,-51.91997947886512,-0.04911438599285184,nan,63.42
YIELD,0.0,55.00085181077236,-54.54726336102088,-1.5720301333239484,NO_PATH,0.0,0.0,49.59031960978975,-51.91997947886512,-0.04911438599285184,nan,63.440000000000005
YIELD,0.0,55.00085181077236,-54.54726336102088,-1.5720301333239484,NO_PATH,0.0,0.0,49.59031960978975,-51.91997947886512,-0.04911438599285184,nan,63.46
YIELD,0.0,55.00085181077236,-54.54726336102088,-1.5720301333239484,NO_PATH,0.0,0.0,49.59031960978975,-51.91997947886512,-0.04911438599285184,nan,63.480000000000004
YIELD,0.0,55.00085181077236,-54.54726336102088,-1.5720301333239484,NO_PATH,0.0,0.0,49.59031960978975,-51.91997947886512,-0.04911438599285184,nan,63.50000000000001
YIELD,0.0,55.00085181077236,-54.54726336102088,-1.5720301333239484,NO_PATH,0.0,0.0,49.59031960978975,-51.91997947886512,-0.04911438599285184,nan,63.52
YIELD,0.0,55.00085181077236,-54.54726336102088,-1.5720301333239484,NO_PATH,0.0,0.0,49.59031960978975,-51.91997947886512,-0.04911438599285184,nan,63.540000000000006
YIELD,0.0,55.00085181077236,-54.54726336102088,-1.5720301333239484,NO_PATH,0.0,0.0,49.59031960978975,-51.91997947886512,-0.04911438599285184,nan,63.56
YIELD,0.0,55.00085181077236,-54.54726336102088,-1.5720301333239484,NO_PATH,0.0,0.0,49.59031960978975,-51.91997947886512,-0.04911438599285184,nan,63.580000000000005
YIELD,0.0,55.00085181077236,-54.54726336102088,-1.5720301333239484,NO_PATH,0.0,0.0,49.59031960978975,-51.91997947886512,-0.04911438599285184,nan,63.6
YIELD,0.0,55.00085181077236,-54.54726336102088,-1.5720301333239484,NO_PATH,0.0,0.0,49.59031960978975,-51.91997947886512,-0.04911438599285184,nan,63.620000000000005
YIELD,0.0,55.00085181077236,-54.54726336102088,-1.5720301333239484,NO_PATH,0.0,0.0,49.59031960978975,-51.91997947886512,-0.04911438599285184,nan,63.64
YIELD,0.0,55.00085181077236,-54.54726336102088,-1.5720301333239484,NO_PATH,0.0,0.0,49.59031960978975,-51.91997947886512,-0.04911438599285184,nan,63.660000000000004
YIELD,0.0,55.00085181077236,-54.54726336102088,-1.5720301333239484,NO_PATH,0.0,0.0,49.59031960978975,-51.91997947886512,-0.04911438599285184,nan,63.68000000000001
YIELD,0.0,55.00085181077236,-54.54726336102088,-1.5720301333239484,NO_PATH,0.0,0.0,49.59031960978975,-51.91997947886512,-0.04911438599285184,nan,63.7
YIELD,0.0,55.00085181077236,-54.54726336102088,-1.5720301333239484,NO_PATH,0.0,0.0,49.59031960978975,-51.91997947886512,-0.04911438599285184,nan,63.720000000000006
YIELD,0.0,55.00085181077236,-54.54726336102088,-1.5720301333239484,NO_PATH,0.0,0.0,49.59031960978975,-51.91997947886512,-0.04911438599285184,nan,63.74
YIELD,0.0,55.00085181077236,-54.54726336102088,-1.5720301333239484,NO_PATH,0.0,0.0,49.59031960978975,-51.91997947886512,-0.04911438599285184,nan,63.761
YIELD,0.0,55.00085181077236,-54.54726336102088,-1.5720301333239484,NO_PATH,0.0,0.0,49.59031960978975,-51.91997947886512,-0.04911438599285184,nan,63.78
YIELD,0.0,55.00085181077236,-54.54726336102088,-1.5720301333239484,NO_PATH,0.0,0.0,49.59031960978975,-51.91997947886512,-0.04911438599285184,nan,63.800000000000004
YIELD,0.0,55.00085181077236,-54.54726336102088,-1.5720301333239484,NO_PATH,0.0,0.0,49.59031960978975,-51.91997947886512,-0.04911438599285184,nan,63.82000000000001
YIELD,0.0,55.00085181077236,-54.54726336102088,-1.5720301333239484,NO_PATH,0.0,0.0,49.59031960978975,-51.91997947886512,-0.04911438599285184,nan,63.84
YIELD,0.0,55.00085181077236,-54.54726336102088,-1.5720301333239484,NO_PATH,0.0,0.0,49.59031960978975,-51.91997947886512,-0.04911438599285184,nan,63.86000000000001
YIELD,0.0,55.00085181077236,-54.54726336102088,-1.5720301333239484,NO_PATH,0.0,0.0,49.59031960978975,-51.91997947886512,-0.04911438599285184,nan,63.88
YIELD,0.0,55.00085181077236,-54.54726336102088,-1.5720301333239484,NO_PATH,0.0,0.0,49.59031960978975,-51.91997947886512,-0.04911438599285184,nan,63.900000000000006
YIELD,0.0,55.00085181077236,-54.54726336102088,-1.5720301333239484,NO_PATH,0.0,0.0,49.59031960978975,-51.91997947886512,-0.04911438599285184,nan,63.92
YIELD,0.0,55.00085181077236,-54.54726336102088,-1.5720301333239484,NO_PATH,0.0,0.0,49.59031960978975,-51.91997947886512,-0.04911438599285184,nan,63.940000000000005
YIELD,0.0,55.00085181077236,-54.54726336102088,-1.5720301333239484,NO_PATH,0.0,0.0,49.59031960978975,-51.91997947886512,-0.04911438599285184,nan,63.96
YIELD,0.0,55.00085181077236,-54.54726336102088,-1.5720301333239484,NO_PATH,0.0,0.0,49.59031960978975,-51.91997947886512,-0.04911438599285184,nan,63.980000000000004
YIELD,0.0,55.00085181077236,-54.54726336102088,-1.5720301333239484,NO_PATH,0.0,0.0,49.59031960978975,-51.91997947886512,-0.04911438599285184,nan,64.0
YIELD,0.0,55.00085181077236,-54.54726336102088,-1.5720301333239484,NO_PATH,0.0,0.0,49.59031960978975,-51.91997947886512,-0.04911438599285184,nan,64.02000000000001
YIELD,0.0,55.00085181077236,-54.54726336102088,-1.5720301333239484,NO_PATH,0.0,0.0,49.59031960978975,-51.91997947886512,-0.04911438599285184,nan,64.04
YIELD,0.0,55.00085181077236,-54.54726336102088,-1.5720301333239484,NO_PATH,0.0,0.0,49.59031960978975,-51.91997947886512,-0.04911438599285184,nan,64.06
YIELD,0.0,55.00085181077236,-54.54726336102088,-1.5720301333239484,NO_PATH,0.0,0.0,49.59031960978975,-51.91997947886512,-0.04911438599285184,nan,64.08
YIELD,0.0,55.00085181077236,-54.54726336102088,-1.5720301333239484,NO_PATH,0.0,0.0,49.59031960978975,-51.91997947886512,-0.04911438599285184,nan,64.10000000000001
YIELD,0.0,55.00085181077236,-54.54726336102088,-1.5720301333239484,NO_PATH,0.0,0.0,49.59031960978975,-51.91997947886512,-0.04911438599285184,nan,64.12
YIELD,0.0,55.00085181077236,-54.54726336102088,-1.5720301333239484,NO_PATH,0.0,0.0,49.59031960978975,-51.91997947886512,-0.04911438599285184,nan,64.14
YIELD,0.0,55.00085181077236,-54.54726336102088,-1.5720301333239484,NO_PATH,0.0,0.0,49.59031960978975,-51.91997947886512,-0.04911438599285184,nan,64.16000000000001
YIELD,0.0,55.00085181077236,-54.54726336102088,-1.5720301333239484,NO_PATH,0.0,0.0,49.59031960978975,-51.91997947886512,-0.04911438599285184,nan,64.18
YIELD,0.0,55.00085181077236,-54.54726336102088,-1.5720301333239484,NO_PATH,0.0,0.0,49.59031960978975,-51.91997947886512,-0.04911438599285184,nan,64.20100000000001
YIELD,0.0,55.00085181077236,-54.54726336102088,-1.5720301333239484,NO_PATH,0.0,0.0,49.59031960978975,-51.91997947886512,-0.04911438599285184,nan,64.22
YIELD,0.0,55.00085181077236,-54.54726336102088,-1.5720301333239484,NO_PATH,0.0,0.0,49.59031960978975,-51.91997947886512,-0.04911438599285184,nan,64.24000000000001
YIELD,0.0,55.00085181077236,-54.54726336102088,-1.5720301333239484,NO_PATH,0.0,0.0,49.59031960978975,-51.91997947886512,-0.04911438599285184,nan,64.26
YIELD,0.0,55.00085181077236,-54.54726336102088,-1.5720301333239484,NO_PATH,0.0,0.0,49.59031960978975,-51.91997947886512,-0.04911438599285184,nan,64.28
YIELD,0.0,55.00085181077236,-54.54726336102088,-1.5720301333239484,NO_PATH,0.0,0.0,49.59031960978975,-51.91997947886512,-0.04911438599285184,nan,64.3
YIELD,0.0,55.00085181077236,-54.54726336102088,-1.5720301333239484,NO_PATH,0.0,0.0,49.59031960978975,-51.91997947886512,-0.04911438599285184,nan,64.32000000000001
YIELD,0.0,55.00085181077236,-54.54726336102088,-1.5720301333239484,NO_PATH,0.0,0.0,49.59031960978975,-51.91997947886512,-0.04911438599285184,nan,64.34
YIELD,0.0,55.00085181077236,-54.54726336102088,-1.5720301333239484,NO_PATH,0.0,0.0,49.59031960978975,-51.91997947886512,-0.04911438599285184,nan,64.36
YIELD,0.0,55.00085181077236,-54.54726336102088,-1.5720301333239484,NO_PATH,0.0,0.0,49.59031960978975,-51.91997947886512,-0.04911438599285184,nan,64.38000000000001
YIELD,0.0,55.00085181077236,-54.54726336102088,-1.5720301333239484,NO_PATH,0.0,0.0,49.59031960978975,-51.91997947886512,-0.04911438599285184,nan,64.4
YIELD,0.0,55.00085181077236,-54.54726336102088,-1.5720301333239484,NO_PATH,0.0,0.0,49.59031960978975,-51.91997947886512,-0.04911438599285184,nan,64.42
YIELD,0.0,55.00085181077236,-54.54726336102088,-1.5720301333239484,NO_PATH,0.0,0.0,49.59031960978975,-51.91997947886512,-0.04911438599285184,nan,64.44
YIELD,0.0,55.00085181077236,-54.54726336102088,-1.5720301333239484,NO_PATH,0.0,0.0,49.59031960978975,-51.91997947886512,-0.04911438599285184,nan,64.46000000000001
YIELD,0.0,55.00085181077236,-54.54726336102088,-1.5720301333239484,NO_PATH,0.0,0.0,49.59031960978975,-51.91997947886512,-0.04911438599285184,nan,64.48100000000001
YIELD,0.0,55.00085181077236,-54.54726336102088,-1.5720301333239484,NO_PATH,0.0,0.0,49.59031960978975,-51.91997947886512,-0.04911438599285184,nan,64.5
YIELD,0.0,55.00085181077236,-54.54726336102088,-1.5720301333239484,NO_PATH,0.0,0.0,49.59031960978975,-51.91997947886512,-0.04911438599285184,nan,64.52000000000001
YIELD,0.0,55.00085181077236,-54.54726336102088,-1.5720301333239484,NO_PATH,0.0,0.0,49.59031960978975,-51.91997947886512,-0.04911438599285184,nan,64.54
YIELD,0.0,55.00085181077236,-54.54726336102088,-1.5720301333239484,NO_PATH,0.0,0.0,49.59031960978975,-51.91997947886512,-0.04911438599285184,nan,64.56
YIELD,0.0,55.00085181077236,-54.54726336102088,-1.5720301333239484,NO_PATH,0.0,0.0,49.59031960978975,-51.91997947886512,-0.04911438599285184,nan,64.58
YIELD,0.0,55.00085181077236,-54.54726336102088,-1.5720301333239484,NO_PATH,0.0,0.0,49.59031960978975,-51.91997947886512,-0.04911438599285184,nan,64.60000000000001
YIELD,0.0,55.00085181077236,-54.54726336102088,-1.5720301333239484,NO_PATH,0.0,0.0,49.59031960978975,-51.91997947886512,-0.04911438599285184,nan,64.62
YIELD,0.0,55.00085181077236,-54.54726336102088,-1.5720301333239484,NO_PATH,0.0,0.0,49.59031960978975,-51.91997947886512,-0.04911438599285184,nan,64.64
YIELD,0.0,55.00085181077236,-54.54726336102088,-1.5720301333239484,NO_PATH,0.0,0.0,49.59031960978975,-51.91997947886512,-0.04911438599285184,nan,64.66000000000001
YIELD,0.0,55.00085181077236,-54.54726336102088,-1.5720301333239484,NO_PATH,0.0,0.0,49.59031960978975,-51.91997947886512,-0.04911438599285184,nan,64.68
YIELD,0.0,55.00085181077236,-54.54726336102088,-1.5720301333239484,NO_PATH,0.0,0.0,49.59031960978975,-51.91997947886512,-0.04911438599285184,nan,64.7
YIELD,0.0,55.00085181077236,-54.54726336102088,-1.5720301333239484,NO_PATH,0.0,0.0,49.59031960978975,-51.91997947886512,-0.04911438599285184,nan,64.72
YIELD,0.0,55.00085181077236,-54.54726336102088,-1.5720301333239484,NO_PATH,0.0,0.0,49.59031960978975,-51.91997947886512,-0.04911438599285184,nan,64.74000000000001
YIELD,0.0,55.00085181077236,-54.54726336102088,-1.5720301333239484,NO_PATH,0.0,0.0,49.59031960978975,-51.91997947886512,-0.04911438599285184,nan,64.76
YIELD,0.0,55.00085181077236,-54.54726336102088,-1.5720301333239484,NO_PATH,0.0,0.0,49.59031960978975,-51.91997947886512,-0.04911438599285184,nan,64.78
YIELD,0.0,55.00085181077236,-54.54726336102088,-1.5720301333239484,NO_PATH,0.0,0.0,49.59031960978975,-51.91997947886512,-0.04911438599285184,nan,64.8
YIELD,0.0,55.00085181077236,-54.54726336102088,-1.5720301333239484,NO_PATH,0.0,0.0,49.59031960978975,-51.91997947886512,-0.04911438599285184,nan,64.82000000000001
YIELD,0.0,55.00085181077236,-54.54726336102088,-1.5720301333239484,NO_PATH,0.0,0.0,49.59031960978975,-51.91997947886512,-0.04911438599285184,nan,64.84
YIELD,0.0,55.00085181077236,-54.54726336102088,-1.5720301333239484,NO_PATH,0.0,0.0,49.59031960978975,-51.91997947886512,-0.04911438599285184,nan,64.86
YIELD,0.0,55.00085181077236,-54.54726336102088,-1.5720301333239484,NO_PATH,0.0,0.0,49.59031960978975,-51.91997947886512,-0.04911438599285184,nan,64.88000000000001
YIELD,0.0,55.00085181077236,-54.54726336102088,-1.5720301333239484,NO_PATH,0.0,0.0,49.59031960978975,-51.91997947886512,-0.04911438599285184,nan,64.90100000000001
YIELD,0.0,55.00085181077236,-54.54726336102088,-1.5720301333239484,NO_PATH,0.0,0.0,49.59031960978975,-51.91997947886512,-0.04911438599285184,nan,64.92
YIELD,0.0,55.00085181077236,-54.54726336102088,-1.5720301333239484,NO_PATH,0.0,0.0,49.59031960978975,-51.91997947886512,-0.04911438599285184,nan,64.94
YIELD,0.0,55.00085181077236,-54.54726336102088,-1.5720301333239484,NO_PATH,0.0,0.0,49.59031960978975,-51.91997947886512,-0.04911438599285184,nan,64.96000000000001
YIELD,0.0,55.00085181077236,-54.54726336102088,-1.5720301333239484,NO_PATH,0.0,0.0,49.59031960978975,-51.91997947886512,-0.04911438599285184,nan,64.98
YIELD,0.0,55.00085181077236,-54.54726336102088,-1.5720301333239484,NO_PATH,0.0,0.0,49.59031960978975,-51.91997947886512,-0.04911438599285184,nan,65.0
YIELD,0.0,55.00085181077236,-54.54726336102088,-1.5720301333239484,NO_PATH,0.0,0.0,49.59031960978975,-51.91997947886512,-0.04911438599285184,nan,65.02000000000001
YIELD,0.0,55.00085181077236,-54.54726336102088,-1.5720301333239484,NO_PATH,0.0,0.0,49.59031960978975,-51.91997947886512,-0.04911438599285184,nan,65.04
YIELD,0.0,55.00085181077236,-54.54726336102088,-1.5720301333239484,NO_PATH,0.0,0.0,49.59031960978975,-51.91997947886512,-0.04911438599285184,nan,65.06
YIELD,0.0,55.00085181077236,-54.54726336102088,-1.5720301333239484,NO_PATH,0.0,0.0,49.59031960978975,-51.91997947886512,-0.04911438599285184,nan,65.08
YIELD,0.0,55.00085181077236,-54.54726336102088,-1.5720301333239484,NO_PATH,0.0,0.0,49.59031960978975,-51.91997947886512,-0.04911438599285184,nan,65.10000000000001
YIELD,0.0,55.00085181077236,-54.54726336102088,-1.5720301333239484,NO_PATH,0.0,0.0,49.59031960978975,-51.91997947886512,-0.04911438599285184,nan,65.12
YIELD,0.0,55.00085181077236,-54.54726336102088,-1.5720301333239484,NO_PATH,0.0,0.0,49.59031960978975,-51.91997947886512,-0.04911438599285184,nan,65.14
YIELD,0.0,55.00085181077236,-54.54726336102088,-1.5720301333239484,NO_PATH,0.0,0.0,49.59031960978975,-51.91997947886512,-0.04911438599285184,nan,65.16000000000001
YIELD,0.0,55.00085181077236,-54.54726336102088,-1.5720301333239484,NO_PATH,0.0,0.0,49.59031960978975,-51.91997947886512,-0.04911438599285184,nan,65.18
YIELD,0.0,55.00085181077236,-54.54726336102088,-1.5720301333239484,NO_PATH,0.0,0.0,49.59031960978975,-51.91997947886512,-0.04911438599285184,nan,65.2
YIELD,0.0,55.00085181077236,-54.54726336102088,-1.5720301333239484,NO_PATH,0.0,0.0,49.59031960978975,-51.91997947886512,-0.04911438599285184,nan,65.22
YIELD,0.0,55.00085181077236,-54.54726336102088,-1.5720301333239484,NO_PATH,0.0,0.0,49.59031960978975,-51.91997947886512,-0.04911438599285184,nan,65.24000000000001
YIELD,0.0,55.00085181077236,-54.54726336102088,-1.5720301333239484,NO_PATH,0.0,0.0,49.59031960978975,-51.91997947886512,-0.04911438599285184,nan,65.26
YIELD,0.0,55.00085181077236,-54.54726336102088,-1.5720301333239484,NO_PATH,0.0,0.0,49.59031960978975,-51.91997947886512,-0.04911438599285184,nan,65.28
YIELD,0.0,55.00085181077236,-54.54726336102088,-1.5720301333239484,NO_PATH,0.0,0.0,49.59031960978975,-51.91997947886512,-0.04911438599285184,nan,65.3
YIELD,0.0,55.00085181077236,-54.54726336102088,-1.5720301333239484,NO_PATH,0.0,0.0,49.59031960978975,-51.91997947886512,-0.04911438599285184,nan,65.32000000000001
YIELD,0.0,55.00085181077236,-54.54726336102088,-1.5720301333239484,NO_PATH,0.0,0.0,49.59031960978975,-51.91997947886512,-0.04911438599285184,nan,65.34
YIELD,0.0,55.00085181077236,-54.54726336102088,-1.5720301333239484,NO_PATH,0.0,0.0,49.59031960978975,-51.91997947886512,-0.04911438599285184,nan,65.36
YIELD,0.0,55.00085181077236,-54.54726336102088,-1.5720301333239484,NO_PATH,0.0,0.0,49.59031960978975,-51.91997947886512,-0.04911438599285184,nan,65.38000000000001
YIELD,0.0,55.00085181077236,-54.54726336102088,-1.5720301333239484,NO_PATH,0.0,0.0,49.59031960978975,-51.91997947886512,-0.04911438599285184,nan,65.4
YIELD,0.0,55.00085181077236,-54.54726336102088,-1.5720301333239484,NO_PATH,0.0,0.0,49.59031960978975,-51.91997947886512,-0.04911438599285184,nan,65.42
YIELD,0.0,55.00085181077236,-54.54726336102088,-1.5720301333239484,NO_PATH,0.0,0.0,49.59031960978975,-51.91997947886512,-0.04911438599285184,nan,65.44
YIELD,0.0,55.00085181077236,-54.54726336102088,-1.5720301333239484,NO_PATH,0.0,0.0,49.59031960978975,-51.91997947886512,-0.04911438599285184,nan,65.46000000000001
YIELD,0.0,55.00085181077236,-54.54726336102088,-1.5720301333239484,NO_PATH,0.0,0.0,49.59031960978975,-51.91997947886512,-0.04911438599285184,nan,65.48
YIELD,0.0,55.00085181077236,-54.54726336102088,-1.5720301333239484,NO_PATH,0.0,0.0,49.59031960978975,-51.91997947886512,-0.04911438599285184,nan,65.5
YIELD,0.0,55.00085181077236,-54.54726336102088,-1.5720301333239484,NO_PATH,0.0,0.0,49.59031960978975,-51.91997947886512,-0.04911438599285184,nan,65.52000000000001
YIELD,0.0,55.00085181077236,-54.54726336102088,-1.5720301333239484,NO_PATH,0.0,0.0,49.59031960978975,-51.91997947886512,-0.04911438599285184,nan,65.54
YIELD,0.0,55.00085181077236,-54.54726336102088,-1.5720301333239484,NO_PATH,0.0,0.0,49.59031960978975,-51.91997947886512,-0.04911438599285184,nan,65.56
YIELD,0.0,55.00085181077236,-54.54726336102088,-1.5720301333239484,NO_PATH,0.0,0.0,49.59031960978975,-51.91997947886512,-0.04911438599285184,nan,65.58
YIELD,0.0,55.00085181077236,-54.54726336102088,-1.5720301333239484,NO_PATH,0.0,0.0,49.59031960978975,-51.91997947886512,-0.04911438599285184,nan,65.60000000000001
YIELD,0.0,55.00085181077236,-54.54726336102088,-1.5720301333239484,NO_PATH,0.0,0.0,49.59031960978975,-51.91997947886512,-0.04911438599285184,nan,65.62
YIELD,0.0,55.00085181077236,-54.54726336102088,-1.5720301333239484,NO_PATH,0.0,0.0,49.59031960978975,-51.91997947886512,-0.04911438599285184,nan,65.64
YIELD,0.0,55.00085181077236,-54.54726336102088,-1.5720301333239484,NO_PATH,0.0,0.0,49.59031960978975,-51.91997947886512,-0.04911438599285184,nan,65.66000000000001
YIELD,0.0,55.00085181077236,-54.54726336102088,-1.5720301333239484,NO_PATH,0.0,0.0,49.59031960978975,-51.91997947886512,-0.04911438599285184,nan,65.68
YIELD,0.0,55.00085181077236,-54.54726336102088,-1.5720301333239484,NO_PATH,0.0,0.0,49.59031960978975,-51.91997947886512,-0.04911438599285184,nan,65.7
YIELD,0.0,55.00085181077236,-54.54726336102088,-1.5720301333239484,NO_PATH,0.0,0.0,49.59031960978975,-51.91997947886512,-0.04911438599285184,nan,65.72
YIELD,0.0,55.00085181077236,-54.54726336102088,-1.5720301333239484,NO_PATH,0.0,0.0,49.59031960978975,-51.91997947886512,-0.04911438599285184,nan,65.74000000000001
YIELD,0.0,55.00085181077236,-54.54726336102088,-1.5720301333239484,NO_PATH,0.0,0.0,49.59031960978975,-51.91997947886512,-0.04911438599285184,nan,65.76
YIELD,0.0,55.00085181077236,-54.54726336102088,-1.5720301333239484,NO_PATH,0.0,0.0,49.59031960978975,-51.91997947886512,-0.04911438599285184,nan,65.78
YIELD,0.0,55.00085181077236,-54.54726336102088,-1.5720301333239484,NO_PATH,0.0,0.0,49.59031960978975,-51.91997947886512,-0.04911438599285184,nan,65.8
YIELD,0.0,55.00085181077236,-54.54726336102088,-1.5720301333239484,NO_PATH,0.0,0.0,49.59031960978975,-51.91997947886512,-0.04911438599285184,nan,65.82000000000001
YIELD,0.0,55.00085181077236,-54.54726336102088,-1.5720301333239484,NO_PATH,0.0,0.0,49.59031960978975,-51.91997947886512,-0.04911438599285184,nan,65.84
YIELD,0.0,55.00085181077236,-54.54726336102088,-1.5720301333239484,NO_PATH,0.0,0.0,49.59031960978975,-51.91997947886512,-0.04911438599285184,nan,65.86
YIELD,0.0,55.00085181077236,-54.54726336102088,-1.5720301333239484,NO_PATH,0.0,0.0,49.59031960978975,-51.91997947886512,-0.04911438599285184,nan,65.88000000000001
YIELD,0.0,55.00085181077236,-54.54726336102088,-1.5720301333239484,NO_PATH,0.0,0.0,49.59031960978975,-51.91997947886512,-0.04911438599285184,nan,65.9
YIELD,0.0,55.00085181077236,-54.54726336102088,-1.5720301333239484,NO_PATH,0.0,0.0,49.59031960978975,-51.91997947886512,-0.04911438599285184,nan,65.92
YIELD,0.0,55.00085181077236,-54.54726336102088,-1.5720301333239484,NO_PATH,0.0,0.0,49.59031960978975,-51.91997947886512,-0.04911438599285184,nan,65.94
YIELD,0.0,55.00085181077236,-54.54726336102088,-1.5720301333239484,NO_PATH,0.0,0.0,49.59031960978975,-51.91997947886512,-0.04911438599285184,nan,65.96000000000001
YIELD,0.0,55.00085181077236,-54.54726336102088,-1.5720301333239484,NO_PATH,0.0,0.0,49.59031960978975,-51.91997947886512,-0.04911438599285184,nan,65.98
YIELD,0.0,55.00085181077236,-54.54726336102088,-1.5720301333239484,NO_PATH,0.0,0.0,49.59031960978975,-51.91997947886512,-0.04911438599285184,nan,66.0
YIELD,0.0,55.00085181077236,-54.54726336102088,-1.5720301333239484,NO_PATH,0.0,0.0,49.59031960978975,-51.91997947886512,-0.04911438599285184,nan,66.02000000000001
YIELD,0.0,55.00085181077236,-54.54726336102088,-1.5720301333239484,NO_PATH,0.0,0.0,49.59031960978975,-51.91997947886512,-0.04911438599285184,nan,66.04
YIELD,0.0,55.00085181077236,-54.54726336102088,-1.5720301333239484,NO_PATH,0.0,0.0,49.59031960978975,-51.91997947886512,-0.04911438599285184,nan,66.06
YIELD,0.0,55.00085181077236,-54.54726336102088,-1.5720301333239484,NO_PATH,0.0,0.0,49.59031960978975,-51.91997947886512,-0.04911438599285184,nan,66.08
YIELD,0.0,55.00085181077236,-54.54726336102088,-1.5720301333239484,NO_PATH,0.0,0.0,49.59031960978975,-51.91997947886512,-0.04911438599285184,nan,66.10000000000001
YIELD,0.0,55.00085181077236,-54.54726336102088,-1.5720301333239484,NO_PATH,0.0,0.0,49.59031960978975,-51.91997947886512,-0.04911438599285184,nan,66.12
YIELD,0.0,55.00085181077236,-54.54726336102088,-1.5720301333239484,NO_PATH,0.0,0.0,49.59031960978975,-51.91997947886512,-0.04911438599285184,nan,66.14
YIELD,0.0,55.00085181077236,-54.54726336102088,-1.5720301333239484,NO_PATH,0.0,0.0,49.59031960978975,-51.91997947886512,-0.04911438599285184,nan,66.16000000000001
YIELD,0.0,55.00085181077236,-54.54726336102088,-1.5720301333239484,NO_PATH,0.0,0.0,49.59031960978975,-51.91997947886512,-0.04911438599285184,nan,66.18
YIELD,0.0,55.00085181077236,-54.54726336102088,-1.5720301333239484,NO_PATH,0.0,0.0,49.59031960978975,-51.91997947886512,-0.04911438599285184,nan,66.2
YIELD,0.0,55.00085181077236,-54.54726336102088,-1.5720301333239484,NO_PATH,0.0,0.0,49.59031960978975,-51.91997947886512,-0.04911438599285184,nan,66.22
YIELD,0.0,55.00085181077236,-54.54726336102088,-1.5720301333239484,NO_PATH,0.0,0.0,49.59031960978975,-51.91997947886512,-0.04911438599285184,nan,66.241
YIELD,0.0,55.00085181077236,-54.54726336102088,-1.5720301333239484,NO_PATH,0.0,0.0,49.59031960978975,-51.91997947886512,-0.04911438599285184,nan,66.26
YIELD,0.0,55.00085181077236,-54.54726336102088,-1.5720301333239484,NO_PATH,0.0,0.0,49.59031960978975,-51.91997947886512,-0.04911438599285184,nan,66.28
YIELD,0.0,55.00085181077236,-54.54726336102088,-1.5720301333239484,NO_PATH,0.0,0.0,49.59031960978975,-51.91997947886512,-0.04911438599285184,nan,66.3
YIELD,0.0,55.00085181077236,-54.54726336102088,-1.5720301333239484,NO_PATH,0.0,0.0,49.59031960978975,-51.91997947886512,-0.04911438599285184,nan,66.32000000000001
YIELD,0.0,55.00085181077236,-54.54726336102088,-1.5720301333239484,NO_PATH,0.0,0.0,49.59031960978975,-51.91997947886512,-0.04911438599285184,nan,66.34
YIELD,0.0,55.00085181077236,-54.54726336102088,-1.5720301333239484,NO_PATH,0.0,0.0,49.59031960978975,-51.91997947886512,-0.04911438599285184,nan,66.36
YIELD,0.0,55.00085181077236,-54.54726336102088,-1.5720301333239484,NO_PATH,0.0,0.0,49.59031960978975,-51.91997947886512,-0.04911438599285184,nan,66.38000000000001
YIELD,0.0,55.00085181077236,-54.54726336102088,-1.5720301333239484,NO_PATH,0.0,0.0,49.59031960978975,-51.91997947886512,-0.04911438599285184,nan,66.4
YIELD,0.0,55.00085181077236,-54.54726336102088,-1.5720301333239484,NO_PATH,0.0,0.0,49.59031960978975,-51.91997947886512,-0.04911438599285184,nan,66.42
YIELD,0.0,55.00085181077236,-54.54726336102088,-1.5720301333239484,NO_PATH,0.0,0.0,49.59031960978975,-51.91997947886512,-0.04911438599285184,nan,66.44
YIELD,0.0,55.00085181077236,-54.54726336102088,-1.5720301333239484,NO_PATH,0.0,0.0,49.59031960978975,-51.91997947886512,-0.04911438599285184,nan,66.46000000000001
YIELD,0.0,55.00085181077236,-54.54726336102088,-1.5720301333239484,NO_PATH,0.0,0.0,49.59031960978975,-51.91997947886512,-0.04911438599285184,nan,66.48
YIELD,0.0,55.00085181077236,-54.54726336102088,-1.5720301333239484,NO_PATH,0.0,0.0,49.59031960978975,-51.91997947886512,-0.04911438599285184,nan,66.5
YIELD,0.0,55.00085181077236,-54.54726336102088,-1.5720301333239484,NO_PATH,0.0,0.0,49.59031960978975,-51.91997947886512,-0.04911438599285184,nan,66.52000000000001
YIELD,0.0,55.00085181077236,-54.54726336102088,-1.5720301333239484,NO_PATH,0.0,0.0,49.59031960978975,-51.91997947886512,-0.04911438599285184,nan,66.54
YIELD,0.0,55.00085181077236,-54.54726336102088,-1.5720301333239484,NO_PATH,0.0,0.0,49.59031960978975,-51.91997947886512,-0.04911438599285184,nan,66.56
YIELD,0.0,55.00085181077236,-54.54726336102088,-1.5720301333239484,NO_PATH,0.0,0.0,49.59031960978975,-51.91997947886512,-0.04911438599285184,nan,66.58
YIELD,0.0,55.00085181077236,-54.54726336102088,-1.5720301333239484,NO_PATH,0.0,0.0,49.59031960978975,-51.91997947886512,-0.04911438599285184,nan,66.60000000000001
YIELD,0.0,55.00085181077236,-54.54726336102088,-1.5720301333239484,NO_PATH,0.0,0.0,49.59031960978975,-51.91997947886512,-0.04911438599285184,nan,66.62
YIELD,0.0,55.00085181077236,-54.54726336102088,-1.5720301333239484,NO_PATH,0.0,0.0,49.59031960978975,-51.91997947886512,-0.04911438599285184,nan,66.64
YIELD,0.0,55.00085181077236,-54.54726336102088,-1.5720301333239484,NO_PATH,0.0,0.0,49.59031960978975,-51.91997947886512,-0.04911438599285184,nan,66.66000000000001
YIELD,0.0,55.00085181077236,-54.54726336102088,-1.5720301333239484,NO_PATH,0.0,0.0,49.59031960978975,-51.91997947886512,-0.04911438599285184,nan,66.68
YIELD,0.0,55.00085181077236,-54.54726336102088,-1.5720301333239484,NO_PATH,0.0,0.0,49.59031960978975,-51.91997947886512,-0.04911438599285184,nan,66.7
YIELD,0.0,55.00085181077236,-54.54726336102088,-1.5720301333239484,NO_PATH,0.0,0.0,49.59031960978975,-51.91997947886512,-0.04911438599285184,nan,66.72
YIELD,0.0,55.00085181077236,-54.54726336102088,-1.5720301333239484,NO_PATH,0.0,0.0,49.59031960978975,-51.91997947886512,-0.04911438599285184,nan,66.74000000000001
YIELD,0.0,55.00085181077236,-54.54726336102088,-1.5720301333239484,NO_PATH,0.0,0.0,49.59031960978975,-51.91997947886512,-0.04911438599285184,nan,66.76
YIELD,0.0,55.00085181077236,-54.54726336102088,-1.5720301333239484,NO_PATH,0.0,0.0,49.59031960978975,-51.91997947886512,-0.04911438599285184,nan,66.78
YIELD,0.0,55.00085181077236,-54.54726336102088,-1.5720301333239484,NO_PATH,0.0,0.0,49.59031960978975,-51.91997947886512,-0.04911438599285184,nan,66.801
YIELD,0.0,55.00085181077236,-54.54726336102088,-1.5720301333239484,NO_PATH,0.0,0.0,49.59031960978975,-51.91997947886512,-0.04911438599285184,nan,66.821
YIELD,0.0,55.00085181077236,-54.54726336102088,-1.5720301333239484,NO_PATH,0.0,0.0,49.59031960978975,-51.91997947886512,-0.04911438599285184,nan,66.84
YIELD,0.0,55.00085181077236,-54.54726336102088,-1.5720301333239484,NO_PATH,0.0,0.0,49.59031960978975,-51.91997947886512,-0.04911438599285184,nan,66.86
YIELD,0.0,55.00085181077236,-54.54726336102088,-1.5720301333239484,NO_PATH,0.0,0.0,49.59031960978975,-51.91997947886512,-0.04911438599285184,nan,66.88000000000001
YIELD,0.0,55.00085181077236,-54.54726336102088,-1.5720301333239484,NO_PATH,0.0,0.0,49.59031960978975,-51.91997947886512,-0.04911438599285184,nan,66.9
YIELD,0.0,55.00085181077236,-54.54726336102088,-1.5720301333239484,NO_PATH,0.0,0.0,49.59031960978975,-51.91997947886512,-0.04911438599285184,nan,66.92
YIELD,0.0,55.00085181077236,-54.54726336102088,-1.5720301333239484,NO_PATH,0.0,0.0,49.59031960978975,-51.91997947886512,-0.04911438599285184,nan,66.94
YIELD,0.0,55.00085181077236,-54.54726336102088,-1.5720301333239484,NO_PATH,0.0,0.0,49.59031960978975,-51.91997947886512,-0.04911438599285184,nan,66.96000000000001
YIELD,0.0,55.00085181077236,-54.54726336102088,-1.5720301333239484,NO_PATH,0.0,0.0,49.59031960978975,-51.91997947886512,-0.04911438599285184,nan,66.98
YIELD,0.0,55.00085181077236,-54.54726336102088,-1.5720301333239484,NO_PATH,0.0,0.0,49.59031960978975,-51.91997947886512,-0.04911438599285184,nan,67.0
YIELD,0.0,55.00085181077236,-54.54726336102088,-1.5720301333239484,NO_PATH,0.0,0.0,49.59031960978975,-51.91997947886512,-0.04911438599285184,nan,67.02000000000001
YIELD,0.0,55.00085181077236,-54.54726336102088,-1.5720301333239484,NO_PATH,0.0,0.0,49.59031960978975,-51.91997947886512,-0.04911438599285184,nan,67.04
YIELD,0.0,55.00085181077236,-54.54726336102088,-1.5720301333239484,NO_PATH,0.0,0.0,49.59031960978975,-51.91997947886512,-0.04911438599285184,nan,67.06
YIELD,0.0,55.00085181077236,-54.54726336102088,-1.5720301333239484,NO_PATH,0.0,0.0,49.59031960978975,-51.91997947886512,-0.04911438599285184,nan,67.08
YIELD,0.0,55.00085181077236,-54.54726336102088,-1.5720301333239484,NO_PATH,0.0,0.0,49.59031960978975,-51.91997947886512,-0.04911438599285184,nan,67.10000000000001
YIELD,0.0,55.00085181077236,-54.54726336102088,-1.5720301333239484,NO_PATH,0.0,0.0,49.59031960978975,-51.91997947886512,-0.04911438599285184,nan,67.12
YIELD,0.0,55.00085181077236,-54.54726336102088,-1.5720301333239484,NO_PATH,0.0,0.0,49.59031960978975,-51.91997947886512,-0.04911438599285184,nan,67.14
YIELD,0.0,55.00085181077236,-54.54726336102088,-1.5720301333239484,NO_PATH,0.0,0.0,49.59031960978975,-51.91997947886512,-0.04911438599285184,nan,67.16000000000001
YIELD,0.0,55.00085181077236,-54.54726336102088,-1.5720301333239484,NO_PATH,0.0,0.0,49.59031960978975,-51.91997947886512,-0.04911438599285184,nan,67.18
YIELD,0.0,55.00085181077236,-54.54726336102088,-1.5720301333239484,NO_PATH,0.0,0.0,49.59031960978975,-51.91997947886512,-0.04911438599285184,nan,67.20100000000001
YIELD,0.0,55.00085181077236,-54.54726336102088,-1.5720301333239484,NO_PATH,0.0,0.0,49.59031960978975,-51.91997947886512,-0.04911438599285184,nan,67.22
YIELD,0.0,55.00085181077236,-54.54726336102088,-1.5720301333239484,NO_PATH,0.0,0.0,49.59031960978975,-51.91997947886512,-0.04911438599285184,nan,67.241
YIELD,0.0,55.00085181077236,-54.54726336102088,-1.5720301333239484,NO_PATH,0.0,0.0,49.59031960978975,-51.91997947886512,-0.04911438599285184,nan,67.26
YIELD,0.0,55.00085181077236,-54.54726336102088,-1.5720301333239484,NO_PATH,0.0,0.0,49.59031960978975,-51.91997947886512,-0.04911438599285184,nan,67.281
YIELD,0.0,55.00085181077236,-54.54726336102088,-1.5720301333239484,NO_PATH,0.0,0.0,49.59031960978975,-51.91997947886512,-0.04911438599285184,nan,67.3
YIELD,0.0,55.00085181077236,-54.54726336102088,-1.5720301333239484,NO_PATH,0.0,0.0,49.59031960978975,-51.91997947886512,-0.04911438599285184,nan,67.32000000000001
YIELD,0.0,55.00085181077236,-54.54726336102088,-1.5720301333239484,NO_PATH,0.0,0.0,49.59031960978975,-51.91997947886512,-0.04911438599285184,nan,67.34
YIELD,0.0,55.00085181077236,-54.54726336102088,-1.5720301333239484,NO_PATH,0.0,0.0,49.59031960978975,-51.91997947886512,-0.04911438599285184,nan,67.361
YIELD,0.0,55.00085181077236,-54.54726336102088,-1.5720301333239484,NO_PATH,0.0,0.0,49.59031960978975,-51.91997947886512,-0.04911438599285184,nan,67.38000000000001
YIELD,0.0,55.00085181077236,-54.54726336102088,-1.5720301333239484,NO_PATH,0.0,0.0,49.59031960978975,-51.91997947886512,-0.04911438599285184,nan,67.4
YIELD,0.0,55.00085181077236,-54.54726336102088,-1.5720301333239484,NO_PATH,0.0,0.0,49.59031960978975,-51.91997947886512,-0.04911438599285184,nan,67.42
YIELD,0.0,55.00085181077236,-54.54726336102088,-1.5720301333239484,NO_PATH,0.0,0.0,49.59031960978975,-51.91997947886512,-0.04911438599285184,nan,67.44
YIELD,0.0,55.00085181077236,-54.54726336102088,-1.5720301333239484,NO_PATH,0.0,0.0,49.59031960978975,-51.91997947886512,-0.04911438599285184,nan,67.46000000000001
YIELD,0.0,55.00085181077236,-54.54726336102088,-1.5720301333239484,NO_PATH,0.0,0.0,49.59031960978975,-51.91997947886512,-0.04911438599285184,nan,67.48
YIELD,0.0,55.00085181077236,-54.54726336102088,-1.5720301333239484,NO_PATH,0.0,0.0,49.59031960978975,-51.91997947886512,-0.04911438599285184,nan,67.5
YIELD,0.0,55.00085181077236,-54.54726336102088,-1.5720301333239484,NO_PATH,0.0,0.0,49.59031960978975,-51.91997947886512,-0.04911438599285184,nan,67.52000000000001
YIELD,0.0,55.00085181077236,-54.54726336102088,-1.5720301333239484,NO_PATH,0.0,0.0,49.59031960978975,-51.91997947886512,-0.04911438599285184,nan,67.54
YIELD,0.0,55.00085181077236,-54.54726336102088,-1.5720301333239484,NO_PATH,0.0,0.0,49.59031960978975,-51.91997947886512,-0.04911438599285184,nan,67.56
YIELD,0.0,55.00085181077236,-54.54726336102088,-1.5720301333239484,NO_PATH,0.0,0.0,49.59031960978975,-51.91997947886512,-0.04911438599285184,nan,67.58
YIELD,0.0,55.00085181077236,-54.54726336102088,-1.5720301333239484,NO_PATH,0.0,0.0,49.59031960978975,-51.91997947886512,-0.04911438599285184,nan,67.60000000000001
YIELD,0.0,55.00085181077236,-54.54726336102088,-1.5720301333239484,NO_PATH,0.0,0.0,49.59031960978975,-51.91997947886512,-0.04911438599285184,nan,67.62
YIELD,0.0,55.00085181077236,-54.54726336102088,-1.5720301333239484,NO_PATH,0.0,0.0,49.59031960978975,-51.91997947886512,-0.04911438599285184,nan,67.64
YIELD,0.0,55.00085181077236,-54.54726336102088,-1.5720301333239484,NO_PATH,0.0,0.0,49.59031960978975,-51.91997947886512,-0.04911438599285184,nan,67.66000000000001
YIELD,0.0,55.00085181077236,-54.54726336102088,-1.5720301333239484,NO_PATH,0.0,0.0,49.59031960978975,-51.91997947886512,-0.04911438599285184,nan,67.68
YIELD,0.0,55.00085181077236,-54.54726336102088,-1.5720301333239484,NO_PATH,0.0,0.0,49.59031960978975,-51.91997947886512,-0.04911438599285184,nan,67.70100000000001
YIELD,0.0,55.00085181077236,-54.54726336102088,-1.5720301333239484,NO_PATH,0.0,0.0,49.59031960978975,-51.91997947886512,-0.04911438599285184,nan,67.72
YIELD,0.0,55.00085181077236,-54.54726336102088,-1.5720301333239484,NO_PATH,0.0,0.0,49.59031960978975,-51.91997947886512,-0.04911438599285184,nan,67.74000000000001
YIELD,0.0,55.00085181077236,-54.54726336102088,-1.5720301333239484,NO_PATH,0.0,0.0,49.59031960978975,-51.91997947886512,-0.04911438599285184,nan,67.76
YIELD,0.0,55.00085181077236,-54.54726336102088,-1.5720301333239484,NO_PATH,0.0,0.0,49.59031960978975,-51.91997947886512,-0.04911438599285184,nan,67.78
YIELD,0.0,55.00085181077236,-54.54726336102088,-1.5720301333239484,NO_PATH,0.0,0.0,49.59031960978975,-51.91997947886512,-0.04911438599285184,nan,67.8
YIELD,0.0,55.00085181077236,-54.54726336102088,-1.5720301333239484,NO_PATH,0.0,0.0,49.59031960978975,-51.91997947886512,-0.04911438599285184,nan,67.82000000000001
YIELD,0.0,55.00085181077236,-54.54726336102088,-1.5720301333239484,NO_PATH,0.0,0.0,49.59031960978975,-51.91997947886512,-0.04911438599285184,nan,67.84
YIELD,0.0,55.00085181077236,-54.54726336102088,-1.5720301333239484,NO_PATH,0.0,0.0,49.59031960978975,-51.91997947886512,-0.04911438599285184,nan,67.86
YIELD,0.0,55.00085181077236,-54.54726336102088,-1.5720301333239484,NO_PATH,0.0,0.0,49.59031960978975,-51.91997947886512,-0.04911438599285184,nan,67.88000000000001
YIELD,0.0,55.00085181077236,-54.54726336102088,-1.5720301333239484,NO_PATH,0.0,0.0,49.59031960978975,-51.91997947886512,-0.04911438599285184,nan,67.9
YIELD,0.0,55.00085181077236,-54.54726336102088,-1.5720301333239484,NO_PATH,0.0,0.0,49.59031960978975,-51.91997947886512,-0.04911438599285184,nan,67.92
YIELD,0.0,55.00085181077236,-54.54726336102088,-1.5720301333239484,NO_PATH,0.0,0.0,49.59031960978975,-51.91997947886512,-0.04911438599285184,nan,67.94
YIELD,0.0,55.00085181077236,-54.54726336102088,-1.5720301333239484,NO_PATH,0.0,0.0,49.59031960978975,-51.91997947886512,-0.04911438599285184,nan,67.96000000000001
YIELD,0.0,55.00085181077236,-54.54726336102088,-1.5720301333239484,NO_PATH,0.0,0.0,49.59031960978975,-51.91997947886512,-0.04911438599285184,nan,67.98
YIELD,0.0,55.00085181077236,-54.54726336102088,-1.5720301333239484,NO_PATH,0.0,0.0,49.59031960978975,-51.91997947886512,-0.04911438599285184,nan,68.001
YIELD,0.0,55.00085181077236,-54.54726336102088,-1.5720301333239484,NO_PATH,0.0,0.0,49.59031960978975,-51.91997947886512,-0.04911438599285184,nan,68.02000000000001
YIELD,0.0,55.00085181077236,-54.54726336102088,-1.5720301333239484,NO_PATH,0.0,0.0,49.59031960978975,-51.91997947886512,-0.04911438599285184,nan,68.04
YIELD,0.0,55.00085181077236,-54.54726336102088,-1.5720301333239484,NO_PATH,0.0,0.0,49.59031960978975,-51.91997947886512,-0.04911438599285184,nan,68.06
YIELD,0.0,55.00085181077236,-54.54726336102088,-1.5720301333239484,NO_PATH,0.0,0.0,49.59031960978975,-51.91997947886512,-0.04911438599285184,nan,68.08
YIELD,0.0,55.00085181077236,-54.54726336102088,-1.5720301333239484,NO_PATH,0.0,0.0,49.59031960978975,-51.91997947886512,-0.04911438599285184,nan,68.10000000000001
YIELD,0.0,55.00085181077236,-54.54726336102088,-1.5720301333239484,NO_PATH,0.0,0.0,49.59031960978975,-51.91997947886512,-0.04911438599285184,nan,68.12
YIELD,0.0,55.00085181077236,-54.54726336102088,-1.5720301333239484,NO_PATH,0.0,0.0,49.59031960978975,-51.91997947886512,-0.04911438599285184,nan,68.14
YIELD,0.0,55.00085181077236,-54.54726336102088,-1.5720301333239484,NO_PATH,0.0,0.0,49.59031960978975,-51.91997947886512,-0.04911438599285184,nan,68.16000000000001
YIELD,0.0,55.00085181077236,-54.54726336102088,-1.5720301333239484,NO_PATH,0.0,0.0,49.59031960978975,-51.91997947886512,-0.04911438599285184,nan,68.18
YIELD,0.0,55.00085181077236,-54.54726336102088,-1.5720301333239484,NO_PATH,0.0,0.0,49.59031960978975,-51.91997947886512,-0.04911438599285184,nan,68.20100000000001
YIELD,0.0,55.00085181077236,-54.54726336102088,-1.5720301333239484,NO_PATH,0.0,0.0,49.59031960978975,-51.91997947886512,-0.04911438599285184,nan,68.22
YIELD,0.0,55.00085181077236,-54.54726336102088,-1.5720301333239484,NO_PATH,0.0,0.0,49.59031960978975,-51.91997947886512,-0.04911438599285184,nan,68.24000000000001
YIELD,0.0,55.00085181077236,-54.54726336102088,-1.5720301333239484,NO_PATH,0.0,0.0,49.59031960978975,-51.91997947886512,-0.04911438599285184,nan,68.26
YIELD,0.0,55.00085181077236,-54.54726336102088,-1.5720301333239484,NO_PATH,0.0,0.0,49.59031960978975,-51.91997947886512,-0.04911438599285184,nan,68.281
YIELD,0.0,55.00085181077236,-54.54726336102088,-1.5720301333239484,NO_PATH,0.0,0.0,49.59031960978975,-51.91997947886512,-0.04911438599285184,nan,68.3
YIELD,0.0,55.00085181077236,-54.54726336102088,-1.5720301333239484,NO_PATH,0.0,0.0,49.59031960978975,-51.91997947886512,-0.04911438599285184,nan,68.32000000000001
YIELD,0.0,55.00085181077236,-54.54726336102088,-1.5720301333239484,NO_PATH,0.0,0.0,49.59031960978975,-51.91997947886512,-0.04911438599285184,nan,68.34
YIELD,0.0,55.00085181077236,-54.54726336102088,-1.5720301333239484,NO_PATH,0.0,0.0,49.59031960978975,-51.91997947886512,-0.04911438599285184,nan,68.36
YIELD,0.0,55.00085181077236,-54.54726336102088,-1.5720301333239484,NO_PATH,0.0,0.0,49.59031960978975,-51.91997947886512,-0.04911438599285184,nan,68.38000000000001
YIELD,0.0,55.00085181077236,-54.54726336102088,-1.5720301333239484,NO_PATH,0.0,0.0,49.59031960978975,-51.91997947886512,-0.04911438599285184,nan,68.4
YIELD,0.0,55.00085181077236,-54.54726336102088,-1.5720301333239484,NO_PATH,0.0,0.0,49.59031960978975,-51.91997947886512,-0.04911438599285184,nan,68.42
YIELD,0.0,55.00085181077236,-54.54726336102088,-1.5720301333239484,NO_PATH,0.0,0.0,49.59031960978975,-51.91997947886512,-0.04911438599285184,nan,68.44
YIELD,0.0,55.00085181077236,-54.54726336102088,-1.5720301333239484,NO_PATH,0.0,0.0,49.59031960978975,-51.91997947886512,-0.04911438599285184,nan,68.46000000000001
YIELD,0.0,55.00085181077236,-54.54726336102088,-1.5720301333239484,NO_PATH,0.0,0.0,49.59031960978975,-51.91997947886512,-0.04911438599285184,nan,68.48
YIELD,0.0,55.00085181077236,-54.54726336102088,-1.5720301333239484,NO_PATH,0.0,0.0,49.59031960978975,-51.91997947886512,-0.04911438599285184,nan,68.5
YIELD,0.0,55.00085181077236,-54.54726336102088,-1.5720301333239484,NO_PATH,0.0,0.0,49.59031960978975,-51.91997947886512,-0.04911438599285184,nan,68.52000000000001
YIELD,0.0,55.00085181077236,-54.54726336102088,-1.5720301333239484,NO_PATH,0.0,0.0,49.59031960978975,-51.91997947886512,-0.04911438599285184,nan,68.54
YIELD,0.0,55.00085181077236,-54.54726336102088,-1.5720301333239484,NO_PATH,0.0,0.0,49.59031960978975,-51.91997947886512,-0.04911438599285184,nan,68.56
YIELD,0.0,55.00085181077236,-54.54726336102088,-1.5720301333239484,NO_PATH,0.0,0.0,49.59031960978975,-51.91997947886512,-0.04911438599285184,nan,68.58
YIELD,0.0,55.00085181077236,-54.54726336102088,-1.5720301333239484,NO_PATH,0.0,0.0,49.59031960978975,-51.91997947886512,-0.04911438599285184,nan,68.60000000000001
YIELD,0.0,55.00085181077236,-54.54726336102088,-1.5720301333239484,NO_PATH,0.0,0.0,49.59031960978975,-51.91997947886512,-0.04911438599285184,nan,68.62
YIELD,0.0,55.00085181077236,-54.54726336102088,-1.5720301333239484,NO_PATH,0.0,0.0,49.59031960978975,-51.91997947886512,-0.04911438599285184,nan,68.64
YIELD,0.0,55.00085181077236,-54.54726336102088,-1.5720301333239484,NO_PATH,0.0,0.0,49.59031960978975,-51.91997947886512,-0.04911438599285184,nan,68.66000000000001
YIELD,0.0,55.00085181077236,-54.54726336102088,-1.5720301333239484,NO_PATH,0.0,0.0,49.59031960978975,-51.91997947886512,-0.04911438599285184,nan,68.68
YIELD,0.0,55.00085181077236,-54.54726336102088,-1.5720301333239484,NO_PATH,0.0,0.0,49.59031960978975,-51.91997947886512,-0.04911438599285184,nan,68.70100000000001
YIELD,0.0,55.00085181077236,-54.54726336102088,-1.5720301333239484,NO_PATH,0.0,0.0,49.59031960978975,-51.91997947886512,-0.04911438599285184,nan,68.72
YIELD,0.0,55.00085181077236,-54.54726336102088,-1.5720301333239484,NO_PATH,0.0,0.0,49.59031960978975,-51.91997947886512,-0.04911438599285184,nan,68.74000000000001
YIELD,0.0,55.00085181077236,-54.54726336102088,-1.5720301333239484,NO_PATH,0.0,0.0,49.59031960978975,-51.91997947886512,-0.04911438599285184,nan,68.76
YIELD,0.0,55.00085181077236,-54.54726336102088,-1.5720301333239484,NO_PATH,0.0,0.0,49.59031960978975,-51.91997947886512,-0.04911438599285184,nan,68.78
YIELD,0.0,55.00085181077236,-54.54726336102088,-1.5720301333239484,NO_PATH,0.0,0.0,49.59031960978975,-51.91997947886512,-0.04911438599285184,nan,68.802
YIELD,0.0,55.00085181077236,-54.54726336102088,-1.5720301333239484,NO_PATH,0.0,0.0,49.59031960978975,-51.91997947886512,-0.04911438599285184,nan,68.82000000000001
YIELD,0.0,55.00085181077236,-54.54726336102088,-1.5720301333239484,NO_PATH,0.0,0.0,49.59031960978975,-51.91997947886512,-0.04911438599285184,nan,68.84
YIELD,0.0,55.00085181077236,-54.54726336102088,-1.5720301333239484,NO_PATH,0.0,0.0,49.59031960978975,-51.91997947886512,-0.04911438599285184,nan,68.86
YIELD,0.0,55.00085181077236,-54.54726336102088,-1.5720301333239484,NO_PATH,0.0,0.0,49.59031960978975,-51.91997947886512,-0.04911438599285184,nan,68.88000000000001
YIELD,0.0,55.00085181077236,-54.54726336102088,-1.5720301333239484,NO_PATH,0.0,0.0,49.59031960978975,-51.91997947886512,-0.04911438599285184,nan,68.9
YIELD,0.0,55.00085181077236,-54.54726336102088,-1.5720301333239484,NO_PATH,0.0,0.0,49.59031960978975,-51.91997947886512,-0.04911438599285184,nan,68.92
YIELD,0.0,55.00085181077236,-54.54726336102088,-1.5720301333239484,NO_PATH,0.0,0.0,49.59031960978975,-51.91997947886512,-0.04911438599285184,nan,68.94
YIELD,0.0,55.00085181077236,-54.54726336102088,-1.5720301333239484,NO_PATH,0.0,0.0,49.59031960978975,-51.91997947886512,-0.04911438599285184,nan,68.96000000000001
YIELD,0.0,55.00085181077236,-54.54726336102088,-1.5720301333239484,NO_PATH,0.0,0.0,49.59031960978975,-51.91997947886512,-0.04911438599285184,nan,68.98
YIELD,0.0,55.00085181077236,-54.54726336102088,-1.5720301333239484,NO_PATH,0.0,0.0,49.59031960978975,-51.91997947886512,-0.04911438599285184,nan,69.001
YIELD,0.0,55.00085181077236,-54.54726336102088,-1.5720301333239484,NO_PATH,0.0,0.0,49.59031960978975,-51.91997947886512,-0.04911438599285184,nan,69.02000000000001
YIELD,0.0,55.00085181077236,-54.54726336102088,-1.5720301333239484,NO_PATH,0.0,0.0,49.59031960978975,-51.91997947886512,-0.04911438599285184,nan,69.04
YIELD,0.0,55.00085181077236,-54.54726336102088,-1.5720301333239484,NO_PATH,0.0,0.0,49.59031960978975,-51.91997947886512,-0.04911438599285184,nan,69.06
YIELD,0.0,55.00085181077236,-54.54726336102088,-1.5720301333239484,NO_PATH,0.0,0.0,49.59031960978975,-51.91997947886512,-0.04911438599285184,nan,69.08
YIELD,0.0,55.00085181077236,-54.54726336102088,-1.5720301333239484,NO_PATH,0.0,0.0,49.59031960978975,-51.91997947886512,-0.04911438599285184,nan,69.10000000000001
YIELD,0.0,55.00085181077236,-54.54726336102088,-1.5720301333239484,NO_PATH,0.0,0.0,49.59031960978975,-51.91997947886512,-0.04911438599285184,nan,69.12
YIELD,0.0,55.00085181077236,-54.54726336102088,-1.5720301333239484,NO_PATH,0.0,0.0,49.59031960978975,-51.91997947886512,-0.04911438599285184,nan,69.14
YIELD,0.0,55.00085181077236,-54.54726336102088,-1.5720301333239484,NO_PATH,0.0,0.0,49.59031960978975,-51.91997947886512,-0.04911438599285184,nan,69.16000000000001
YIELD,0.0,55.00085181077236,-54.54726336102088,-1.5720301333239484,NO_PATH,0.0,0.0,49.59031960978975,-51.91997947886512,-0.04911438599285184,nan,69.18
YIELD,0.0,55.00085181077236,-54.54726336102088,-1.5720301333239484,NO_PATH,0.0,0.0,49.59031960978975,-51.91997947886512,-0.04911438599285184,nan,69.2
YIELD,0.0,55.00085181077236,-54.54726336102088,-1.5720301333239484,NO_PATH,0.0,0.0,49.59031960978975,-51.91997947886512,-0.04911438599285184,nan,69.22
YIELD,0.0,55.00085181077236,-54.54726336102088,-1.5720301333239484,NO_PATH,0.0,0.0,49.59031960978975,-51.91997947886512,-0.04911438599285184,nan,69.24000000000001
YIELD,0.0,55.00085181077236,-54.54726336102088,-1.5720301333239484,NO_PATH,0.0,0.0,49.59031960978975,-51.91997947886512,-0.04911438599285184,nan,69.26
YIELD,0.0,55.00085181077236,-54.54726336102088,-1.5720301333239484,NO_PATH,0.0,0.0,49.59031960978975,-51.91997947886512,-0.04911438599285184,nan,69.28
YIELD,0.0,55.00085181077236,-54.54726336102088,-1.5720301333239484,NO_PATH,0.0,0.0,49.59031960978975,-51.91997947886512,-0.04911438599285184,nan,69.30000000000001
YIELD,0.0,55.00085181077236,-54.54726336102088,-1.5720301333239484,NO_PATH,0.0,0.0,49.59031960978975,-51.91997947886512,-0.04911438599285184,nan,69.32000000000001
YIELD,0.0,55.00085181077236,-54.54726336102088,-1.5720301333239484,NO_PATH,0.0,0.0,49.59031960978975,-51.91997947886512,-0.04911438599285184,nan,69.34
YIELD,0.0,55.00085181077236,-54.54726336102088,-1.5720301333239484,NO_PATH,0.0,0.0,49.59031960978975,-51.91997947886512,-0.04911438599285184,nan,69.36
YIELD,0.0,55.00085181077236,-54.54726336102088,-1.5720301333239484,NO_PATH,0.0,0.0,49.59031960978975,-51.91997947886512,-0.04911438599285184,nan,69.38000000000001
YIELD,0.0,55.00085181077236,-54.54726336102088,-1.5720301333239484,NO_PATH,0.0,0.0,49.59031960978975,-51.91997947886512,-0.04911438599285184,nan,69.4
YIELD,0.0,55.00085181077236,-54.54726336102088,-1.5720301333239484,NO_PATH,0.0,0.0,49.59031960978975,-51.91997947886512,-0.04911438599285184,nan,69.42
YIELD,0.0,55.00085181077236,-54.54726336102088,-1.5720301333239484,NO_PATH,0.0,0.0,49.59031960978975,-51.91997947886512,-0.04911438599285184,nan,69.44
YIELD,0.0,55.00085181077236,-54.54726336102088,-1.5720301333239484,NO_PATH,0.0,0.0,49.59031960978975,-51.91997947886512,-0.04911438599285184,nan,69.461
YIELD,0.0,55.00085181077236,-54.54726336102088,-1.5720301333239484,NO_PATH,0.0,0.0,49.59031960978975,-51.91997947886512,-0.04911438599285184,nan,69.48
YIELD,0.0,55.00085181077236,-54.54726336102088,-1.5720301333239484,NO_PATH,0.0,0.0,49.59031960978975,-51.91997947886512,-0.04911438599285184,nan,69.501
YIELD,0.0,55.00085181077236,-54.54726336102088,-1.5720301333239484,NO_PATH,0.0,0.0,49.59031960978975,-51.91997947886512,-0.04911438599285184,nan,69.52000000000001
YIELD,0.0,55.00085181077236,-54.54726336102088,-1.5720301333239484,NO_PATH,0.0,0.0,49.59031960978975,-51.91997947886512,-0.04911438599285184,nan,69.54
YIELD,0.0,55.00085181077236,-54.54726336102088,-1.5720301333239484,NO_PATH,0.0,0.0,49.59031960978975,-51.91997947886512,-0.04911438599285184,nan,69.56
YIELD,0.0,55.00085181077236,-54.54726336102088,-1.5720301333239484,NO_PATH,0.0,0.0,49.59031960978975,-51.91997947886512,-0.04911438599285184,nan,69.58
YIELD,0.0,55.00085181077236,-54.54726336102088,-1.5720301333239484,NO_PATH,0.0,0.0,49.59031960978975,-51.91997947886512,-0.04911438599285184,nan,69.60000000000001
YIELD,0.0,55.00085181077236,-54.54726336102088,-1.5720301333239484,NO_PATH,0.0,0.0,49.59031960978975,-51.91997947886512,-0.04911438599285184,nan,69.62
YIELD,0.0,55.00085181077236,-54.54726336102088,-1.5720301333239484,NO_PATH,0.0,0.0,49.59031960978975,-51.91997947886512,-0.04911438599285184,nan,69.64
YIELD,0.0,55.00085181077236,-54.54726336102088,-1.5720301333239484,NO_PATH,0.0,0.0,49.59031960978975,-51.91997947886512,-0.04911438599285184,nan,69.66000000000001
YIELD,0.0,55.00085181077236,-54.54726336102088,-1.5720301333239484,NO_PATH,0.0,0.0,49.59031960978975,-51.91997947886512,-0.04911438599285184,nan,69.68
YIELD,0.0,55.00085181077236,-54.54726336102088,-1.5720301333239484,NO_PATH,0.0,0.0,49.59031960978975,-51.91997947886512,-0.04911438599285184,nan,69.7
YIELD,0.0,55.00085181077236,-54.54726336102088,-1.5720301333239484,NO_PATH,0.0,0.0,49.59031960978975,-51.91997947886512,-0.04911438599285184,nan,69.72
YIELD,0.0,55.00085181077236,-54.54726336102088,-1.5720301333239484,NO_PATH,0.0,0.0,49.59031960978975,-51.91997947886512,-0.04911438599285184,nan,69.74000000000001
YIELD,0.0,55.00085181077236,-54.54726336102088,-1.5720301333239484,NO_PATH,0.0,0.0,49.59031960978975,-51.91997947886512,-0.04911438599285184,nan,69.76
YIELD,0.0,55.00085181077236,-54.54726336102088,-1.5720301333239484,NO_PATH,0.0,0.0,49.59031960978975,-51.91997947886512,-0.04911438599285184,nan,69.78
YIELD,0.0,55.00085181077236,-54.54726336102088,-1.5720301333239484,NO_PATH,0.0,0.0,49.59031960978975,-51.91997947886512,-0.04911438599285184,nan,69.80000000000001
YIELD,0.0,55.00085181077236,-54.54726336102088,-1.5720301333239484,NO_PATH,0.0,0.0,49.59031960978975,-51.91997947886512,-0.04911438599285184,nan,69.82000000000001
YIELD,0.0,55.00085181077236,-54.54726336102088,-1.5720301333239484,NO_PATH,0.0,0.0,49.59031960978975,-51.91997947886512,-0.04911438599285184,nan,69.84
YIELD,0.0,55.00085181077236,-54.54726336102088,-1.5720301333239484,NO_PATH,0.0,0.0,49.59031960978975,-51.91997947886512,-0.04911438599285184,nan,69.86
YIELD,0.0,55.00085181077236,-54.54726336102088,-1.5720301333239484,NO_PATH,0.0,0.0,49.59031960978975,-51.91997947886512,-0.04911438599285184,nan,69.88000000000001
YIELD,0.0,55.00085181077236,-54.54726336102088,-1.5720301333239484,NO_PATH,0.0,0.0,49.59031960978975,-51.91997947886512,-0.04911438599285184,nan,69.90100000000001
YIELD,0.0,55.00085181077236,-54.54726336102088,-1.5720301333239484,NO_PATH,0.0,0.0,49.59031960978975,-51.91997947886512,-0.04911438599285184,nan,69.92
YIELD,0.0,55.00085181077236,-54.54726336102088,-1.5720301333239484,NO_PATH,0.0,0.0,49.59031960978975,-51.91997947886512,-0.04911438599285184,nan,69.94
YIELD,0.0,55.00085181077236,-54.54726336102088,-1.5720301333239484,NO_PATH,0.0,0.0,49.59031960978975,-51.91997947886512,-0.04911438599285184,nan,69.96000000000001
YIELD,0.0,55.00085181077236,-54.54726336102088,-1.5720301333239484,NO_PATH,0.0,0.0,49.59031960978975,-51.91997947886512,-0.04911438599285184,nan,69.98
YIELD,0.0,55.00085181077236,-54.54726336102088,-1.5720301333239484,NO_PATH,0.0,0.0,49.59031960978975,-51.91997947886512,-0.04911438599285184,nan,70.0
YIELD,0.0,55.00085181077236,-54.54726336102088,-1.5720301333239484,NO_PATH,0.0,0.0,49.59031960978975,-51.91997947886512,-0.04911438599285184,nan,70.02000000000001
YIELD,0.0,55.00085181077236,-54.54726336102088,-1.5720301333239484,NO_PATH,0.0,0.0,49.59031960978975,-51.91997947886512,-0.04911438599285184,nan,70.04
YIELD,0.0,55.00085181077236,-54.54726336102088,-1.5720301333239484,NO_PATH,0.0,0.0,49.59031960978975,-51.91997947886512,-0.04911438599285184,nan,70.06
YIELD,0.0,55.00085181077236,-54.54726336102088,-1.5720301333239484,NO_PATH,0.0,0.0,49.59031960978975,-51.91997947886512,-0.04911438599285184,nan,70.08
YIELD,0.0,55.00085181077236,-54.54726336102088,-1.5720301333239484,NO_PATH,0.0,0.0,49.59031960978975,-51.91997947886512,-0.04911438599285184,nan,70.10000000000001
YIELD,0.0,55.00085181077236,-54.54726336102088,-1.5720301333239484,NO_PATH,0.0,0.0,49.59031960978975,-51.91997947886512,-0.04911438599285184,nan,70.12
YIELD,0.0,55.00085181077236,-54.54726336102088,-1.5720301333239484,NO_PATH,0.0,0.0,49.59031960978975,-51.91997947886512,-0.04911438599285184,nan,70.14
YIELD,0.0,55.00085181077236,-54.54726336102088,-1.5720301333239484,NO_PATH,0.0,0.0,49.59031960978975,-51.91997947886512,-0.04911438599285184,nan,70.161
YIELD,0.0,55.00085181077236,-54.54726336102088,-1.5720301333239484,NO_PATH,0.0,0.0,49.59031960978975,-51.91997947886512,-0.04911438599285184,nan,70.18
YIELD,0.0,55.00085181077236,-54.54726336102088,-1.5720301333239484,NO_PATH,0.0,0.0,49.59031960978975,-51.91997947886512,-0.04911438599285184,nan,70.2
YIELD,0.0,55.00085181077236,-54.54726336102088,-1.5720301333239484,NO_PATH,0.0,0.0,49.59031960978975,-51.91997947886512,-0.04911438599285184,nan,70.22
YIELD,0.0,55.00085181077236,-54.54726336102088,-1.5720301333239484,NO_PATH,0.0,0.0,49.59031960978975,-51.91997947886512,-0.04911438599285184,nan,70.24000000000001
YIELD,0.0,55.00085181077236,-54.54726336102088,-1.5720301333239484,NO_PATH,0.0,0.0,49.59031960978975,-51.91997947886512,-0.04911438599285184,nan,70.26
YIELD,0.0,55.00085181077236,-54.54726336102088,-1.5720301333239484,NO_PATH,0.0,0.0,49.59031960978975,-51.91997947886512,-0.04911438599285184,nan,70.28
YIELD,0.0,55.00085181077236,-54.54726336102088,-1.5720301333239484,NO_PATH,0.0,0.0,49.59031960978975,-51.91997947886512,-0.04911438599285184,nan,70.30000000000001
YIELD,0.0,55.00085181077236,-54.54726336102088,-1.5720301333239484,NO_PATH,0.0,0.0,49.59031960978975,-51.91997947886512,-0.04911438599285184,nan,70.32000000000001
YIELD,0.0,55.00085181077236,-54.54726336102088,-1.5720301333239484,NO_PATH,0.0,0.0,49.59031960978975,-51.91997947886512,-0.04911438599285184,nan,70.34
YIELD,0.0,55.00085181077236,-54.54726336102088,-1.5720301333239484,NO_PATH,0.0,0.0,49.59031960978975,-51.91997947886512,-0.04911438599285184,nan,70.36
YIELD,0.0,55.00085181077236,-54.54726336102088,-1.5720301333239484,NO_PATH,0.0,0.0,49.59031960978975,-51.91997947886512,-0.04911438599285184,nan,70.38000000000001
YIELD,0.0,55.00085181077236,-54.54726336102088,-1.5720301333239484,NO_PATH,0.0,0.0,49.59031960978975,-51.91997947886512,-0.04911438599285184,nan,70.4
YIELD,0.0,55.00085181077236,-54.54726336102088,-1.5720301333239484,NO_PATH,0.0,0.0,49.59031960978975,-51.91997947886512,-0.04911438599285184,nan,70.42
YIELD,0.0,55.00085181077236,-54.54726336102088,-1.5720301333239484,NO_PATH,0.0,0.0,49.59031960978975,-51.91997947886512,-0.04911438599285184,nan,70.44
YIELD,0.0,55.00085181077236,-54.54726336102088,-1.5720301333239484,NO_PATH,0.0,0.0,49.59031960978975,-51.91997947886512,-0.04911438599285184,nan,70.46000000000001
YIELD,0.0,55.00085181077236,-54.54726336102088,-1.5720301333239484,NO_PATH,0.0,0.0,49.59031960978975,-51.91997947886512,-0.04911438599285184,nan,70.48
YIELD,0.0,55.00085181077236,-54.54726336102088,-1.5720301333239484,NO_PATH,0.0,0.0,49.59031960978975,-51.91997947886512,-0.04911438599285184,nan,70.5
YIELD,0.0,55.00085181077236,-54.54726336102088,-1.5720301333239484,NO_PATH,0.0,0.0,49.59031960978975,-51.91997947886512,-0.04911438599285184,nan,70.52000000000001
YIELD,0.0,55.00085181077236,-54.54726336102088,-1.5720301333239484,NO_PATH,0.0,0.0,49.59031960978975,-51.91997947886512,-0.04911438599285184,nan,70.54
YIELD,0.0,55.00085181077236,-54.54726336102088,-1.5720301333239484,NO_PATH,0.0,0.0,49.59031960978975,-51.91997947886512,-0.04911438599285184,nan,70.56
YIELD,0.0,55.00085181077236,-54.54726336102088,-1.5720301333239484,NO_PATH,0.0,0.0,49.59031960978975,-51.91997947886512,-0.04911438599285184,nan,70.58
YIELD,0.0,55.00085181077236,-54.54726336102088,-1.5720301333239484,NO_PATH,0.0,0.0,49.59031960978975,-51.91997947886512,-0.04911438599285184,nan,70.60000000000001
YIELD,0.0,55.00085181077236,-54.54726336102088,-1.5720301333239484,NO_PATH,0.0,0.0,49.59031960978975,-51.91997947886512,-0.04911438599285184,nan,70.62
YIELD,0.0,55.00085181077236,-54.54726336102088,-1.5720301333239484,NO_PATH,0.0,0.0,49.59031960978975,-51.91997947886512,-0.04911438599285184,nan,70.64
YIELD,0.0,55.00085181077236,-54.54726336102088,-1.5720301333239484,NO_PATH,0.0,0.0,49.59031960978975,-51.91997947886512,-0.04911438599285184,nan,70.66000000000001
YIELD,0.0,55.00085181077236,-54.54726336102088,-1.5720301333239484,NO_PATH,0.0,0.0,49.59031960978975,-51.91997947886512,-0.04911438599285184,nan,70.68
YIELD,0.0,55.00085181077236,-54.54726336102088,-1.5720301333239484,NO_PATH,0.0,0.0,49.59031960978975,-51.91997947886512,-0.04911438599285184,nan,70.7
YIELD,0.0,55.00085181077236,-54.54726336102088,-1.5720301333239484,NO_PATH,0.0,0.0,49.59031960978975,-51.91997947886512,-0.04911438599285184,nan,70.72
YIELD,0.0,55.00085181077236,-54.54726336102088,-1.5720301333239484,NO_PATH,0.0,0.0,49.59031960978975,-51.91997947886512,-0.04911438599285184,nan,70.74000000000001
YIELD,0.0,55.00085181077236,-54.54726336102088,-1.5720301333239484,NO_PATH,0.0,0.0,49.59031960978975,-51.91997947886512,-0.04911438599285184,nan,70.76
YIELD,0.0,55.00085181077236,-54.54726336102088,-1.5720301333239484,NO_PATH,0.0,0.0,49.59031960978975,-51.91997947886512,-0.04911438599285184,nan,70.78
YIELD,0.0,55.00085181077236,-54.54726336102088,-1.5720301333239484,NO_PATH,0.0,0.0,49.59031960978975,-51.91997947886512,-0.04911438599285184,nan,70.80000000000001
YIELD,0.0,55.00085181077236,-54.54726336102088,-1.5720301333239484,NO_PATH,0.0,0.0,49.59031960978975,-51.91997947886512,-0.04911438599285184,nan,70.82000000000001
YIELD,0.0,55.00085181077236,-54.54726336102088,-1.5720301333239484,NO_PATH,0.0,0.0,49.59031960978975,-51.91997947886512,-0.04911438599285184,nan,70.84
YIELD,0.0,55.00085181077236,-54.54726336102088,-1.5720301333239484,NO_PATH,0.0,0.0,49.59031960978975,-51.91997947886512,-0.04911438599285184,nan,70.86
YIELD,0.0,55.00085181077236,-54.54726336102088,-1.5720301333239484,NO_PATH,0.0,0.0,49.59031960978975,-51.91997947886512,-0.04911438599285184,nan,70.88000000000001
YIELD,0.0,55.00085181077236,-54.54726336102088,-1.5720301333239484,NO_PATH,0.0,0.0,49.59031960978975,-51.91997947886512,-0.04911438599285184,nan,70.9
YIELD,0.0,55.00085181077236,-54.54726336102088,-1.5720301333239484,NO_PATH,0.0,0.0,49.59031960978975,-51.91997947886512,-0.04911438599285184,nan,70.92
YIELD,0.0,55.00085181077236,-54.54726336102088,-1.5720301333239484,NO_PATH,0.0,0.0,49.59031960978975,-51.91997947886512,-0.04911438599285184,nan,70.941
YIELD,0.0,55.00085181077236,-54.54726336102088,-1.5720301333239484,NO_PATH,0.0,0.0,49.59031960978975,-51.91997947886512,-0.04911438599285184,nan,70.96000000000001
YIELD,0.0,55.00085181077236,-54.54726336102088,-1.5720301333239484,NO_PATH,0.0,0.0,49.59031960978975,-51.91997947886512,-0.04911438599285184,nan,70.98
YIELD,0.0,55.00085181077236,-54.54726336102088,-1.5720301333239484,NO_PATH,0.0,0.0,49.59031960978975,-51.91997947886512,-0.04911438599285184,nan,71.0
YIELD,0.0,55.00085181077236,-54.54726336102088,-1.5720301333239484,NO_PATH,0.0,0.0,49.59031960978975,-51.91997947886512,-0.04911438599285184,nan,71.02000000000001
YIELD,0.0,55.00085181077236,-54.54726336102088,-1.5720301333239484,NO_PATH,0.0,0.0,49.59031960978975,-51.91997947886512,-0.04911438599285184,nan,71.04
YIELD,0.0,55.00085181077236,-54.54726336102088,-1.5720301333239484,NO_PATH,0.0,0.0,49.59031960978975,-51.91997947886512,-0.04911438599285184,nan,71.06
YIELD,0.0,55.00085181077236,-54.54726336102088,-1.5720301333239484,NO_PATH,0.0,0.0,49.59031960978975,-51.91997947886512,-0.04911438599285184,nan,71.081
YIELD,0.0,55.00085181077236,-54.54726336102088,-1.5720301333239484,NO_PATH,0.0,0.0,49.59031960978975,-51.91997947886512,-0.04911438599285184,nan,71.101
YIELD,0.0,55.00085181077236,-54.54726336102088,-1.5720301333239484,NO_PATH,0.0,0.0,49.59031960978975,-51.91997947886512,-0.04911438599285184,nan,71.12
YIELD,0.0,55.00085181077236,-54.54726336102088,-1.5720301333239484,NO_PATH,0.0,0.0,49.59031960978975,-51.91997947886512,-0.04911438599285184,nan,71.14
YIELD,0.0,55.00085181077236,-54.54726336102088,-1.5720301333239484,NO_PATH,0.0,0.0,49.59031960978975,-51.91997947886512,-0.04911438599285184,nan,71.16000000000001
YIELD,0.0,55.00085181077236,-54.54726336102088,-1.5720301333239484,NO_PATH,0.0,0.0,49.59031960978975,-51.91997947886512,-0.04911438599285184,nan,71.18
YIELD,0.0,55.00085181077236,-54.54726336102088,-1.5720301333239484,NO_PATH,0.0,0.0,49.59031960978975,-51.91997947886512,-0.04911438599285184,nan,71.2
YIELD,0.0,55.00085181077236,-54.54726336102088,-1.5720301333239484,NO_PATH,0.0,0.0,49.59031960978975,-51.91997947886512,-0.04911438599285184,nan,71.221
YIELD,0.0,55.00085181077236,-54.54726336102088,-1.5720301333239484,NO_PATH,0.0,0.0,49.59031960978975,-51.91997947886512,-0.04911438599285184,nan,71.24000000000001
YIELD,0.0,55.00085181077236,-54.54726336102088,-1.5720301333239484,NO_PATH,0.0,0.0,49.59031960978975,-51.91997947886512,-0.04911438599285184,nan,71.26
YIELD,0.0,55.00085181077236,-54.54726336102088,-1.5720301333239484,NO_PATH,0.0,0.0,49.59031960978975,-51.91997947886512,-0.04911438599285184,nan,71.28
YIELD,0.0,55.00085181077236,-54.54726336102088,-1.5720301333239484,NO_PATH,0.0,0.0,49.59031960978975,-51.91997947886512,-0.04911438599285184,nan,71.30000000000001
YIELD,0.0,55.00085181077236,-54.54726336102088,-1.5720301333239484,NO_PATH,0.0,0.0,49.59031960978975,-51.91997947886512,-0.04911438599285184,nan,71.321
YIELD,0.0,55.00085181077236,-54.54726336102088,-1.5720301333239484,NO_PATH,0.0,0.0,49.59031960978975,-51.91997947886512,-0.04911438599285184,nan,71.34
YIELD,0.0,55.00085181077236,-54.54726336102088,-1.5720301333239484,NO_PATH,0.0,0.0,49.59031960978975,-51.91997947886512,-0.04911438599285184,nan,71.361
YIELD,0.0,55.00085181077236,-54.54726336102088,-1.5720301333239484,NO_PATH,0.0,0.0,49.59031960978975,-51.91997947886512,-0.04911438599285184,nan,71.38000000000001
YIELD,0.0,55.00085181077236,-54.54726336102088,-1.5720301333239484,NO_PATH,0.0,0.0,49.59031960978975,-51.91997947886512,-0.04911438599285184,nan,71.40100000000001
YIELD,0.0,55.00085181077236,-54.54726336102088,-1.5720301333239484,NO_PATH,0.0,0.0,49.59031960978975,-51.91997947886512,-0.04911438599285184,nan,71.42
YIELD,0.0,55.00085181077236,-54.54726336102088,-1.5720301333239484,NO_PATH,0.0,0.0,49.59031960978975,-51.91997947886512,-0.04911438599285184,nan,71.44
YIELD,0.0,55.00085181077236,-54.54726336102088,-1.5720301333239484,NO_PATH,0.0,0.0,49.59031960978975,-51.91997947886512,-0.04911438599285184,nan,71.46000000000001
YIELD,0.0,55.00085181077236,-54.54726336102088,-1.5720301333239484,NO_PATH,0.0,0.0,49.59031960978975,-51.91997947886512,-0.04911438599285184,nan,71.48
YIELD,0.0,55.00085181077236,-54.54726336102088,-1.5720301333239484,NO_PATH,0.0,0.0,49.59031960978975,-51.91997947886512,-0.04911438599285184,nan,71.5
YIELD,0.0,55.00085181077236,-54.54726336102088,-1.5720301333239484,NO_PATH,0.0,0.0,49.59031960978975,-51.91997947886512,-0.04911438599285184,nan,71.521
YIELD,0.0,55.00085181077236,-54.54726336102088,-1.5720301333239484,NO_PATH,0.0,0.0,49.59031960978975,-51.91997947886512,-0.04911438599285184,nan,71.54
YIELD,0.0,55.00085181077236,-54.54726336102088,-1.5720301333239484,NO_PATH,0.0,0.0,49.59031960978975,-51.91997947886512,-0.04911438599285184,nan,71.56
YIELD,0.0,55.00085181077236,-54.54726336102088,-1.5720301333239484,NO_PATH,0.0,0.0,49.59031960978975,-51.91997947886512,-0.04911438599285184,nan,71.58
YIELD,0.0,55.00085181077236,-54.54726336102088,-1.5720301333239484,NO_PATH,0.0,0.0,49.59031960978975,-51.91997947886512,-0.04911438599285184,nan,71.60000000000001
YIELD,0.0,55.00085181077236,-54.54726336102088,-1.5720301333239484,NO_PATH,0.0,0.0,49.59031960978975,-51.91997947886512,-0.04911438599285184,nan,71.62
YIELD,0.0,55.00085181077236,-54.54726336102088,-1.5720301333239484,NO_PATH,0.0,0.0,49.59031960978975,-51.91997947886512,-0.04911438599285184,nan,71.64
YIELD,0.0,55.00085181077236,-54.54726336102088,-1.5720301333239484,NO_PATH,0.0,0.0,49.59031960978975,-51.91997947886512,-0.04911438599285184,nan,71.66000000000001
YIELD,0.0,55.00085181077236,-54.54726336102088,-1.5720301333239484,NO_PATH,0.0,0.0,49.59031960978975,-51.91997947886512,-0.04911438599285184,nan,71.68
YIELD,0.0,55.00085181077236,-54.54726336102088,-1.5720301333239484,NO_PATH,0.0,0.0,49.59031960978975,-51.91997947886512,-0.04911438599285184,nan,71.7
YIELD,0.0,55.00085181077236,-54.54726336102088,-1.5720301333239484,NO_PATH,0.0,0.0,49.59031960978975,-51.91997947886512,-0.04911438599285184,nan,71.72
YIELD,0.0,55.00085181077236,-54.54726336102088,-1.5720301333239484,NO_PATH,0.0,0.0,49.59031960978975,-51.91997947886512,-0.04911438599285184,nan,71.741
YIELD,0.0,55.00085181077236,-54.54726336102088,-1.5720301333239484,NO_PATH,0.0,0.0,49.59031960978975,-51.91997947886512,-0.04911438599285184,nan,71.76100000000001
YIELD,0.0,55.00085181077236,-54.54726336102088,-1.5720301333239484,NO_PATH,0.0,0.0,49.59031960978975,-51.91997947886512,-0.04911438599285184,nan,71.78
YIELD,0.0,55.00085181077236,-54.54726336102088,-1.5720301333239484,NO_PATH,0.0,0.0,49.59031960978975,-51.91997947886512,-0.04911438599285184,nan,71.80000000000001
YIELD,0.0,55.00085181077236,-54.54726336102088,-1.5720301333239484,NO_PATH,0.0,0.0,49.59031960978975,-51.91997947886512,-0.04911438599285184,nan,71.82000000000001
YIELD,0.0,55.00085181077236,-54.54726336102088,-1.5720301333239484,NO_PATH,0.0,0.0,49.59031960978975,-51.91997947886512,-0.04911438599285184,nan,71.84
YIELD,0.0,55.00085181077236,-54.54726336102088,-1.5720301333239484,NO_PATH,0.0,0.0,49.59031960978975,-51.91997947886512,-0.04911438599285184,nan,71.86
YIELD,0.0,55.00085181077236,-54.54726336102088,-1.5720301333239484,NO_PATH,0.0,0.0,49.59031960978975,-51.91997947886512,-0.04911438599285184,nan,71.88000000000001
YIELD,0.0,55.00085181077236,-54.54726336102088,-1.5720301333239484,NO_PATH,0.0,0.0,49.59031960978975,-51.91997947886512,-0.04911438599285184,nan,71.90100000000001
YIELD,0.0,55.00085181077236,-54.54726336102088,-1.5720301333239484,NO_PATH,0.0,0.0,49.59031960978975,-51.91997947886512,-0.04911438599285184,nan,71.92
YIELD,0.0,55.00085181077236,-54.54726336102088,-1.5720301333239484,NO_PATH,0.0,0.0,49.59031960978975,-51.91997947886512,-0.04911438599285184,nan,71.941
YIELD,0.0,55.00085181077236,-54.54726336102088,-1.5720301333239484,NO_PATH,0.0,0.0,49.59031960978975,-51.91997947886512,-0.04911438599285184,nan,71.96000000000001
YIELD,0.0,55.00085181077236,-54.54726336102088,-1.5720301333239484,NO_PATH,0.0,0.0,49.59031960978975,-51.91997947886512,-0.04911438599285184,nan,71.98
YIELD,0.0,55.00085181077236,-54.54726336102088,-1.5720301333239484,NO_PATH,0.0,0.0,49.59031960978975,-51.91997947886512,-0.04911438599285184,nan,72.0
YIELD,0.0,55.00085181077236,-54.54726336102088,-1.5720301333239484,NO_PATH,0.0,0.0,49.59031960978975,-51.91997947886512,-0.04911438599285184,nan,72.02000000000001
YIELD,0.0,55.00085181077236,-54.54726336102088,-1.5720301333239484,NO_PATH,0.0,0.0,49.59031960978975,-51.91997947886512,-0.04911438599285184,nan,72.04
YIELD,0.0,55.00085181077236,-54.54726336102088,-1.5720301333239484,NO_PATH,0.0,0.0,49.59031960978975,-51.91997947886512,-0.04911438599285184,nan,72.06
YIELD,0.0,55.00085181077236,-54.54726336102088,-1.5720301333239484,NO_PATH,0.0,0.0,49.59031960978975,-51.91997947886512,-0.04911438599285184,nan,72.08
YIELD,0.0,55.00085181077236,-54.54726336102088,-1.5720301333239484,NO_PATH,0.0,0.0,49.59031960978975,-51.91997947886512,-0.04911438599285184,nan,72.101
YIELD,0.0,55.00085181077236,-54.54726336102088,-1.5720301333239484,NO_PATH,0.0,0.0,49.59031960978975,-51.91997947886512,-0.04911438599285184,nan,72.12
YIELD,0.0,55.00085181077236,-54.54726336102088,-1.5720301333239484,NO_PATH,0.0,0.0,49.59031960978975,-51.91997947886512,-0.04911438599285184,nan,72.141
YIELD,0.0,55.00085181077236,-54.54726336102088,-1.5720301333239484,NO_PATH,0.0,0.0,49.59031960978975,-51.91997947886512,-0.04911438599285184,nan,72.16000000000001
YIELD,0.0,55.00085181077236,-54.54726336102088,-1.5720301333239484,NO_PATH,0.0,0.0,49.59031960978975,-51.91997947886512,-0.04911438599285184,nan,72.18
YIELD,0.0,55.00085181077236,-54.54726336102088,-1.5720301333239484,NO_PATH,0.0,0.0,49.59031960978975,-51.91997947886512,-0.04911438599285184,nan,72.2
YIELD,0.0,55.00085181077236,-54.54726336102088,-1.5720301333239484,NO_PATH,0.0,0.0,49.59031960978975,-51.91997947886512,-0.04911438599285184,nan,72.22
YIELD,0.0,55.00085181077236,-54.54726336102088,-1.5720301333239484,NO_PATH,0.0,0.0,49.59031960978975,-51.91997947886512,-0.04911438599285184,nan,72.24000000000001
YIELD,0.0,55.00085181077236,-54.54726336102088,-1.5720301333239484,NO_PATH,0.0,0.0,49.59031960978975,-51.91997947886512,-0.04911438599285184,nan,72.26
YIELD,0.0,55.00085181077236,-54.54726336102088,-1.5720301333239484,NO_PATH,0.0,0.0,49.59031960978975,-51.91997947886512,-0.04911438599285184,nan,72.28
YIELD,0.0,55.00085181077236,-54.54726336102088,-1.5720301333239484,NO_PATH,0.0,0.0,49.59031960978975,-51.91997947886512,-0.04911438599285184,nan,72.30000000000001
YIELD,0.0,55.00085181077236,-54.54726336102088,-1.5720301333239484,NO_PATH,0.0,0.0,49.59031960978975,-51.91997947886512,-0.04911438599285184,nan,72.32000000000001
YIELD,0.0,55.00085181077236,-54.54726336102088,-1.5720301333239484,NO_PATH,0.0,0.0,49.59031960978975,-51.91997947886512,-0.04911438599285184,nan,72.34
YIELD,0.0,55.00085181077236,-54.54726336102088,-1.5720301333239484,NO_PATH,0.0,0.0,49.59031960978975,-51.91997947886512,-0.04911438599285184,nan,72.36
YIELD,0.0,55.00085181077236,-54.54726336102088,-1.5720301333239484,NO_PATH,0.0,0.0,49.59031960978975,-51.91997947886512,-0.04911438599285184,nan,72.38000000000001
YIELD,0.0,55.00085181077236,-54.54726336102088,-1.5720301333239484,NO_PATH,0.0,0.0,49.59031960978975,-51.91997947886512,-0.04911438599285184,nan,72.4
YIELD,0.0,55.00085181077236,-54.54726336102088,-1.5720301333239484,NO_PATH,0.0,0.0,49.59031960978975,-51.91997947886512,-0.04911438599285184,nan,72.42
YIELD,0.0,55.00085181077236,-54.54726336102088,-1.5720301333239484,NO_PATH,0.0,0.0,49.59031960978975,-51.91997947886512,-0.04911438599285184,nan,72.44
YIELD,0.0,55.00085181077236,-54.54726336102088,-1.5720301333239484,NO_PATH,0.0,0.0,49.59031960978975,-51.91997947886512,-0.04911438599285184,nan,72.46000000000001
YIELD,0.0,55.00085181077236,-54.54726336102088,-1.5720301333239484,NO_PATH,0.0,0.0,49.59031960978975,-51.91997947886512,-0.04911438599285184,nan,72.48
YIELD,0.0,55.00085181077236,-54.54726336102088,-1.5720301333239484,NO_PATH,0.0,0.0,49.59031960978975,-51.91997947886512,-0.04911438599285184,nan,72.5
YIELD,0.0,55.00085181077236,-54.54726336102088,-1.5720301333239484,NO_PATH,0.0,0.0,49.59031960978975,-51.91997947886512,-0.04911438599285184,nan,72.52000000000001
YIELD,0.0,55.00085181077236,-54.54726336102088,-1.5720301333239484,NO_PATH,0.0,0.0,49.59031960978975,-51.91997947886512,-0.04911438599285184,nan,72.54
YIELD,0.0,55.00085181077236,-54.54726336102088,-1.5720301333239484,NO_PATH,0.0,0.0,49.59031960978975,-51.91997947886512,-0.04911438599285184,nan,72.56
YIELD,0.0,55.00085181077236,-54.54726336102088,-1.5720301333239484,NO_PATH,0.0,0.0,49.59031960978975,-51.91997947886512,-0.04911438599285184,nan,72.58
YIELD,0.0,55.00085181077236,-54.54726336102088,-1.5720301333239484,NO_PATH,0.0,0.0,49.59031960978975,-51.91997947886512,-0.04911438599285184,nan,72.60000000000001
YIELD,0.0,55.00085181077236,-54.54726336102088,-1.5720301333239484,NO_PATH,0.0,0.0,49.59031960978975,-51.91997947886512,-0.04911438599285184,nan,72.62
YIELD,0.0,55.00085181077236,-54.54726336102088,-1.5720301333239484,NO_PATH,0.0,0.0,49.59031960978975,-51.91997947886512,-0.04911438599285184,nan,72.64
YIELD,0.0,55.00085181077236,-54.54726336102088,-1.5720301333239484,NO_PATH,0.0,0.0,49.59031960978975,-51.91997947886512,-0.04911438599285184,nan,72.66000000000001
YIELD,0.0,55.00085181077236,-54.54726336102088,-1.5720301333239484,NO_PATH,0.0,0.0,49.59031960978975,-51.91997947886512,-0.04911438599285184,nan,72.68
YIELD,0.0,55.00085181077236,-54.54726336102088,-1.5720301333239484,NO_PATH,0.0,0.0,49.59031960978975,-51.91997947886512,-0.04911438599285184,nan,72.7
YIELD,0.0,55.00085181077236,-54.54726336102088,-1.5720301333239484,NO_PATH,0.0,0.0,49.59031960978975,-51.91997947886512,-0.04911438599285184,nan,72.72
YIELD,0.0,55.00085181077236,-54.54726336102088,-1.5720301333239484,NO_PATH,0.0,0.0,49.59031960978975,-51.91997947886512,-0.04911438599285184,nan,72.74000000000001
YIELD,0.0,55.00085181077236,-54.54726336102088,-1.5720301333239484,NO_PATH,0.0,0.0,49.59031960978975,-51.91997947886512,-0.04911438599285184,nan,72.76
YIELD,0.0,55.00085181077236,-54.54726336102088,-1.5720301333239484,NO_PATH,0.0,0.0,49.59031960978975,-51.91997947886512,-0.04911438599285184,nan,72.78
YIELD,0.0,55.00085181077236,-54.54726336102088,-1.5720301333239484,NO_PATH,0.0,0.0,49.59031960978975,-51.91997947886512,-0.04911438599285184,nan,72.80000000000001
YIELD,0.0,55.00085181077236,-54.54726336102088,-1.5720301333239484,NO_PATH,0.0,0.0,49.59031960978975,-51.91997947886512,-0.04911438599285184,nan,72.82000000000001
YIELD,0.0,55.00085181077236,-54.54726336102088,-1.5720301333239484,NO_PATH,0.0,0.0,49.59031960978975,-51.91997947886512,-0.04911438599285184,nan,72.84
YIELD,0.0,55.00085181077236,-54.54726336102088,-1.5720301333239484,NO_PATH,0.0,0.0,49.59031960978975,-51.91997947886512,-0.04911438599285184,nan,72.86
YIELD,0.0,55.00085181077236,-54.54726336102088,-1.5720301333239484,NO_PATH,0.0,0.0,49.59031960978975,-51.91997947886512,-0.04911438599285184,nan,72.88000000000001
YIELD,0.0,55.00085181077236,-54.54726336102088,-1.5720301333239484,NO_PATH,0.0,0.0,49.59031960978975,-51.91997947886512,-0.04911438599285184,nan,72.9
YIELD,0.0,55.00085181077236,-54.54726336102088,-1.5720301333239484,NO_PATH,0.0,0.0,49.59031960978975,-51.91997947886512,-0.04911438599285184,nan,72.92
YIELD,0.0,55.00085181077236,-54.54726336102088,-1.5720301333239484,NO_PATH,0.0,0.0,49.59031960978975,-51.91997947886512,-0.04911438599285184,nan,72.941
YIELD,0.0,55.00085181077236,-54.54726336102088,-1.5720301333239484,NO_PATH,0.0,0.0,49.59031960978975,-51.91997947886512,-0.04911438599285184,nan,72.96000000000001
YIELD,0.0,55.00085181077236,-54.54726336102088,-1.5720301333239484,NO_PATH,0.0,0.0,49.59031960978975,-51.91997947886512,-0.04911438599285184,nan,72.98
YIELD,0.0,55.00085181077236,-54.54726336102088,-1.5720301333239484,NO_PATH,0.0,0.0,49.59031960978975,-51.91997947886512,-0.04911438599285184,nan,73.0
YIELD,0.0,55.00085181077236,-54.54726336102088,-1.5720301333239484,NO_PATH,0.0,0.0,49.59031960978975,-51.91997947886512,-0.04911438599285184,nan,73.02000000000001
YIELD,0.0,55.00085181077236,-54.54726336102088,-1.5720301333239484,NO_PATH,0.0,0.0,49.59031960978975,-51.91997947886512,-0.04911438599285184,nan,73.04
YIELD,0.0,55.00085181077236,-54.54726336102088,-1.5720301333239484,NO_PATH,0.0,0.0,49.59031960978975,-51.91997947886512,-0.04911438599285184,nan,73.06
YIELD,0.0,55.00085181077236,-54.54726336102088,-1.5720301333239484,NO_PATH,0.0,0.0,49.59031960978975,-51.91997947886512,-0.04911438599285184,nan,73.08
YIELD,0.0,55.00085181077236,-54.54726336102088,-1.5720301333239484,NO_PATH,0.0,0.0,49.59031960978975,-51.91997947886512,-0.04911438599285184,nan,73.10000000000001
YIELD,0.0,55.00085181077236,-54.54726336102088,-1.5720301333239484,NO_PATH,0.0,0.0,49.59031960978975,-51.91997947886512,-0.04911438599285184,nan,73.12
YIELD,0.0,55.00085181077236,-54.54726336102088,-1.5720301333239484,NO_PATH,0.0,0.0,49.59031960978975,-51.91997947886512,-0.04911438599285184,nan,73.14
YIELD,0.0,55.00085181077236,-54.54726336102088,-1.5720301333239484,NO_PATH,0.0,0.0,49.59031960978975,-51.91997947886512,-0.04911438599285184,nan,73.16000000000001
YIELD,0.0,55.00085181077236,-54.54726336102088,-1.5720301333239484,NO_PATH,0.0,0.0,49.59031960978975,-51.91997947886512,-0.04911438599285184,nan,73.18
YIELD,0.0,55.00085181077236,-54.54726336102088,-1.5720301333239484,NO_PATH,0.0,0.0,49.59031960978975,-51.91997947886512,-0.04911438599285184,nan,73.2
YIELD,0.0,55.00085181077236,-54.54726336102088,-1.5720301333239484,NO_PATH,0.0,0.0,49.59031960978975,-51.91997947886512,-0.04911438599285184,nan,73.22
YIELD,0.0,55.00085181077236,-54.54726336102088,-1.5720301333239484,NO_PATH,0.0,0.0,49.59031960978975,-51.91997947886512,-0.04911438599285184,nan,73.24000000000001
YIELD,0.0,55.00085181077236,-54.54726336102088,-1.5720301333239484,NO_PATH,0.0,0.0,49.59031960978975,-51.91997947886512,-0.04911438599285184,nan,73.26
YIELD,0.0,55.00085181077236,-54.54726336102088,-1.5720301333239484,NO_PATH,0.0,0.0,49.59031960978975,-51.91997947886512,-0.04911438599285184,nan,73.28
YIELD,0.0,55.00085181077236,-54.54726336102088,-1.5720301333239484,NO_PATH,0.0,0.0,49.59031960978975,-51.91997947886512,-0.04911438599285184,nan,73.30000000000001
YIELD,0.0,55.00085181077236,-54.54726336102088,-1.5720301333239484,NO_PATH,0.0,0.0,49.59031960978975,-51.91997947886512,-0.04911438599285184,nan,73.32000000000001
YIELD,0.0,55.00085181077236,-54.54726336102088,-1.5720301333239484,NO_PATH,0.0,0.0,49.59031960978975,-51.91997947886512,-0.04911438599285184,nan,73.34100000000001
YIELD,0.0,55.00085181077236,-54.54726336102088,-1.5720301333239484,NO_PATH,0.0,0.0,49.59031960978975,-51.91997947886512,-0.04911438599285184,nan,73.36
YIELD,0.0,55.00085181077236,-54.54726336102088,-1.5720301333239484,NO_PATH,0.0,0.0,49.59031960978975,-51.91997947886512,-0.04911438599285184,nan,73.38000000000001
YIELD,0.0,55.00085181077236,-54.54726336102088,-1.5720301333239484,NO_PATH,0.0,0.0,49.59031960978975,-51.91997947886512,-0.04911438599285184,nan,73.40100000000001
YIELD,0.0,55.00085181077236,-54.54726336102088,-1.5720301333239484,NO_PATH,0.0,0.0,49.59031960978975,-51.91997947886512,-0.04911438599285184,nan,73.42
YIELD,0.0,55.00085181077236,-54.54726336102088,-1.5720301333239484,NO_PATH,0.0,0.0,49.59031960978975,-51.91997947886512,-0.04911438599285184,nan,73.44
YIELD,0.0,55.00085181077236,-54.54726336102088,-1.5720301333239484,NO_PATH,0.0,0.0,49.59031960978975,-51.91997947886512,-0.04911438599285184,nan,73.46000000000001
YIELD,0.0,55.00085181077236,-54.54726336102088,-1.5720301333239484,NO_PATH,0.0,0.0,49.59031960978975,-51.91997947886512,-0.04911438599285184,nan,73.48
YIELD,0.0,55.00085181077236,-54.54726336102088,-1.5720301333239484,NO_PATH,0.0,0.0,49.59031960978975,-51.91997947886512,-0.04911438599285184,nan,73.501
YIELD,0.0,55.00085181077236,-54.54726336102088,-1.5720301333239484,NO_PATH,0.0,0.0,49.59031960978975,-51.91997947886512,-0.04911438599285184,nan,73.52000000000001
YIELD,0.0,55.00085181077236,-54.54726336102088,-1.5720301333239484,NO_PATH,0.0,0.0,49.59031960978975,-51.91997947886512,-0.04911438599285184,nan,73.54
YIELD,0.0,55.00085181077236,-54.54726336102088,-1.5720301333239484,NO_PATH,0.0,0.0,49.59031960978975,-51.91997947886512,-0.04911438599285184,nan,73.56
YIELD,0.0,55.00085181077236,-54.54726336102088,-1.5720301333239484,NO_PATH,0.0,0.0,49.59031960978975,-51.91997947886512,-0.04911438599285184,nan,73.58
YIELD,0.0,55.00085181077236,-54.54726336102088,-1.5720301333239484,NO_PATH,0.0,0.0,49.59031960978975,-51.91997947886512,-0.04911438599285184,nan,73.60000000000001
YIELD,0.0,55.00085181077236,-54.54726336102088,-1.5720301333239484,NO_PATH,0.0,0.0,49.59031960978975,-51.91997947886512,-0.04911438599285184,nan,73.62
YIELD,0.0,55.00085181077236,-54.54726336102088,-1.5720301333239484,NO_PATH,0.0,0.0,49.59031960978975,-51.91997947886512,-0.04911438599285184,nan,73.64
YIELD,0.0,55.00085181077236,-54.54726336102088,-1.5720301333239484,NO_PATH,0.0,0.0,49.59031960978975,-51.91997947886512,-0.04911438599285184,nan,73.66000000000001
YIELD,0.0,55.00085181077236,-54.54726336102088,-1.5720301333239484,NO_PATH,0.0,0.0,49.59031960978975,-51.91997947886512,-0.04911438599285184,nan,73.68
YIELD,0.0,55.00085181077236,-54.54726336102088,-1.5720301333239484,NO_PATH,0.0,0.0,49.59031960978975,-51.91997947886512,-0.04911438599285184,nan,73.7
YIELD,0.0,55.00085181077236,-54.54726336102088,-1.5720301333239484,NO_PATH,0.0,0.0,49.59031960978975,-51.91997947886512,-0.04911438599285184,nan,73.721
YIELD,0.0,55.00085181077236,-54.54726336102088,-1.5720301333239484,NO_PATH,0.0,0.0,49.59031960978975,-51.91997947886512,-0.04911438599285184,nan,73.74000000000001
YIELD,0.0,55.00085181077236,-54.54726336102088,-1.5720301333239484,NO_PATH,0.0,0.0,49.59031960978975,-51.91997947886512,-0.04911438599285184,nan,73.76
YIELD,0.0,55.00085181077236,-54.54726336102088,-1.5720301333239484,NO_PATH,0.0,0.0,49.59031960978975,-51.91997947886512,-0.04911438599285184,nan,73.78
YIELD,0.0,55.00085181077236,-54.54726336102088,-1.5720301333239484,NO_PATH,0.0,0.0,49.59031960978975,-51.91997947886512,-0.04911438599285184,nan,73.80000000000001
YIELD,0.0,55.00085181077236,-54.54726336102088,-1.5720301333239484,NO_PATH,0.0,0.0,49.59031960978975,-51.91997947886512,-0.04911438599285184,nan,73.82000000000001
YIELD,0.0,55.00085181077236,-54.54726336102088,-1.5720301333239484,NO_PATH,0.0,0.0,49.59031960978975,-51.91997947886512,-0.04911438599285184,nan,73.84
YIELD,0.0,55.00085181077236,-54.54726336102088,-1.5720301333239484,NO_PATH,0.0,0.0,49.59031960978975,-51.91997947886512,-0.04911438599285184,nan,73.86
YIELD,0.0,55.00085181077236,-54.54726336102088,-1.5720301333239484,NO_PATH,0.0,0.0,49.59031960978975,-51.91997947886512,-0.04911438599285184,nan,73.88000000000001
YIELD,0.0,55.00085181077236,-54.54726336102088,-1.5720301333239484,NO_PATH,0.0,0.0,49.59031960978975,-51.91997947886512,-0.04911438599285184,nan,73.9
YIELD,0.0,55.00085181077236,-54.54726336102088,-1.5720301333239484,NO_PATH,0.0,0.0,49.59031960978975,-51.91997947886512,-0.04911438599285184,nan,73.92
YIELD,0.0,55.00085181077236,-54.54726336102088,-1.5720301333239484,NO_PATH,0.0,0.0,49.59031960978975,-51.91997947886512,-0.04911438599285184,nan,73.94
YIELD,0.0,55.00085181077236,-54.54726336102088,-1.5720301333239484,NO_PATH,0.0,0.0,49.59031960978975,-51.91997947886512,-0.04911438599285184,nan,73.961
YIELD,0.0,55.00085181077236,-54.54726336102088,-1.5720301333239484,NO_PATH,0.0,0.0,49.59031960978975,-51.91997947886512,-0.04911438599285184,nan,73.98
YIELD,0.0,55.00085181077236,-54.54726336102088,-1.5720301333239484,NO_PATH,0.0,0.0,49.59031960978975,-51.91997947886512,-0.04911438599285184,nan,74.0
YIELD,0.0,55.00085181077236,-54.54726336102088,-1.5720301333239484,NO_PATH,0.0,0.0,49.59031960978975,-51.91997947886512,-0.04911438599285184,nan,74.02000000000001
YIELD,0.0,55.00085181077236,-54.54726336102088,-1.5720301333239484,NO_PATH,0.0,0.0,49.59031960978975,-51.91997947886512,-0.04911438599285184,nan,74.04
YIELD,0.0,55.00085181077236,-54.54726336102088,-1.5720301333239484,NO_PATH,0.0,0.0,49.59031960978975,-51.91997947886512,-0.04911438599285184,nan,74.06
YIELD,0.0,55.00085181077236,-54.54726336102088,-1.5720301333239484,NO_PATH,0.0,0.0,49.59031960978975,-51.91997947886512,-0.04911438599285184,nan,74.08
YIELD,0.0,55.00085181077236,-54.54726336102088,-1.5720301333239484,NO_PATH,0.0,0.0,49.59031960978975,-51.91997947886512,-0.04911438599285184,nan,74.10000000000001
YIELD,0.0,55.00085181077236,-54.54726336102088,-1.5720301333239484,NO_PATH,0.0,0.0,49.59031960978975,-51.91997947886512,-0.04911438599285184,nan,74.12
YIELD,0.0,55.00085181077236,-54.54726336102088,-1.5720301333239484,NO_PATH,0.0,0.0,49.59031960978975,-51.91997947886512,-0.04911438599285184,nan,74.14
YIELD,0.0,55.00085181077236,-54.54726336102088,-1.5720301333239484,NO_PATH,0.0,0.0,49.59031960978975,-51.91997947886512,-0.04911438599285184,nan,74.16000000000001
YIELD,0.0,55.00085181077236,-54.54726336102088,-1.5720301333239484,NO_PATH,0.0,0.0,49.59031960978975,-51.91997947886512,-0.04911438599285184,nan,74.18
YIELD,0.0,55.00085181077236,-54.54726336102088,-1.5720301333239484,NO_PATH,0.0,0.0,49.59031960978975,-51.91997947886512,-0.04911438599285184,nan,74.2
YIELD,0.0,55.00085181077236,-54.54726336102088,-1.5720301333239484,NO_PATH,0.0,0.0,49.59031960978975,-51.91997947886512,-0.04911438599285184,nan,74.22
YIELD,0.0,55.00085181077236,-54.54726336102088,-1.5720301333239484,NO_PATH,0.0,0.0,49.59031960978975,-51.91997947886512,-0.04911438599285184,nan,74.24000000000001
YIELD,0.0,55.00085181077236,-54.54726336102088,-1.5720301333239484,NO_PATH,0.0,0.0,49.59031960978975,-51.91997947886512,-0.04911438599285184,nan,74.26
YIELD,0.0,55.00085181077236,-54.54726336102088,-1.5720301333239484,NO_PATH,0.0,0.0,49.59031960978975,-51.91997947886512,-0.04911438599285184,nan,74.28
YIELD,0.0,55.00085181077236,-54.54726336102088,-1.5720301333239484,NO_PATH,0.0,0.0,49.59031960978975,-51.91997947886512,-0.04911438599285184,nan,74.30000000000001
YIELD,0.0,55.00085181077236,-54.54726336102088,-1.5720301333239484,NO_PATH,0.0,0.0,49.59031960978975,-51.91997947886512,-0.04911438599285184,nan,74.32000000000001
YIELD,0.0,55.00085181077236,-54.54726336102088,-1.5720301333239484,NO_PATH,0.0,0.0,49.59031960978975,-51.91997947886512,-0.04911438599285184,nan,74.34
YIELD,0.0,55.00085181077236,-54.54726336102088,-1.5720301333239484,NO_PATH,0.0,0.0,49.59031960978975,-51.91997947886512,-0.04911438599285184,nan,74.36
YIELD,0.0,55.00085181077236,-54.54726336102088,-1.5720301333239484,NO_PATH,0.0,0.0,49.59031960978975,-51.91997947886512,-0.04911438599285184,nan,74.38000000000001
YIELD,0.0,55.00085181077236,-54.54726336102088,-1.5720301333239484,NO_PATH,0.0,0.0,49.59031960978975,-51.91997947886512,-0.04911438599285184,nan,74.4
YIELD,0.0,55.00085181077236,-54.54726336102088,-1.5720301333239484,NO_PATH,0.0,0.0,49.59031960978975,-51.91997947886512,-0.04911438599285184,nan,74.42
YIELD,0.0,55.00085181077236,-54.54726336102088,-1.5720301333239484,NO_PATH,0.0,0.0,49.59031960978975,-51.91997947886512,-0.04911438599285184,nan,74.44
YIELD,0.0,55.00085181077236,-54.54726336102088,-1.5720301333239484,NO_PATH,0.0,0.0,49.59031960978975,-51.91997947886512,-0.04911438599285184,nan,74.46000000000001
YIELD,0.0,55.00085181077236,-54.54726336102088,-1.5720301333239484,NO_PATH,0.0,0.0,49.59031960978975,-51.91997947886512,-0.04911438599285184,nan,74.48
YIELD,0.0,55.00085181077236,-54.54726336102088,-1.5720301333239484,NO_PATH,0.0,0.0,49.59031960978975,-51.91997947886512,-0.04911438599285184,nan,74.5
YIELD,0.0,55.00085181077236,-54.54726336102088,-1.5720301333239484,NO_PATH,0.0,0.0,49.59031960978975,-51.91997947886512,-0.04911438599285184,nan,74.52000000000001
YIELD,0.0,55.00085181077236,-54.54726336102088,-1.5720301333239484,NO_PATH,0.0,0.0,49.59031960978975,-51.91997947886512,-0.04911438599285184,nan,74.54
YIELD,0.0,55.00085181077236,-54.54726336102088,-1.5720301333239484,NO_PATH,0.0,0.0,49.59031960978975,-51.91997947886512,-0.04911438599285184,nan,74.56
YIELD,0.0,55.00085181077236,-54.54726336102088,-1.5720301333239484,NO_PATH,0.0,0.0,49.59031960978975,-51.91997947886512,-0.04911438599285184,nan,74.58
YIELD,0.0,55.00085181077236,-54.54726336102088,-1.5720301333239484,NO_PATH,0.0,0.0,49.59031960978975,-51.91997947886512,-0.04911438599285184,nan,74.60000000000001
YIELD,0.0,55.00085181077236,-54.54726336102088,-1.5720301333239484,NO_PATH,0.0,0.0,49.59031960978975,-51.91997947886512,-0.04911438599285184,nan,74.622
YIELD,0.0,55.00085181077236,-54.54726336102088,-1.5720301333239484,NO_PATH,0.0,0.0,49.59031960978975,-51.91997947886512,-0.04911438599285184,nan,74.641
YIELD,0.0,55.00085181077236,-54.54726336102088,-1.5720301333239484,NO_PATH,0.0,0.0,49.59031960978975,-51.91997947886512,-0.04911438599285184,nan,74.66000000000001
YIELD,0.0,55.00085181077236,-54.54726336102088,-1.5720301333239484,NO_PATH,0.0,0.0,49.59031960978975,-51.91997947886512,-0.04911438599285184,nan,74.68
YIELD,0.0,55.00085181077236,-54.54726336102088,-1.5720301333239484,NO_PATH,0.0,0.0,49.59031960978975,-51.91997947886512,-0.04911438599285184,nan,74.7
YIELD,0.0,55.00085181077236,-54.54726336102088,-1.5720301333239484,NO_PATH,0.0,0.0,49.59031960978975,-51.91997947886512,-0.04911438599285184,nan,74.72
YIELD,0.0,55.00085181077236,-54.54726336102088,-1.5720301333239484,NO_PATH,0.0,0.0,49.59031960978975,-51.91997947886512,-0.04911438599285184,nan,74.74000000000001
YIELD,0.0,55.00085181077236,-54.54726336102088,-1.5720301333239484,NO_PATH,0.0,0.0,49.59031960978975,-51.91997947886512,-0.04911438599285184,nan,74.76100000000001
YIELD,0.0,55.00085181077236,-54.54726336102088,-1.5720301333239484,NO_PATH,0.0,0.0,49.59031960978975,-51.91997947886512,-0.04911438599285184,nan,74.78
YIELD,0.0,55.00085181077236,-54.54726336102088,-1.5720301333239484,NO_PATH,0.0,0.0,49.59031960978975,-51.91997947886512,-0.04911438599285184,nan,74.80000000000001
YIELD,0.0,55.00085181077236,-54.54726336102088,-1.5720301333239484,NO_PATH,0.0,0.0,49.59031960978975,-51.91997947886512,-0.04911438599285184,nan,74.82000000000001
YIELD,0.0,55.00085181077236,-54.54726336102088,-1.5720301333239484,NO_PATH,0.0,0.0,49.59031960978975,-51.91997947886512,-0.04911438599285184,nan,74.84
YIELD,0.0,55.00085181077236,-54.54726336102088,-1.5720301333239484,NO_PATH,0.0,0.0,49.59031960978975,-51.91997947886512,-0.04911438599285184,nan,74.86
YIELD,0.0,55.00085181077236,-54.54726336102088,-1.5720301333239484,NO_PATH,0.0,0.0,49.59031960978975,-51.91997947886512,-0.04911438599285184,nan,74.88000000000001
YIELD,0.0,55.00085181077236,-54.54726336102088,-1.5720301333239484,NO_PATH,0.0,0.0,49.59031960978975,-51.91997947886512,-0.04911438599285184,nan,74.9
YIELD,0.0,55.00085181077236,-54.54726336102088,-1.5720301333239484,NO_PATH,0.0,0.0,49.59031960978975,-51.91997947886512,-0.04911438599285184,nan,74.92
YIELD,0.0,55.00085181077236,-54.54726336102088,-1.5720301333239484,NO_PATH,0.0,0.0,49.59031960978975,-51.91997947886512,-0.04911438599285184,nan,74.94
YIELD,0.0,55.00085181077236,-54.54726336102088,-1.5720301333239484,NO_PATH,0.0,0.0,49.59031960978975,-51.91997947886512,-0.04911438599285184,nan,74.96000000000001
YIELD,0.0,55.00085181077236,-54.54726336102088,-1.5720301333239484,NO_PATH,0.0,0.0,49.59031960978975,-51.91997947886512,-0.04911438599285184,nan,74.98
YIELD,0.0,55.00085181077236,-54.54726336102088,-1.5720301333239484,NO_PATH,0.0,0.0,49.59031960978975,-51.91997947886512,-0.04911438599285184,nan,75.0
YIELD,0.0,55.00085181077236,-54.54726336102088,-1.5720301333239484,NO_PATH,0.0,0.0,49.59031960978975,-51.91997947886512,-0.04911438599285184,nan,75.02000000000001
YIELD,0.0,55.00085181077236,-54.54726336102088,-1.5720301333239484,NO_PATH,0.0,0.0,49.59031960978975,-51.91997947886512,-0.04911438599285184,nan,75.04
YIELD,0.0,55.00085181077236,-54.54726336102088,-1.5720301333239484,NO_PATH,0.0,0.0,49.59031960978975,-51.91997947886512,-0.04911438599285184,nan,75.06
YIELD,0.0,55.00085181077236,-54.54726336102088,-1.5720301333239484,NO_PATH,0.0,0.0,49.59031960978975,-51.91997947886512,-0.04911438599285184,nan,75.081
YIELD,0.0,55.00085181077236,-54.54726336102088,-1.5720301333239484,NO_PATH,0.0,0.0,49.59031960978975,-51.91997947886512,-0.04911438599285184,nan,75.10000000000001
YIELD,0.0,55.00085181077236,-54.54726336102088,-1.5720301333239484,NO_PATH,0.0,0.0,49.59031960978975,-51.91997947886512,-0.04911438599285184,nan,75.12
YIELD,0.0,55.00085181077236,-54.54726336102088,-1.5720301333239484,NO_PATH,0.0,0.0,49.59031960978975,-51.91997947886512,-0.04911438599285184,nan,75.14
YIELD,0.0,55.00085181077236,-54.54726336102088,-1.5720301333239484,NO_PATH,0.0,0.0,49.59031960978975,-51.91997947886512,-0.04911438599285184,nan,75.16000000000001
YIELD,0.0,55.00085181077236,-54.54726336102088,-1.5720301333239484,NO_PATH,0.0,0.0,49.59031960978975,-51.91997947886512,-0.04911438599285184,nan,75.18
YIELD,0.0,55.00085181077236,-54.54726336102088,-1.5720301333239484,NO_PATH,0.0,0.0,49.59031960978975,-51.91997947886512,-0.04911438599285184,nan,75.2
YIELD,0.0,55.00085181077236,-54.54726336102088,-1.5720301333239484,NO_PATH,0.0,0.0,49.59031960978975,-51.91997947886512,-0.04911438599285184,nan,75.221
YIELD,0.0,55.00085181077236,-54.54726336102088,-1.5720301333239484,NO_PATH,0.0,0.0,49.59031960978975,-51.91997947886512,-0.04911438599285184,nan,75.24000000000001
YIELD,0.0,55.00085181077236,-54.54726336102088,-1.5720301333239484,NO_PATH,0.0,0.0,49.59031960978975,-51.91997947886512,-0.04911438599285184,nan,75.26
YIELD,0.0,55.00085181077236,-54.54726336102088,-1.5720301333239484,NO_PATH,0.0,0.0,49.59031960978975,-51.91997947886512,-0.04911438599285184,nan,75.28
YIELD,0.0,55.00085181077236,-54.54726336102088,-1.5720301333239484,NO_PATH,0.0,0.0,49.59031960978975,-51.91997947886512,-0.04911438599285184,nan,75.30000000000001
YIELD,0.0,55.00085181077236,-54.54726336102088,-1.5720301333239484,NO_PATH,0.0,0.0,49.59031960978975,-51.91997947886512,-0.04911438599285184,nan,75.32000000000001
YIELD,0.0,55.00085181077236,-54.54726336102088,-1.5720301333239484,NO_PATH,0.0,0.0,49.59031960978975,-51.91997947886512,-0.04911438599285184,nan,75.34
YIELD,0.0,55.00085181077236,-54.54726336102088,-1.5720301333239484,NO_PATH,0.0,0.0,49.59031960978975,-51.91997947886512,-0.04911438599285184,nan,75.36
YIELD,0.0,55.00085181077236,-54.54726336102088,-1.5720301333239484,NO_PATH,0.0,0.0,49.59031960978975,-51.91997947886512,-0.04911438599285184,nan,75.38000000000001
YIELD,0.0,55.00085181077236,-54.54726336102088,-1.5720301333239484,NO_PATH,0.0,0.0,49.59031960978975,-51.91997947886512,-0.04911438599285184,nan,75.4
YIELD,0.0,55.00085181077236,-54.54726336102088,-1.5720301333239484,NO_PATH,0.0,0.0,49.59031960978975,-51.91997947886512,-0.04911438599285184,nan,75.42200000000001
YIELD,0.0,55.00085181077236,-54.54726336102088,-1.5720301333239484,NO_PATH,0.0,0.0,49.59031960978975,-51.91997947886512,-0.04911438599285184,nan,75.44
YIELD,0.0,55.00085181077236,-54.54726336102088,-1.5720301333239484,NO_PATH,0.0,0.0,49.59031960978975,-51.91997947886512,-0.04911438599285184,nan,75.46000000000001
YIELD,0.0,55.00085181077236,-54.54726336102088,-1.5720301333239484,NO_PATH,0.0,0.0,49.59031960978975,-51.91997947886512,-0.04911438599285184,nan,75.48
YIELD,0.0,55.00085181077236,-54.54726336102088,-1.5720301333239484,NO_PATH,0.0,0.0,49.59031960978975,-51.91997947886512,-0.04911438599285184,nan,75.5
YIELD,0.0,55.00085181077236,-54.54726336102088,-1.5720301333239484,NO_PATH,0.0,0.0,49.59031960978975,-51.91997947886512,-0.04911438599285184,nan,75.52000000000001
YIELD,0.0,55.00085181077236,-54.54726336102088,-1.5720301333239484,NO_PATH,0.0,0.0,49.59031960978975,-51.91997947886512,-0.04911438599285184,nan,75.54
YIELD,0.0,55.00085181077236,-54.54726336102088,-1.5720301333239484,NO_PATH,0.0,0.0,49.59031960978975,-51.91997947886512,-0.04911438599285184,nan,75.56
YIELD,0.0,55.00085181077236,-54.54726336102088,-1.5720301333239484,NO_PATH,0.0,0.0,49.59031960978975,-51.91997947886512,-0.04911438599285184,nan,75.58
YIELD,0.0,55.00085181077236,-54.54726336102088,-1.5720301333239484,NO_PATH,0.0,0.0,49.59031960978975,-51.91997947886512,-0.04911438599285184,nan,75.601
YIELD,0.0,55.00085181077236,-54.54726336102088,-1.5720301333239484,NO_PATH,0.0,0.0,49.59031960978975,-51.91997947886512,-0.04911438599285184,nan,75.62
YIELD,0.0,55.00085181077236,-54.54726336102088,-1.5720301333239484,NO_PATH,0.0,0.0,49.59031960978975,-51.91997947886512,-0.04911438599285184,nan,75.64
YIELD,0.0,55.00085181077236,-54.54726336102088,-1.5720301333239484,NO_PATH,0.0,0.0,49.59031960978975,-51.91997947886512,-0.04911438599285184,nan,75.66000000000001
YIELD,0.0,55.00085181077236,-54.54726336102088,-1.5720301333239484,NO_PATH,0.0,0.0,49.59031960978975,-51.91997947886512,-0.04911438599285184,nan,75.68
YIELD,0.0,55.00085181077236,-54.54726336102088,-1.5720301333239484,NO_PATH,0.0,0.0,49.59031960978975,-51.91997947886512,-0.04911438599285184,nan,75.7
YIELD,0.0,55.00085181077236,-54.54726336102088,-1.5720301333239484,NO_PATH,0.0,0.0,49.59031960978975,-51.91997947886512,-0.04911438599285184,nan,75.72
YIELD,0.0,55.00085181077236,-54.54726336102088,-1.5720301333239484,NO_PATH,0.0,0.0,49.59031960978975,-51.91997947886512,-0.04911438599285184,nan,75.741
YIELD,0.0,55.00085181077236,-54.54726336102088,-1.5720301333239484,NO_PATH,0.0,0.0,49.59031960978975,-51.91997947886512,-0.04911438599285184,nan,75.76
YIELD,0.0,55.00085181077236,-54.54726336102088,-1.5720301333239484,NO_PATH,0.0,0.0,49.59031960978975,-51.91997947886512,-0.04911438599285184,nan,75.78
YIELD,0.0,55.00085181077236,-54.54726336102088,-1.5720301333239484,NO_PATH,0.0,0.0,49.59031960978975,-51.91997947886512,-0.04911438599285184,nan,75.80000000000001
YIELD,0.0,55.00085181077236,-54.54726336102088,-1.5720301333239484,NO_PATH,0.0,0.0,49.59031960978975,-51.91997947886512,-0.04911438599285184,nan,75.82000000000001
YIELD,0.0,55.00085181077236,-54.54726336102088,-1.5720301333239484,NO_PATH,0.0,0.0,49.59031960978975,-51.91997947886512,-0.04911438599285184,nan,75.84
YIELD,0.0,55.00085181077236,-54.54726336102088,-1.5720301333239484,NO_PATH,0.0,0.0,49.59031960978975,-51.91997947886512,-0.04911438599285184,nan,75.86
YIELD,0.0,55.00085181077236,-54.54726336102088,-1.5720301333239484,NO_PATH,0.0,0.0,49.59031960978975,-51.91997947886512,-0.04911438599285184,nan,75.88000000000001
YIELD,0.0,55.00085181077236,-54.54726336102088,-1.5720301333239484,NO_PATH,0.0,0.0,49.59031960978975,-51.91997947886512,-0.04911438599285184,nan,75.9
YIELD,0.0,55.00085181077236,-54.54726336102088,-1.5720301333239484,NO_PATH,0.0,0.0,49.59031960978975,-51.91997947886512,-0.04911438599285184,nan,75.92
YIELD,0.0,55.00085181077236,-54.54726336102088,-1.5720301333239484,NO_PATH,0.0,0.0,49.59031960978975,-51.91997947886512,-0.04911438599285184,nan,75.94
YIELD,0.0,55.00085181077236,-54.54726336102088,-1.5720301333239484,NO_PATH,0.0,0.0,49.59031960978975,-51.91997947886512,-0.04911438599285184,nan,75.96000000000001
YIELD,0.0,55.00085181077236,-54.54726336102088,-1.5720301333239484,NO_PATH,0.0,0.0,49.59031960978975,-51.91997947886512,-0.04911438599285184,nan,75.98
YIELD,0.0,55.00085181077236,-54.54726336102088,-1.5720301333239484,NO_PATH,0.0,0.0,49.59031960978975,-51.91997947886512,-0.04911438599285184,nan,76.0
YIELD,0.0,55.00085181077236,-54.54726336102088,-1.5720301333239484,NO_PATH,0.0,0.0,49.59031960978975,-51.91997947886512,-0.04911438599285184,nan,76.02000000000001
YIELD,0.0,55.00085181077236,-54.54726336102088,-1.5720301333239484,NO_PATH,0.0,0.0,49.59031960978975,-51.91997947886512,-0.04911438599285184,nan,76.04
YIELD,0.0,55.00085181077236,-54.54726336102088,-1.5720301333239484,NO_PATH,0.0,0.0,49.59031960978975,-51.91997947886512,-0.04911438599285184,nan,76.06
YIELD,0.0,55.00085181077236,-54.54726336102088,-1.5720301333239484,NO_PATH,0.0,0.0,49.59031960978975,-51.91997947886512,-0.04911438599285184,nan,76.08
YIELD,0.0,55.00085181077236,-54.54726336102088,-1.5720301333239484,NO_PATH,0.0,0.0,49.59031960978975,-51.91997947886512,-0.04911438599285184,nan,76.10000000000001
YIELD,0.0,55.00085181077236,-54.54726336102088,-1.5720301333239484,NO_PATH,0.0,0.0,49.59031960978975,-51.91997947886512,-0.04911438599285184,nan,76.12
YIELD,0.0,55.00085181077236,-54.54726336102088,-1.5720301333239484,NO_PATH,0.0,0.0,49.59031960978975,-51.91997947886512,-0.04911438599285184,nan,76.14
YIELD,0.0,55.00085181077236,-54.54726336102088,-1.5720301333239484,NO_PATH,0.0,0.0,49.59031960978975,-51.91997947886512,-0.04911438599285184,nan,76.16000000000001
YIELD,0.0,55.00085181077236,-54.54726336102088,-1.5720301333239484,NO_PATH,0.0,0.0,49.59031960978975,-51.91997947886512,-0.04911438599285184,nan,76.18
YIELD,0.0,55.00085181077236,-54.54726336102088,-1.5720301333239484,NO_PATH,0.0,0.0,49.59031960978975,-51.91997947886512,-0.04911438599285184,nan,76.2
YIELD,0.0,55.00085181077236,-54.54726336102088,-1.5720301333239484,NO_PATH,0.0,0.0,49.59031960978975,-51.91997947886512,-0.04911438599285184,nan,76.22
YIELD,0.0,55.00085181077236,-54.54726336102088,-1.5720301333239484,NO_PATH,0.0,0.0,49.59031960978975,-51.91997947886512,-0.04911438599285184,nan,76.24000000000001
YIELD,0.0,55.00085181077236,-54.54726336102088,-1.5720301333239484,NO_PATH,0.0,0.0,49.59031960978975,-51.91997947886512,-0.04911438599285184,nan,76.26
YIELD,0.0,55.00085181077236,-54.54726336102088,-1.5720301333239484,NO_PATH,0.0,0.0,49.59031960978975,-51.91997947886512,-0.04911438599285184,nan,76.28
YIELD,0.0,55.00085181077236,-54.54726336102088,-1.5720301333239484,NO_PATH,0.0,0.0,49.59031960978975,-51.91997947886512,-0.04911438599285184,nan,76.30000000000001
YIELD,0.0,55.00085181077236,-54.54726336102088,-1.5720301333239484,NO_PATH,0.0,0.0,49.59031960978975,-51.91997947886512,-0.04911438599285184,nan,76.32000000000001
YIELD,0.0,55.00085181077236,-54.54726336102088,-1.5720301333239484,NO_PATH,0.0,0.0,49.59031960978975,-51.91997947886512,-0.04911438599285184,nan,76.34
YIELD,0.0,55.00085181077236,-54.54726336102088,-1.5720301333239484,NO_PATH,0.0,0.0,49.59031960978975,-51.91997947886512,-0.04911438599285184,nan,76.36
YIELD,0.0,55.00085181077236,-54.54726336102088,-1.5720301333239484,NO_PATH,0.0,0.0,49.59031960978975,-51.91997947886512,-0.04911438599285184,nan,76.38000000000001
YIELD,0.0,55.00085181077236,-54.54726336102088,-1.5720301333239484,NO_PATH,0.0,0.0,49.59031960978975,-51.91997947886512,-0.04911438599285184,nan,76.4
YIELD,0.0,55.00085181077236,-54.54726336102088,-1.5720301333239484,NO_PATH,0.0,0.0,49.59031960978975,-51.91997947886512,-0.04911438599285184,nan,76.42
YIELD,0.0,55.00085181077236,-54.54726336102088,-1.5720301333239484,NO_PATH,0.0,0.0,49.59031960978975,-51.91997947886512,-0.04911438599285184,nan,76.44
YIELD,0.0,55.00085181077236,-54.54726336102088,-1.5720301333239484,NO_PATH,0.0,0.0,49.59031960978975,-51.91997947886512,-0.04911438599285184,nan,76.46000000000001
YIELD,0.0,55.00085181077236,-54.54726336102088,-1.5720301333239484,NO_PATH,0.0,0.0,49.59031960978975,-51.91997947886512,-0.04911438599285184,nan,76.48
YIELD,0.0,55.00085181077236,-54.54726336102088,-1.5720301333239484,NO_PATH,0.0,0.0,49.59031960978975,-51.91997947886512,-0.04911438599285184,nan,76.5
YIELD,0.0,55.00085181077236,-54.54726336102088,-1.5720301333239484,NO_PATH,0.0,0.0,49.59031960978975,-51.91997947886512,-0.04911438599285184,nan,76.52000000000001
YIELD,0.0,55.00085181077236,-54.54726336102088,-1.5720301333239484,NO_PATH,0.0,0.0,49.59031960978975,-51.91997947886512,-0.04911438599285184,nan,76.54
YIELD,0.0,55.00085181077236,-54.54726336102088,-1.5720301333239484,NO_PATH,0.0,0.0,49.59031960978975,-51.91997947886512,-0.04911438599285184,nan,76.56
YIELD,0.0,55.00085181077236,-54.54726336102088,-1.5720301333239484,NO_PATH,0.0,0.0,49.59031960978975,-51.91997947886512,-0.04911438599285184,nan,76.58
YIELD,0.0,55.00085181077236,-54.54726336102088,-1.5720301333239484,NO_PATH,0.0,0.0,49.59031960978975,-51.91997947886512,-0.04911438599285184,nan,76.60000000000001
YIELD,0.0,55.00085181077236,-54.54726336102088,-1.5720301333239484,NO_PATH,0.0,0.0,49.59031960978975,-51.91997947886512,-0.04911438599285184,nan,76.62
YIELD,0.0,55.00085181077236,-54.54726336102088,-1.5720301333239484,NO_PATH,0.0,0.0,49.59031960978975,-51.91997947886512,-0.04911438599285184,nan,76.641
YIELD,0.0,55.00085181077236,-54.54726336102088,-1.5720301333239484,NO_PATH,0.0,0.0,49.59031960978975,-51.91997947886512,-0.04911438599285184,nan,76.66000000000001
YIELD,0.0,55.00085181077236,-54.54726336102088,-1.5720301333239484,NO_PATH,0.0,0.0,49.59031960978975,-51.91997947886512,-0.04911438599285184,nan,76.68
YIELD,0.0,55.00085181077236,-54.54726336102088,-1.5720301333239484,NO_PATH,0.0,0.0,49.59031960978975,-51.91997947886512,-0.04911438599285184,nan,76.7
YIELD,0.0,55.00085181077236,-54.54726336102088,-1.5720301333239484,NO_PATH,0.0,0.0,49.59031960978975,-51.91997947886512,-0.04911438599285184,nan,76.72
YIELD,0.0,55.00085181077236,-54.54726336102088,-1.5720301333239484,NO_PATH,0.0,0.0,49.59031960978975,-51.91997947886512,-0.04911438599285184,nan,76.74000000000001
YIELD,0.0,55.00085181077236,-54.54726336102088,-1.5720301333239484,NO_PATH,0.0,0.0,49.59031960978975,-51.91997947886512,-0.04911438599285184,nan,76.76
YIELD,0.0,55.00085181077236,-54.54726336102088,-1.5720301333239484,NO_PATH,0.0,0.0,49.59031960978975,-51.91997947886512,-0.04911438599285184,nan,76.78
YIELD,0.0,55.00085181077236,-54.54726336102088,-1.5720301333239484,NO_PATH,0.0,0.0,49.59031960978975,-51.91997947886512,-0.04911438599285184,nan,76.80000000000001
YIELD,0.0,55.00085181077236,-54.54726336102088,-1.5720301333239484,NO_PATH,0.0,0.0,49.59031960978975,-51.91997947886512,-0.04911438599285184,nan,76.82000000000001
YIELD,0.0,55.00085181077236,-54.54726336102088,-1.5720301333239484,NO_PATH,0.0,0.0,49.59031960978975,-51.91997947886512,-0.04911438599285184,nan,76.84
YIELD,0.0,55.00085181077236,-54.54726336102088,-1.5720301333239484,NO_PATH,0.0,0.0,49.59031960978975,-51.91997947886512,-0.04911438599285184,nan,76.86
YIELD,0.0,55.00085181077236,-54.54726336102088,-1.5720301333239484,NO_PATH,0.0,0.0,49.59031960978975,-51.91997947886512,-0.04911438599285184,nan,76.88000000000001
YIELD,0.0,55.00085181077236,-54.54726336102088,-1.5720301333239484,NO_PATH,0.0,0.0,49.59031960978975,-51.91997947886512,-0.04911438599285184,nan,76.9
YIELD,0.0,55.00085181077236,-54.54726336102088,-1.5720301333239484,NO_PATH,0.0,0.0,49.59031960978975,-51.91997947886512,-0.04911438599285184,nan,76.92
YIELD,0.0,55.00085181077236,-54.54726336102088,-1.5720301333239484,NO_PATH,0.0,0.0,49.59031960978975,-51.91997947886512,-0.04911438599285184,nan,76.94
YIELD,0.0,55.00085181077236,-54.54726336102088,-1.5720301333239484,NO_PATH,0.0,0.0,49.59031960978975,-51.91997947886512,-0.04911438599285184,nan,76.96000000000001
YIELD,0.0,55.00085181077236,-54.54726336102088,-1.5720301333239484,NO_PATH,0.0,0.0,49.59031960978975,-51.91997947886512,-0.04911438599285184,nan,76.98
YIELD,0.0,55.00085181077236,-54.54726336102088,-1.5720301333239484,NO_PATH,0.0,0.0,49.59031960978975,-51.91997947886512,-0.04911438599285184,nan,77.001
YIELD,0.0,55.00085181077236,-54.54726336102088,-1.5720301333239484,NO_PATH,0.0,0.0,49.59031960978975,-51.91997947886512,-0.04911438599285184,nan,77.02000000000001
YIELD,0.0,55.00085181077236,-54.54726336102088,-1.5720301333239484,NO_PATH,0.0,0.0,49.59031960978975,-51.91997947886512,-0.04911438599285184,nan,77.04
YIELD,0.0,55.00085181077236,-54.54726336102088,-1.5720301333239484,NO_PATH,0.0,0.0,49.59031960978975,-51.91997947886512,-0.04911438599285184,nan,77.06
YIELD,0.0,55.00085181077236,-54.54726336102088,-1.5720301333239484,NO_PATH,0.0,0.0,49.59031960978975,-51.91997947886512,-0.04911438599285184,nan,77.08
YIELD,0.0,55.00085181077236,-54.54726336102088,-1.5720301333239484,NO_PATH,0.0,0.0,49.59031960978975,-51.91997947886512,-0.04911438599285184,nan,77.10000000000001
YIELD,0.0,55.00085181077236,-54.54726336102088,-1.5720301333239484,NO_PATH,0.0,0.0,49.59031960978975,-51.91997947886512,-0.04911438599285184,nan,77.12
YIELD,0.0,55.00085181077236,-54.54726336102088,-1.5720301333239484,NO_PATH,0.0,0.0,49.59031960978975,-51.91997947886512,-0.04911438599285184,nan,77.14
YIELD,0.0,55.00085181077236,-54.54726336102088,-1.5720301333239484,NO_PATH,0.0,0.0,49.59031960978975,-51.91997947886512,-0.04911438599285184,nan,77.16000000000001
YIELD,0.0,55.00085181077236,-54.54726336102088,-1.5720301333239484,NO_PATH,0.0,0.0,49.59031960978975,-51.91997947886512,-0.04911438599285184,nan,77.18
YIELD,0.0,55.00085181077236,-54.54726336102088,-1.5720301333239484,NO_PATH,0.0,0.0,49.59031960978975,-51.91997947886512,-0.04911438599285184,nan,77.2
YIELD,0.0,55.00085181077236,-54.54726336102088,-1.5720301333239484,NO_PATH,0.0,0.0,49.59031960978975,-51.91997947886512,-0.04911438599285184,nan,77.22
YIELD,0.0,55.00085181077236,-54.54726336102088,-1.5720301333239484,NO_PATH,0.0,0.0,49.59031960978975,-51.91997947886512,-0.04911438599285184,nan,77.24000000000001
YIELD,0.0,55.00085181077236,-54.54726336102088,-1.5720301333239484,NO_PATH,0.0,0.0,49.59031960978975,-51.91997947886512,-0.04911438599285184,nan,77.26
YIELD,0.0,55.00085181077236,-54.54726336102088,-1.5720301333239484,NO_PATH,0.0,0.0,49.59031960978975,-51.91997947886512,-0.04911438599285184,nan,77.281
YIELD,0.0,55.00085181077236,-54.54726336102088,-1.5720301333239484,NO_PATH,0.0,0.0,49.59031960978975,-51.91997947886512,-0.04911438599285184,nan,77.30000000000001
YIELD,0.0,55.00085181077236,-54.54726336102088,-1.5720301333239484,NO_PATH,0.0,0.0,49.59031960978975,-51.91997947886512,-0.04911438599285184,nan,77.32000000000001
YIELD,0.0,55.00085181077236,-54.54726336102088,-1.5720301333239484,NO_PATH,0.0,0.0,49.59031960978975,-51.91997947886512,-0.04911438599285184,nan,77.34
YIELD,0.0,55.00085181077236,-54.54726336102088,-1.5720301333239484,NO_PATH,0.0,0.0,49.59031960978975,-51.91997947886512,-0.04911438599285184,nan,77.36
YIELD,0.0,55.00085181077236,-54.54726336102088,-1.5720301333239484,NO_PATH,0.0,0.0,49.59031960978975,-51.91997947886512,-0.04911438599285184,nan,77.38000000000001
YIELD,0.0,55.00085181077236,-54.54726336102088,-1.5720301333239484,NO_PATH,0.0,0.0,49.59031960978975,-51.91997947886512,-0.04911438599285184,nan,77.4
YIELD,0.0,55.00085181077236,-54.54726336102088,-1.5720301333239484,NO_PATH,0.0,0.0,49.59031960978975,-51.91997947886512,-0.04911438599285184,nan,77.42
YIELD,0.0,55.00085181077236,-54.54726336102088,-1.5720301333239484,NO_PATH,0.0,0.0,49.59031960978975,-51.91997947886512,-0.04911438599285184,nan,77.44
YIELD,0.0,55.00085181077236,-54.54726336102088,-1.5720301333239484,NO_PATH,0.0,0.0,49.59031960978975,-51.91997947886512,-0.04911438599285184,nan,77.46000000000001
YIELD,0.0,55.00085181077236,-54.54726336102088,-1.5720301333239484,NO_PATH,0.0,0.0,49.59031960978975,-51.91997947886512,-0.04911438599285184,nan,77.48
YIELD,0.0,55.00085181077236,-54.54726336102088,-1.5720301333239484,NO_PATH,0.0,0.0,49.59031960978975,-51.91997947886512,-0.04911438599285184,nan,77.5
YIELD,0.0,55.00085181077236,-54.54726336102088,-1.5720301333239484,NO_PATH,0.0,0.0,49.59031960978975,-51.91997947886512,-0.04911438599285184,nan,77.52000000000001
YIELD,0.0,55.00085181077236,-54.54726336102088,-1.5720301333239484,NO_PATH,0.0,0.0,49.59031960978975,-51.91997947886512,-0.04911438599285184,nan,77.54
YIELD,0.0,55.00085181077236,-54.54726336102088,-1.5720301333239484,NO_PATH,0.0,0.0,49.59031960978975,-51.91997947886512,-0.04911438599285184,nan,77.56
YIELD,0.0,55.00085181077236,-54.54726336102088,-1.5720301333239484,NO_PATH,0.0,0.0,49.59031960978975,-51.91997947886512,-0.04911438599285184,nan,77.58
YIELD,0.0,55.00085181077236,-54.54726336102088,-1.5720301333239484,NO_PATH,0.0,0.0,49.59031960978975,-51.91997947886512,-0.04911438599285184,nan,77.601
YIELD,0.0,55.00085181077236,-54.54726336102088,-1.5720301333239484,NO_PATH,0.0,0.0,49.59031960978975,-51.91997947886512,-0.04911438599285184,nan,77.62
YIELD,0.0,55.00085181077236,-54.54726336102088,-1.5720301333239484,NO_PATH,0.0,0.0,49.59031960978975,-51.91997947886512,-0.04911438599285184,nan,77.64
YIELD,0.0,55.00085181077236,-54.54726336102088,-1.5720301333239484,NO_PATH,0.0,0.0,49.59031960978975,-51.91997947886512,-0.04911438599285184,nan,77.66000000000001
YIELD,0.0,55.00085181077236,-54.54726336102088,-1.5720301333239484,NO_PATH,0.0,0.0,49.59031960978975,-51.91997947886512,-0.04911438599285184,nan,77.68
YIELD,0.0,55.00085181077236,-54.54726336102088,-1.5720301333239484,NO_PATH,0.0,0.0,49.59031960978975,-51.91997947886512,-0.04911438599285184,nan,77.7
YIELD,0.0,55.00085181077236,-54.54726336102088,-1.5720301333239484,NO_PATH,0.0,0.0,49.59031960978975,-51.91997947886512,-0.04911438599285184,nan,77.72
YIELD,0.0,55.00085181077236,-54.54726336102088,-1.5720301333239484,NO_PATH,0.0,0.0,49.59031960978975,-51.91997947886512,-0.04911438599285184,nan,77.74000000000001
YIELD,0.0,55.00085181077236,-54.54726336102088,-1.5720301333239484,NO_PATH,0.0,0.0,49.59031960978975,-51.91997947886512,-0.04911438599285184,nan,77.76
YIELD,0.0,55.00085181077236,-54.54726336102088,-1.5720301333239484,NO_PATH,0.0,0.0,49.59031960978975,-51.91997947886512,-0.04911438599285184,nan,77.78
YIELD,0.0,55.00085181077236,-54.54726336102088,-1.5720301333239484,NO_PATH,0.0,0.0,49.59031960978975,-51.91997947886512,-0.04911438599285184,nan,77.80000000000001
YIELD,0.0,55.00085181077236,-54.54726336102088,-1.5720301333239484,NO_PATH,0.0,0.0,49.59031960978975,-51.91997947886512,-0.04911438599285184,nan,77.82000000000001
YIELD,0.0,55.00085181077236,-54.54726336102088,-1.5720301333239484,NO_PATH,0.0,0.0,49.59031960978975,-51.91997947886512,-0.04911438599285184,nan,77.84
YIELD,0.0,55.00085181077236,-54.54726336102088,-1.5720301333239484,NO_PATH,0.0,0.0,49.59031960978975,-51.91997947886512,-0.04911438599285184,nan,77.86
YIELD,0.0,55.00085181077236,-54.54726336102088,-1.5720301333239484,NO_PATH,0.0,0.0,49.59031960978975,-51.91997947886512,-0.04911438599285184,nan,77.88000000000001
YIELD,0.0,55.00085181077236,-54.54726336102088,-1.5720301333239484,NO_PATH,0.0,0.0,49.59031960978975,-51.91997947886512,-0.04911438599285184,nan,77.9
YIELD,0.0,55.00085181077236,-54.54726336102088,-1.5720301333239484,NO_PATH,0.0,0.0,49.59031960978975,-51.91997947886512,-0.04911438599285184,nan,77.92
YIELD,0.0,55.00085181077236,-54.54726336102088,-1.5720301333239484,NO_PATH,0.0,0.0,49.59031960978975,-51.91997947886512,-0.04911438599285184,nan,77.94000000000001
YIELD,0.0,55.00085181077236,-54.54726336102088,-1.5720301333239484,NO_PATH,0.0,0.0,49.59031960978975,-51.91997947886512,-0.04911438599285184,nan,77.96000000000001
YIELD,0.0,55.00085181077236,-54.54726336102088,-1.5720301333239484,NO_PATH,0.0,0.0,49.59031960978975,-51.91997947886512,-0.04911438599285184,nan,77.98
YIELD,0.0,55.00085181077236,-54.54726336102088,-1.5720301333239484,NO_PATH,0.0,0.0,49.59031960978975,-51.91997947886512,-0.04911438599285184,nan,78.0
YIELD,0.0,55.00085181077236,-54.54726336102088,-1.5720301333239484,NO_PATH,0.0,0.0,49.59031960978975,-51.91997947886512,-0.04911438599285184,nan,78.02000000000001
YIELD,0.0,55.00085181077236,-54.54726336102088,-1.5720301333239484,NO_PATH,0.0,0.0,49.59031960978975,-51.91997947886512,-0.04911438599285184,nan,78.04
YIELD,0.0,55.00085181077236,-54.54726336102088,-1.5720301333239484,NO_PATH,0.0,0.0,49.59031960978975,-51.91997947886512,-0.04911438599285184,nan,78.06
YIELD,0.0,55.00085181077236,-54.54726336102088,-1.5720301333239484,NO_PATH,0.0,0.0,49.59031960978975,-51.91997947886512,-0.04911438599285184,nan,78.08
YIELD,0.0,55.00085181077236,-54.54726336102088,-1.5720301333239484,NO_PATH,0.0,0.0,49.59031960978975,-51.91997947886512,-0.04911438599285184,nan,78.10000000000001
YIELD,0.0,55.00085181077236,-54.54726336102088,-1.5720301333239484,NO_PATH,0.0,0.0,49.59031960978975,-51.91997947886512,-0.04911438599285184,nan,78.12
YIELD,0.0,55.00085181077236,-54.54726336102088,-1.5720301333239484,NO_PATH,0.0,0.0,49.59031960978975,-51.91997947886512,-0.04911438599285184,nan,78.14
YIELD,0.0,55.00085181077236,-54.54726336102088,-1.5720301333239484,NO_PATH,0.0,0.0,49.59031960978975,-51.91997947886512,-0.04911438599285184,nan,78.16000000000001
YIELD,0.0,55.00085181077236,-54.54726336102088,-1.5720301333239484,NO_PATH,0.0,0.0,49.59031960978975,-51.91997947886512,-0.04911438599285184,nan,78.18100000000001
YIELD,0.0,55.00085181077236,-54.54726336102088,-1.5720301333239484,NO_PATH,0.0,0.0,49.59031960978975,-51.91997947886512,-0.04911438599285184,nan,78.2
YIELD,0.0,55.00085181077236,-54.54726336102088,-1.5720301333239484,NO_PATH,0.0,0.0,49.59031960978975,-51.91997947886512,-0.04911438599285184,nan,78.22
YIELD,0.0,55.00085181077236,-54.54726336102088,-1.5720301333239484,NO_PATH,0.0,0.0,49.59031960978975,-51.91997947886512,-0.04911438599285184,nan,78.24000000000001
YIELD,0.0,55.00085181077236,-54.54726336102088,-1.5720301333239484,NO_PATH,0.0,0.0,49.59031960978975,-51.91997947886512,-0.04911438599285184,nan,78.26
YIELD,0.0,55.00085181077236,-54.54726336102088,-1.5720301333239484,NO_PATH,0.0,0.0,49.59031960978975,-51.91997947886512,-0.04911438599285184,nan,78.28
YIELD,0.0,55.00085181077236,-54.54726336102088,-1.5720301333239484,NO_PATH,0.0,0.0,49.59031960978975,-51.91997947886512,-0.04911438599285184,nan,78.30000000000001
YIELD,0.0,55.00085181077236,-54.54726336102088,-1.5720301333239484,NO_PATH,0.0,0.0,49.59031960978975,-51.91997947886512,-0.04911438599285184,nan,78.321
YIELD,0.0,55.00085181077236,-54.54726336102088,-1.5720301333239484,NO_PATH,0.0,0.0,49.59031960978975,-51.91997947886512,-0.04911438599285184,nan,78.34100000000001
YIELD,0.0,55.00085181077236,-54.54726336102088,-1.5720301333239484,NO_PATH,0.0,0.0,49.59031960978975,-51.91997947886512,-0.04911438599285184,nan,78.361
YIELD,0.0,55.00085181077236,-54.54726336102088,-1.5720301333239484,NO_PATH,0.0,0.0,49.59031960978975,-51.91997947886512,-0.04911438599285184,nan,78.38000000000001
YIELD,0.0,55.00085181077236,-54.54726336102088,-1.5720301333239484,NO_PATH,0.0,0.0,49.59031960978975,-51.91997947886512,-0.04911438599285184,nan,78.4
YIELD,0.0,55.00085181077236,-54.54726336102088,-1.5720301333239484,NO_PATH,0.0,0.0,49.59031960978975,-51.91997947886512,-0.04911438599285184,nan,78.42
YIELD,0.0,55.00085181077236,-54.54726336102088,-1.5720301333239484,NO_PATH,0.0,0.0,49.59031960978975,-51.91997947886512,-0.04911438599285184,nan,78.44000000000001
YIELD,0.0,55.00085181077236,-54.54726336102088,-1.5720301333239484,NO_PATH,0.0,0.0,49.59031960978975,-51.91997947886512,-0.04911438599285184,nan,78.46000000000001
YIELD,0.0,55.00085181077236,-54.54726336102088,-1.5720301333239484,NO_PATH,0.0,0.0,49.59031960978975,-51.91997947886512,-0.04911438599285184,nan,78.48
YIELD,0.0,55.00085181077236,-54.54726336102088,-1.5720301333239484,NO_PATH,0.0,0.0,49.59031960978975,-51.91997947886512,-0.04911438599285184,nan,78.5
YIELD,0.0,55.00085181077236,-54.54726336102088,-1.5720301333239484,NO_PATH,0.0,0.0,49.59031960978975,-51.91997947886512,-0.04911438599285184,nan,78.52000000000001
YIELD,0.0,55.00085181077236,-54.54726336102088,-1.5720301333239484,NO_PATH,0.0,0.0,49.59031960978975,-51.91997947886512,-0.04911438599285184,nan,78.54
YIELD,0.0,55.00085181077236,-54.54726336102088,-1.5720301333239484,NO_PATH,0.0,0.0,49.59031960978975,-51.91997947886512,-0.04911438599285184,nan,78.56
YIELD,0.0,55.00085181077236,-54.54726336102088,-1.5720301333239484,NO_PATH,0.0,0.0,49.59031960978975,-51.91997947886512,-0.04911438599285184,nan,78.58
YIELD,0.0,55.00085181077236,-54.54726336102088,-1.5720301333239484,NO_PATH,0.0,0.0,49.59031960978975,-51.91997947886512,-0.04911438599285184,nan,78.60000000000001
YIELD,0.0,55.00085181077236,-54.54726336102088,-1.5720301333239484,NO_PATH,0.0,0.0,49.59031960978975,-51.91997947886512,-0.04911438599285184,nan,78.62
YIELD,0.0,55.00085181077236,-54.54726336102088,-1.5720301333239484,NO_PATH,0.0,0.0,49.59031960978975,-51.91997947886512,-0.04911438599285184,nan,78.64
YIELD,0.0,55.00085181077236,-54.54726336102088,-1.5720301333239484,NO_PATH,0.0,0.0,49.59031960978975,-51.91997947886512,-0.04911438599285184,nan,78.66000000000001
YIELD,0.0,55.00085181077236,-54.54726336102088,-1.5720301333239484,NO_PATH,0.0,0.0,49.59031960978975,-51.91997947886512,-0.04911438599285184,nan,78.68
YIELD,0.0,55.00085181077236,-54.54726336102088,-1.5720301333239484,NO_PATH,0.0,0.0,49.59031960978975,-51.91997947886512,-0.04911438599285184,nan,78.7
YIELD,0.0,55.00085181077236,-54.54726336102088,-1.5720301333239484,NO_PATH,0.0,0.0,49.59031960978975,-51.91997947886512,-0.04911438599285184,nan,78.72
YIELD,0.0,55.00085181077236,-54.54726336102088,-1.5720301333239484,NO_PATH,0.0,0.0,49.59031960978975,-51.91997947886512,-0.04911438599285184,nan,78.74000000000001
YIELD,0.0,55.00085181077236,-54.54726336102088,-1.5720301333239484,NO_PATH,0.0,0.0,49.59031960978975,-51.91997947886512,-0.04911438599285184,nan,78.76
YIELD,0.0,55.00085181077236,-54.54726336102088,-1.5720301333239484,NO_PATH,0.0,0.0,49.59031960978975,-51.91997947886512,-0.04911438599285184,nan,78.78
YIELD,0.0,55.00085181077236,-54.54726336102088,-1.5720301333239484,NO_PATH,0.0,0.0,49.59031960978975,-51.91997947886512,-0.04911438599285184,nan,78.80000000000001
YIELD,0.0,55.00085181077236,-54.54726336102088,-1.5720301333239484,NO_PATH,0.0,0.0,49.59031960978975,-51.91997947886512,-0.04911438599285184,nan,78.82000000000001
YIELD,0.0,55.00085181077236,-54.54726336102088,-1.5720301333239484,NO_PATH,0.0,0.0,49.59031960978975,-51.91997947886512,-0.04911438599285184,nan,78.84
YIELD,0.0,55.00085181077236,-54.54726336102088,-1.5720301333239484,NO_PATH,0.0,0.0,49.59031960978975,-51.91997947886512,-0.04911438599285184,nan,78.86
YIELD,0.0,55.00085181077236,-54.54726336102088,-1.5720301333239484,NO_PATH,0.0,0.0,49.59031960978975,-51.91997947886512,-0.04911438599285184,nan,78.88000000000001
YIELD,0.0,55.00085181077236,-54.54726336102088,-1.5720301333239484,NO_PATH,0.0,0.0,49.59031960978975,-51.91997947886512,-0.04911438599285184,nan,78.9
YIELD,0.0,55.00085181077236,-54.54726336102088,-1.5720301333239484,NO_PATH,0.0,0.0,49.59031960978975,-51.91997947886512,-0.04911438599285184,nan,78.92
YIELD,0.0,55.00085181077236,-54.54726336102088,-1.5720301333239484,NO_PATH,0.0,0.0,49.59031960978975,-51.91997947886512,-0.04911438599285184,nan,78.94000000000001
YIELD,0.0,55.00085181077236,-54.54726336102088,-1.5720301333239484,NO_PATH,0.0,0.0,49.59031960978975,-51.91997947886512,-0.04911438599285184,nan,78.96000000000001
YIELD,0.0,55.00085181077236,-54.54726336102088,-1.5720301333239484,NO_PATH,0.0,0.0,49.59031960978975,-51.91997947886512,-0.04911438599285184,nan,78.98
YIELD,0.0,55.00085181077236,-54.54726336102088,-1.5720301333239484,NO_PATH,0.0,0.0,49.59031960978975,-51.91997947886512,-0.04911438599285184,nan,79.0
YIELD,0.0,55.00085181077236,-54.54726336102088,-1.5720301333239484,NO_PATH,0.0,0.0,49.59031960978975,-51.91997947886512,-0.04911438599285184,nan,79.02000000000001
YIELD,0.0,55.00085181077236,-54.54726336102088,-1.5720301333239484,NO_PATH,0.0,0.0,49.59031960978975,-51.91997947886512,-0.04911438599285184,nan,79.04
YIELD,0.0,55.00085181077236,-54.54726336102088,-1.5720301333239484,NO_PATH,0.0,0.0,49.59031960978975,-51.91997947886512,-0.04911438599285184,nan,79.06
YIELD,0.0,55.00085181077236,-54.54726336102088,-1.5720301333239484,NO_PATH,0.0,0.0,49.59031960978975,-51.91997947886512,-0.04911438599285184,nan,79.08
YIELD,0.0,55.00085181077236,-54.54726336102088,-1.5720301333239484,NO_PATH,0.0,0.0,49.59031960978975,-51.91997947886512,-0.04911438599285184,nan,79.10000000000001
YIELD,0.0,55.00085181077236,-54.54726336102088,-1.5720301333239484,NO_PATH,0.0,0.0,49.59031960978975,-51.91997947886512,-0.04911438599285184,nan,79.12
YIELD,0.0,55.00085181077236,-54.54726336102088,-1.5720301333239484,NO_PATH,0.0,0.0,49.59031960978975,-51.91997947886512,-0.04911438599285184,nan,79.141
YIELD,0.0,55.00085181077236,-54.54726336102088,-1.5720301333239484,NO_PATH,0.0,0.0,49.59031960978975,-51.91997947886512,-0.04911438599285184,nan,79.16000000000001
YIELD,0.0,55.00085181077236,-54.54726336102088,-1.5720301333239484,NO_PATH,0.0,0.0,49.59031960978975,-51.91997947886512,-0.04911438599285184,nan,79.18
YIELD,0.0,55.00085181077236,-54.54726336102088,-1.5720301333239484,NO_PATH,0.0,0.0,49.59031960978975,-51.91997947886512,-0.04911438599285184,nan,79.2
YIELD,0.0,55.00085181077236,-54.54726336102088,-1.5720301333239484,NO_PATH,0.0,0.0,49.59031960978975,-51.91997947886512,-0.04911438599285184,nan,79.22
YIELD,0.0,55.00085181077236,-54.54726336102088,-1.5720301333239484,NO_PATH,0.0,0.0,49.59031960978975,-51.91997947886512,-0.04911438599285184,nan,79.24000000000001
YIELD,0.0,55.00085181077236,-54.54726336102088,-1.5720301333239484,NO_PATH,0.0,0.0,49.59031960978975,-51.91997947886512,-0.04911438599285184,nan,79.26
YIELD,0.0,55.00085181077236,-54.54726336102088,-1.5720301333239484,NO_PATH,0.0,0.0,49.59031960978975,-51.91997947886512,-0.04911438599285184,nan,79.28
YIELD,0.0,55.00085181077236,-54.54726336102088,-1.5720301333239484,NO_PATH,0.0,0.0,49.59031960978975,-51.91997947886512,-0.04911438599285184,nan,79.30000000000001
YIELD,0.0,55.00085181077236,-54.54726336102088,-1.5720301333239484,NO_PATH,0.0,0.0,49.59031960978975,-51.91997947886512,-0.04911438599285184,nan,79.32000000000001
YIELD,0.0,55.00085181077236,-54.54726336102088,-1.5720301333239484,NO_PATH,0.0,0.0,49.59031960978975,-51.91997947886512,-0.04911438599285184,nan,79.34
YIELD,0.0,55.00085181077236,-54.54726336102088,-1.5720301333239484,NO_PATH,0.0,0.0,49.59031960978975,-51.91997947886512,-0.04911438599285184,nan,79.36
YIELD,0.0,55.00085181077236,-54.54726336102088,-1.5720301333239484,NO_PATH,0.0,0.0,49.59031960978975,-51.91997947886512,-0.04911438599285184,nan,79.38000000000001
YIELD,0.0,55.00085181077236,-54.54726336102088,-1.5720301333239484,NO_PATH,0.0,0.0,49.59031960978975,-51.91997947886512,-0.04911438599285184,nan,79.4
YIELD,0.0,55.00085181077236,-54.54726336102088,-1.5720301333239484,NO_PATH,0.0,0.0,49.59031960978975,-51.91997947886512,-0.04911438599285184,nan,79.42
YIELD,0.0,55.00085181077236,-54.54726336102088,-1.5720301333239484,NO_PATH,0.0,0.0,49.59031960978975,-51.91997947886512,-0.04911438599285184,nan,79.44000000000001
YIELD,0.0,55.00085181077236,-54.54726336102088,-1.5720301333239484,NO_PATH,0.0,0.0,49.59031960978975,-51.91997947886512,-0.04911438599285184,nan,79.46000000000001
YIELD,0.0,55.00085181077236,-54.54726336102088,-1.5720301333239484,NO_PATH,0.0,0.0,49.59031960978975,-51.91997947886512,-0.04911438599285184,nan,79.48
YIELD,0.0,55.00085181077236,-54.54726336102088,-1.5720301333239484,NO_PATH,0.0,0.0,49.59031960978975,-51.91997947886512,-0.04911438599285184,nan,79.5
YIELD,0.0,55.00085181077236,-54.54726336102088,-1.5720301333239484,NO_PATH,0.0,0.0,49.59031960978975,-51.91997947886512,-0.04911438599285184,nan,79.52000000000001
YIELD,0.0,55.00085181077236,-54.54726336102088,-1.5720301333239484,NO_PATH,0.0,0.0,49.59031960978975,-51.91997947886512,-0.04911438599285184,nan,79.54
YIELD,0.0,55.00085181077236,-54.54726336102088,-1.5720301333239484,NO_PATH,0.0,0.0,49.59031960978975,-51.91997947886512,-0.04911438599285184,nan,79.56
YIELD,0.0,55.00085181077236,-54.54726336102088,-1.5720301333239484,NO_PATH,0.0,0.0,49.59031960978975,-51.91997947886512,-0.04911438599285184,nan,79.58
YIELD,0.0,55.00085181077236,-54.54726336102088,-1.5720301333239484,NO_PATH,0.0,0.0,49.59031960978975,-51.91997947886512,-0.04911438599285184,nan,79.60000000000001
YIELD,0.0,55.00085181077236,-54.54726336102088,-1.5720301333239484,NO_PATH,0.0,0.0,49.59031960978975,-51.91997947886512,-0.04911438599285184,nan,79.62
YIELD,0.0,55.00085181077236,-54.54726336102088,-1.5720301333239484,NO_PATH,0.0,0.0,49.59031960978975,-51.91997947886512,-0.04911438599285184,nan,79.64
YIELD,0.0,55.00085181077236,-54.54726336102088,-1.5720301333239484,NO_PATH,0.0,0.0,49.59031960978975,-51.91997947886512,-0.04911438599285184,nan,79.66000000000001
YIELD,0.0,55.00085181077236,-54.54726336102088,-1.5720301333239484,NO_PATH,0.0,0.0,49.59031960978975,-51.91997947886512,-0.04911438599285184,nan,79.68
YIELD,0.0,55.00085181077236,-54.54726336102088,-1.5720301333239484,NO_PATH,0.0,0.0,49.59031960978975,-51.91997947886512,-0.04911438599285184,nan,79.7
YIELD,0.0,55.00085181077236,-54.54726336102088,-1.5720301333239484,NO_PATH,0.0,0.0,49.59031960978975,-51.91997947886512,-0.04911438599285184,nan,79.72
YIELD,0.0,55.00085181077236,-54.54726336102088,-1.5720301333239484,NO_PATH,0.0,0.0,49.59031960978975,-51.91997947886512,-0.04911438599285184,nan,79.74000000000001
YIELD,0.0,55.00085181077236,-54.54726336102088,-1.5720301333239484,NO_PATH,0.0,0.0,49.59031960978975,-51.91997947886512,-0.04911438599285184,nan,79.76
YIELD,0.0,55.00085181077236,-54.54726336102088,-1.5720301333239484,NO_PATH,0.0,0.0,49.59031960978975,-51.91997947886512,-0.04911438599285184,nan,79.78
YIELD,0.0,55.00085181077236,-54.54726336102088,-1.5720301333239484,NO_PATH,0.0,0.0,49.59031960978975,-51.91997947886512,-0.04911438599285184,nan,79.80000000000001
YIELD,0.0,55.00085181077236,-54.54726336102088,-1.5720301333239484,NO_PATH,0.0,0.0,49.59031960978975,-51.91997947886512,-0.04911438599285184,nan,79.82000000000001
YIELD,0.0,55.00085181077236,-54.54726336102088,-1.5720301333239484,NO_PATH,0.0,0.0,49.59031960978975,-51.91997947886512,-0.04911438599285184,nan,79.84
YIELD,0.0,55.00085181077236,-54.54726336102088,-1.5720301333239484,NO_PATH,0.0,0.0,49.59031960978975,-51.91997947886512,-0.04911438599285184,nan,79.86
YIELD,0.0,55.00085181077236,-54.54726336102088,-1.5720301333239484,NO_PATH,0.0,0.0,49.59031960978975,-51.91997947886512,-0.04911438599285184,nan,79.881
YIELD,0.0,55.00085181077236,-54.54726336102088,-1.5720301333239484,NO_PATH,0.0,0.0,49.59031960978975,-51.91997947886512,-0.04911438599285184,nan,79.9
YIELD,0.0,55.00085181077236,-54.54726336102088,-1.5720301333239484,NO_PATH,0.0,0.0,49.59031960978975,-51.91997947886512,-0.04911438599285184,nan,79.92
YIELD,0.0,55.00085181077236,-54.54726336102088,-1.5720301333239484,NO_PATH,0.0,0.0,49.59031960978975,-51.91997947886512,-0.04911438599285184,nan,79.94000000000001
YIELD,0.0,55.00085181077236,-54.54726336102088,-1.5720301333239484,NO_PATH,0.0,0.0,49.59031960978975,-51.91997947886512,-0.04911438599285184,nan,79.96000000000001
YIELD,0.0,55.00085181077236,-54.54726336102088,-1.5720301333239484,NO_PATH,0.0,0.0,49.59031960978975,-51.91997947886512,-0.04911438599285184,nan,79.98
YIELD,0.0,55.00085181077236,-54.54726336102088,-1.5720301333239484,NO_PATH,0.0,0.0,49.59031960978975,-51.91997947886512,-0.04911438599285184,nan,80.0
YIELD,0.0,55.00085181077236,-54.54726336102088,-1.5720301333239484,NO_PATH,0.0,0.0,49.59031960978975,-51.91997947886512,-0.04911438599285184,nan,80.02000000000001
YIELD,0.0,55.00085181077236,-54.54726336102088,-1.5720301333239484,NO_PATH,0.0,0.0,49.59031960978975,-51.91997947886512,-0.04911438599285184,nan,80.04
YIELD,0.0,55.00085181077236,-54.54726336102088,-1.5720301333239484,NO_PATH,0.0,0.0,49.59031960978975,-51.91997947886512,-0.04911438599285184,nan,80.06
YIELD,0.0,55.00085181077236,-54.54726336102088,-1.5720301333239484,NO_PATH,0.0,0.0,49.59031960978975,-51.91997947886512,-0.04911438599285184,nan,80.08
YIELD,0.0,55.00085181077236,-54.54726336102088,-1.5720301333239484,NO_PATH,0.0,0.0,49.59031960978975,-51.91997947886512,-0.04911438599285184,nan,80.10000000000001
YIELD,0.0,55.00085181077236,-54.54726336102088,-1.5720301333239484,NO_PATH,0.0,0.0,49.59031960978975,-51.91997947886512,-0.04911438599285184,nan,80.12
YIELD,0.0,55.00085181077236,-54.54726336102088,-1.5720301333239484,NO_PATH,0.0,0.0,49.59031960978975,-51.91997947886512,-0.04911438599285184,nan,80.14
YIELD,0.0,55.00085181077236,-54.54726336102088,-1.5720301333239484,NO_PATH,0.0,0.0,49.59031960978975,-51.91997947886512,-0.04911438599285184,nan,80.16000000000001
YIELD,0.0,55.00085181077236,-54.54726336102088,-1.5720301333239484,NO_PATH,0.0,0.0,49.59031960978975,-51.91997947886512,-0.04911438599285184,nan,80.18
YIELD,0.0,55.00085181077236,-54.54726336102088,-1.5720301333239484,NO_PATH,0.0,0.0,49.59031960978975,-51.91997947886512,-0.04911438599285184,nan,80.2
YIELD,0.0,55.00085181077236,-54.54726336102088,-1.5720301333239484,NO_PATH,0.0,0.0,49.59031960978975,-51.91997947886512,-0.04911438599285184,nan,80.22
YIELD,0.0,55.00085181077236,-54.54726336102088,-1.5720301333239484,NO_PATH,0.0,0.0,49.59031960978975,-51.91997947886512,-0.04911438599285184,nan,80.24000000000001
YIELD,0.0,55.00085181077236,-54.54726336102088,-1.5720301333239484,NO_PATH,0.0,0.0,49.59031960978975,-51.91997947886512,-0.04911438599285184,nan,80.26
YIELD,0.0,55.00085181077236,-54.54726336102088,-1.5720301333239484,NO_PATH,0.0,0.0,49.59031960978975,-51.91997947886512,-0.04911438599285184,nan,80.28
YIELD,0.0,55.00085181077236,-54.54726336102088,-1.5720301333239484,NO_PATH,0.0,0.0,49.59031960978975,-51.91997947886512,-0.04911438599285184,nan,80.30000000000001
YIELD,0.0,55.00085181077236,-54.54726336102088,-1.5720301333239484,NO_PATH,0.0,0.0,49.59031960978975,-51.91997947886512,-0.04911438599285184,nan,80.32000000000001
YIELD,0.0,55.00085181077236,-54.54726336102088,-1.5720301333239484,NO_PATH,0.0,0.0,49.59031960978975,-51.91997947886512,-0.04911438599285184,nan,80.34
YIELD,0.0,55.00085181077236,-54.54726336102088,-1.5720301333239484,NO_PATH,0.0,0.0,49.59031960978975,-51.91997947886512,-0.04911438599285184,nan,80.36
YIELD,0.0,55.00085181077236,-54.54726336102088,-1.5720301333239484,NO_PATH,0.0,0.0,49.59031960978975,-51.91997947886512,-0.04911438599285184,nan,80.38000000000001
YIELD,0.0,55.00085181077236,-54.54726336102088,-1.5720301333239484,NO_PATH,0.0,0.0,49.59031960978975,-51.91997947886512,-0.04911438599285184,nan,80.4
YIELD,0.0,55.00085181077236,-54.54726336102088,-1.5720301333239484,NO_PATH,0.0,0.0,49.59031960978975,-51.91997947886512,-0.04911438599285184,nan,80.42
YIELD,0.0,55.00085181077236,-54.54726336102088,-1.5720301333239484,NO_PATH,0.0,0.0,49.59031960978975,-51.91997947886512,-0.04911438599285184,nan,80.44000000000001
YIELD,0.0,55.00085181077236,-54.54726336102088,-1.5720301333239484,NO_PATH,0.0,0.0,49.59031960978975,-51.91997947886512,-0.04911438599285184,nan,80.46000000000001
YIELD,0.0,55.00085181077236,-54.54726336102088,-1.5720301333239484,NO_PATH,0.0,0.0,49.59031960978975,-51.91997947886512,-0.04911438599285184,nan,80.48
YIELD,0.0,55.00085181077236,-54.54726336102088,-1.5720301333239484,NO_PATH,0.0,0.0,49.59031960978975,-51.91997947886512,-0.04911438599285184,nan,80.5
YIELD,0.0,55.00085181077236,-54.54726336102088,-1.5720301333239484,NO_PATH,0.0,0.0,49.59031960978975,-51.91997947886512,-0.04911438599285184,nan,80.52000000000001
YIELD,0.0,55.00085181077236,-54.54726336102088,-1.5720301333239484,NO_PATH,0.0,0.0,49.59031960978975,-51.91997947886512,-0.04911438599285184,nan,80.54
YIELD,0.0,55.00085181077236,-54.54726336102088,-1.5720301333239484,NO_PATH,0.0,0.0,49.59031960978975,-51.91997947886512,-0.04911438599285184,nan,80.56
YIELD,0.0,55.00085181077236,-54.54726336102088,-1.5720301333239484,NO_PATH,0.0,0.0,49.59031960978975,-51.91997947886512,-0.04911438599285184,nan,80.58
YIELD,0.0,55.00085181077236,-54.54726336102088,-1.5720301333239484,NO_PATH,0.0,0.0,49.59031960978975,-51.91997947886512,-0.04911438599285184,nan,80.60000000000001
YIELD,0.0,55.00085181077236,-54.54726336102088,-1.5720301333239484,NO_PATH,0.0,0.0,49.59031960978975,-51.91997947886512,-0.04911438599285184,nan,80.62
YIELD,0.0,55.00085181077236,-54.54726336102088,-1.5720301333239484,NO_PATH,0.0,0.0,49.59031960978975,-51.91997947886512,-0.04911438599285184,nan,80.64
YIELD,0.0,55.00085181077236,-54.54726336102088,-1.5720301333239484,NO_PATH,0.0,0.0,49.59031960978975,-51.91997947886512,-0.04911438599285184,nan,80.66000000000001
YIELD,0.0,55.00085181077236,-54.54726336102088,-1.5720301333239484,NO_PATH,0.0,0.0,49.59031960978975,-51.91997947886512,-0.04911438599285184,nan,80.68
YIELD,0.0,55.00085181077236,-54.54726336102088,-1.5720301333239484,NO_PATH,0.0,0.0,49.59031960978975,-51.91997947886512,-0.04911438599285184,nan,80.7
YIELD,0.0,55.00085181077236,-54.54726336102088,-1.5720301333239484,NO_PATH,0.0,0.0,49.59031960978975,-51.91997947886512,-0.04911438599285184,nan,80.721
YIELD,0.0,55.00085181077236,-54.54726336102088,-1.5720301333239484,NO_PATH,0.0,0.0,49.59031960978975,-51.91997947886512,-0.04911438599285184,nan,80.74000000000001
YIELD,0.0,55.00085181077236,-54.54726336102088,-1.5720301333239484,NO_PATH,0.0,0.0,49.59031960978975,-51.91997947886512,-0.04911438599285184,nan,80.76
YIELD,0.0,55.00085181077236,-54.54726336102088,-1.5720301333239484,NO_PATH,0.0,0.0,49.59031960978975,-51.91997947886512,-0.04911438599285184,nan,80.78
YIELD,0.0,55.00085181077236,-54.54726336102088,-1.5720301333239484,NO_PATH,0.0,0.0,49.59031960978975,-51.91997947886512,-0.04911438599285184,nan,80.801
YIELD,0.0,55.00085181077236,-54.54726336102088,-1.5720301333239484,NO_PATH,0.0,0.0,49.59031960978975,-51.91997947886512,-0.04911438599285184,nan,80.82000000000001
YIELD,0.0,55.00085181077236,-54.54726336102088,-1.5720301333239484,NO_PATH,0.0,0.0,49.59031960978975,-51.91997947886512,-0.04911438599285184,nan,80.84
YIELD,0.0,55.00085181077236,-54.54726336102088,-1.5720301333239484,NO_PATH,0.0,0.0,49.59031960978975,-51.91997947886512,-0.04911438599285184,nan,80.86
YIELD,0.0,55.00085181077236,-54.54726336102088,-1.5720301333239484,NO_PATH,0.0,0.0,49.59031960978975,-51.91997947886512,-0.04911438599285184,nan,80.881
YIELD,0.0,55.00085181077236,-54.54726336102088,-1.5720301333239484,NO_PATH,0.0,0.0,49.59031960978975,-51.91997947886512,-0.04911438599285184,nan,80.9
YIELD,0.0,55.00085181077236,-54.54726336102088,-1.5720301333239484,NO_PATH,0.0,0.0,49.59031960978975,-51.91997947886512,-0.04911438599285184,nan,80.92
YIELD,0.0,55.00085181077236,-54.54726336102088,-1.5720301333239484,NO_PATH,0.0,0.0,49.59031960978975,-51.91997947886512,-0.04911438599285184,nan,80.941
YIELD,0.0,55.00085181077236,-54.54726336102088,-1.5720301333239484,NO_PATH,0.0,0.0,49.59031960978975,-51.91997947886512,-0.04911438599285184,nan,80.961
YIELD,0.0,55.00085181077236,-54.54726336102088,-1.5720301333239484,NO_PATH,0.0,0.0,49.59031960978975,-51.91997947886512,-0.04911438599285184,nan,80.98
YIELD,0.0,55.00085181077236,-54.54726336102088,-1.5720301333239484,NO_PATH,0.0,0.0,49.59031960978975,-51.91997947886512,-0.04911438599285184,nan,81.0
YIELD,0.0,55.00085181077236,-54.54726336102088,-1.5720301333239484,NO_PATH,0.0,0.0,49.59031960978975,-51.91997947886512,-0.04911438599285184,nan,81.02000000000001
YIELD,0.0,55.00085181077236,-54.54726336102088,-1.5720301333239484,NO_PATH,0.0,0.0,49.59031960978975,-51.91997947886512,-0.04911438599285184,nan,81.04
YIELD,0.0,55.00085181077236,-54.54726336102088,-1.5720301333239484,NO_PATH,0.0,0.0,49.59031960978975,-51.91997947886512,-0.04911438599285184,nan,81.06
YIELD,0.0,55.00085181077236,-54.54726336102088,-1.5720301333239484,NO_PATH,0.0,0.0,49.59031960978975,-51.91997947886512,-0.04911438599285184,nan,81.08
YIELD,0.0,55.00085181077236,-54.54726336102088,-1.5720301333239484,NO_PATH,0.0,0.0,49.59031960978975,-51.91997947886512,-0.04911438599285184,nan,81.10000000000001
YIELD,0.0,55.00085181077236,-54.54726336102088,-1.5720301333239484,NO_PATH,0.0,0.0,49.59031960978975,-51.91997947886512,-0.04911438599285184,nan,81.12
YIELD,0.0,55.00085181077236,-54.54726336102088,-1.5720301333239484,NO_PATH,0.0,0.0,49.59031960978975,-51.91997947886512,-0.04911438599285184,nan,81.14
YIELD,0.0,55.00085181077236,-54.54726336102088,-1.5720301333239484,NO_PATH,0.0,0.0,49.59031960978975,-51.91997947886512,-0.04911438599285184,nan,81.16000000000001
YIELD,0.0,55.00085181077236,-54.54726336102088,-1.5720301333239484,NO_PATH,0.0,0.0,49.59031960978975,-51.91997947886512,-0.04911438599285184,nan,81.18
YIELD,0.0,55.00085181077236,-54.54726336102088,-1.5720301333239484,NO_PATH,0.0,0.0,49.59031960978975,-51.91997947886512,-0.04911438599285184,nan,81.2
YIELD,0.0,55.00085181077236,-54.54726336102088,-1.5720301333239484,NO_PATH,0.0,0.0,49.59031960978975,-51.91997947886512,-0.04911438599285184,nan,81.22
YIELD,0.0,55.00085181077236,-54.54726336102088,-1.5720301333239484,NO_PATH,0.0,0.0,49.59031960978975,-51.91997947886512,-0.04911438599285184,nan,81.24000000000001
YIELD,0.0,55.00085181077236,-54.54726336102088,-1.5720301333239484,NO_PATH,0.0,0.0,49.59031960978975,-51.91997947886512,-0.04911438599285184,nan,81.26
YIELD,0.0,55.00085181077236,-54.54726336102088,-1.5720301333239484,NO_PATH,0.0,0.0,49.59031960978975,-51.91997947886512,-0.04911438599285184,nan,81.28
YIELD,0.0,55.00085181077236,-54.54726336102088,-1.5720301333239484,NO_PATH,0.0,0.0,49.59031960978975,-51.91997947886512,-0.04911438599285184,nan,81.301
YIELD,0.0,55.00085181077236,-54.54726336102088,-1.5720301333239484,NO_PATH,0.0,0.0,49.59031960978975,-51.91997947886512,-0.04911438599285184,nan,81.32000000000001
YIELD,0.0,55.00085181077236,-54.54726336102088,-1.5720301333239484,NO_PATH,0.0,0.0,49.59031960978975,-51.91997947886512,-0.04911438599285184,nan,81.34
YIELD,0.0,55.00085181077236,-54.54726336102088,-1.5720301333239484,NO_PATH,0.0,0.0,49.59031960978975,-51.91997947886512,-0.04911438599285184,nan,81.36
YIELD,0.0,55.00085181077236,-54.54726336102088,-1.5720301333239484,NO_PATH,0.0,0.0,49.59031960978975,-51.91997947886512,-0.04911438599285184,nan,81.38000000000001
YIELD,0.0,55.00085181077236,-54.54726336102088,-1.5720301333239484,NO_PATH,0.0,0.0,49.59031960978975,-51.91997947886512,-0.04911438599285184,nan,81.4
YIELD,0.0,55.00085181077236,-54.54726336102088,-1.5720301333239484,NO_PATH,0.0,0.0,49.59031960978975,-51.91997947886512,-0.04911438599285184,nan,81.42
YIELD,0.0,55.00085181077236,-54.54726336102088,-1.5720301333239484,NO_PATH,0.0,0.0,49.59031960978975,-51.91997947886512,-0.04911438599285184,nan,81.44000000000001
YIELD,0.0,55.00085181077236,-54.54726336102088,-1.5720301333239484,NO_PATH,0.0,0.0,49.59031960978975,-51.91997947886512,-0.04911438599285184,nan,81.46000000000001
YIELD,0.0,55.00085181077236,-54.54726336102088,-1.5720301333239484,NO_PATH,0.0,0.0,49.59031960978975,-51.91997947886512,-0.04911438599285184,nan,81.48
YIELD,0.0,55.00085181077236,-54.54726336102088,-1.5720301333239484,NO_PATH,0.0,0.0,49.59031960978975,-51.91997947886512,-0.04911438599285184,nan,81.5
YIELD,0.0,55.00085181077236,-54.54726336102088,-1.5720301333239484,NO_PATH,0.0,0.0,49.59031960978975,-51.91997947886512,-0.04911438599285184,nan,81.52000000000001
YIELD,0.0,55.00085181077236,-54.54726336102088,-1.5720301333239484,NO_PATH,0.0,0.0,49.59031960978975,-51.91997947886512,-0.04911438599285184,nan,81.54
YIELD,0.0,55.00085181077236,-54.54726336102088,-1.5720301333239484,NO_PATH,0.0,0.0,49.59031960978975,-51.91997947886512,-0.04911438599285184,nan,81.56
YIELD,0.0,55.00085181077236,-54.54726336102088,-1.5720301333239484,NO_PATH,0.0,0.0,49.59031960978975,-51.91997947886512,-0.04911438599285184,nan,81.58
YIELD,0.0,55.00085181077236,-54.54726336102088,-1.5720301333239484,NO_PATH,0.0,0.0,49.59031960978975,-51.91997947886512,-0.04911438599285184,nan,81.60000000000001
YIELD,0.0,55.00085181077236,-54.54726336102088,-1.5720301333239484,NO_PATH,0.0,0.0,49.59031960978975,-51.91997947886512,-0.04911438599285184,nan,81.62100000000001
YIELD,0.0,55.00085181077236,-54.54726336102088,-1.5720301333239484,NO_PATH,0.0,0.0,49.59031960978975,-51.91997947886512,-0.04911438599285184,nan,81.64
YIELD,0.0,55.00085181077236,-54.54726336102088,-1.5720301333239484,NO_PATH,0.0,0.0,49.59031960978975,-51.91997947886512,-0.04911438599285184,nan,81.66000000000001
YIELD,0.0,55.00085181077236,-54.54726336102088,-1.5720301333239484,NO_PATH,0.0,0.0,49.59031960978975,-51.91997947886512,-0.04911438599285184,nan,81.68
YIELD,0.0,55.00085181077236,-54.54726336102088,-1.5720301333239484,NO_PATH,0.0,0.0,49.59031960978975,-51.91997947886512,-0.04911438599285184,nan,81.7
YIELD,0.0,55.00085181077236,-54.54726336102088,-1.5720301333239484,NO_PATH,0.0,0.0,49.59031960978975,-51.91997947886512,-0.04911438599285184,nan,81.72
YIELD,0.0,55.00085181077236,-54.54726336102088,-1.5720301333239484,NO_PATH,0.0,0.0,49.59031960978975,-51.91997947886512,-0.04911438599285184,nan,81.74000000000001
YIELD,0.0,55.00085181077236,-54.54726336102088,-1.5720301333239484,NO_PATH,0.0,0.0,49.59031960978975,-51.91997947886512,-0.04911438599285184,nan,81.76
YIELD,0.0,55.00085181077236,-54.54726336102088,-1.5720301333239484,NO_PATH,0.0,0.0,49.59031960978975,-51.91997947886512,-0.04911438599285184,nan,81.78
YIELD,0.0,55.00085181077236,-54.54726336102088,-1.5720301333239484,NO_PATH,0.0,0.0,49.59031960978975,-51.91997947886512,-0.04911438599285184,nan,81.80000000000001
YIELD,0.0,55.00085181077236,-54.54726336102088,-1.5720301333239484,NO_PATH,0.0,0.0,49.59031960978975,-51.91997947886512,-0.04911438599285184,nan,81.82000000000001
YIELD,0.0,55.00085181077236,-54.54726336102088,-1.5720301333239484,NO_PATH,0.0,0.0,49.59031960978975,-51.91997947886512,-0.04911438599285184,nan,81.84
YIELD,0.0,55.00085181077236,-54.54726336102088,-1.5720301333239484,NO_PATH,0.0,0.0,49.59031960978975,-51.91997947886512,-0.04911438599285184,nan,81.86
YIELD,0.0,55.00085181077236,-54.54726336102088,-1.5720301333239484,NO_PATH,0.0,0.0,49.59031960978975,-51.91997947886512,-0.04911438599285184,nan,81.88000000000001
YIELD,0.0,55.00085181077236,-54.54726336102088,-1.5720301333239484,NO_PATH,0.0,0.0,49.59031960978975,-51.91997947886512,-0.04911438599285184,nan,81.9
YIELD,0.0,55.00085181077236,-54.54726336102088,-1.5720301333239484,NO_PATH,0.0,0.0,49.59031960978975,-51.91997947886512,-0.04911438599285184,nan,81.92
YIELD,0.0,55.00085181077236,-54.54726336102088,-1.5720301333239484,NO_PATH,0.0,0.0,49.59031960978975,-51.91997947886512,-0.04911438599285184,nan,81.94000000000001
YIELD,0.0,55.00085181077236,-54.54726336102088,-1.5720301333239484,NO_PATH,0.0,0.0,49.59031960978975,-51.91997947886512,-0.04911438599285184,nan,81.96000000000001
YIELD,0.0,55.00085181077236,-54.54726336102088,-1.5720301333239484,NO_PATH,0.0,0.0,49.59031960978975,-51.91997947886512,-0.04911438599285184,nan,81.98
YIELD,0.0,55.00085181077236,-54.54726336102088,-1.5720301333239484,NO_PATH,0.0,0.0,49.59031960978975,-51.91997947886512,-0.04911438599285184,nan,82.0
YIELD,0.0,55.00085181077236,-54.54726336102088,-1.5720301333239484,NO_PATH,0.0,0.0,49.59031960978975,-51.91997947886512,-0.04911438599285184,nan,82.021
YIELD,0.0,55.00085181077236,-54.54726336102088,-1.5720301333239484,NO_PATH,0.0,0.0,49.59031960978975,-51.91997947886512,-0.04911438599285184,nan,82.04
YIELD,0.0,55.00085181077236,-54.54726336102088,-1.5720301333239484,NO_PATH,0.0,0.0,49.59031960978975,-51.91997947886512,-0.04911438599285184,nan,82.06
YIELD,0.0,55.00085181077236,-54.54726336102088,-1.5720301333239484,NO_PATH,0.0,0.0,49.59031960978975,-51.91997947886512,-0.04911438599285184,nan,82.081
YIELD,0.0,55.00085181077236,-54.54726336102088,-1.5720301333239484,NO_PATH,0.0,0.0,49.59031960978975,-51.91997947886512,-0.04911438599285184,nan,82.10000000000001
YIELD,0.0,55.00085181077236,-54.54726336102088,-1.5720301333239484,NO_PATH,0.0,0.0,49.59031960978975,-51.91997947886512,-0.04911438599285184,nan,82.12
YIELD,0.0,55.00085181077236,-54.54726336102088,-1.5720301333239484,NO_PATH,0.0,0.0,49.59031960978975,-51.91997947886512,-0.04911438599285184,nan,82.14
YIELD,0.0,55.00085181077236,-54.54726336102088,-1.5720301333239484,NO_PATH,0.0,0.0,49.59031960978975,-51.91997947886512,-0.04911438599285184,nan,82.16000000000001
YIELD,0.0,55.00085181077236,-54.54726336102088,-1.5720301333239484,NO_PATH,0.0,0.0,49.59031960978975,-51.91997947886512,-0.04911438599285184,nan,82.18
YIELD,0.0,55.00085181077236,-54.54726336102088,-1.5720301333239484,NO_PATH,0.0,0.0,49.59031960978975,-51.91997947886512,-0.04911438599285184,nan,82.2
YIELD,0.0,55.00085181077236,-54.54726336102088,-1.5720301333239484,NO_PATH,0.0,0.0,49.59031960978975,-51.91997947886512,-0.04911438599285184,nan,82.22
YIELD,0.0,55.00085181077236,-54.54726336102088,-1.5720301333239484,NO_PATH,0.0,0.0,49.59031960978975,-51.91997947886512,-0.04911438599285184,nan,82.24000000000001
YIELD,0.0,55.00085181077236,-54.54726336102088,-1.5720301333239484,NO_PATH,0.0,0.0,49.59031960978975,-51.91997947886512,-0.04911438599285184,nan,82.26
YIELD,0.0,55.00085181077236,-54.54726336102088,-1.5720301333239484,NO_PATH,0.0,0.0,49.59031960978975,-51.91997947886512,-0.04911438599285184,nan,82.28
YIELD,0.0,55.00085181077236,-54.54726336102088,-1.5720301333239484,NO_PATH,0.0,0.0,49.59031960978975,-51.91997947886512,-0.04911438599285184,nan,82.30000000000001
YIELD,0.0,55.00085181077236,-54.54726336102088,-1.5720301333239484,NO_PATH,0.0,0.0,49.59031960978975,-51.91997947886512,-0.04911438599285184,nan,82.32000000000001
YIELD,0.0,55.00085181077236,-54.54726336102088,-1.5720301333239484,NO_PATH,0.0,0.0,49.59031960978975,-51.91997947886512,-0.04911438599285184,nan,82.34
YIELD,0.0,55.00085181077236,-54.54726336102088,-1.5720301333239484,NO_PATH,0.0,0.0,49.59031960978975,-51.91997947886512,-0.04911438599285184,nan,82.36
YIELD,0.0,55.00085181077236,-54.54726336102088,-1.5720301333239484,NO_PATH,0.0,0.0,49.59031960978975,-51.91997947886512,-0.04911438599285184,nan,82.38000000000001
YIELD,0.0,55.00085181077236,-54.54726336102088,-1.5720301333239484,NO_PATH,0.0,0.0,49.59031960978975,-51.91997947886512,-0.04911438599285184,nan,82.4
YIELD,0.0,55.00085181077236,-54.54726336102088,-1.5720301333239484,NO_PATH,0.0,0.0,49.59031960978975,-51.91997947886512,-0.04911438599285184,nan,82.42
YIELD,0.0,55.00085181077236,-54.54726336102088,-1.5720301333239484,NO_PATH,0.0,0.0,49.59031960978975,-51.91997947886512,-0.04911438599285184,nan,82.44000000000001
YIELD,0.0,55.00085181077236,-54.54726336102088,-1.5720301333239484,NO_PATH,0.0,0.0,49.59031960978975,-51.91997947886512,-0.04911438599285184,nan,82.46000000000001
YIELD,0.0,55.00085181077236,-54.54726336102088,-1.5720301333239484,NO_PATH,0.0,0.0,49.59031960978975,-51.91997947886512,-0.04911438599285184,nan,82.48
YIELD,0.0,55.00085181077236,-54.54726336102088,-1.5720301333239484,NO_PATH,0.0,0.0,49.59031960978975,-51.91997947886512,-0.04911438599285184,nan,82.5
YIELD,0.0,55.00085181077236,-54.54726336102088,-1.5720301333239484,NO_PATH,0.0,0.0,49.59031960978975,-51.91997947886512,-0.04911438599285184,nan,82.52000000000001
YIELD,0.0,55.00085181077236,-54.54726336102088,-1.5720301333239484,NO_PATH,0.0,0.0,49.59031960978975,-51.91997947886512,-0.04911438599285184,nan,82.54
YIELD,0.0,55.00085181077236,-54.54726336102088,-1.5720301333239484,NO_PATH,0.0,0.0,49.59031960978975,-51.91997947886512,-0.04911438599285184,nan,82.56
YIELD,0.0,55.00085181077236,-54.54726336102088,-1.5720301333239484,NO_PATH,0.0,0.0,49.59031960978975,-51.91997947886512,-0.04911438599285184,nan,82.58
YIELD,0.0,55.00085181077236,-54.54726336102088,-1.5720301333239484,NO_PATH,0.0,0.0,49.59031960978975,-51.91997947886512,-0.04911438599285184,nan,82.60000000000001
YIELD,0.0,55.00085181077236,-54.54726336102088,-1.5720301333239484,NO_PATH,0.0,0.0,49.59031960978975,-51.91997947886512,-0.04911438599285184,nan,82.62
YIELD,0.0,55.00085181077236,-54.54726336102088,-1.5720301333239484,NO_PATH,0.0,0.0,49.59031960978975,-51.91997947886512,-0.04911438599285184,nan,82.64
YIELD,0.0,55.00085181077236,-54.54726336102088,-1.5720301333239484,NO_PATH,0.0,0.0,49.59031960978975,-51.91997947886512,-0.04911438599285184,nan,82.66000000000001
YIELD,0.0,55.00085181077236,-54.54726336102088,-1.5720301333239484,NO_PATH,0.0,0.0,49.59031960978975,-51.91997947886512,-0.04911438599285184,nan,82.68
YIELD,0.0,55.00085181077236,-54.54726336102088,-1.5720301333239484,NO_PATH,0.0,0.0,49.59031960978975,-51.91997947886512,-0.04911438599285184,nan,82.7
YIELD,0.0,55.00085181077236,-54.54726336102088,-1.5720301333239484,NO_PATH,0.0,0.0,49.59031960978975,-51.91997947886512,-0.04911438599285184,nan,82.72
YIELD,0.0,55.00085181077236,-54.54726336102088,-1.5720301333239484,NO_PATH,0.0,0.0,49.59031960978975,-51.91997947886512,-0.04911438599285184,nan,82.74000000000001
YIELD,0.0,55.00085181077236,-54.54726336102088,-1.5720301333239484,NO_PATH,0.0,0.0,49.59031960978975,-51.91997947886512,-0.04911438599285184,nan,82.76
YIELD,0.0,55.00085181077236,-54.54726336102088,-1.5720301333239484,NO_PATH,0.0,0.0,49.59031960978975,-51.91997947886512,-0.04911438599285184,nan,82.78
YIELD,0.0,55.00085181077236,-54.54726336102088,-1.5720301333239484,NO_PATH,0.0,0.0,49.59031960978975,-51.91997947886512,-0.04911438599285184,nan,82.80000000000001
YIELD,0.0,55.00085181077236,-54.54726336102088,-1.5720301333239484,NO_PATH,0.0,0.0,49.59031960978975,-51.91997947886512,-0.04911438599285184,nan,82.82000000000001
YIELD,0.0,55.00085181077236,-54.54726336102088,-1.5720301333239484,NO_PATH,0.0,0.0,49.59031960978975,-51.91997947886512,-0.04911438599285184,nan,82.84
YIELD,0.0,55.00085181077236,-54.54726336102088,-1.5720301333239484,NO_PATH,0.0,0.0,49.59031960978975,-51.91997947886512,-0.04911438599285184,nan,82.86
YIELD,0.0,55.00085181077236,-54.54726336102088,-1.5720301333239484,NO_PATH,0.0,0.0,49.59031960978975,-51.91997947886512,-0.04911438599285184,nan,82.88000000000001
YIELD,0.0,55.00085181077236,-54.54726336102088,-1.5720301333239484,NO_PATH,0.0,0.0,49.59031960978975,-51.91997947886512,-0.04911438599285184,nan,82.9
YIELD,0.0,55.00085181077236,-54.54726336102088,-1.5720301333239484,NO_PATH,0.0,0.0,49.59031960978975,-51.91997947886512,-0.04911438599285184,nan,82.92
YIELD,0.0,55.00085181077236,-54.54726336102088,-1.5720301333239484,NO_PATH,0.0,0.0,49.59031960978975,-51.91997947886512,-0.04911438599285184,nan,82.94000000000001
YIELD,0.0,55.00085181077236,-54.54726336102088,-1.5720301333239484,NO_PATH,0.0,0.0,49.59031960978975,-51.91997947886512,-0.04911438599285184,nan,82.96000000000001
YIELD,0.0,55.00085181077236,-54.54726336102088,-1.5720301333239484,NO_PATH,0.0,0.0,49.59031960978975,-51.91997947886512,-0.04911438599285184,nan,82.98
YIELD,0.0,55.00085181077236,-54.54726336102088,-1.5720301333239484,NO_PATH,0.0,0.0,49.59031960978975,-51.91997947886512,-0.04911438599285184,nan,83.0
YIELD,0.0,55.00085181077236,-54.54726336102088,-1.5720301333239484,NO_PATH,0.0,0.0,49.59031960978975,-51.91997947886512,-0.04911438599285184,nan,83.02000000000001
YIELD,0.0,55.00085181077236,-54.54726336102088,-1.5720301333239484,NO_PATH,0.0,0.0,49.59031960978975,-51.91997947886512,-0.04911438599285184,nan,83.04
YIELD,0.0,55.00085181077236,-54.54726336102088,-1.5720301333239484,NO_PATH,0.0,0.0,49.59031960978975,-51.91997947886512,-0.04911438599285184,nan,83.06
YIELD,0.0,55.00085181077236,-54.54726336102088,-1.5720301333239484,NO_PATH,0.0,0.0,49.59031960978975,-51.91997947886512,-0.04911438599285184,nan,83.08
YIELD,0.0,55.00085181077236,-54.54726336102088,-1.5720301333239484,NO_PATH,0.0,0.0,49.59031960978975,-51.91997947886512,-0.04911438599285184,nan,83.101
YIELD,0.0,55.00085181077236,-54.54726336102088,-1.5720301333239484,NO_PATH,0.0,0.0,49.59031960978975,-51.91997947886512,-0.04911438599285184,nan,83.12
YIELD,0.0,55.00085181077236,-54.54726336102088,-1.5720301333239484,NO_PATH,0.0,0.0,49.59031960978975,-51.91997947886512,-0.04911438599285184,nan,83.141
YIELD,0.0,55.00085181077236,-54.54726336102088,-1.5720301333239484,NO_PATH,0.0,0.0,49.59031960978975,-51.91997947886512,-0.04911438599285184,nan,83.16000000000001
YIELD,0.0,55.00085181077236,-54.54726336102088,-1.5720301333239484,NO_PATH,0.0,0.0,49.59031960978975,-51.91997947886512,-0.04911438599285184,nan,83.18100000000001
YIELD,0.0,55.00085181077236,-54.54726336102088,-1.5720301333239484,NO_PATH,0.0,0.0,49.59031960978975,-51.91997947886512,-0.04911438599285184,nan,83.2
YIELD,0.0,55.00085181077236,-54.54726336102088,-1.5720301333239484,NO_PATH,0.0,0.0,49.59031960978975,-51.91997947886512,-0.04911438599285184,nan,83.22
YIELD,0.0,55.00085181077236,-54.54726336102088,-1.5720301333239484,NO_PATH,0.0,0.0,49.59031960978975,-51.91997947886512,-0.04911438599285184,nan,83.24000000000001
YIELD,0.0,55.00085181077236,-54.54726336102088,-1.5720301333239484,NO_PATH,0.0,0.0,49.59031960978975,-51.91997947886512,-0.04911438599285184,nan,83.26
YIELD,0.0,55.00085181077236,-54.54726336102088,-1.5720301333239484,NO_PATH,0.0,0.0,49.59031960978975,-51.91997947886512,-0.04911438599285184,nan,83.28
YIELD,0.0,55.00085181077236,-54.54726336102088,-1.5720301333239484,NO_PATH,0.0,0.0,49.59031960978975,-51.91997947886512,-0.04911438599285184,nan,83.30000000000001
YIELD,0.0,55.00085181077236,-54.54726336102088,-1.5720301333239484,NO_PATH,0.0,0.0,49.59031960978975,-51.91997947886512,-0.04911438599285184,nan,83.32000000000001
YIELD,0.0,55.00085181077236,-54.54726336102088,-1.5720301333239484,NO_PATH,0.0,0.0,49.59031960978975,-51.91997947886512,-0.04911438599285184,nan,83.34
YIELD,0.0,55.00085181077236,-54.54726336102088,-1.5720301333239484,NO_PATH,0.0,0.0,49.59031960978975,-51.91997947886512,-0.04911438599285184,nan,83.36
YIELD,0.0,55.00085181077236,-54.54726336102088,-1.5720301333239484,NO_PATH,0.0,0.0,49.59031960978975,-51.91997947886512,-0.04911438599285184,nan,83.38000000000001
YIELD,0.0,55.00085181077236,-54.54726336102088,-1.5720301333239484,NO_PATH,0.0,0.0,49.59031960978975,-51.91997947886512,-0.04911438599285184,nan,83.4
YIELD,0.0,55.00085181077236,-54.54726336102088,-1.5720301333239484,NO_PATH,0.0,0.0,49.59031960978975,-51.91997947886512,-0.04911438599285184,nan,83.42
YIELD,0.0,55.00085181077236,-54.54726336102088,-1.5720301333239484,NO_PATH,0.0,0.0,49.59031960978975,-51.91997947886512,-0.04911438599285184,nan,83.44000000000001
YIELD,0.0,55.00085181077236,-54.54726336102088,-1.5720301333239484,NO_PATH,0.0,0.0,49.59031960978975,-51.91997947886512,-0.04911438599285184,nan,83.46000000000001
YIELD,0.0,55.00085181077236,-54.54726336102088,-1.5720301333239484,NO_PATH,0.0,0.0,49.59031960978975,-51.91997947886512,-0.04911438599285184,nan,83.48
YIELD,0.0,55.00085181077236,-54.54726336102088,-1.5720301333239484,NO_PATH,0.0,0.0,49.59031960978975,-51.91997947886512,-0.04911438599285184,nan,83.5
YIELD,0.0,55.00085181077236,-54.54726336102088,-1.5720301333239484,NO_PATH,0.0,0.0,49.59031960978975,-51.91997947886512,-0.04911438599285184,nan,83.52000000000001
YIELD,0.0,55.00085181077236,-54.54726336102088,-1.5720301333239484,NO_PATH,0.0,0.0,49.59031960978975,-51.91997947886512,-0.04911438599285184,nan,83.54
YIELD,0.0,55.00085181077236,-54.54726336102088,-1.5720301333239484,NO_PATH,0.0,0.0,49.59031960978975,-51.91997947886512,-0.04911438599285184,nan,83.56
YIELD,0.0,55.00085181077236,-54.54726336102088,-1.5720301333239484,NO_PATH,0.0,0.0,49.59031960978975,-51.91997947886512,-0.04911438599285184,nan,83.58
YIELD,0.0,55.00085181077236,-54.54726336102088,-1.5720301333239484,NO_PATH,0.0,0.0,49.59031960978975,-51.91997947886512,-0.04911438599285184,nan,83.60000000000001
YIELD,0.0,55.00085181077236,-54.54726336102088,-1.5720301333239484,NO_PATH,0.0,0.0,49.59031960978975,-51.91997947886512,-0.04911438599285184,nan,83.62
YIELD,0.0,55.00085181077236,-54.54726336102088,-1.5720301333239484,NO_PATH,0.0,0.0,49.59031960978975,-51.91997947886512,-0.04911438599285184,nan,83.64
YIELD,0.0,55.00085181077236,-54.54726336102088,-1.5720301333239484,NO_PATH,0.0,0.0,49.59031960978975,-51.91997947886512,-0.04911438599285184,nan,83.66000000000001
YIELD,0.0,55.00085181077236,-54.54726336102088,-1.5720301333239484,NO_PATH,0.0,0.0,49.59031960978975,-51.91997947886512,-0.04911438599285184,nan,83.68
YIELD,0.0,55.00085181077236,-54.54726336102088,-1.5720301333239484,NO_PATH,0.0,0.0,49.59031960978975,-51.91997947886512,-0.04911438599285184,nan,83.7
YIELD,0.0,55.00085181077236,-54.54726336102088,-1.5720301333239484,NO_PATH,0.0,0.0,49.59031960978975,-51.91997947886512,-0.04911438599285184,nan,83.72
YIELD,0.0,55.00085181077236,-54.54726336102088,-1.5720301333239484,NO_PATH,0.0,0.0,49.59031960978975,-51.91997947886512,-0.04911438599285184,nan,83.74000000000001
YIELD,0.0,55.00085181077236,-54.54726336102088,-1.5720301333239484,NO_PATH,0.0,0.0,49.59031960978975,-51.91997947886512,-0.04911438599285184,nan,83.76
YIELD,0.0,55.00085181077236,-54.54726336102088,-1.5720301333239484,NO_PATH,0.0,0.0,49.59031960978975,-51.91997947886512,-0.04911438599285184,nan,83.78
YIELD,0.0,55.00085181077236,-54.54726336102088,-1.5720301333239484,NO_PATH,0.0,0.0,49.59031960978975,-51.91997947886512,-0.04911438599285184,nan,83.801
YIELD,0.0,55.00085181077236,-54.54726336102088,-1.5720301333239484,NO_PATH,0.0,0.0,49.59031960978975,-51.91997947886512,-0.04911438599285184,nan,83.82000000000001
YIELD,0.0,55.00085181077236,-54.54726336102088,-1.5720301333239484,NO_PATH,0.0,0.0,49.59031960978975,-51.91997947886512,-0.04911438599285184,nan,83.84
YIELD,0.0,55.00085181077236,-54.54726336102088,-1.5720301333239484,NO_PATH,0.0,0.0,49.59031960978975,-51.91997947886512,-0.04911438599285184,nan,83.86
YIELD,0.0,55.00085181077236,-54.54726336102088,-1.5720301333239484,NO_PATH,0.0,0.0,49.59031960978975,-51.91997947886512,-0.04911438599285184,nan,83.88000000000001
YIELD,0.0,55.00085181077236,-54.54726336102088,-1.5720301333239484,NO_PATH,0.0,0.0,49.59031960978975,-51.91997947886512,-0.04911438599285184,nan,83.90100000000001
YIELD,0.0,55.00085181077236,-54.54726336102088,-1.5720301333239484,NO_PATH,0.0,0.0,49.59031960978975,-51.91997947886512,-0.04911438599285184,nan,83.92
YIELD,0.0,55.00085181077236,-54.54726336102088,-1.5720301333239484,NO_PATH,0.0,0.0,49.59031960978975,-51.91997947886512,-0.04911438599285184,nan,83.94000000000001
YIELD,0.0,55.00085181077236,-54.54726336102088,-1.5720301333239484,NO_PATH,0.0,0.0,49.59031960978975,-51.91997947886512,-0.04911438599285184,nan,83.96000000000001
YIELD,0.0,55.00085181077236,-54.54726336102088,-1.5720301333239484,NO_PATH,0.0,0.0,49.59031960978975,-51.91997947886512,-0.04911438599285184,nan,83.98
YIELD,0.0,55.00085181077236,-54.54726336102088,-1.5720301333239484,NO_PATH,0.0,0.0,49.59031960978975,-51.91997947886512,-0.04911438599285184,nan,84.0
YIELD,0.0,55.00085181077236,-54.54726336102088,-1.5720301333239484,NO_PATH,0.0,0.0,49.59031960978975,-51.91997947886512,-0.04911438599285184,nan,84.02000000000001
YIELD,0.0,55.00085181077236,-54.54726336102088,-1.5720301333239484,NO_PATH,0.0,0.0,49.59031960978975,-51.91997947886512,-0.04911438599285184,nan,84.04
YIELD,0.0,55.00085181077236,-54.54726336102088,-1.5720301333239484,NO_PATH,0.0,0.0,49.59031960978975,-51.91997947886512,-0.04911438599285184,nan,84.06
YIELD,0.0,55.00085181077236,-54.54726336102088,-1.5720301333239484,NO_PATH,0.0,0.0,49.59031960978975,-51.91997947886512,-0.04911438599285184,nan,84.08
YIELD,0.0,55.00085181077236,-54.54726336102088,-1.5720301333239484,NO_PATH,0.0,0.0,49.59031960978975,-51.91997947886512,-0.04911438599285184,nan,84.101
YIELD,0.0,55.00085181077236,-54.54726336102088,-1.5720301333239484,NO_PATH,0.0,0.0,49.59031960978975,-51.91997947886512,-0.04911438599285184,nan,84.12
YIELD,0.0,55.00085181077236,-54.54726336102088,-1.5720301333239484,NO_PATH,0.0,0.0,49.59031960978975,-51.91997947886512,-0.04911438599285184,nan,84.14
YIELD,0.0,55.00085181077236,-54.54726336102088,-1.5720301333239484,NO_PATH,0.0,0.0,49.59031960978975,-51.91997947886512,-0.04911438599285184,nan,84.16000000000001
YIELD,0.0,55.00085181077236,-54.54726336102088,-1.5720301333239484,NO_PATH,0.0,0.0,49.59031960978975,-51.91997947886512,-0.04911438599285184,nan,84.18
YIELD,0.0,55.00085181077236,-54.54726336102088,-1.5720301333239484,NO_PATH,0.0,0.0,49.59031960978975,-51.91997947886512,-0.04911438599285184,nan,84.2
YIELD,0.0,55.00085181077236,-54.54726336102088,-1.5720301333239484,NO_PATH,0.0,0.0,49.59031960978975,-51.91997947886512,-0.04911438599285184,nan,84.22
YIELD,0.0,55.00085181077236,-54.54726336102088,-1.5720301333239484,NO_PATH,0.0,0.0,49.59031960978975,-51.91997947886512,-0.04911438599285184,nan,84.24000000000001
YIELD,0.0,55.00085181077236,-54.54726336102088,-1.5720301333239484,NO_PATH,0.0,0.0,49.59031960978975,-51.91997947886512,-0.04911438599285184,nan,84.26
YIELD,0.0,55.00085181077236,-54.54726336102088,-1.5720301333239484,NO_PATH,0.0,0.0,49.59031960978975,-51.91997947886512,-0.04911438599285184,nan,84.28
YIELD,0.0,55.00085181077236,-54.54726336102088,-1.5720301333239484,NO_PATH,0.0,0.0,49.59031960978975,-51.91997947886512,-0.04911438599285184,nan,84.30000000000001
YIELD,0.0,55.00085181077236,-54.54726336102088,-1.5720301333239484,NO_PATH,0.0,0.0,49.59031960978975,-51.91997947886512,-0.04911438599285184,nan,84.32000000000001
YIELD,0.0,55.00085181077236,-54.54726336102088,-1.5720301333239484,NO_PATH,0.0,0.0,49.59031960978975,-51.91997947886512,-0.04911438599285184,nan,84.34
YIELD,0.0,55.00085181077236,-54.54726336102088,-1.5720301333239484,NO_PATH,0.0,0.0,49.59031960978975,-51.91997947886512,-0.04911438599285184,nan,84.36
YIELD,0.0,55.00085181077236,-54.54726336102088,-1.5720301333239484,NO_PATH,0.0,0.0,49.59031960978975,-51.91997947886512,-0.04911438599285184,nan,84.381
YIELD,0.0,55.00085181077236,-54.54726336102088,-1.5720301333239484,NO_PATH,0.0,0.0,49.59031960978975,-51.91997947886512,-0.04911438599285184,nan,84.4
YIELD,0.0,55.00085181077236,-54.54726336102088,-1.5720301333239484,NO_PATH,0.0,0.0,49.59031960978975,-51.91997947886512,-0.04911438599285184,nan,84.42
YIELD,0.0,55.00085181077236,-54.54726336102088,-1.5720301333239484,NO_PATH,0.0,0.0,49.59031960978975,-51.91997947886512,-0.04911438599285184,nan,84.44000000000001
YIELD,0.0,55.00085181077236,-54.54726336102088,-1.5720301333239484,NO_PATH,0.0,0.0,49.59031960978975,-51.91997947886512,-0.04911438599285184,nan,84.46000000000001
YIELD,0.0,55.00085181077236,-54.54726336102088,-1.5720301333239484,NO_PATH,0.0,0.0,49.59031960978975,-51.91997947886512,-0.04911438599285184,nan,84.48
YIELD,0.0,55.00085181077236,-54.54726336102088,-1.5720301333239484,NO_PATH,0.0,0.0,49.59031960978975,-51.91997947886512,-0.04911438599285184,nan,84.5
YIELD,0.0,55.00085181077236,-54.54726336102088,-1.5720301333239484,NO_PATH,0.0,0.0,49.59031960978975,-51.91997947886512,-0.04911438599285184,nan,84.52000000000001
YIELD,0.0,55.00085181077236,-54.54726336102088,-1.5720301333239484,NO_PATH,0.0,0.0,49.59031960978975,-51.91997947886512,-0.04911438599285184,nan,84.54
YIELD,0.0,55.00085181077236,-54.54726336102088,-1.5720301333239484,NO_PATH,0.0,0.0,49.59031960978975,-51.91997947886512,-0.04911438599285184,nan,84.56
YIELD,0.0,55.00085181077236,-54.54726336102088,-1.5720301333239484,NO_PATH,0.0,0.0,49.59031960978975,-51.91997947886512,-0.04911438599285184,nan,84.58
YIELD,0.0,55.00085181077236,-54.54726336102088,-1.5720301333239484,NO_PATH,0.0,0.0,49.59031960978975,-51.91997947886512,-0.04911438599285184,nan,84.601
YIELD,0.0,55.00085181077236,-54.54726336102088,-1.5720301333239484,NO_PATH,0.0,0.0,49.59031960978975,-51.91997947886512,-0.04911438599285184,nan,84.62
YIELD,0.0,55.00085181077236,-54.54726336102088,-1.5720301333239484,NO_PATH,0.0,0.0,49.59031960978975,-51.91997947886512,-0.04911438599285184,nan,84.64
YIELD,0.0,55.00085181077236,-54.54726336102088,-1.5720301333239484,NO_PATH,0.0,0.0,49.59031960978975,-51.91997947886512,-0.04911438599285184,nan,84.66000000000001
YIELD,0.0,55.00085181077236,-54.54726336102088,-1.5720301333239484,NO_PATH,0.0,0.0,49.59031960978975,-51.91997947886512,-0.04911438599285184,nan,84.68
YIELD,0.0,55.00085181077236,-54.54726336102088,-1.5720301333239484,NO_PATH,0.0,0.0,49.59031960978975,-51.91997947886512,-0.04911438599285184,nan,84.7
YIELD,0.0,55.00085181077236,-54.54726336102088,-1.5720301333239484,NO_PATH,0.0,0.0,49.59031960978975,-51.91997947886512,-0.04911438599285184,nan,84.72
YIELD,0.0,55.00085181077236,-54.54726336102088,-1.5720301333239484,NO_PATH,0.0,0.0,49.59031960978975,-51.91997947886512,-0.04911438599285184,nan,84.74000000000001
YIELD,0.0,55.00085181077236,-54.54726336102088,-1.5720301333239484,NO_PATH,0.0,0.0,49.59031960978975,-51.91997947886512,-0.04911438599285184,nan,84.76
YIELD,0.0,55.00085181077236,-54.54726336102088,-1.5720301333239484,NO_PATH,0.0,0.0,49.59031960978975,-51.91997947886512,-0.04911438599285184,nan,84.78
YIELD,0.0,55.00085181077236,-54.54726336102088,-1.5720301333239484,NO_PATH,0.0,0.0,49.59031960978975,-51.91997947886512,-0.04911438599285184,nan,84.80000000000001
YIELD,0.0,55.00085181077236,-54.54726336102088,-1.5720301333239484,NO_PATH,0.0,0.0,49.59031960978975,-51.91997947886512,-0.04911438599285184,nan,84.82000000000001
YIELD,0.0,55.00085181077236,-54.54726336102088,-1.5720301333239484,NO_PATH,0.0,0.0,49.59031960978975,-51.91997947886512,-0.04911438599285184,nan,84.84
YIELD,0.0,55.00085181077236,-54.54726336102088,-1.5720301333239484,NO_PATH,0.0,0.0,49.59031960978975,-51.91997947886512,-0.04911438599285184,nan,84.86
YIELD,0.0,55.00085181077236,-54.54726336102088,-1.5720301333239484,NO_PATH,0.0,0.0,49.59031960978975,-51.91997947886512,-0.04911438599285184,nan,84.88000000000001
YIELD,0.0,55.00085181077236,-54.54726336102088,-1.5720301333239484,NO_PATH,0.0,0.0,49.59031960978975,-51.91997947886512,-0.04911438599285184,nan,84.9
YIELD,0.0,55.00085181077236,-54.54726336102088,-1.5720301333239484,NO_PATH,0.0,0.0,49.59031960978975,-51.91997947886512,-0.04911438599285184,nan,84.92
YIELD,0.0,55.00085181077236,-54.54726336102088,-1.5720301333239484,NO_PATH,0.0,0.0,49.59031960978975,-51.91997947886512,-0.04911438599285184,nan,84.94000000000001
YIELD,0.0,55.00085181077236,-54.54726336102088,-1.5720301333239484,NO_PATH,0.0,0.0,49.59031960978975,-51.91997947886512,-0.04911438599285184,nan,84.96000000000001
YIELD,0.0,55.00085181077236,-54.54726336102088,-1.5720301333239484,NO_PATH,0.0,0.0,49.59031960978975,-51.91997947886512,-0.04911438599285184,nan,84.98
YIELD,0.0,55.00085181077236,-54.54726336102088,-1.5720301333239484,NO_PATH,0.0,0.0,49.59031960978975,-51.91997947886512,-0.04911438599285184,nan,85.0
YIELD,0.0,55.00085181077236,-54.54726336102088,-1.5720301333239484,NO_PATH,0.0,0.0,49.59031960978975,-51.91997947886512,-0.04911438599285184,nan,85.02000000000001
YIELD,0.0,55.00085181077236,-54.54726336102088,-1.5720301333239484,NO_PATH,0.0,0.0,49.59031960978975,-51.91997947886512,-0.04911438599285184,nan,85.04
YIELD,0.0,55.00085181077236,-54.54726336102088,-1.5720301333239484,NO_PATH,0.0,0.0,49.59031960978975,-51.91997947886512,-0.04911438599285184,nan,85.06
YIELD,0.0,55.00085181077236,-54.54726336102088,-1.5720301333239484,NO_PATH,0.0,0.0,49.59031960978975,-51.91997947886512,-0.04911438599285184,nan,85.08
YIELD,0.0,55.00085181077236,-54.54726336102088,-1.5720301333239484,NO_PATH,0.0,0.0,49.59031960978975,-51.91997947886512,-0.04911438599285184,nan,85.10000000000001
YIELD,0.0,55.00085181077236,-54.54726336102088,-1.5720301333239484,NO_PATH,0.0,0.0,49.59031960978975,-51.91997947886512,-0.04911438599285184,nan,85.12
YIELD,0.0,55.00085181077236,-54.54726336102088,-1.5720301333239484,NO_PATH,0.0,0.0,49.59031960978975,-51.91997947886512,-0.04911438599285184,nan,85.14
YIELD,0.0,55.00085181077236,-54.54726336102088,-1.5720301333239484,NO_PATH,0.0,0.0,49.59031960978975,-51.91997947886512,-0.04911438599285184,nan,85.16000000000001
YIELD,0.0,55.00085181077236,-54.54726336102088,-1.5720301333239484,NO_PATH,0.0,0.0,49.59031960978975,-51.91997947886512,-0.04911438599285184,nan,85.18
YIELD,0.0,55.00085181077236,-54.54726336102088,-1.5720301333239484,NO_PATH,0.0,0.0,49.59031960978975,-51.91997947886512,-0.04911438599285184,nan,85.2
YIELD,0.0,55.00085181077236,-54.54726336102088,-1.5720301333239484,NO_PATH,0.0,0.0,49.59031960978975,-51.91997947886512,-0.04911438599285184,nan,85.22
YIELD,0.0,55.00085181077236,-54.54726336102088,-1.5720301333239484,NO_PATH,0.0,0.0,49.59031960978975,-51.91997947886512,-0.04911438599285184,nan,85.24000000000001
YIELD,0.0,55.00085181077236,-54.54726336102088,-1.5720301333239484,NO_PATH,0.0,0.0,49.59031960978975,-51.91997947886512,-0.04911438599285184,nan,85.26
YIELD,0.0,55.00085181077236,-54.54726336102088,-1.5720301333239484,NO_PATH,0.0,0.0,49.59031960978975,-51.91997947886512,-0.04911438599285184,nan,85.28
YIELD,0.0,55.00085181077236,-54.54726336102088,-1.5720301333239484,NO_PATH,0.0,0.0,49.59031960978975,-51.91997947886512,-0.04911438599285184,nan,85.30000000000001
YIELD,0.0,55.00085181077236,-54.54726336102088,-1.5720301333239484,NO_PATH,0.0,0.0,49.59031960978975,-51.91997947886512,-0.04911438599285184,nan,85.32000000000001
YIELD,0.0,55.00085181077236,-54.54726336102088,-1.5720301333239484,NO_PATH,0.0,0.0,49.59031960978975,-51.91997947886512,-0.04911438599285184,nan,85.34
YIELD,0.0,55.00085181077236,-54.54726336102088,-1.5720301333239484,NO_PATH,0.0,0.0,49.59031960978975,-51.91997947886512,-0.04911438599285184,nan,85.36
YIELD,0.0,55.00085181077236,-54.54726336102088,-1.5720301333239484,NO_PATH,0.0,0.0,49.59031960978975,-51.91997947886512,-0.04911438599285184,nan,85.38000000000001
YIELD,0.0,55.00085181077236,-54.54726336102088,-1.5720301333239484,NO_PATH,0.0,0.0,49.59031960978975,-51.91997947886512,-0.04911438599285184,nan,85.4
YIELD,0.0,55.00085181077236,-54.54726336102088,-1.5720301333239484,NO_PATH,0.0,0.0,49.59031960978975,-51.91997947886512,-0.04911438599285184,nan,85.42
YIELD,0.0,55.00085181077236,-54.54726336102088,-1.5720301333239484,NO_PATH,0.0,0.0,49.59031960978975,-51.91997947886512,-0.04911438599285184,nan,85.44000000000001
YIELD,0.0,55.00085181077236,-54.54726336102088,-1.5720301333239484,NO_PATH,0.0,0.0,49.59031960978975,-51.91997947886512,-0.04911438599285184,nan,85.46000000000001
