behavior,crossing_pedestrian_v,crossing_pedestrian_x,crossing_pedestrian_y,crossing_pedestrian_yaw,ctrl_state,ctrl_v,ego_v,ego_x,ego_y,ego_yaw,perc_near_x,t
,0.0,55.0,-46.0,-1.5707963267948963,NO_PATH,7.65447234e-19,0.0,29.99999999999999,-51.75,-2.987141537818687e-23,nan,9.391
,0.0,55.0,-46.0,-1.5707963267948963,NO_PATH,6.04619849e-19,0.0,29.99999999999999,-51.75,-2.987141537818687e-23,nan,9.391
,0.0,55.0,-46.0,-1.5707963267948963,NO_PATH,6.79689117e-19,0.0,29.99999999999999,-51.75,-2.987141537818687e-23,nan,9.391
,0.0,55.0,-46.0,-1.5707963267948963,NO_PATH,1.0775824e-18,0.0,29.99999999999999,-51.75,-2.987141537818687e-23,nan,9.391
,0.0,55.0,-46.0,-1.5707963267948963,NO_PATH,4.8269924e-19,0.0,29.99999999999999,-51.75,-2.987141537818687e-23,nan,9.391
,0.0,55.0,-46.0,-1.5707963267948963,NO_PATH,1.06167747e-18,0.0,29.99999999999999,-51.75,-2.987141537818687e-23,nan,9.392000000000001
,0.0,55.0,-46.0,-1.5707963267948963,NO_PATH,-2.41868943e-19,0.0,29.99999999999999,-51.75,-2.987141537818687e-23,nan,9.392000000000001
,0.0,55.0,-46.0,-1.5707963267948963,NO_PATH,6.02689401e-19,0.0,29.99999999999999,-51.75,-2.987141537818687e-23,nan,9.392000000000001
,0.0,55.0,-46.0,-1.5707963267948963,NO_PATH,3.78862171e-19,0.0,29.99999999999999,-51.75,-2.987141537818687e-23,nan,9.392000000000001
,0.0,55.0,-46.0,-1.5707963267948963,NO_PATH,3.78862171e-19,0.0,29.99999999999999,-51.75,-2.987141537818687e-23,nan,9.392000000000001
,0.0,55.0,-46.0,-1.5707963267948963,NO_PATH,3.78862171e-19,0.0,29.99999999999999,-51.75,-2.987141537818687e-23,nan,9.4
,0.0,55.0,-46.0,-1.5707963267948963,NO_PATH,5.69832056e-19,0.0,29.99999999999999,-51.75,-2.987141537818687e-23,nan,9.42
,0.0,55.0,-46.0,-1.5707963267948963,NO_PATH,5.69832056e-19,0.0,29.99999999999999,-51.75,-2.987141537818687e-23,nan,9.440000000000001
,0.0,55.0,-46.0,-1.5707963267948963,NO_PATH,2.12440342e-19,0.0,29.99999999999999,-51.75,-2.987141537818687e-23,nan,9.46
,0.0,55.0,-46.0,-1.5707963267948963,NO_PATH,2.12440342e-19,0.0,29.99999999999999,-51.75,-2.987141537818687e-23,nan,9.48
,0.0,55.0,-46.0,-1.5707963267948963,NO_PATH,2.93628844e-19,0.0,29.99999999999999,-51.75,-2.987141537818687e-23,nan,9.5
,0.0,55.0,-46.0,-1.5707963267948963,NO_PATH,6.924467e-19,0.0,29.99999999999999,-51.75,-2.987141537818687e-23,nan,9.520000000000001
,0.0,55.0,-46.0,-1.5707963267948963,NO_PATH,5.3703954e-19,0.0,29.99999999999999,-51.75,-2.987141537818687e-23,nan,9.540000000000001
,0.0,55.0,-46.0,-1.5707963267948963,NO_PATH,1.20596386e-18,0.0,29.99999999999999,-51.75,-2.987141537818687e-23,nan,9.56
,0.0,55.0,-46.0,-1.5707963267948963,NO_PATH,1.04158048e-18,0.0,29.99999999999999,-51.75,-2.987141537818687e-23,nan,9.58
,0.0,55.0,-46.0,-1.5707963267948963,NO_PATH,1.04158048e-18,0.0,29.99999999999999,-51.75,-2.987141537818687e-23,nan,9.600000000000001
,0.0,55.0,-46.0,-1.5707963267948963,NO_PATH,5.77457695e-19,0.0,29.99999999999999,-51.75,-2.987141537818687e-23,nan,9.620000000000001
,0.0,55.0,-46.0,-1.5707963267948963,NO_PATH,7.42448522e-19,0.0,29.99999999999999,-51.75,-2.987141537818687e-23,nan,9.64
,0.0,55.0,-46.0,-1.5707963267948963,NO_PATH,6.68754775e-19,0.0,29.99999999999999,-51.75,-2.987141537818687e-23,nan,9.66
,0.0,55.0,-46.0,-1.5707963267948963,NO_PATH,6.68754775e-19,0.0,29.99999999999999,-51.75,-2.987141537818687e-23,nan,9.68
,0.0,55.0,-46.0,-1.5707963267948963,NO_PATH,8.99482163e-19,0.0,29.99999999999999,-51.75,-2.987141537818687e-23,nan,9.700000000000001
,0.0,55.0,-46.0,-1.5707963267948963,NO_PATH,3.75984465e-19,0.0,29.99999999999999,-51.75,-2.987141537818687e-23,nan,9.72
,0.0,55.0,-46.0,-1.5707963267948963,NO_PATH,1.0779514e-18,0.0,29.99999999999999,-51.75,-2.987141537818687e-23,nan,9.74
,0.0,55.0,-46.0,-1.5707963267948963,NO_PATH,9.83830091e-19,0.0,29.99999999999999,-51.75,-2.987141537818687e-23,nan,9.76
,0.0,55.0,-46.0,-1.5707963267948963,NO_PATH,8.19684119e-20,0.0,29.99999999999999,-51.75,-2.987141537818687e-23,nan,9.780000000000001
,0.0,55.0,-46.0,-1.5707963267948963,NO_PATH,8.19684119e-20,0.0,29.99999999999999,-51.75,-2.987141537818687e-23,nan,9.8
,0.0,55.0,-46.0,-1.5707963267948963,NO_PATH,-1.83466396e-20,0.0,29.99999999999999,-51.75,-2.987141537818687e-23,nan,9.82
,0.0,55.0,-46.0,-1.5707963267948963,NO_PATH,-1.83466396e-20,0.0,29.99999999999999,-51.75,-2.987141537818687e-23,nan,9.84
,0.0,55.0,-46.0,-1.5707963267948963,NO_PATH,-6.71648859e-19,0.0,29.99999999999999,-51.75,-2.987141537818687e-23,nan,9.860000000000001
,0.0,55.0,-46.0,-1.5707963267948963,NO_PATH,-6.71648859e-19,0.0,29.99999999999999,-51.75,-2.987141537818687e-23,nan,9.88
,0.0,55.0,-46.0,-1.5707963267948963,NO_PATH,7.91265688e-19,0.0,29.99999999999999,-51.75,-2.987141537818687e-23,nan,9.9
,0.0,55.0,-46.0,-1.5707963267948963,NO_PATH,-5.72915706e-20,0.0,29.99999999999999,-51.75,-2.987141537818687e-23,nan,9.92
,0.0,55.0,-46.0,-1.5707963267948963,NO_PATH,1.18432128e-18,0.0,29.99999999999999,-51.75,-2.987141537818687e-23,nan,9.940000000000001
,0.0,55.0,-46.0,-1.5707963267948963,NO_PATH,8.67153361e-19,0.0,29.99999999999999,-51.75,-2.987141537818687e-23,nan,9.96
,0.0,55.0,-46.0,-1.5707963267948963,NO_PATH,9.0732228e-19,0.0,29.99999999999999,-51.75,-2.987141537818687e-23,nan,9.98
,0.0,55.0,-46.0,-1.5707963267948963,NO_PATH,9.0732228e-19,0.0,29.99999999999999,-51.75,-2.987141537818687e-23,nan,10.0
,0.0,55.0,-46.0,-1.5707963267948963,NO_PATH,3.03043092e-19,0.0,29.99999999999999,-51.75,-2.987141537818687e-23,nan,10.020000000000001
,0.0,55.0,-46.0,-1.5707963267948963,NO_PATH,1.13038332e-18,0.0,29.99999999999999,-51.75,-2.987141537818687e-23,nan,10.040000000000001
,0.0,55.0,-46.0,-1.5707963267948963,NO_PATH,1.13038332e-18,0.0,29.99999999999999,-51.75,-2.987141537818687e-23,nan,10.06
,0.0,55.0,-46.0,-1.5707963267948963,NO_PATH,9.43613914e-19,0.0,29.99999999999999,-51.75,-2.987141537818687e-23,nan,10.08
,0.0,55.0,-46.0,-1.5707963267948963,NO_PATH,3.54236243e-19,0.0,29.99999999999999,-51.75,-2.987141537818687e-23,nan,10.101
,0.0,55.0,-46.0,-1.5707963267948963,NO_PATH,3.54236243e-19,0.0,29.99999999999999,-51.75,-2.987141537818687e-23,nan,10.120000000000001
,0.0,55.0,-46.0,-1.5707963267948963,NO_PATH,4.060827e-19,0.0,29.99999999999999,-51.75,-2.987141537818687e-23,nan,10.14
,0.0,55.0,-46.0,-1.5707963267948963,NO_PATH,3.07614359e-19,0.0,29.99999999999999,-51.75,-2.987141537818687e-23,nan,10.16
,0.0,55.0,-46.0,-1.5707963267948963,NO_PATH,5.93490133e-19,0.0,29.99999999999999,-51.75,-2.987141537818687e-23,nan,10.180000000000001
,0.0,55.0,-46.0,-1.5707963267948963,NO_PATH,6.78924216e-19,0.0,29.99999999999999,-51.75,-2.987141537818687e-23,nan,10.200000000000001
,0.0,55.0,-46.0,-1.5707963267948963,NO_PATH,7.16777437e-19,0.0,29.99999999999999,-51.75,-2.987141537818687e-23,nan,10.22
,0.0,55.0,-46.0,-1.5707963267948963,NO_PATH,7.58140378e-19,0.0,29.99999999999999,-51.75,-2.987141537818687e-23,nan,10.24
,0.0,55.0,-46.0,-1.5707963267948963,NO_PATH,-1.75968522e-19,0.0,29.99999999999999,-51.75,-2.987141537818687e-23,nan,10.26
,0.0,55.0,-46.0,-1.5707963267948963,NO_PATH,2.71014347e-19,0.0,29.99999999999999,-51.75,-2.987141537818687e-23,nan,10.280000000000001
,0.0,55.0,-46.0,-1.5707963267948963,NO_PATH,1.08708883e-18,0.0,29.99999999999999,-51.75,-2.987141537818687e-23,nan,10.3
,0.0,55.0,-46.0,-1.5707963267948963,NO_PATH,1.08708883e-18,0.0,29.99999999999999,-51.75,-2.987141537818687e-23,nan,10.32
,0.0,55.0,-46.0,-1.5707963267948963,NO_PATH,1.97878584e-19,0.0,29.99999999999999,-51.75,-2.987141537818687e-23,nan,10.34
,0.0,55.0,-46.0,-1.5707963267948963,NO_PATH,8.80138226e-19,0.0,29.99999999999999,-51.75,-2.987141537818687e-23,nan,10.360000000000001
,0.0,55.0,-46.0,-1.5707963267948963,NO_PATH,2.8263832e-19,0.0,29.99999999999999,-51.75,-2.987141537818687e-23,nan,10.38
,0.0,55.0,-46.0,-1.5707963267948963,NO_PATH,8.53819323e-20,0.0,29.99999999999999,-51.75,-2.987141537818687e-23,nan,10.4
,0.0,55.0,-46.0,-1.5707963267948963,NO_PATH,8.53819323e-20,0.0,29.99999999999999,-51.75,-2.987141537818687e-23,nan,10.42
,0.0,55.0,-46.0,-1.5707963267948963,NO_PATH,7.95718538e-19,0.0,29.99999999999999,-51.75,-2.987141537818687e-23,nan,10.440000000000001
,0.0,55.0,-46.0,-1.5707963267948963,NO_PATH,4.29280251e-19,0.0,29.99999999999999,-51.75,-2.987141537818687e-23,nan,10.46
,0.0,55.0,-46.0,-1.5707963267948963,NO_PATH,3.85862637e-19,0.0,29.99999999999999,-51.75,-2.987141537818687e-23,nan,10.48
,0.0,55.0,-46.0,-1.5707963267948963,NO_PATH,1.95286658e-19,0.0,29.99999999999999,-51.75,-2.987141537818687e-23,nan,10.5
,0.0,55.0,-46.0,-1.5707963267948963,NO_PATH,5.68700018e-19,0.0,29.99999999999999,-51.75,-2.987141537818687e-23,nan,10.520000000000001
,0.0,55.0,-46.0,-1.5707963267948963,NO_PATH,1.28483443e-19,0.0,29.99999999999999,-51.75,-2.987141537818687e-23,nan,10.541
,0.0,55.0,-46.0,-1.5707963267948963,NO_PATH,1.28483443e-19,0.0,29.99999999999999,-51.75,-2.987141537818687e-23,nan,10.56
,0.0,55.0,-46.0,-1.5707963267948963,NO_PATH,2.09129408e-19,0.0,29.99999999999999,-51.75,-2.987141537818687e-23,nan,10.58
,0.0,55.0,-46.0,-1.5707963267948963,NO_PATH,6.2894019e-19,0.0,29.99999999999999,-51.75,-2.987141537818687e-23,nan,10.600000000000001
,0.0,55.0,-46.0,-1.5707963267948963,NO_PATH,4.28607614e-20,0.0,29.99999999999999,-51.75,-2.987141537818687e-23,nan,10.620000000000001
,0.0,55.0,-46.0,-1.5707963267948963,NO_PATH,4.2317562e-19,0.0,29.99999999999999,-51.75,-2.987141537818687e-23,nan,10.64
,0.0,55.0,-46.0,-1.5707963267948963,NO_PATH,1.65188909e-19,0.0,29.99999999999999,-51.75,-2.987141537818687e-23,nan,10.66
,0.0,55.0,-46.0,-1.5707963267948963,NO_PATH,1.78409748e-19,0.0,29.99999999999999,-51.75,-2.987141537818687e-23,nan,10.680000000000001
,0.0,55.0,-46.0,-1.5707963267948963,NO_PATH,1.40861769e-18,0.0,29.99999999999999,-51.75,-2.987141537818687e-23,nan,10.700000000000001
,0.0,55.0,-46.0,-1.5707963267948963,NO_PATH,1.40861769e-18,0.0,29.99999999999999,-51.75,-2.987141537818687e-23,nan,10.72
,0.0,55.0,-46.0,-1.5707963267948963,NO_PATH,6.5730017e-19,0.0,29.99999999999999,-51.75,-2.987141537818687e-23,nan,10.74
,0.0,55.0,-46.0,-1.5707963267948963,NO_PATH,1.06717796e-18,0.0,29.99999999999999,-51.75,-2.987141537818687e-23,nan,10.76
,0.0,55.0,-46.0,-1.5707963267948963,NO_PATH,7.10610675e-19,0.0,29.99999999999999,-51.75,-2.987141537818687e-23,nan,10.780000000000001
,0.0,55.0,-46.0,-1.5707963267948963,NO_PATH,7.9382216e-19,0.0,29.99999999999999,-51.75,-2.987141537818687e-23,nan,10.8
,0.0,55.0,-46.0,-1.5707963267948963,NO_PATH,7.9382216e-19,0.0,29.99999999999999,-51.75,-2.987141537818687e-23,nan,10.82
,0.0,55.0,-46.0,-1.5707963267948963,NO_PATH,1.32506299e-19,0.0,29.99999999999999,-51.75,-2.987141537818687e-23,nan,10.84
,0.0,55.0,-46.0,-1.5707963267948963,NO_PATH,3.87285003e-19,0.0,29.99999999999999,-51.75,-2.987141537818687e-23,nan,10.860000000000001
,0.0,55.0,-46.0,-1.5707963267948963,NO_PATH,7.6729439e-19,0.0,29.99999999999999,-51.75,-2.987141537818687e-23,nan,10.88
,0.0,55.0,-46.0,-1.5707963267948963,NO_PATH,7.6729439e-19,0.0,29.99999999999999,-51.75,-2.987141537818687e-23,nan,10.9
,0.0,55.0,-46.0,-1.5707963267948963,NO_PATH,9.94575091e-19,0.0,29.99999999999999,-51.75,-2.987141537818687e-23,nan,10.92
,0.0,55.0,-46.0,-1.5707963267948963,NO_PATH,4.97271384e-19,0.0,29.99999999999999,-51.75,-2.987141537818687e-23,nan,10.940000000000001
,0.0,55.0,-46.0,-1.5707963267948963,NO_PATH,-1.22202252e-19,0.0,29.99999999999999,-51.75,-2.987141537818687e-23,nan,10.96
,0.0,55.0,-46.0,-1.5707963267948963,NO_PATH,3.1006545e-19,0.0,29.99999999999999,-51.75,-2.987141537818687e-23,nan,10.98
,0.0,55.0,-46.0,-1.5707963267948963,NO_PATH,3.1006545e-19,0.0,29.99999999999999,-51.75,-2.987141537818687e-23,nan,11.001000000000001
,0.0,55.0,-46.0,-1.5707963267948963,NO_PATH,2.14152599e-19,0.0,29.99999999999999,-51.75,-2.987141537818687e-23,nan,11.020000000000001
,0.0,55.0,-46.0,-1.5707963267948963,NO_PATH,5.33895936e-19,0.0,29.99999999999999,-51.75,-2.987141537818687e-23,nan,11.040000000000001
,0.0,55.0,-46.0,-1.5707963267948963,NO_PATH,4.8184003e-19,0.0,29.99999999999999,-51.75,-2.987141537818687e-23,nan,11.06
,0.0,55.0,-46.0,-1.5707963267948963,NO_PATH,6.06547967e-19,0.0,29.99999999999999,-51.75,-2.987141537818687e-23,nan,11.08
,0.0,55.0,-46.0,-1.5707963267948963,NO_PATH,6.06547967e-19,0.0,29.99999999999999,-51.75,-2.987141537818687e-23,nan,11.100000000000001
,0.0,55.0,-46.0,-1.5707963267948963,NO_PATH,8.22348885e-19,0.0,29.99999999999999,-51.75,-2.987141537818687e-23,nan,11.120000000000001
,0.0,55.0,-46.0,-1.5707963267948963,NO_PATH,8.22348885e-19,0.0,29.99999999999999,-51.75,-2.987141537818687e-23,nan,11.14
,0.0,55.0,-46.0,-1.5707963267948963,NO_PATH,8.407652e-19,0.0,29.99999999999999,-51.75,-2.987141537818687e-23,nan,11.16
,0.0,55.0,-46.0,-1.5707963267948963,NO_PATH,6.70783512e-19,0.0,29.99999999999999,-51.75,-2.987141537818687e-23,nan,11.180000000000001
,0.0,55.0,-46.0,-1.5707963267948963,NO_PATH,1.73085752e-18,0.0,29.99999999999999,-51.75,-2.987141537818687e-23,nan,11.200000000000001
,0.0,55.0,-46.0,-1.5707963267948963,NO_PATH,1.73085752e-18,0.0,29.99999999999999,-51.75,-2.987141537818687e-23,nan,11.22
,0.0,55.0,-46.0,-1.5707963267948963,NO_PATH,7.30987788e-19,0.0,29.99999999999999,-51.75,-2.987141537818687e-23,nan,11.24
,0.0,55.0,-46.0,-1.5707963267948963,NO_PATH,6.12623021e-19,0.0,29.99999999999999,-51.75,-2.987141537818687e-23,nan,11.260000000000002
,0.0,55.0,-46.0,-1.5707963267948963,NO_PATH,9.1897514e-19,0.0,29.99999999999999,-51.75,-2.987141537818687e-23,nan,11.280000000000001
,0.0,55.0,-46.0,-1.5707963267948963,NO_PATH,1.84411505e-19,0.0,29.99999999999999,-51.75,-2.987141537818687e-23,nan,11.301
,0.0,55.0,-46.0,-1.5707963267948963,NO_PATH,7.75743407e-19,0.0,29.99999999999999,-51.75,-2.987141537818687e-23,nan,11.32
,0.0,55.0,-46.0,-1.5707963267948963,NO_PATH,7.75743407e-19,0.0,29.99999999999999,-51.75,-2.987141537818687e-23,nan,11.34
,0.0,55.0,-46.0,-1.5707963267948963,NO_PATH,5.50984129e-19,0.0,29.99999999999999,-51.75,-2.987141537818687e-23,nan,11.360000000000001
,0.0,55.0,-46.0,-1.5707963267948963,NO_PATH,7.64634608e-19,0.0,29.99999999999999,-51.75,-2.987141537818687e-23,nan,11.381
,0.0,55.0,-46.0,-1.5707963267948963,NO_PATH,9.36192299e-20,0.0,29.99999999999999,-51.75,-2.987141537818687e-23,nan,11.4
,0.0,55.0,-46.0,-1.5707963267948963,NO_PATH,4.65376332e-19,0.0,29.99999999999999,-51.75,-2.987141537818687e-23,nan,11.42
,0.0,55.0,-46.0,-1.5707963267948963,NO_PATH,9.22879681e-19,0.0,29.99999999999999,-51.75,-2.987141537818687e-23,nan,11.440000000000001
,0.0,55.0,-46.0,-1.5707963267948963,NO_PATH,2.45283303e-19,0.0,29.99999999999999,-51.75,-2.987141537818687e-23,nan,11.46
,0.0,55.0,-46.0,-1.5707963267948963,NO_PATH,5.13448907e-19,0.0,29.99999999999999,-51.75,-2.987141537818687e-23,nan,11.48
,0.0,55.0,-46.0,-1.5707963267948963,NO_PATH,3.94555629e-19,0.0,29.99999999999999,-51.75,-2.987141537818687e-23,nan,11.5
,0.0,55.0,-46.0,-1.5707963267948963,NO_PATH,2.90849549e-19,0.0,29.99999999999999,-51.75,-2.987141537818687e-23,nan,11.520000000000001
,0.0,55.0,-46.0,-1.5707963267948963,NO_PATH,2.90849549e-19,0.0,29.99999999999999,-51.75,-2.987141537818687e-23,nan,11.540000000000001
,0.0,55.0,-46.0,-1.5707963267948963,NO_PATH,6.12040686e-19,0.0,29.99999999999999,-51.75,-2.987141537818687e-23,nan,11.56
,0.0,55.0,-46.0,-1.5707963267948963,NO_PATH,1.03934996e-18,0.0,29.99999999999999,-51.75,-2.987141537818687e-23,nan,11.58
,0.0,55.0,-46.0,-1.5707963267948963,NO_PATH,2.78210023e-19,0.0,29.99999999999999,-51.75,-2.987141537818687e-23,nan,11.600000000000001
,0.0,55.0,-46.0,-1.5707963267948963,NO_PATH,-6.44324139e-20,0.0,29.99999999999999,-51.75,-2.987141537818687e-23,nan,11.620000000000001
,0.0,55.0,-46.0,-1.5707963267948963,NO_PATH,7.25490135e-19,0.0,29.99999999999999,-51.75,-2.987141537818687e-23,nan,11.64
,0.0,55.0,-46.0,-1.5707963267948963,NO_PATH,7.25490135e-19,0.0,29.99999999999999,-51.75,-2.987141537818687e-23,nan,11.66
,0.0,55.0,-46.0,-1.5707963267948963,NO_PATH,2.24098393e-19,0.0,29.99999999999999,-51.75,-2.987141537818687e-23,nan,11.680000000000001
,0.0,55.0,-46.0,-1.5707963267948963,NO_PATH,1.2607027e-18,0.0,29.99999999999999,-51.75,-2.987141537818687e-23,nan,11.700000000000001
,0.0,55.0,-46.0,-1.5707963267948963,NO_PATH,1.2607027e-18,0.0,29.99999999999999,-51.75,-2.987141537818687e-23,nan,11.72
,0.0,55.0,-46.0,-1.5707963267948963,NO_PATH,1.01682381e-18,0.0,29.99999999999999,-51.75,-2.987141537818687e-23,nan,11.74
,0.0,55.0,-46.0,-1.5707963267948963,NO_PATH,1.01205748e-18,0.0,29.99999999999999,-51.75,-2.987141537818687e-23,nan,11.760000000000002
,0.0,55.0,-46.0,-1.5707963267948963,NO_PATH,3.96466705e-19,0.0,29.99999999999999,-51.75,-2.987141537818687e-23,nan,11.780000000000001
,0.0,55.0,-46.0,-1.5707963267948963,NO_PATH,1.05020327e-18,0.0,29.99999999999999,-51.75,-2.987141537818687e-23,nan,11.801
,0.0,55.0,-46.0,-1.5707963267948963,NO_PATH,6.44528755e-19,0.0,29.99999999999999,-51.75,-2.987141537818687e-23,nan,11.82
,0.0,55.0,-46.0,-1.5707963267948963,NO_PATH,1.11186714e-18,0.0,29.99999999999999,-51.75,-2.987141537818687e-23,nan,11.84
,0.0,55.0,-46.0,-1.5707963267948963,NO_PATH,1.11186714e-18,0.0,29.99999999999999,-51.75,-2.987141537818687e-23,nan,11.860000000000001
,0.0,55.0,-46.0,-1.5707963267948963,NO_PATH,5.03336961e-19,0.0,29.99999999999999,-51.75,-2.987141537818687e-23,nan,11.88
,0.0,55.0,-46.0,-1.5707963267948963,NO_PATH,7.77732004e-19,0.0,29.99999999999999,-51.75,-2.987141537818687e-23,nan,11.9
,0.0,55.0,-46.0,-1.5707963267948963,NO_PATH,8.89503079e-19,0.0,29.99999999999999,-51.75,-2.987141537818687e-23,nan,11.92
,0.0,55.0,-46.0,-1.5707963267948963,NO_PATH,9.3295764e-19,0.0,29.99999999999999,-51.75,-2.987141537818687e-23,nan,11.941
,0.0,55.0,-46.0,-1.5707963267948963,NO_PATH,1.13968648e-18,0.0,29.99999999999999,-51.75,-2.987141537818687e-23,nan,11.96
,0.0,55.0,-46.0,-1.5707963267948963,NO_PATH,1.69124373e-19,0.0,29.99999999999999,-51.75,-2.987141537818687e-23,nan,11.98
,0.0,55.0,-46.0,-1.5707963267948963,NO_PATH,1.78360262e-19,0.0,29.99999999999999,-51.75,-2.987141537818687e-23,nan,12.0
,0.0,55.0,-46.0,-1.5707963267948963,NO_PATH,1.78360262e-19,0.0,29.99999999999999,-51.75,-2.987141537818687e-23,nan,12.020000000000001
,0.0,55.0,-46.0,-1.5707963267948963,NO_PATH,7.68654009e-19,0.0,29.99999999999999,-51.75,-2.987141537818687e-23,nan,12.040000000000001
,0.0,55.0,-46.0,-1.5707963267948963,NO_PATH,3.32601207e-19,0.0,29.99999999999999,-51.75,-2.987141537818687e-23,nan,12.06
,0.0,55.0,-46.0,-1.5707963267948963,NO_PATH,9.8289157e-19,0.0,29.99999999999999,-51.75,-2.987141537818687e-23,nan,12.08
,0.0,55.0,-46.0,-1.5707963267948963,NO_PATH,5.03350945e-19,0.0,29.99999999999999,-51.75,-2.987141537818687e-23,nan,12.100000000000001
,0.0,55.0,-46.0,-1.5707963267948963,NO_PATH,4.14295856e-19,0.0,29.99999999999999,-51.75,-2.987141537818687e-23,nan,12.121
,0.0,55.0,-46.0,-1.5707963267948963,NO_PATH,1.12867237e-19,0.0,29.99999999999999,-51.75,-2.987141537818687e-23,nan,12.14
,0.0,55.0,-46.0,-1.5707963267948963,NO_PATH,1.12867237e-19,0.0,29.99999999999999,-51.75,-2.987141537818687e-23,nan,12.16
,0.0,55.0,-46.0,-1.5707963267948963,NO_PATH,1.49383268e-18,0.0,29.99999999999999,-51.75,-2.987141537818687e-23,nan,12.180000000000001
,0.0,55.0,-46.0,-1.5707963267948963,NO_PATH,2.61638376e-19,0.0,29.99999999999999,-51.75,-2.987141537818687e-23,nan,12.200000000000001
,0.0,55.0,-46.0,-1.5707963267948963,NO_PATH,9.4670155e-19,0.0,29.99999999999999,-51.75,-2.987141537818687e-23,nan,12.22
,0.0,55.0,-46.0,-1.5707963267948963,NO_PATH,2.53137229e-19,0.0,29.99999999999999,-51.75,-2.987141537818687e-23,nan,12.241000000000001
,0.0,55.0,-46.0,-1.5707963267948963,NO_PATH,-2.58179977e-19,0.0,29.99999999999999,-51.75,-2.987141537818687e-23,nan,12.260000000000002
,0.0,55.0,-46.0,-1.5707963267948963,NO_PATH,2.97890579e-19,0.0,29.99999999999999,-51.75,-2.987141537818687e-23,nan,12.280000000000001
,0.0,55.0,-46.0,-1.5707963267948963,NO_PATH,2.97890579e-19,0.0,29.99999999999999,-51.75,-2.987141537818687e-23,nan,12.3
,0.0,55.0,-46.0,-1.5707963267948963,NO_PATH,2.05118088e-20,0.0,29.99999999999999,-51.75,-2.987141537818687e-23,nan,12.32
,0.0,55.0,-46.0,-1.5707963267948963,NO_PATH,5.82206447e-19,0.0,29.99999999999999,-51.75,-2.987141537818687e-23,nan,12.340000000000002
,0.0,55.0,-46.0,-1.5707963267948963,NO_PATH,6.79827627e-19,0.0,29.99999999999999,-51.75,-2.987141537818687e-23,nan,12.360000000000001
,0.0,55.0,-46.0,-1.5707963267948963,NO_PATH,4.36598066e-20,0.0,29.99999999999999,-51.75,-2.987141537818687e-23,nan,12.38
,0.0,55.0,-46.0,-1.5707963267948963,NO_PATH,3.43115616e-19,0.0,29.99999999999999,-51.75,-2.987141537818687e-23,nan,12.401000000000002
,0.0,55.0,-46.0,-1.5707963267948963,NO_PATH,3.43115616e-19,0.0,29.99999999999999,-51.75,-2.987141537818687e-23,nan,12.42
,0.0,55.0,-46.0,-1.5707963267948963,NO_PATH,1.65785991e-19,0.0,29.99999999999999,-51.75,-2.987141537818687e-23,nan,12.440000000000001
,0.0,55.0,-46.0,-1.5707963267948963,NO_PATH,1.74924174e-19,0.0,29.99999999999999,-51.75,-2.987141537818687e-23,nan,12.46
,0.0,55.0,-46.0,-1.5707963267948963,NO_PATH,1.74924174e-19,0.0,29.99999999999999,-51.75,-2.987141537818687e-23,nan,12.48
,0.0,55.0,-46.0,-1.5707963267948963,NO_PATH,1.09330096e-18,0.0,29.99999999999999,-51.75,-2.987141537818687e-23,nan,12.5
,0.0,55.0,-46.0,-1.5707963267948963,NO_PATH,1.09330096e-18,0.0,29.99999999999999,-51.75,-2.987141537818687e-23,nan,12.520000000000001
,0.0,55.0,-46.0,-1.5707963267948963,NO_PATH,1.90744054e-19,0.0,29.99999999999999,-51.75,-2.987141537818687e-23,nan,12.540000000000001
,0.0,55.0,-46.0,-1.5707963267948963,NO_PATH,8.34674667e-19,0.0,29.99999999999999,-51.75,-2.987141537818687e-23,nan,12.561
,0.0,55.0,-46.0,-1.5707963267948963,NO_PATH,8.34674667e-19,0.0,29.99999999999999,-51.75,-2.987141537818687e-23,nan,12.58
,0.0,55.0,-46.0,-1.5707963267948963,NO_PATH,3.63751308e-19,0.0,29.99999999999999,-51.75,-2.987141537818687e-23,nan,12.600000000000001
,0.0,55.0,-46.0,-1.5707963267948963,NO_PATH,2.2157795e-19,0.0,29.99999999999999,-51.75,-2.987141537818687e-23,nan,12.620000000000001
,0.0,55.0,-46.0,-1.5707963267948963,NO_PATH,1.39824179e-20,0.0,29.99999999999999,-51.75,-2.987141537818687e-23,nan,12.641
,0.0,55.0,-46.0,-1.5707963267948963,NO_PATH,1.0155429e-18,0.0,29.99999999999999,-51.75,-2.987141537818687e-23,nan,12.66
,0.0,55.0,-46.0,-1.5707963267948963,NO_PATH,4.5807986e-19,0.0,29.99999999999999,-51.75,-2.987141537818687e-23,nan,12.680000000000001
,0.0,55.0,-46.0,-1.5707963267948963,NO_PATH,2.10326879e-19,0.0,29.99999999999999,-51.75,-2.987141537818687e-23,nan,12.700000000000001
,0.0,55.0,-46.0,-1.5707963267948963,NO_PATH,5.16583662e-19,0.0,29.99999999999999,-51.75,-2.987141537818687e-23,nan,12.72
,0.0,55.0,-46.0,-1.5707963267948963,NO_PATH,3.63126701e-19,0.0,29.99999999999999,-51.75,-2.987141537818687e-23,nan,12.74
,0.0,55.0,-46.0,-1.5707963267948963,NO_PATH,-7.52569901e-19,0.0,29.99999999999999,-51.75,-2.987141537818687e-23,nan,12.760000000000002
,0.0,55.0,-46.0,-1.5707963267948963,NO_PATH,2.73611898e-19,0.0,29.99999999999999,-51.75,-2.987141537818687e-23,nan,12.781
,0.0,55.0,-46.0,-1.5707963267948963,NO_PATH,5.98602494e-19,0.0,29.99999999999999,-51.75,-2.987141537818687e-23,nan,12.8
,0.0,55.0,-46.0,-1.5707963267948963,NO_PATH,5.98602494e-19,0.0,29.99999999999999,-51.75,-2.987141537818687e-23,nan,12.82
,0.0,55.0,-46.0,-1.5707963267948963,NO_PATH,3.03662579e-19,0.0,29.99999999999999,-51.75,-2.987141537818687e-23,nan,12.840000000000002
,0.0,55.0,-46.0,-1.5707963267948963,NO_PATH,3.66290344e-19,0.0,29.99999999999999,-51.75,-2.987141537818687e-23,nan,12.860000000000001
,0.0,55.0,-46.0,-1.5707963267948963,NO_PATH,3.66290344e-19,0.0,29.99999999999999,-51.75,-2.987141537818687e-23,nan,12.88
,0.0,55.0,-46.0,-1.5707963267948963,NO_PATH,4.80458286e-19,0.0,29.99999999999999,-51.75,-2.987141537818687e-23,nan,12.901000000000002
,0.0,55.0,-46.0,-1.5707963267948963,NO_PATH,-3.58306717e-19,0.0,29.99999999999999,-51.75,-2.987141537818687e-23,nan,12.92
,0.0,55.0,-46.0,-1.5707963267948963,NO_PATH,1.47949087e-18,0.0,29.99999999999999,-51.75,-2.987141537818687e-23,nan,12.941
,0.0,55.0,-46.0,-1.5707963267948963,NO_PATH,5.25597842e-19,0.0,29.99999999999999,-51.75,-2.987141537818687e-23,nan,12.96
,0.0,55.0,-46.0,-1.5707963267948963,NO_PATH,5.25597842e-19,0.0,29.99999999999999,-51.75,-2.987141537818687e-23,nan,12.98
,0.0,55.0,-46.0,-1.5707963267948963,NO_PATH,9.09122328e-19,0.0,29.99999999999999,-51.75,-2.987141537818687e-23,nan,13.0
,0.0,55.0,-46.0,-1.5707963267948963,NO_PATH,8.85941045e-19,0.0,29.99999999999999,-51.75,-2.987141537818687e-23,nan,13.020000000000001
,0.0,55.0,-46.0,-1.5707963267948963,NO_PATH,6.00380475e-19,0.0,29.99999999999999,-51.75,-2.987141537818687e-23,nan,13.041
,0.0,55.0,-46.0,-1.5707963267948963,NO_PATH,-1.95347118e-19,0.0,29.99999999999999,-51.75,-2.987141537818687e-23,nan,13.06
,0.0,55.0,-46.0,-1.5707963267948963,NO_PATH,4.90911204e-19,0.0,29.99999999999999,-51.75,-2.987141537818687e-23,nan,13.08
,0.0,55.0,-46.0,-1.5707963267948963,NO_PATH,4.60663394e-19,0.0,29.99999999999999,-51.75,-2.987141537818687e-23,nan,13.100000000000001
,0.0,55.0,-46.0,-1.5707963267948963,NO_PATH,1.71099333e-19,0.0,29.99999999999999,-51.75,-2.987141537818687e-23,nan,13.120000000000001
,0.0,55.0,-46.0,-1.5707963267948963,NO_PATH,9.72956109e-19,0.0,29.99999999999999,-51.75,-2.987141537818687e-23,nan,13.14
,0.0,55.0,-46.0,-1.5707963267948963,NO_PATH,9.72956109e-19,0.0,29.99999999999999,-51.75,-2.987141537818687e-23,nan,13.16
,0.0,55.0,-46.0,-1.5707963267948963,NO_PATH,4.97282103e-19,0.0,29.99999999999999,-51.75,-2.987141537818687e-23,nan,13.180000000000001
,0.0,55.0,-46.0,-1.5707963267948963,NO_PATH,2.6748935e-19,0.0,29.99999999999999,-51.75,-2.987141537818687e-23,nan,13.200000000000001
,0.0,55.0,-46.0,-1.5707963267948963,NO_PATH,3.70013942e-19,0.0,29.99999999999999,-51.75,-2.987141537818687e-23,nan,13.221
,0.0,55.0,-46.0,-1.5707963267948963,NO_PATH,-2.75812443e-19,0.0,29.99999999999999,-51.75,-2.987141537818687e-23,nan,13.24
,0.0,55.0,-46.0,-1.5707963267948963,NO_PATH,3.32000671e-19,0.0,29.99999999999999,-51.75,-2.987141537818687e-23,nan,13.261000000000001
,0.0,55.0,-46.0,-1.5707963267948963,NO_PATH,3.32000671e-19,0.0,29.99999999999999,-51.75,-2.987141537818687e-23,nan,13.280000000000001
,0.0,55.0,-46.0,-1.5707963267948963,NO_PATH,1.81025455e-19,0.0,29.99999999999999,-51.75,-2.987141537818687e-23,nan,13.3
,0.0,55.0,-46.0,-1.5707963267948963,NO_PATH,1.81025455e-19,0.0,29.99999999999999,-51.75,-2.987141537818687e-23,nan,13.32
,0.0,55.0,-46.0,-1.5707963267948963,NO_PATH,5.06652422e-19,0.0,29.99999999999999,-51.75,-2.987141537818687e-23,nan,13.341000000000001
,0.0,55.0,-46.0,-1.5707963267948963,NO_PATH,5.06652422e-19,0.0,29.99999999999999,-51.75,-2.987141537818687e-23,nan,13.360000000000001
,0.0,55.0,-46.0,-1.5707963267948963,NO_PATH,6.56359526e-19,0.0,29.99999999999999,-51.75,-2.987141537818687e-23,nan,13.38
,0.0,55.0,-46.0,-1.5707963267948963,NO_PATH,3.35654378e-19,0.0,29.99999999999999,-51.75,-2.987141537818687e-23,nan,13.401000000000002
,0.0,55.0,-46.0,-1.5707963267948963,NO_PATH,1.19620571e-18,0.0,29.99999999999999,-51.75,-2.987141537818687e-23,nan,13.420000000000002
,0.0,55.0,-46.0,-1.5707963267948963,NO_PATH,1.19620571e-18,0.0,29.99999999999999,-51.75,-2.987141537818687e-23,nan,13.440000000000001
,0.0,55.0,-46.0,-1.5707963267948963,NO_PATH,6.09727663e-19,0.0,29.99999999999999,-51.75,-2.987141537818687e-23,nan,13.46
,0.0,55.0,-46.0,-1.5707963267948963,NO_PATH,6.09727663e-19,0.0,29.99999999999999,-51.75,-2.987141537818687e-23,nan,13.48
,0.0,55.0,-46.0,-1.5707963267948963,NO_PATH,6.96287637e-19,0.0,29.99999999999999,-51.75,-2.987141537818687e-23,nan,13.5
,0.0,55.0,-46.0,-1.5707963267948963,NO_PATH,1.06886929e-18,0.0,29.99999999999999,-51.75,-2.987141537818687e-23,nan,13.520000000000001
,0.0,55.0,-46.0,-1.5707963267948963,NO_PATH,1.06886929e-18,0.0,29.99999999999999,-51.75,-2.987141537818687e-23,nan,13.540000000000001
,0.0,55.0,-46.0,-1.5707963267948963,NO_PATH,5.62753232e-19,0.0,29.99999999999999,-51.75,-2.987141537818687e-23,nan,13.56
,0.0,55.0,-46.0,-1.5707963267948963,NO_PATH,4.76258509e-19,0.0,29.99999999999999,-51.75,-2.987141537818687e-23,nan,13.58
,0.0,55.0,-46.0,-1.5707963267948963,NO_PATH,4.75790521e-19,0.0,29.99999999999999,-51.75,-2.987141537818687e-23,nan,13.600000000000001
,0.0,55.0,-46.0,-1.5707963267948963,NO_PATH,4.75790521e-19,0.0,29.99999999999999,-51.75,-2.987141537818687e-23,nan,13.620000000000001
,0.0,55.0,-46.0,-1.5707963267948963,NO_PATH,5.85348772e-19,0.0,29.99999999999999,-51.75,-2.987141537818687e-23,nan,13.64
,0.0,55.0,-46.0,-1.5707963267948963,NO_PATH,7.2296527e-19,0.0,29.99999999999999,-51.75,-2.987141537818687e-23,nan,13.66
,0.0,55.0,-46.0,-1.5707963267948963,NO_PATH,1.48577191e-19,0.0,29.99999999999999,-51.75,-2.987141537818687e-23,nan,13.680000000000001
,0.0,55.0,-46.0,-1.5707963267948963,NO_PATH,1.48577191e-19,0.0,29.99999999999999,-51.75,-2.987141537818687e-23,nan,13.700000000000001
,0.0,55.0,-46.0,-1.5707963267948963,NO_PATH,7.96424522e-20,0.0,29.99999999999999,-51.75,-2.987141537818687e-23,nan,13.72
,0.0,55.0,-46.0,-1.5707963267948963,NO_PATH,1.29388124e-19,0.0,29.99999999999999,-51.75,-2.987141537818687e-23,nan,13.74
,0.0,55.0,-46.0,-1.5707963267948963,NO_PATH,1.29388124e-19,0.0,29.99999999999999,-51.75,-2.987141537818687e-23,nan,13.760000000000002
,0.0,55.0,-46.0,-1.5707963267948963,NO_PATH,3.66524847e-19,0.0,29.99999999999999,-51.75,-2.987141537818687e-23,nan,13.780000000000001
,0.0,55.0,-46.0,-1.5707963267948963,NO_PATH,6.63811412e-19,0.0,29.99999999999999,-51.75,-2.987141537818687e-23,nan,13.8
,0.0,55.0,-46.0,-1.5707963267948963,NO_PATH,-3.47741223e-19,0.0,29.99999999999999,-51.75,-2.987141537818687e-23,nan,13.82
,0.0,55.0,-46.0,-1.5707963267948963,NO_PATH,4.8555001e-19,0.0,29.99999999999999,-51.75,-2.987141537818687e-23,nan,13.840000000000002
,0.0,55.0,-46.0,-1.5707963267948963,NO_PATH,4.69283627e-19,0.0,29.99999999999999,-51.75,-2.987141537818687e-23,nan,13.860000000000001
,0.0,55.0,-46.0,-1.5707963267948963,NO_PATH,8.23959589e-19,0.0,29.99999999999999,-51.75,-2.987141537818687e-23,nan,13.881
,0.0,55.0,-46.0,-1.5707963267948963,NO_PATH,8.23959589e-19,0.0,29.99999999999999,-51.75,-2.987141537818687e-23,nan,13.9
,0.0,55.0,-46.0,-1.5707963267948963,NO_PATH,5.41299856e-19,0.0,29.99999999999999,-51.75,-2.987141537818687e-23,nan,13.920000000000002
,0.0,55.0,-46.0,-1.5707963267948963,NO_PATH,-8.27600709e-19,0.0,29.99999999999999,-51.75,-2.987141537818687e-23,nan,13.941
,0.0,55.0,-46.0,-1.5707963267948963,NO_PATH,8.54360597e-19,0.0,29.99999999999999,-51.75,-2.987141537818687e-23,nan,13.96
,0.0,55.0,-46.0,-1.5707963267948963,NO_PATH,9.52387105e-19,0.0,29.99999999999999,-51.75,-2.987141537818687e-23,nan,13.98
,0.0,55.0,-46.0,-1.5707963267948963,NO_PATH,9.52387105e-19,0.0,29.99999999999999,-51.75,-2.987141537818687e-23,nan,14.0
,0.0,55.0,-46.0,-1.5707963267948963,NO_PATH,5.48835641e-19,0.0,29.99999999999999,-51.75,-2.987141537818687e-23,nan,14.020000000000001
,0.0,55.0,-46.0,-1.5707963267948963,NO_PATH,1.02456809e-18,0.0,29.99999999999999,-51.75,-2.987141537818687e-23,nan,14.040000000000001
,0.0,55.0,-46.0,-1.5707963267948963,NO_PATH,1.02456809e-18,0.0,29.99999999999999,-51.75,-2.987141537818687e-23,nan,14.06
,0.0,55.0,-46.0,-1.5707963267948963,NO_PATH,7.23733175e-19,0.0,29.99999999999999,-51.75,-2.987141537818687e-23,nan,14.08
,0.0,55.0,-46.0,-1.5707963267948963,NO_PATH,-1.88133381e-19,0.0,29.99999999999999,-51.75,-2.987141537818687e-23,nan,14.100000000000001
,0.0,55.0,-46.0,-1.5707963267948963,NO_PATH,4.31766421e-19,0.0,29.99999999999999,-51.75,-2.987141537818687e-23,nan,14.120000000000001
,0.0,55.0,-46.0,-1.5707963267948963,NO_PATH,3.28322532e-19,0.0,29.99999999999999,-51.75,-2.987141537818687e-23,nan,14.141
,0.0,55.0,-46.0,-1.5707963267948963,NO_PATH,1.04830064e-18,0.0,29.99999999999999,-51.75,-2.987141537818687e-23,nan,14.16
,0.0,55.0,-46.0,-1.5707963267948963,NO_PATH,3.22507929e-19,0.0,29.99999999999999,-51.75,-2.987141537818687e-23,nan,14.180000000000001
,0.0,55.0,-46.0,-1.5707963267948963,NO_PATH,4.07389867e-19,0.0,29.99999999999999,-51.75,-2.987141537818687e-23,nan,14.200000000000001
,0.0,55.0,-46.0,-1.5707963267948963,NO_PATH,4.18525834e-19,0.0,29.99999999999999,-51.75,-2.987141537818687e-23,nan,14.221
,0.0,55.0,-46.0,-1.5707963267948963,NO_PATH,4.18525834e-19,0.0,29.99999999999999,-51.75,-2.987141537818687e-23,nan,14.24
,0.0,55.0,-46.0,-1.5707963267948963,NO_PATH,2.92775766e-19,0.0,29.99999999999999,-51.75,-2.987141537818687e-23,nan,14.260000000000002
,0.0,55.0,-46.0,-1.5707963267948963,NO_PATH,8.94202298e-22,0.0,29.99999999999999,-51.75,-2.987141537818687e-23,nan,14.280000000000001
,0.0,55.0,-46.0,-1.5707963267948963,NO_PATH,4.09133104e-19,0.0,29.99999999999999,-51.75,-2.987141537818687e-23,nan,14.3
,0.0,55.0,-46.0,-1.5707963267948963,NO_PATH,3.22591473e-19,0.0,29.99999999999999,-51.75,-2.987141537818687e-23,nan,14.32
,0.0,55.0,-46.0,-1.5707963267948963,NO_PATH,7.83338927e-19,0.0,29.99999999999999,-51.75,-2.987141537818687e-23,nan,14.340000000000002
,0.0,55.0,-46.0,-1.5707963267948963,NO_PATH,4.32263086e-19,0.0,29.99999999999999,-51.75,-2.987141537818687e-23,nan,14.360000000000001
,0.0,55.0,-46.0,-1.5707963267948963,NO_PATH,3.4803704e-19,0.0,29.99999999999999,-51.75,-2.987141537818687e-23,nan,14.38
,0.0,55.0,-46.0,-1.5707963267948963,NO_PATH,1.07322146e-18,0.0,29.99999999999999,-51.75,-2.987141537818687e-23,nan,14.4
,0.0,55.0,-46.0,-1.5707963267948963,NO_PATH,3.30329845e-19,0.0,29.99999999999999,-51.75,-2.987141537818687e-23,nan,14.421000000000001
,0.0,55.0,-46.0,-1.5707963267948963,NO_PATH,9.7747668e-19,0.0,29.99999999999999,-51.75,-2.987141537818687e-23,nan,14.440000000000001
,0.0,55.0,-46.0,-1.5707963267948963,NO_PATH,6.36976886e-19,0.0,29.99999999999999,-51.75,-2.987141537818687e-23,nan,14.46
,0.0,55.0,-46.0,-1.5707963267948963,NO_PATH,4.84409104e-20,0.0,29.99999999999999,-51.75,-2.987141537818687e-23,nan,14.48
,0.0,55.0,-46.0,-1.5707963267948963,NO_PATH,9.66999403e-19,0.0,29.99999999999999,-51.75,-2.987141537818687e-23,nan,14.500000000000002
,0.0,55.0,-46.0,-1.5707963267948963,NO_PATH,9.66999403e-19,0.0,29.99999999999999,-51.75,-2.987141537818687e-23,nan,14.520000000000001
,0.0,55.0,-46.0,-1.5707963267948963,NO_PATH,3.1355462e-19,0.0,29.99999999999999,-51.75,-2.987141537818687e-23,nan,14.540000000000001
,0.0,55.0,-46.0,-1.5707963267948963,NO_PATH,2.78656533e-19,0.0,29.99999999999999,-51.75,-2.987141537818687e-23,nan,14.561000000000002
,0.0,55.0,-46.0,-1.5707963267948963,NO_PATH,3.5446187e-19,0.0,29.99999999999999,-51.75,-2.987141537818687e-23,nan,14.58
,0.0,55.0,-46.0,-1.5707963267948963,NO_PATH,1.7311835e-19,0.0,29.99999999999999,-51.75,-2.987141537818687e-23,nan,14.600000000000001
,0.0,55.0,-46.0,-1.5707963267948963,NO_PATH,3.77609149e-19,0.0,29.99999999999999,-51.75,-2.987141537818687e-23,nan,14.620000000000001
,0.0,55.0,-46.0,-1.5707963267948963,NO_PATH,-4.55942878e-20,0.0,29.99999999999999,-51.75,-2.987141537818687e-23,nan,14.64
,0.0,55.0,-46.0,-1.5707963267948963,NO_PATH,-4.55942878e-20,0.0,29.99999999999999,-51.75,-2.987141537818687e-23,nan,14.66
,0.0,55.0,-46.0,-1.5707963267948963,NO_PATH,-1.7046238e-19,0.0,29.99999999999999,-51.75,-2.987141537818687e-23,nan,14.680000000000001
,0.0,55.0,-46.0,-1.5707963267948963,NO_PATH,7.26533937e-19,0.0,29.99999999999999,-51.75,-2.987141537818687e-23,nan,14.700000000000001
,0.0,55.0,-46.0,-1.5707963267948963,NO_PATH,5.3318344e-19,0.0,29.99999999999999,-51.75,-2.987141537818687e-23,nan,14.72
,0.0,55.0,-46.0,-1.5707963267948963,NO_PATH,4.1114837e-19,0.0,29.99999999999999,-51.75,-2.987141537818687e-23,nan,14.74
,0.0,55.0,-46.0,-1.5707963267948963,NO_PATH,-2.58368924e-19,0.0,29.99999999999999,-51.75,-2.987141537818687e-23,nan,14.760000000000002
,0.0,55.0,-46.0,-1.5707963267948963,NO_PATH,-2.58368924e-19,0.0,29.99999999999999,-51.75,-2.987141537818687e-23,nan,14.780000000000001
,0.0,55.0,-46.0,-1.5707963267948963,NO_PATH,1.13097313e-18,0.0,29.99999999999999,-51.75,-2.987141537818687e-23,nan,14.8
,0.0,55.0,-46.0,-1.5707963267948963,NO_PATH,8.22978719e-19,0.0,29.99999999999999,-51.75,-2.987141537818687e-23,nan,14.82
,0.0,55.0,-46.0,-1.5707963267948963,NO_PATH,4.82197306e-19,0.0,29.99999999999999,-51.75,-2.987141537818687e-23,nan,14.840000000000002
,0.0,55.0,-46.0,-1.5707963267948963,NO_PATH,4.82197306e-19,0.0,29.99999999999999,-51.75,-2.987141537818687e-23,nan,14.860000000000001
,0.0,55.0,-46.0,-1.5707963267948963,NO_PATH,1.2158963e-18,0.0,29.99999999999999,-51.75,-2.987141537818687e-23,nan,14.88
,0.0,55.0,-46.0,-1.5707963267948963,NO_PATH,7.79421882e-20,0.0,29.99999999999999,-51.75,-2.987141537818687e-23,nan,14.901000000000002
,0.0,55.0,-46.0,-1.5707963267948963,NO_PATH,1.06070081e-18,0.0,29.99999999999999,-51.75,-2.987141537818687e-23,nan,14.920000000000002
,0.0,55.0,-46.0,-1.5707963267948963,NO_PATH,1.25980416e-18,0.0,29.99999999999999,-51.75,-2.987141537818687e-23,nan,14.940000000000001
,0.0,55.0,-46.0,-1.5707963267948963,NO_PATH,1.25980416e-18,0.0,29.99999999999999,-51.75,-2.987141537818687e-23,nan,14.96
,0.0,55.0,-46.0,-1.5707963267948963,NO_PATH,2.20348935e-19,0.0,29.99999999999999,-51.75,-2.987141537818687e-23,nan,14.98
,0.0,55.0,-46.0,-1.5707963267948963,NO_PATH,4.28853856e-19,0.0,29.99999999999999,-51.75,-2.987141537818687e-23,nan,15.001000000000001
,0.0,55.0,-46.0,-1.5707963267948963,NO_PATH,2.01743303e-19,0.0,29.99999999999999,-51.75,-2.987141537818687e-23,nan,15.020000000000001
,0.0,55.0,-46.0,-1.5707963267948963,NO_PATH,2.01743303e-19,0.0,29.99999999999999,-51.75,-2.987141537818687e-23,nan,15.040000000000001
,0.0,55.0,-46.0,-1.5707963267948963,NO_PATH,1.97932752e-19,0.0,29.99999999999999,-51.75,-2.987141537818687e-23,nan,15.06
,0.0,55.0,-46.0,-1.5707963267948963,NO_PATH,1.97932752e-19,0.0,29.99999999999999,-51.75,-2.987141537818687e-23,nan,15.08
,0.0,55.0,-46.0,-1.5707963267948963,NO_PATH,4.91956703e-19,0.0,29.99999999999999,-51.75,-2.987141537818687e-23,nan,15.100000000000001
,0.0,55.0,-46.0,-1.5707963267948963,NO_PATH,5.56529243e-19,0.0,29.99999999999999,-51.75,-2.987141537818687e-23,nan,15.120000000000001
,0.0,55.0,-46.0,-1.5707963267948963,NO_PATH,1.16855906e-19,0.0,29.99999999999999,-51.75,-2.987141537818687e-23,nan,15.14
,0.0,55.0,-46.0,-1.5707963267948963,NO_PATH,1.16855906e-19,0.0,29.99999999999999,-51.75,-2.987141537818687e-23,nan,15.16
,0.0,55.0,-46.0,-1.5707963267948963,NO_PATH,4.72553956e-19,0.0,29.99999999999999,-51.75,-2.987141537818687e-23,nan,15.180000000000001
,0.0,55.0,-46.0,-1.5707963267948963,NO_PATH,4.76628245e-19,0.0,29.99999999999999,-51.75,-2.987141537818687e-23,nan,15.200000000000001
,0.0,55.0,-46.0,-1.5707963267948963,NO_PATH,4.76628245e-19,0.0,29.99999999999999,-51.75,-2.987141537818687e-23,nan,15.22
,0.0,55.0,-46.0,-1.5707963267948963,NO_PATH,-2.83091865e-19,0.0,29.99999999999999,-51.75,-2.987141537818687e-23,nan,15.24
,0.0,55.0,-46.0,-1.5707963267948963,NO_PATH,-2.83091865e-19,0.0,29.99999999999999,-51.75,-2.987141537818687e-23,nan,15.260000000000002
,0.0,55.0,-46.0,-1.5707963267948963,NO_PATH,8.58527731e-20,0.0,29.99999999999999,-51.75,-2.987141537818687e-23,nan,15.280000000000001
,0.0,55.0,-46.0,-1.5707963267948963,NO_PATH,8.58527731e-20,0.0,29.99999999999999,-51.75,-2.987141537818687e-23,nan,15.3
,0.0,55.0,-46.0,-1.5707963267948963,NO_PATH,-1.14090581e-19,0.0,29.99999999999999,-51.75,-2.987141537818687e-23,nan,15.32
,0.0,55.0,-46.0,-1.5707963267948963,NO_PATH,3.75903567e-19,0.0,29.99999999999999,-51.75,-2.987141537818687e-23,nan,15.340000000000002
,0.0,55.0,-46.0,-1.5707963267948963,NO_PATH,3.75903567e-19,0.0,29.99999999999999,-51.75,-2.987141537818687e-23,nan,15.360000000000001
,0.0,55.0,-46.0,-1.5707963267948963,NO_PATH,1.13434056e-18,0.0,29.99999999999999,-51.75,-2.987141537818687e-23,nan,15.38
,0.0,55.0,-46.0,-1.5707963267948963,NO_PATH,1.17332899e-18,0.0,29.99999999999999,-51.75,-2.987141537818687e-23,nan,15.4
,0.0,55.0,-46.0,-1.5707963267948963,NO_PATH,-1.33777706e-19,0.0,29.99999999999999,-51.75,-2.987141537818687e-23,nan,15.421000000000001
,0.0,55.0,-46.0,-1.5707963267948963,NO_PATH,9.03818918e-19,0.0,29.99999999999999,-51.75,-2.987141537818687e-23,nan,15.440000000000001
,0.0,55.0,-46.0,-1.5707963267948963,NO_PATH,6.53476024e-19,0.0,29.99999999999999,-51.75,-2.987141537818687e-23,nan,15.46
,0.0,55.0,-46.0,-1.5707963267948963,NO_PATH,5.00937378e-19,0.0,29.99999999999999,-51.75,-2.987141537818687e-23,nan,15.48
,0.0,55.0,-46.0,-1.5707963267948963,NO_PATH,5.00937378e-19,0.0,29.99999999999999,-51.75,-2.987141537818687e-23,nan,15.500000000000002
,0.0,55.0,-46.0,-1.5707963267948963,NO_PATH,3.3562498e-19,0.0,29.99999999999999,-51.75,-2.987141537818687e-23,nan,15.520000000000001
,0.0,55.0,-46.0,-1.5707963267948963,NO_PATH,9.99932323e-19,0.0,29.99999999999999,-51.75,-2.987141537818687e-23,nan,15.540000000000001
,0.0,55.0,-46.0,-1.5707963267948963,NO_PATH,9.99932323e-19,0.0,29.99999999999999,-51.75,-2.987141537818687e-23,nan,15.56
,0.0,55.0,-46.0,-1.5707963267948963,NO_PATH,-2.22550886e-20,0.0,29.99999999999999,-51.75,-2.987141537818687e-23,nan,15.580000000000002
,0.0,55.0,-46.0,-1.5707963267948963,NO_PATH,3.20413352e-19,0.0,29.99999999999999,-51.75,-2.987141537818687e-23,nan,15.600000000000001
,0.0,55.0,-46.0,-1.5707963267948963,NO_PATH,-4.08026204e-19,0.0,29.99999999999999,-51.75,-2.987141537818687e-23,nan,15.620000000000001
,0.0,55.0,-46.0,-1.5707963267948963,NO_PATH,2.35485475e-19,0.0,29.99999999999999,-51.75,-2.987141537818687e-23,nan,15.64
,0.0,55.0,-46.0,-1.5707963267948963,NO_PATH,2.35485475e-19,0.0,29.99999999999999,-51.75,-2.987141537818687e-23,nan,15.66
,0.0,55.0,-46.0,-1.5707963267948963,NO_PATH,6.27583826e-19,0.0,29.99999999999999,-51.75,-2.987141537818687e-23,nan,15.680000000000001
,0.0,55.0,-46.0,-1.5707963267948963,NO_PATH,1.17119475e-18,0.0,29.99999999999999,-51.75,-2.987141537818687e-23,nan,15.701
,0.0,55.0,-46.0,-1.5707963267948963,NO_PATH,7.41584474e-19,0.0,29.99999999999999,-51.75,-2.987141537818687e-23,nan,15.72
,0.0,55.0,-46.0,-1.5707963267948963,NO_PATH,7.41584474e-19,0.0,29.99999999999999,-51.75,-2.987141537818687e-23,nan,15.74
,0.0,55.0,-46.0,-1.5707963267948963,NO_PATH,5.92224735e-19,0.0,29.99999999999999,-51.75,-2.987141537818687e-23,nan,15.760000000000002
,0.0,55.0,-46.0,-1.5707963267948963,NO_PATH,3.64991883e-19,0.0,29.99999999999999,-51.75,-2.987141537818687e-23,nan,15.780000000000001
,0.0,55.0,-46.0,-1.5707963267948963,NO_PATH,1.96140574e-19,0.0,29.99999999999999,-51.75,-2.987141537818687e-23,nan,15.801
,0.0,55.0,-46.0,-1.5707963267948963,NO_PATH,1.96140574e-19,0.0,29.99999999999999,-51.75,-2.987141537818687e-23,nan,15.82
,0.0,55.0,-46.0,-1.5707963267948963,NO_PATH,7.60650003e-19,0.0,29.99999999999999,-51.75,-2.987141537818687e-23,nan,15.840000000000002
,0.0,55.0,-46.0,-1.5707963267948963,NO_PATH,7.3060146e-19,0.0,29.99999999999999,-51.75,-2.987141537818687e-23,nan,15.860000000000001
,0.0,55.0,-46.0,-1.5707963267948963,NO_PATH,-3.5571308e-20,0.0,29.99999999999999,-51.75,-2.987141537818687e-23,nan,15.88
,0.0,55.0,-46.0,-1.5707963267948963,NO_PATH,-1.53974951e-19,0.0,29.99999999999999,-51.75,-2.987141537818687e-23,nan,15.901000000000002
,0.0,55.0,-46.0,-1.5707963267948963,NO_PATH,-1.53974951e-19,0.0,29.99999999999999,-51.75,-2.987141537818687e-23,nan,15.921000000000001
,0.0,55.0,-46.0,-1.5707963267948963,NO_PATH,9.89569925e-19,0.0,29.99999999999999,-51.75,-2.987141537818687e-23,nan,15.940000000000001
,0.0,55.0,-46.0,-1.5707963267948963,NO_PATH,9.89569925e-19,0.0,29.99999999999999,-51.75,-2.987141537818687e-23,nan,15.96
,0.0,55.0,-46.0,-1.5707963267948963,NO_PATH,9.52560019e-19,0.0,29.99999999999999,-51.75,-2.987141537818687e-23,nan,15.98
,0.0,55.0,-46.0,-1.5707963267948963,NO_PATH,9.52560019e-19,0.0,29.99999999999999,-51.75,-2.987141537818687e-23,nan,16.0
,0.0,55.0,-46.0,-1.5707963267948963,NO_PATH,1.91455144e-19,0.0,29.99999999999999,-51.75,-2.987141537818687e-23,nan,16.02
,0.0,55.0,-46.0,-1.5707963267948963,NO_PATH,2.20409536e-20,0.0,29.99999999999999,-51.75,-2.987141537818687e-23,nan,16.040000000000003
,0.0,55.0,-46.0,-1.5707963267948963,NO_PATH,2.20409536e-20,0.0,29.99999999999999,-51.75,-2.987141537818687e-23,nan,16.060000000000002
,0.0,55.0,-46.0,-1.5707963267948963,NO_PATH,7.16723407e-19,0.0,29.99999999999999,-51.75,-2.987141537818687e-23,nan,16.080000000000002
,0.0,55.0,-46.0,-1.5707963267948963,NO_PATH,2.19921019e-19,0.0,29.99999999999999,-51.75,-2.987141537818687e-23,nan,16.1
,0.0,55.0,-46.0,-1.5707963267948963,NO_PATH,2.19921019e-19,0.0,29.99999999999999,-51.75,-2.987141537818687e-23,nan,16.12
,0.0,55.0,-46.0,-1.5707963267948963,NO_PATH,8.28068411e-19,0.0,29.99999999999999,-51.75,-2.987141537818687e-23,nan,16.14
,0.0,55.0,-46.0,-1.5707963267948963,NO_PATH,6.44208378e-19,0.0,29.99999999999999,-51.75,-2.987141537818687e-23,nan,16.16
,0.0,55.0,-46.0,-1.5707963267948963,NO_PATH,8.7168992e-19,0.0,29.99999999999999,-51.75,-2.987141537818687e-23,nan,16.18
,0.0,55.0,-46.0,-1.5707963267948963,NO_PATH,1.51166926e-19,0.0,29.99999999999999,-51.75,-2.987141537818687e-23,nan,16.2
,0.0,55.0,-46.0,-1.5707963267948963,NO_PATH,1.15220462e-18,0.0,29.99999999999999,-51.75,-2.987141537818687e-23,nan,16.220000000000002
,0.0,55.0,-46.0,-1.5707963267948963,NO_PATH,1.15220462e-18,0.0,29.99999999999999,-51.75,-2.987141537818687e-23,nan,16.240000000000002
,0.0,55.0,-46.0,-1.5707963267948963,NO_PATH,4.20458841e-19,0.0,29.99999999999999,-51.75,-2.987141537818687e-23,nan,16.26
,0.0,55.0,-46.0,-1.5707963267948963,NO_PATH,9.02910794e-19,0.0,29.99999999999999,-51.75,-2.987141537818687e-23,nan,16.28
,0.0,55.0,-46.0,-1.5707963267948963,NO_PATH,6.90137216e-19,0.0,29.99999999999999,-51.75,-2.987141537818687e-23,nan,16.3
,0.0,55.0,-46.0,-1.5707963267948963,NO_PATH,7.53249624e-20,0.0,29.99999999999999,-51.75,-2.987141537818687e-23,nan,16.32
,0.0,55.0,-46.0,-1.5707963267948963,NO_PATH,7.53249624e-20,0.0,29.99999999999999,-51.75,-2.987141537818687e-23,nan,16.34
,0.0,55.0,-46.0,-1.5707963267948963,NO_PATH,5.67050025e-19,0.0,29.99999999999999,-51.75,-2.987141537818687e-23,nan,16.36
,0.0,55.0,-46.0,-1.5707963267948963,NO_PATH,5.67050025e-19,0.0,29.99999999999999,-51.75,-2.987141537818687e-23,nan,16.380000000000003
,0.0,55.0,-46.0,-1.5707963267948963,NO_PATH,6.40258358e-19,0.0,29.99999999999999,-51.75,-2.987141537818687e-23,nan,16.400000000000002
,0.0,55.0,-46.0,-1.5707963267948963,NO_PATH,5.39582807e-19,0.0,29.99999999999999,-51.75,-2.987141537818687e-23,nan,16.42
,0.0,55.0,-46.0,-1.5707963267948963,NO_PATH,5.12644428e-19,0.0,29.99999999999999,-51.75,-2.987141537818687e-23,nan,16.441000000000003
,0.0,55.0,-46.0,-1.5707963267948963,NO_PATH,5.12644428e-19,0.0,29.99999999999999,-51.75,-2.987141537818687e-23,nan,16.46
,0.0,55.0,-46.0,-1.5707963267948963,NO_PATH,3.34400826e-19,0.0,29.99999999999999,-51.75,-2.987141537818687e-23,nan,16.48
,0.0,55.0,-46.0,-1.5707963267948963,NO_PATH,3.27662522e-19,0.0,29.99999999999999,-51.75,-2.987141537818687e-23,nan,16.5
,0.0,55.0,-46.0,-1.5707963267948963,NO_PATH,3.27662522e-19,0.0,29.99999999999999,-51.75,-2.987141537818687e-23,nan,16.52
,0.0,55.0,-46.0,-1.5707963267948963,NO_PATH,6.20234274e-19,0.0,29.99999999999999,-51.75,-2.987141537818687e-23,nan,16.540000000000003
,0.0,55.0,-46.0,-1.5707963267948963,NO_PATH,1.02075898e-18,0.0,29.99999999999999,-51.75,-2.987141537818687e-23,nan,16.560000000000002
,0.0,55.0,-46.0,-1.5707963267948963,NO_PATH,9.89901468e-19,0.0,29.99999999999999,-51.75,-2.987141537818687e-23,nan,16.580000000000002
,0.0,55.0,-46.0,-1.5707963267948963,NO_PATH,9.89901468e-19,0.0,29.99999999999999,-51.75,-2.987141537818687e-23,nan,16.6
,0.0,55.0,-46.0,-1.5707963267948963,NO_PATH,3.38265363e-19,0.0,29.99999999999999,-51.75,-2.987141537818687e-23,nan,16.62
,0.0,55.0,-46.0,-1.5707963267948963,NO_PATH,7.10729296e-19,0.0,29.99999999999999,-51.75,-2.987141537818687e-23,nan,16.64
,0.0,55.0,-46.0,-1.5707963267948963,NO_PATH,3.4139213e-19,0.0,29.99999999999999,-51.75,-2.987141537818687e-23,nan,16.66
,0.0,55.0,-46.0,-1.5707963267948963,NO_PATH,3.4139213e-19,0.0,29.99999999999999,-51.75,-2.987141537818687e-23,nan,16.68
,0.0,55.0,-46.0,-1.5707963267948963,NO_PATH,8.77774734e-19,0.0,29.99999999999999,-51.75,-2.987141537818687e-23,nan,16.701
,0.0,55.0,-46.0,-1.5707963267948963,NO_PATH,8.77774734e-19,0.0,29.99999999999999,-51.75,-2.987141537818687e-23,nan,16.720000000000002
,0.0,55.0,-46.0,-1.5707963267948963,NO_PATH,1.78168975e-19,0.0,29.99999999999999,-51.75,-2.987141537818687e-23,nan,16.740000000000002
,0.0,55.0,-46.0,-1.5707963267948963,NO_PATH,-1.24468162e-19,0.0,29.99999999999999,-51.75,-2.987141537818687e-23,nan,16.76
,0.0,55.0,-46.0,-1.5707963267948963,NO_PATH,2.4245767e-19,0.0,29.99999999999999,-51.75,-2.987141537818687e-23,nan,16.78
,0.0,55.0,-46.0,-1.5707963267948963,NO_PATH,2.4245767e-19,0.0,29.99999999999999,-51.75,-2.987141537818687e-23,nan,16.8
,0.0,55.0,-46.0,-1.5707963267948963,NO_PATH,7.82922787e-19,0.0,29.99999999999999,-51.75,-2.987141537818687e-23,nan,16.82
,0.0,55.0,-46.0,-1.5707963267948963,NO_PATH,-6.69637737e-19,0.0,29.99999999999999,-51.75,-2.987141537818687e-23,nan,16.841
,0.0,55.0,-46.0,-1.5707963267948963,NO_PATH,5.92722414e-19,0.0,29.99999999999999,-51.75,-2.987141537818687e-23,nan,16.86
,0.0,55.0,-46.0,-1.5707963267948963,NO_PATH,8.98546817e-19,0.0,29.99999999999999,-51.75,-2.987141537818687e-23,nan,16.880000000000003
,0.0,55.0,-46.0,-1.5707963267948963,NO_PATH,8.63595342e-19,0.0,29.99999999999999,-51.75,-2.987141537818687e-23,nan,16.900000000000002
,0.0,55.0,-46.0,-1.5707963267948963,NO_PATH,9.95253503e-19,0.0,29.99999999999999,-51.75,-2.987141537818687e-23,nan,16.92
,0.0,55.0,-46.0,-1.5707963267948963,NO_PATH,6.35405983e-19,0.0,29.99999999999999,-51.75,-2.987141537818687e-23,nan,16.94
,0.0,55.0,-46.0,-1.5707963267948963,NO_PATH,8.5048039e-19,0.0,29.99999999999999,-51.75,-2.987141537818687e-23,nan,16.96
,0.0,55.0,-46.0,-1.5707963267948963,NO_PATH,7.53590444e-19,0.0,29.99999999999999,-51.75,-2.987141537818687e-23,nan,16.98
,0.0,55.0,-46.0,-1.5707963267948963,NO_PATH,7.53590444e-19,0.0,29.99999999999999,-51.75,-2.987141537818687e-23,nan,17.0
,0.0,55.0,-46.0,-1.5707963267948963,NO_PATH,6.25061662e-19,0.0,29.99999999999999,-51.75,-2.987141537818687e-23,nan,17.02
,0.0,55.0,-46.0,-1.5707963267948963,NO_PATH,2.44810417e-19,0.0,29.99999999999999,-51.75,-2.987141537818687e-23,nan,17.040000000000003
,0.0,55.0,-46.0,-1.5707963267948963,NO_PATH,6.72547677e-19,0.0,29.99999999999999,-51.75,-2.987141537818687e-23,nan,17.061
,0.0,55.0,-46.0,-1.5707963267948963,NO_PATH,6.12409276e-19,0.0,29.99999999999999,-51.75,-2.987141537818687e-23,nan,17.080000000000002
,0.0,55.0,-46.0,-1.5707963267948963,NO_PATH,2.59564851e-19,0.0,29.99999999999999,-51.75,-2.987141537818687e-23,nan,17.1
,0.0,55.0,-46.0,-1.5707963267948963,NO_PATH,2.59564851e-19,0.0,29.99999999999999,-51.75,-2.987141537818687e-23,nan,17.12
,0.0,55.0,-46.0,-1.5707963267948963,NO_PATH,8.15761961e-19,0.0,29.99999999999999,-51.75,-2.987141537818687e-23,nan,17.14
,0.0,55.0,-46.0,-1.5707963267948963,NO_PATH,3.95009772e-19,0.0,29.99999999999999,-51.75,-2.987141537818687e-23,nan,17.16
,0.0,55.0,-46.0,-1.5707963267948963,NO_PATH,1.04121586e-18,0.0,29.99999999999999,-51.75,-2.987141537818687e-23,nan,17.18
,0.0,55.0,-46.0,-1.5707963267948963,NO_PATH,1.15687658e-19,0.0,29.99999999999999,-51.75,-2.987141537818687e-23,nan,17.200000000000003
,0.0,55.0,-46.0,-1.5707963267948963,NO_PATH,2.95577126e-19,0.0,29.99999999999999,-51.75,-2.987141537818687e-23,nan,17.220000000000002
,0.0,55.0,-46.0,-1.5707963267948963,NO_PATH,-6.14734143e-20,0.0,29.99999999999999,-51.75,-2.987141537818687e-23,nan,17.240000000000002
,0.0,55.0,-46.0,-1.5707963267948963,NO_PATH,3.1126983e-19,0.0,29.99999999999999,-51.75,-2.987141537818687e-23,nan,17.26
,0.0,55.0,-46.0,-1.5707963267948963,NO_PATH,2.72838832e-20,0.0,29.99999999999999,-51.75,-2.987141537818687e-23,nan,17.28
,0.0,55.0,-46.0,-1.5707963267948963,NO_PATH,2.72768087e-19,0.0,29.99999999999999,-51.75,-2.987141537818687e-23,nan,17.3
,0.0,55.0,-46.0,-1.5707963267948963,NO_PATH,-2.978434e-19,0.0,29.99999999999999,-51.75,-2.987141537818687e-23,nan,17.32
,0.0,55.0,-46.0,-1.5707963267948963,NO_PATH,-2.978434e-19,0.0,29.99999999999999,-51.75,-2.987141537818687e-23,nan,17.34
,0.0,55.0,-46.0,-1.5707963267948963,NO_PATH,1.40355673e-18,0.0,29.99999999999999,-51.75,-2.987141537818687e-23,nan,17.36
,0.0,55.0,-46.0,-1.5707963267948963,NO_PATH,7.69650577e-19,0.0,29.99999999999999,-51.75,-2.987141537818687e-23,nan,17.380000000000003
,0.0,55.0,-46.0,-1.5707963267948963,NO_PATH,7.69650577e-19,0.0,29.99999999999999,-51.75,-2.987141537818687e-23,nan,17.400000000000002
,0.0,55.0,-46.0,-1.5707963267948963,NO_PATH,4.23300122e-19,0.0,29.99999999999999,-51.75,-2.987141537818687e-23,nan,17.42
,0.0,55.0,-46.0,-1.5707963267948963,NO_PATH,4.23300122e-19,0.0,29.99999999999999,-51.75,-2.987141537818687e-23,nan,17.44
,0.0,55.0,-46.0,-1.5707963267948963,NO_PATH,9.21780158e-19,0.0,29.99999999999999,-51.75,-2.987141537818687e-23,nan,17.46
,0.0,55.0,-46.0,-1.5707963267948963,NO_PATH,1.41072417e-19,0.0,29.99999999999999,-51.75,-2.987141537818687e-23,nan,17.48
,0.0,55.0,-46.0,-1.5707963267948963,NO_PATH,7.83889869e-19,0.0,29.99999999999999,-51.75,-2.987141537818687e-23,nan,17.5
,0.0,55.0,-46.0,-1.5707963267948963,NO_PATH,-2.60938711e-19,0.0,29.99999999999999,-51.75,-2.987141537818687e-23,nan,17.52
,0.0,55.0,-46.0,-1.5707963267948963,NO_PATH,2.38438023e-19,0.0,29.99999999999999,-51.75,-2.987141537818687e-23,nan,17.540000000000003
,0.0,55.0,-46.0,-1.5707963267948963,NO_PATH,2.38438023e-19,0.0,29.99999999999999,-51.75,-2.987141537818687e-23,nan,17.560000000000002
,0.0,55.0,-46.0,-1.5707963267948963,NO_PATH,6.26605808e-20,0.0,29.99999999999999,-51.75,-2.987141537818687e-23,nan,17.580000000000002
,0.0,55.0,-46.0,-1.5707963267948963,NO_PATH,4.47762628e-19,0.0,29.99999999999999,-51.75,-2.987141537818687e-23,nan,17.6
,0.0,55.0,-46.0,-1.5707963267948963,NO_PATH,7.58851568e-19,0.0,29.99999999999999,-51.75,-2.987141537818687e-23,nan,17.62
,0.0,55.0,-46.0,-1.5707963267948963,NO_PATH,7.58851568e-19,0.0,29.99999999999999,-51.75,-2.987141537818687e-23,nan,17.64
,0.0,55.0,-46.0,-1.5707963267948963,NO_PATH,1.11516613e-18,0.0,29.99999999999999,-51.75,-2.987141537818687e-23,nan,17.66
,0.0,55.0,-46.0,-1.5707963267948963,NO_PATH,9.86668281e-19,0.0,29.99999999999999,-51.75,-2.987141537818687e-23,nan,17.68
,0.0,55.0,-46.0,-1.5707963267948963,NO_PATH,9.86668281e-19,0.0,29.99999999999999,-51.75,-2.987141537818687e-23,nan,17.700000000000003
,0.0,55.0,-46.0,-1.5707963267948963,NO_PATH,2.62579548e-19,0.0,29.99999999999999,-51.75,-2.987141537818687e-23,nan,17.720000000000002
,0.0,55.0,-46.0,-1.5707963267948963,NO_PATH,9.95852041e-19,0.0,29.99999999999999,-51.75,-2.987141537818687e-23,nan,17.740000000000002
,0.0,55.0,-46.0,-1.5707963267948963,NO_PATH,9.95852041e-19,0.0,29.99999999999999,-51.75,-2.987141537818687e-23,nan,17.76
,0.0,55.0,-46.0,-1.5707963267948963,NO_PATH,6.76276306e-19,0.0,29.99999999999999,-51.75,-2.987141537818687e-23,nan,17.78
,0.0,55.0,-46.0,-1.5707963267948963,NO_PATH,-1.35959162e-19,0.0,29.99999999999999,-51.75,-2.987141537818687e-23,nan,17.8
,0.0,55.0,-46.0,-1.5707963267948963,NO_PATH,3.16682183e-19,0.0,29.99999999999999,-51.75,-2.987141537818687e-23,nan,17.82
,0.0,55.0,-46.0,-1.5707963267948963,NO_PATH,-4.31489327e-19,0.0,29.99999999999999,-51.75,-2.987141537818687e-23,nan,17.84
,0.0,55.0,-46.0,-1.5707963267948963,NO_PATH,8.61860871e-19,0.0,29.99999999999999,-51.75,-2.987141537818687e-23,nan,17.86
,0.0,55.0,-46.0,-1.5707963267948963,NO_PATH,-1.1454639e-19,0.0,29.99999999999999,-51.75,-2.987141537818687e-23,nan,17.880000000000003
,0.0,55.0,-46.0,-1.5707963267948963,NO_PATH,5.5491408e-19,0.0,29.99999999999999,-51.75,-2.987141537818687e-23,nan,17.900000000000002
,0.0,55.0,-46.0,-1.5707963267948963,NO_PATH,3.01921244e-19,0.0,29.99999999999999,-51.75,-2.987141537818687e-23,nan,17.92
,0.0,55.0,-46.0,-1.5707963267948963,NO_PATH,3.01921244e-19,0.0,29.99999999999999,-51.75,-2.987141537818687e-23,nan,17.94
,0.0,55.0,-46.0,-1.5707963267948963,NO_PATH,1.05921916e-18,0.0,29.99999999999999,-51.75,-2.987141537818687e-23,nan,17.96
,0.0,55.0,-46.0,-1.5707963267948963,NO_PATH,-2.40211087e-19,0.0,29.99999999999999,-51.75,-2.987141537818687e-23,nan,17.98
,0.0,55.0,-46.0,-1.5707963267948963,NO_PATH,-3.42886752e-20,0.0,29.99999999999999,-51.75,-2.987141537818687e-23,nan,18.0
,0.0,55.0,-46.0,-1.5707963267948963,NO_PATH,6.88283725e-19,0.0,29.99999999999999,-51.75,-2.987141537818687e-23,nan,18.02
,0.0,55.0,-46.0,-1.5707963267948963,NO_PATH,1.55249619e-20,0.0,29.99999999999999,-51.75,-2.987141537818687e-23,nan,18.040000000000003
,0.0,55.0,-46.0,-1.5707963267948963,NO_PATH,9.04660013e-19,0.0,29.99999999999999,-51.75,-2.987141537818687e-23,nan,18.060000000000002
,0.0,55.0,-46.0,-1.5707963267948963,NO_PATH,9.04660013e-19,0.0,29.99999999999999,-51.75,-2.987141537818687e-23,nan,18.080000000000002
,0.0,55.0,-46.0,-1.5707963267948963,NO_PATH,4.39926173e-19,0.0,29.99999999999999,-51.75,-2.987141537818687e-23,nan,18.1
,0.0,55.0,-46.0,-1.5707963267948963,NO_PATH,5.27833022e-19,0.0,29.99999999999999,-51.75,-2.987141537818687e-23,nan,18.121000000000002
,0.0,55.0,-46.0,-1.5707963267948963,NO_PATH,2.5989002e-19,0.0,29.99999999999999,-51.75,-2.987141537818687e-23,nan,18.14
,0.0,55.0,-46.0,-1.5707963267948963,NO_PATH,2.5989002e-19,0.0,29.99999999999999,-51.75,-2.987141537818687e-23,nan,18.16
,0.0,55.0,-46.0,-1.5707963267948963,NO_PATH,2.66985176e-19,0.0,29.99999999999999,-51.75,-2.987141537818687e-23,nan,18.18
,0.0,55.0,-46.0,-1.5707963267948963,NO_PATH,5.68748667e-20,0.0,29.99999999999999,-51.75,-2.987141537818687e-23,nan,18.200000000000003
,0.0,55.0,-46.0,-1.5707963267948963,NO_PATH,5.68748667e-20,0.0,29.99999999999999,-51.75,-2.987141537818687e-23,nan,18.220000000000002
,0.0,55.0,-46.0,-1.5707963267948963,NO_PATH,5.15828433e-19,0.0,29.99999999999999,-51.75,-2.987141537818687e-23,nan,18.240000000000002
,0.0,55.0,-46.0,-1.5707963267948963,NO_PATH,5.78514524e-19,0.0,29.99999999999999,-51.75,-2.987141537818687e-23,nan,18.26
,0.0,55.0,-46.0,-1.5707963267948963,NO_PATH,5.78514524e-19,0.0,29.99999999999999,-51.75,-2.987141537818687e-23,nan,18.28
,0.0,55.0,-46.0,-1.5707963267948963,NO_PATH,4.87373819e-19,0.0,29.99999999999999,-51.75,-2.987141537818687e-23,nan,18.3
,0.0,55.0,-46.0,-1.5707963267948963,NO_PATH,4.87373819e-19,0.0,29.99999999999999,-51.75,-2.987141537818687e-23,nan,18.32
,0.0,55.0,-46.0,-1.5707963267948963,NO_PATH,5.89399074e-19,0.0,29.99999999999999,-51.75,-2.987141537818687e-23,nan,18.34
,0.0,55.0,-46.0,-1.5707963267948963,NO_PATH,3.20273796e-19,0.0,29.99999999999999,-51.75,-2.987141537818687e-23,nan,18.36
,0.0,55.0,-46.0,-1.5707963267948963,NO_PATH,5.09146365e-19,0.0,29.99999999999999,-51.75,-2.987141537818687e-23,nan,18.380000000000003
,0.0,55.0,-46.0,-1.5707963267948963,NO_PATH,3.21161247e-19,0.0,29.99999999999999,-51.75,-2.987141537818687e-23,nan,18.400000000000002
,0.0,55.0,-46.0,-1.5707963267948963,NO_PATH,7.84951782e-19,0.0,29.99999999999999,-51.75,-2.987141537818687e-23,nan,18.42
,0.0,55.0,-46.0,-1.5707963267948963,NO_PATH,-6.91534403e-20,0.0,29.99999999999999,-51.75,-2.987141537818687e-23,nan,18.44
,0.0,55.0,-46.0,-1.5707963267948963,NO_PATH,-2.07483279e-19,0.0,29.99999999999999,-51.75,-2.987141537818687e-23,nan,18.461000000000002
,0.0,55.0,-46.0,-1.5707963267948963,NO_PATH,-2.07483279e-19,0.0,29.99999999999999,-51.75,-2.987141537818687e-23,nan,18.48
,0.0,55.0,-46.0,-1.5707963267948963,NO_PATH,8.45447053e-19,0.0,29.99999999999999,-51.75,-2.987141537818687e-23,nan,18.5
,0.0,55.0,-46.0,-1.5707963267948963,NO_PATH,9.422983e-19,0.0,29.99999999999999,-51.75,-2.987141537818687e-23,nan,18.52
,0.0,55.0,-46.0,-1.5707963267948963,NO_PATH,5.80262341e-19,0.0,29.99999999999999,-51.75,-2.987141537818687e-23,nan,18.540000000000003
,0.0,55.0,-46.0,-1.5707963267948963,NO_PATH,5.80262341e-19,0.0,29.99999999999999,-51.75,-2.987141537818687e-23,nan,18.560000000000002
,0.0,55.0,-46.0,-1.5707963267948963,NO_PATH,3.40103823e-19,0.0,29.99999999999999,-51.75,-2.987141537818687e-23,nan,18.580000000000002
,0.0,55.0,-46.0,-1.5707963267948963,NO_PATH,3.40103823e-19,0.0,29.99999999999999,-51.75,-2.987141537818687e-23,nan,18.6
,0.0,55.0,-46.0,-1.5707963267948963,NO_PATH,-4.93563208e-20,0.0,29.99999999999999,-51.75,-2.987141537818687e-23,nan,18.62
,0.0,55.0,-46.0,-1.5707963267948963,NO_PATH,2.41234848e-19,0.0,29.99999999999999,-51.75,-2.987141537818687e-23,nan,18.64
,0.0,55.0,-46.0,-1.5707963267948963,NO_PATH,5.12025391e-19,0.0,29.99999999999999,-51.75,-2.987141537818687e-23,nan,18.66
,0.0,55.0,-46.0,-1.5707963267948963,NO_PATH,4.13818522e-19,0.0,29.99999999999999,-51.75,-2.987141537818687e-23,nan,18.68
,0.0,55.0,-46.0,-1.5707963267948963,NO_PATH,4.13818522e-19,0.0,29.99999999999999,-51.75,-2.987141537818687e-23,nan,18.700000000000003
,0.0,55.0,-46.0,-1.5707963267948963,NO_PATH,6.69963044e-19,0.0,29.99999999999999,-51.75,-2.987141537818687e-23,nan,18.724
,0.0,55.0,-46.0,-1.5707963267948963,NO_PATH,4.96096081e-19,0.0,29.99999999999999,-51.75,-2.987141537818687e-23,nan,18.740000000000002
,0.0,55.0,-46.0,-1.5707963267948963,NO_PATH,1.5885417e-18,0.0,29.99999999999999,-51.75,-2.987141537818687e-23,nan,18.76
,0.0,55.0,-46.0,-1.5707963267948963,NO_PATH,3.81905957e-19,0.0,29.99999999999999,-51.75,-2.987141537818687e-23,nan,18.78
,0.0,55.0,-46.0,-1.5707963267948963,NO_PATH,4.28361144e-19,0.0,29.99999999999999,-51.75,-2.987141537818687e-23,nan,18.8
,0.0,55.0,-46.0,-1.5707963267948963,NO_PATH,4.75609241e-19,0.0,29.99999999999999,-51.75,-2.987141537818687e-23,nan,18.82
,0.0,55.0,-46.0,-1.5707963267948963,NO_PATH,4.75609241e-19,0.0,29.99999999999999,-51.75,-2.987141537818687e-23,nan,18.84
,0.0,55.0,-46.0,-1.5707963267948963,NO_PATH,-3.90942941e-19,0.0,29.99999999999999,-51.75,-2.987141537818687e-23,nan,18.86
,0.0,55.0,-46.0,-1.5707963267948963,NO_PATH,1.10773767e-18,0.0,29.99999999999999,-51.75,-2.987141537818687e-23,nan,18.880000000000003
,0.0,55.0,-46.0,-1.5707963267948963,NO_PATH,7.19972705e-19,0.0,29.99999999999999,-51.75,-2.987141537818687e-23,nan,18.900000000000002
,0.0,55.0,-46.0,-1.5707963267948963,NO_PATH,5.54945766e-20,0.0,29.99999999999999,-51.75,-2.987141537818687e-23,nan,18.92
,0.0,55.0,-46.0,-1.5707963267948963,NO_PATH,-2.0917786e-19,0.0,29.99999999999999,-51.75,-2.987141537818687e-23,nan,18.94
,0.0,55.0,-46.0,-1.5707963267948963,NO_PATH,-2.0917786e-19,0.0,29.99999999999999,-51.75,-2.987141537818687e-23,nan,18.96
,0.0,55.0,-46.0,-1.5707963267948963,NO_PATH,1.86823608e-19,0.0,29.99999999999999,-51.75,-2.987141537818687e-23,nan,18.98
,0.0,55.0,-46.0,-1.5707963267948963,NO_PATH,3.1057831e-19,0.0,29.99999999999999,-51.75,-2.987141537818687e-23,nan,19.0
,0.0,55.0,-46.0,-1.5707963267948963,NO_PATH,3.1057831e-19,0.0,29.99999999999999,-51.75,-2.987141537818687e-23,nan,19.02
,0.0,55.0,-46.0,-1.5707963267948963,NO_PATH,4.07449299e-19,0.0,29.99999999999999,-51.75,-2.987141537818687e-23,nan,19.040000000000003
,0.0,55.0,-46.0,-1.5707963267948963,NO_PATH,1.21970881e-18,0.0,29.99999999999999,-51.75,-2.987141537818687e-23,nan,19.060000000000002
,0.0,55.0,-46.0,-1.5707963267948963,NO_PATH,1.21982949e-19,0.0,29.99999999999999,-51.75,-2.987141537818687e-23,nan,19.080000000000002
,0.0,55.0,-46.0,-1.5707963267948963,NO_PATH,9.80458383e-19,0.0,29.99999999999999,-51.75,-2.987141537818687e-23,nan,19.1
,0.0,55.0,-46.0,-1.5707963267948963,NO_PATH,3.74640255e-20,0.0,29.99999999999999,-51.75,-2.987141537818687e-23,nan,19.12
,0.0,55.0,-46.0,-1.5707963267948963,NO_PATH,3.78061472e-19,0.0,29.99999999999999,-51.75,-2.987141537818687e-23,nan,19.14
,0.0,55.0,-46.0,-1.5707963267948963,NO_PATH,6.60608231e-19,0.0,29.99999999999999,-51.75,-2.987141537818687e-23,nan,19.16
,0.0,55.0,-46.0,-1.5707963267948963,NO_PATH,6.60608231e-19,0.0,29.99999999999999,-51.75,-2.987141537818687e-23,nan,19.18
,0.0,55.0,-46.0,-1.5707963267948963,NO_PATH,7.12937716e-19,0.0,29.99999999999999,-51.75,-2.987141537818687e-23,nan,19.200000000000003
,0.0,55.0,-46.0,-1.5707963267948963,NO_PATH,2.92540029e-19,0.0,29.99999999999999,-51.75,-2.987141537818687e-23,nan,19.220000000000002
,0.0,55.0,-46.0,-1.5707963267948963,NO_PATH,3.55405676e-19,0.0,29.99999999999999,-51.75,-2.987141537818687e-23,nan,19.240000000000002
,0.0,55.0,-46.0,-1.5707963267948963,NO_PATH,3.55405676e-19,0.0,29.99999999999999,-51.75,-2.987141537818687e-23,nan,19.26
,0.0,55.0,-46.0,-1.5707963267948963,NO_PATH,2.7894193e-19,0.0,29.99999999999999,-51.75,-2.987141537818687e-23,nan,19.28
,0.0,55.0,-46.0,-1.5707963267948963,NO_PATH,2.7894193e-19,0.0,29.99999999999999,-51.75,-2.987141537818687e-23,nan,19.3
,0.0,55.0,-46.0,-1.5707963267948963,NO_PATH,4.47702933e-19,0.0,29.99999999999999,-51.75,-2.987141537818687e-23,nan,19.32
,0.0,55.0,-46.0,-1.5707963267948963,NO_PATH,7.46609134e-19,0.0,29.99999999999999,-51.75,-2.987141537818687e-23,nan,19.34
,0.0,55.0,-46.0,-1.5707963267948963,NO_PATH,7.62700228e-19,0.0,29.99999999999999,-51.75,-2.987141537818687e-23,nan,19.36
,0.0,55.0,-46.0,-1.5707963267948963,NO_PATH,6.1613942e-19,0.0,29.99999999999999,-51.75,-2.987141537818687e-23,nan,19.380000000000003
,0.0,55.0,-46.0,-1.5707963267948963,NO_PATH,4.98604955e-19,0.0,29.99999999999999,-51.75,-2.987141537818687e-23,nan,19.401
,0.0,55.0,-46.0,-1.5707963267948963,NO_PATH,3.01240504e-19,0.0,29.99999999999999,-51.75,-2.987141537818687e-23,nan,19.421000000000003
,0.0,55.0,-46.0,-1.5707963267948963,NO_PATH,2.03560427e-19,0.0,29.99999999999999,-51.75,-2.987141537818687e-23,nan,19.44
,0.0,55.0,-46.0,-1.5707963267948963,NO_PATH,2.03560427e-19,0.0,29.99999999999999,-51.75,-2.987141537818687e-23,nan,19.46
,0.0,55.0,-46.0,-1.5707963267948963,NO_PATH,3.04050946e-19,0.0,29.99999999999999,-51.75,-2.987141537818687e-23,nan,19.48
,0.0,55.0,-46.0,-1.5707963267948963,NO_PATH,6.8914586e-19,0.0,29.99999999999999,-51.75,-2.987141537818687e-23,nan,19.501
,0.0,55.0,-46.0,-1.5707963267948963,NO_PATH,6.61613102e-19,0.0,29.99999999999999,-51.75,-2.987141537818687e-23,nan,19.52
,0.0,55.0,-46.0,-1.5707963267948963,NO_PATH,6.61613102e-19,0.0,29.99999999999999,-51.75,-2.987141537818687e-23,nan,19.540000000000003
,0.0,55.0,-46.0,-1.5707963267948963,NO_PATH,4.76628412e-19,0.0,29.99999999999999,-51.75,-2.987141537818687e-23,nan,19.560000000000002
,0.0,55.0,-46.0,-1.5707963267948963,NO_PATH,4.30522545e-19,0.0,29.99999999999999,-51.75,-2.987141537818687e-23,nan,19.580000000000002
,0.0,55.0,-46.0,-1.5707963267948963,NO_PATH,2.26561372e-19,0.0,29.99999999999999,-51.75,-2.987141537818687e-23,nan,19.6
,0.0,55.0,-46.0,-1.5707963267948963,NO_PATH,1.48035678e-19,0.0,29.99999999999999,-51.75,-2.987141537818687e-23,nan,19.621000000000002
,0.0,55.0,-46.0,-1.5707963267948963,NO_PATH,1.48035678e-19,0.0,29.99999999999999,-51.75,-2.987141537818687e-23,nan,19.64
,0.0,55.0,-46.0,-1.5707963267948963,NO_PATH,2.82367924e-20,0.0,29.99999999999999,-51.75,-2.987141537818687e-23,nan,19.66
,0.0,55.0,-46.0,-1.5707963267948963,NO_PATH,2.82367924e-20,0.0,29.99999999999999,-51.75,-2.987141537818687e-23,nan,19.68
,0.0,55.0,-46.0,-1.5707963267948963,NO_PATH,-2.78001602e-19,0.0,29.99999999999999,-51.75,-2.987141537818687e-23,nan,19.700000000000003
,0.0,55.0,-46.0,-1.5707963267948963,NO_PATH,-2.78001602e-19,0.0,29.99999999999999,-51.75,-2.987141537818687e-23,nan,19.720000000000002
,0.0,55.0,-46.0,-1.5707963267948963,NO_PATH,7.0405927e-19,0.0,29.99999999999999,-51.75,-2.987141537818687e-23,nan,19.740000000000002
,0.0,55.0,-46.0,-1.5707963267948963,NO_PATH,7.0405927e-19,0.0,29.99999999999999,-51.75,-2.987141537818687e-23,nan,19.76
,0.0,55.0,-46.0,-1.5707963267948963,NO_PATH,1.59201506e-20,0.0,29.99999999999999,-51.75,-2.987141537818687e-23,nan,19.78
,0.0,55.0,-46.0,-1.5707963267948963,NO_PATH,1.59201506e-20,0.0,29.99999999999999,-51.75,-2.987141537818687e-23,nan,19.8
,0.0,55.0,-46.0,-1.5707963267948963,NO_PATH,-1.05162491e-19,0.0,29.99999999999999,-51.75,-2.987141537818687e-23,nan,19.821
,0.0,55.0,-46.0,-1.5707963267948963,NO_PATH,3.70335429e-19,0.0,29.99999999999999,-51.75,-2.987141537818687e-23,nan,19.84
,0.0,55.0,-46.0,-1.5707963267948963,NO_PATH,1.25714997e-18,0.0,29.99999999999999,-51.75,-2.987141537818687e-23,nan,19.860000000000003
,0.0,55.0,-46.0,-1.5707963267948963,NO_PATH,5.97201644e-19,0.0,29.99999999999999,-51.75,-2.987141537818687e-23,nan,19.880000000000003
,0.0,55.0,-46.0,-1.5707963267948963,NO_PATH,7.39664775e-19,0.0,29.99999999999999,-51.75,-2.987141537818687e-23,nan,19.901
,0.0,55.0,-46.0,-1.5707963267948963,NO_PATH,5.14447055e-19,0.0,29.99999999999999,-51.75,-2.987141537818687e-23,nan,19.92
,0.0,55.0,-46.0,-1.5707963267948963,NO_PATH,3.20574706e-19,0.0,29.99999999999999,-51.75,-2.987141537818687e-23,nan,19.94
,0.0,55.0,-46.0,-1.5707963267948963,NO_PATH,9.19904938e-19,0.0,29.99999999999999,-51.75,-2.987141537818687e-23,nan,19.96
,0.0,55.0,-46.0,-1.5707963267948963,NO_PATH,5.79138397e-20,0.0,29.99999999999999,-51.75,-2.987141537818687e-23,nan,19.98
,0.0,55.0,-46.0,-1.5707963267948963,NO_PATH,8.70491815e-21,0.0,29.99999999999999,-51.75,-2.987141537818687e-23,nan,20.0
,0.0,55.0,-46.0,-1.5707963267948963,NO_PATH,7.57707803e-19,0.0,29.99999999999999,-51.75,-2.987141537818687e-23,nan,20.02
,0.0,55.0,-46.0,-1.5707963267948963,NO_PATH,9.47316068e-19,0.0,29.99999999999999,-51.75,-2.987141537818687e-23,nan,20.040000000000003
,0.0,55.0,-46.0,-1.5707963267948963,NO_PATH,8.33342898e-19,0.0,29.99999999999999,-51.75,-2.987141537818687e-23,nan,20.060000000000002
,0.0,55.0,-46.0,-1.5707963267948963,NO_PATH,3.31125377e-19,0.0,29.99999999999999,-51.75,-2.987141537818687e-23,nan,20.080000000000002
,0.0,55.0,-46.0,-1.5707963267948963,NO_PATH,-2.79764356e-19,0.0,29.99999999999999,-51.75,-2.987141537818687e-23,nan,20.1
,0.0,55.0,-46.0,-1.5707963267948963,NO_PATH,4.30875317e-19,0.0,29.99999999999999,-51.75,-2.987141537818687e-23,nan,20.121000000000002
,0.0,55.0,-46.0,-1.5707963267948963,NO_PATH,4.30875317e-19,0.0,29.99999999999999,-51.75,-2.987141537818687e-23,nan,20.14
,0.0,55.0,-46.0,-1.5707963267948963,NO_PATH,2.82102249e-19,0.0,29.99999999999999,-51.75,-2.987141537818687e-23,nan,20.16
,0.0,55.0,-46.0,-1.5707963267948963,NO_PATH,7.23461896e-19,0.0,29.99999999999999,-51.75,-2.987141537818687e-23,nan,20.18
,0.0,55.0,-46.0,-1.5707963267948963,NO_PATH,1.16076128e-19,0.0,29.99999999999999,-51.75,-2.987141537818687e-23,nan,20.200000000000003
,0.0,55.0,-46.0,-1.5707963267948963,NO_PATH,1.16076128e-19,0.0,29.99999999999999,-51.75,-2.987141537818687e-23,nan,20.220000000000002
,0.0,55.0,-46.0,-1.5707963267948963,NO_PATH,8.08636418e-19,0.0,29.99999999999999,-51.75,-2.987141537818687e-23,nan,20.240000000000002
,0.0,55.0,-46.0,-1.5707963267948963,NO_PATH,8.08636418e-19,0.0,29.99999999999999,-51.75,-2.987141537818687e-23,nan,20.26
,0.0,55.0,-46.0,-1.5707963267948963,NO_PATH,7.50535633e-20,0.0,29.99999999999999,-51.75,-2.987141537818687e-23,nan,20.28
,0.0,55.0,-46.0,-1.5707963267948963,NO_PATH,7.68604308e-19,0.0,29.99999999999999,-51.75,-2.987141537818687e-23,nan,20.3
,0.0,55.0,-46.0,-1.5707963267948963,NO_PATH,7.48639858e-19,0.0,29.99999999999999,-51.75,-2.987141537818687e-23,nan,20.32
,0.0,55.0,-46.0,-1.5707963267948963,NO_PATH,7.48639858e-19,0.0,29.99999999999999,-51.75,-2.987141537818687e-23,nan,20.34
,0.0,55.0,-46.0,-1.5707963267948963,NO_PATH,3.78737235e-19,0.0,29.99999999999999,-51.75,-2.987141537818687e-23,nan,20.360000000000003
,0.0,55.0,-46.0,-1.5707963267948963,NO_PATH,1.64027872e-19,0.0,29.99999999999999,-51.75,-2.987141537818687e-23,nan,20.381
,0.0,55.0,-46.0,-1.5707963267948963,NO_PATH,1.02419266e-18,0.0,29.99999999999999,-51.75,-2.987141537818687e-23,nan,20.400000000000002
,0.0,55.0,-46.0,-1.5707963267948963,NO_PATH,9.66595679e-19,0.0,29.99999999999999,-51.75,-2.987141537818687e-23,nan,20.42
,0.0,55.0,-46.0,-1.5707963267948963,NO_PATH,2.95875717e-19,0.0,29.99999999999999,-51.75,-2.987141537818687e-23,nan,20.44
,0.0,55.0,-46.0,-1.5707963267948963,NO_PATH,5.51881326e-19,0.0,29.99999999999999,-51.75,-2.987141537818687e-23,nan,20.46
,0.0,55.0,-46.0,-1.5707963267948963,NO_PATH,9.43975135e-19,0.0,29.99999999999999,-51.75,-2.987141537818687e-23,nan,20.48
,0.0,55.0,-46.0,-1.5707963267948963,NO_PATH,-5.30588662e-20,0.0,29.99999999999999,-51.75,-2.987141537818687e-23,nan,20.5
,0.0,55.0,-46.0,-1.5707963267948963,NO_PATH,4.33161174e-19,0.0,29.99999999999999,-51.75,-2.987141537818687e-23,nan,20.52
,0.0,55.0,-46.0,-1.5707963267948963,NO_PATH,3.57427529e-19,0.0,29.99999999999999,-51.75,-2.987141537818687e-23,nan,20.540000000000003
,0.0,55.0,-46.0,-1.5707963267948963,NO_PATH,3.57427529e-19,0.0,29.99999999999999,-51.75,-2.987141537818687e-23,nan,20.560000000000002
,0.0,55.0,-46.0,-1.5707963267948963,NO_PATH,7.64094968e-19,0.0,29.99999999999999,-51.75,-2.987141537818687e-23,nan,20.580000000000002
,0.0,55.0,-46.0,-1.5707963267948963,NO_PATH,5.13658942e-19,0.0,29.99999999999999,-51.75,-2.987141537818687e-23,nan,20.6
,0.0,55.0,-46.0,-1.5707963267948963,NO_PATH,5.13658942e-19,0.0,29.99999999999999,-51.75,-2.987141537818687e-23,nan,20.62
,0.0,55.0,-46.0,-1.5707963267948963,NO_PATH,3.63929919e-19,0.0,29.99999999999999,-51.75,-2.987141537818687e-23,nan,20.64
,0.0,55.0,-46.0,-1.5707963267948963,NO_PATH,6.47307918e-19,0.0,29.99999999999999,-51.75,-2.987141537818687e-23,nan,20.66
,0.0,55.0,-46.0,-1.5707963267948963,NO_PATH,6.47307918e-19,0.0,29.99999999999999,-51.75,-2.987141537818687e-23,nan,20.68
,0.0,55.0,-46.0,-1.5707963267948963,NO_PATH,4.64645521e-19,0.0,29.99999999999999,-51.75,-2.987141537818687e-23,nan,20.700000000000003
,0.0,55.0,-46.0,-1.5707963267948963,NO_PATH,4.64645521e-19,0.0,29.99999999999999,-51.75,-2.987141537818687e-23,nan,20.720000000000002
,0.0,55.0,-46.0,-1.5707963267948963,NO_PATH,1.01531329e-18,0.0,29.99999999999999,-51.75,-2.987141537818687e-23,nan,20.740000000000002
,0.0,55.0,-46.0,-1.5707963267948963,NO_PATH,2.61718943e-19,0.0,29.99999999999999,-51.75,-2.987141537818687e-23,nan,20.76
,0.0,55.0,-46.0,-1.5707963267948963,NO_PATH,2.61718943e-19,0.0,29.99999999999999,-51.75,-2.987141537818687e-23,nan,20.78
,0.0,55.0,-46.0,-1.5707963267948963,NO_PATH,4.33118446e-19,0.0,29.99999999999999,-51.75,-2.987141537818687e-23,nan,20.8
,0.0,55.0,-46.0,-1.5707963267948963,NO_PATH,2.2521748e-19,0.0,29.99999999999999,-51.75,-2.987141537818687e-23,nan,20.82
,0.0,55.0,-46.0,-1.5707963267948963,NO_PATH,-3.17232053e-20,0.0,29.99999999999999,-51.75,-2.987141537818687e-23,nan,20.84
,0.0,55.0,-46.0,-1.5707963267948963,NO_PATH,-1.48868561e-19,0.0,29.99999999999999,-51.75,-2.987141537818687e-23,nan,20.860000000000003
,0.0,55.0,-46.0,-1.5707963267948963,NO_PATH,-1.48868561e-19,0.0,29.99999999999999,-51.75,-2.987141537818687e-23,nan,20.880000000000003
,0.0,55.0,-46.0,-1.5707963267948963,NO_PATH,2.55931061e-19,0.0,29.99999999999999,-51.75,-2.987141537818687e-23,nan,20.900000000000002
,0.0,55.0,-46.0,-1.5707963267948963,NO_PATH,2.55931061e-19,0.0,29.99999999999999,-51.75,-2.987141537818687e-23,nan,20.92
,0.0,55.0,-46.0,-1.5707963267948963,NO_PATH,1.57440445e-19,0.0,29.99999999999999,-51.75,-2.987141537818687e-23,nan,20.94
,0.0,55.0,-46.0,-1.5707963267948963,NO_PATH,4.1910677e-19,0.0,29.99999999999999,-51.75,-2.987141537818687e-23,nan,20.96
,0.0,55.0,-46.0,-1.5707963267948963,NO_PATH,3.85452394e-19,0.0,29.99999999999999,-51.75,-2.987141537818687e-23,nan,20.98
,0.0,55.0,-46.0,-1.5707963267948963,NO_PATH,8.71597372e-19,0.0,29.99999999999999,-51.75,-2.987141537818687e-23,nan,21.0
,0.0,55.0,-46.0,-1.5707963267948963,NO_PATH,8.98044941e-19,0.0,29.99999999999999,-51.75,-2.987141537818687e-23,nan,21.02
,0.0,55.0,-46.0,-1.5707963267948963,NO_PATH,2.52087004e-19,0.0,29.99999999999999,-51.75,-2.987141537818687e-23,nan,21.040000000000003
,0.0,55.0,-46.0,-1.5707963267948963,NO_PATH,3.52007537e-19,0.0,29.99999999999999,-51.75,-2.987141537818687e-23,nan,21.060000000000002
,0.0,55.0,-46.0,-1.5707963267948963,NO_PATH,3.52007537e-19,0.0,29.99999999999999,-51.75,-2.987141537818687e-23,nan,21.080000000000002
,0.0,55.0,-46.0,-1.5707963267948963,NO_PATH,-8.51959025e-20,0.0,29.99999999999999,-51.75,-2.987141537818687e-23,nan,21.1
,0.0,55.0,-46.0,-1.5707963267948963,NO_PATH,8.24642211e-19,0.0,29.99999999999999,-51.75,-2.987141537818687e-23,nan,21.12
,0.0,55.0,-46.0,-1.5707963267948963,NO_PATH,1.21628911e-19,0.0,29.99999999999999,-51.75,-2.987141537818687e-23,nan,21.14
,0.0,55.0,-46.0,-1.5707963267948963,NO_PATH,2.46527768e-19,0.0,29.99999999999999,-51.75,-2.987141537818687e-23,nan,21.16
,0.0,55.0,-46.0,-1.5707963267948963,NO_PATH,2.46527768e-19,0.0,29.99999999999999,-51.75,-2.987141537818687e-23,nan,21.18
,0.0,55.0,-46.0,-1.5707963267948963,NO_PATH,4.50334985e-19,0.0,29.99999999999999,-51.75,-2.987141537818687e-23,nan,21.201
,0.0,55.0,-46.0,-1.5707963267948963,NO_PATH,6.92037856e-19,0.0,29.99999999999999,-51.75,-2.987141537818687e-23,nan,21.220000000000002
,0.0,55.0,-46.0,-1.5707963267948963,NO_PATH,6.92037856e-19,0.0,29.99999999999999,-51.75,-2.987141537818687e-23,nan,21.240000000000002
,0.0,55.0,-46.0,-1.5707963267948963,NO_PATH,7.02499724e-19,0.0,29.99999999999999,-51.75,-2.987141537818687e-23,nan,21.261000000000003
,0.0,55.0,-46.0,-1.5707963267948963,NO_PATH,2.38976601e-19,0.0,29.99999999999999,-51.75,-2.987141537818687e-23,nan,21.28
,0.0,55.0,-46.0,-1.5707963267948963,NO_PATH,2.38976601e-19,0.0,29.99999999999999,-51.75,-2.987141537818687e-23,nan,21.3
,0.0,55.0,-46.0,-1.5707963267948963,NO_PATH,1.07566223e-18,0.0,29.99999999999999,-51.75,-2.987141537818687e-23,nan,21.32
,0.0,55.0,-46.0,-1.5707963267948963,NO_PATH,9.77874331e-19,0.0,29.99999999999999,-51.75,-2.987141537818687e-23,nan,21.34
,0.0,55.0,-46.0,-1.5707963267948963,NO_PATH,-1.0057147e-20,0.0,29.99999999999999,-51.75,-2.987141537818687e-23,nan,21.360000000000003
,0.0,55.0,-46.0,-1.5707963267948963,NO_PATH,-1.0057147e-20,0.0,29.99999999999999,-51.75,-2.987141537818687e-23,nan,21.380000000000003
,0.0,55.0,-46.0,-1.5707963267948963,NO_PATH,8.75914645e-19,0.0,29.99999999999999,-51.75,-2.987141537818687e-23,nan,21.400000000000002
,0.0,55.0,-46.0,-1.5707963267948963,NO_PATH,6.22150143e-19,0.0,29.99999999999999,-51.75,-2.987141537818687e-23,nan,21.42
,0.0,55.0,-46.0,-1.5707963267948963,NO_PATH,2.81313856e-19,0.0,29.99999999999999,-51.75,-2.987141537818687e-23,nan,21.44
,0.0,55.0,-46.0,-1.5707963267948963,NO_PATH,1.14315721e-18,0.0,29.99999999999999,-51.75,-2.987141537818687e-23,nan,21.46
,0.0,55.0,-46.0,-1.5707963267948963,NO_PATH,1.14315721e-18,0.0,29.99999999999999,-51.75,-2.987141537818687e-23,nan,21.48
,0.0,55.0,-46.0,-1.5707963267948963,NO_PATH,-1.24343666e-19,0.0,29.99999999999999,-51.75,-2.987141537818687e-23,nan,21.501
,0.0,55.0,-46.0,-1.5707963267948963,NO_PATH,-1.24343666e-19,0.0,29.99999999999999,-51.75,-2.987141537818687e-23,nan,21.52
,0.0,55.0,-46.0,-1.5707963267948963,NO_PATH,7.41396212e-19,0.0,29.99999999999999,-51.75,-2.987141537818687e-23,nan,21.540000000000003
,0.0,55.0,-46.0,-1.5707963267948963,NO_PATH,7.41396212e-19,0.0,29.99999999999999,-51.75,-2.987141537818687e-23,nan,21.560000000000002
,0.0,55.0,-46.0,-1.5707963267948963,NO_PATH,1.89636743e-19,0.0,29.99999999999999,-51.75,-2.987141537818687e-23,nan,21.580000000000002
,0.0,55.0,-46.0,-1.5707963267948963,NO_PATH,4.95797689e-19,0.0,29.99999999999999,-51.75,-2.987141537818687e-23,nan,21.6
,0.0,55.0,-46.0,-1.5707963267948963,NO_PATH,2.04210312e-19,0.0,29.99999999999999,-51.75,-2.987141537818687e-23,nan,21.62
,0.0,55.0,-46.0,-1.5707963267948963,NO_PATH,7.3345909e-20,0.0,29.99999999999999,-51.75,-2.987141537818687e-23,nan,21.64
,0.0,55.0,-46.0,-1.5707963267948963,NO_PATH,1.06146729e-18,0.0,29.99999999999999,-51.75,-2.987141537818687e-23,nan,21.66
,0.0,55.0,-46.0,-1.5707963267948963,NO_PATH,1.94171704e-19,0.0,29.99999999999999,-51.75,-2.987141537818687e-23,nan,21.68
,0.0,55.0,-46.0,-1.5707963267948963,NO_PATH,5.53581939e-19,0.0,29.99999999999999,-51.75,-2.987141537818687e-23,nan,21.700000000000003
,0.0,55.0,-46.0,-1.5707963267948963,NO_PATH,5.53581939e-19,0.0,29.99999999999999,-51.75,-2.987141537818687e-23,nan,21.720000000000002
,0.0,55.0,-46.0,-1.5707963267948963,NO_PATH,3.57798311e-19,0.0,29.99999999999999,-51.75,-2.987141537818687e-23,nan,21.740000000000002
,0.0,55.0,-46.0,-1.5707963267948963,NO_PATH,3.57798311e-19,0.0,29.99999999999999,-51.75,-2.987141537818687e-23,nan,21.76
,0.0,55.0,-46.0,-1.5707963267948963,NO_PATH,1.56678009e-19,0.0,29.99999999999999,-51.75,-2.987141537818687e-23,nan,21.78
,0.0,55.0,-46.0,-1.5707963267948963,NO_PATH,-5.53574875e-20,0.0,29.99999999999999,-51.75,-2.987141537818687e-23,nan,21.8
,0.0,55.0,-46.0,-1.5707963267948963,NO_PATH,1.38387126e-18,0.0,29.99999999999999,-51.75,-2.987141537818687e-23,nan,21.82
,0.0,55.0,-46.0,-1.5707963267948963,NO_PATH,-4.89268857e-22,0.0,29.99999999999999,-51.75,-2.987141537818687e-23,nan,21.84
,0.0,55.0,-46.0,-1.5707963267948963,NO_PATH,4.70933339e-19,0.0,29.99999999999999,-51.75,-2.987141537818687e-23,nan,21.860000000000003
,0.0,55.0,-46.0,-1.5707963267948963,NO_PATH,2.26414486e-19,0.0,29.99999999999999,-51.75,-2.987141537818687e-23,nan,21.881
,0.0,55.0,-46.0,-1.5707963267948963,NO_PATH,2.26414486e-19,0.0,29.99999999999999,-51.75,-2.987141537818687e-23,nan,21.900000000000002
,0.0,55.0,-46.0,-1.5707963267948963,NO_PATH,5.26866761e-19,0.0,29.99999999999999,-51.75,-2.987141537818687e-23,nan,21.92
,0.0,55.0,-46.0,-1.5707963267948963,NO_PATH,5.26866761e-19,0.0,29.99999999999999,-51.75,-2.987141537818687e-23,nan,21.94
,0.0,55.0,-46.0,-1.5707963267948963,NO_PATH,9.29511638e-19,0.0,29.99999999999999,-51.75,-2.987141537818687e-23,nan,21.96
,0.0,55.0,-46.0,-1.5707963267948963,NO_PATH,8.34684752e-20,0.0,29.99999999999999,-51.75,-2.987141537818687e-23,nan,21.98
,0.0,55.0,-46.0,-1.5707963267948963,NO_PATH,8.34684752e-20,0.0,29.99999999999999,-51.75,-2.987141537818687e-23,nan,22.0
,0.0,55.0,-46.0,-1.5707963267948963,NO_PATH,8.90167472e-19,0.0,29.99999999999999,-51.75,-2.987141537818687e-23,nan,22.020000000000003
,0.0,55.0,-46.0,-1.5707963267948963,NO_PATH,8.90167472e-19,0.0,29.99999999999999,-51.75,-2.987141537818687e-23,nan,22.040000000000003
,0.0,55.0,-46.0,-1.5707963267948963,NO_PATH,9.20943271e-19,0.0,29.99999999999999,-51.75,-2.987141537818687e-23,nan,22.060000000000002
,0.0,55.0,-46.0,-1.5707963267948963,NO_PATH,2.22353734e-19,0.0,29.99999999999999,-51.75,-2.987141537818687e-23,nan,22.080000000000002
,0.0,55.0,-46.0,-1.5707963267948963,NO_PATH,4.13187198e-19,0.0,29.99999999999999,-51.75,-2.987141537818687e-23,nan,22.1
,0.0,55.0,-46.0,-1.5707963267948963,NO_PATH,4.13187198e-19,0.0,29.99999999999999,-51.75,-2.987141537818687e-23,nan,22.12
,0.0,55.0,-46.0,-1.5707963267948963,NO_PATH,1.1243212e-19,0.0,29.99999999999999,-51.75,-2.987141537818687e-23,nan,22.14
,0.0,55.0,-46.0,-1.5707963267948963,NO_PATH,1.01033505e-18,0.0,29.99999999999999,-51.75,-2.987141537818687e-23,nan,22.16
,0.0,55.0,-46.0,-1.5707963267948963,NO_PATH,1.01033505e-18,0.0,29.99999999999999,-51.75,-2.987141537818687e-23,nan,22.18
,0.0,55.0,-46.0,-1.5707963267948963,NO_PATH,2.88019726e-19,0.0,29.99999999999999,-51.75,-2.987141537818687e-23,nan,22.200000000000003
,0.0,55.0,-46.0,-1.5707963267948963,NO_PATH,9.85061394e-19,0.0,29.99999999999999,-51.75,-2.987141537818687e-23,nan,22.220000000000002
,0.0,55.0,-46.0,-1.5707963267948963,NO_PATH,-1.57251224e-19,0.0,29.99999999999999,-51.75,-2.987141537818687e-23,nan,22.240000000000002
,0.0,55.0,-46.0,-1.5707963267948963,NO_PATH,9.71462992e-19,0.0,29.99999999999999,-51.75,-2.987141537818687e-23,nan,22.26
,0.0,55.0,-46.0,-1.5707963267948963,NO_PATH,7.32899267e-19,0.0,29.99999999999999,-51.75,-2.987141537818687e-23,nan,22.28
,0.0,55.0,-46.0,-1.5707963267948963,NO_PATH,1.02840574e-18,0.0,29.99999999999999,-51.75,-2.987141537818687e-23,nan,22.3
,0.0,55.0,-46.0,-1.5707963267948963,NO_PATH,7.17120733e-19,0.0,29.99999999999999,-51.75,-2.987141537818687e-23,nan,22.32
,0.0,55.0,-46.0,-1.5707963267948963,NO_PATH,4.19147582e-19,0.0,29.99999999999999,-51.75,-2.987141537818687e-23,nan,22.34
,0.0,55.0,-46.0,-1.5707963267948963,NO_PATH,4.19147582e-19,0.0,29.99999999999999,-51.75,-2.987141537818687e-23,nan,22.360000000000003
,0.0,55.0,-46.0,-1.5707963267948963,NO_PATH,7.14104692e-19,0.0,29.99999999999999,-51.75,-2.987141537818687e-23,nan,22.381
,0.0,55.0,-46.0,-1.5707963267948963,NO_PATH,8.86511967e-19,0.0,29.99999999999999,-51.75,-2.987141537818687e-23,nan,22.400000000000002
,0.0,55.0,-46.0,-1.5707963267948963,NO_PATH,8.86511967e-19,0.0,29.99999999999999,-51.75,-2.987141537818687e-23,nan,22.42
,0.0,55.0,-46.0,-1.5707963267948963,NO_PATH,6.14717181e-19,0.0,29.99999999999999,-51.75,-2.987141537818687e-23,nan,22.44
,0.0,55.0,-46.0,-1.5707963267948963,NO_PATH,2.9896016e-19,0.0,29.99999999999999,-51.75,-2.987141537818687e-23,nan,22.461000000000002
,0.0,55.0,-46.0,-1.5707963267948963,NO_PATH,1.01804371e-18,0.0,29.99999999999999,-51.75,-2.987141537818687e-23,nan,22.481
,0.0,55.0,-46.0,-1.5707963267948963,NO_PATH,2.26544356e-19,0.0,29.99999999999999,-51.75,-2.987141537818687e-23,nan,22.5
,0.0,55.0,-46.0,-1.5707963267948963,NO_PATH,2.26544356e-19,0.0,29.99999999999999,-51.75,-2.987141537818687e-23,nan,22.520000000000003
,0.0,55.0,-46.0,-1.5707963267948963,NO_PATH,2.24514584e-19,0.0,29.99999999999999,-51.75,-2.987141537818687e-23,nan,22.540000000000003
,0.0,55.0,-46.0,-1.5707963267948963,NO_PATH,2.48792159e-19,0.0,29.99999999999999,-51.75,-2.987141537818687e-23,nan,22.560000000000002
,0.0,55.0,-46.0,-1.5707963267948963,NO_PATH,9.65032147e-19,0.0,29.99999999999999,-51.75,-2.987141537818687e-23,nan,22.580000000000002
,0.0,55.0,-46.0,-1.5707963267948963,NO_PATH,1.13035164e-18,0.0,29.99999999999999,-51.75,-2.987141537818687e-23,nan,22.6
,0.0,55.0,-46.0,-1.5707963267948963,NO_PATH,1.13035164e-18,0.0,29.99999999999999,-51.75,-2.987141537818687e-23,nan,22.62
,0.0,55.0,-46.0,-1.5707963267948963,NO_PATH,3.68990037e-19,0.0,29.99999999999999,-51.75,-2.987141537818687e-23,nan,22.64
,0.0,55.0,-46.0,-1.5707963267948963,NO_PATH,9.74618967e-20,0.0,29.99999999999999,-51.75,-2.987141537818687e-23,nan,22.66
,0.0,55.0,-46.0,-1.5707963267948963,NO_PATH,4.48022904e-19,0.0,29.99999999999999,-51.75,-2.987141537818687e-23,nan,22.68
,0.0,55.0,-46.0,-1.5707963267948963,NO_PATH,5.70097496e-19,0.0,29.99999999999999,-51.75,-2.987141537818687e-23,nan,22.701
,0.0,55.0,-46.0,-1.5707963267948963,NO_PATH,1.62236234e-19,0.0,29.99999999999999,-51.75,-2.987141537818687e-23,nan,22.720000000000002
,0.0,55.0,-46.0,-1.5707963267948963,NO_PATH,1.62236234e-19,0.0,29.99999999999999,-51.75,-2.987141537818687e-23,nan,22.740000000000002
,0.0,55.0,-46.0,-1.5707963267948963,NO_PATH,-1.27992214e-19,0.0,29.99999999999999,-51.75,-2.987141537818687e-23,nan,22.76
,0.0,55.0,-46.0,-1.5707963267948963,NO_PATH,4.90587883e-19,0.0,29.99999999999999,-51.75,-2.987141537818687e-23,nan,22.78
,0.0,55.0,-46.0,-1.5707963267948963,NO_PATH,6.31587696e-19,0.0,29.99999999999999,-51.75,-2.987141537818687e-23,nan,22.8
,0.0,55.0,-46.0,-1.5707963267948963,NO_PATH,8.13052227e-19,0.0,29.99999999999999,-51.75,-2.987141537818687e-23,nan,22.82
,0.0,55.0,-46.0,-1.5707963267948963,NO_PATH,8.13052227e-19,0.0,29.99999999999999,-51.75,-2.987141537818687e-23,nan,22.84
,0.0,55.0,-46.0,-1.5707963267948963,NO_PATH,5.00199648e-19,0.0,29.99999999999999,-51.75,-2.987141537818687e-23,nan,22.860000000000003
,0.0,55.0,-46.0,-1.5707963267948963,NO_PATH,8.82402677e-19,0.0,29.99999999999999,-51.75,-2.987141537818687e-23,nan,22.880000000000003
,0.0,55.0,-46.0,-1.5707963267948963,NO_PATH,9.83920597e-19,0.0,29.99999999999999,-51.75,-2.987141537818687e-23,nan,22.900000000000002
,0.0,55.0,-46.0,-1.5707963267948963,NO_PATH,3.93261229e-20,0.0,29.99999999999999,-51.75,-2.987141537818687e-23,nan,22.92
,0.0,55.0,-46.0,-1.5707963267948963,NO_PATH,2.38025992e-19,0.0,29.99999999999999,-51.75,-2.987141537818687e-23,nan,22.94
,0.0,55.0,-46.0,-1.5707963267948963,NO_PATH,9.24380182e-19,0.0,29.99999999999999,-51.75,-2.987141537818687e-23,nan,22.96
,0.0,55.0,-46.0,-1.5707963267948963,NO_PATH,1.16715172e-18,0.0,29.99999999999999,-51.75,-2.987141537818687e-23,nan,22.98
,0.0,55.0,-46.0,-1.5707963267948963,NO_PATH,1.16715172e-18,0.0,29.99999999999999,-51.75,-2.987141537818687e-23,nan,23.0
,0.0,55.0,-46.0,-1.5707963267948963,NO_PATH,7.50103423e-19,0.0,29.99999999999999,-51.75,-2.987141537818687e-23,nan,23.020000000000003
,0.0,55.0,-46.0,-1.5707963267948963,NO_PATH,6.45510698e-19,0.0,29.99999999999999,-51.75,-2.987141537818687e-23,nan,23.040000000000003
,0.0,55.0,-46.0,-1.5707963267948963,NO_PATH,5.39713109e-19,0.0,29.99999999999999,-51.75,-2.987141537818687e-23,nan,23.061
,0.0,55.0,-46.0,-1.5707963267948963,NO_PATH,5.39713109e-19,0.0,29.99999999999999,-51.75,-2.987141537818687e-23,nan,23.080000000000002
,0.0,55.0,-46.0,-1.5707963267948963,NO_PATH,4.83320894e-19,0.0,29.99999999999999,-51.75,-2.987141537818687e-23,nan,23.1
,0.0,55.0,-46.0,-1.5707963267948963,NO_PATH,1.02658283e-18,0.0,29.99999999999999,-51.75,-2.987141537818687e-23,nan,23.122
,0.0,55.0,-46.0,-1.5707963267948963,NO_PATH,1.02658283e-18,0.0,29.99999999999999,-51.75,-2.987141537818687e-23,nan,23.14
,0.0,55.0,-46.0,-1.5707963267948963,NO_PATH,1.05403649e-18,0.0,29.99999999999999,-51.75,-2.987141537818687e-23,nan,23.16
,0.0,55.0,-46.0,-1.5707963267948963,NO_PATH,8.04614434e-19,0.0,29.99999999999999,-51.75,-2.987141537818687e-23,nan,23.18
,0.0,55.0,-46.0,-1.5707963267948963,NO_PATH,8.04614434e-19,0.0,29.99999999999999,-51.75,-2.987141537818687e-23,nan,23.200000000000003
,0.0,55.0,-46.0,-1.5707963267948963,NO_PATH,7.714306e-19,0.0,29.99999999999999,-51.75,-2.987141537818687e-23,nan,23.220000000000002
,0.0,55.0,-46.0,-1.5707963267948963,NO_PATH,3.65794861e-19,0.0,29.99999999999999,-51.75,-2.987141537818687e-23,nan,23.240000000000002
,0.0,55.0,-46.0,-1.5707963267948963,NO_PATH,9.87686724e-19,0.0,29.99999999999999,-51.75,-2.987141537818687e-23,nan,23.261000000000003
,0.0,55.0,-46.0,-1.5707963267948963,NO_PATH,6.3994172e-19,0.0,29.99999999999999,-51.75,-2.987141537818687e-23,nan,23.28
,0.0,55.0,-46.0,-1.5707963267948963,NO_PATH,3.00349376e-19,0.0,29.99999999999999,-51.75,-2.987141537818687e-23,nan,23.3
,0.0,55.0,-46.0,-1.5707963267948963,NO_PATH,3.00349376e-19,0.0,29.99999999999999,-51.75,-2.987141537818687e-23,nan,23.32
,0.0,55.0,-46.0,-1.5707963267948963,NO_PATH,2.449733e-19,0.0,29.99999999999999,-51.75,-2.987141537818687e-23,nan,23.34
,0.0,55.0,-46.0,-1.5707963267948963,NO_PATH,5.12249481e-19,0.0,29.99999999999999,-51.75,-2.987141537818687e-23,nan,23.360000000000003
,0.0,55.0,-46.0,-1.5707963267948963,NO_PATH,5.12249481e-19,0.0,29.99999999999999,-51.75,-2.987141537818687e-23,nan,23.380000000000003
,0.0,55.0,-46.0,-1.5707963267948963,NO_PATH,2.62836718e-19,0.0,29.99999999999999,-51.75,-2.987141537818687e-23,nan,23.401
,0.0,55.0,-46.0,-1.5707963267948963,NO_PATH,2.28858094e-19,0.0,29.99999999999999,-51.75,-2.987141537818687e-23,nan,23.42
,0.0,55.0,-46.0,-1.5707963267948963,NO_PATH,7.31241132e-19,0.0,29.99999999999999,-51.75,-2.987141537818687e-23,nan,23.44
,0.0,55.0,-46.0,-1.5707963267948963,NO_PATH,1.22923994e-18,0.0,29.99999999999999,-51.75,-2.987141537818687e-23,nan,23.46
,0.0,55.0,-46.0,-1.5707963267948963,NO_PATH,4.93615514e-19,0.0,29.99999999999999,-51.75,-2.987141537818687e-23,nan,23.48
,0.0,55.0,-46.0,-1.5707963267948963,NO_PATH,4.93615514e-19,0.0,29.99999999999999,-51.75,-2.987141537818687e-23,nan,23.5
,0.0,55.0,-46.0,-1.5707963267948963,NO_PATH,7.44338284e-19,0.0,29.99999999999999,-51.75,-2.987141537818687e-23,nan,23.520000000000003
,0.0,55.0,-46.0,-1.5707963267948963,NO_PATH,7.44338284e-19,0.0,29.99999999999999,-51.75,-2.987141537818687e-23,nan,23.540000000000003
,0.0,55.0,-46.0,-1.5707963267948963,NO_PATH,1.22824441e-19,0.0,29.99999999999999,-51.75,-2.987141537818687e-23,nan,23.560000000000002
,0.0,55.0,-46.0,-1.5707963267948963,NO_PATH,3.1959328e-19,0.0,29.99999999999999,-51.75,-2.987141537818687e-23,nan,23.581000000000003
,0.0,55.0,-46.0,-1.5707963267948963,NO_PATH,3.1959328e-19,0.0,29.99999999999999,-51.75,-2.987141537818687e-23,nan,23.601000000000003
,0.0,55.0,-46.0,-1.5707963267948963,NO_PATH,-3.88929609e-20,0.0,29.99999999999999,-51.75,-2.987141537818687e-23,nan,23.622
,0.0,55.0,-46.0,-1.5707963267948963,NO_PATH,6.4924791e-19,0.0,29.99999999999999,-51.75,-2.987141537818687e-23,nan,23.64
,0.0,55.0,-46.0,-1.5707963267948963,NO_PATH,1.02378691e-19,0.0,29.99999999999999,-51.75,-2.987141537818687e-23,nan,23.66
,0.0,55.0,-46.0,-1.5707963267948963,NO_PATH,1.02378691e-19,0.0,29.99999999999999,-51.75,-2.987141537818687e-23,nan,23.68
,0.0,55.0,-46.0,-1.5707963267948963,NO_PATH,1.03236006e-18,0.0,29.99999999999999,-51.75,-2.987141537818687e-23,nan,23.700000000000003
,0.0,55.0,-46.0,-1.5707963267948963,NO_PATH,1.34612027e-18,0.0,29.99999999999999,-51.75,-2.987141537818687e-23,nan,23.721
,0.0,55.0,-46.0,-1.5707963267948963,NO_PATH,5.04905206e-19,0.0,29.99999999999999,-51.75,-2.987141537818687e-23,nan,23.740000000000002
,0.0,55.0,-46.0,-1.5707963267948963,NO_PATH,6.01918977e-19,0.0,29.99999999999999,-51.75,-2.987141537818687e-23,nan,23.76
,0.0,55.0,-46.0,-1.5707963267948963,NO_PATH,-4.32026614e-20,0.0,29.99999999999999,-51.75,-2.987141537818687e-23,nan,23.78
,0.0,55.0,-46.0,-1.5707963267948963,NO_PATH,8.45994048e-19,0.0,29.99999999999999,-51.75,-2.987141537818687e-23,nan,23.8
,0.0,55.0,-46.0,-1.5707963267948963,NO_PATH,1.21575704e-18,0.0,29.99999999999999,-51.75,-2.987141537818687e-23,nan,23.82
,0.0,55.0,-46.0,-1.5707963267948963,NO_PATH,5.3106591e-19,0.0,29.99999999999999,-51.75,-2.987141537818687e-23,nan,23.84
,0.0,55.0,-46.0,-1.5707963267948963,NO_PATH,5.3106591e-19,0.0,29.99999999999999,-51.75,-2.987141537818687e-23,nan,23.860000000000003
,0.0,55.0,-46.0,-1.5707963267948963,NO_PATH,3.71316169e-19,0.0,29.99999999999999,-51.75,-2.987141537818687e-23,nan,23.880000000000003
,0.0,55.0,-46.0,-1.5707963267948963,NO_PATH,-6.42130867e-20,0.0,29.99999999999999,-51.75,-2.987141537818687e-23,nan,23.900000000000002
,0.0,55.0,-46.0,-1.5707963267948963,NO_PATH,2.56709536e-19,0.0,29.99999999999999,-51.75,-2.987141537818687e-23,nan,23.92
,0.0,55.0,-46.0,-1.5707963267948963,NO_PATH,1.13452418e-18,0.0,29.99999999999999,-51.75,-2.987141537818687e-23,nan,23.94
,0.0,55.0,-46.0,-1.5707963267948963,NO_PATH,1.19386216e-18,0.0,29.99999999999999,-51.75,-2.987141537818687e-23,nan,23.96
,0.0,55.0,-46.0,-1.5707963267948963,NO_PATH,9.28783564e-19,0.0,29.99999999999999,-51.75,-2.987141537818687e-23,nan,23.98
,0.0,55.0,-46.0,-1.5707963267948963,NO_PATH,5.00995974e-19,0.0,29.99999999999999,-51.75,-2.987141537818687e-23,nan,24.0
,0.0,55.0,-46.0,-1.5707963267948963,NO_PATH,8.4817825e-19,0.0,29.99999999999999,-51.75,-2.987141537818687e-23,nan,24.020000000000003
,0.0,55.0,-46.0,-1.5707963267948963,NO_PATH,8.4817825e-19,0.0,29.99999999999999,-51.75,-2.987141537818687e-23,nan,24.040000000000003
,0.0,55.0,-46.0,-1.5707963267948963,NO_PATH,1.31144852e-19,0.0,29.99999999999999,-51.75,-2.987141537818687e-23,nan,24.060000000000002
,0.0,55.0,-46.0,-1.5707963267948963,NO_PATH,4.02760668e-19,0.0,29.99999999999999,-51.75,-2.987141537818687e-23,nan,24.080000000000002
,0.0,55.0,-46.0,-1.5707963267948963,NO_PATH,1.19596985e-18,0.0,29.99999999999999,-51.75,-2.987141537818687e-23,nan,24.101000000000003
,0.0,55.0,-46.0,-1.5707963267948963,NO_PATH,1.19596985e-18,0.0,29.99999999999999,-51.75,-2.987141537818687e-23,nan,24.12
,0.0,55.0,-46.0,-1.5707963267948963,NO_PATH,3.40989759e-19,0.0,29.99999999999999,-51.75,-2.987141537818687e-23,nan,24.14
,0.0,55.0,-46.0,-1.5707963267948963,NO_PATH,-8.20029909e-20,0.0,29.99999999999999,-51.75,-2.987141537818687e-23,nan,24.16
,0.0,55.0,-46.0,-1.5707963267948963,NO_PATH,4.44646406e-19,0.0,29.99999999999999,-51.75,-2.987141537818687e-23,nan,24.180000000000003
,0.0,55.0,-46.0,-1.5707963267948963,NO_PATH,-8.13947043e-19,0.0,29.99999999999999,-51.75,-2.987141537818687e-23,nan,24.200000000000003
,0.0,55.0,-46.0,-1.5707963267948963,NO_PATH,8.76297914e-19,0.0,29.99999999999999,-51.75,-2.987141537818687e-23,nan,24.220000000000002
,0.0,55.0,-46.0,-1.5707963267948963,NO_PATH,6.92769364e-19,0.0,29.99999999999999,-51.75,-2.987141537818687e-23,nan,24.240000000000002
,0.0,55.0,-46.0,-1.5707963267948963,NO_PATH,6.92769364e-19,0.0,29.99999999999999,-51.75,-2.987141537818687e-23,nan,24.26
,0.0,55.0,-46.0,-1.5707963267948963,NO_PATH,1.00886309e-18,0.0,29.99999999999999,-51.75,-2.987141537818687e-23,nan,24.28
,0.0,55.0,-46.0,-1.5707963267948963,NO_PATH,7.58651096e-19,0.0,29.99999999999999,-51.75,-2.987141537818687e-23,nan,24.3
,0.0,55.0,-46.0,-1.5707963267948963,NO_PATH,7.58651096e-19,0.0,29.99999999999999,-51.75,-2.987141537818687e-23,nan,24.32
,0.0,55.0,-46.0,-1.5707963267948963,NO_PATH,7.6995723e-19,0.0,29.99999999999999,-51.75,-2.987141537818687e-23,nan,24.34
,0.0,55.0,-46.0,-1.5707963267948963,NO_PATH,5.83604964e-19,0.0,29.99999999999999,-51.75,-2.987141537818687e-23,nan,24.360000000000003
,0.0,55.0,-46.0,-1.5707963267948963,NO_PATH,1.13419276e-18,0.0,29.99999999999999,-51.75,-2.987141537818687e-23,nan,24.380000000000003
,0.0,55.0,-46.0,-1.5707963267948963,NO_PATH,1.28389246e-19,0.0,29.99999999999999,-51.75,-2.987141537818687e-23,nan,24.400000000000002
,0.0,55.0,-46.0,-1.5707963267948963,NO_PATH,5.19205348e-19,0.0,29.99999999999999,-51.75,-2.987141537818687e-23,nan,24.42
,0.0,55.0,-46.0,-1.5707963267948963,NO_PATH,7.2387373e-19,0.0,29.99999999999999,-51.75,-2.987141537818687e-23,nan,24.44
,0.0,55.0,-46.0,-1.5707963267948963,NO_PATH,6.68635184e-19,0.0,29.99999999999999,-51.75,-2.987141537818687e-23,nan,24.46
,0.0,55.0,-46.0,-1.5707963267948963,NO_PATH,6.68635184e-19,0.0,29.99999999999999,-51.75,-2.987141537818687e-23,nan,24.48
,0.0,55.0,-46.0,-1.5707963267948963,NO_PATH,2.24279786e-19,0.0,29.99999999999999,-51.75,-2.987141537818687e-23,nan,24.5
,0.0,55.0,-46.0,-1.5707963267948963,NO_PATH,1.85661342e-20,0.0,29.99999999999999,-51.75,-2.987141537818687e-23,nan,24.520000000000003
,0.0,55.0,-46.0,-1.5707963267948963,NO_PATH,-1.73088404e-20,0.0,29.99999999999999,-51.75,-2.987141537818687e-23,nan,24.540000000000003
,0.0,55.0,-46.0,-1.5707963267948963,NO_PATH,-2.28057547e-19,0.0,29.99999999999999,-51.75,-2.987141537818687e-23,nan,24.561
,0.0,55.0,-46.0,-1.5707963267948963,NO_PATH,4.72910993e-19,0.0,29.99999999999999,-51.75,-2.987141537818687e-23,nan,24.580000000000002
,0.0,55.0,-46.0,-1.5707963267948963,NO_PATH,6.79666817e-20,0.0,29.99999999999999,-51.75,-2.987141537818687e-23,nan,24.6
,0.0,55.0,-46.0,-1.5707963267948963,NO_PATH,6.79666817e-20,0.0,29.99999999999999,-51.75,-2.987141537818687e-23,nan,24.62
,0.0,55.0,-46.0,-1.5707963267948963,NO_PATH,2.05777698e-19,0.0,29.99999999999999,-51.75,-2.987141537818687e-23,nan,24.64
,0.0,55.0,-46.0,-1.5707963267948963,NO_PATH,9.1999561e-19,0.0,29.99999999999999,-51.75,-2.987141537818687e-23,nan,24.66
,0.0,55.0,-46.0,-1.5707963267948963,NO_PATH,3.54462083e-19,0.0,29.99999999999999,-51.75,-2.987141537818687e-23,nan,24.680000000000003
,0.0,55.0,-46.0,-1.5707963267948963,NO_PATH,3.54462083e-19,0.0,29.99999999999999,-51.75,-2.987141537818687e-23,nan,24.700000000000003
,0.0,55.0,-46.0,-1.5707963267948963,NO_PATH,1.66179736e-19,0.0,29.99999999999999,-51.75,-2.987141537818687e-23,nan,24.720000000000002
,0.0,55.0,-46.0,-1.5707963267948963,NO_PATH,6.02575548e-19,0.0,29.99999999999999,-51.75,-2.987141537818687e-23,nan,24.740000000000002
,0.0,55.0,-46.0,-1.5707963267948963,NO_PATH,6.02575548e-19,0.0,29.99999999999999,-51.75,-2.987141537818687e-23,nan,24.76
,0.0,55.0,-46.0,-1.5707963267948963,NO_PATH,5.46233692e-19,0.0,29.99999999999999,-51.75,-2.987141537818687e-23,nan,24.78
,0.0,55.0,-46.0,-1.5707963267948963,NO_PATH,-1.99155298e-19,0.0,29.99999999999999,-51.75,-2.987141537818687e-23,nan,24.8
,0.0,55.0,-46.0,-1.5707963267948963,NO_PATH,9.18300154e-19,0.0,29.99999999999999,-51.75,-2.987141537818687e-23,nan,24.82
,0.0,55.0,-46.0,-1.5707963267948963,NO_PATH,9.18300154e-19,0.0,29.99999999999999,-51.75,-2.987141537818687e-23,nan,24.84
,0.0,55.0,-46.0,-1.5707963267948963,NO_PATH,1.56353089e-19,0.0,29.99999999999999,-51.75,-2.987141537818687e-23,nan,24.860000000000003
,0.0,55.0,-46.0,-1.5707963267948963,NO_PATH,1.10581751e-18,0.0,29.99999999999999,-51.75,-2.987141537818687e-23,nan,24.880000000000003
,0.0,55.0,-46.0,-1.5707963267948963,NO_PATH,4.34886877e-19,0.0,29.99999999999999,-51.75,-2.987141537818687e-23,nan,24.900000000000002
,0.0,55.0,-46.0,-1.5707963267948963,NO_PATH,4.34886877e-19,0.0,29.99999999999999,-51.75,-2.987141537818687e-23,nan,24.92
,0.0,55.0,-46.0,-1.5707963267948963,NO_PATH,6.01168242e-19,0.0,29.99999999999999,-51.75,-2.987141537818687e-23,nan,24.94
,0.0,55.0,-46.0,-1.5707963267948963,NO_PATH,6.01168242e-19,0.0,29.99999999999999,-51.75,-2.987141537818687e-23,nan,24.96
,0.0,55.0,-46.0,-1.5707963267948963,NO_PATH,1.21606461e-18,0.0,29.99999999999999,-51.75,-2.987141537818687e-23,nan,24.98
,0.0,55.0,-46.0,-1.5707963267948963,NO_PATH,8.50073858e-19,0.0,29.99999999999999,-51.75,-2.987141537818687e-23,nan,25.0
,0.0,55.0,-46.0,-1.5707963267948963,NO_PATH,1.93313361e-19,0.0,29.99999999999999,-51.75,-2.987141537818687e-23,nan,25.020000000000003
,0.0,55.0,-46.0,-1.5707963267948963,NO_PATH,4.89118626e-19,0.0,29.99999999999999,-51.75,-2.987141537818687e-23,nan,25.040000000000003
,0.0,55.0,-46.0,-1.5707963267948963,NO_PATH,4.93834124e-19,0.0,29.99999999999999,-51.75,-2.987141537818687e-23,nan,25.060000000000002
,0.0,55.0,-46.0,-1.5707963267948963,NO_PATH,3.9143657e-19,0.0,29.99999999999999,-51.75,-2.987141537818687e-23,nan,25.080000000000002
,0.0,55.0,-46.0,-1.5707963267948963,NO_PATH,6.24234356e-19,0.0,29.99999999999999,-51.75,-2.987141537818687e-23,nan,25.101000000000003
,0.0,55.0,-46.0,-1.5707963267948963,NO_PATH,4.74389487e-19,0.0,29.99999999999999,-51.75,-2.987141537818687e-23,nan,25.12
,0.0,55.0,-46.0,-1.5707963267948963,NO_PATH,4.74389487e-19,0.0,29.99999999999999,-51.75,-2.987141537818687e-23,nan,25.14
,0.0,55.0,-46.0,-1.5707963267948963,NO_PATH,9.2443323e-19,0.0,29.99999999999999,-51.75,-2.987141537818687e-23,nan,25.16
,0.0,55.0,-46.0,-1.5707963267948963,NO_PATH,-3.84819805e-19,0.0,29.99999999999999,-51.75,-2.987141537818687e-23,nan,25.180000000000003
,0.0,55.0,-46.0,-1.5707963267948963,NO_PATH,6.31361588e-19,0.0,29.99999999999999,-51.75,-2.987141537818687e-23,nan,25.200000000000003
,0.0,55.0,-46.0,-1.5707963267948963,NO_PATH,6.31361588e-19,0.0,29.99999999999999,-51.75,-2.987141537818687e-23,nan,25.220000000000002
,0.0,55.0,-46.0,-1.5707963267948963,NO_PATH,3.40277256e-19,0.0,29.99999999999999,-51.75,-2.987141537818687e-23,nan,25.240000000000002
,0.0,55.0,-46.0,-1.5707963267948963,NO_PATH,6.05188917e-19,0.0,29.99999999999999,-51.75,-2.987141537818687e-23,nan,25.26
,0.0,55.0,-46.0,-1.5707963267948963,NO_PATH,4.00815021e-19,0.0,29.99999999999999,-51.75,-2.987141537818687e-23,nan,25.28
,0.0,55.0,-46.0,-1.5707963267948963,NO_PATH,4.35471975e-19,0.0,29.99999999999999,-51.75,-2.987141537818687e-23,nan,25.3
,0.0,55.0,-46.0,-1.5707963267948963,NO_PATH,2.6434389e-20,0.0,29.99999999999999,-51.75,-2.987141537818687e-23,nan,25.32
,0.0,55.0,-46.0,-1.5707963267948963,NO_PATH,2.6434389e-20,0.0,29.99999999999999,-51.75,-2.987141537818687e-23,nan,25.34
,0.0,55.0,-46.0,-1.5707963267948963,NO_PATH,4.16468405e-20,0.0,29.99999999999999,-51.75,-2.987141537818687e-23,nan,25.360000000000003
,0.0,55.0,-46.0,-1.5707963267948963,NO_PATH,4.16468405e-20,0.0,29.99999999999999,-51.75,-2.987141537818687e-23,nan,25.380000000000003
,0.0,55.0,-46.0,-1.5707963267948963,NO_PATH,3.01318453e-19,0.0,29.99999999999999,-51.75,-2.987141537818687e-23,nan,25.400000000000002
,0.0,55.0,-46.0,-1.5707963267948963,NO_PATH,1.46408929e-18,0.0,29.99999999999999,-51.75,-2.987141537818687e-23,nan,25.42
,0.0,55.0,-46.0,-1.5707963267948963,NO_PATH,1.46408929e-18,0.0,29.99999999999999,-51.75,-2.987141537818687e-23,nan,25.44
,0.0,55.0,-46.0,-1.5707963267948963,NO_PATH,8.16262141e-19,0.0,29.99999999999999,-51.75,-2.987141537818687e-23,nan,25.46
,0.0,55.0,-46.0,-1.5707963267948963,NO_PATH,3.60827501e-19,0.0,29.99999999999999,-51.75,-2.987141537818687e-23,nan,25.48
,0.0,55.0,-46.0,-1.5707963267948963,NO_PATH,5.83873093e-19,0.0,29.99999999999999,-51.75,-2.987141537818687e-23,nan,25.5
,0.0,55.0,-46.0,-1.5707963267948963,NO_PATH,9.0157847e-19,0.0,29.99999999999999,-51.75,-2.987141537818687e-23,nan,25.520000000000003
,0.0,55.0,-46.0,-1.5707963267948963,NO_PATH,9.0157847e-19,0.0,29.99999999999999,-51.75,-2.987141537818687e-23,nan,25.540000000000003
,0.0,55.0,-46.0,-1.5707963267948963,NO_PATH,9.14957915e-19,0.0,29.99999999999999,-51.75,-2.987141537818687e-23,nan,25.560000000000002
,0.0,55.0,-46.0,-1.5707963267948963,NO_PATH,-1.73284315e-20,0.0,29.99999999999999,-51.75,-2.987141537818687e-23,nan,25.580000000000002
,0.0,55.0,-46.0,-1.5707963267948963,NO_PATH,8.87856193e-19,0.0,29.99999999999999,-51.75,-2.987141537818687e-23,nan,25.6
,0.0,55.0,-46.0,-1.5707963267948963,NO_PATH,3.89417558e-20,0.0,29.99999999999999,-51.75,-2.987141537818687e-23,nan,25.62
,0.0,55.0,-46.0,-1.5707963267948963,NO_PATH,3.89417558e-20,0.0,29.99999999999999,-51.75,-2.987141537818687e-23,nan,25.64
,0.0,55.0,-46.0,-1.5707963267948963,NO_PATH,-1.99607117e-20,0.0,29.99999999999999,-51.75,-2.987141537818687e-23,nan,25.661
,0.0,55.0,-46.0,-1.5707963267948963,NO_PATH,9.40872172e-19,0.0,29.99999999999999,-51.75,-2.987141537818687e-23,nan,25.680000000000003
,0.0,55.0,-46.0,-1.5707963267948963,NO_PATH,4.87158504e-19,0.0,29.99999999999999,-51.75,-2.987141537818687e-23,nan,25.700000000000003
,0.0,55.0,-46.0,-1.5707963267948963,NO_PATH,-3.87588597e-19,0.0,29.99999999999999,-51.75,-2.987141537818687e-23,nan,25.720000000000002
,0.0,55.0,-46.0,-1.5707963267948963,NO_PATH,1.21073215e-18,0.0,29.99999999999999,-51.75,-2.987141537818687e-23,nan,25.741000000000003
,0.0,55.0,-46.0,-1.5707963267948963,NO_PATH,1.21073215e-18,0.0,29.99999999999999,-51.75,-2.987141537818687e-23,nan,25.76
,0.0,55.0,-46.0,-1.5707963267948963,NO_PATH,5.40416258e-19,0.0,29.99999999999999,-51.75,-2.987141537818687e-23,nan,25.78
,0.0,55.0,-46.0,-1.5707963267948963,NO_PATH,5.40416258e-19,0.0,29.99999999999999,-51.75,-2.987141537818687e-23,nan,25.8
,0.0,55.0,-46.0,-1.5707963267948963,NO_PATH,7.0748706e-19,0.0,29.99999999999999,-51.75,-2.987141537818687e-23,nan,25.82
,0.0,55.0,-46.0,-1.5707963267948963,NO_PATH,7.35453009e-19,0.0,29.99999999999999,-51.75,-2.987141537818687e-23,nan,25.84
,0.0,55.0,-46.0,-1.5707963267948963,NO_PATH,7.35453009e-19,0.0,29.99999999999999,-51.75,-2.987141537818687e-23,nan,25.860000000000003
,0.0,55.0,-46.0,-1.5707963267948963,NO_PATH,7.54086217e-19,0.0,29.99999999999999,-51.75,-2.987141537818687e-23,nan,25.880000000000003
,0.0,55.0,-46.0,-1.5707963267948963,NO_PATH,1.02321981e-18,0.0,29.99999999999999,-51.75,-2.987141537818687e-23,nan,25.901000000000003
,0.0,55.0,-46.0,-1.5707963267948963,NO_PATH,6.60954396e-19,0.0,29.99999999999999,-51.75,-2.987141537818687e-23,nan,25.92
,0.0,55.0,-46.0,-1.5707963267948963,NO_PATH,2.17139607e-19,0.0,29.99999999999999,-51.75,-2.987141537818687e-23,nan,25.94
,0.0,55.0,-46.0,-1.5707963267948963,NO_PATH,3.40687924e-20,0.0,29.99999999999999,-51.75,-2.987141537818687e-23,nan,25.961000000000002
,0.0,55.0,-46.0,-1.5707963267948963,NO_PATH,3.12234769e-19,0.0,29.99999999999999,-51.75,-2.987141537818687e-23,nan,25.98
,0.0,55.0,-46.0,-1.5707963267948963,NO_PATH,2.02029158e-20,0.0,29.99999999999999,-51.75,-2.987141537818687e-23,nan,26.0
,0.0,55.0,-46.0,-1.5707963267948963,NO_PATH,7.8272888e-19,0.0,29.99999999999999,-51.75,-2.987141537818687e-23,nan,26.020000000000003
,0.0,55.0,-46.0,-1.5707963267948963,NO_PATH,-6.89067092e-20,0.0,29.99999999999999,-51.75,-2.987141537818687e-23,nan,26.040000000000003
,0.0,55.0,-46.0,-1.5707963267948963,NO_PATH,7.22560135e-19,0.0,29.99999999999999,-51.75,-2.987141537818687e-23,nan,26.060000000000002
,0.0,55.0,-46.0,-1.5707963267948963,NO_PATH,7.22560135e-19,0.0,29.99999999999999,-51.75,-2.987141537818687e-23,nan,26.080000000000002
,0.0,55.0,-46.0,-1.5707963267948963,NO_PATH,2.70863003e-19,0.0,29.99999999999999,-51.75,-2.987141537818687e-23,nan,26.1
,0.0,55.0,-46.0,-1.5707963267948963,NO_PATH,4.61107663e-19,0.0,29.99999999999999,-51.75,-2.987141537818687e-23,nan,26.12
,0.0,55.0,-46.0,-1.5707963267948963,NO_PATH,1.51723975e-19,0.0,29.99999999999999,-51.75,-2.987141537818687e-23,nan,26.14
,0.0,55.0,-46.0,-1.5707963267948963,NO_PATH,1.00342382e-18,0.0,29.99999999999999,-51.75,-2.987141537818687e-23,nan,26.16
,0.0,55.0,-46.0,-1.5707963267948963,NO_PATH,1.06620326e-18,0.0,29.99999999999999,-51.75,-2.987141537818687e-23,nan,26.181
,0.0,55.0,-46.0,-1.5707963267948963,NO_PATH,1.06620326e-18,0.0,29.99999999999999,-51.75,-2.987141537818687e-23,nan,26.200000000000003
,0.0,55.0,-46.0,-1.5707963267948963,NO_PATH,8.95900903e-19,0.0,29.99999999999999,-51.75,-2.987141537818687e-23,nan,26.220000000000002
,0.0,55.0,-46.0,-1.5707963267948963,NO_PATH,8.95900903e-19,0.0,29.99999999999999,-51.75,-2.987141537818687e-23,nan,26.240000000000002
,0.0,55.0,-46.0,-1.5707963267948963,NO_PATH,8.42905061e-19,0.0,29.99999999999999,-51.75,-2.987141537818687e-23,nan,26.26
,0.0,55.0,-46.0,-1.5707963267948963,NO_PATH,8.7894695e-19,0.0,29.99999999999999,-51.75,-2.987141537818687e-23,nan,26.28
,0.0,55.0,-46.0,-1.5707963267948963,NO_PATH,8.64355754e-19,0.0,29.99999999999999,-51.75,-2.987141537818687e-23,nan,26.3
,0.0,55.0,-46.0,-1.5707963267948963,NO_PATH,-6.48228302e-19,0.0,29.99999999999999,-51.75,-2.987141537818687e-23,nan,26.32
,0.0,55.0,-46.0,-1.5707963267948963,NO_PATH,-6.48228302e-19,0.0,29.99999999999999,-51.75,-2.987141537818687e-23,nan,26.340000000000003
,0.0,55.0,-46.0,-1.5707963267948963,NO_PATH,3.70735273e-19,0.0,29.99999999999999,-51.75,-2.987141537818687e-23,nan,26.360000000000003
,0.0,55.0,-46.0,-1.5707963267948963,NO_PATH,6.59165486e-19,0.0,29.99999999999999,-51.75,-2.987141537818687e-23,nan,26.380000000000003
,0.0,55.0,-46.0,-1.5707963267948963,NO_PATH,3.33904279e-19,0.0,29.99999999999999,-51.75,-2.987141537818687e-23,nan,26.400000000000002
,0.0,55.0,-46.0,-1.5707963267948963,NO_PATH,3.33904279e-19,0.0,29.99999999999999,-51.75,-2.987141537818687e-23,nan,26.42
,0.0,55.0,-46.0,-1.5707963267948963,NO_PATH,1.28008465e-19,0.0,29.99999999999999,-51.75,-2.987141537818687e-23,nan,26.44
,0.0,55.0,-46.0,-1.5707963267948963,NO_PATH,3.06412739e-19,0.0,29.99999999999999,-51.75,-2.987141537818687e-23,nan,26.46
,0.0,55.0,-46.0,-1.5707963267948963,NO_PATH,1.62262494e-19,0.0,29.99999999999999,-51.75,-2.987141537818687e-23,nan,26.481
,0.0,55.0,-46.0,-1.5707963267948963,NO_PATH,1.62262494e-19,0.0,29.99999999999999,-51.75,-2.987141537818687e-23,nan,26.5
,0.0,55.0,-46.0,-1.5707963267948963,NO_PATH,3.3794916e-19,0.0,29.99999999999999,-51.75,-2.987141537818687e-23,nan,26.520000000000003
,0.0,55.0,-46.0,-1.5707963267948963,NO_PATH,9.78846889e-19,0.0,29.99999999999999,-51.75,-2.987141537818687e-23,nan,26.540000000000003
,0.0,55.0,-46.0,-1.5707963267948963,NO_PATH,9.78846889e-19,0.0,29.99999999999999,-51.75,-2.987141537818687e-23,nan,26.560000000000002
,0.0,55.0,-46.0,-1.5707963267948963,NO_PATH,1.1472422e-18,0.0,29.99999999999999,-51.75,-2.987141537818687e-23,nan,26.580000000000002
,0.0,55.0,-46.0,-1.5707963267948963,NO_PATH,6.33347089e-19,0.0,29.99999999999999,-51.75,-2.987141537818687e-23,nan,26.6
,0.0,55.0,-46.0,-1.5707963267948963,NO_PATH,4.84440763e-19,0.0,29.99999999999999,-51.75,-2.987141537818687e-23,nan,26.62
,0.0,55.0,-46.0,-1.5707963267948963,NO_PATH,4.44656827e-19,0.0,29.99999999999999,-51.75,-2.987141537818687e-23,nan,26.64
,0.0,55.0,-46.0,-1.5707963267948963,NO_PATH,8.98274687e-19,0.0,29.99999999999999,-51.75,-2.987141537818687e-23,nan,26.66
,0.0,55.0,-46.0,-1.5707963267948963,NO_PATH,8.98274687e-19,0.0,29.99999999999999,-51.75,-2.987141537818687e-23,nan,26.680000000000003
,0.0,55.0,-46.0,-1.5707963267948963,NO_PATH,1.06617405e-18,0.0,29.99999999999999,-51.75,-2.987141537818687e-23,nan,26.700000000000003
,0.0,55.0,-46.0,-1.5707963267948963,NO_PATH,4.11806781e-19,0.0,29.99999999999999,-51.75,-2.987141537818687e-23,nan,26.720000000000002
,0.0,55.0,-46.0,-1.5707963267948963,NO_PATH,1.98358819e-19,0.0,29.99999999999999,-51.75,-2.987141537818687e-23,nan,26.740000000000002
,0.0,55.0,-46.0,-1.5707963267948963,NO_PATH,6.33740315e-19,0.0,29.99999999999999,-51.75,-2.987141537818687e-23,nan,26.76
,0.0,55.0,-46.0,-1.5707963267948963,NO_PATH,3.71697728e-19,0.0,29.99999999999999,-51.75,-2.987141537818687e-23,nan,26.78
,0.0,55.0,-46.0,-1.5707963267948963,NO_PATH,9.13827754e-19,0.0,29.99999999999999,-51.75,-2.987141537818687e-23,nan,26.8
,0.0,55.0,-46.0,-1.5707963267948963,NO_PATH,8.2671827e-19,0.0,29.99999999999999,-51.75,-2.987141537818687e-23,nan,26.82
,0.0,55.0,-46.0,-1.5707963267948963,NO_PATH,7.52011276e-19,0.0,29.99999999999999,-51.75,-2.987141537818687e-23,nan,26.840000000000003
,0.0,55.0,-46.0,-1.5707963267948963,NO_PATH,7.52011276e-19,0.0,29.99999999999999,-51.75,-2.987141537818687e-23,nan,26.860000000000003
,0.0,55.0,-46.0,-1.5707963267948963,NO_PATH,9.3336788e-19,0.0,29.99999999999999,-51.75,-2.987141537818687e-23,nan,26.880000000000003
,0.0,55.0,-46.0,-1.5707963267948963,NO_PATH,9.3336788e-19,0.0,29.99999999999999,-51.75,-2.987141537818687e-23,nan,26.900000000000002
,0.0,55.0,-46.0,-1.5707963267948963,NO_PATH,5.38418449e-19,0.0,29.99999999999999,-51.75,-2.987141537818687e-23,nan,26.92
,0.0,55.0,-46.0,-1.5707963267948963,NO_PATH,6.9614893e-19,0.0,29.99999999999999,-51.75,-2.987141537818687e-23,nan,26.94
,0.0,55.0,-46.0,-1.5707963267948963,NO_PATH,2.44894631e-19,0.0,29.99999999999999,-51.75,-2.987141537818687e-23,nan,26.96
,0.0,55.0,-46.0,-1.5707963267948963,NO_PATH,5.58085873e-19,0.0,29.99999999999999,-51.75,-2.987141537818687e-23,nan,26.98
,0.0,55.0,-46.0,-1.5707963267948963,NO_PATH,5.74346498e-19,0.0,29.99999999999999,-51.75,-2.987141537818687e-23,nan,27.0
,0.0,55.0,-46.0,-1.5707963267948963,NO_PATH,3.93936864e-19,0.0,29.99999999999999,-51.75,-2.987141537818687e-23,nan,27.020000000000003
,0.0,55.0,-46.0,-1.5707963267948963,NO_PATH,3.93936864e-19,0.0,29.99999999999999,-51.75,-2.987141537818687e-23,nan,27.040000000000003
,0.0,55.0,-46.0,-1.5707963267948963,NO_PATH,4.45661125e-19,0.0,29.99999999999999,-51.75,-2.987141537818687e-23,nan,27.060000000000002
,0.0,55.0,-46.0,-1.5707963267948963,NO_PATH,3.17251419e-19,0.0,29.99999999999999,-51.75,-2.987141537818687e-23,nan,27.080000000000002
,0.0,55.0,-46.0,-1.5707963267948963,NO_PATH,3.17251419e-19,0.0,29.99999999999999,-51.75,-2.987141537818687e-23,nan,27.1
,0.0,55.0,-46.0,-1.5707963267948963,NO_PATH,8.96633636e-19,0.0,29.99999999999999,-51.75,-2.987141537818687e-23,nan,27.12
,0.0,55.0,-46.0,-1.5707963267948963,NO_PATH,-6.50396836e-19,0.0,29.99999999999999,-51.75,-2.987141537818687e-23,nan,27.14
,0.0,55.0,-46.0,-1.5707963267948963,NO_PATH,2.47046691e-19,0.0,29.99999999999999,-51.75,-2.987141537818687e-23,nan,27.16
,0.0,55.0,-46.0,-1.5707963267948963,NO_PATH,2.47046691e-19,0.0,29.99999999999999,-51.75,-2.987141537818687e-23,nan,27.180000000000003
,0.0,55.0,-46.0,-1.5707963267948963,NO_PATH,3.00679975e-19,0.0,29.99999999999999,-51.75,-2.987141537818687e-23,nan,27.200000000000003
,0.0,55.0,-46.0,-1.5707963267948963,NO_PATH,3.00679975e-19,0.0,29.99999999999999,-51.75,-2.987141537818687e-23,nan,27.220000000000002
,0.0,55.0,-46.0,-1.5707963267948963,NO_PATH,4.98376578e-19,0.0,29.99999999999999,-51.75,-2.987141537818687e-23,nan,27.240000000000002
,0.0,55.0,-46.0,-1.5707963267948963,NO_PATH,9.08152431e-19,0.0,29.99999999999999,-51.75,-2.987141537818687e-23,nan,27.26
,0.0,55.0,-46.0,-1.5707963267948963,NO_PATH,9.08318102e-20,0.0,29.99999999999999,-51.75,-2.987141537818687e-23,nan,27.28
,0.0,55.0,-46.0,-1.5707963267948963,NO_PATH,5.86271752e-20,0.0,29.99999999999999,-51.75,-2.987141537818687e-23,nan,27.301000000000002
,0.0,55.0,-46.0,-1.5707963267948963,NO_PATH,5.86271752e-20,0.0,29.99999999999999,-51.75,-2.987141537818687e-23,nan,27.32
,0.0,55.0,-46.0,-1.5707963267948963,NO_PATH,3.6230042e-19,0.0,29.99999999999999,-51.75,-2.987141537818687e-23,nan,27.340000000000003
,0.0,55.0,-46.0,-1.5707963267948963,NO_PATH,5.82291086e-20,0.0,29.99999999999999,-51.75,-2.987141537818687e-23,nan,27.360000000000003
,0.0,55.0,-46.0,-1.5707963267948963,NO_PATH,7.6084237e-19,0.0,29.99999999999999,-51.75,-2.987141537818687e-23,nan,27.380000000000003
,0.0,55.0,-46.0,-1.5707963267948963,NO_PATH,5.37285038e-19,0.0,29.99999999999999,-51.75,-2.987141537818687e-23,nan,27.400000000000002
,0.0,55.0,-46.0,-1.5707963267948963,NO_PATH,7.04330206e-19,0.0,29.99999999999999,-51.75,-2.987141537818687e-23,nan,27.421000000000003
,0.0,55.0,-46.0,-1.5707963267948963,NO_PATH,7.04330206e-19,0.0,29.99999999999999,-51.75,-2.987141537818687e-23,nan,27.44
,0.0,55.0,-46.0,-1.5707963267948963,NO_PATH,-2.32111121e-19,0.0,29.99999999999999,-51.75,-2.987141537818687e-23,nan,27.46
,0.0,55.0,-46.0,-1.5707963267948963,NO_PATH,5.87183774e-19,0.0,29.99999999999999,-51.75,-2.987141537818687e-23,nan,27.48
,0.0,55.0,-46.0,-1.5707963267948963,NO_PATH,5.87183774e-19,0.0,29.99999999999999,-51.75,-2.987141537818687e-23,nan,27.5
,0.0,55.0,-46.0,-1.5707963267948963,NO_PATH,8.17759768e-19,0.0,29.99999999999999,-51.75,-2.987141537818687e-23,nan,27.521
,0.0,55.0,-46.0,-1.5707963267948963,NO_PATH,3.88507992e-19,0.0,29.99999999999999,-51.75,-2.987141537818687e-23,nan,27.540000000000003
,0.0,55.0,-46.0,-1.5707963267948963,NO_PATH,3.34641289e-19,0.0,29.99999999999999,-51.75,-2.987141537818687e-23,nan,27.560000000000002
,0.0,55.0,-46.0,-1.5707963267948963,NO_PATH,3.42126067e-19,0.0,29.99999999999999,-51.75,-2.987141537818687e-23,nan,27.580000000000002
,0.0,55.0,-46.0,-1.5707963267948963,NO_PATH,7.27136037e-19,0.0,29.99999999999999,-51.75,-2.987141537818687e-23,nan,27.6
,0.0,55.0,-46.0,-1.5707963267948963,NO_PATH,7.27136037e-19,0.0,29.99999999999999,-51.75,-2.987141537818687e-23,nan,27.62
,0.0,55.0,-46.0,-1.5707963267948963,NO_PATH,4.44790373e-19,0.0,29.99999999999999,-51.75,-2.987141537818687e-23,nan,27.64
,0.0,55.0,-46.0,-1.5707963267948963,NO_PATH,4.44790373e-19,0.0,29.99999999999999,-51.75,-2.987141537818687e-23,nan,27.66
,0.0,55.0,-46.0,-1.5707963267948963,NO_PATH,5.34900911e-19,0.0,29.99999999999999,-51.75,-2.987141537818687e-23,nan,27.680000000000003
,0.0,55.0,-46.0,-1.5707963267948963,NO_PATH,1.14857524e-18,0.0,29.99999999999999,-51.75,-2.987141537818687e-23,nan,27.700000000000003
,0.0,55.0,-46.0,-1.5707963267948963,NO_PATH,3.17219575e-19,0.0,29.99999999999999,-51.75,-2.987141537818687e-23,nan,27.720000000000002
,0.0,55.0,-46.0,-1.5707963267948963,NO_PATH,6.91492894e-19,0.0,29.99999999999999,-51.75,-2.987141537818687e-23,nan,27.740000000000002
,0.0,55.0,-46.0,-1.5707963267948963,NO_PATH,1.16672585e-18,0.0,29.99999999999999,-51.75,-2.987141537818687e-23,nan,27.76
,0.0,55.0,-46.0,-1.5707963267948963,NO_PATH,1.16672585e-18,0.0,29.99999999999999,-51.75,-2.987141537818687e-23,nan,27.78
,0.0,55.0,-46.0,-1.5707963267948963,NO_PATH,1.52739942e-19,0.0,29.99999999999999,-51.75,-2.987141537818687e-23,nan,27.8
,0.0,55.0,-46.0,-1.5707963267948963,NO_PATH,8.35837321e-19,0.0,29.99999999999999,-51.75,-2.987141537818687e-23,nan,27.82
,0.0,55.0,-46.0,-1.5707963267948963,NO_PATH,8.35837321e-19,0.0,29.99999999999999,-51.75,-2.987141537818687e-23,nan,27.840000000000003
,0.0,55.0,-46.0,-1.5707963267948963,NO_PATH,6.92277707e-19,0.0,29.99999999999999,-51.75,-2.987141537818687e-23,nan,27.860000000000003
,0.0,55.0,-46.0,-1.5707963267948963,NO_PATH,1.96669178e-19,0.0,29.99999999999999,-51.75,-2.987141537818687e-23,nan,27.880000000000003
,0.0,55.0,-46.0,-1.5707963267948963,NO_PATH,5.13243372e-19,0.0,29.99999999999999,-51.75,-2.987141537818687e-23,nan,27.900000000000002
,0.0,55.0,-46.0,-1.5707963267948963,NO_PATH,2.10702786e-19,0.0,29.99999999999999,-51.75,-2.987141537818687e-23,nan,27.92
,0.0,55.0,-46.0,-1.5707963267948963,NO_PATH,5.57332251e-19,0.0,29.99999999999999,-51.75,-2.987141537818687e-23,nan,27.94
,0.0,55.0,-46.0,-1.5707963267948963,NO_PATH,3.93337652e-19,0.0,29.99999999999999,-51.75,-2.987141537818687e-23,nan,27.96
,0.0,55.0,-46.0,-1.5707963267948963,NO_PATH,3.93337652e-19,0.0,29.99999999999999,-51.75,-2.987141537818687e-23,nan,27.98
,0.0,55.0,-46.0,-1.5707963267948963,NO_PATH,8.12161855e-19,0.0,29.99999999999999,-51.75,-2.987141537818687e-23,nan,28.0
,0.0,55.0,-46.0,-1.5707963267948963,NO_PATH,3.17437002e-19,0.0,29.99999999999999,-51.75,-2.987141537818687e-23,nan,28.020000000000003
,0.0,55.0,-46.0,-1.5707963267948963,NO_PATH,8.3390778e-19,0.0,29.99999999999999,-51.75,-2.987141537818687e-23,nan,28.040000000000003
,0.0,55.0,-46.0,-1.5707963267948963,NO_PATH,2.86918718e-19,0.0,29.99999999999999,-51.75,-2.987141537818687e-23,nan,28.060000000000002
,0.0,55.0,-46.0,-1.5707963267948963,NO_PATH,1.78925258e-19,0.0,29.99999999999999,-51.75,-2.987141537818687e-23,nan,28.081000000000003
,0.0,55.0,-46.0,-1.5707963267948963,NO_PATH,1.39829844e-18,0.0,29.99999999999999,-51.75,-2.987141537818687e-23,nan,28.1
,0.0,55.0,-46.0,-1.5707963267948963,NO_PATH,2.18174783e-19,0.0,29.99999999999999,-51.75,-2.987141537818687e-23,nan,28.12
,0.0,55.0,-46.0,-1.5707963267948963,NO_PATH,2.97701522e-19,0.0,29.99999999999999,-51.75,-2.987141537818687e-23,nan,28.14
,0.0,55.0,-46.0,-1.5707963267948963,NO_PATH,3.1550611e-20,0.0,29.99999999999999,-51.75,-2.987141537818687e-23,nan,28.161
,0.0,55.0,-46.0,-1.5707963267948963,NO_PATH,5.04985987e-19,0.0,29.99999999999999,-51.75,-2.987141537818687e-23,nan,28.181
,0.0,55.0,-46.0,-1.5707963267948963,NO_PATH,5.04985987e-19,0.0,29.99999999999999,-51.75,-2.987141537818687e-23,nan,28.200000000000003
,0.0,55.0,-46.0,-1.5707963267948963,NO_PATH,5.0700033e-19,0.0,29.99999999999999,-51.75,-2.987141537818687e-23,nan,28.220000000000002
,0.0,55.0,-46.0,-1.5707963267948963,NO_PATH,5.0700033e-19,0.0,29.99999999999999,-51.75,-2.987141537818687e-23,nan,28.240000000000002
,0.0,55.0,-46.0,-1.5707963267948963,NO_PATH,7.63060885e-19,0.0,29.99999999999999,-51.75,-2.987141537818687e-23,nan,28.261000000000003
,0.0,55.0,-46.0,-1.5707963267948963,NO_PATH,9.83541073e-19,0.0,29.99999999999999,-51.75,-2.987141537818687e-23,nan,28.28
,0.0,55.0,-46.0,-1.5707963267948963,NO_PATH,9.00507142e-19,0.0,29.99999999999999,-51.75,-2.987141537818687e-23,nan,28.3
,0.0,55.0,-46.0,-1.5707963267948963,NO_PATH,8.12094822e-19,0.0,29.99999999999999,-51.75,-2.987141537818687e-23,nan,28.32
,0.0,55.0,-46.0,-1.5707963267948963,NO_PATH,5.16803961e-19,0.0,29.99999999999999,-51.75,-2.987141537818687e-23,nan,28.340000000000003
,0.0,55.0,-46.0,-1.5707963267948963,NO_PATH,1.09206871e-18,0.0,29.99999999999999,-51.75,-2.987141537818687e-23,nan,28.360000000000003
,0.0,55.0,-46.0,-1.5707963267948963,NO_PATH,5.99185143e-19,0.0,29.99999999999999,-51.75,-2.987141537818687e-23,nan,28.380000000000003
,0.0,55.0,-46.0,-1.5707963267948963,NO_PATH,5.39277693e-19,0.0,29.99999999999999,-51.75,-2.987141537818687e-23,nan,28.400000000000002
,0.0,55.0,-46.0,-1.5707963267948963,NO_PATH,5.39277693e-19,0.0,29.99999999999999,-51.75,-2.987141537818687e-23,nan,28.42
,0.0,55.0,-46.0,-1.5707963267948963,NO_PATH,3.39286829e-19,0.0,29.99999999999999,-51.75,-2.987141537818687e-23,nan,28.44
,0.0,55.0,-46.0,-1.5707963267948963,NO_PATH,9.68900344e-19,0.0,29.99999999999999,-51.75,-2.987141537818687e-23,nan,28.46
,0.0,55.0,-46.0,-1.5707963267948963,NO_PATH,3.69192088e-19,0.0,29.99999999999999,-51.75,-2.987141537818687e-23,nan,28.48
,0.0,55.0,-46.0,-1.5707963267948963,NO_PATH,3.69192088e-19,0.0,29.99999999999999,-51.75,-2.987141537818687e-23,nan,28.5
,0.0,55.0,-46.0,-1.5707963267948963,NO_PATH,8.27487051e-19,0.0,29.99999999999999,-51.75,-2.987141537818687e-23,nan,28.520000000000003
,0.0,55.0,-46.0,-1.5707963267948963,NO_PATH,4.27811939e-19,0.0,29.99999999999999,-51.75,-2.987141537818687e-23,nan,28.540000000000003
,0.0,55.0,-46.0,-1.5707963267948963,NO_PATH,5.02400061e-19,0.0,29.99999999999999,-51.75,-2.987141537818687e-23,nan,28.560000000000002
,0.0,55.0,-46.0,-1.5707963267948963,NO_PATH,5.02400061e-19,0.0,29.99999999999999,-51.75,-2.987141537818687e-23,nan,28.580000000000002
,0.0,55.0,-46.0,-1.5707963267948963,NO_PATH,7.17499934e-19,0.0,29.99999999999999,-51.75,-2.987141537818687e-23,nan,28.602
,0.0,55.0,-46.0,-1.5707963267948963,NO_PATH,7.17499934e-19,0.0,29.99999999999999,-51.75,-2.987141537818687e-23,nan,28.62
,0.0,55.0,-46.0,-1.5707963267948963,NO_PATH,4.47790637e-19,0.0,29.99999999999999,-51.75,-2.987141537818687e-23,nan,28.64
,0.0,55.0,-46.0,-1.5707963267948963,NO_PATH,4.68674064e-19,0.0,29.99999999999999,-51.75,-2.987141537818687e-23,nan,28.66
,0.0,55.0,-46.0,-1.5707963267948963,NO_PATH,2.40988501e-19,0.0,29.99999999999999,-51.75,-2.987141537818687e-23,nan,28.680000000000003
,0.0,55.0,-46.0,-1.5707963267948963,NO_PATH,5.31039619e-19,0.0,29.99999999999999,-51.75,-2.987141537818687e-23,nan,28.700000000000003
,0.0,55.0,-46.0,-1.5707963267948963,NO_PATH,5.31039619e-19,0.0,29.99999999999999,-51.75,-2.987141537818687e-23,nan,28.720000000000002
,0.0,55.0,-46.0,-1.5707963267948963,NO_PATH,8.19706407e-19,0.0,29.99999999999999,-51.75,-2.987141537818687e-23,nan,28.740000000000002
,0.0,55.0,-46.0,-1.5707963267948963,NO_PATH,8.87612211e-19,0.0,29.99999999999999,-51.75,-2.987141537818687e-23,nan,28.761000000000003
,0.0,55.0,-46.0,-1.5707963267948963,NO_PATH,4.69632809e-19,0.0,29.99999999999999,-51.75,-2.987141537818687e-23,nan,28.78
,0.0,55.0,-46.0,-1.5707963267948963,NO_PATH,9.40876979e-19,0.0,29.99999999999999,-51.75,-2.987141537818687e-23,nan,28.8
,0.0,55.0,-46.0,-1.5707963267948963,NO_PATH,8.49617142e-19,0.0,29.99999999999999,-51.75,-2.987141537818687e-23,nan,28.82
,0.0,55.0,-46.0,-1.5707963267948963,NO_PATH,2.53626834e-19,0.0,29.99999999999999,-51.75,-2.987141537818687e-23,nan,28.840000000000003
,0.0,55.0,-46.0,-1.5707963267948963,NO_PATH,4.41388842e-19,0.0,29.99999999999999,-51.75,-2.987141537818687e-23,nan,28.860000000000003
,0.0,55.0,-46.0,-1.5707963267948963,NO_PATH,4.41388842e-19,0.0,29.99999999999999,-51.75,-2.987141537818687e-23,nan,28.880000000000003
,0.0,55.0,-46.0,-1.5707963267948963,NO_PATH,6.22630619e-19,0.0,29.99999999999999,-51.75,-2.987141537818687e-23,nan,28.901000000000003
,0.0,55.0,-46.0,-1.5707963267948963,NO_PATH,5.20714101e-19,0.0,29.99999999999999,-51.75,-2.987141537818687e-23,nan,28.92
,0.0,55.0,-46.0,-1.5707963267948963,NO_PATH,3.14363396e-19,0.0,29.99999999999999,-51.75,-2.987141537818687e-23,nan,28.94
,0.0,55.0,-46.0,-1.5707963267948963,NO_PATH,5.49026804e-19,0.0,29.99999999999999,-51.75,-2.987141537818687e-23,nan,28.96
,0.0,55.0,-46.0,-1.5707963267948963,NO_PATH,4.283301e-19,0.0,29.99999999999999,-51.75,-2.987141537818687e-23,nan,28.98
,0.0,55.0,-46.0,-1.5707963267948963,NO_PATH,5.47890781e-19,0.0,29.99999999999999,-51.75,-2.987141537818687e-23,nan,29.000000000000004
,0.0,55.0,-46.0,-1.5707963267948963,NO_PATH,1.35162336e-19,0.0,29.99999999999999,-51.75,-2.987141537818687e-23,nan,29.020000000000003
,0.0,55.0,-46.0,-1.5707963267948963,NO_PATH,1.07975488e-18,0.0,29.99999999999999,-51.75,-2.987141537818687e-23,nan,29.040000000000003
,0.0,55.0,-46.0,-1.5707963267948963,NO_PATH,6.68782592e-19,0.0,29.99999999999999,-51.75,-2.987141537818687e-23,nan,29.060000000000002
,0.0,55.0,-46.0,-1.5707963267948963,NO_PATH,3.30870075e-19,0.0,29.99999999999999,-51.75,-2.987141537818687e-23,nan,29.080000000000002
,0.0,55.0,-46.0,-1.5707963267948963,NO_PATH,3.30870075e-19,0.0,29.99999999999999,-51.75,-2.987141537818687e-23,nan,29.1
,0.0,55.0,-46.0,-1.5707963267948963,NO_PATH,3.44233368e-19,0.0,29.99999999999999,-51.75,-2.987141537818687e-23,nan,29.12
,0.0,55.0,-46.0,-1.5707963267948963,NO_PATH,4.06642347e-19,0.0,29.99999999999999,-51.75,-2.987141537818687e-23,nan,29.14
,0.0,55.0,-46.0,-1.5707963267948963,NO_PATH,4.06642347e-19,0.0,29.99999999999999,-51.75,-2.987141537818687e-23,nan,29.16
,0.0,55.0,-46.0,-1.5707963267948963,NO_PATH,3.64446917e-19,0.0,29.99999999999999,-51.75,-2.987141537818687e-23,nan,29.180000000000003
,0.0,55.0,-46.0,-1.5707963267948963,NO_PATH,4.63124542e-19,0.0,29.99999999999999,-51.75,-2.987141537818687e-23,nan,29.200000000000003
,0.0,55.0,-46.0,-1.5707963267948963,NO_PATH,4.35752046e-19,0.0,29.99999999999999,-51.75,-2.987141537818687e-23,nan,29.220000000000002
,0.0,55.0,-46.0,-1.5707963267948963,NO_PATH,4.35752046e-19,0.0,29.99999999999999,-51.75,-2.987141537818687e-23,nan,29.240000000000002
,0.0,55.0,-46.0,-1.5707963267948963,NO_PATH,6.0744835e-19,0.0,29.99999999999999,-51.75,-2.987141537818687e-23,nan,29.26
,0.0,55.0,-46.0,-1.5707963267948963,NO_PATH,1.76932109e-19,0.0,29.99999999999999,-51.75,-2.987141537818687e-23,nan,29.28
,0.0,55.0,-46.0,-1.5707963267948963,NO_PATH,1.76932109e-19,0.0,29.99999999999999,-51.75,-2.987141537818687e-23,nan,29.3
,0.0,55.0,-46.0,-1.5707963267948963,NO_PATH,2.13833972e-19,0.0,29.99999999999999,-51.75,-2.987141537818687e-23,nan,29.32
,0.0,55.0,-46.0,-1.5707963267948963,NO_PATH,7.43103691e-19,0.0,29.99999999999999,-51.75,-2.987141537818687e-23,nan,29.340000000000003
,0.0,55.0,-46.0,-1.5707963267948963,NO_PATH,7.54592409e-19,0.0,29.99999999999999,-51.75,-2.987141537818687e-23,nan,29.360000000000003
,0.0,55.0,-46.0,-1.5707963267948963,NO_PATH,7.54592409e-19,0.0,29.99999999999999,-51.75,-2.987141537818687e-23,nan,29.380000000000003
,0.0,55.0,-46.0,-1.5707963267948963,NO_PATH,4.33648819e-19,0.0,29.99999999999999,-51.75,-2.987141537818687e-23,nan,29.400000000000002
,0.0,55.0,-46.0,-1.5707963267948963,NO_PATH,2.55815636e-19,0.0,29.99999999999999,-51.75,-2.987141537818687e-23,nan,29.42
,0.0,55.0,-46.0,-1.5707963267948963,NO_PATH,-1.22023122e-21,0.0,29.99999999999999,-51.75,-2.987141537818687e-23,nan,29.44
,0.0,55.0,-46.0,-1.5707963267948963,NO_PATH,1.17412773e-18,0.0,29.99999999999999,-51.75,-2.987141537818687e-23,nan,29.46
,0.0,55.0,-46.0,-1.5707963267948963,NO_PATH,9.92562722e-20,0.0,29.99999999999999,-51.75,-2.987141537818687e-23,nan,29.48
,0.0,55.0,-46.0,-1.5707963267948963,NO_PATH,1.82562429e-19,0.0,29.99999999999999,-51.75,-2.987141537818687e-23,nan,29.500000000000004
,0.0,55.0,-46.0,-1.5707963267948963,NO_PATH,-1.15859346e-19,0.0,29.99999999999999,-51.75,-2.987141537818687e-23,nan,29.520000000000003
,0.0,55.0,-46.0,-1.5707963267948963,NO_PATH,-1.15859346e-19,0.0,29.99999999999999,-51.75,-2.987141537818687e-23,nan,29.540000000000003
,0.0,55.0,-46.0,-1.5707963267948963,NO_PATH,-1.65793846e-19,0.0,29.99999999999999,-51.75,-2.987141537818687e-23,nan,29.560000000000002
,0.0,55.0,-46.0,-1.5707963267948963,NO_PATH,5.67487062e-19,0.0,29.99999999999999,-51.75,-2.987141537818687e-23,nan,29.581000000000003
,0.0,55.0,-46.0,-1.5707963267948963,NO_PATH,2.23823463e-19,0.0,29.99999999999999,-51.75,-2.987141537818687e-23,nan,29.6
,0.0,55.0,-46.0,-1.5707963267948963,NO_PATH,2.23823463e-19,0.0,29.99999999999999,-51.75,-2.987141537818687e-23,nan,29.62
,0.0,55.0,-46.0,-1.5707963267948963,NO_PATH,3.02121353e-19,0.0,29.99999999999999,-51.75,-2.987141537818687e-23,nan,29.64
,0.0,55.0,-46.0,-1.5707963267948963,NO_PATH,4.76298349e-19,0.0,29.99999999999999,-51.75,-2.987141537818687e-23,nan,29.66
,0.0,55.0,-46.0,-1.5707963267948963,NO_PATH,6.06131851e-19,0.0,29.99999999999999,-51.75,-2.987141537818687e-23,nan,29.680000000000003
,0.0,55.0,-46.0,-1.5707963267948963,NO_PATH,6.70983715e-19,0.0,29.99999999999999,-51.75,-2.987141537818687e-23,nan,29.700000000000003
,0.0,55.0,-46.0,-1.5707963267948963,NO_PATH,2.61056711e-19,0.0,29.99999999999999,-51.75,-2.987141537818687e-23,nan,29.720000000000002
,0.0,55.0,-46.0,-1.5707963267948963,NO_PATH,2.61056711e-19,0.0,29.99999999999999,-51.75,-2.987141537818687e-23,nan,29.740000000000002
,0.0,55.0,-46.0,-1.5707963267948963,NO_PATH,9.0619391e-19,0.0,29.99999999999999,-51.75,-2.987141537818687e-23,nan,29.76
,0.0,55.0,-46.0,-1.5707963267948963,NO_PATH,1.34320006e-19,0.0,29.99999999999999,-51.75,-2.987141537818687e-23,nan,29.781000000000002
,0.0,55.0,-46.0,-1.5707963267948963,NO_PATH,1.34320006e-19,0.0,29.99999999999999,-51.75,-2.987141537818687e-23,nan,29.8
,0.0,55.0,-46.0,-1.5707963267948963,NO_PATH,5.68432409e-19,0.0,29.99999999999999,-51.75,-2.987141537818687e-23,nan,29.82
,0.0,55.0,-46.0,-1.5707963267948963,NO_PATH,8.38147251e-19,0.0,29.99999999999999,-51.75,-2.987141537818687e-23,nan,29.840000000000003
,0.0,55.0,-46.0,-1.5707963267948963,NO_PATH,1.28125238e-19,0.0,29.99999999999999,-51.75,-2.987141537818687e-23,nan,29.860000000000003
,0.0,55.0,-46.0,-1.5707963267948963,NO_PATH,1.28125238e-19,0.0,29.99999999999999,-51.75,-2.987141537818687e-23,nan,29.881
,0.0,55.0,-46.0,-1.5707963267948963,NO_PATH,3.30818678e-19,0.0,29.99999999999999,-51.75,-2.987141537818687e-23,nan,29.900000000000002
,0.0,55.0,-46.0,-1.5707963267948963,NO_PATH,6.23124066e-19,0.0,29.99999999999999,-51.75,-2.987141537818687e-23,nan,29.92
,0.0,55.0,-46.0,-1.5707963267948963,NO_PATH,4.6003348e-19,0.0,29.99999999999999,-51.75,-2.987141537818687e-23,nan,29.94
,0.0,55.0,-46.0,-1.5707963267948963,NO_PATH,4.6003348e-19,0.0,29.99999999999999,-51.75,-2.987141537818687e-23,nan,29.96
,0.0,55.0,-46.0,-1.5707963267948963,NO_PATH,9.66332247e-19,0.0,29.99999999999999,-51.75,-2.987141537818687e-23,nan,29.98
,0.0,55.0,-46.0,-1.5707963267948963,NO_PATH,1.16743344e-19,0.0,29.99999999999999,-51.75,-2.987141537818687e-23,nan,30.000000000000004
,0.0,55.0,-46.0,-1.5707963267948963,NO_PATH,1.16743344e-19,0.0,29.99999999999999,-51.75,-2.987141537818687e-23,nan,30.020000000000003
,0.0,55.0,-46.0,-1.5707963267948963,NO_PATH,5.08928358e-19,0.0,29.99999999999999,-51.75,-2.987141537818687e-23,nan,30.040000000000003
,0.0,55.0,-46.0,-1.5707963267948963,NO_PATH,1.07101375e-18,0.0,29.99999999999999,-51.75,-2.987141537818687e-23,nan,30.060000000000002
,0.0,55.0,-46.0,-1.5707963267948963,NO_PATH,4.99526021e-19,0.0,29.99999999999999,-51.75,-2.987141537818687e-23,nan,30.080000000000002
,0.0,55.0,-46.0,-1.5707963267948963,NO_PATH,5.24334194e-19,0.0,29.99999999999999,-51.75,-2.987141537818687e-23,nan,30.1
,0.0,55.0,-46.0,-1.5707963267948963,NO_PATH,9.8604081e-19,0.0,29.99999999999999,-51.75,-2.987141537818687e-23,nan,30.12
,0.0,55.0,-46.0,-1.5707963267948963,NO_PATH,9.8604081e-19,0.0,29.99999999999999,-51.75,-2.987141537818687e-23,nan,30.14
,0.0,55.0,-46.0,-1.5707963267948963,NO_PATH,3.28806398e-20,0.0,29.99999999999999,-51.75,-2.987141537818687e-23,nan,30.16
,0.0,55.0,-46.0,-1.5707963267948963,NO_PATH,-1.70204172e-19,0.0,29.99999999999999,-51.75,-2.987141537818687e-23,nan,30.180000000000003
,0.0,55.0,-46.0,-1.5707963267948963,NO_PATH,8.55578132e-19,0.0,29.99999999999999,-51.75,-2.987141537818687e-23,nan,30.200000000000003
,0.0,55.0,-46.0,-1.5707963267948963,NO_PATH,1.41770858e-18,0.0,29.99999999999999,-51.75,-2.987141537818687e-23,nan,30.220000000000002
,0.0,55.0,-46.0,-1.5707963267948963,NO_PATH,1.41770858e-18,0.0,29.99999999999999,-51.75,-2.987141537818687e-23,nan,30.240000000000002
,0.0,55.0,-46.0,-1.5707963267948963,NO_PATH,-1.2227473e-19,0.0,29.99999999999999,-51.75,-2.987141537818687e-23,nan,30.26
,0.0,55.0,-46.0,-1.5707963267948963,NO_PATH,-1.2227473e-19,0.0,29.99999999999999,-51.75,-2.987141537818687e-23,nan,30.28
,0.0,55.0,-46.0,-1.5707963267948963,NO_PATH,9.00548284e-19,0.0,29.99999999999999,-51.75,-2.987141537818687e-23,nan,30.3
,0.0,55.0,-46.0,-1.5707963267948963,NO_PATH,9.47424816e-20,0.0,29.99999999999999,-51.75,-2.987141537818687e-23,nan,30.32
,0.0,55.0,-46.0,-1.5707963267948963,NO_PATH,2.74379778e-19,0.0,29.99999999999999,-51.75,-2.987141537818687e-23,nan,30.340000000000003
,0.0,55.0,-46.0,-1.5707963267948963,NO_PATH,2.74379778e-19,0.0,29.99999999999999,-51.75,-2.987141537818687e-23,nan,30.360000000000003
,0.0,55.0,-46.0,-1.5707963267948963,NO_PATH,3.64595619e-19,0.0,29.99999999999999,-51.75,-2.987141537818687e-23,nan,30.380000000000003
,0.0,55.0,-46.0,-1.5707963267948963,NO_PATH,3.64595619e-19,0.0,29.99999999999999,-51.75,-2.987141537818687e-23,nan,30.400000000000002
,0.0,55.0,-46.0,-1.5707963267948963,NO_PATH,8.86406466e-19,0.0,29.99999999999999,-51.75,-2.987141537818687e-23,nan,30.42
,0.0,55.0,-46.0,-1.5707963267948963,NO_PATH,8.86406466e-19,0.0,29.99999999999999,-51.75,-2.987141537818687e-23,nan,30.44
,0.0,55.0,-46.0,-1.5707963267948963,NO_PATH,8.39910338e-19,0.0,29.99999999999999,-51.75,-2.987141537818687e-23,nan,30.46
,0.0,55.0,-46.0,-1.5707963267948963,NO_PATH,8.71755534e-19,0.0,29.99999999999999,-51.75,-2.987141537818687e-23,nan,30.48
,0.0,55.0,-46.0,-1.5707963267948963,NO_PATH,5.76092292e-19,0.0,29.99999999999999,-51.75,-2.987141537818687e-23,nan,30.500000000000004
,0.0,55.0,-46.0,-1.5707963267948963,NO_PATH,5.75121377e-19,0.0,29.99999999999999,-51.75,-2.987141537818687e-23,nan,30.520000000000003
,0.0,55.0,-46.0,-1.5707963267948963,NO_PATH,5.75121377e-19,0.0,29.99999999999999,-51.75,-2.987141537818687e-23,nan,30.540000000000003
,0.0,55.0,-46.0,-1.5707963267948963,NO_PATH,6.62079771e-19,0.0,29.99999999999999,-51.75,-2.987141537818687e-23,nan,30.560000000000002
,0.0,55.0,-46.0,-1.5707963267948963,NO_PATH,2.76617513e-19,0.0,29.99999999999999,-51.75,-2.987141537818687e-23,nan,30.580000000000002
,0.0,55.0,-46.0,-1.5707963267948963,NO_PATH,1.3652892e-18,0.0,29.99999999999999,-51.75,-2.987141537818687e-23,nan,30.6
,0.0,55.0,-46.0,-1.5707963267948963,NO_PATH,-1.94805412e-19,0.0,29.99999999999999,-51.75,-2.987141537818687e-23,nan,30.62
,0.0,55.0,-46.0,-1.5707963267948963,NO_PATH,3.89416712e-19,0.0,29.99999999999999,-51.75,-2.987141537818687e-23,nan,30.64
,0.0,55.0,-46.0,-1.5707963267948963,NO_PATH,3.89416712e-19,0.0,29.99999999999999,-51.75,-2.987141537818687e-23,nan,30.66
,0.0,55.0,-46.0,-1.5707963267948963,NO_PATH,2.85437939e-19,0.0,29.99999999999999,-51.75,-2.987141537818687e-23,nan,30.680000000000003
,0.0,55.0,-46.0,-1.5707963267948963,NO_PATH,2.85437939e-19,0.0,29.99999999999999,-51.75,-2.987141537818687e-23,nan,30.700000000000003
,0.0,55.0,-46.0,-1.5707963267948963,NO_PATH,5.54956421e-19,0.0,29.99999999999999,-51.75,-2.987141537818687e-23,nan,30.720000000000002
,0.0,55.0,-46.0,-1.5707963267948963,NO_PATH,-8.38895693e-20,0.0,29.99999999999999,-51.75,-2.987141537818687e-23,nan,30.740000000000002
,0.0,55.0,-46.0,-1.5707963267948963,NO_PATH,9.96585807e-19,0.0,29.99999999999999,-51.75,-2.987141537818687e-23,nan,30.76
,0.0,55.0,-46.0,-1.5707963267948963,NO_PATH,4.44588984e-19,0.0,29.99999999999999,-51.75,-2.987141537818687e-23,nan,30.78
,0.0,55.0,-46.0,-1.5707963267948963,NO_PATH,4.44588984e-19,0.0,29.99999999999999,-51.75,-2.987141537818687e-23,nan,30.8
,0.0,55.0,-46.0,-1.5707963267948963,NO_PATH,2.94615823e-19,0.0,29.99999999999999,-51.75,-2.987141537818687e-23,nan,30.82
,0.0,55.0,-46.0,-1.5707963267948963,NO_PATH,6.09867517e-19,0.0,29.99999999999999,-51.75,-2.987141537818687e-23,nan,30.840000000000003
,0.0,55.0,-46.0,-1.5707963267948963,NO_PATH,6.73760951e-19,0.0,29.99999999999999,-51.75,-2.987141537818687e-23,nan,30.860000000000003
,0.0,55.0,-46.0,-1.5707963267948963,NO_PATH,7.02293946e-19,0.0,29.99999999999999,-51.75,-2.987141537818687e-23,nan,30.880000000000003
,0.0,55.0,-46.0,-1.5707963267948963,NO_PATH,7.24366045e-19,0.0,29.99999999999999,-51.75,-2.987141537818687e-23,nan,30.900000000000002
,0.0,55.0,-46.0,-1.5707963267948963,NO_PATH,6.8484259e-19,0.0,29.99999999999999,-51.75,-2.987141537818687e-23,nan,30.92
,0.0,55.0,-46.0,-1.5707963267948963,NO_PATH,7.83517039e-19,0.0,29.99999999999999,-51.75,-2.987141537818687e-23,nan,30.94
,0.0,55.0,-46.0,-1.5707963267948963,NO_PATH,7.83517039e-19,0.0,29.99999999999999,-51.75,-2.987141537818687e-23,nan,30.96
,0.0,55.0,-46.0,-1.5707963267948963,NO_PATH,5.2223049e-19,0.0,29.99999999999999,-51.75,-2.987141537818687e-23,nan,30.98
,0.0,55.0,-46.0,-1.5707963267948963,NO_PATH,3.17697299e-19,0.0,29.99999999999999,-51.75,-2.987141537818687e-23,nan,31.000000000000004
,0.0,55.0,-46.0,-1.5707963267948963,NO_PATH,5.14142772e-19,0.0,29.99999999999999,-51.75,-2.987141537818687e-23,nan,31.020000000000003
,0.0,55.0,-46.0,-1.5707963267948963,NO_PATH,3.50268382e-19,0.0,29.99999999999999,-51.75,-2.987141537818687e-23,nan,31.040000000000003
,0.0,55.0,-46.0,-1.5707963267948963,NO_PATH,4.88148814e-19,0.0,29.99999999999999,-51.75,-2.987141537818687e-23,nan,31.060000000000002
,0.0,55.0,-46.0,-1.5707963267948963,NO_PATH,2.58826416e-19,0.0,29.99999999999999,-51.75,-2.987141537818687e-23,nan,31.080000000000002
,0.0,55.0,-46.0,-1.5707963267948963,NO_PATH,5.43544131e-19,0.0,29.99999999999999,-51.75,-2.987141537818687e-23,nan,31.1
,0.0,55.0,-46.0,-1.5707963267948963,NO_PATH,5.43544131e-19,0.0,29.99999999999999,-51.75,-2.987141537818687e-23,nan,31.12
,0.0,55.0,-46.0,-1.5707963267948963,NO_PATH,5.0158661e-19,0.0,29.99999999999999,-51.75,-2.987141537818687e-23,nan,31.14
,0.0,55.0,-46.0,-1.5707963267948963,NO_PATH,5.37961766e-19,0.0,29.99999999999999,-51.75,-2.987141537818687e-23,nan,31.160000000000004
,0.0,55.0,-46.0,-1.5707963267948963,NO_PATH,7.00767759e-19,0.0,29.99999999999999,-51.75,-2.987141537818687e-23,nan,31.180000000000003
,0.0,55.0,-46.0,-1.5707963267948963,NO_PATH,7.00767759e-19,0.0,29.99999999999999,-51.75,-2.987141537818687e-23,nan,31.200000000000003
,0.0,55.0,-46.0,-1.5707963267948963,NO_PATH,4.34089197e-19,0.0,29.99999999999999,-51.75,-2.987141537818687e-23,nan,31.220000000000002
,0.0,55.0,-46.0,-1.5707963267948963,NO_PATH,4.34089197e-19,0.0,29.99999999999999,-51.75,-2.987141537818687e-23,nan,31.240000000000002
,0.0,55.0,-46.0,-1.5707963267948963,NO_PATH,1.17725342e-19,0.0,29.99999999999999,-51.75,-2.987141537818687e-23,nan,31.26
,0.0,55.0,-46.0,-1.5707963267948963,NO_PATH,1.52098123e-19,0.0,29.99999999999999,-51.75,-2.987141537818687e-23,nan,31.28
,0.0,55.0,-46.0,-1.5707963267948963,NO_PATH,7.32358006e-19,0.0,29.99999999999999,-51.75,-2.987141537818687e-23,nan,31.3
,0.0,55.0,-46.0,-1.5707963267948963,NO_PATH,7.32358006e-19,0.0,29.99999999999999,-51.75,-2.987141537818687e-23,nan,31.32
,0.0,55.0,-46.0,-1.5707963267948963,NO_PATH,2.04659052e-19,0.0,29.99999999999999,-51.75,-2.987141537818687e-23,nan,31.340000000000003
,0.0,55.0,-46.0,-1.5707963267948963,NO_PATH,5.38907475e-19,0.0,29.99999999999999,-51.75,-2.987141537818687e-23,nan,31.360000000000003
,0.0,55.0,-46.0,-1.5707963267948963,NO_PATH,4.44432533e-19,0.0,29.99999999999999,-51.75,-2.987141537818687e-23,nan,31.380000000000003
,0.0,55.0,-46.0,-1.5707963267948963,NO_PATH,4.44432533e-19,0.0,29.99999999999999,-51.75,-2.987141537818687e-23,nan,31.400000000000002
,0.0,55.0,-46.0,-1.5707963267948963,NO_PATH,7.34096324e-19,0.0,29.99999999999999,-51.75,-2.987141537818687e-23,nan,31.42
,0.0,55.0,-46.0,-1.5707963267948963,NO_PATH,7.34096324e-19,0.0,29.99999999999999,-51.75,-2.987141537818687e-23,nan,31.44
,0.0,55.0,-46.0,-1.5707963267948963,NO_PATH,1.07373829e-18,0.0,29.99999999999999,-51.75,-2.987141537818687e-23,nan,31.46
,0.0,55.0,-46.0,-1.5707963267948963,NO_PATH,-7.29043953e-19,0.0,29.99999999999999,-51.75,-2.987141537818687e-23,nan,31.48
,0.0,55.0,-46.0,-1.5707963267948963,NO_PATH,3.6069651e-19,0.0,29.99999999999999,-51.75,-2.987141537818687e-23,nan,31.500000000000004
,0.0,55.0,-46.0,-1.5707963267948963,NO_PATH,4.60054269e-19,0.0,29.99999999999999,-51.75,-2.987141537818687e-23,nan,31.521
,0.0,55.0,-46.0,-1.5707963267948963,NO_PATH,2.48451559e-19,0.0,29.99999999999999,-51.75,-2.987141537818687e-23,nan,31.541
,0.0,55.0,-46.0,-1.5707963267948963,NO_PATH,3.97090652e-19,0.0,29.99999999999999,-51.75,-2.987141537818687e-23,nan,31.560000000000002
,0.0,55.0,-46.0,-1.5707963267948963,NO_PATH,3.97090652e-19,0.0,29.99999999999999,-51.75,-2.987141537818687e-23,nan,31.581000000000003
,0.0,55.0,-46.0,-1.5707963267948963,NO_PATH,7.16812469e-19,0.0,29.99999999999999,-51.75,-2.987141537818687e-23,nan,31.6
,0.0,55.0,-46.0,-1.5707963267948963,NO_PATH,7.66871296e-19,0.0,29.99999999999999,-51.75,-2.987141537818687e-23,nan,31.62
,0.0,55.0,-46.0,-1.5707963267948963,NO_PATH,8.82776477e-19,0.0,29.99999999999999,-51.75,-2.987141537818687e-23,nan,31.64
,0.0,55.0,-46.0,-1.5707963267948963,NO_PATH,2.07359761e-19,0.0,29.99999999999999,-51.75,-2.987141537818687e-23,nan,31.660000000000004
,0.0,55.0,-46.0,-1.5707963267948963,NO_PATH,6.53181874e-19,0.0,29.99999999999999,-51.75,-2.987141537818687e-23,nan,31.680000000000003
,0.0,55.0,-46.0,-1.5707963267948963,NO_PATH,2.35567942e-19,0.0,29.99999999999999,-51.75,-2.987141537818687e-23,nan,31.700000000000003
,0.0,55.0,-46.0,-1.5707963267948963,NO_PATH,2.35567942e-19,0.0,29.99999999999999,-51.75,-2.987141537818687e-23,nan,31.720000000000002
,0.0,55.0,-46.0,-1.5707963267948963,NO_PATH,8.33231074e-19,0.0,29.99999999999999,-51.75,-2.987141537818687e-23,nan,31.740000000000002
,0.0,55.0,-46.0,-1.5707963267948963,NO_PATH,-1.61524477e-19,0.0,29.99999999999999,-51.75,-2.987141537818687e-23,nan,31.76
,0.0,55.0,-46.0,-1.5707963267948963,NO_PATH,-1.89584915e-19,0.0,29.99999999999999,-51.75,-2.987141537818687e-23,nan,31.78
,0.0,55.0,-46.0,-1.5707963267948963,NO_PATH,9.5875504e-19,0.0,29.99999999999999,-51.75,-2.987141537818687e-23,nan,31.801000000000002
,0.0,55.0,-46.0,-1.5707963267948963,NO_PATH,-2.97330163e-20,0.0,29.99999999999999,-51.75,-2.987141537818687e-23,nan,31.82
,0.0,55.0,-46.0,-1.5707963267948963,NO_PATH,4.08348458e-19,0.0,29.99999999999999,-51.75,-2.987141537818687e-23,nan,31.840000000000003
,0.0,55.0,-46.0,-1.5707963267948963,NO_PATH,2.07668986e-19,0.0,29.99999999999999,-51.75,-2.987141537818687e-23,nan,31.860000000000003
,0.0,55.0,-46.0,-1.5707963267948963,NO_PATH,2.07668986e-19,0.0,29.99999999999999,-51.75,-2.987141537818687e-23,nan,31.880000000000003
,0.0,55.0,-46.0,-1.5707963267948963,NO_PATH,5.77595144e-19,0.0,29.99999999999999,-51.75,-2.987141537818687e-23,nan,31.900000000000002
,0.0,55.0,-46.0,-1.5707963267948963,NO_PATH,5.77595144e-19,0.0,29.99999999999999,-51.75,-2.987141537818687e-23,nan,31.92
,0.0,55.0,-46.0,-1.5707963267948963,NO_PATH,-1.38303126e-20,0.0,29.99999999999999,-51.75,-2.987141537818687e-23,nan,31.94
,0.0,55.0,-46.0,-1.5707963267948963,NO_PATH,1.32357356e-18,0.0,29.99999999999999,-51.75,-2.987141537818687e-23,nan,31.96
,0.0,55.0,-46.0,-1.5707963267948963,NO_PATH,5.28063832e-19,0.0,29.99999999999999,-51.75,-2.987141537818687e-23,nan,31.98
,0.0,55.0,-46.0,-1.5707963267948963,NO_PATH,4.26535392e-19,0.0,29.99999999999999,-51.75,-2.987141537818687e-23,nan,32.0
,0.0,55.0,-46.0,-1.5707963267948963,NO_PATH,4.26535392e-19,0.0,29.99999999999999,-51.75,-2.987141537818687e-23,nan,32.02
,0.0,55.0,-46.0,-1.5707963267948963,NO_PATH,4.47264691e-19,0.0,29.99999999999999,-51.75,-2.987141537818687e-23,nan,32.04
,0.0,55.0,-46.0,-1.5707963267948963,NO_PATH,7.17567922e-19,0.0,29.99999999999999,-51.75,-2.987141537818687e-23,nan,32.06
,0.0,55.0,-46.0,-1.5707963267948963,NO_PATH,1.2518058e-19,0.0,29.99999999999999,-51.75,-2.987141537818687e-23,nan,32.080000000000005
,0.0,55.0,-46.0,-1.5707963267948963,NO_PATH,9.46709653e-20,0.0,29.99999999999999,-51.75,-2.987141537818687e-23,nan,32.1
,0.0,55.0,-46.0,-1.5707963267948963,NO_PATH,9.46709653e-20,0.0,29.99999999999999,-51.75,-2.987141537818687e-23,nan,32.120000000000005
,0.0,55.0,-46.0,-1.5707963267948963,NO_PATH,9.76261755e-20,0.0,29.99999999999999,-51.75,-2.987141537818687e-23,nan,32.14
,0.0,55.0,-46.0,-1.5707963267948963,NO_PATH,7.12558474e-19,0.0,29.99999999999999,-51.75,-2.987141537818687e-23,nan,32.160000000000004
,0.0,55.0,-46.0,-1.5707963267948963,NO_PATH,6.47288243e-20,0.0,29.99999999999999,-51.75,-2.987141537818687e-23,nan,32.18
,0.0,55.0,-46.0,-1.5707963267948963,NO_PATH,6.47288243e-20,0.0,29.99999999999999,-51.75,-2.987141537818687e-23,nan,32.2
,0.0,55.0,-46.0,-1.5707963267948963,NO_PATH,4.26640387e-19,0.0,29.99999999999999,-51.75,-2.987141537818687e-23,nan,32.22
,0.0,55.0,-46.0,-1.5707963267948963,NO_PATH,4.49827477e-19,0.0,29.99999999999999,-51.75,-2.987141537818687e-23,nan,32.24
,0.0,55.0,-46.0,-1.5707963267948963,NO_PATH,1.24588685e-18,0.0,29.99999999999999,-51.75,-2.987141537818687e-23,nan,32.260000000000005
,0.0,55.0,-46.0,-1.5707963267948963,NO_PATH,2.79314916e-19,0.0,29.99999999999999,-51.75,-2.987141537818687e-23,nan,32.28
,0.0,55.0,-46.0,-1.5707963267948963,NO_PATH,7.88887638e-19,0.0,29.99999999999999,-51.75,-2.987141537818687e-23,nan,32.301
,0.0,55.0,-46.0,-1.5707963267948963,NO_PATH,3.69805473e-19,0.0,29.99999999999999,-51.75,-2.987141537818687e-23,nan,32.32
,0.0,55.0,-46.0,-1.5707963267948963,NO_PATH,4.62962761e-19,0.0,29.99999999999999,-51.75,-2.987141537818687e-23,nan,32.34
,0.0,55.0,-46.0,-1.5707963267948963,NO_PATH,4.62962761e-19,0.0,29.99999999999999,-51.75,-2.987141537818687e-23,nan,32.36
,0.0,55.0,-46.0,-1.5707963267948963,NO_PATH,3.3152273e-19,0.0,29.99999999999999,-51.75,-2.987141537818687e-23,nan,32.38
,0.0,55.0,-46.0,-1.5707963267948963,NO_PATH,1.09055443e-18,0.0,29.99999999999999,-51.75,-2.987141537818687e-23,nan,32.4
,0.0,55.0,-46.0,-1.5707963267948963,NO_PATH,3.67874564e-19,0.0,29.99999999999999,-51.75,-2.987141537818687e-23,nan,32.42
,0.0,55.0,-46.0,-1.5707963267948963,NO_PATH,-4.63028406e-19,0.0,29.99999999999999,-51.75,-2.987141537818687e-23,nan,32.440000000000005
,0.0,55.0,-46.0,-1.5707963267948963,NO_PATH,-4.63028406e-19,0.0,29.99999999999999,-51.75,-2.987141537818687e-23,nan,32.46
,0.0,55.0,-46.0,-1.5707963267948963,NO_PATH,1.07798529e-19,0.0,29.99999999999999,-51.75,-2.987141537818687e-23,nan,32.480000000000004
,0.0,55.0,-46.0,-1.5707963267948963,NO_PATH,1.07798529e-19,0.0,29.99999999999999,-51.75,-2.987141537818687e-23,nan,32.5
,0.0,55.0,-46.0,-1.5707963267948963,NO_PATH,8.50748535e-19,0.0,29.99999999999999,-51.75,-2.987141537818687e-23,nan,32.521
,0.0,55.0,-46.0,-1.5707963267948963,NO_PATH,5.65974005e-19,0.0,29.99999999999999,-51.75,-2.987141537818687e-23,nan,32.54
,0.0,55.0,-46.0,-1.5707963267948963,NO_PATH,5.65974005e-19,0.0,29.99999999999999,-51.75,-2.987141537818687e-23,nan,32.56
,0.0,55.0,-46.0,-1.5707963267948963,NO_PATH,1.32454834e-18,0.0,29.99999999999999,-51.75,-2.987141537818687e-23,nan,32.580000000000005
,0.0,55.0,-46.0,-1.5707963267948963,NO_PATH,-7.11538964e-20,0.0,29.99999999999999,-51.75,-2.987141537818687e-23,nan,32.6
,0.0,55.0,-46.0,-1.5707963267948963,NO_PATH,2.06531649e-19,0.0,29.99999999999999,-51.75,-2.987141537818687e-23,nan,32.620000000000005
,0.0,55.0,-46.0,-1.5707963267948963,NO_PATH,2.06531649e-19,0.0,29.99999999999999,-51.75,-2.987141537818687e-23,nan,32.64
,0.0,55.0,-46.0,-1.5707963267948963,NO_PATH,7.3407662e-21,0.0,29.99999999999999,-51.75,-2.987141537818687e-23,nan,32.660000000000004
,0.0,55.0,-46.0,-1.5707963267948963,NO_PATH,7.3407662e-21,0.0,29.99999999999999,-51.75,-2.987141537818687e-23,nan,32.68
,0.0,55.0,-46.0,-1.5707963267948963,NO_PATH,6.71184929e-19,0.0,29.99999999999999,-51.75,-2.987141537818687e-23,nan,32.7
,0.0,55.0,-46.0,-1.5707963267948963,NO_PATH,-3.67664272e-20,0.0,29.99999999999999,-51.75,-2.987141537818687e-23,nan,32.72
,0.0,55.0,-46.0,-1.5707963267948963,NO_PATH,6.94739585e-19,0.0,29.99999999999999,-51.75,-2.987141537818687e-23,nan,32.74
,0.0,55.0,-46.0,-1.5707963267948963,NO_PATH,6.83817503e-19,0.0,29.99999999999999,-51.75,-2.987141537818687e-23,nan,32.760000000000005
,0.0,55.0,-46.0,-1.5707963267948963,NO_PATH,6.83817503e-19,0.0,29.99999999999999,-51.75,-2.987141537818687e-23,nan,32.78
,0.0,55.0,-46.0,-1.5707963267948963,NO_PATH,1.05767645e-18,0.0,29.99999999999999,-51.75,-2.987141537818687e-23,nan,32.800000000000004
,0.0,55.0,-46.0,-1.5707963267948963,NO_PATH,1.14505856e-19,0.0,29.99999999999999,-51.75,-2.987141537818687e-23,nan,32.82
,0.0,55.0,-46.0,-1.5707963267948963,NO_PATH,8.64028992e-19,0.0,29.99999999999999,-51.75,-2.987141537818687e-23,nan,32.84
,0.0,55.0,-46.0,-1.5707963267948963,NO_PATH,8.64028992e-19,0.0,29.99999999999999,-51.75,-2.987141537818687e-23,nan,32.86
,0.0,55.0,-46.0,-1.5707963267948963,NO_PATH,8.13199171e-19,0.0,29.99999999999999,-51.75,-2.987141537818687e-23,nan,32.88
,0.0,55.0,-46.0,-1.5707963267948963,NO_PATH,4.69499449e-19,0.0,29.99999999999999,-51.75,-2.987141537818687e-23,nan,32.901
,0.0,55.0,-46.0,-1.5707963267948963,NO_PATH,1.58986801e-19,0.0,29.99999999999999,-51.75,-2.987141537818687e-23,nan,32.92
,0.0,55.0,-46.0,-1.5707963267948963,NO_PATH,3.51696742e-19,0.0,29.99999999999999,-51.75,-2.987141537818687e-23,nan,32.940000000000005
,0.0,55.0,-46.0,-1.5707963267948963,NO_PATH,8.28554359e-19,0.0,29.99999999999999,-51.75,-2.987141537818687e-23,nan,32.96
,0.0,55.0,-46.0,-1.5707963267948963,NO_PATH,-1.96171643e-19,0.0,29.99999999999999,-51.75,-2.987141537818687e-23,nan,32.980000000000004
,0.0,55.0,-46.0,-1.5707963267948963,NO_PATH,-1.96171643e-19,0.0,29.99999999999999,-51.75,-2.987141537818687e-23,nan,33.0
,0.0,55.0,-46.0,-1.5707963267948963,NO_PATH,5.44004427e-19,0.0,29.99999999999999,-51.75,-2.987141537818687e-23,nan,33.02
,0.0,55.0,-46.0,-1.5707963267948963,NO_PATH,5.44004427e-19,0.0,29.99999999999999,-51.75,-2.987141537818687e-23,nan,33.04
,0.0,55.0,-46.0,-1.5707963267948963,NO_PATH,7.92433193e-19,0.0,29.99999999999999,-51.75,-2.987141537818687e-23,nan,33.06
,0.0,55.0,-46.0,-1.5707963267948963,NO_PATH,1.08566847e-18,0.0,29.99999999999999,-51.75,-2.987141537818687e-23,nan,33.080000000000005
,0.0,55.0,-46.0,-1.5707963267948963,NO_PATH,5.86356639e-19,0.0,29.99999999999999,-51.75,-2.987141537818687e-23,nan,33.1
,0.0,55.0,-46.0,-1.5707963267948963,NO_PATH,5.86356639e-19,0.0,29.99999999999999,-51.75,-2.987141537818687e-23,nan,33.120000000000005
,0.0,55.0,-46.0,-1.5707963267948963,NO_PATH,7.55156786e-19,0.0,29.99999999999999,-51.75,-2.987141537818687e-23,nan,33.14
,0.0,55.0,-46.0,-1.5707963267948963,NO_PATH,7.55156786e-19,0.0,29.99999999999999,-51.75,-2.987141537818687e-23,nan,33.160000000000004
,0.0,55.0,-46.0,-1.5707963267948963,NO_PATH,-7.44891588e-20,0.0,29.99999999999999,-51.75,-2.987141537818687e-23,nan,33.18
,0.0,55.0,-46.0,-1.5707963267948963,NO_PATH,2.50410815e-19,0.0,29.99999999999999,-51.75,-2.987141537818687e-23,nan,33.201
,0.0,55.0,-46.0,-1.5707963267948963,NO_PATH,4.38102694e-19,0.0,29.99999999999999,-51.75,-2.987141537818687e-23,nan,33.22
,0.0,55.0,-46.0,-1.5707963267948963,NO_PATH,4.38102694e-19,0.0,29.99999999999999,-51.75,-2.987141537818687e-23,nan,33.24
,0.0,55.0,-46.0,-1.5707963267948963,NO_PATH,4.98448458e-19,0.0,29.99999999999999,-51.75,-2.987141537818687e-23,nan,33.260000000000005
,0.0,55.0,-46.0,-1.5707963267948963,NO_PATH,1.07725355e-18,0.0,29.99999999999999,-51.75,-2.987141537818687e-23,nan,33.28
,0.0,55.0,-46.0,-1.5707963267948963,NO_PATH,-2.24324882e-19,0.0,29.99999999999999,-51.75,-2.987141537818687e-23,nan,33.301
,0.0,55.0,-46.0,-1.5707963267948963,NO_PATH,5.81021719e-19,0.0,29.99999999999999,-51.75,-2.987141537818687e-23,nan,33.32
,0.0,55.0,-46.0,-1.5707963267948963,NO_PATH,5.81021719e-19,0.0,29.99999999999999,-51.75,-2.987141537818687e-23,nan,33.34
,0.0,55.0,-46.0,-1.5707963267948963,NO_PATH,8.34221539e-19,0.0,29.99999999999999,-51.75,-2.987141537818687e-23,nan,33.36
,0.0,55.0,-46.0,-1.5707963267948963,NO_PATH,8.34221539e-19,0.0,29.99999999999999,-51.75,-2.987141537818687e-23,nan,33.38
,0.0,55.0,-46.0,-1.5707963267948963,NO_PATH,6.81669061e-19,0.0,29.99999999999999,-51.75,-2.987141537818687e-23,nan,33.401
,0.0,55.0,-46.0,-1.5707963267948963,NO_PATH,6.81669061e-19,0.0,29.99999999999999,-51.75,-2.987141537818687e-23,nan,33.42
,0.0,55.0,-46.0,-1.5707963267948963,NO_PATH,6.0690936e-19,0.0,29.99999999999999,-51.75,-2.987141537818687e-23,nan,33.440000000000005
,0.0,55.0,-46.0,-1.5707963267948963,NO_PATH,9.43710396e-19,0.0,29.99999999999999,-51.75,-2.987141537818687e-23,nan,33.46
,0.0,55.0,-46.0,-1.5707963267948963,NO_PATH,7.60746793e-19,0.0,29.99999999999999,-51.75,-2.987141537818687e-23,nan,33.480000000000004
,0.0,55.0,-46.0,-1.5707963267948963,NO_PATH,1.56196539e-19,0.0,29.99999999999999,-51.75,-2.987141537818687e-23,nan,33.501000000000005
,0.0,55.0,-46.0,-1.5707963267948963,NO_PATH,7.96376497e-19,0.0,29.99999999999999,-51.75,-2.987141537818687e-23,nan,33.52
,0.0,55.0,-46.0,-1.5707963267948963,NO_PATH,2.1136764e-21,0.0,29.99999999999999,-51.75,-2.987141537818687e-23,nan,33.54
,0.0,55.0,-46.0,-1.5707963267948963,NO_PATH,2.93983244e-19,0.0,29.99999999999999,-51.75,-2.987141537818687e-23,nan,33.56
,0.0,55.0,-46.0,-1.5707963267948963,NO_PATH,2.93983244e-19,0.0,29.99999999999999,-51.75,-2.987141537818687e-23,nan,33.580000000000005
,0.0,55.0,-46.0,-1.5707963267948963,NO_PATH,5.92425325e-19,0.0,29.99999999999999,-51.75,-2.987141537818687e-23,nan,33.6
,0.0,55.0,-46.0,-1.5707963267948963,NO_PATH,5.92425325e-19,0.0,29.99999999999999,-51.75,-2.987141537818687e-23,nan,33.620000000000005
,0.0,55.0,-46.0,-1.5707963267948963,NO_PATH,4.15462167e-19,0.0,29.99999999999999,-51.75,-2.987141537818687e-23,nan,33.64
,0.0,55.0,-46.0,-1.5707963267948963,NO_PATH,8.72270913e-20,0.0,29.99999999999999,-51.75,-2.987141537818687e-23,nan,33.660000000000004
,0.0,55.0,-46.0,-1.5707963267948963,NO_PATH,-1.81903667e-19,0.0,29.99999999999999,-51.75,-2.987141537818687e-23,nan,33.68
,0.0,55.0,-46.0,-1.5707963267948963,NO_PATH,-1.81903667e-19,0.0,29.99999999999999,-51.75,-2.987141537818687e-23,nan,33.7
,0.0,55.0,-46.0,-1.5707963267948963,NO_PATH,6.65190935e-19,0.0,29.99999999999999,-51.75,-2.987141537818687e-23,nan,33.72
,0.0,55.0,-46.0,-1.5707963267948963,NO_PATH,1.0896962e-18,0.0,29.99999999999999,-51.75,-2.987141537818687e-23,nan,33.74
,0.0,55.0,-46.0,-1.5707963267948963,NO_PATH,1.0896962e-18,0.0,29.99999999999999,-51.75,-2.987141537818687e-23,nan,33.760000000000005
,0.0,55.0,-46.0,-1.5707963267948963,NO_PATH,1.22729745e-18,0.0,29.99999999999999,-51.75,-2.987141537818687e-23,nan,33.78
,0.0,55.0,-46.0,-1.5707963267948963,NO_PATH,1.22729745e-18,0.0,29.99999999999999,-51.75,-2.987141537818687e-23,nan,33.800000000000004
,0.0,55.0,-46.0,-1.5707963267948963,NO_PATH,2.72577508e-19,0.0,29.99999999999999,-51.75,-2.987141537818687e-23,nan,33.82
,0.0,55.0,-46.0,-1.5707963267948963,NO_PATH,3.42585156e-19,0.0,29.99999999999999,-51.75,-2.987141537818687e-23,nan,33.84
,0.0,55.0,-46.0,-1.5707963267948963,NO_PATH,6.28890046e-19,0.0,29.99999999999999,-51.75,-2.987141537818687e-23,nan,33.86
,0.0,55.0,-46.0,-1.5707963267948963,NO_PATH,1.02097706e-18,0.0,29.99999999999999,-51.75,-2.987141537818687e-23,nan,33.88
,0.0,55.0,-46.0,-1.5707963267948963,NO_PATH,8.00300557e-19,0.0,29.99999999999999,-51.75,-2.987141537818687e-23,nan,33.9
,0.0,55.0,-46.0,-1.5707963267948963,NO_PATH,1.01632076e-18,0.0,29.99999999999999,-51.75,-2.987141537818687e-23,nan,33.921
,0.0,55.0,-46.0,-1.5707963267948963,NO_PATH,1.01632076e-18,0.0,29.99999999999999,-51.75,-2.987141537818687e-23,nan,33.940000000000005
,0.0,55.0,-46.0,-1.5707963267948963,NO_PATH,5.44102324e-19,0.0,29.99999999999999,-51.75,-2.987141537818687e-23,nan,33.961000000000006
,0.0,55.0,-46.0,-1.5707963267948963,NO_PATH,1.15978774e-18,0.0,29.99999999999999,-51.75,-2.987141537818687e-23,nan,33.980000000000004
,0.0,55.0,-46.0,-1.5707963267948963,NO_PATH,5.48530777e-19,0.0,29.99999999999999,-51.75,-2.987141537818687e-23,nan,34.0
,0.0,55.0,-46.0,-1.5707963267948963,NO_PATH,7.93776627e-20,0.0,29.99999999999999,-51.75,-2.987141537818687e-23,nan,34.02
,0.0,55.0,-46.0,-1.5707963267948963,NO_PATH,7.93776627e-20,0.0,29.99999999999999,-51.75,-2.987141537818687e-23,nan,34.04
,0.0,55.0,-46.0,-1.5707963267948963,NO_PATH,7.14911028e-19,0.0,29.99999999999999,-51.75,-2.987141537818687e-23,nan,34.06
,0.0,55.0,-46.0,-1.5707963267948963,NO_PATH,7.51220791e-19,0.0,29.99999999999999,-51.75,-2.987141537818687e-23,nan,34.080000000000005
,0.0,55.0,-46.0,-1.5707963267948963,NO_PATH,5.15954915e-19,0.0,29.99999999999999,-51.75,-2.987141537818687e-23,nan,34.1
,0.0,55.0,-46.0,-1.5707963267948963,NO_PATH,6.85714493e-19,0.0,29.99999999999999,-51.75,-2.987141537818687e-23,nan,34.120000000000005
,0.0,55.0,-46.0,-1.5707963267948963,NO_PATH,3.19104613e-19,0.0,29.99999999999999,-51.75,-2.987141537818687e-23,nan,34.14
,0.0,55.0,-46.0,-1.5707963267948963,NO_PATH,6.9457149e-19,0.0,29.99999999999999,-51.75,-2.987141537818687e-23,nan,34.160000000000004
,0.0,55.0,-46.0,-1.5707963267948963,NO_PATH,6.9457149e-19,0.0,29.99999999999999,-51.75,-2.987141537818687e-23,nan,34.18
,0.0,55.0,-46.0,-1.5707963267948963,NO_PATH,6.12058142e-19,0.0,29.99999999999999,-51.75,-2.987141537818687e-23,nan,34.2
,0.0,55.0,-46.0,-1.5707963267948963,NO_PATH,9.56866135e-20,0.0,29.99999999999999,-51.75,-2.987141537818687e-23,nan,34.22
,0.0,55.0,-46.0,-1.5707963267948963,NO_PATH,9.56866135e-20,0.0,29.99999999999999,-51.75,-2.987141537818687e-23,nan,34.24
,0.0,55.0,-46.0,-1.5707963267948963,NO_PATH,5.22989926e-19,0.0,29.99999999999999,-51.75,-2.987141537818687e-23,nan,34.260000000000005
,0.0,55.0,-46.0,-1.5707963267948963,NO_PATH,-2.31896979e-20,0.0,29.99999999999999,-51.75,-2.987141537818687e-23,nan,34.28
,0.0,55.0,-46.0,-1.5707963267948963,NO_PATH,-2.31896979e-20,0.0,29.99999999999999,-51.75,-2.987141537818687e-23,nan,34.300000000000004
,0.0,55.0,-46.0,-1.5707963267948963,NO_PATH,-5.38322359e-20,0.0,29.99999999999999,-51.75,-2.987141537818687e-23,nan,34.32
,0.0,55.0,-46.0,-1.5707963267948963,NO_PATH,5.19576197e-20,0.0,29.99999999999999,-51.75,-2.987141537818687e-23,nan,34.34
,0.0,55.0,-46.0,-1.5707963267948963,NO_PATH,5.19576197e-20,0.0,29.99999999999999,-51.75,-2.987141537818687e-23,nan,34.36
,0.0,55.0,-46.0,-1.5707963267948963,NO_PATH,1.06542467e-19,0.0,29.99999999999999,-51.75,-2.987141537818687e-23,nan,34.38
,0.0,55.0,-46.0,-1.5707963267948963,NO_PATH,5.02176317e-19,0.0,29.99999999999999,-51.75,-2.987141537818687e-23,nan,34.400000000000006
,0.0,55.0,-46.0,-1.5707963267948963,NO_PATH,8.52260607e-19,0.0,29.99999999999999,-51.75,-2.987141537818687e-23,nan,34.42
,0.0,55.0,-46.0,-1.5707963267948963,NO_PATH,6.89204822e-19,0.0,29.99999999999999,-51.75,-2.987141537818687e-23,nan,34.440000000000005
,0.0,55.0,-46.0,-1.5707963267948963,NO_PATH,6.89204822e-19,0.0,29.99999999999999,-51.75,-2.987141537818687e-23,nan,34.46
,0.0,55.0,-46.0,-1.5707963267948963,NO_PATH,6.16332866e-19,0.0,29.99999999999999,-51.75,-2.987141537818687e-23,nan,34.480000000000004
,0.0,55.0,-46.0,-1.5707963267948963,NO_PATH,7.61309896e-19,0.0,29.99999999999999,-51.75,-2.987141537818687e-23,nan,34.5
,0.0,55.0,-46.0,-1.5707963267948963,NO_PATH,7.9202886e-19,0.0,29.99999999999999,-51.75,-2.987141537818687e-23,nan,34.52
,0.0,55.0,-46.0,-1.5707963267948963,NO_PATH,7.9202886e-19,0.0,29.99999999999999,-51.75,-2.987141537818687e-23,nan,34.54
,0.0,55.0,-46.0,-1.5707963267948963,NO_PATH,3.56672224e-19,0.0,29.99999999999999,-51.75,-2.987141537818687e-23,nan,34.56
,0.0,55.0,-46.0,-1.5707963267948963,NO_PATH,3.56672224e-19,0.0,29.99999999999999,-51.75,-2.987141537818687e-23,nan,34.580000000000005
,0.0,55.0,-46.0,-1.5707963267948963,NO_PATH,3.83222591e-19,0.0,29.99999999999999,-51.75,-2.987141537818687e-23,nan,34.6
,0.0,55.0,-46.0,-1.5707963267948963,NO_PATH,2.40489684e-19,0.0,29.99999999999999,-51.75,-2.987141537818687e-23,nan,34.620000000000005
,0.0,55.0,-46.0,-1.5707963267948963,NO_PATH,2.40489684e-19,0.0,29.99999999999999,-51.75,-2.987141537818687e-23,nan,34.64
,0.0,55.0,-46.0,-1.5707963267948963,NO_PATH,-2.03178086e-19,0.0,29.99999999999999,-51.75,-2.987141537818687e-23,nan,34.660000000000004
,0.0,55.0,-46.0,-1.5707963267948963,NO_PATH,1.66396595e-19,0.0,29.99999999999999,-51.75,-2.987141537818687e-23,nan,34.68
,0.0,55.0,-46.0,-1.5707963267948963,NO_PATH,5.54197224e-19,0.0,29.99999999999999,-51.75,-2.987141537818687e-23,nan,34.7
,0.0,55.0,-46.0,-1.5707963267948963,NO_PATH,2.93778201e-19,0.0,29.99999999999999,-51.75,-2.987141537818687e-23,nan,34.721000000000004
,0.0,55.0,-46.0,-1.5707963267948963,NO_PATH,2.93778201e-19,0.0,29.99999999999999,-51.75,-2.987141537818687e-23,nan,34.74
,0.0,55.0,-46.0,-1.5707963267948963,NO_PATH,7.68233897e-19,0.0,29.99999999999999,-51.75,-2.987141537818687e-23,nan,34.760000000000005
,0.0,55.0,-46.0,-1.5707963267948963,NO_PATH,8.66343244e-20,0.0,29.99999999999999,-51.75,-2.987141537818687e-23,nan,34.78
,0.0,55.0,-46.0,-1.5707963267948963,NO_PATH,6.96785879e-19,0.0,29.99999999999999,-51.75,-2.987141537818687e-23,nan,34.800000000000004
,0.0,55.0,-46.0,-1.5707963267948963,NO_PATH,6.94902563e-19,0.0,29.99999999999999,-51.75,-2.987141537818687e-23,nan,34.82
,0.0,55.0,-46.0,-1.5707963267948963,NO_PATH,4.65241085e-19,0.0,29.99999999999999,-51.75,-2.987141537818687e-23,nan,34.84
,0.0,55.0,-46.0,-1.5707963267948963,NO_PATH,4.65241085e-19,0.0,29.99999999999999,-51.75,-2.987141537818687e-23,nan,34.86
,0.0,55.0,-46.0,-1.5707963267948963,NO_PATH,5.92284349e-19,0.0,29.99999999999999,-51.75,-2.987141537818687e-23,nan,34.88
,0.0,55.0,-46.0,-1.5707963267948963,NO_PATH,8.42591471e-19,0.0,29.99999999999999,-51.75,-2.987141537818687e-23,nan,34.900000000000006
,0.0,55.0,-46.0,-1.5707963267948963,NO_PATH,8.42591471e-19,0.0,29.99999999999999,-51.75,-2.987141537818687e-23,nan,34.92
,0.0,55.0,-46.0,-1.5707963267948963,NO_PATH,3.53953327e-19,0.0,29.99999999999999,-51.75,-2.987141537818687e-23,nan,34.940000000000005
,0.0,55.0,-46.0,-1.5707963267948963,NO_PATH,3.53953327e-19,0.0,29.99999999999999,-51.75,-2.987141537818687e-23,nan,34.96
,0.0,55.0,-46.0,-1.5707963267948963,NO_PATH,5.59905462e-19,0.0,29.99999999999999,-51.75,-2.987141537818687e-23,nan,34.980000000000004
,0.0,55.0,-46.0,-1.5707963267948963,NO_PATH,3.23979935e-19,0.0,29.99999999999999,-51.75,-2.987141537818687e-23,nan,35.0
,0.0,55.0,-46.0,-1.5707963267948963,NO_PATH,3.8356911e-19,0.0,29.99999999999999,-51.75,-2.987141537818687e-23,nan,35.02
,0.0,55.0,-46.0,-1.5707963267948963,NO_PATH,1.58887124e-19,0.0,29.99999999999999,-51.75,-2.987141537818687e-23,nan,35.04
,0.0,55.0,-46.0,-1.5707963267948963,NO_PATH,1.19402998e-18,0.0,29.99999999999999,-51.75,-2.987141537818687e-23,nan,35.06
,0.0,55.0,-46.0,-1.5707963267948963,NO_PATH,9.30739128e-20,0.0,29.99999999999999,-51.75,-2.987141537818687e-23,nan,35.080000000000005
,0.0,55.0,-46.0,-1.5707963267948963,NO_PATH,-7.21685107e-20,0.0,29.99999999999999,-51.75,-2.987141537818687e-23,nan,35.1
,0.0,55.0,-46.0,-1.5707963267948963,NO_PATH,-7.21685107e-20,0.0,29.99999999999999,-51.75,-2.987141537818687e-23,nan,35.120000000000005
,0.0,55.0,-46.0,-1.5707963267948963,NO_PATH,7.34209964e-19,0.0,29.99999999999999,-51.75,-2.987141537818687e-23,nan,35.14
,0.0,55.0,-46.0,-1.5707963267948963,NO_PATH,8.96549516e-19,0.0,29.99999999999999,-51.75,-2.987141537818687e-23,nan,35.160000000000004
,0.0,55.0,-46.0,-1.5707963267948963,NO_PATH,6.71219435e-19,0.0,29.99999999999999,-51.75,-2.987141537818687e-23,nan,35.18
,0.0,55.0,-46.0,-1.5707963267948963,NO_PATH,6.71219435e-19,0.0,29.99999999999999,-51.75,-2.987141537818687e-23,nan,35.2
,0.0,55.0,-46.0,-1.5707963267948963,NO_PATH,2.09965118e-19,0.0,29.99999999999999,-51.75,-2.987141537818687e-23,nan,35.22
,0.0,55.0,-46.0,-1.5707963267948963,NO_PATH,2.09965118e-19,0.0,29.99999999999999,-51.75,-2.987141537818687e-23,nan,35.24
,0.0,55.0,-46.0,-1.5707963267948963,NO_PATH,4.35194263e-19,0.0,29.99999999999999,-51.75,-2.987141537818687e-23,nan,35.261
,0.0,55.0,-46.0,-1.5707963267948963,NO_PATH,5.35663071e-19,0.0,29.99999999999999,-51.75,-2.987141537818687e-23,nan,35.28
,0.0,55.0,-46.0,-1.5707963267948963,NO_PATH,3.4647316e-19,0.0,29.99999999999999,-51.75,-2.987141537818687e-23,nan,35.300000000000004
,0.0,55.0,-46.0,-1.5707963267948963,NO_PATH,2.43227652e-19,0.0,29.99999999999999,-51.75,-2.987141537818687e-23,nan,35.32
,0.0,55.0,-46.0,-1.5707963267948963,NO_PATH,9.4935274e-19,0.0,29.99999999999999,-51.75,-2.987141537818687e-23,nan,35.34
,0.0,55.0,-46.0,-1.5707963267948963,NO_PATH,3.67377461e-19,0.0,29.99999999999999,-51.75,-2.987141537818687e-23,nan,35.36
,0.0,55.0,-46.0,-1.5707963267948963,NO_PATH,1.25008027e-18,0.0,29.99999999999999,-51.75,-2.987141537818687e-23,nan,35.38
,0.0,55.0,-46.0,-1.5707963267948963,NO_PATH,6.50756417e-19,0.0,29.99999999999999,-51.75,-2.987141537818687e-23,nan,35.400000000000006
,0.0,55.0,-46.0,-1.5707963267948963,NO_PATH,6.50756417e-19,0.0,29.99999999999999,-51.75,-2.987141537818687e-23,nan,35.42
,0.0,55.0,-46.0,-1.5707963267948963,NO_PATH,3.66266302e-19,0.0,29.99999999999999,-51.75,-2.987141537818687e-23,nan,35.440000000000005
,0.0,55.0,-46.0,-1.5707963267948963,NO_PATH,1.05895078e-18,0.0,29.99999999999999,-51.75,-2.987141537818687e-23,nan,35.46
,0.0,55.0,-46.0,-1.5707963267948963,NO_PATH,6.35249885e-20,0.0,29.99999999999999,-51.75,-2.987141537818687e-23,nan,35.481
,0.0,55.0,-46.0,-1.5707963267948963,NO_PATH,5.07796991e-19,0.0,29.99999999999999,-51.75,-2.987141537818687e-23,nan,35.5
,0.0,55.0,-46.0,-1.5707963267948963,NO_PATH,5.07796991e-19,0.0,29.99999999999999,-51.75,-2.987141537818687e-23,nan,35.52
,0.0,55.0,-46.0,-1.5707963267948963,NO_PATH,3.70138996e-19,0.0,29.99999999999999,-51.75,-2.987141537818687e-23,nan,35.54
,0.0,55.0,-46.0,-1.5707963267948963,NO_PATH,3.70138996e-19,0.0,29.99999999999999,-51.75,-2.987141537818687e-23,nan,35.56
,0.0,55.0,-46.0,-1.5707963267948963,NO_PATH,3.61229671e-19,0.0,29.99999999999999,-51.75,-2.987141537818687e-23,nan,35.580000000000005
,0.0,55.0,-46.0,-1.5707963267948963,NO_PATH,1.24762949e-18,0.0,29.99999999999999,-51.75,-2.987141537818687e-23,nan,35.6
,0.0,55.0,-46.0,-1.5707963267948963,NO_PATH,9.79882188e-19,0.0,29.99999999999999,-51.75,-2.987141537818687e-23,nan,35.620000000000005
,0.0,55.0,-46.0,-1.5707963267948963,NO_PATH,2.6145511e-19,0.0,29.99999999999999,-51.75,-2.987141537818687e-23,nan,35.64
,0.0,55.0,-46.0,-1.5707963267948963,NO_PATH,9.21541062e-19,0.0,29.99999999999999,-51.75,-2.987141537818687e-23,nan,35.660000000000004
,0.0,55.0,-46.0,-1.5707963267948963,NO_PATH,-2.52712609e-19,0.0,29.99999999999999,-51.75,-2.987141537818687e-23,nan,35.68
,0.0,55.0,-46.0,-1.5707963267948963,NO_PATH,6.79607355e-19,0.0,29.99999999999999,-51.75,-2.987141537818687e-23,nan,35.7
,0.0,55.0,-46.0,-1.5707963267948963,NO_PATH,3.56789634e-19,0.0,29.99999999999999,-51.75,-2.987141537818687e-23,nan,35.72
,0.0,55.0,-46.0,-1.5707963267948963,NO_PATH,2.97588124e-19,0.0,29.99999999999999,-51.75,-2.987141537818687e-23,nan,35.741
,0.0,55.0,-46.0,-1.5707963267948963,NO_PATH,-3.14699477e-20,0.0,29.99999999999999,-51.75,-2.987141537818687e-23,nan,35.760000000000005
,0.0,55.0,-46.0,-1.5707963267948963,NO_PATH,-1.61384781e-19,0.0,29.99999999999999,-51.75,-2.987141537818687e-23,nan,35.781
,0.0,55.0,-46.0,-1.5707963267948963,NO_PATH,-2.33624371e-19,0.0,29.99999999999999,-51.75,-2.987141537818687e-23,nan,35.801
,0.0,55.0,-46.0,-1.5707963267948963,NO_PATH,-2.33624371e-19,0.0,29.99999999999999,-51.75,-2.987141537818687e-23,nan,35.82
,0.0,55.0,-46.0,-1.5707963267948963,NO_PATH,3.47572958e-19,0.0,29.99999999999999,-51.75,-2.987141537818687e-23,nan,35.84
,0.0,55.0,-46.0,-1.5707963267948963,NO_PATH,2.48676681e-19,0.0,29.99999999999999,-51.75,-2.987141537818687e-23,nan,35.86
,0.0,55.0,-46.0,-1.5707963267948963,NO_PATH,7.59997629e-19,0.0,29.99999999999999,-51.75,-2.987141537818687e-23,nan,35.88
,0.0,55.0,-46.0,-1.5707963267948963,NO_PATH,5.93216656e-19,0.0,29.99999999999999,-51.75,-2.987141537818687e-23,nan,35.900000000000006
,0.0,55.0,-46.0,-1.5707963267948963,NO_PATH,1.32102357e-18,0.0,29.99999999999999,-51.75,-2.987141537818687e-23,nan,35.92
,0.0,55.0,-46.0,-1.5707963267948963,NO_PATH,1.32102357e-18,0.0,29.99999999999999,-51.75,-2.987141537818687e-23,nan,35.940000000000005
,0.0,55.0,-46.0,-1.5707963267948963,NO_PATH,1.8606237e-19,0.0,29.99999999999999,-51.75,-2.987141537818687e-23,nan,35.96
,0.0,55.0,-46.0,-1.5707963267948963,NO_PATH,1.8606237e-19,0.0,29.99999999999999,-51.75,-2.987141537818687e-23,nan,35.980000000000004
,0.0,55.0,-46.0,-1.5707963267948963,NO_PATH,2.93403404e-19,0.0,29.99999999999999,-51.75,-2.987141537818687e-23,nan,36.0
,0.0,55.0,-46.0,-1.5707963267948963,NO_PATH,2.93403404e-19,0.0,29.99999999999999,-51.75,-2.987141537818687e-23,nan,36.02
,0.0,55.0,-46.0,-1.5707963267948963,NO_PATH,7.57098417e-19,0.0,29.99999999999999,-51.75,-2.987141537818687e-23,nan,36.04
,0.0,55.0,-46.0,-1.5707963267948963,NO_PATH,7.57098417e-19,0.0,29.99999999999999,-51.75,-2.987141537818687e-23,nan,36.06
,0.0,55.0,-46.0,-1.5707963267948963,NO_PATH,4.60566014e-19,0.0,29.99999999999999,-51.75,-2.987141537818687e-23,nan,36.080000000000005
,0.0,55.0,-46.0,-1.5707963267948963,NO_PATH,4.60566014e-19,0.0,29.99999999999999,-51.75,-2.987141537818687e-23,nan,36.1
,0.0,55.0,-46.0,-1.5707963267948963,NO_PATH,6.21362889e-19,0.0,29.99999999999999,-51.75,-2.987141537818687e-23,nan,36.120000000000005
,0.0,55.0,-46.0,-1.5707963267948963,NO_PATH,2.39113997e-19,0.0,29.99999999999999,-51.75,-2.987141537818687e-23,nan,36.14
,0.0,55.0,-46.0,-1.5707963267948963,NO_PATH,2.39113997e-19,0.0,29.99999999999999,-51.75,-2.987141537818687e-23,nan,36.160000000000004
,0.0,55.0,-46.0,-1.5707963267948963,NO_PATH,8.82018763e-19,0.0,29.99999999999999,-51.75,-2.987141537818687e-23,nan,36.18
,0.0,55.0,-46.0,-1.5707963267948963,NO_PATH,-2.38956358e-19,0.0,29.99999999999999,-51.75,-2.987141537818687e-23,nan,36.2
,0.0,55.0,-46.0,-1.5707963267948963,NO_PATH,2.05831035e-19,0.0,29.99999999999999,-51.75,-2.987141537818687e-23,nan,36.22
,0.0,55.0,-46.0,-1.5707963267948963,NO_PATH,3.77165655e-19,0.0,29.99999999999999,-51.75,-2.987141537818687e-23,nan,36.24
,0.0,55.0,-46.0,-1.5707963267948963,NO_PATH,7.82540215e-19,0.0,29.99999999999999,-51.75,-2.987141537818687e-23,nan,36.260000000000005
,0.0,55.0,-46.0,-1.5707963267948963,NO_PATH,7.82540215e-19,0.0,29.99999999999999,-51.75,-2.987141537818687e-23,nan,36.28
,0.0,55.0,-46.0,-1.5707963267948963,NO_PATH,8.5067295e-19,0.0,29.99999999999999,-51.75,-2.987141537818687e-23,nan,36.300000000000004
,0.0,55.0,-46.0,-1.5707963267948963,NO_PATH,1.10833146e-18,0.0,29.99999999999999,-51.75,-2.987141537818687e-23,nan,36.32
,0.0,55.0,-46.0,-1.5707963267948963,NO_PATH,1.10833146e-18,0.0,29.99999999999999,-51.75,-2.987141537818687e-23,nan,36.34
,0.0,55.0,-46.0,-1.5707963267948963,NO_PATH,6.39150394e-19,0.0,29.99999999999999,-51.75,-2.987141537818687e-23,nan,36.36
,0.0,55.0,-46.0,-1.5707963267948963,NO_PATH,9.61799905e-19,0.0,29.99999999999999,-51.75,-2.987141537818687e-23,nan,36.38
,0.0,55.0,-46.0,-1.5707963267948963,NO_PATH,6.26095558e-19,0.0,29.99999999999999,-51.75,-2.987141537818687e-23,nan,36.400000000000006
,0.0,55.0,-46.0,-1.5707963267948963,NO_PATH,6.26095558e-19,0.0,29.99999999999999,-51.75,-2.987141537818687e-23,nan,36.42
,0.0,55.0,-46.0,-1.5707963267948963,NO_PATH,3.10432459e-19,0.0,29.99999999999999,-51.75,-2.987141537818687e-23,nan,36.440000000000005
,0.0,55.0,-46.0,-1.5707963267948963,NO_PATH,1.55061682e-19,0.0,29.99999999999999,-51.75,-2.987141537818687e-23,nan,36.461000000000006
,0.0,55.0,-46.0,-1.5707963267948963,NO_PATH,5.81706232e-19,0.0,29.99999999999999,-51.75,-2.987141537818687e-23,nan,36.480000000000004
,0.0,55.0,-46.0,-1.5707963267948963,NO_PATH,5.81706232e-19,0.0,29.99999999999999,-51.75,-2.987141537818687e-23,nan,36.5
,0.0,55.0,-46.0,-1.5707963267948963,NO_PATH,1.36698373e-19,0.0,29.99999999999999,-51.75,-2.987141537818687e-23,nan,36.52
,0.0,55.0,-46.0,-1.5707963267948963,NO_PATH,1.36698373e-19,0.0,29.99999999999999,-51.75,-2.987141537818687e-23,nan,36.54
,0.0,55.0,-46.0,-1.5707963267948963,NO_PATH,4.79230946e-19,0.0,29.99999999999999,-51.75,-2.987141537818687e-23,nan,36.56
,0.0,55.0,-46.0,-1.5707963267948963,NO_PATH,-6.16596041e-19,0.0,29.99999999999999,-51.75,-2.987141537818687e-23,nan,36.580000000000005
,0.0,55.0,-46.0,-1.5707963267948963,NO_PATH,-6.16596041e-19,0.0,29.99999999999999,-51.75,-2.987141537818687e-23,nan,36.6
,0.0,55.0,-46.0,-1.5707963267948963,NO_PATH,2.94907873e-19,0.0,29.99999999999999,-51.75,-2.987141537818687e-23,nan,36.620000000000005
,0.0,55.0,-46.0,-1.5707963267948963,NO_PATH,4.03988589e-19,0.0,29.99999999999999,-51.75,-2.987141537818687e-23,nan,36.64
,0.0,55.0,-46.0,-1.5707963267948963,NO_PATH,7.35236975e-19,0.0,29.99999999999999,-51.75,-2.987141537818687e-23,nan,36.661
,0.0,55.0,-46.0,-1.5707963267948963,NO_PATH,-1.26819635e-19,0.0,29.99999999999999,-51.75,-2.987141537818687e-23,nan,36.68
,0.0,55.0,-46.0,-1.5707963267948963,NO_PATH,-1.26819635e-19,0.0,29.99999999999999,-51.75,-2.987141537818687e-23,nan,36.7
,0.0,55.0,-46.0,-1.5707963267948963,NO_PATH,6.40983146e-19,0.0,29.99999999999999,-51.75,-2.987141537818687e-23,nan,36.72
,0.0,55.0,-46.0,-1.5707963267948963,NO_PATH,1.14093718e-18,0.0,29.99999999999999,-51.75,-2.987141537818687e-23,nan,36.74
,0.0,55.0,-46.0,-1.5707963267948963,NO_PATH,4.57728429e-19,0.0,29.99999999999999,-51.75,-2.987141537818687e-23,nan,36.760000000000005
,0.0,55.0,-46.0,-1.5707963267948963,NO_PATH,7.86497531e-19,0.0,29.99999999999999,-51.75,-2.987141537818687e-23,nan,36.78
,0.0,55.0,-46.0,-1.5707963267948963,NO_PATH,7.86497531e-19,0.0,29.99999999999999,-51.75,-2.987141537818687e-23,nan,36.800000000000004
,0.0,55.0,-46.0,-1.5707963267948963,NO_PATH,8.78029359e-19,0.0,29.99999999999999,-51.75,-2.987141537818687e-23,nan,36.82
,0.0,55.0,-46.0,-1.5707963267948963,NO_PATH,5.64625656e-19,0.0,29.99999999999999,-51.75,-2.987141537818687e-23,nan,36.84
,0.0,55.0,-46.0,-1.5707963267948963,NO_PATH,9.20441479e-19,0.0,29.99999999999999,-51.75,-2.987141537818687e-23,nan,36.86
,0.0,55.0,-46.0,-1.5707963267948963,NO_PATH,9.20441479e-19,0.0,29.99999999999999,-51.75,-2.987141537818687e-23,nan,36.88
,0.0,55.0,-46.0,-1.5707963267948963,NO_PATH,2.16142668e-19,0.0,29.99999999999999,-51.75,-2.987141537818687e-23,nan,36.900000000000006
,0.0,55.0,-46.0,-1.5707963267948963,NO_PATH,2.16142668e-19,0.0,29.99999999999999,-51.75,-2.987141537818687e-23,nan,36.92
,0.0,55.0,-46.0,-1.5707963267948963,NO_PATH,-4.62936196e-19,0.0,29.99999999999999,-51.75,-2.987141537818687e-23,nan,36.940000000000005
,0.0,55.0,-46.0,-1.5707963267948963,NO_PATH,2.57405641e-19,0.0,29.99999999999999,-51.75,-2.987141537818687e-23,nan,36.96
,0.0,55.0,-46.0,-1.5707963267948963,NO_PATH,4.7719169e-19,0.0,29.99999999999999,-51.75,-2.987141537818687e-23,nan,36.980000000000004
,0.0,55.0,-46.0,-1.5707963267948963,NO_PATH,4.7719169e-19,0.0,29.99999999999999,-51.75,-2.987141537818687e-23,nan,37.0
,0.0,55.0,-46.0,-1.5707963267948963,NO_PATH,3.04833493e-19,0.0,29.99999999999999,-51.75,-2.987141537818687e-23,nan,37.02
,0.0,55.0,-46.0,-1.5707963267948963,NO_PATH,6.65930807e-19,0.0,29.99999999999999,-51.75,-2.987141537818687e-23,nan,37.04
,0.0,55.0,-46.0,-1.5707963267948963,NO_PATH,1.3273205e-18,0.0,29.99999999999999,-51.75,-2.987141537818687e-23,nan,37.06
,0.0,55.0,-46.0,-1.5707963267948963,NO_PATH,1.3273205e-18,0.0,29.99999999999999,-51.75,-2.987141537818687e-23,nan,37.080000000000005
,0.0,55.0,-46.0,-1.5707963267948963,NO_PATH,2.75516948e-19,0.0,29.99999999999999,-51.75,-2.987141537818687e-23,nan,37.1
CRUISE,0.0,55.0,-46.0,-1.5707963267948963,TRACKING,7.63906126e-19,0.0,29.99999999999999,-51.75,-2.987141537818687e-23,nan,37.120000000000005
CRUISE,0.0,55.0,-46.0,-1.5707963267948963,TRACKING,1.08917551e-18,0.0,29.99999999999999,-51.75,-2.987141537818687e-23,nan,37.14
CRUISE,0.0,55.0,-46.0,-1.5707963267948963,TRACKING,1.08917551e-18,0.021749236156054508,30.000284985487344,-51.75,2.2897131817658934e-13,nan,37.160000000000004
CRUISE,0.0,55.0,-46.0,-1.5707963267948963,TRACKING,0.0284999998,0.05174923615562932,30.001169970210466,-51.75,1.1082633100127285e-12,nan,37.18
CRUISE,0.0,55.0,-46.0,-1.5707963267948963,TRACKING,0.0584999998,0.08174923615626994,30.00265495493359,-51.75,2.583694553596665e-12,nan,37.2
CRUISE,0.0,55.0,-46.0,-1.5707963267948963,TRACKING,0.0884999998,0.11174923615620003,30.00473993965671,-51.75,4.6552642516271545e-12,nan,37.22
CRUISE,0.0,55.0,-46.0,-1.5707963267948963,TRACKING,0.1185,0.14174923615577484,30.00742492437983,-51.75,7.322972428987398e-12,nan,37.24
CRUISE,0.0,55.0,-46.0,-1.5707963267948963,TRACKING,0.1485,0.17174923615641546,30.010709909102957,-51.75,1.0586820462979495e-11,nan,37.260000000000005
CRUISE,0.0,55.0,-46.0,-1.5707963267948963,TRACKING,0.1785,0.20174923615634555,30.014594893826075,-51.74999999999987,1.4446812243815433e-11,nan,37.28
CRUISE,0.0,55.0,-46.0,-1.5707963267948963,TRACKING,0.1785,0.23174923615556509,30.019079878549192,-51.74999999999973,1.890295657506589e-11,nan,37.300000000000004
CRUISE,0.0,55.0,-46.0,-1.5707963267948963,TRACKING,0.2385,0.2617492361562057,30.02416486327232,-51.74999999999959,2.3955266096793917e-11,nan,37.32
CRUISE,0.0,55.0,-46.0,-1.5707963267948963,TRACKING,0.2385,0.29174923615649107,30.02984984799544,-51.74999999999941,2.960376073387473e-11,nan,37.34
CRUISE,0.0,55.0,-46.0,-1.5707963267948963,TRACKING,0.2985,0.3217492361557106,30.03613483271856,-51.749999999999126,3.584846959954173e-11,nan,37.36
CRUISE,0.0,55.0,-46.0,-1.5707963267948963,TRACKING,0.3285,0.35174923615599596,30.043019817441685,-51.74999999999882,4.2689431847428434e-11,nan,37.38
CRUISE,0.0,55.0,-46.0,-1.5707963267948963,TRACKING,0.3585,0.3817492361566366,30.050504802164806,-51.749999999998394,5.012669887591858e-11,nan,37.401
CRUISE,0.0,55.0,-46.0,-1.5707963267948963,TRACKING,0.3585,0.4102492361557353,30.05856128765177,-51.74999999999789,5.8132020841239265e-11,nan,37.42
CRUISE,0.0,55.0,-46.0,-1.5707963267948963,TRACKING,0.417,0.44024923615602063,30.067216272374896,-51.749999999997286,6.673230624323547e-11,nan,37.441
CRUISE,0.0,55.0,-46.0,-1.5707963267948963,TRACKING,0.447,0.470249236156306,30.076471257098017,-51.749999999996554,7.592915283959386e-11,nan,37.46
CRUISE,0.0,55.0,-46.0,-1.5707963267948963,TRACKING,0.477,0.5002492361558808,30.086326241821133,-51.74999999999567,8.572268765365547e-11,nan,37.480000000000004
CRUISE,0.0,55.0,-46.0,-1.5707963267948963,TRACKING,0.507,0.5302492361561661,30.09678122654426,-51.749999999994635,9.611306519842126e-11,nan,37.5
CRUISE,0.0,55.0,-46.0,-1.5707963267948963,TRACKING,0.507,0.5602492361564515,30.107836211267383,-51.74999999999343,1.0710046894315927e-10,nan,37.52
CRUISE,0.0,55.0,-46.0,-1.5707963267948963,TRACKING,0.567,0.5902492361560263,30.119491195990502,-51.74999999999202,1.1868511436329914e-10,nan,37.54
CRUISE,0.0,55.0,-46.0,-1.5707963267948963,TRACKING,0.567,0.6202492361556011,30.131746180713623,-51.74999999999039,1.3086725154658467e-10,nan,37.56
CRUISE,0.0,55.0,-46.0,-1.5707963267948963,TRACKING,0.597,0.650249236156597,30.14460116543675,-51.74999999998853,1.4364716929877676e-10,nan,37.580000000000005
CRUISE,0.0,55.0,-46.0,-1.5707963267948963,TRACKING,0.657,0.6802492361561718,30.15805615015987,-51.749999999986414,1.570252018730559e-10,nan,37.6
CRUISE,0.0,55.0,-46.0,-1.5707963267948963,TRACKING,0.687,0.7102492361557466,30.17211113488299,-51.749999999984006,1.7100172402988517e-10,nan,37.620000000000005
CRUISE,0.0,55.0,-46.0,-1.5707963267948963,TRACKING,0.717,0.7402492361563873,30.186766119606116,-51.7499999999813,1.8557715165339908e-10,nan,37.64
CRUISE,0.0,55.0,-46.0,-1.5707963267948963,TRACKING,0.717,0.7702492361563174,30.202021104329237,-51.74999999997824,2.0075196304078242e-10,nan,37.660000000000004
CRUISE,0.0,55.0,-46.0,-1.5707963267948963,TRACKING,0.777,0.8002492361555369,30.217876089052353,-51.74999999997483,2.1652667759666054e-10,nan,37.68
CRUISE,0.0,55.0,-46.0,-1.5707963267948963,TRACKING,0.777,0.8302492361561775,30.23433107377548,-51.749999999971024,2.329018636863364e-10,nan,37.7
CRUISE,0.0,55.0,-46.0,-1.5707963267948963,TRACKING,0.807,0.8602492361564629,30.2513860584986,-51.74999999996681,2.498781551958217e-10,nan,37.72
CRUISE,0.0,55.0,-46.0,-1.5707963267948963,TRACKING,0.837,0.8902492361556824,30.26904104322172,-51.74999999996215,2.6745622798656017e-10,nan,37.74
CRUISE,0.0,55.0,-46.0,-1.5707963267948963,TRACKING,0.867,0.920249236156323,30.287296027944848,-51.749999999957005,2.8563681579670845e-10,nan,37.760000000000005
CRUISE,0.0,55.0,-46.0,-1.5707963267948963,TRACKING,0.897,0.9502492361566084,30.30615101266797,-51.749999999951356,3.0442069420706065e-10,nan,37.78
CRUISE,0.0,55.0,-46.0,-1.5707963267948963,TRACKING,0.927,0.9802492361554727,30.325605997391087,-51.749999999945175,3.238086980245129e-10,nan,37.800000000000004
CRUISE,0.0,55.0,-46.0,-1.5707963267948963,TRACKING,0.957,1.0102492361561133,30.345660982114214,-51.7499999999384,3.4380169586858746e-10,nan,37.82
CRUISE,0.0,55.0,-46.0,-1.5707963267948963,TRACKING,1.017,1.0402492361563986,30.366315966837334,-51.74999999993103,3.6440060055838345e-10,nan,37.84
CRUISE,0.0,55.0,-46.0,-1.5707963267948963,TRACKING,1.047,1.0702492361556182,30.387570951560452,-51.749999999923006,3.8560635624162914e-10,nan,37.86
CRUISE,0.0,55.0,-46.0,-1.5707963267948963,TRACKING,1.047,1.1002492361559035,30.409425936283576,-51.7499999999143,4.0741992841889185e-10,nan,37.88
CRUISE,0.0,55.0,-46.0,-1.5707963267948963,TRACKING,1.077,1.1302492361565442,30.431880921006698,-51.74999999990487,4.2984228908287844e-10,nan,37.900000000000006
CRUISE,0.0,55.0,-46.0,-1.5707963267948963,TRACKING,1.107,1.1602492361557637,30.45493590572982,-51.74999999989468,4.528744205695173e-10,nan,37.92
CRUISE,0.0,55.0,-46.0,-1.5707963267948963,TRACKING,1.167,1.190249236156049,30.478590890452946,-51.74999999988369,4.765172930771822e-10,nan,37.940000000000005
CRUISE,0.0,55.0,-46.0,-1.5707963267948963,TRACKING,1.197,1.2202492361563344,30.502845875176067,-51.749999999871854,5.007718380178664e-10,nan,37.96
CRUISE,0.0,55.0,-46.0,-1.5707963267948963,TRACKING,1.227,1.2502492361559092,30.527700859899188,-51.74999999985913,5.256389606454886e-10,nan,37.980000000000004
CRUISE,0.0,55.0,-46.0,-1.5707963267948963,TRACKING,1.257,1.2802492361561946,30.553155844622314,-51.749999999845464,5.511194883882257e-10,nan,38.001000000000005
CRUISE,0.0,55.0,-46.0,-1.5707963267948963,TRACKING,1.257,1.31024923615648,30.57921082934544,-51.749999999830834,5.772141778422163e-10,nan,38.02
CRUISE,0.0,55.0,-46.0,-1.5707963267948963,TRACKING,1.287,1.3402492361560547,30.605865814068554,-51.74999999981518,6.039236752359825e-10,nan,38.04
CRUISE,0.0,55.0,-46.0,-1.5707963267948963,TRACKING,1.347,1.3702492361552743,30.63312079879167,-51.74999999979846,6.312485076292132e-10,nan,38.06
CRUISE,0.0,55.0,-46.0,-1.5707963267948963,TRACKING,1.347,1.4002492361562702,30.660975783514793,-51.74999999978061,6.59189042766723e-10,nan,38.081
CRUISE,0.0,55.0,-46.0,-1.5707963267948963,TRACKING,1.377,1.4302492361562003,30.689430768237912,-51.749999999761606,6.877454881043029e-10,nan,38.1
CRUISE,5.933369300538193e-88,55.0,-46.0,-1.5111060663766922,TRACKING,1.437,1.4602492361554198,30.71848575296103,-51.74999999974138,7.169178491885697e-10,nan,38.120000000000005
CRUISE,8.197477797702691e-87,55.0,-46.0,-1.4482742133048976,TRACKING,1.467,1.4902492361564157,30.748140737684157,-51.749999999719876,7.467059095439787e-10,nan,38.14
CRUISE,1.1910042608947726,55.002709417652554,-46.02126615728326,-1.446401824127507,TRACKING,1.467,1.5202492361563458,30.778395722407275,-51.74999999969705,7.771092214382466e-10,nan,38.160000000000004
CRUISE,1.1910042608949918,55.005609835780085,-46.04490897652376,-1.4513027087161623,TRACKING,1.497,1.5502492361555653,30.809250707130396,-51.74999999967282,8.081270675397634e-10,nan,38.18
CRUISE,1.1911700897336714,55.00839462085221,-46.068567364257866,-1.4561808287807414,TRACKING,1.527,1.580249236156206,30.840705691853522,-51.74999999964717,8.397584532483191e-10,nan,38.201
CRUISE,1.191241159237719,55.01106496313534,-46.09224204204808,-1.4610166718720392,TRACKING,1.587,1.6102492361564913,30.872760676576643,-51.74999999962001,8.720020922364654e-10,nan,38.22
CRUISE,1.1912411592374679,55.013620787614265,-46.11592935632412,-1.4658525149633364,TRACKING,1.617,1.6402492361557108,30.905415661299763,-51.749999999591296,9.048564016405263e-10,nan,38.24
CRUISE,1.192963185197105,55.01606907392451,-46.13965746123975,-1.4702617573053718,TRACKING,1.617,1.6702492361563515,30.938670646022892,-51.749999999560956,9.383194842700228e-10,nan,38.260000000000005
CRUISE,1.19362473647047,55.020658669313505,-46.18716125861996,-1.4788240510977213,TRACKING,1.677,1.7002492361566368,30.972525630746013,-51.74999999952893,9.723891333204507e-10,nan,38.28
CRUISE,1.19362473647047,55.020658669313505,-46.18716125861996,-1.4788240510977213,TRACKING,1.707,1.730249236155501,31.00698061546913,-51.74999999949515,1.007062874802451e-09,nan,38.300000000000004
CRUISE,1.1939082584853808,55.022806158111486,-46.21094264405407,-1.4828562226077557,TRACKING,1.707,1.7602492361561417,31.042035600192257,-51.74999999945956,1.0423378984936308e-09,nan,38.32
CRUISE,1.193908258486135,55.02485773908713,-46.23473249518442,-1.4868883941177877,TRACKING,1.767,1.7902492361567823,31.07769058491538,-51.74999999942209,1.078211173842877e-09,nan,38.34
CRUISE,1.195130081455564,55.02681906930904,-46.258552027344464,-1.490536013634628,TRACKING,1.767,1.8202492361556466,31.1139455696385,-51.74999999938265,1.1146794353773842e-09,nan,38.36
CRUISE,1.1951300814560581,55.028694639567405,-46.282380917030615,-1.4941409051522263,TRACKING,1.797,1.850249236155932,31.150800554361624,-51.74999999934119,1.151739214122787e-09,nan,38.38
CRUISE,1.195786091996961,55.03048634584172,-46.30622547056289,-1.497569583456023,TRACKING,1.857,1.8802492361565726,31.188255539084746,-51.749999999297636,1.1893869334121502e-09,nan,38.400000000000006
CRUISE,1.195786091997774,55.03219805889569,-46.33007984657599,-1.500922741811046,TRACKING,1.857,1.9102492361557921,31.226310523807864,-51.74999999925192,1.2276189259209906e-09,nan,38.421
CRUISE,1.1961296289693497,55.03383021683885,-46.35394324157791,-1.5042050277736583,TRACKING,1.887,1.9402492361560775,31.26496550853099,-51.74999999920397,1.2664315217874832e-09,nan,38.440000000000005
CRUISE,1.1963586536499802,55.035387032174036,-46.37781970435895,-1.5073219448206483,TRACKING,1.917,1.970249236156718,31.304220493254117,-51.7499999991537,1.305821133535888e-09,nan,38.46
CRUISE,1.1963586536504294,55.036869419113515,-46.40170090361452,-1.5104388618676372,TRACKING,1.977,2.0002492361559376,31.344075477977235,-51.74999999910104,1.3457843293789695e-09,nan,38.480000000000004
CRUISE,1.1970967998596427,55.03828044898559,-46.42559825788444,-1.513288631162128,TRACKING,2.007,2.0302492361558677,31.384530462700354,-51.749999999045926,1.386317934291581e-09,nan,38.5
CRUISE,1.1970967998614848,55.03962493722761,-46.44950240567565,-1.516071613518493,TRACKING,2.037,2.0602492361565083,31.42558544742348,-51.749999998988265,1.4274191249188744e-09,nan,38.52
CRUISE,1.1974548215943899,55.04090350957234,-46.47341375549857,-1.518765605041777,TRACKING,2.037,2.090249236156083,31.4672404321466,-51.749999998928004,1.4690855284662157e-09,nan,38.54
CRUISE,1.1974946017932688,55.042119706061925,-46.497332741178624,-1.5213508299912966,TRACKING,2.097,2.120249236155658,31.50949541686972,-51.74999999886505,1.5113153306452054e-09,nan,38.56
CRUISE,1.1974946017935104,55.043274062597675,-46.5212547910668,-1.523936054940816,TRACKING,2.097,2.1502492361562986,31.552350401592843,-51.749999998799325,1.5541073623307056e-09,nan,38.580000000000005
CRUISE,1.1980044770104028,55.04541043708979,-46.56912677165568,-1.5285642287046002,TRACKING,2.157,2.1802492361562287,31.595805386315963,-51.74999999873076,1.5974611777325425e-09,nan,38.6
CRUISE,1.19827765100944,55.04639644740026,-46.59306956690513,-1.5307812921206307,TRACKING,2.187,2.2102492361558035,31.639860371039084,-51.74999999865928,1.6413771849569001e-09,nan,38.621
CRUISE,1.19827765100944,55.04639644740026,-46.59306956690513,-1.5307812921206307,TRACKING,2.187,2.240249227579838,31.684515355672463,-51.7499999985844,1.6855437596024845e-09,nan,38.64
CRUISE,1.1982776510110895,55.04733079346164,-46.61701689472414,-1.532924660912164,TRACKING,2.217,2.270249212021014,31.72977033997711,-51.749999998504926,1.7291300426532608e-09,nan,38.660000000000004
CRUISE,1.1983738001069892,55.04821389983646,-46.64096712904664,-1.5350369864424596,TRACKING,2.277,2.300249207730687,31.775625324138648,-51.7499999984217,1.7727863137246056e-09,nan,38.68
CRUISE,1.1985180237758908,55.04983498761041,-46.6888804025041,-1.5390132914131387,TRACKING,2.307,2.3302492153440824,31.822080308392284,-51.749999998335795,1.8173366877789142e-09,nan,38.7
CRUISE,1.1985180237758908,55.04983498761041,-46.6888804025041,-1.5390132914131387,TRACKING,2.337,2.3602492340117465,31.86913529296975,-51.74999999824819,1.863594135146826e-09,nan,38.72
CRUISE,1.198825824574999,55.05057540711064,-46.712843632807086,-1.5408484890167198,TRACKING,2.337,2.390249236155384,31.91679027769287,-51.7499999981579,1.910943432788193e-09,nan,38.74
CRUISE,1.1989087864518095,55.05192867795518,-46.76077837187563,-1.5443553265626693,TRACKING,2.397,2.4202492361560246,31.965045262415995,-51.74999999806417,1.9588836223548183e-09,nan,38.760000000000005
CRUISE,1.1989087864518095,55.05192867795518,-46.76077837187563,-1.5443553265626693,TRACKING,2.397,2.4502492361570205,32.01390024713912,-51.74999999796693,2.0074221447953092e-09,nan,38.78
CRUISE,1.1989917483410377,55.05311997688702,-46.80872322234539,-1.5476349897706745,TRACKING,2.457,2.4802492361558848,32.06335523186224,-51.74999999786608,2.05656696954029e-09,nan,38.801
YIELD,1.1989917483410377,55.05311997688702,-46.80872322234539,-1.5476349897706745,TRACKING,2.457,2.51024923615617,32.11341021658536,-51.74999999776156,2.1063263756545796e-09,nan,38.82
YIELD,1.1992033399235447,55.054160684019976,-46.85667898972058,-1.550595786219416,TRACKING,2.487,2.540249236155745,32.164065201308475,-51.749999997653276,2.1567087400435633e-09,nan,38.84
YIELD,1.1992033399235447,55.054160684019976,-46.85667898972058,-1.550595786219416,TRACKING,2.517,2.5702492361560303,32.2153201860316,-51.749999997541174,2.2077222929013455e-09,nan,38.86
YIELD,1.1993170369210422,55.0550636005441,-46.904641566030435,-1.5533705956184258,TRACKING,2.577,2.6002492361563156,32.26717517075472,-51.74999999742516,2.259374831185671e-09,nan,38.88
YIELD,1.1993170369210422,55.0550636005441,-46.904641566030435,-1.5533705956184258,TRACKING,2.577,2.6302492361558905,32.31963015547784,-51.74999999730513,2.3116734536828244e-09,nan,38.900000000000006
YIELD,1.1993170369198776,55.055466184504766,-46.928624526253564,-1.5547201909875907,TRACKING,2.637,2.660249236156176,32.372685140200964,-51.74999999718102,2.364624261822701e-09,nan,38.92
YIELD,1.1994621335950706,55.055837529569544,-46.9526103126738,-1.5559482474468842,TRACKING,2.667,2.690249236156461,32.42634012492409,-51.7499999970527,2.4182320607535896e-09,nan,38.940000000000005
YIELD,1.1994621335939881,55.05618006474935,-46.9765971083123,-1.5571459191787107,TRACKING,2.697,2.720249236156036,32.48059510964721,-51.74999999692011,2.4725001382804103e-09,nan,38.961000000000006
YIELD,1.1995398382006335,55.05678116517469,-47.02457407153163,-1.5594109196549224,TRACKING,2.727,2.7502492361563213,32.53545009437034,-51.74999999678315,2.5274299946082455e-09,nan,38.980000000000004
YIELD,1.1995398382006335,55.05678116517469,-47.02457407153163,-1.5594109196549224,TRACKING,2.757,2.7802492053474737,32.590905078689424,-51.749999996643595,2.5844283154347223e-09,nan,39.0
YIELD,1.1996074273916213,55.05727703836283,-47.072554715988865,-1.5615249714318336,TRACKING,2.787,2.81024912137795,32.646960061564975,-51.74999999650137,2.6436070409245987e-09,nan,39.021
YIELD,1.1996074273916213,55.05727703836283,-47.072554715988865,-1.5615249714318336,TRACKING,2.817,2.840249078842305,32.70361504327406,-51.749999996354575,2.7036576864434224e-09,nan,39.04
YIELD,1.1996074273927784,55.05748781482956,-47.096545937615325,-1.5625481612350287,TRACKING,2.847,2.870249102195288,32.76087002511715,-51.74999999620272,2.764316572374108e-09,nan,39.06
YIELD,1.1996930380665585,55.05767490652378,-47.12053872564621,-1.5634766113516352,TRACKING,2.847,2.90024918916032,32.818725008401266,-51.74999999604531,2.8252620303470548e-09,nan,39.080000000000005
YIELD,1.1997385752180019,55.057984019687105,-47.16852590056095,-1.5652512391038202,TRACKING,2.907,2.9302492351604315,32.87717999292355,-51.74999999587992,2.8847787784726672e-09,nan,39.1
YIELD,1.1997385752180019,55.057984019687105,-47.16852590056095,-1.5652512391038202,TRACKING,2.937,2.9602492361568977,32.93623497764668,-51.749999995708386,2.9442103530711527e-09,nan,39.120000000000005
YIELD,1.1997385752167693,55.05810755578046,-47.192520353357665,-1.5660861990233121,TRACKING,2.967,2.990249236155762,32.995889962369795,-51.74999999553155,3.004243246366402e-09,nan,39.14
YIELD,1.1997740509900428,55.058211200371616,-47.21651525512355,-1.5668916748886497,TRACKING,2.967,3.0202492361560473,33.056144947092925,-51.74999999534929,3.0648630810576544e-09,nan,39.160000000000004
YIELD,1.1997779927454195,55.05829612450986,-47.240510664107454,-1.5676611146877923,TRACKING,2.997,3.0502492361570432,33.11699993181605,-51.749999995161424,3.1260552570378652e-09,nan,39.18
YIELD,1.1998118564625875,55.05841121178659,-47.28850228482778,-1.5691419385145293,TRACKING,3.057,3.0802492361559075,33.178454916539174,-51.74999999496787,3.187805552638987e-09,nan,39.201
YIELD,1.1998118564637141,55.058442837191855,-47.31249850061658,-1.5698502669751992,TRACKING,3.087,3.1102492361554823,33.24050990126229,-51.749999994768544,3.2501007240195457e-09,nan,39.220000000000006
YIELD,1.1998118564637141,55.058442837191855,-47.31249850061658,-1.5698502669751992,TRACKING,3.117,3.140249236156478,33.30316488598542,-51.749999994563254,3.312929169952219e-09,nan,39.24
YIELD,1.199854814494025,55.05845719356783,-47.360492215239915,-1.5711420799448,TRACKING,3.147,3.170249236156053,33.36641987070853,-51.74999999435191,3.376281553701447e-09,nan,39.260000000000005
YIELD,1.199854814494025,55.05845719356783,-47.360492215239915,-1.5711420799448,TRACKING,3.147,3.200249236155628,33.430274855431655,-51.7499999941344,3.4401513568427345e-09,nan,39.28
YIELD,1.1998778650528616,55.058412486642624,-47.40848698356497,-1.5723195506306096,TRACKING,3.207,3.230249207112479,33.494729839845405,-51.7499999939092,3.5034941667219925e-09,nan,39.301
YIELD,1.1998778650528616,55.058412486642624,-47.40848698356497,-1.5723195506306096,TRACKING,3.237,3.2602490505837523,33.559784821680296,-51.7499999936749,3.565247063231494e-09,nan,39.32
YIELD,1.1998778650536184,55.058369427694956,-47.43248450191071,-1.5728902508285207,TRACKING,3.237,3.290248950607122,33.625439801080965,-51.74999999343368,3.6270558704922363e-09,nan,39.34
YIELD,1.199906290256742,55.0583132499193,-47.45648247643099,-1.5734007673655024,TRACKING,3.297,3.320248942990389,33.69169477986022,-51.74999999318598,3.689287379029839e-09,nan,39.36
YIELD,1.19990629025667,55.0582450499512,-47.48048050507837,-1.573900663256439,TRACKING,3.297,3.350249031456798,33.75854975992661,-51.7499999929322,3.752330314977254e-09,nan,39.381
YIELD,1.1999152710907555,55.05816489065171,-47.50447858657495,-1.5743880611442718,TRACKING,3.357,3.3802491981354876,33.82600474302404,-51.74999999267299,3.816770960139277e-09,nan,39.402
YIELD,1.1999212583156273,55.058073471359364,-47.52847683740544,-1.5748462970248682,TRACKING,3.387,3.4102492361562042,33.89405972771369,-51.749999992410324,3.88426746825356e-09,nan,39.42
YIELD,1.199921258315193,55.05797105521739,-47.55247504382476,-1.5753045329054634,TRACKING,3.387,3.4402492361564896,33.96271471243681,-51.749999992140836,3.952474685110301e-09,nan,39.440000000000005
YIELD,1.1999342610025652,55.05785809175327,-47.57647346300508,-1.5757232280120452,TRACKING,3.417,3.470249236155354,34.03196969715992,-51.74999999186429,4.021297822482203e-09,nan,39.46
YIELD,1.1999342610031891,55.05773508027867,-47.60047183278463,-1.5761419231186282,TRACKING,3.477,3.5002492361563498,34.10182468188305,-51.74999999158055,4.090758808037039e-09,nan,39.480000000000004
YIELD,1.1999504543285233,55.057602168954084,-47.624470311733475,-1.5765330141024139,TRACKING,3.507,3.530249236156635,34.17227966660617,-51.749999991289556,4.160878621055903e-09,nan,39.5
YIELD,1.199951311371984,55.05730981060869,-47.672467447027955,-1.5772583413327343,TRACKING,3.537,3.5602492361554994,34.24333465132929,-51.74999999099118,4.23167599637599e-09,nan,39.521
YIELD,1.199951311371984,55.05730981060869,-47.672467447027955,-1.5772583413327343,TRACKING,3.567,3.5902492361564953,34.314989636052424,-51.74999999068531,4.3031662989312634e-09,nan,39.54
YIELD,1.1999590247531045,55.056984177465424,-47.720464702542536,-1.5779194553883833,TRACKING,3.597,3.6202492354838967,34.38724462076882,-51.74999999037187,4.3753839812507796e-09,nan,39.56
YIELD,1.1999590247531045,55.056984177465424,-47.720464702542536,-1.5779194553883833,TRACKING,3.597,3.65024908712428,34.46009960364757,-51.749999990054114,4.450897244520219e-09,nan,39.580000000000005
YIELD,1.1999685126014998,55.05680955950127,-47.74446334255255,-1.5782294568923256,TRACKING,3.657,3.6802488853872717,34.53355458222602,-51.74999998972982,4.528303246262259e-09,nan,39.6
YIELD,1.1999723489882588,55.0564394662134,-47.79246072558468,-1.578792373811855,TRACKING,3.687,3.7102488005331224,34.60760955850761,-51.749999989397786,4.606842057733446e-09,nan,39.620000000000005
YIELD,1.1999723489882588,55.0564394662134,-47.79246072558468,-1.578792373811855,TRACKING,3.687,3.740248841515381,34.68226453497281,-51.74999998905715,4.686010679818533e-09,nan,39.641000000000005
YIELD,1.1999751311717533,55.05624463152334,-47.81645943726762,-1.5790498948889338,TRACKING,3.717,3.770249010005955,34.75751951417302,-51.749999988707096,4.765287813510311e-09,nan,39.660000000000004
YIELD,1.1999751311712312,55.05604361666574,-47.84045809798075,-1.5793074159660117,TRACKING,3.747,3.800249224978103,34.833374497820714,-51.74999998834587,4.843430374373088e-09,nan,39.68
YIELD,1.1999818573155667,55.05583676543694,-47.864456830190484,-1.5795311284124414,TRACKING,3.777,3.830249236155936,34.909829482543834,-51.74999998797342,4.920374670852881e-09,nan,39.7
YIELD,1.199984951717559,55.05540726035009,-47.912454213372236,-1.5799611691667736,TRACKING,3.837,3.8602492361562213,34.98688446726696,-51.74999998759206,4.997909044314236e-09,nan,39.721000000000004
YIELD,1.199984951717559,55.05540726035009,-47.912454213372236,-1.5799611691667736,TRACKING,3.837,3.8902492361565066,35.064539451990086,-51.74999998720164,5.076003077200003e-09,nan,39.74
YIELD,1.199985295540042,55.05518505260187,-47.9364528905367,-1.5801591892998066,TRACKING,3.897,3.9202492361560815,35.14279443671321,-51.749999986801974,5.1546276466972325e-09,nan,39.760000000000005
YIELD,1.1999852955410943,55.054958092636774,-47.96045152322906,-1.580357209432838,TRACKING,3.897,3.9502492361556563,35.221649421436325,-51.74999998639289,5.23375707225405e-09,nan,39.78
YIELD,1.199988211650437,55.05472661608517,-47.98445017111474,-1.5805345104501587,TRACKING,3.957,3.9802492361559416,35.301104406159446,-51.74999998597424,5.313370863834605e-09,nan,39.800000000000004
YIELD,1.199988211650378,55.05449088455253,-48.00844877758219,-1.5807118114674794,TRACKING,3.957,4.010249135306765,35.38115938979473,-51.74999998554351,5.3916994074896205e-09,nan,39.82
YIELD,1.199991757596521,55.05425101263192,-48.03244738558197,-1.5808716853271558,TRACKING,4.017,4.04024884219325,35.46181436794973,-51.74999998510029,5.468358625223437e-09,nan,39.84
YIELD,1.1999922968229082,55.053760471996085,-48.08044455445671,-1.581165623144789,TRACKING,4.047,4.070248689259159,35.54306934230992,-51.749999984646465,5.544766317503748e-09,nan,39.86
YIELD,1.1999935550173335,55.05351012025394,-48.104443119747486,-1.5812967209558166,TRACKING,4.077,4.100248693810471,35.624924315960904,-51.74999998418276,5.621545891064129e-09,nan,39.88
YIELD,1.1999935550173335,55.05351012025394,-48.104443119747486,-1.5812967209558166,TRACKING,4.077,4.130248860347763,35.70737929213435,-51.749999983709934,5.699356108686219e-09,nan,39.900000000000006
YIELD,1.1999935550186693,55.05325662235459,-48.12844165201147,-1.5814278187668454,TRACKING,4.107,4.160249169622432,35.79043427385664,-51.749999983228825,5.778983218567921e-09,nan,39.92
YIELD,1.1999956845237765,55.053000089489274,-48.152440179714134,-1.5815434318022197,TRACKING,4.167,4.190249236156518,35.87408925856613,-51.7499999827413,5.8620432245551075e-09,nan,39.940000000000005
YIELD,1.1999956845239983,55.05274094200138,-48.17643869423439,-1.5816507068814762,TRACKING,4.197,4.219877242272929,35.958336923533835,-51.749999982243374,5.9457510914471775e-09,nan,39.96
YIELD,1.1999963192527798,55.052479232666464,-48.20043718730204,-1.5817537605338419,TRACKING,4.197,4.248197272814025,36.043151589387534,-51.74999998173505,6.0300735369109665e-09,nan,39.980000000000004
YIELD,1.1999967424053113,55.05221519777835,-48.2244356697098,-1.5818469641901296,TRACKING,4.22652,4.2759173033552145,36.12852125554683,-51.74999998121629,6.11503607004646e-09,nan,40.0
YIELD,1.1999967424060753,55.051948926145094,-48.248434127404316,-1.5819401678464144,TRACKING,4.2543,4.3029972534192495,36.21443352120695,-51.749999980687065,6.200658485835429e-09,nan,40.02
YIELD,1.1999979627622002,55.05141040910612,-48.29643102004903,-1.5820914801251078,TRACKING,4.3080696,4.326818811241395,36.30082439997305,-51.74999998014861,6.2876105957882814e-09,nan,40.04
YIELD,1.1999979627622002,55.05141040910612,-48.29643102004903,-1.5820914801251078,TRACKING,4.3080696,4.355748491693845,36.38779772073574,-51.74999997960211,6.3775910571622885e-09,nan,40.06
YIELD,1.199998545934037,55.05086506414515,-48.34442785682202,-1.5822228814877233,TRACKING,4.3590504,4.3801869373893965,36.475257582513265,-51.74999997904613,6.469201062337913e-09,nan,40.080000000000005
YIELD,1.1999985459340254,55.05059012330579,-48.36842625284023,-1.5822851511402025,TRACKING,4.38400901,4.404992544419883,36.563215085119644,-51.74999997847936,6.561686941504593e-09,nan,40.1
YIELD,1.1999985459340254,55.05059012330579,-48.36842625284023,-1.5822851511402025,TRACKING,4.38400901,4.429282296338499,36.651659971737075,-51.74999997790092,6.654443243809025e-09,nan,40.120000000000005
YIELD,1.1999991953766482,55.05031383435668,-48.392424645068175,-1.5823330672639084,TRACKING,4.40845762,4.453021879033514,36.74058164625279,-51.74999997730982,6.74673563013883e-09,nan,40.14
YIELD,1.1999991953769134,55.050036430885946,-48.416423025738005,-1.5823793885510846,TRACKING,4.43239661,4.4762662856307145,36.8299701663113,-51.749999976704416,6.837277685556297e-09,nan,40.160000000000004
YIELD,1.1999994571064676,55.049757935847836,-48.44042139638307,-1.582421522343123,TRACKING,4.47878728,4.499022852537848,36.91981576071789,-51.749999976087004,6.927690838560672e-09,nan,40.18
YIELD,1.1999994861869674,55.04919820705061,-48.48841811220389,-1.5824955538279832,TRACKING,4.50125934,4.521260546052019,37.01010845273802,-51.74999997545825,7.018502552973508e-09,nan,40.2
YIELD,1.1999994861869674,55.04919820705061,-48.48841811220389,-1.5824955538279832,TRACKING,4.52326261,4.543034332392182,37.10083891533597,-51.749999974818095,7.109658115779492e-09,nan,40.220000000000006
YIELD,1.1999997002714742,55.04891709983919,-48.51241645966119,-1.582524262512985,TRACKING,4.54480687,4.564353889090711,37.1919980160458,-51.749999974166414,7.20111001576737e-09,nan,40.24
YIELD,1.1999997002721265,55.04863531363217,-48.53641479936951,-1.5825525339844386,TRACKING,4.54480687,4.585194144274141,37.28357646739115,-51.74999997350217,7.292105128400166e-09,nan,40.260000000000005
YIELD,1.1999999030260196,55.048352897199614,-48.56041313410309,-1.58257349110333,TRACKING,4.56590168,4.605590199466292,37.37556542359154,-51.749999972823645,7.381256945300071e-09,nan,40.28
YIELD,1.1999999030270188,55.04807006850372,-48.584411465603885,-1.5825895719871803,TRACKING,4.60678029,4.625560857164146,37.46795632222833,-51.749999972132514,7.469745997892936e-09,nan,40.300000000000004
YIELD,1.1999999164158717,55.04778685431986,-48.60840979269238,-1.5826049395564759,TRACKING,4.62658226,4.645103888207558,37.56074067018326,-51.74999997142516,7.554690726491534e-09,nan,40.32
YIELD,1.199999969976534,55.04721963536954,-48.65640643994311,-1.582622835033087,TRACKING,4.64597113,4.66420973173669,37.65390996618034,-51.74999997071251,7.644269100195015e-09,nan,40.341
YIELD,1.1999999997070852,55.046935749811986,-48.68040476069101,-1.5826253909010075,TRACKING,4.66495552,4.682917065315451,37.74745618250554,-51.74999996998978,7.73512416870703e-09,nan,40.361000000000004
YIELD,1.1999999997070852,55.046935749811986,-48.68040476069101,-1.5826253909010075,TRACKING,4.66495552,4.701234044240721,37.84137145486847,-51.74999996925836,7.828425638618084e-09,nan,40.38
YIELD,1.1999999997052802,55.046651868992925,-48.70440308170306,-1.5826245049925622,TRACKING,4.68354388,4.719150948397299,37.935647902046874,-51.74999996851534,7.922110713473975e-09,nan,40.400000000000006
YIELD,1.1999999916121535,55.04636801288108,-48.728401402926444,-1.5826221831639906,TRACKING,4.70174446,4.736674443157796,38.03027779306795,-51.74999996776077,8.016226209841277e-09,nan,40.42
YIELD,1.1999999835185247,55.046084274519494,-48.75239972529943,-1.5826155535750328,TRACKING,4.71956535,4.753832374866818,38.12525375463022,-51.749999966994665,8.110812949092086e-09,nan,40.440000000000005
YIELD,1.1999999506246979,55.04551730998167,-48.80039637557156,-1.5825984183498834,TRACKING,4.75409958,4.770632369648808,38.22056856724893,-51.74999996621699,8.205900985581154e-09,nan,40.46
YIELD,1.1999999506246979,55.04551730998167,-48.80039637557156,-1.5825984183498834,TRACKING,4.75409958,4.787069790891962,38.316215038554475,-51.74999996543042,8.303577383390525e-09,nan,40.480000000000004
YIELD,1.1999999506247614,55.04523419717346,-48.82439470467447,-1.58258694370188,TRACKING,4.78720798,4.803141948528378,38.41218602503442,-51.749999964633034,8.402549153923778e-09,nan,40.5
YIELD,1.1999999543422508,55.0449513590677,-48.84839303705369,-1.5825756922366778,TRACKING,4.80324599,4.818878883073552,38.50847476023102,-51.74999996382766,8.505121105790264e-09,nan,40.52
YIELD,1.1999999568203068,55.04438646478437,-48.89638971119417,-1.5825542308260176,TRACKING,4.81894943,4.833843197395993,38.60505667459788,-51.74999996300818,8.606623834222298e-09,nan,40.54
YIELD,1.1999999568203068,55.04438646478437,-48.89638971119417,-1.5825542308260176,TRACKING,4.81894943,4.849059583764159,38.70196980345766,-51.749999962173064,8.7062156380973e-09,nan,40.561
YIELD,1.1999999653642188,55.044104393636765,-48.92038805284089,-1.5825445083068723,TRACKING,4.83400451,4.863800534860019,38.79916589771921,-51.74999996132351,8.804304645235747e-09,nan,40.580000000000005
YIELD,1.1999999699375155,55.043540941878504,-48.968384744325164,-1.5825256157567427,TRACKING,4.8638006,4.8782404600679286,38.896653801426666,-51.74999996046145,8.902396003360538e-09,nan,40.601
YIELD,1.1999999699375155,55.043540941878504,-48.968384744325164,-1.5825256157567427,TRACKING,4.87824051,4.892379283667481,38.99442749246882,-51.74999995958716,9.000698454239907e-09,nan,40.620000000000005
YIELD,1.1999999699378643,55.0432595474692,-48.99238309402514,-1.582516662151859,TRACKING,4.89237932,4.906223286718614,39.09248101162416,-51.749999958700535,9.099151833918721e-09,nan,40.64
YIELD,1.1999999699370765,55.04297836793163,-49.01638144624365,-1.5825077085469745,TRACKING,4.89237932,4.919778491265703,39.19080852270536,-51.749999957801535,9.197708634047333e-09,nan,40.660000000000004
YIELD,1.199999973954645,55.042697396201206,-49.04037980097641,-1.5824993746071296,TRACKING,4.91977849,4.933050907741432,39.289404079585296,-51.74999995688788,9.294620325771268e-09,nan,40.68
YIELD,1.1999999739549396,55.042416624471635,-49.064378158049955,-1.5824910406672847,TRACKING,4.91977849,4.94604645681207,39.38826203592915,-51.74999995596007,9.39015721221516e-09,nan,40.7
YIELD,1.199999979121843,55.04185565825389,-49.11237487910174,-1.5824756808895108,TRACKING,4.94604644,4.958770898641518,39.48737692101922,-51.74999995501819,9.484182127994668e-09,nan,40.720000000000006
YIELD,1.199999979121843,55.04185565825389,-49.11237487910174,-1.5824756808895108,TRACKING,4.95877087,4.971229855777892,39.586743374920594,-51.74999995406446,9.578389863981252e-09,nan,40.74
YIELD,1.1999999819288403,55.041295405868816,-49.16037160859626,-1.582461251120396,TRACKING,4.97122985,4.983428924825972,39.68635615215829,-51.7499999531027,9.675736448635818e-09,nan,40.760000000000005
YIELD,1.1999999819288403,55.041295405868816,-49.16037160859626,-1.582461251120396,TRACKING,4.97122985,4.995373507397005,39.786210059541226,-51.74999995213088,9.7748638748769e-09,nan,40.78
YIELD,1.1999999819287686,55.04101553317044,-49.18436997633079,-1.5824543092218466,TRACKING,4.98342892,5.007068910323653,39.88629986856863,-51.74999995114696,9.874327105884162e-09,nan,40.800000000000004
YIELD,1.1999999854992873,55.040735824679025,-49.20836834601905,-1.582447765154627,TRACKING,4.99537351,5.018520331823595,39.986620658001705,-51.74999995015091,9.974109752644983e-09,nan,40.82
YIELD,1.1999999854981447,55.04045626737561,-49.23236671750111,-1.5824415465857675,TRACKING,5.01852033,5.0297328616792925,40.08716760928672,-51.74999994914275,1.0074263392099918e-08,nan,40.84
YIELD,1.1999999862717943,55.04017685915317,-49.25636509072708,-1.5824354138408945,TRACKING,5.02973286,5.040711483473359,40.18793600434633,-51.749999948122706,1.0174981335976695e-08,nan,40.86
YIELD,1.1999999874308958,55.039897593369105,-49.28036346564194,-1.5824296243919709,TRACKING,5.02973286,5.051461077589181,40.288921220372764,-51.749999947092384,1.0277553495247231e-08,nan,40.88
YIELD,1.199999987430612,55.03961846652242,-49.304361842173186,-1.5824238349430477,TRACKING,5.05146108,5.0619864373580015,40.39011873559552,-51.74999994605283,1.0382957911561471e-08,nan,40.900000000000006
YIELD,1.1999999898809834,55.039060609617884,-49.35235859993227,-1.5824132673426818,TRACKING,5.05146108,5.07229221953267,40.49151362327466,-51.749999945000454,1.0488473780762411e-08,nan,40.922000000000004
YIELD,1.1999999898809834,55.039060609617884,-49.35235859993227,-1.5824132673426818,TRACKING,5.06198642,5.0833318756474455,40.59310135533316,-51.74999994393366,1.0592819824211947e-08,nan,40.940000000000005
YIELD,1.199999991207463,55.03850324576661,-49.40035536346736,-1.5824033185525308,TRACKING,5.08339205,5.092284290701343,40.69491618140491,-51.74999994285241,1.0696332234268014e-08,nan,40.96
YIELD,1.199999991207463,55.03850324576661,-49.40035536346736,-1.5824033185525308,TRACKING,5.08339205,5.101958446914523,40.79691912632334,-51.74999994175724,1.0798982123426268e-08,nan,40.980000000000004
YIELD,1.199999991206888,55.03822473941971,-49.4243537472832,-1.5823984762612415,TRACKING,5.10195845,5.111410605987743,40.899112668516246,-51.74999994064945,1.0901772535591642e-08,nan,41.001000000000005
YIELD,1.1999999929074483,55.03766805774073,-49.4723505188146,-1.5823896547753062,TRACKING,5.11141061,5.120684920171925,41.00149294199765,-51.74999993952894,1.1004633337889892e-08,nan,41.021
YIELD,1.1999999929074483,55.03766805774073,-49.4723505188146,-1.5823896547753062,TRACKING,5.11141061,5.1297657512357375,41.10405618658072,-51.74999993839565,1.1107507341281045e-08,nan,41.04
YIELD,1.1999999935505525,55.03738987331233,-49.496348906404656,-1.5823854077852624,TRACKING,5.12976575,5.1386575391141776,41.206798481048835,-51.74999993724828,1.1209357405388625e-08,nan,41.06
YIELD,1.1999999938276704,55.037111787846825,-49.52034729515365,-1.582381350415378,TRACKING,5.12976575,5.147363852793063,41.30971601173867,-51.74999993608751,1.1310642166137659e-08,nan,41.080000000000005
YIELD,1.199999995008651,55.03655590569045,-49.56834407601695,-1.582373583216966,TRACKING,5.14736384,5.15588855084772,41.412805125902324,-51.749999934912125,1.1410324182335808e-08,nan,41.1
YIELD,1.199999995008651,55.03655590569045,-49.56834407601695,-1.582373583216966,TRACKING,5.14736384,5.164235401137773,41.51606224437935,-51.74999993372445,1.1510124239711163e-08,nan,41.120000000000005
YIELD,1.1999999950081595,55.03627809933445,-49.59234246802217,-1.5823699347192663,TRACKING,5.16423537,5.172408098090386,41.6194838628486,-51.74999993252659,1.1611683283889258e-08,nan,41.14
YIELD,1.1999999956453669,55.0360003798856,-49.61634086103963,-1.582366406758393,TRACKING,5.16423537,5.180410327589868,41.72306655179126,-51.749999931317305,1.1714153248112883e-08,nan,41.160000000000004
YIELD,1.1999999956456522,55.03572274300487,-49.64033925501886,-1.5823629993343447,TRACKING,5.18041033,5.188245620090015,41.82680694844811,-51.74999993009613,1.1817239366512783e-08,nan,41.18
YIELD,1.1999999956456513,55.03544518789685,-49.66433764994397,-1.5823595919102962,TRACKING,5.18041033,5.195917458131305,41.93070176267577,-51.74999992886254,1.1920570176605617e-08,nan,41.2
YIELD,1.19999999620623,55.0351677119745,-49.688336045795985,-1.582356411424212,TRACKING,5.19591746,5.203429251579905,42.03474777312143,-51.7499999276166,1.2024205504577515e-08,nan,41.220000000000006
YIELD,1.199999996206108,55.03489031237868,-49.71233444253039,-1.5823532309381296,TRACKING,5.20342925,5.19334813483141,42.13863706725404,-51.74999992636052,1.2126682797186876e-08,nan,41.24
YIELD,1.199999996931295,55.03461298736237,-49.736332840136896,-1.5823502744384383,TRACKING,5.20342925,5.182841542990957,42.24231793413846,-51.74999992509579,1.2228517464076798e-08,nan,41.260000000000005
YIELD,1.1999999969289084,55.034335731396695,-49.76033123854559,-1.5823474139329134,TRACKING,5.18284154,5.171857765947863,42.3457810357458,-51.749999923819935,1.232757512811745e-08,nan,41.28
YIELD,1.1999999970473147,55.03405854404462,-49.78432963774803,-1.5823445817180262,TRACKING,5.18284154,5.160748170472118,42.44902244884473,-51.749999922536524,1.2426363780136287e-08,nan,41.300000000000004
YIELD,1.1999999973230602,55.03378142254509,-49.8083280377177,-1.5823419098167493,TRACKING,5.17185775,5.149520910158856,42.55203978757867,-51.7499999212464,1.25254899278336e-08,nan,41.32
YIELD,1.1999999973231472,55.03350436516691,-49.83232643842773,-1.5823392379154717,TRACKING,5.14952091,5.109023170764004,42.65451724885692,-51.74999991994776,1.2620268838157565e-08,nan,41.34
YIELD,1.1999999978283225,55.033227369476215,-49.856324839858935,-1.5823368046351758,TRACKING,5.14952091,5.049599352081913,42.75580347041144,-51.74999991865847,1.2716793624821018e-08,nan,41.36
YIELD,1.1999999978290339,55.03295043159182,-49.8803232419583,-1.582334397868322,TRACKING,5.09552091,4.996534851317591,42.85603289570898,-51.74999991737983,1.2817600434927755e-08,nan,41.38
YIELD,1.199999998043947,55.03267355120568,-49.904321644723275,-1.5823320530752494,TRACKING,4.98417715,4.940798445856132,42.95514766542418,-51.749999916105835,1.2917554293432924e-08,nan,41.401
YIELD,1.1999999980987937,55.03211995400451,-49.95231845214661,-1.5823275494104503,TRACKING,4.92837532,4.884993145110883,43.05314636575841,-51.7499999148442,1.3022325287269765e-08,nan,41.42
YIELD,1.1999999980987937,55.03211995400451,-49.95231845214661,-1.5823275494104503,TRACKING,4.92837532,4.829148699233343,43.15002821498684,-51.74999991358981,1.3128154686247543e-08,nan,41.440000000000005
YIELD,1.1999999983394545,55.03156656642477,-50.000315261996654,-1.582323332606481,TRACKING,4.81665514,4.773278478093346,43.24579257679276,-51.749999912342446,1.3234663901407581e-08,nan,41.46
YIELD,1.199999998649426,55.0312899477212,-50.02431366779082,-1.5823213417436162,TRACKING,4.76085983,4.71747986792721,43.34044100139846,-51.74999991111455,1.3351422794735474e-08,nan,41.480000000000004
YIELD,1.199999998649426,55.0312899477212,-50.02431366779082,-1.5823213417436162,TRACKING,4.76085983,4.661647349561804,43.43397280905561,-51.7499999098851,1.3462790980180957e-08,nan,41.5
YIELD,1.1999999986496057,55.03101337511837,-50.04831207411914,-1.5823194440400925,TRACKING,4.70503064,4.605781455920521,43.5263873346631,-51.749999908649514,1.3564849552245301e-08,54.831289947721196,41.52
YIELD,1.1999999988196641,55.03046036498601,-50.096308888335784,-1.5823157779948953,TRACKING,4.64916849,4.549881009366885,43.61768388608203,-51.749999907417575,1.3664117013216404e-08,54.831289947721196,41.54
YIELD,1.1999999988196641,55.03046036498601,-50.096308888335784,-1.5823157779948953,TRACKING,4.53734162,4.493927657249941,43.70786159666591,-51.749999906188975,1.3759992218406163e-08,54.831289947721196,41.56
YIELD,1.1999999990363788,55.029907525917736,-50.14430570452893,-1.5823123321991945,TRACKING,4.48118554,4.4377679961925764,43.79691614592603,-51.749999904959736,1.3848978105319847e-08,54.831289947721196,41.580000000000005
YIELD,1.1999999990363788,55.029907525917736,-50.14430570452893,-1.5823123321991945,TRACKING,4.42499523,4.381574341800132,43.884846855356344,-51.749999903737724,1.3936446439158508e-08,54.82990752591773,41.601
YIELD,1.1999999990372252,55.02963116616431,-50.16830411331706,-1.582310729710467,TRACKING,4.3687715,4.325347778600985,43.97165306188368,-51.7499999025223,1.4021672405315229e-08,54.82990752591773,41.620000000000005
YIELD,1.1999999991560373,55.029078560333886,-50.21630093220511,-1.5823076475727123,TRACKING,4.31251904,4.269092966183763,44.05733419794726,-51.74999990130848,1.4100543680532635e-08,54.82990752591773,41.641000000000005
YIELD,1.1999999991560373,55.029078560333886,-50.21630093220511,-1.5823076475727123,TRACKING,4.25623877,4.212752962617827,44.141889135682796,-51.749999900101535,1.4176528051914314e-08,54.82990752591773,41.660000000000004
YIELD,1.1999999991558783,55.02880231183712,-50.240299342276565,-1.582306147450402,TRACKING,4.25623877,4.155867387296297,44.22530639569581,-51.749999898902935,1.4250251732284816e-08,54.82990752591773,41.68
YIELD,1.199999999309328,55.02852609867226,-50.264297752756704,-1.5823047401977195,TRACKING,4.19935625,4.101943133471764,44.30764225225968,-51.74999989771359,1.4322864918884534e-08,54.828526098672256,41.7
YIELD,1.1999999993092287,55.02824991831915,-50.28829616361554,-1.5823033829517608,TRACKING,4.14244025,4.0419973276890175,44.38878216858736,-51.749999896534156,1.4393224982774651e-08,54.828526098672256,41.720000000000006
YIELD,1.1999999993516968,55.02797377048667,-50.31229457484903,-1.582302047001882,TRACKING,4.08844025,3.9850256832210107,44.46878266965169,-51.749999895366926,1.4463549156826008e-08,54.828526098672256,41.74
YIELD,1.1999999993936377,55.027697653794924,-50.33629298644209,-1.5823007749402427,TRACKING,4.0285219,3.937253651954067,44.547810722391034,-51.75000063970958,-3.6071797755350624e-05,54.828526098672256,41.760000000000005
YIELD,1.1999999993935742,55.02742156763064,-50.36029139838637,-1.5822995028786035,TRACKING,3.91453266,3.885560113379166,44.62581749488231,-51.75000809025248,-0.0001896182257566544,54.828526098672256,41.78
YIELD,1.1999999994995811,55.026869482629,-50.40828822328327,-1.5822971673677089,TRACKING,3.85644817,3.8320086198866035,44.7027615789139,-51.75003296400838,-0.0005129843282562299,54.826869482629,41.801
YIELD,1.1999999994995811,55.026869482629,-50.40828822328327,-1.5822971673677089,TRACKING,3.85644817,3.771766444112036,44.77851972361523,-51.75008840202005,-0.001017654353573014,54.826869482629,41.82
YIELD,1.1999999995606863,55.02631750702208,-50.45628504944047,-1.5822949536142485,TRACKING,3.74030049,3.7093012284944304,44.853023690417956,-51.75018558548283,-0.0016586892449686654,54.826869482629,41.841
YIELD,1.1999999995606863,55.02631750702208,-50.45628504944047,-1.5822949536142485,TRACKING,3.6821788,3.6412909075802298,44.92618468985591,-51.75033104486828,-0.0023649531852576134,54.826869482629,41.86
YIELD,1.1999999995619257,55.02604155839514,-50.48028346296999,-1.582293871494814,TRACKING,3.62404722,3.58116685773674,44.99810653724822,-51.750524620996245,-0.0030622081166399823,54.826869482629,41.88
YIELD,1.199999999637874,55.025765635020335,-50.50428187679109,-1.582292869047611,TRACKING,3.56434634,3.520935749813019,45.06882319825554,-51.75076372316139,-0.0037433810178299073,54.826869482629,41.900000000000006
YIELD,1.1999999996713788,55.0252138590285,-50.55227870524774,-1.5822909275961083,TRACKING,3.50461192,3.459180001279292,45.138318303169775,-51.75104544936235,-0.004404064617659043,54.82576563502033,41.92
YIELD,1.1999999996804123,55.02493800521158,-50.57627711986964,-1.5822900040839352,TRACKING,3.44484412,3.3964844848183384,45.2065521773825,-51.751366660623404,-0.0050406728720347755,54.82576563502033,41.940000000000005
YIELD,1.1999999996804123,55.02493800521158,-50.57627711986964,-1.5822900040839352,TRACKING,3.44484412,3.3421751710819994,45.27368731092784,-51.75172399672463,-0.005688829838153099,54.82576563502033,41.96
YIELD,1.1999999996799355,55.024662173557495,-50.60027553474628,-1.582289080571761,TRACKING,3.38504267,3.2828375279169157,45.339654071613495,-51.752119233300824,-0.006404387822956343,54.82576563502033,41.980000000000004
YIELD,1.1999999997351518,55.02438636330271,-50.62427394986986,-1.582288231918095,TRACKING,3.32523897,3.2196707570958036,45.40435579378472,-51.7525556371543,-0.0071768656435402525,54.82576563502033,42.0
YIELD,1.199999999735362,55.024110573229635,-50.64827236522549,-1.5822873915820415,TRACKING,3.20523897,3.15762758213981,45.467811574020196,-51.75303407335531,-0.007977246408555365,54.82438636330271,42.02
YIELD,1.199999999762419,55.023834803217184,-50.672270780811914,-1.5822865733521059,TRACKING,3.14523897,3.0962673398491223,45.530036825871576,-51.753554165336816,-0.008785869266645041,54.82438636330271,42.04
YIELD,1.1999999997653406,55.023559052387085,-50.69626919661909,-1.5822857821407572,TRACKING,3.14523897,3.0410317135309217,45.59113052197368,-51.75411396695399,-0.009570263577419687,54.82438636330271,42.06
YIELD,1.1999999997919826,55.02300760698254,-50.74426602888043,-1.582284253341664,TRACKING,3.02523897,2.9811969347269502,45.65106031850147,-51.754707968224366,-0.010276294805848159,54.82438636330271,42.080000000000005
YIELD,1.1999999997919826,55.02300760698254,-50.74426602888043,-1.582284253341664,TRACKING,3.02523897,2.9201212869290356,45.709769270784726,-51.7553291981625,-0.010908844452707194,54.82438636330271,42.1
YIELD,1.1999999998274253,55.02245623317447,-50.79226286196521,-1.5822828067718717,TRACKING,2.90523897,2.8594438750895166,45.767262415354914,-51.75597227333153,-0.011482518816432405,54.823007606982536,42.120000000000005
YIELD,1.1999999998264068,55.02218057145778,-50.816261278797406,-1.5822821277196897,TRACKING,2.84523897,2.799402446995289,45.82354885224738,-51.75663276949619,-0.012008036372868723,54.823007606982536,42.14
YIELD,1.1999999998264068,55.02218057145778,-50.816261278797406,-1.5822821277196897,TRACKING,2.84523897,2.7455856978809674,45.87873891260435,-51.75730703908071,-0.012524565781010022,54.823007606982536,42.160000000000004
YIELD,1.1999999998342763,55.021904926023204,-50.840259695816705,-1.5822814564804741,TRACKING,2.78523897,2.689005398219278,45.93281482194235,-51.757995021057546,-0.013088988661001926,54.823007606982536,42.18
YIELD,1.1999999998465418,55.02162929626604,-50.86425811301638,-1.5822808164931235,TRACKING,2.72523897,2.6274967503251196,45.985666622602935,-51.7586995904588,-0.013701470169775801,54.823007606982536,42.2
YIELD,1.199999999847612,55.021353681867566,-50.88825653039245,-1.5822801765057728,TRACKING,2.66595579,2.569719821537501,46.03735595862683,-51.759421827002335,-0.014338765914803096,54.82162929626604,42.220000000000006
YIELD,1.199999999872102,55.02080249730217,-50.93625336565339,-1.5822789896933809,TRACKING,2.55043674,2.5086670022795774,46.08782497794967,-51.760160015930694,-0.014983455544280757,54.82162929626604,42.24
YIELD,1.199999999872102,55.02080249730217,-50.93625336565339,-1.5822789896933809,TRACKING,2.49043674,2.4516973841856964,46.13714117555124,-51.76091214803621,-0.015607595091580096,54.82162929626604,42.260000000000005
YIELD,1.1999999998810085,55.020526926078226,-50.96025178352586,-1.5822784159197156,TRACKING,2.43043674,2.394175584232077,46.18532061976272,-51.76167535503656,-0.016158054313220753,54.82162929626604,42.28
YIELD,1.1999999998860087,55.02025136829332,-50.98425020155283,-1.5822778633403707,TRACKING,2.37043674,2.3315559214689427,46.232260984334566,-51.76244296424777,-0.016622347265279797,54.82025136829332,42.300000000000004
YIELD,1.1999999998856614,55.01997582376945,-51.00824861973207,-1.5822773107610257,TRACKING,2.37043674,2.2697479122258963,46.277962086073735,-51.763210187220366,-0.017021053969372472,54.82025136829332,42.32
YIELD,1.1999999999039885,55.01970029208714,-51.032247038059076,-1.58227679930718,TRACKING,2.25043674,2.2085010388429325,46.32243432105812,-51.763973530087796,-0.017370367892264253,54.82025136829332,42.34
YIELD,1.1999999999035493,55.019424772577494,-51.056245456525865,-1.5822762924228346,TRACKING,2.25043674,2.148525835939597,46.36569706782828,-51.76473065580372,-0.01770531627859484,54.82025136829332,42.36
YIELD,1.1999999999144786,55.01914926515957,-51.080243875131586,-1.582275799005912,TRACKING,2.19043674,2.0885875510749767,46.40776489826729,-51.765481219052475,-0.01806128405899595,54.82025136829332,42.38
YIELD,1.1999999999148074,55.01887376934853,-51.10424229387065,-1.5822753190564116,TRACKING,2.13043674,2.0293183285082907,46.448646360772536,-51.766225496005816,-0.01843142757422094,54.82025136829332,42.400000000000006
YIELD,1.1999999999132818,55.01859828505552,-51.12824071274192,-1.582274839106912,TRACKING,2.07059855,1.9704137123247893,46.48834831559141,-51.766963557816936,-0.018805659152739445,54.81887376934853,42.422000000000004
YIELD,1.1999999999229154,55.0183228119899,-51.152239131742256,-1.5822743846542766,GOAL_REACHED,1.95398435,1.9117308295727273,46.52687567643077,-51.76769450216402,-0.01917755135710259,54.81887376934853,42.440000000000005
YIELD,1.1999999999220863,55.01804734983041,-51.176237550867775,-1.5822739302016429,GOAL_REACHED,1.8957469,1.8565691042853512,46.56429556545858,-51.76841731292645,-0.019527828649398615,54.81887376934853,42.46
YIELD,1.1999999999308755,55.01777189830031,-51.20023597011547,-1.582273500028319,GOAL_REACHED,1.83755592,1.7989333906802851,46.60056976452679,-51.7691298127831,-0.019816375427811575,54.81887376934853,42.480000000000004
YIELD,1.1999999999309547,55.017496457093685,-51.22423438948165,-1.5822730698549954,GOAL_REACHED,1.77755592,1.7400725447064935,46.63567246591433,-51.76982835662058,-0.020019602740716038,54.81887376934853,42.5
YIELD,1.199999999940978,55.01722102599932,-51.24823280896405,-1.582272664828482,GOAL_REACHED,1.77755592,1.6776253985317824,46.6695334431505,-51.77050794522005,-0.020136937754596428,54.81749645709368,42.52
YIELD,1.1999999999406583,55.01694560445396,-51.27223122855609,-1.582272268184238,GOAL_REACHED,1.65755592,1.6154386338039508,46.70214636216318,-51.77116552625348,-0.020192508487144878,54.81749645709368,42.54
YIELD,1.199999999947212,55.01639478950495,-51.320228068063294,-1.5822715014861835,GOAL_REACHED,1.59755592,1.5526934578792648,46.73349959212786,-51.771798907516775,-0.020213248177885335,54.81749645709368,42.56
YIELD,1.199999999947212,55.01639478950495,-51.320228068063294,-1.5822715014861835,GOAL_REACHED,1.53755592,1.4921645536710761,46.76363944816098,-51.77240829760761,-0.02021823757563357,54.81749645709368,42.580000000000005
YIELD,1.1999999999472233,55.01611939565344,-51.344226487973266,-1.5822711245385555,GOAL_REACHED,1.53755592,1.43185472066432,46.792572035614114,-51.77299326498942,-0.02021265503028139,54.81749645709368,42.6
YIELD,1.1999999999534985,55.01584401062285,-51.36822490798458,-1.5822707710534767,GOAL_REACHED,1.41755592,1.37164517116555,46.82030019244242,-51.773553600291585,-0.020200201142481212,54.81611939565344,42.620000000000005
YIELD,1.1999999999537834,55.01556863398591,-51.39222332809225,-1.582270421708848,GOAL_REACHED,1.41755592,1.3114995298501924,46.84682534469987,-51.774089216940965,-0.020183465102165142,54.81611939565344,42.64
YIELD,1.1999999999586946,55.01529326566835,-51.41622174829543,-1.5822700821149265,GOAL_REACHED,1.35755592,1.2516476357847002,46.87215392650364,-51.774599863565314,-0.020168193663611205,54.81611939565344,42.660000000000004
YIELD,1.199999999958475,55.015017905379594,-51.44022016859076,-1.5822697490214774,GOAL_REACHED,1.29755592,1.1914290009785047,46.89627858567437,-51.77508605961445,-0.02015850299300503,54.81611939565344,42.68
YIELD,1.1999999999587136,55.01474255308365,-51.46421858897781,-1.5822694174466085,GOAL_REACHED,1.17755592,1.1312918815878295,46.91920037920404,-51.77554792947642,-0.020152372664555468,54.81474255308365,42.7
YIELD,1.199999999962124,55.01419187169119,-51.51221543001821,-1.5822687816312966,NO_PATH,1.11755592,1.0712045738818001,46.94092045011485,-51.77598553690652,-0.020148494086025728,54.81474255308365,42.720000000000006
YIELD,1.199999999962124,55.01419187169119,-51.51221543001821,-1.5822687816312966,NO_PATH,1.11755592,1.0111491102414574,46.96143951457331,-51.77639892034536,-0.020146047366157497,54.81474255308365,42.74
YIELD,1.199999999967213,55.0139165422649,-51.53621385066781,-1.5822684818476458,NO_PATH,1.05755592,0.9511139678739683,46.9807580298674,-51.77678810274358,-0.020144508973438332,54.81474255308365,42.760000000000005
YIELD,1.1999999999687032,55.01336590476484,-51.584210692212,-1.58226789300369,NO_PATH,0.937555924,0.8910917624264252,46.9988762873646,-51.77715309770742,-0.020143545306424822,54.81474255308365,42.78
YIELD,1.1999999999697506,55.01309059645422,-51.608209113103904,-1.5822676087802168,NO_PATH,0.877555924,0.8310773585612762,47.015794467968654,-51.77749391333956,-0.02014294919680729,54.81336590476484,42.800000000000004
YIELD,1.1999999999697506,55.01309059645422,-51.608209113103904,-1.5822676087802168,NO_PATH,0.817555924,0.7710691999540253,47.03151269966246,-51.77781055418602,-0.020142576396579192,54.81336590476484,42.82
YIELD,1.1999999999703292,55.01281529496451,-51.63220753407406,-1.582267325136175,NO_PATH,0.757555924,0.7110643129239714,47.04603106193503,-51.778103022956344,-0.020142346365937598,54.81336590476484,42.84
YIELD,1.1999999999716968,55.012540000149706,-51.65620595512083,-1.5822670525013465,NO_PATH,0.697555924,0.6510612687222795,47.05934959860571,-51.77837132117359,-0.020142205360908185,54.81336590476484,42.86
YIELD,1.1999999999752997,55.011989430095994,-51.70420279743897,-1.5822665159854583,NO_PATH,0.697555924,0.5910593821194988,47.071468335850845,-51.77861544968781,-0.02014211958590901,54.81336590476484,42.881
FOLLOW,1.1999999999746613,55.01171415451811,-51.72820121870647,-1.5822662592665762,NO_PATH,0.577555924,0.5310582188962071,47.082387290060666,-51.778835408933055,-0.02014206788804323,54.81198943009599,42.901
FOLLOW,1.1999999999760336,55.011438885099395,-51.75219964004462,-1.5822660039347785,NO_PATH,0.517555924,0.47405772565302196,47.09216346048527,-51.7790323469488,-0.02014203696714114,54.81198943009599,42.921
FOLLOW,1.1999999999760336,55.011438885099395,-51.75219964004462,-1.5822660039347785,NO_PATH,0.460555924,0.4140575640217234,47.10074287185261,-51.779205176374354,-0.02014201885288807,54.81198943009599,42.941
FOLLOW,1.1999999999781332,55.01088836424853,-51.80019648292731,-1.5822655089914865,NO_PATH,0.400555924,0.3540574668652704,47.10812252440846,-51.7793538369112,-0.020142008450633332,54.81198943009599,42.96
FOLLOW,1.1999999999781332,55.01088836424853,-51.80019648292731,-1.5822655089914865,NO_PATH,0.340555924,0.2940574495384855,47.114302419610425,-51.779478328627974,-0.020142002652583643,54.81198943009599,42.980000000000004
FOLLOW,0.0,55.01079202554201,-51.8085959304598,-1.5822654223764103,NO_PATH,0.280555924,0.2340574490080793,47.1192825582124,-51.77957865155948,-0.020141999560130866,54.81079202554201,43.0
FOLLOW,0.0,55.01079202554201,-51.8085959304598,-1.5822654223764103,NO_PATH,0.280555924,0.17405744890517114,47.12306294022166,-51.77965480571883,-0.020141998055201088,54.81079202554201,43.02
FOLLOW,0.0,55.01079202554201,-51.8085959304598,-1.5822654223764103,NO_PATH,0.160555924,0.11405744914018556,47.12564356564676,-51.77970679110826,-0.020141997516550006,54.81079202554201,43.04
FOLLOW,0.0,55.01079202554201,-51.8085959304598,-1.5822654223764103,NO_PATH,0.160555924,0.054057449340657274,47.12702443448799,-51.77973460773105,-0.02014199746748724,54.81079202554201,43.06
FOLLOW,0.0,55.01079202554201,-51.8085959304598,-1.5822654223764103,NO_PATH,0.0405559238,0.0013672348400987169,47.127278629766195,-51.77973972803552,-0.020141997575373577,54.81079202554201,43.080000000000005
FOLLOW,0.0,55.01079202554201,-51.8085959304598,-1.5822654223764103,NO_PATH,0.0,0.0,47.127278629766195,-51.77973972803552,-0.020141997575373577,54.81079202554201,43.1
FOLLOW,0.0,55.01079202554201,-51.8085959304598,-1.5822654223764103,NO_PATH,0.0,0.0,47.127278629766195,-51.77973972803552,-0.020141997575373577,54.81079202554201,43.120000000000005
FOLLOW,0.0,55.01079202554201,-51.8085959304598,-1.5822654223764103,NO_PATH,0.0,0.0,47.127278629766195,-51.77973972803552,-0.020141997575373577,54.81079202554201,43.14
FOLLOW,0.0,55.01079202554201,-51.8085959304598,-1.5822654223764103,NO_PATH,0.0,0.0,47.127278629766195,-51.77973972803552,-0.020141997575373577,54.81079202554201,43.160000000000004
FOLLOW,0.0,55.01079202554201,-51.8085959304598,-1.5822654223764103,NO_PATH,0.0,0.0,47.127278629766195,-51.77973972803552,-0.020141997575373577,54.81079202554201,43.18
FOLLOW,0.0,55.01079202554201,-51.8085959304598,-1.5822654223764103,NO_PATH,0.0,0.0,47.127278629766195,-51.77973972803552,-0.020141997575373577,54.81079202554201,43.2
FOLLOW,0.0,55.01079202554201,-51.8085959304598,-1.5822654223764103,NO_PATH,0.0,0.0,47.127278629766195,-51.77973972803552,-0.020141997575373577,54.81079202554201,43.220000000000006
FOLLOW,0.0,55.01079202554201,-51.8085959304598,-1.5822654223764103,NO_PATH,0.0,0.0,47.127278629766195,-51.77973972803552,-0.020141997575373577,54.81079202554201,43.24
FOLLOW,0.0,55.01079202554201,-51.8085959304598,-1.5822654223764103,NO_PATH,0.0,0.0,47.127278629766195,-51.77973972803552,-0.020141997575373577,54.81079202554201,43.260000000000005
FOLLOW,0.0,55.01079202554201,-51.8085959304598,-1.5822654223764103,NO_PATH,0.0,0.0,47.127278629766195,-51.77973972803552,-0.020141997575373577,54.81079202554201,43.28
FOLLOW,0.0,55.01079202554201,-51.8085959304598,-1.5822654223764103,NO_PATH,0.0,0.0,47.127278629766195,-51.77973972803552,-0.020141997575373577,54.81079202554201,43.300000000000004
FOLLOW,0.0,55.01079202554201,-51.8085959304598,-1.5822654223764103,NO_PATH,0.0,0.0,47.127278629766195,-51.77973972803552,-0.020141997575373577,54.81079202554201,43.321000000000005
FOLLOW,0.0,55.01079202554201,-51.8085959304598,-1.5822654223764103,NO_PATH,0.0,0.0,47.127278629766195,-51.77973972803552,-0.020141997575373577,54.81079202554201,43.34
FOLLOW,0.0,55.01079202554201,-51.8085959304598,-1.5822654223764103,NO_PATH,0.0,0.0,47.127278629766195,-51.77973972803552,-0.020141997575373577,54.81079202554201,43.36
FOLLOW,0.0,55.01079202554201,-51.8085959304598,-1.5822654223764103,NO_PATH,0.0,0.0,47.127278629766195,-51.77973972803552,-0.020141997575373577,54.81079202554201,43.38
FOLLOW,0.0,55.01079202554201,-51.8085959304598,-1.5822654223764103,NO_PATH,0.0,0.0,47.127278629766195,-51.77973972803552,-0.020141997575373577,54.81079202554201,43.400000000000006
FOLLOW,0.0,55.01079202554201,-51.8085959304598,-1.5822654223764103,NO_PATH,0.0,0.0,47.127278629766195,-51.77973972803552,-0.020141997575373577,54.81079202554201,43.42
FOLLOW,0.0,55.01079202554201,-51.8085959304598,-1.5822654223764103,NO_PATH,0.0,0.0,47.127278629766195,-51.77973972803552,-0.020141997575373577,54.81079202554201,43.440000000000005
FOLLOW,0.0,55.01079202554201,-51.8085959304598,-1.5822654223764103,NO_PATH,0.0,0.0,47.127278629766195,-51.77973972803552,-0.020141997575373577,54.81079202554201,43.461000000000006
FOLLOW,0.0,55.01079202554201,-51.8085959304598,-1.5822654223764103,NO_PATH,0.0,0.0,47.127278629766195,-51.77973972803552,-0.020141997575373577,54.81079202554201,43.480000000000004
FOLLOW,0.0,55.01079202554201,-51.8085959304598,-1.5822654223764103,NO_PATH,0.0,0.0,47.127278629766195,-51.77973972803552,-0.020141997575373577,54.81079202554201,43.5
FOLLOW,0.0,55.01079202554201,-51.8085959304598,-1.5822654223764103,NO_PATH,0.0,0.0,47.127278629766195,-51.77973972803552,-0.020141997575373577,54.81079202554201,43.521
FOLLOW,0.0,55.01079202554201,-51.8085959304598,-1.5822654223764103,NO_PATH,0.0,0.0,47.127278629766195,-51.77973972803552,-0.020141997575373577,54.81079202554201,43.540000000000006
FOLLOW,0.0,55.01079202554201,-51.8085959304598,-1.5822654223764103,NO_PATH,0.0,0.0,47.127278629766195,-51.77973972803552,-0.020141997575373577,54.81079202554201,43.56
FOLLOW,0.0,55.01079202554201,-51.8085959304598,-1.5822654223764103,NO_PATH,0.0,0.0,47.127278629766195,-51.77973972803552,-0.020141997575373577,54.81079202554201,43.580000000000005
FOLLOW,0.0,55.01079202554201,-51.8085959304598,-1.5822654223764103,NO_PATH,0.0,0.0,47.127278629766195,-51.77973972803552,-0.020141997575373577,54.81079202554201,43.6
FOLLOW,0.0,55.01079202554201,-51.8085959304598,-1.5822654223764103,NO_PATH,0.0,0.0,47.127278629766195,-51.77973972803552,-0.020141997575373577,54.81079202554201,43.620000000000005
FOLLOW,0.0,55.01079202554201,-51.8085959304598,-1.5822654223764103,NO_PATH,0.0,0.0,47.127278629766195,-51.77973972803552,-0.020141997575373577,54.81079202554201,43.64
FOLLOW,0.0,55.01079202554201,-51.8085959304598,-1.5822654223764103,NO_PATH,0.0,0.0,47.127278629766195,-51.77973972803552,-0.020141997575373577,54.81079202554201,43.660000000000004
FOLLOW,0.0,55.01079202554201,-51.8085959304598,-1.5822654223764103,NO_PATH,0.0,0.0,47.127278629766195,-51.77973972803552,-0.020141997575373577,54.81079202554201,43.68
FOLLOW,0.0,55.01079202554201,-51.8085959304598,-1.5822654223764103,NO_PATH,0.0,0.0,47.127278629766195,-51.77973972803552,-0.020141997575373577,54.81079202554201,43.702000000000005
FOLLOW,0.0,55.01079202554201,-51.8085959304598,-1.5822654223764103,NO_PATH,0.0,0.0,47.127278629766195,-51.77973972803552,-0.020141997575373577,54.81079202554201,43.720000000000006
FOLLOW,0.0,55.01079202554201,-51.8085959304598,-1.5822654223764103,NO_PATH,0.0,0.0,47.127278629766195,-51.77973972803552,-0.020141997575373577,54.81079202554201,43.74
FOLLOW,0.0,55.01079202554201,-51.8085959304598,-1.5822654223764103,NO_PATH,0.0,0.0,47.127278629766195,-51.77973972803552,-0.020141997575373577,54.81079202554201,43.760000000000005
FOLLOW,0.0,55.01079202554201,-51.8085959304598,-1.5822654223764103,NO_PATH,0.0,0.0,47.127278629766195,-51.77973972803552,-0.020141997575373577,54.81079202554201,43.78
FOLLOW,0.0,55.01079202554201,-51.8085959304598,-1.5822654223764103,NO_PATH,0.0,0.0,47.127278629766195,-51.77973972803552,-0.020141997575373577,54.81079202554201,43.800000000000004
FOLLOW,0.0,55.01079202554201,-51.8085959304598,-1.5822654223764103,NO_PATH,0.0,0.0,47.127278629766195,-51.77973972803552,-0.020141997575373577,54.81079202554201,43.82
FOLLOW,0.0,55.01079202554201,-51.8085959304598,-1.5822654223764103,NO_PATH,0.0,0.0,47.127278629766195,-51.77973972803552,-0.020141997575373577,54.81079202554201,43.84
FOLLOW,0.0,55.01079202554201,-51.8085959304598,-1.5822654223764103,NO_PATH,0.0,0.0,47.127278629766195,-51.77973972803552,-0.020141997575373577,54.81079202554201,43.86
FOLLOW,0.0,55.01079202554201,-51.8085959304598,-1.5822654223764103,NO_PATH,0.0,0.0,47.127278629766195,-51.77973972803552,-0.020141997575373577,54.81079202554201,43.88
FOLLOW,0.0,55.01079202554201,-51.8085959304598,-1.5822654223764103,NO_PATH,0.0,0.0,47.127278629766195,-51.77973972803552,-0.020141997575373577,54.81079202554201,43.901
FOLLOW,0.0,55.01079202554201,-51.8085959304598,-1.5822654223764103,NO_PATH,0.0,0.0,47.127278629766195,-51.77973972803552,-0.020141997575373577,54.81079202554201,43.921
FOLLOW,0.0,55.01079202554201,-51.8085959304598,-1.5822654223764103,NO_PATH,0.0,0.0,47.127278629766195,-51.77973972803552,-0.020141997575373577,54.81079202554201,43.940000000000005
FOLLOW,0.0,55.01079202554201,-51.8085959304598,-1.5822654223764103,NO_PATH,0.0,0.0,47.127278629766195,-51.77973972803552,-0.020141997575373577,54.81079202554201,43.96
FOLLOW,0.0,55.01079202554201,-51.8085959304598,-1.5822654223764103,NO_PATH,0.0,0.0,47.127278629766195,-51.77973972803552,-0.020141997575373577,54.81079202554201,43.980000000000004
FOLLOW,0.0,55.01079202554201,-51.8085959304598,-1.5822654223764103,NO_PATH,0.0,0.0,47.127278629766195,-51.77973972803552,-0.020141997575373577,54.81079202554201,44.0
FOLLOW,0.0,55.01079202554201,-51.8085959304598,-1.5822654223764103,NO_PATH,0.0,0.0,47.127278629766195,-51.77973972803552,-0.020141997575373577,54.81079202554201,44.02
FOLLOW,0.0,55.01079202554201,-51.8085959304598,-1.5822654223764103,NO_PATH,0.0,0.0,47.127278629766195,-51.77973972803552,-0.020141997575373577,54.81079202554201,44.040000000000006
FOLLOW,0.0,55.01079202554201,-51.8085959304598,-1.5822654223764103,NO_PATH,0.0,0.0,47.127278629766195,-51.77973972803552,-0.020141997575373577,54.81079202554201,44.06
FOLLOW,0.0,55.01079202554201,-51.8085959304598,-1.5822654223764103,NO_PATH,0.0,0.0,47.127278629766195,-51.77973972803552,-0.020141997575373577,54.81079202554201,44.080000000000005
FOLLOW,0.0,55.01079202554201,-51.8085959304598,-1.5822654223764103,NO_PATH,0.0,0.0,47.127278629766195,-51.77973972803552,-0.020141997575373577,54.81079202554201,44.101000000000006
FOLLOW,0.0,55.01079202554201,-51.8085959304598,-1.5822654223764103,NO_PATH,0.0,0.0,47.127278629766195,-51.77973972803552,-0.020141997575373577,54.81079202554201,44.121
FOLLOW,0.0,55.01079202554201,-51.8085959304598,-1.5822654223764103,NO_PATH,0.0,0.0,47.127278629766195,-51.77973972803552,-0.020141997575373577,54.81079202554201,44.14
FOLLOW,0.0,55.01079202554201,-51.8085959304598,-1.5822654223764103,NO_PATH,0.0,0.0,47.127278629766195,-51.77973972803552,-0.020141997575373577,54.81079202554201,44.160000000000004
FOLLOW,0.0,55.01079202554201,-51.8085959304598,-1.5822654223764103,NO_PATH,0.0,0.0,47.127278629766195,-51.77973972803552,-0.020141997575373577,54.81079202554201,44.18
FOLLOW,0.0,55.01079202554201,-51.8085959304598,-1.5822654223764103,NO_PATH,0.0,0.0,47.127278629766195,-51.77973972803552,-0.020141997575373577,54.81079202554201,44.2
FOLLOW,0.0,55.01079202554201,-51.8085959304598,-1.5822654223764103,NO_PATH,0.0,0.0,47.127278629766195,-51.77973972803552,-0.020141997575373577,54.81079202554201,44.220000000000006
FOLLOW,0.0,55.01079202554201,-51.8085959304598,-1.5822654223764103,NO_PATH,0.0,0.0,47.127278629766195,-51.77973972803552,-0.020141997575373577,54.81079202554201,44.24
FOLLOW,0.0,55.01079202554201,-51.8085959304598,-1.5822654223764103,NO_PATH,0.0,0.0,47.127278629766195,-51.77973972803552,-0.020141997575373577,54.81079202554201,44.260000000000005
FOLLOW,0.0,55.01079202554201,-51.8085959304598,-1.5822654223764103,NO_PATH,0.0,0.0,47.127278629766195,-51.77973972803552,-0.020141997575373577,54.81079202554201,44.28
FOLLOW,0.0,55.01079202554201,-51.8085959304598,-1.5822654223764103,NO_PATH,0.0,0.0,47.127278629766195,-51.77973972803552,-0.020141997575373577,54.81079202554201,44.300000000000004
FOLLOW,0.0,55.01079202554201,-51.8085959304598,-1.5822654223764103,NO_PATH,0.0,0.0,47.127278629766195,-51.77973972803552,-0.020141997575373577,54.81079202554201,44.321000000000005
FOLLOW,0.0,55.01079202554201,-51.8085959304598,-1.5822654223764103,NO_PATH,0.0,0.0,47.127278629766195,-51.77973972803552,-0.020141997575373577,54.81079202554201,44.34
FOLLOW,0.0,55.01079202554201,-51.8085959304598,-1.5822654223764103,NO_PATH,0.0,0.0,47.127278629766195,-51.77973972803552,-0.020141997575373577,54.81079202554201,44.36
FOLLOW,0.0,55.01079202554201,-51.8085959304598,-1.5822654223764103,NO_PATH,0.0,0.0,47.127278629766195,-51.77973972803552,-0.020141997575373577,54.81079202554201,44.38
FOLLOW,0.0,55.01079202554201,-51.8085959304598,-1.5822654223764103,NO_PATH,0.0,0.0,47.127278629766195,-51.77973972803552,-0.020141997575373577,54.81079202554201,44.400000000000006
FOLLOW,0.0,55.01079202554201,-51.8085959304598,-1.5822654223764103,NO_PATH,0.0,0.0,47.127278629766195,-51.77973972803552,-0.020141997575373577,54.81079202554201,44.42
FOLLOW,0.0,55.01079202554201,-51.8085959304598,-1.5822654223764103,NO_PATH,0.0,0.0,47.127278629766195,-51.77973972803552,-0.020141997575373577,54.81079202554201,44.440000000000005
FOLLOW,0.0,55.01079202554201,-51.8085959304598,-1.5822654223764103,NO_PATH,0.0,0.0,47.127278629766195,-51.77973972803552,-0.020141997575373577,54.81079202554201,44.46
FOLLOW,0.0,55.01079202554201,-51.8085959304598,-1.5822654223764103,NO_PATH,0.0,0.0,47.127278629766195,-51.77973972803552,-0.020141997575373577,54.81079202554201,44.480000000000004
FOLLOW,0.0,55.01079202554201,-51.8085959304598,-1.5822654223764103,NO_PATH,0.0,0.0,47.127278629766195,-51.77973972803552,-0.020141997575373577,54.81079202554201,44.5
FOLLOW,0.0,55.01079202554201,-51.8085959304598,-1.5822654223764103,NO_PATH,0.0,0.0,47.127278629766195,-51.77973972803552,-0.020141997575373577,54.81079202554201,44.52
FOLLOW,0.0,55.01079202554201,-51.8085959304598,-1.5822654223764103,NO_PATH,0.0,0.0,47.127278629766195,-51.77973972803552,-0.020141997575373577,54.81079202554201,44.540000000000006
FOLLOW,0.0,55.01079202554201,-51.8085959304598,-1.5822654223764103,NO_PATH,0.0,0.0,47.127278629766195,-51.77973972803552,-0.020141997575373577,54.81079202554201,44.56
FOLLOW,0.0,55.01079202554201,-51.8085959304598,-1.5822654223764103,NO_PATH,0.0,0.0,47.127278629766195,-51.77973972803552,-0.020141997575373577,54.81079202554201,44.580000000000005
FOLLOW,0.0,55.01079202554201,-51.8085959304598,-1.5822654223764103,NO_PATH,0.0,0.0,47.127278629766195,-51.77973972803552,-0.020141997575373577,54.81079202554201,44.6
FOLLOW,0.0,55.01079202554201,-51.8085959304598,-1.5822654223764103,NO_PATH,0.0,0.0,47.127278629766195,-51.77973972803552,-0.020141997575373577,54.81079202554201,44.620000000000005
FOLLOW,0.0,55.01079202554201,-51.8085959304598,-1.5822654223764103,NO_PATH,0.0,0.0,47.127278629766195,-51.77973972803552,-0.020141997575373577,54.81079202554201,44.64
FOLLOW,0.0,55.01079202554201,-51.8085959304598,-1.5822654223764103,NO_PATH,0.0,0.0,47.127278629766195,-51.77973972803552,-0.020141997575373577,54.81079202554201,44.660000000000004
FOLLOW,0.0,55.01079202554201,-51.8085959304598,-1.5822654223764103,NO_PATH,0.0,0.0,47.127278629766195,-51.77973972803552,-0.020141997575373577,54.81079202554201,44.68
FOLLOW,0.0,55.01079202554201,-51.8085959304598,-1.5822654223764103,NO_PATH,0.0,0.0,47.127278629766195,-51.77973972803552,-0.020141997575373577,54.81079202554201,44.7
FOLLOW,0.0,55.01079202554201,-51.8085959304598,-1.5822654223764103,NO_PATH,0.0,0.0,47.127278629766195,-51.77973972803552,-0.020141997575373577,54.81079202554201,44.720000000000006
FOLLOW,0.0,55.01079202554201,-51.8085959304598,-1.5822654223764103,NO_PATH,0.0,0.0,47.127278629766195,-51.77973972803552,-0.020141997575373577,54.81079202554201,44.74
FOLLOW,0.0,55.01079202554201,-51.8085959304598,-1.5822654223764103,NO_PATH,0.0,0.0,47.127278629766195,-51.77973972803552,-0.020141997575373577,54.81079202554201,44.760000000000005
FOLLOW,0.0,55.01079202554201,-51.8085959304598,-1.5822654223764103,NO_PATH,0.0,0.0,47.127278629766195,-51.77973972803552,-0.020141997575373577,54.81079202554201,44.78
FOLLOW,0.0,55.01079202554201,-51.8085959304598,-1.5822654223764103,NO_PATH,0.0,0.0,47.127278629766195,-51.77973972803552,-0.020141997575373577,54.81079202554201,44.800000000000004
FOLLOW,0.0,55.01079202554201,-51.8085959304598,-1.5822654223764103,NO_PATH,0.0,0.0,47.127278629766195,-51.77973972803552,-0.020141997575373577,54.81079202554201,44.82
FOLLOW,0.0,55.01079202554201,-51.8085959304598,-1.5822654223764103,NO_PATH,0.0,0.0,47.127278629766195,-51.77973972803552,-0.020141997575373577,54.81079202554201,44.84
FOLLOW,0.0,55.01079202554201,-51.8085959304598,-1.5822654223764103,NO_PATH,0.0,0.0,47.127278629766195,-51.77973972803552,-0.020141997575373577,54.81079202554201,44.86
FOLLOW,0.0,55.01079202554201,-51.8085959304598,-1.5822654223764103,NO_PATH,0.0,0.0,47.127278629766195,-51.77973972803552,-0.020141997575373577,54.81079202554201,44.88
FOLLOW,0.0,55.01079202554201,-51.8085959304598,-1.5822654223764103,NO_PATH,0.0,0.0,47.127278629766195,-51.77973972803552,-0.020141997575373577,54.81079202554201,44.900000000000006
FOLLOW,0.0,55.01079202554201,-51.8085959304598,-1.5822654223764103,NO_PATH,0.0,0.0,47.127278629766195,-51.77973972803552,-0.020141997575373577,54.81079202554201,44.92
FOLLOW,0.0,55.01079202554201,-51.8085959304598,-1.5822654223764103,NO_PATH,0.0,0.0,47.127278629766195,-51.77973972803552,-0.020141997575373577,54.81079202554201,44.940000000000005
FOLLOW,0.0,55.01079202554201,-51.8085959304598,-1.5822654223764103,NO_PATH,0.0,0.0,47.127278629766195,-51.77973972803552,-0.020141997575373577,54.81079202554201,44.96
FOLLOW,0.0,55.01079202554201,-51.8085959304598,-1.5822654223764103,NO_PATH,0.0,0.0,47.127278629766195,-51.77973972803552,-0.020141997575373577,54.81079202554201,44.980000000000004
FOLLOW,0.0,55.01079202554201,-51.8085959304598,-1.5822654223764103,NO_PATH,0.0,0.0,47.127278629766195,-51.77973972803552,-0.020141997575373577,54.81079202554201,45.0
FOLLOW,0.0,55.01079202554201,-51.8085959304598,-1.5822654223764103,NO_PATH,0.0,0.0,47.127278629766195,-51.77973972803552,-0.020141997575373577,54.81079202554201,45.02
FOLLOW,0.0,55.01079202554201,-51.8085959304598,-1.5822654223764103,NO_PATH,0.0,0.0,47.127278629766195,-51.77973972803552,-0.020141997575373577,54.81079202554201,45.040000000000006
FOLLOW,0.0,55.01079202554201,-51.8085959304598,-1.5822654223764103,NO_PATH,0.0,0.0,47.127278629766195,-51.77973972803552,-0.020141997575373577,54.81079202554201,45.06
FOLLOW,0.0,55.01079202554201,-51.8085959304598,-1.5822654223764103,NO_PATH,0.0,0.0,47.127278629766195,-51.77973972803552,-0.020141997575373577,54.81079202554201,45.080000000000005
FOLLOW,0.0,55.01079202554201,-51.8085959304598,-1.5822654223764103,NO_PATH,0.0,0.0,47.127278629766195,-51.77973972803552,-0.020141997575373577,54.81079202554201,45.1
FOLLOW,0.0,55.01079202554201,-51.8085959304598,-1.5822654223764103,NO_PATH,0.0,0.0,47.127278629766195,-51.77973972803552,-0.020141997575373577,54.81079202554201,45.120000000000005
FOLLOW,0.0,55.01079202554201,-51.8085959304598,-1.5822654223764103,NO_PATH,0.0,0.0,47.127278629766195,-51.77973972803552,-0.020141997575373577,54.81079202554201,45.14
FOLLOW,0.0,55.01079202554201,-51.8085959304598,-1.5822654223764103,NO_PATH,0.0,0.0,47.127278629766195,-51.77973972803552,-0.020141997575373577,54.81079202554201,45.160000000000004
FOLLOW,0.0,55.01079202554201,-51.8085959304598,-1.5822654223764103,NO_PATH,0.0,0.0,47.127278629766195,-51.77973972803552,-0.020141997575373577,54.81079202554201,45.18
FOLLOW,0.0,55.01079202554201,-51.8085959304598,-1.5822654223764103,NO_PATH,0.0,0.0,47.127278629766195,-51.77973972803552,-0.020141997575373577,54.81079202554201,45.2
FOLLOW,0.0,55.01079202554201,-51.8085959304598,-1.5822654223764103,NO_PATH,0.0,0.0,47.127278629766195,-51.77973972803552,-0.020141997575373577,54.81079202554201,45.220000000000006
FOLLOW,0.0,55.01079202554201,-51.8085959304598,-1.5822654223764103,NO_PATH,0.0,0.0,47.127278629766195,-51.77973972803552,-0.020141997575373577,54.81079202554201,45.24
FOLLOW,0.0,55.01079202554201,-51.8085959304598,-1.5822654223764103,NO_PATH,0.0,0.0,47.127278629766195,-51.77973972803552,-0.020141997575373577,54.81079202554201,45.260000000000005
FOLLOW,0.0,55.01079202554201,-51.8085959304598,-1.5822654223764103,NO_PATH,0.0,0.0,47.127278629766195,-51.77973972803552,-0.020141997575373577,54.81079202554201,45.28
FOLLOW,0.0,55.01079202554201,-51.8085959304598,-1.5822654223764103,NO_PATH,0.0,0.0,47.127278629766195,-51.77973972803552,-0.020141997575373577,54.81079202554201,45.300000000000004
FOLLOW,0.0,55.01079202554201,-51.8085959304598,-1.5822654223764103,NO_PATH,0.0,0.0,47.127278629766195,-51.77973972803552,-0.020141997575373577,54.81079202554201,45.32
FOLLOW,0.0,55.01079202554201,-51.8085959304598,-1.5822654223764103,NO_PATH,0.0,0.0,47.127278629766195,-51.77973972803552,-0.020141997575373577,54.81079202554201,45.34
FOLLOW,0.0,55.01079202554201,-51.8085959304598,-1.5822654223764103,NO_PATH,0.0,0.0,47.127278629766195,-51.77973972803552,-0.020141997575373577,54.81079202554201,45.36
FOLLOW,0.0,55.01079202554201,-51.8085959304598,-1.5822654223764103,NO_PATH,0.0,0.0,47.127278629766195,-51.77973972803552,-0.020141997575373577,54.81079202554201,45.38
FOLLOW,0.0,55.01079202554201,-51.8085959304598,-1.5822654223764103,NO_PATH,0.0,0.0,47.127278629766195,-51.77973972803552,-0.020141997575373577,54.81079202554201,45.400000000000006
FOLLOW,0.0,55.01079202554201,-51.8085959304598,-1.5822654223764103,NO_PATH,0.0,0.0,47.127278629766195,-51.77973972803552,-0.020141997575373577,54.81079202554201,45.42
FOLLOW,0.0,55.01079202554201,-51.8085959304598,-1.5822654223764103,NO_PATH,0.0,0.0,47.127278629766195,-51.77973972803552,-0.020141997575373577,54.81079202554201,45.440000000000005
FOLLOW,0.0,55.01079202554201,-51.8085959304598,-1.5822654223764103,NO_PATH,0.0,0.0,47.127278629766195,-51.77973972803552,-0.020141997575373577,54.81079202554201,45.46
FOLLOW,0.0,55.01079202554201,-51.8085959304598,-1.5822654223764103,NO_PATH,0.0,0.0,47.127278629766195,-51.77973972803552,-0.020141997575373577,54.81079202554201,45.480000000000004
FOLLOW,0.0,55.01079202554201,-51.8085959304598,-1.5822654223764103,NO_PATH,0.0,0.0,47.127278629766195,-51.77973972803552,-0.020141997575373577,54.81079202554201,45.5
FOLLOW,0.0,55.01079202554201,-51.8085959304598,-1.5822654223764103,NO_PATH,0.0,0.0,47.127278629766195,-51.77973972803552,-0.020141997575373577,54.81079202554201,45.52
FOLLOW,0.0,55.01079202554201,-51.8085959304598,-1.5822654223764103,NO_PATH,0.0,0.0,47.127278629766195,-51.77973972803552,-0.020141997575373577,54.81079202554201,45.540000000000006
FOLLOW,0.0,55.01079202554201,-51.8085959304598,-1.5822654223764103,NO_PATH,0.0,0.0,47.127278629766195,-51.77973972803552,-0.020141997575373577,54.81079202554201,45.56
FOLLOW,0.0,55.01079202554201,-51.8085959304598,-1.5822654223764103,NO_PATH,0.0,0.0,47.127278629766195,-51.77973972803552,-0.020141997575373577,54.81079202554201,45.580000000000005
FOLLOW,0.0,55.01079202554201,-51.8085959304598,-1.5822654223764103,NO_PATH,0.0,0.0,47.127278629766195,-51.77973972803552,-0.020141997575373577,54.81079202554201,45.601000000000006
FOLLOW,0.0,55.01079202554201,-51.8085959304598,-1.5822654223764103,NO_PATH,0.0,0.0,47.127278629766195,-51.77973972803552,-0.020141997575373577,54.81079202554201,45.620000000000005
FOLLOW,0.0,55.01079202554201,-51.8085959304598,-1.5822654223764103,NO_PATH,0.0,0.0,47.127278629766195,-51.77973972803552,-0.020141997575373577,54.81079202554201,45.64
FOLLOW,0.0,55.01079202554201,-51.8085959304598,-1.5822654223764103,NO_PATH,0.0,0.0,47.127278629766195,-51.77973972803552,-0.020141997575373577,54.81079202554201,45.660000000000004
FOLLOW,0.0,55.01079202554201,-51.8085959304598,-1.5822654223764103,NO_PATH,0.0,0.0,47.127278629766195,-51.77973972803552,-0.020141997575373577,54.81079202554201,45.68
FOLLOW,0.0,55.01079202554201,-51.8085959304598,-1.5822654223764103,NO_PATH,0.0,0.0,47.127278629766195,-51.77973972803552,-0.020141997575373577,54.81079202554201,45.7
FOLLOW,0.0,55.01079202554201,-51.8085959304598,-1.5822654223764103,NO_PATH,0.0,0.0,47.127278629766195,-51.77973972803552,-0.020141997575373577,54.81079202554201,45.720000000000006
FOLLOW,0.0,55.01079202554201,-51.8085959304598,-1.5822654223764103,NO_PATH,0.0,0.0,47.127278629766195,-51.77973972803552,-0.020141997575373577,54.81079202554201,45.74
FOLLOW,0.0,55.01079202554201,-51.8085959304598,-1.5822654223764103,NO_PATH,0.0,0.0,47.127278629766195,-51.77973972803552,-0.020141997575373577,54.81079202554201,45.760000000000005
FOLLOW,0.0,55.01079202554201,-51.8085959304598,-1.5822654223764103,NO_PATH,0.0,0.0,47.127278629766195,-51.77973972803552,-0.020141997575373577,54.81079202554201,45.78
FOLLOW,0.0,55.01079202554201,-51.8085959304598,-1.5822654223764103,NO_PATH,0.0,0.0,47.127278629766195,-51.77973972803552,-0.020141997575373577,54.81079202554201,45.800000000000004
FOLLOW,0.0,55.01079202554201,-51.8085959304598,-1.5822654223764103,NO_PATH,0.0,0.0,47.127278629766195,-51.77973972803552,-0.020141997575373577,54.81079202554201,45.82
FOLLOW,0.0,55.01079202554201,-51.8085959304598,-1.5822654223764103,NO_PATH,0.0,0.0,47.127278629766195,-51.77973972803552,-0.020141997575373577,54.81079202554201,45.84
FOLLOW,0.0,55.01079202554201,-51.8085959304598,-1.5822654223764103,NO_PATH,0.0,0.0,47.127278629766195,-51.77973972803552,-0.020141997575373577,54.81079202554201,45.86
FOLLOW,0.0,55.01079202554201,-51.8085959304598,-1.5822654223764103,NO_PATH,0.0,0.0,47.127278629766195,-51.77973972803552,-0.020141997575373577,54.81079202554201,45.88
FOLLOW,0.0,55.01079202554201,-51.8085959304598,-1.5822654223764103,NO_PATH,0.0,0.0,47.127278629766195,-51.77973972803552,-0.020141997575373577,54.81079202554201,45.900000000000006
FOLLOW,0.0,55.01079202554201,-51.8085959304598,-1.5822654223764103,NO_PATH,0.0,0.0,47.127278629766195,-51.77973972803552,-0.020141997575373577,54.81079202554201,45.92
FOLLOW,0.0,55.01079202554201,-51.8085959304598,-1.5822654223764103,NO_PATH,0.0,0.0,47.127278629766195,-51.77973972803552,-0.020141997575373577,54.81079202554201,45.940000000000005
FOLLOW,0.0,55.01079202554201,-51.8085959304598,-1.5822654223764103,NO_PATH,0.0,0.0,47.127278629766195,-51.77973972803552,-0.020141997575373577,54.81079202554201,45.96
FOLLOW,0.0,55.01079202554201,-51.8085959304598,-1.5822654223764103,NO_PATH,0.0,0.0,47.127278629766195,-51.77973972803552,-0.020141997575373577,54.81079202554201,45.980000000000004
FOLLOW,0.0,55.01079202554201,-51.8085959304598,-1.5822654223764103,NO_PATH,0.0,0.0,47.127278629766195,-51.77973972803552,-0.020141997575373577,54.81079202554201,46.0
FOLLOW,0.0,55.01079202554201,-51.8085959304598,-1.5822654223764103,NO_PATH,0.0,0.0,47.127278629766195,-51.77973972803552,-0.020141997575373577,54.81079202554201,46.02
FOLLOW,0.0,55.01079202554201,-51.8085959304598,-1.5822654223764103,NO_PATH,0.0,0.0,47.127278629766195,-51.77973972803552,-0.020141997575373577,54.81079202554201,46.040000000000006
FOLLOW,0.0,55.01079202554201,-51.8085959304598,-1.5822654223764103,NO_PATH,0.0,0.0,47.127278629766195,-51.77973972803552,-0.020141997575373577,54.81079202554201,46.06
FOLLOW,0.0,55.01079202554201,-51.8085959304598,-1.5822654223764103,NO_PATH,0.0,0.0,47.127278629766195,-51.77973972803552,-0.020141997575373577,54.81079202554201,46.080000000000005
FOLLOW,0.0,55.01079202554201,-51.8085959304598,-1.5822654223764103,NO_PATH,0.0,0.0,47.127278629766195,-51.77973972803552,-0.020141997575373577,54.81079202554201,46.1
FOLLOW,0.0,55.01079202554201,-51.8085959304598,-1.5822654223764103,NO_PATH,0.0,0.0,47.127278629766195,-51.77973972803552,-0.020141997575373577,54.81079202554201,46.121
FOLLOW,0.0,55.01079202554201,-51.8085959304598,-1.5822654223764103,NO_PATH,0.0,0.0,47.127278629766195,-51.77973972803552,-0.020141997575373577,54.81079202554201,46.14
FOLLOW,0.0,55.01079202554201,-51.8085959304598,-1.5822654223764103,NO_PATH,0.0,0.0,47.127278629766195,-51.77973972803552,-0.020141997575373577,54.81079202554201,46.161
FOLLOW,0.0,55.01079202554201,-51.8085959304598,-1.5822654223764103,NO_PATH,0.0,0.0,47.127278629766195,-51.77973972803552,-0.020141997575373577,54.81079202554201,46.18
FOLLOW,0.0,55.01079202554201,-51.8085959304598,-1.5822654223764103,NO_PATH,0.0,0.0,47.127278629766195,-51.77973972803552,-0.020141997575373577,54.81079202554201,46.2
FOLLOW,0.0,55.01079202554201,-51.8085959304598,-1.5822654223764103,NO_PATH,0.0,0.0,47.127278629766195,-51.77973972803552,-0.020141997575373577,54.81079202554201,46.220000000000006
FOLLOW,0.0,55.01079202554201,-51.8085959304598,-1.5822654223764103,NO_PATH,0.0,0.0,47.127278629766195,-51.77973972803552,-0.020141997575373577,54.81079202554201,46.24
FOLLOW,0.0,55.01079202554201,-51.8085959304598,-1.5822654223764103,NO_PATH,0.0,0.0,47.127278629766195,-51.77973972803552,-0.020141997575373577,54.81079202554201,46.260000000000005
FOLLOW,0.0,55.01079202554201,-51.8085959304598,-1.5822654223764103,NO_PATH,0.0,0.0,47.127278629766195,-51.77973972803552,-0.020141997575373577,54.81079202554201,46.28
FOLLOW,0.0,55.01079202554201,-51.8085959304598,-1.5822654223764103,NO_PATH,0.0,0.0,47.127278629766195,-51.77973972803552,-0.020141997575373577,54.81079202554201,46.300000000000004
FOLLOW,0.0,55.01079202554201,-51.8085959304598,-1.5822654223764103,NO_PATH,0.0,0.0,47.127278629766195,-51.77973972803552,-0.020141997575373577,54.81079202554201,46.32
FOLLOW,0.0,55.01079202554201,-51.8085959304598,-1.5822654223764103,NO_PATH,0.0,0.0,47.127278629766195,-51.77973972803552,-0.020141997575373577,54.81079202554201,46.34
FOLLOW,0.0,55.01079202554201,-51.8085959304598,-1.5822654223764103,NO_PATH,0.0,0.0,47.127278629766195,-51.77973972803552,-0.020141997575373577,54.81079202554201,46.36
FOLLOW,0.0,55.01079202554201,-51.8085959304598,-1.5822654223764103,NO_PATH,0.0,0.0,47.127278629766195,-51.77973972803552,-0.020141997575373577,54.81079202554201,46.38
FOLLOW,0.0,55.01079202554201,-51.8085959304598,-1.5822654223764103,NO_PATH,0.0,0.0,47.127278629766195,-51.77973972803552,-0.020141997575373577,54.81079202554201,46.400000000000006
FOLLOW,0.0,55.01079202554201,-51.8085959304598,-1.5822654223764103,NO_PATH,0.0,0.0,47.127278629766195,-51.77973972803552,-0.020141997575373577,54.81079202554201,46.42
FOLLOW,0.0,55.01079202554201,-51.8085959304598,-1.5822654223764103,NO_PATH,0.0,0.0,47.127278629766195,-51.77973972803552,-0.020141997575373577,54.81079202554201,46.440000000000005
FOLLOW,0.0,55.01079202554201,-51.8085959304598,-1.5822654223764103,NO_PATH,0.0,0.0,47.127278629766195,-51.77973972803552,-0.020141997575373577,54.81079202554201,46.46
FOLLOW,0.0,55.01079202554201,-51.8085959304598,-1.5822654223764103,NO_PATH,0.0,0.0,47.127278629766195,-51.77973972803552,-0.020141997575373577,54.81079202554201,46.480000000000004
FOLLOW,0.0,55.01079202554201,-51.8085959304598,-1.5822654223764103,NO_PATH,0.0,0.0,47.127278629766195,-51.77973972803552,-0.020141997575373577,54.81079202554201,46.5
FOLLOW,0.0,55.01079202554201,-51.8085959304598,-1.5822654223764103,NO_PATH,0.0,0.0,47.127278629766195,-51.77973972803552,-0.020141997575373577,54.81079202554201,46.52
FOLLOW,0.0,55.01079202554201,-51.8085959304598,-1.5822654223764103,NO_PATH,0.0,0.0,47.127278629766195,-51.77973972803552,-0.020141997575373577,54.81079202554201,46.540000000000006
FOLLOW,0.0,55.01079202554201,-51.8085959304598,-1.5822654223764103,NO_PATH,0.0,0.0,47.127278629766195,-51.77973972803552,-0.020141997575373577,54.81079202554201,46.56
FOLLOW,0.0,55.01079202554201,-51.8085959304598,-1.5822654223764103,NO_PATH,0.0,0.0,47.127278629766195,-51.77973972803552,-0.020141997575373577,54.81079202554201,46.580000000000005
FOLLOW,0.0,55.01079202554201,-51.8085959304598,-1.5822654223764103,NO_PATH,0.0,0.0,47.127278629766195,-51.77973972803552,-0.020141997575373577,54.81079202554201,46.6
FOLLOW,0.0,55.01079202554201,-51.8085959304598,-1.5822654223764103,NO_PATH,0.0,0.0,47.127278629766195,-51.77973972803552,-0.020141997575373577,54.81079202554201,46.620000000000005
FOLLOW,0.0,55.01079202554201,-51.8085959304598,-1.5822654223764103,NO_PATH,0.0,0.0,47.127278629766195,-51.77973972803552,-0.020141997575373577,54.81079202554201,46.64
FOLLOW,0.0,55.01079202554201,-51.8085959304598,-1.5822654223764103,NO_PATH,0.0,0.0,47.127278629766195,-51.77973972803552,-0.020141997575373577,54.81079202554201,46.660000000000004
FOLLOW,0.0,55.01079202554201,-51.8085959304598,-1.5822654223764103,NO_PATH,0.0,0.0,47.127278629766195,-51.77973972803552,-0.020141997575373577,54.81079202554201,46.68
FOLLOW,0.0,55.01079202554201,-51.8085959304598,-1.5822654223764103,NO_PATH,0.0,0.0,47.127278629766195,-51.77973972803552,-0.020141997575373577,54.81079202554201,46.7
FOLLOW,0.0,55.01079202554201,-51.8085959304598,-1.5822654223764103,NO_PATH,0.0,0.0,47.127278629766195,-51.77973972803552,-0.020141997575373577,54.81079202554201,46.720000000000006
FOLLOW,0.0,55.01079202554201,-51.8085959304598,-1.5822654223764103,NO_PATH,0.0,0.0,47.127278629766195,-51.77973972803552,-0.020141997575373577,54.81079202554201,46.74
FOLLOW,0.0,55.01079202554201,-51.8085959304598,-1.5822654223764103,NO_PATH,0.0,0.0,47.127278629766195,-51.77973972803552,-0.020141997575373577,54.81079202554201,46.760000000000005
FOLLOW,0.0,55.01079202554201,-51.8085959304598,-1.5822654223764103,NO_PATH,0.0,0.0,47.127278629766195,-51.77973972803552,-0.020141997575373577,54.81079202554201,46.78
FOLLOW,0.0,55.01079202554201,-51.8085959304598,-1.5822654223764103,NO_PATH,0.0,0.0,47.127278629766195,-51.77973972803552,-0.020141997575373577,54.81079202554201,46.800000000000004
FOLLOW,0.0,55.01079202554201,-51.8085959304598,-1.5822654223764103,NO_PATH,0.0,0.0,47.127278629766195,-51.77973972803552,-0.020141997575373577,54.81079202554201,46.82
FOLLOW,0.0,55.01079202554201,-51.8085959304598,-1.5822654223764103,NO_PATH,0.0,0.0,47.127278629766195,-51.77973972803552,-0.020141997575373577,54.81079202554201,46.84
FOLLOW,0.0,55.01079202554201,-51.8085959304598,-1.5822654223764103,NO_PATH,0.0,0.0,47.127278629766195,-51.77973972803552,-0.020141997575373577,54.81079202554201,46.86
FOLLOW,0.0,55.01079202554201,-51.8085959304598,-1.5822654223764103,NO_PATH,0.0,0.0,47.127278629766195,-51.77973972803552,-0.020141997575373577,54.81079202554201,46.88
FOLLOW,0.0,55.01079202554201,-51.8085959304598,-1.5822654223764103,NO_PATH,0.0,0.0,47.127278629766195,-51.77973972803552,-0.020141997575373577,54.81079202554201,46.900000000000006
FOLLOW,0.0,55.01079202554201,-51.8085959304598,-1.5822654223764103,NO_PATH,0.0,0.0,47.127278629766195,-51.77973972803552,-0.020141997575373577,54.81079202554201,46.92
FOLLOW,0.0,55.01079202554201,-51.8085959304598,-1.5822654223764103,NO_PATH,0.0,0.0,47.127278629766195,-51.77973972803552,-0.020141997575373577,54.81079202554201,46.940000000000005
FOLLOW,0.0,55.01079202554201,-51.8085959304598,-1.5822654223764103,NO_PATH,0.0,0.0,47.127278629766195,-51.77973972803552,-0.020141997575373577,54.81079202554201,46.96
FOLLOW,0.0,55.01079202554201,-51.8085959304598,-1.5822654223764103,NO_PATH,0.0,0.0,47.127278629766195,-51.77973972803552,-0.020141997575373577,54.81079202554201,46.980000000000004
FOLLOW,0.0,55.01079202554201,-51.8085959304598,-1.5822654223764103,NO_PATH,0.0,0.0,47.127278629766195,-51.77973972803552,-0.020141997575373577,54.81079202554201,47.0
FOLLOW,0.0,55.01079202554201,-51.8085959304598,-1.5822654223764103,NO_PATH,0.0,0.0,47.127278629766195,-51.77973972803552,-0.020141997575373577,54.81079202554201,47.021
FOLLOW,0.0,55.01079202554201,-51.8085959304598,-1.5822654223764103,NO_PATH,0.0,0.0,47.127278629766195,-51.77973972803552,-0.020141997575373577,54.81079202554201,47.040000000000006
FOLLOW,0.0,55.01079202554201,-51.8085959304598,-1.5822654223764103,NO_PATH,0.0,0.0,47.127278629766195,-51.77973972803552,-0.020141997575373577,54.81079202554201,47.06
FOLLOW,0.0,55.01079202554201,-51.8085959304598,-1.5822654223764103,NO_PATH,0.0,0.0,47.127278629766195,-51.77973972803552,-0.020141997575373577,54.81079202554201,47.080000000000005
FOLLOW,0.0,55.01079202554201,-51.8085959304598,-1.5822654223764103,NO_PATH,0.0,0.0,47.127278629766195,-51.77973972803552,-0.020141997575373577,54.81079202554201,47.1
FOLLOW,0.0,55.01079202554201,-51.8085959304598,-1.5822654223764103,NO_PATH,0.0,0.0,47.127278629766195,-51.77973972803552,-0.020141997575373577,54.81079202554201,47.120000000000005
FOLLOW,0.0,55.01079202554201,-51.8085959304598,-1.5822654223764103,NO_PATH,0.0,0.0,47.127278629766195,-51.77973972803552,-0.020141997575373577,54.81079202554201,47.14
FOLLOW,0.0,55.01079202554201,-51.8085959304598,-1.5822654223764103,NO_PATH,0.0,0.0,47.127278629766195,-51.77973972803552,-0.020141997575373577,54.81079202554201,47.160000000000004
FOLLOW,0.0,55.01079202554201,-51.8085959304598,-1.5822654223764103,NO_PATH,0.0,0.0,47.127278629766195,-51.77973972803552,-0.020141997575373577,54.81079202554201,47.18
FOLLOW,0.0,55.01079202554201,-51.8085959304598,-1.5822654223764103,NO_PATH,0.0,0.0,47.127278629766195,-51.77973972803552,-0.020141997575373577,54.81079202554201,47.2
FOLLOW,0.0,55.01079202554201,-51.8085959304598,-1.5822654223764103,NO_PATH,0.0,0.0,47.127278629766195,-51.77973972803552,-0.020141997575373577,54.81079202554201,47.220000000000006
FOLLOW,0.0,55.01079202554201,-51.8085959304598,-1.5822654223764103,NO_PATH,0.0,0.0,47.127278629766195,-51.77973972803552,-0.020141997575373577,54.81079202554201,47.24
FOLLOW,0.0,55.01079202554201,-51.8085959304598,-1.5822654223764103,NO_PATH,0.0,0.0,47.127278629766195,-51.77973972803552,-0.020141997575373577,54.81079202554201,47.260000000000005
FOLLOW,0.0,55.01079202554201,-51.8085959304598,-1.5822654223764103,NO_PATH,0.0,0.0,47.127278629766195,-51.77973972803552,-0.020141997575373577,54.81079202554201,47.28
FOLLOW,0.0,55.01079202554201,-51.8085959304598,-1.5822654223764103,NO_PATH,0.0,0.0,47.127278629766195,-51.77973972803552,-0.020141997575373577,54.81079202554201,47.301
FOLLOW,0.0,55.01079202554201,-51.8085959304598,-1.5822654223764103,NO_PATH,0.0,0.0,47.127278629766195,-51.77973972803552,-0.020141997575373577,54.81079202554201,47.32
FOLLOW,0.0,55.01079202554201,-51.8085959304598,-1.5822654223764103,NO_PATH,0.0,0.0,47.127278629766195,-51.77973972803552,-0.020141997575373577,54.81079202554201,47.34
FOLLOW,0.0,55.01079202554201,-51.8085959304598,-1.5822654223764103,NO_PATH,0.0,0.0,47.127278629766195,-51.77973972803552,-0.020141997575373577,54.81079202554201,47.36
FOLLOW,0.0,55.01079202554201,-51.8085959304598,-1.5822654223764103,NO_PATH,0.0,0.0,47.127278629766195,-51.77973972803552,-0.020141997575373577,54.81079202554201,47.38
FOLLOW,0.0,55.01079202554201,-51.8085959304598,-1.5822654223764103,NO_PATH,0.0,0.0,47.127278629766195,-51.77973972803552,-0.020141997575373577,54.81079202554201,47.400000000000006
FOLLOW,0.0,55.01079202554201,-51.8085959304598,-1.5822654223764103,NO_PATH,0.0,0.0,47.127278629766195,-51.77973972803552,-0.020141997575373577,54.81079202554201,47.42
FOLLOW,0.0,55.01079202554201,-51.8085959304598,-1.5822654223764103,NO_PATH,0.0,0.0,47.127278629766195,-51.77973972803552,-0.020141997575373577,54.81079202554201,47.440000000000005
FOLLOW,0.0,55.01079202554201,-51.8085959304598,-1.5822654223764103,NO_PATH,0.0,0.0,47.127278629766195,-51.77973972803552,-0.020141997575373577,54.81079202554201,47.46
FOLLOW,0.0,55.01079202554201,-51.8085959304598,-1.5822654223764103,NO_PATH,0.0,0.0,47.127278629766195,-51.77973972803552,-0.020141997575373577,54.81079202554201,47.480000000000004
FOLLOW,0.0,55.01079202554201,-51.8085959304598,-1.5822654223764103,NO_PATH,0.0,0.0,47.127278629766195,-51.77973972803552,-0.020141997575373577,54.81079202554201,47.5
FOLLOW,0.0,55.01079202554201,-51.8085959304598,-1.5822654223764103,NO_PATH,0.0,0.0,47.127278629766195,-51.77973972803552,-0.020141997575373577,54.81079202554201,47.52
FOLLOW,0.0,55.01079202554201,-51.8085959304598,-1.5822654223764103,NO_PATH,0.0,0.0,47.127278629766195,-51.77973972803552,-0.020141997575373577,54.81079202554201,47.540000000000006
FOLLOW,0.0,55.01079202554201,-51.8085959304598,-1.5822654223764103,NO_PATH,0.0,0.0,47.127278629766195,-51.77973972803552,-0.020141997575373577,54.81079202554201,47.56
FOLLOW,0.0,55.01079202554201,-51.8085959304598,-1.5822654223764103,NO_PATH,0.0,0.0,47.127278629766195,-51.77973972803552,-0.020141997575373577,54.81079202554201,47.580000000000005
FOLLOW,0.0,55.01079202554201,-51.8085959304598,-1.5822654223764103,NO_PATH,0.0,0.0,47.127278629766195,-51.77973972803552,-0.020141997575373577,54.81079202554201,47.601000000000006
FOLLOW,0.0,55.01079202554201,-51.8085959304598,-1.5822654223764103,NO_PATH,0.0,0.0,47.127278629766195,-51.77973972803552,-0.020141997575373577,54.81079202554201,47.620000000000005
FOLLOW,0.0,55.01079202554201,-51.8085959304598,-1.5822654223764103,NO_PATH,0.0,0.0,47.127278629766195,-51.77973972803552,-0.020141997575373577,54.81079202554201,47.64
FOLLOW,0.0,55.01079202554201,-51.8085959304598,-1.5822654223764103,NO_PATH,0.0,0.0,47.127278629766195,-51.77973972803552,-0.020141997575373577,54.81079202554201,47.660000000000004
FOLLOW,0.0,55.01079202554201,-51.8085959304598,-1.5822654223764103,NO_PATH,0.0,0.0,47.127278629766195,-51.77973972803552,-0.020141997575373577,54.81079202554201,47.68
FOLLOW,0.0,55.01079202554201,-51.8085959304598,-1.5822654223764103,NO_PATH,0.0,0.0,47.127278629766195,-51.77973972803552,-0.020141997575373577,54.81079202554201,47.7
FOLLOW,0.0,55.01079202554201,-51.8085959304598,-1.5822654223764103,NO_PATH,0.0,0.0,47.127278629766195,-51.77973972803552,-0.020141997575373577,54.81079202554201,47.720000000000006
FOLLOW,0.0,55.01079202554201,-51.8085959304598,-1.5822654223764103,NO_PATH,0.0,0.0,47.127278629766195,-51.77973972803552,-0.020141997575373577,54.81079202554201,47.741
FOLLOW,0.0,55.01079202554201,-51.8085959304598,-1.5822654223764103,NO_PATH,0.0,0.0,47.127278629766195,-51.77973972803552,-0.020141997575373577,54.81079202554201,47.760000000000005
FOLLOW,0.0,55.01079202554201,-51.8085959304598,-1.5822654223764103,NO_PATH,0.0,0.0,47.127278629766195,-51.77973972803552,-0.020141997575373577,54.81079202554201,47.78
FOLLOW,0.0,55.01079202554201,-51.8085959304598,-1.5822654223764103,NO_PATH,0.0,0.0,47.127278629766195,-51.77973972803552,-0.020141997575373577,54.81079202554201,47.801
FOLLOW,0.0,55.01079202554201,-51.8085959304598,-1.5822654223764103,NO_PATH,0.0,0.0,47.127278629766195,-51.77973972803552,-0.020141997575373577,54.81079202554201,47.82
FOLLOW,0.0,55.01079202554201,-51.8085959304598,-1.5822654223764103,NO_PATH,0.0,0.0,47.127278629766195,-51.77973972803552,-0.020141997575373577,54.81079202554201,47.84
FOLLOW,0.0,55.01079202554201,-51.8085959304598,-1.5822654223764103,NO_PATH,0.0,0.0,47.127278629766195,-51.77973972803552,-0.020141997575373577,54.81079202554201,47.86
FOLLOW,0.0,55.01079202554201,-51.8085959304598,-1.5822654223764103,NO_PATH,0.0,0.0,47.127278629766195,-51.77973972803552,-0.020141997575373577,54.81079202554201,47.88
FOLLOW,0.0,55.01079202554201,-51.8085959304598,-1.5822654223764103,NO_PATH,0.0,0.0,47.127278629766195,-51.77973972803552,-0.020141997575373577,54.81079202554201,47.900000000000006
FOLLOW,0.0,55.01079202554201,-51.8085959304598,-1.5822654223764103,NO_PATH,0.0,0.0,47.127278629766195,-51.77973972803552,-0.020141997575373577,54.81079202554201,47.92
FOLLOW,0.0,55.01079202554201,-51.8085959304598,-1.5822654223764103,NO_PATH,0.0,0.0,47.127278629766195,-51.77973972803552,-0.020141997575373577,54.81079202554201,47.940000000000005
FOLLOW,0.0,55.01079202554201,-51.8085959304598,-1.5822654223764103,NO_PATH,0.0,0.0,47.127278629766195,-51.77973972803552,-0.020141997575373577,54.81079202554201,47.96
FOLLOW,0.0,55.01079202554201,-51.8085959304598,-1.5822654223764103,NO_PATH,0.0,0.0,47.127278629766195,-51.77973972803552,-0.020141997575373577,54.81079202554201,47.980000000000004
FOLLOW,0.0,55.01079202554201,-51.8085959304598,-1.5822654223764103,NO_PATH,0.0,0.0,47.127278629766195,-51.77973972803552,-0.020141997575373577,54.81079202554201,48.0
FOLLOW,0.0,55.01079202554201,-51.8085959304598,-1.5822654223764103,NO_PATH,0.0,0.0,47.127278629766195,-51.77973972803552,-0.020141997575373577,54.81079202554201,48.02
FOLLOW,0.0,55.01079202554201,-51.8085959304598,-1.5822654223764103,NO_PATH,0.0,0.0,47.127278629766195,-51.77973972803552,-0.020141997575373577,54.81079202554201,48.040000000000006
FOLLOW,0.0,55.01079202554201,-51.8085959304598,-1.5822654223764103,NO_PATH,0.0,0.0,47.127278629766195,-51.77973972803552,-0.020141997575373577,54.81079202554201,48.06
FOLLOW,0.0,55.01079202554201,-51.8085959304598,-1.5822654223764103,NO_PATH,0.0,0.0,47.127278629766195,-51.77973972803552,-0.020141997575373577,54.81079202554201,48.080000000000005
FOLLOW,0.0,55.01079202554201,-51.8085959304598,-1.5822654223764103,NO_PATH,0.0,0.0,47.127278629766195,-51.77973972803552,-0.020141997575373577,54.81079202554201,48.1
FOLLOW,0.0,55.01079202554201,-51.8085959304598,-1.5822654223764103,NO_PATH,0.0,0.0,47.127278629766195,-51.77973972803552,-0.020141997575373577,54.81079202554201,48.120000000000005
FOLLOW,0.0,55.01079202554201,-51.8085959304598,-1.5822654223764103,NO_PATH,0.0,0.0,47.127278629766195,-51.77973972803552,-0.020141997575373577,54.81079202554201,48.14
FOLLOW,0.0,55.01079202554201,-51.8085959304598,-1.5822654223764103,NO_PATH,0.0,0.0,47.127278629766195,-51.77973972803552,-0.020141997575373577,54.81079202554201,48.160000000000004
FOLLOW,0.0,55.01079202554201,-51.8085959304598,-1.5822654223764103,NO_PATH,0.0,0.0,47.127278629766195,-51.77973972803552,-0.020141997575373577,54.81079202554201,48.18
FOLLOW,0.0,55.01079202554201,-51.8085959304598,-1.5822654223764103,NO_PATH,0.0,0.0,47.127278629766195,-51.77973972803552,-0.020141997575373577,54.81079202554201,48.2
FOLLOW,0.0,55.01079202554201,-51.8085959304598,-1.5822654223764103,NO_PATH,0.0,0.0,47.127278629766195,-51.77973972803552,-0.020141997575373577,54.81079202554201,48.220000000000006
FOLLOW,0.0,55.01079202554201,-51.8085959304598,-1.5822654223764103,NO_PATH,0.0,0.0,47.127278629766195,-51.77973972803552,-0.020141997575373577,54.81079202554201,48.24
FOLLOW,0.0,55.01079202554201,-51.8085959304598,-1.5822654223764103,NO_PATH,0.0,0.0,47.127278629766195,-51.77973972803552,-0.020141997575373577,54.81079202554201,48.260000000000005
FOLLOW,0.0,55.01079202554201,-51.8085959304598,-1.5822654223764103,NO_PATH,0.0,0.0,47.127278629766195,-51.77973972803552,-0.020141997575373577,54.81079202554201,48.28
FOLLOW,0.0,55.01079202554201,-51.8085959304598,-1.5822654223764103,NO_PATH,0.0,0.0,47.127278629766195,-51.77973972803552,-0.020141997575373577,54.81079202554201,48.300000000000004
FOLLOW,0.0,55.01079202554201,-51.8085959304598,-1.5822654223764103,NO_PATH,0.0,0.0,47.127278629766195,-51.77973972803552,-0.020141997575373577,54.81079202554201,48.32
FOLLOW,0.0,55.01079202554201,-51.8085959304598,-1.5822654223764103,NO_PATH,0.0,0.0,47.127278629766195,-51.77973972803552,-0.020141997575373577,54.81079202554201,48.34
FOLLOW,0.0,55.01079202554201,-51.8085959304598,-1.5822654223764103,NO_PATH,0.0,0.0,47.127278629766195,-51.77973972803552,-0.020141997575373577,54.81079202554201,48.36000000000001
FOLLOW,0.0,55.01079202554201,-51.8085959304598,-1.5822654223764103,NO_PATH,0.0,0.0,47.127278629766195,-51.77973972803552,-0.020141997575373577,54.81079202554201,48.38
FOLLOW,0.0,55.01079202554201,-51.8085959304598,-1.5822654223764103,NO_PATH,0.0,0.0,47.127278629766195,-51.77973972803552,-0.020141997575373577,54.81079202554201,48.400000000000006
FOLLOW,0.0,55.01079202554201,-51.8085959304598,-1.5822654223764103,NO_PATH,0.0,0.0,47.127278629766195,-51.77973972803552,-0.020141997575373577,54.81079202554201,48.42
FOLLOW,0.0,55.01079202554201,-51.8085959304598,-1.5822654223764103,NO_PATH,0.0,0.0,47.127278629766195,-51.77973972803552,-0.020141997575373577,54.81079202554201,48.440000000000005
FOLLOW,0.0,55.01079202554201,-51.8085959304598,-1.5822654223764103,NO_PATH,0.0,0.0,47.127278629766195,-51.77973972803552,-0.020141997575373577,54.81079202554201,48.46
FOLLOW,0.0,55.01079202554201,-51.8085959304598,-1.5822654223764103,NO_PATH,0.0,0.0,47.127278629766195,-51.77973972803552,-0.020141997575373577,54.81079202554201,48.480000000000004
FOLLOW,0.0,55.01079202554201,-51.8085959304598,-1.5822654223764103,NO_PATH,0.0,0.0,47.127278629766195,-51.77973972803552,-0.020141997575373577,54.81079202554201,48.5
FOLLOW,0.0,55.01079202554201,-51.8085959304598,-1.5822654223764103,NO_PATH,0.0,0.0,47.127278629766195,-51.77973972803552,-0.020141997575373577,54.81079202554201,48.52
FOLLOW,0.0,55.01079202554201,-51.8085959304598,-1.5822654223764103,NO_PATH,0.0,0.0,47.127278629766195,-51.77973972803552,-0.020141997575373577,54.81079202554201,48.540000000000006
FOLLOW,0.0,55.01079202554201,-51.8085959304598,-1.5822654223764103,NO_PATH,0.0,0.0,47.127278629766195,-51.77973972803552,-0.020141997575373577,54.81079202554201,48.56
FOLLOW,0.0,55.01079202554201,-51.8085959304598,-1.5822654223764103,NO_PATH,0.0,0.0,47.127278629766195,-51.77973972803552,-0.020141997575373577,54.81079202554201,48.580000000000005
FOLLOW,0.0,55.01079202554201,-51.8085959304598,-1.5822654223764103,NO_PATH,0.0,0.0,47.127278629766195,-51.77973972803552,-0.020141997575373577,54.81079202554201,48.6
FOLLOW,0.0,55.01079202554201,-51.8085959304598,-1.5822654223764103,NO_PATH,0.0,0.0,47.127278629766195,-51.77973972803552,-0.020141997575373577,54.81079202554201,48.620000000000005
FOLLOW,0.0,55.01079202554201,-51.8085959304598,-1.5822654223764103,NO_PATH,0.0,0.0,47.127278629766195,-51.77973972803552,-0.020141997575373577,54.81079202554201,48.64
FOLLOW,0.0,55.01079202554201,-51.8085959304598,-1.5822654223764103,NO_PATH,0.0,0.0,47.127278629766195,-51.77973972803552,-0.020141997575373577,54.81079202554201,48.660000000000004
FOLLOW,0.0,55.01079202554201,-51.8085959304598,-1.5822654223764103,NO_PATH,0.0,0.0,47.127278629766195,-51.77973972803552,-0.020141997575373577,54.81079202554201,48.681000000000004
FOLLOW,0.0,55.01079202554201,-51.8085959304598,-1.5822654223764103,NO_PATH,0.0,0.0,47.127278629766195,-51.77973972803552,-0.020141997575373577,54.81079202554201,48.702000000000005
FOLLOW,0.0,55.01079202554201,-51.8085959304598,-1.5822654223764103,NO_PATH,0.0,0.0,47.127278629766195,-51.77973972803552,-0.020141997575373577,54.81079202554201,48.720000000000006
FOLLOW,0.0,55.01079202554201,-51.8085959304598,-1.5822654223764103,NO_PATH,0.0,0.0,47.127278629766195,-51.77973972803552,-0.020141997575373577,54.81079202554201,48.74
FOLLOW,0.0,55.01079202554201,-51.8085959304598,-1.5822654223764103,NO_PATH,0.0,0.0,47.127278629766195,-51.77973972803552,-0.020141997575373577,54.81079202554201,48.760000000000005
FOLLOW,0.0,55.01079202554201,-51.8085959304598,-1.5822654223764103,NO_PATH,0.0,0.0,47.127278629766195,-51.77973972803552,-0.020141997575373577,54.81079202554201,48.78
FOLLOW,0.0,55.01079202554201,-51.8085959304598,-1.5822654223764103,NO_PATH,0.0,0.0,47.127278629766195,-51.77973972803552,-0.020141997575373577,54.81079202554201,48.801
FOLLOW,0.0,55.01079202554201,-51.8085959304598,-1.5822654223764103,NO_PATH,0.0,0.0,47.127278629766195,-51.77973972803552,-0.020141997575373577,54.81079202554201,48.821000000000005
FOLLOW,0.0,55.01079202554201,-51.8085959304598,-1.5822654223764103,NO_PATH,0.0,0.0,47.127278629766195,-51.77973972803552,-0.020141997575373577,54.81079202554201,48.84
FOLLOW,0.0,55.01079202554201,-51.8085959304598,-1.5822654223764103,NO_PATH,0.0,0.0,47.127278629766195,-51.77973972803552,-0.020141997575373577,54.81079202554201,48.86000000000001
FOLLOW,0.0,55.01079202554201,-51.8085959304598,-1.5822654223764103,NO_PATH,0.0,0.0,47.127278629766195,-51.77973972803552,-0.020141997575373577,54.81079202554201,48.88
FOLLOW,0.0,55.01079202554201,-51.8085959304598,-1.5822654223764103,NO_PATH,0.0,0.0,47.127278629766195,-51.77973972803552,-0.020141997575373577,54.81079202554201,48.900000000000006
FOLLOW,0.0,55.01079202554201,-51.8085959304598,-1.5822654223764103,NO_PATH,0.0,0.0,47.127278629766195,-51.77973972803552,-0.020141997575373577,54.81079202554201,48.92100000000001
FOLLOW,0.0,55.01079202554201,-51.8085959304598,-1.5822654223764103,NO_PATH,0.0,0.0,47.127278629766195,-51.77973972803552,-0.020141997575373577,54.81079202554201,48.940000000000005
FOLLOW,0.0,55.01079202554201,-51.8085959304598,-1.5822654223764103,NO_PATH,0.0,0.0,47.127278629766195,-51.77973972803552,-0.020141997575373577,54.81079202554201,48.96
FOLLOW,0.0,55.01079202554201,-51.8085959304598,-1.5822654223764103,NO_PATH,0.0,0.0,47.127278629766195,-51.77973972803552,-0.020141997575373577,54.81079202554201,48.980000000000004
FOLLOW,0.0,55.01079202554201,-51.8085959304598,-1.5822654223764103,NO_PATH,0.0,0.0,47.127278629766195,-51.77973972803552,-0.020141997575373577,54.81079202554201,49.0
FOLLOW,0.0,55.01079202554201,-51.8085959304598,-1.5822654223764103,NO_PATH,0.0,0.0,47.127278629766195,-51.77973972803552,-0.020141997575373577,54.81079202554201,49.021
FOLLOW,1.1999999999797364,55.01051677594674,-51.83259435202541,-1.5822651886646764,NO_PATH,0.0,0.0,47.127278629766195,-51.77973972803552,-0.020141997575373577,54.81079202554201,49.040000000000006
FOLLOW,1.1999999999792499,55.01024153196019,-51.85659277365534,-1.5822649549529426,NO_PATH,0.0,0.0,47.127278629766195,-51.77973972803552,-0.020141997575373577,54.81079202554201,49.06
FOLLOW,1.199955027243741,55.00970073125101,-51.904588332071285,-1.5817280749185456,NO_PATH,0.0,0.0,47.127278629766195,-51.77973972803552,-0.020141997575373577,54.81079202554201,49.080000000000005
FOLLOW,1.199955027243741,55.00970073125101,-51.904588332071285,-1.5817280749185456,NO_PATH,0.0,0.0,47.127278629766195,-51.77973972803552,-0.020141997575373577,54.81079202554201,49.1
FOLLOW,1.199959324253492,55.00919202844497,-51.95258392670587,-1.5810532698045647,NO_PATH,0.0,0.0,47.127278629766195,-51.77973972803552,-0.020141997575373577,54.809700731251006,49.120000000000005
FOLLOW,1.199959324253492,55.00919202844497,-51.95258392670587,-1.5810532698045647,NO_PATH,0.0,0.0,47.127278629766195,-51.77973972803552,-0.020141997575373577,54.809700731251006,49.14
FOLLOW,1.1999672545234739,55.008714973247606,-52.00058003116665,-1.5804165751541235,NO_PATH,0.0,0.0,47.127278629766195,-51.77973972803552,-0.020141997575373577,54.809700731251006,49.160000000000004
FOLLOW,1.1999672545234739,55.008714973247606,-52.00058003116665,-1.5804165751541235,NO_PATH,0.0,0.0,47.127278629766195,-51.77973972803552,-0.020141997575373577,54.809700731251006,49.18
FOLLOW,1.19996725452257,55.008487465631326,-52.02457829778892,-1.5801210727499493,NO_PATH,0.0,0.0,47.127278629766195,-51.77973972803552,-0.020141997575373577,54.809700731251006,49.2
FOLLOW,1.1999715779117548,55.008053360578806,-52.07257513233742,-1.579555315395881,NO_PATH,0.0,0.0,47.127278629766195,-51.77973972803552,-0.020141997575373577,54.808267037256236,49.220000000000006
FOLLOW,1.199971577911186,55.00784629079757,-52.096573670492795,-1.5792800109551317,NO_PATH,0.0,0.0,47.127278629766195,-51.77973972803552,-0.020141997575373577,54.808267037256236,49.24
FOLLOW,1.199971577911186,55.00784629079757,-52.096573670492795,-1.5792800109551317,NO_PATH,0.0,0.0,47.127278629766195,-51.77973972803552,-0.020141997575373577,54.808267037256236,49.260000000000005
FOLLOW,1.1999770973950195,55.00764559726474,-52.12057235666614,-1.579028653805755,NO_PATH,0.0,0.0,47.127278629766195,-51.77973972803552,-0.020141997575373577,54.808267037256236,49.28
FOLLOW,1.1999770973947566,55.00745084456671,-52.14457110834557,-1.578781522648972,NO_PATH,0.0,0.0,47.127278629766195,-51.77973972803552,-0.020141997575373577,54.808267037256236,49.300000000000004
FOLLOW,1.1999791720833943,55.00726200170714,-52.16856992800585,-1.5785401820826306,NO_PATH,0.0,0.0,47.127278629766195,-51.77973972803552,-0.020141997575373577,54.80745084456671,49.32
FOLLOW,1.1999800612361773,55.0069010975075,-52.216567773198435,-1.5780790088573018,NO_PATH,0.0,0.0,47.127278629766195,-51.77973972803552,-0.020141997575373577,54.80745084456671,49.34
FOLLOW,1.1999800612361773,55.0069010975075,-52.216567773198435,-1.5780790088573018,NO_PATH,0.0,0.0,47.127278629766195,-51.77973972803552,-0.020141997575373577,54.80745084456671,49.36000000000001
FOLLOW,1.1999838950552075,55.006561394598805,-52.264565915059514,-1.5776610349051896,NO_PATH,0.0,0.0,47.127278629766195,-51.77973972803552,-0.020141997575373577,54.80745084456671,49.38
FOLLOW,1.1999838950552075,55.006561394598805,-52.264565915059514,-1.5776610349051896,NO_PATH,0.0,0.0,47.127278629766195,-51.77973972803552,-0.020141997575373577,54.8065613945988,49.401
FOLLOW,1.199985963645859,55.00624128130451,-52.31256426102599,-1.577265836565221,NO_PATH,0.0,0.0,47.127278629766195,-51.77973972803552,-0.020141997575373577,54.8065613945988,49.42
FOLLOW,1.199985963645859,55.00624128130451,-52.31256426102599,-1.577265836565221,NO_PATH,0.0,0.0,47.127278629766195,-51.77973972803552,-0.020141997575373577,54.8065613945988,49.440000000000005
FOLLOW,1.1999859636460484,55.006088221447655,-52.33656349218175,-1.5770723673170297,NO_PATH,0.0,0.0,47.127278629766195,-51.77973972803552,-0.020141997575373577,54.8065613945988,49.46
FOLLOW,1.1999877882542165,55.005939656145294,-52.36056278807924,-1.5768919103666097,NO_PATH,0.0,0.0,47.127278629766195,-51.77973972803552,-0.020141997575373577,54.8065613945988,49.480000000000004
FOLLOW,1.1999901346757889,55.00565546863284,-52.408561481528636,-1.576540126905679,NO_PATH,0.0,0.0,47.127278629766195,-51.77973972803552,-0.020141997575373577,54.80579542168507,49.501000000000005
FOLLOW,1.1999901346757889,55.00565546863284,-52.408561481528636,-1.576540126905679,NO_PATH,0.0,0.0,47.127278629766195,-51.77973972803552,-0.020141997575373577,54.80579542168507,49.52
FOLLOW,1.1999902628927588,55.00538736059615,-52.45656033920557,-1.5762162801028248,NO_PATH,0.0,0.0,47.127278629766195,-51.77973972803552,-0.020141997575373577,54.80579542168507,49.541000000000004
FOLLOW,1.1999902628927588,55.00538736059615,-52.45656033920557,-1.5762162801028248,NO_PATH,0.0,0.0,47.127278629766195,-51.77973972803552,-0.020141997575373577,54.80579542168507,49.56
FOLLOW,1.1999914168421248,55.005134286160434,-52.50455932853398,-1.575913701495907,NO_PATH,0.0,0.0,47.127278629766195,-51.77973972803552,-0.020141997575373577,54.80579542168507,49.580000000000005
FOLLOW,1.1999914168421248,55.005134286160434,-52.50455932853398,-1.575913701495907,NO_PATH,0.0,0.0,47.127278629766195,-51.77973972803552,-0.020141997575373577,54.80579542168507,49.6
FOLLOW,1.1999930503622096,55.00501314514308,-52.52855886908298,-1.5757707477696883,NO_PATH,0.0,0.0,47.127278629766195,-51.77973972803552,-0.020141997575373577,54.80513428616043,49.620000000000005
FOLLOW,1.1999933179747095,55.004780744609256,-52.576558031014876,-1.5754998358857772,NO_PATH,0.0,0.0,47.127278629766195,-51.77973972803552,-0.020141997575373577,54.80513428616043,49.64
FOLLOW,1.1999939424038315,55.00466931025785,-52.60055765114385,-1.575372739064249,NO_PATH,0.0,0.0,47.127278629766195,-51.77973972803552,-0.020141997575373577,54.80513428616043,49.660000000000004
FOLLOW,1.199993942404041,55.004560926182776,-52.62455728524194,-1.575245642242722,NO_PATH,0.0,0.0,47.127278629766195,-51.77973972803552,-0.020141997575373577,54.80513428616043,49.68
FOLLOW,1.199995081420301,55.00445552368076,-52.648556948568476,-1.575127344942474,NO_PATH,0.0,0.0,47.127278629766195,-51.77973972803552,-0.020141997575373577,54.80456092618277,49.7
FOLLOW,1.199995081420301,55.00445552368076,-52.648556948568476,-1.575127344942474,NO_PATH,0.0,0.0,47.127278629766195,-51.77973972803552,-0.020141997575373577,54.80456092618277,49.721000000000004
FOLLOW,1.1999950814202907,55.004352885576125,-52.67255663071147,-1.575012818865634,NO_PATH,0.0,0.0,47.127278629766195,-51.77973972803552,-0.020141997575373577,54.80456092618277,49.74
FOLLOW,1.1999957002685975,55.00415570986095,-52.72055604497764,-1.5747934476323673,NO_PATH,0.0,0.0,47.127278629766195,-51.77973972803552,-0.020141997575373577,54.80456092618277,49.760000000000005
FOLLOW,1.1999957002685975,55.00415570986095,-52.72055604497764,-1.5747934476323673,NO_PATH,0.0,0.0,47.127278629766195,-51.77973972803552,-0.020141997575373577,54.80456092618277,49.78
FOLLOW,1.199996497092194,55.003968785366496,-52.76855552168281,-1.5745876331166089,NO_PATH,0.0,0.0,47.127278629766195,-51.77973972803552,-0.020141997575373577,54.80406100024912,49.800000000000004
FOLLOW,1.1999964970923958,55.003878896289635,-52.79255528327996,-1.5744909837943866,NO_PATH,0.0,0.0,47.127278629766195,-51.77973972803552,-0.020141997575373577,54.80406100024912,49.82
FOLLOW,1.1999964970923958,55.003878896289635,-52.79255528327996,-1.5744909837943866,NO_PATH,0.0,0.0,47.127278629766195,-51.77973972803552,-0.020141997575373577,54.80406100024912,49.84
FOLLOW,1.199996800175222,55.00379131898862,-52.816555056455464,-1.5743964940142343,NO_PATH,0.0,0.0,47.127278629766195,-51.77973972803552,-0.020141997575373577,54.80406100024912,49.86000000000001
FOLLOW,1.1999969300698468,55.00370594683673,-52.840554843206064,-1.5743060148122052,NO_PATH,0.0,0.0,47.127278629766195,-51.77973972803552,-0.020141997575373577,54.80406100024912,49.88
FOLLOW,1.1999973130572306,55.00354166342064,-52.888554446103186,-1.5741303050243873,NO_PATH,0.0,0.0,47.127278629766195,-51.77973972803552,-0.020141997575373577,54.80362274616674,49.902
FOLLOW,1.1999973130571704,55.00346261324352,-52.91255426217048,-1.5740456576181816,NO_PATH,0.0,0.0,47.127278629766195,-51.77973972803552,-0.020141997575373577,54.80362274616674,49.92100000000001
FOLLOW,1.1999973130571704,55.00346261324352,-52.91255426217048,-1.5740456576181816,NO_PATH,0.0,0.0,47.127278629766195,-51.77973972803552,-0.020141997575373577,54.80362274616674,49.940000000000005
FOLLOW,1.1999978086280818,55.003310421357575,-52.96055392724392,-1.5738878478241405,NO_PATH,0.0,0.0,47.127278629766195,-51.77973972803552,-0.020141997575373577,54.80362274616674,49.96
FOLLOW,1.1999978086280818,55.003310421357575,-52.96055392724392,-1.5738878478241405,NO_PATH,0.0,0.0,47.127278629766195,-51.77973972803552,-0.020141997575373577,54.80362274616674,49.980000000000004
FOLLOW,1.1999980820023195,55.00316555022022,-53.008553626390466,-1.5737398871232269,NO_PATH,0.0,0.0,47.127278629766195,-51.77973972803552,-0.020141997575373577,54.80323709656043,50.0
FOLLOW,1.1999980820023195,55.00316555022022,-53.008553626390466,-1.5737398871232269,NO_PATH,0.0,0.0,47.127278629766195,-51.77973972803552,-0.020141997575373577,54.80323709656043,50.02
FOLLOW,1.1999980820006415,55.003095720274914,-53.03255348643707,-1.573668370243968,NO_PATH,0.0,0.0,47.127278629766195,-51.77973972803552,-0.020141997575373577,54.80323709656043,50.040000000000006
FOLLOW,1.1999984303741806,55.00302755105623,-53.056553357181485,-1.5736026504650866,NO_PATH,0.0,0.0,47.127278629766195,-51.77973972803552,-0.020141997575373577,54.80323709656043,50.06
FOLLOW,1.1999984303746372,55.0029609370039,-53.080553233337994,-1.573537953703918,NO_PATH,0.0,0.0,47.127278629766195,-51.77973972803552,-0.020141997575373577,54.80323709656043,50.080000000000005
FOLLOW,1.1999985427895838,55.00289587207739,-53.104553114868516,-1.5734744521303892,NO_PATH,0.0,0.0,47.127278629766195,-51.77973972803552,-0.020141997575373577,54.80323709656043,50.1
YIELD,1.1999986177339093,55.00277016370901,-53.15255289493756,-1.5733530265256486,NO_PATH,0.0,0.0,47.127278629766195,-51.77973972803552,-0.020141997575373577,54.802895872077386,50.120000000000005
YIELD,1.1999986177339093,55.00277016370901,-53.15255289493756,-1.5733530265256486,NO_PATH,0.0,0.0,47.127278629766195,-51.77973972803552,-0.020141997575373577,54.802895872077386,50.14
YIELD,1.1999988629414713,55.00270943721804,-53.17655279512073,-1.5732976791260216,NO_PATH,0.0,0.0,47.127278629766195,-51.77973972803552,-0.020141997575373577,54.802895872077386,50.160000000000004
YIELD,1.1999988629418628,55.00265003262016,-53.20055269885747,-1.5732426141160119,NO_PATH,0.0,0.0,47.127278629766195,-51.77973972803552,-0.020141997575373577,54.802895872077386,50.18
YIELD,1.1999989956125166,55.00259193645761,-53.22455260738946,-1.573189536364955,NO_PATH,0.0,0.0,47.127278629766195,-51.77973972803552,-0.020141997575373577,54.802895872077386,50.2
YIELD,1.1999989956137058,55.002535089511866,-53.248552519974425,-1.5731377834532008,NO_PATH,0.0,0.0,47.127278629766195,-51.77973972803552,-0.020141997575373577,54.80259193645761,50.220000000000006
YIELD,1.199999113572359,55.0024250783751,-53.296552356306606,-1.5730377249301457,NO_PATH,0.0,0.0,47.127278629766195,-51.77973972803552,-0.020141997575373577,54.80259193645761,50.241
YIELD,1.199999113572359,55.0024250783751,-53.296552356306606,-1.5730377249301457,NO_PATH,0.0,0.0,47.127278629766195,-51.77973972803552,-0.020141997575373577,54.80259193645761,50.260000000000005
YIELD,1.199999113572272,55.002371839159466,-53.32055227952529,-1.5729891059278953,NO_PATH,0.0,0.0,47.127278629766195,-51.77973972803552,-0.020141997575373577,54.80259193645761,50.28
YIELD,1.1999992680427212,55.00231973056977,-53.34455220785179,-1.5729442599332155,NO_PATH,0.0,0.0,47.127278629766195,-51.77973972803552,-0.020141997575373577,54.80259193645761,50.300000000000004
YIELD,1.1999992680418243,55.002268683898016,-53.36855213892388,-1.5729000797634005,NO_PATH,0.0,0.0,47.127278629766195,-51.77973972803552,-0.020141997575373577,54.80231973056977,50.32
YIELD,1.1999993266941282,55.00221869426322,-53.39255207280752,-1.5728568115140054,NO_PATH,0.0,0.0,47.127278629766195,-51.77973972803552,-0.020141997575373577,54.80231973056977,50.34
YIELD,1.199999351829466,55.00216971664179,-53.41655200986716,-1.572815236831103,NO_PATH,0.0,0.0,47.127278629766195,-51.77973972803552,-0.020141997575373577,54.80231973056977,50.36000000000001
YIELD,1.1999993518297738,55.00212173681019,-53.440551948942286,-1.5727736621482,NO_PATH,0.0,0.0,47.127278629766195,-51.77973972803552,-0.020141997575373577,54.80231973056977,50.38
YIELD,1.1999994266923324,55.00207472655594,-53.46455189143361,-1.572734561998651,NO_PATH,0.0,0.0,47.127278629766195,-51.77973972803552,-0.020141997575373577,54.80207472655594,50.400000000000006
YIELD,1.1999995143759734,55.00198351373991,-53.512551782701685,-1.5726579263071903,NO_PATH,0.0,0.0,47.127278629766195,-51.77973972803552,-0.020141997575373577,54.80207472655594,50.42
YIELD,1.1999995143759734,55.00198351373991,-53.512551782701685,-1.5726579263071903,NO_PATH,0.0,0.0,47.127278629766195,-51.77973972803552,-0.020141997575373577,54.80207472655594,50.440000000000005
YIELD,1.1999995241192278,55.001895824214685,-53.560551683557755,-1.5725866798198063,NO_PATH,0.0,0.0,47.127278629766195,-51.77973972803552,-0.020141997575373577,54.80207472655594,50.46
YIELD,1.1999995783462716,55.001853238046614,-53.58455163734056,-1.5725531476081398,NO_PATH,0.0,0.0,47.127278629766195,-51.77973972803552,-0.020141997575373577,54.80207472655594,50.481
YIELD,1.1999995783462716,55.001853238046614,-53.58455163734056,-1.5725531476081398,NO_PATH,0.0,0.0,47.127278629766195,-51.77973972803552,-0.020141997575373577,54.80207472655594,50.5
YIELD,1.1999995783463133,55.00181145665009,-53.60855159253788,-1.5725196153964718,NO_PATH,0.0,0.0,47.127278629766195,-51.77973972803552,-0.020141997575373577,nan,50.52
YIELD,1.1999996483324147,55.001730232243474,-53.65655150904054,-1.572456914480711,NO_PATH,0.0,0.0,47.127278629766195,-51.77973972803552,-0.020141997575373577,nan,50.541000000000004
YIELD,1.199999667779656,55.00169072622683,-53.68055146968559,-1.5724267270414767,NO_PATH,0.0,0.0,47.127278629766195,-51.77973972803552,-0.020141997575373577,nan,50.561
YIELD,1.199999667779656,55.00169072622683,-53.68055146968559,-1.5724267270414767,NO_PATH,0.0,0.0,47.127278629766195,-51.77973972803552,-0.020141997575373577,nan,50.580000000000005
YIELD,1.1999996872270493,55.0016519258815,-53.70455143206538,-1.5723978469043935,NO_PATH,0.0,0.0,47.127278629766195,-51.77973972803552,-0.020141997575373577,nan,50.6
YIELD,1.1999996872271221,55.001613818658385,-53.72855139555571,-1.5723689667673098,NO_PATH,0.0,0.0,47.127278629766195,-51.77973972803552,-0.020141997575373577,nan,50.623000000000005
YIELD,1.1999997373527995,55.00153959228238,-53.77655132745243,-1.5723155538216051,NO_PATH,0.0,0.0,47.127278629766195,-51.77973972803552,-0.020141997575373577,nan,50.64
YIELD,1.1999997539074265,55.00150343126975,-53.80055129512226,-1.5722895174739673,NO_PATH,0.0,0.0,47.127278629766195,-51.77973972803552,-0.020141997575373577,nan,50.660000000000004
YIELD,1.1999997539074265,55.00150343126975,-53.80055129512226,-1.5722895174739673,NO_PATH,0.0,0.0,47.127278629766195,-51.77973972803552,-0.020141997575373577,nan,50.68
YIELD,1.1999997649435046,55.00146788012684,-53.824551264089585,-1.5722644812092539,NO_PATH,0.0,0.0,47.127278629766195,-51.77973972803552,-0.020141997575373577,nan,50.7
YIELD,1.1999998013214854,55.00139856591398,-53.872551205218166,-1.5722160236791158,NO_PATH,0.0,0.0,47.127278629766195,-51.77973972803552,-0.020141997575373577,nan,50.720000000000006
YIELD,1.1999998013214854,55.00139856591398,-53.872551205218166,-1.5722160236791158,NO_PATH,0.0,0.0,47.127278629766195,-51.77973972803552,-0.020141997575373577,nan,50.74
YIELD,1.199999801322403,55.00136475560522,-53.89655117742872,-1.5721930061635085,NO_PATH,0.0,0.0,47.127278629766195,-51.77973972803552,-0.020141997575373577,nan,50.761
YIELD,1.1999998194191406,55.00133149513295,-53.92055115058856,-1.5721705267746449,NO_PATH,0.0,0.0,47.127278629766195,-51.77973972803552,-0.020141997575373577,nan,50.78
YIELD,1.1999998214305818,55.00129876311561,-53.944551124696154,-1.5721487050962446,NO_PATH,0.0,0.0,47.127278629766195,-51.77973972803552,-0.020141997575373577,nan,50.800000000000004
YIELD,1.1999998214299015,55.001266554817995,-53.9685510995123,-1.5721268834178437,NO_PATH,0.0,0.0,47.127278629766195,-51.77973972803552,-0.020141997575373577,nan,50.82
YIELD,1.199999839377449,55.00123485869105,-53.99255107535136,-1.5721061310546238,NO_PATH,0.0,0.0,47.127278629766195,-51.77973972803552,-0.020141997575373577,nan,50.84
YIELD,1.1999998630728466,55.00117295144983,-54.04055102926178,-1.5720656119845906,NO_PATH,0.0,0.0,47.127278629766195,-51.77973972803552,-0.020141997575373577,nan,50.86000000000001
YIELD,1.1999998630728466,55.00117295144983,-54.04055102926178,-1.5720656119845906,NO_PATH,0.0,0.0,47.127278629766195,-51.77973972803552,-0.020141997575373577,nan,50.88
YIELD,1.1999998630720539,55.001142706455155,-54.06455100746536,-1.572046503350054,NO_PATH,0.0,0.0,47.127278629766195,-51.77973972803552,-0.020141997575373577,nan,50.900000000000006
YIELD,1.1999998762679933,55.001083580390976,-54.11255096584704,-1.5720092773305983,TRACKING,0.0,0.0,47.127278629766195,-51.77973972803552,-0.020141997575373577,nan,50.92100000000001
YIELD,1.1999998762679933,55.001083580390976,-54.11255096584704,-1.5720092773305983,TRACKING,0.0,0.0,47.127278629766195,-51.77973972803552,-0.020141997575373577,nan,50.940000000000005
YIELD,1.1999998762682729,55.001054676664374,-54.136550945967386,-1.5719911127433166,TRACKING,0.0,0.02174923679179459,47.12756355822476,-51.779745468127224,-0.020141997461848398,nan,50.96
YIELD,1.19999989352936,55.000998130129396,-54.18455090831254,-1.5719570840757988,TRACKING,0.0284999998,0.05174923679240015,47.12844836344141,-51.77976329258459,-0.020141997347790087,nan,50.980000000000004
YIELD,1.1999998992392404,55.00097046335965,-54.20855089029306,-1.5719404652806335,TRACKING,0.0584999998,0.08128485632489268,47.129923527130124,-51.77979338946434,-0.020136057801014663,nan,51.0
YIELD,1.1999998992392404,55.00097046335965,-54.20855089029306,-1.5719404652806335,TRACKING,0.0884999998,0.111111597165899,47.131993469496436,-51.7798356521117,-0.02012196197889428,nan,51.02
YIELD,1.1999999030467976,55.000943187347964,-54.23255087285412,-1.5719243859910168,TRACKING,0.0884999998,0.13949558152140448,47.134632230421296,-51.77988941767447,-0.020094249644745973,nan,51.040000000000006
YIELD,1.1999999030455428,55.00091629723896,-54.256550855850655,-1.5719083067014024,TRACKING,0.1185,0.16969809106211284,47.137872070288324,-51.77995504395175,-0.02004894660098671,nan,51.06
YIELD,1.199999915588748,55.000863634052926,-54.30455082353253,-1.5718780850554004,TRACKING,0.177,0.20008235250390174,47.14171964624133,-51.780032348136594,-0.019986259882834076,nan,51.080000000000005
YIELD,1.199999915588748,55.000863634052926,-54.30455082353253,-1.5718780850554004,TRACKING,0.207,0.23010133796944296,47.1461708560922,-51.780121275137446,-0.01990806405294036,nan,51.1
YIELD,1.1999999197547078,55.00083784233082,-54.32855080802713,-1.5718632709211062,TRACKING,0.207,0.2598511014761107,47.15121927563223,-51.780221795213684,-0.019816243134417048,nan,51.120000000000005
YIELD,1.19999992253339,55.000812399529764,-54.352550792991394,-1.571848897976528,TRACKING,0.237,0.28981065769284575,47.156864888286016,-51.78033373421772,-0.019712474596542316,nan,51.14
YIELD,1.1999999225324378,55.00078730167917,-54.37655077831887,-1.57183452503195,TRACKING,0.297,0.3198677943994776,47.16310993785771,-51.78045686023725,-0.019598263498636477,nan,51.160000000000004
YIELD,1.1999999316935537,55.00073810580011,-54.424550750346874,-1.5718074008524117,TRACKING,0.327,0.3499087218144589,47.169955636479074,-51.78059095260285,-0.019474848923523913,nan,51.18
YIELD,1.1999999316935537,55.00073810580011,-54.424550750346874,-1.5718074008524117,TRACKING,0.327,0.3799314663686734,47.177401898215145,-51.78073580617736,-0.01934331361065194,nan,51.2
YIELD,1.1999999352130415,55.00071399324852,-54.44855073690293,-1.5717940817151737,TRACKING,0.387,0.40994057690185937,47.1854485283115,-51.78089121208831,-0.019204518704972265,nan,51.220000000000006
YIELD,1.1999999367226177,55.00066670895624,-54.49655071108083,-1.5717681016401561,TRACKING,0.387,0.4404568926349428,47.19410253720115,-51.781056951714284,-0.019059103182083606,nan,51.24
YIELD,1.1999999367226177,55.00066670895624,-54.49655071108083,-1.5717681016401561,TRACKING,0.447,0.47061627266211076,47.20336385149739,-51.78123281909437,-0.018907375536898783,nan,51.260000000000005
YIELD,1.199999943318332,55.000620642360914,-54.544550686693626,-1.5717434434471282,TRACKING,0.477,0.5006152013169664,47.213225184535695,-51.78141855225809,-0.018749649107969394,nan,51.281000000000006
YIELD,0.2399999886642069,55.00060705256925,-54.558950679600834,-1.5717360668610405,TRACKING,0.507,0.530621890840372,47.22368650304301,-51.781613907791794,-0.01858646895724737,nan,51.300000000000004
CRUISE,0.2399999886642069,55.00060705256925,-54.558950679600834,-1.5717360668610405,TRACKING,0.507,0.5606338743091194,47.23474793128377,-51.7818186376066,-0.018418279523751163,nan,51.32
CRUISE,0.0,55.00060705256925,-54.558950679600834,-1.5717360668610405,TRACKING,0.567,0.5906493686751485,47.24640955446448,-51.78203248814851,-0.018245449059475154,nan,51.34
CRUISE,0.0,55.00060705256925,-54.558950679600834,-1.5717360668610405,TRACKING,0.597,0.620741081376105,47.258672955819875,-51.7822552269912,-0.018067886015052173,nan,51.36000000000001
CRUISE,0.0,55.00060705256925,-54.558950679600834,-1.5717360668610405,TRACKING,0.627,0.6506237340197557,47.2715338995224,-51.78248650738903,-0.01788616844247828,nan,51.38
CRUISE,0.0,55.00060705256925,-54.558950679600834,-1.5717360668610405,TRACKING,0.627,0.680779351872696,47.28499783420148,-51.78272616092477,-0.017700582579929045,nan,51.400000000000006
CRUISE,0.0,55.00060705256925,-54.558950679600834,-1.5717360668610405,TRACKING,0.687,0.7107794561196153,47.299061806048584,-51.78297385466532,-0.017510657084406786,nan,51.42
CRUISE,0.0,55.00060705256925,-54.558950679600834,-1.5717360668610405,TRACKING,0.717,0.7407860362801837,47.31372581461275,-51.783229302403484,-0.01731676889561607,nan,51.440000000000005
CRUISE,0.0,55.00060705256925,-54.558950679600834,-1.5717360668610405,TRACKING,0.717,0.770869689561858,47.32899146206479,-51.783492241422564,-0.017118825980995907,nan,51.46
CRUISE,0.0,55.00060705256925,-54.558950679600834,-1.5717360668610405,TRACKING,0.777,0.8008620419880987,47.34485694104131,-51.783762339194375,-0.016916769224230795,nan,51.480000000000004
CRUISE,0.0,55.00060705256925,-54.558950679600834,-1.5717360668610405,TRACKING,0.777,0.8308625896546997,47.36132234468766,-51.78403929301309,-0.016711010737154613,nan,51.5
CRUISE,0.0,55.00060705256925,-54.558950679600834,-1.5717360668610405,TRACKING,0.837,0.8608685358509007,47.37838779852968,-51.78432279986373,-0.016501869653096794,nan,51.52
CRUISE,0.0,55.00060705256925,-54.558950679600834,-1.5717360668610405,TRACKING,0.837,0.8908779667253496,47.3960533858289,-51.78461255462733,-0.016289598685773073,nan,51.540000000000006
CRUISE,0.0,55.00060705256925,-54.558950679600834,-1.5717360668610405,TRACKING,0.897,0.9209592919102677,47.414320598134125,-51.784908271194254,-0.016074031744458414,nan,51.56
CRUISE,0.0,55.00060705256925,-54.558950679600834,-1.5717360668610405,TRACKING,0.897,0.9509516678505167,47.43318767098596,-51.785209599320254,-0.015855055821441838,nan,51.580000000000005
CRUISE,0.0,55.00060705256925,-54.558950679600834,-1.5717360668610405,TRACKING,0.957,0.9809516020826441,47.45265468600822,-51.78551621670204,-0.0156330235610885,nan,51.6
CRUISE,0.0,55.00060705256925,-54.558950679600834,-1.5717360668610405,TRACKING,0.957,1.0109564419788668,47.47272175735233,-51.78582780190378,-0.01540820321644906,nan,51.621
CRUISE,0.0,55.00060705256925,-54.558950679600834,-1.5717360668610405,TRACKING,0.987,1.0394756301099046,47.49336199865182,-51.78614362321463,-0.015181129507683128,nan,51.64
CRUISE,0.0,55.00060705256925,-54.558950679600834,-1.5717360668610405,TRACKING,1.0455,1.06951218130933,47.5146001767615,-51.78646374380258,-0.014951404275050685,nan,51.660000000000004
CRUISE,0.0,55.00060705256925,-54.558950679600834,-1.5717360668610405,TRACKING,1.0755,1.0995112130930027,47.536438339764395,-51.78678786229126,-0.014719040283617537,nan,51.68
CRUISE,0.0,55.00060705256925,-54.558950679600834,-1.5717360668610405,TRACKING,1.1055,1.1295178625303528,47.558876616232276,-51.78711564669583,-0.014484261687092879,nan,51.7
CRUISE,0.0,55.00060705256925,-54.558950679600834,-1.5717360668610405,TRACKING,1.1055,1.1595240839709402,47.58191500940056,-51.78744676300811,-0.014247239242443309,nan,51.720000000000006
CRUISE,0.0,55.00060705256925,-54.558950679600834,-1.5717360668610405,TRACKING,1.1655,1.1895325489158708,47.605553570090514,-51.78778087755734,-0.014008123436291228,nan,51.74
CRUISE,0.0,55.00060705256925,-54.558950679600834,-1.5717360668610405,TRACKING,1.1955,1.2195556710544757,47.62979260710222,-51.78811765908296,-0.01376696444858002,nan,51.760000000000005
CRUISE,0.0,55.00060705256925,-54.558950679600834,-1.5717360668610405,TRACKING,1.2255,1.2495604425424485,47.654631759455235,-51.78845676379592,-0.01352381754843112,nan,51.781000000000006
CRUISE,0.0,55.00060705256925,-54.558950679600834,-1.5717360668610405,TRACKING,1.2555,1.279567668997092,47.680071065602746,-51.788797852807015,-0.013278823677682692,nan,51.800000000000004
CRUISE,0.0,55.00060705256925,-54.558950679600834,-1.5717360668610405,TRACKING,1.2855,1.309466296837219,47.706108294043226,-51.789140561661895,-0.013032671243902264,nan,51.82
CRUISE,0.0,55.00060705256925,-54.558950679600834,-1.5717360668610405,TRACKING,1.3155,1.3396201998248705,47.73274840844587,-51.7894846367608,-0.012785403248606306,nan,51.84
CRUISE,0.0,55.00060705256925,-54.558950679600834,-1.5717360668610405,TRACKING,1.3455,1.3681458081335136,47.75997067121991,-51.789829701162475,-0.012536385748353838,nan,51.86000000000001
CRUISE,0.0,55.00060705256925,-54.558950679600834,-1.5717360668610405,TRACKING,1.3755,1.3978845310917558,47.787776009977506,-51.79017541477232,-0.012285864113668388,nan,51.88
CRUISE,0.0,55.00060705256925,-54.558950679600834,-1.5717360668610405,TRACKING,1.4055,1.4279841410627223,47.816183462067855,-51.79052141254371,-0.01203440396768359,nan,51.900000000000006
CRUISE,0.0,55.00060705256925,-54.558950679600834,-1.5717360668610405,TRACKING,1.4355,1.457835392895245,47.845188000246196,-51.79086743357116,-0.011782003040618948,nan,51.92100000000001
CRUISE,0.0,55.00060705256925,-54.558950679600834,-1.5717360668610405,TRACKING,1.4655,1.4879947484128115,47.87479563405952,-51.79121298092439,-0.011528710211722703,nan,51.940000000000005
CRUISE,0.0,55.00060705256925,-54.558950679600834,-1.5717360668610405,TRACKING,1.4655,1.5178367530762618,47.90500035231819,-51.79155756882597,-0.011274994359836383,nan,51.96
CRUISE,0.0,55.00060705256925,-54.558950679600834,-1.5717360668610405,TRACKING,1.4955,1.5478328015993104,47.935804918879356,-51.791901163587326,-0.0110199320270201,nan,51.980000000000004
CRUISE,0.0,55.00060705256925,-54.558950679600834,-1.5717360668610405,TRACKING,1.5555,1.577826090164962,47.9672094161069,-51.79224342020141,-0.010763625051699128,nan,52.0
CRUISE,0.0,55.00060705256925,-54.558950679600834,-1.5717360668610405,TRACKING,1.5555,1.6079211154346502,47.999215937405175,-51.79258401999622,-0.01050663529345062,nan,52.02
CRUISE,0.0,55.00060705256925,-54.558950679600834,-1.5717360668610405,TRACKING,1.6155,1.6377796182844113,48.03181969813852,-51.792922589117886,-0.010248972241255833,nan,52.040000000000006
CRUISE,0.0,55.00060705256925,-54.558950679600834,-1.5717360668610405,TRACKING,1.6455,1.6678763695809977,48.06502539910831,-51.793258834361545,-0.009990377778734919,nan,52.06
CRUISE,0.0,55.00060705256925,-54.558950679600834,-1.5717360668610405,TRACKING,1.6755,1.6979549798628533,48.09883278547066,-51.793592428269406,-0.009731892495663079,nan,52.080000000000005
CRUISE,0.0,55.00060705256925,-54.558950679600834,-1.5717360668610405,TRACKING,1.7055,1.7278022499266241,48.13323725529653,-51.79392302408839,-0.009473374655332852,nan,52.101000000000006
CRUISE,0.0,55.00060705256925,-54.558950679600834,-1.5717360668610405,TRACKING,1.7055,1.7577947226348365,48.16824150588652,-51.79425031844499,-0.009213966474007034,nan,52.120000000000005
CRUISE,0.0,55.00060705256925,-54.558950679600834,-1.5717360668610405,TRACKING,1.7655,1.7880815657834457,48.20385055121363,-51.79457403016449,-0.008954835006371346,nan,52.14
CRUISE,0.0,55.00060705256925,-54.558950679600834,-1.5717360668610405,TRACKING,1.7655,1.8174688386649176,48.2400527890601,-51.79489382693553,-0.00869733413423724,nan,52.160000000000004
CRUISE,0.0,55.00060705256925,-54.558950679600834,-1.5717360668610405,TRACKING,1.8255,1.8471329395156537,48.27684420153135,-51.79520942540284,-0.008439972321080019,nan,52.18
CRUISE,0.0,55.00060705256925,-54.558950679600834,-1.5717360668610405,TRACKING,1.8555,1.877131162925699,48.31423566007412,-51.79552052741411,-0.008181885024198015,nan,52.2
CRUISE,0.0,55.00060705256925,-54.558950679600834,-1.5717360668610405,TRACKING,1.8555,1.9071322594078282,48.35222719632995,-51.79582679728396,-0.007923092975637537,nan,52.220000000000006
CRUISE,0.0,55.00060705256925,-54.558950679600834,-1.5717360668610405,TRACKING,1.8855,1.937133800342289,48.390818822774456,-51.79612789780125,-0.007663599875866127,nan,52.24
CRUISE,0.0,55.00060705256925,-54.558950679600834,-1.5717360668610405,TRACKING,1.9455,1.9669703594499857,48.43000706400638,-51.796423528921196,-0.007404307629673753,nan,52.260000000000005
CRUISE,0.0,55.00060705256925,-54.558950679600834,-1.5717360668610405,TRACKING,1.9455,1.9970297087381104,48.46979642156568,-51.796713376601055,-0.007146012670205361,nan,52.28
CRUISE,0.0,55.00060705256925,-54.558950679600834,-1.5717360668610405,TRACKING,1.9755,2.027071916895147,48.510186747140345,-51.79699716257755,-0.006888263078188479,nan,52.300000000000004
CRUISE,0.0,55.00060705256925,-54.558950679600834,-1.5717360668610405,TRACKING,2.0355,2.0577509353712453,48.551185781210066,-51.79727459465013,-0.006630716305634025,nan,52.32
CRUISE,0.0,55.00060705256925,-54.558950679600834,-1.5717360668610405,TRACKING,2.0655,2.087806512180261,48.59279103635474,-51.79754536838596,-0.006373165653632788,nan,52.34
CRUISE,0.0,55.00060705256925,-54.558950679600834,-1.5717360668610405,TRACKING,2.0955,2.1180075620951264,48.63500047788957,-51.79780921386985,-0.006116541279584256,nan,52.36000000000001
CRUISE,0.0,55.00060705256925,-54.558950679600834,-1.5717360668610405,TRACKING,2.1255,2.147941046227171,48.67780878112444,-51.798065856572194,-0.005861727002312798,nan,52.38
CRUISE,0.0,55.00060705256925,-54.558950679600834,-1.5717360668610405,TRACKING,2.1555,2.1779851869925326,48.721217985420644,-51.79831507200446,-0.005608519835118878,nan,52.400000000000006
CRUISE,0.0,55.00060705256925,-54.558950679600834,-1.5717360668610405,TRACKING,2.1855,2.2078351683776773,48.765224188027105,-51.79855660142185,-0.005356425571920677,nan,52.42
CRUISE,0.0,55.00060705256925,-54.558950679600834,-1.5717360668610405,TRACKING,2.2155,2.237817269838336,48.809829940264414,-51.79879018025042,-0.005104466796800545,nan,52.441
CRUISE,0.0,55.00060705256925,-54.558950679600834,-1.5717360668610405,TRACKING,2.2455,2.2680593678100287,48.85504070967429,-51.79901565819408,-0.004853696157418339,nan,52.46
CRUISE,0.0,55.00060705256925,-54.558950679600834,-1.5717360668610405,TRACKING,2.2455,2.2980730730677346,48.9008520243165,-51.799232717180395,-0.004605626989280815,nan,52.480000000000004
CRUISE,0.0,55.00060705256925,-54.558950679600834,-1.5717360668610405,TRACKING,2.2755,2.3279472285762592,48.94726037827464,-51.799441162875034,-0.004359471944735138,nan,52.5
CRUISE,0.0,55.00060705256925,-54.558950679600834,-1.5717360668610405,TRACKING,2.3055,2.3596166331302806,48.99429612190392,-51.79964074174688,-0.004113967092649937,nan,52.521
CRUISE,0.0,55.00060705256925,-54.558950679600834,-1.5717360668610405,TRACKING,2.3655,2.3896415612742525,49.041938491364064,-51.799831182719096,-0.0038689036202498475,nan,52.540000000000006
CRUISE,0.0,55.00060705256925,-54.558950679600834,-1.5717360668610405,TRACKING,2.3655,2.41928338826096,49.090173552980495,-51.80001220633179,-0.0036260155638264614,nan,52.56
CRUISE,0.0,55.00060705256925,-54.558950679600834,-1.5717360668610405,TRACKING,2.3955,2.449479932273247,49.13901239513491,-51.800183717098285,-0.0033863265975961963,nan,52.580000000000005
CRUISE,0.0,55.00060705256925,-54.558950679600834,-1.5717360668610405,TRACKING,2.4255,2.479531977171866,49.188452530377276,-51.80034553226198,-0.003148354728994641,nan,52.6
CRUISE,0.0,55.00060705256925,-54.558950679600834,-1.5717360668610405,TRACKING,2.4555,2.509570108658862,49.23849353561919,-51.80049743572989,-0.002911564931060386,nan,52.620000000000005
CRUISE,0.0,55.00060705256925,-54.558950679600834,-1.5717360668610405,TRACKING,2.5155,2.539599896436475,49.289135222254394,-51.80063919183774,-0.002675571276925565,nan,52.64
CRUISE,0.0,55.00060705256925,-54.558950679600834,-1.5717360668610405,TRACKING,2.5155,2.569277224438957,49.34037031835419,-51.80077055827273,-0.002441853648104878,nan,52.660000000000004
CRUISE,0.0,55.00060705256925,-54.558950679600834,-1.5717360668610405,TRACKING,2.5455,2.599396287717503,49.39220762223756,-51.800891445322556,-0.0022116094751954184,nan,52.68000000000001
CRUISE,0.0,55.00060705256925,-54.558950679600834,-1.5717360668610405,TRACKING,2.5755,2.6294607019432505,49.44464639852888,-51.8010017233274,-0.0019837081165843757,nan,52.7
CRUISE,0.0,55.00060705256925,-54.558950679600834,-1.5717360668610405,TRACKING,2.6055,2.659506679807583,49.49768621137089,-51.801101221854076,-0.0017574678225923787,nan,52.720000000000006
CRUISE,0.0,55.00060705256925,-54.558950679600834,-1.5717360668610405,TRACKING,2.6655,2.6895414306938665,49.55132680785437,-51.8011897434532,-0.0015323966665261415,nan,52.74
CRUISE,0.0,55.00060705256925,-54.558950679600834,-1.5717360668610405,TRACKING,2.6955,2.719208764951693,49.605560604195574,-51.80126708915551,-0.001309958480174007,nan,52.760000000000005
CRUISE,0.0,55.00060705256925,-54.558950679600834,-1.5717360668610405,TRACKING,2.6955,2.7481935702109146,49.660383047706034,-51.80133320487749,-0.0010914969248608237,nan,52.78
CRUISE,0.0,55.00060705256925,-54.558950679600834,-1.5717360668610405,TRACKING,2.7255,2.778105264046797,49.71579552067,-51.80138801246793,-0.0008758853641318032,nan,52.800000000000004
CRUISE,0.0,55.00060705256925,-54.558950679600834,-1.5717360668610405,TRACKING,2.7855,2.808051872230459,49.771806825985394,-51.80143137160603,-0.0006623115149787392,nan,52.82
CRUISE,0.0,55.00060705256925,-54.558950679600834,-1.5717360668610405,TRACKING,2.8155,2.8380115643336126,49.82841725501726,-51.801463145336136,-0.00045019588312181176,nan,52.84
CRUISE,0.0,55.00060705256925,-54.558950679600834,-1.5717360668610405,TRACKING,2.8155,2.8683677748989025,49.88563498837267,-51.80148318476889,-0.00024102702864579097,nan,52.86000000000001
CRUISE,0.0,55.00060705256925,-54.558950679600834,-1.5717360668610405,TRACKING,2.8755,2.89825169722933,49.94345063064935,-51.801491467627464,-3.624444492663622e-05,nan,52.88
CRUISE,0.0,55.00060705256925,-54.558950679600834,-1.5717360668610405,TRACKING,2.8755,2.9281704905103747,50.001864499313044,-51.80148796715763,0.00016537737934011097,nan,52.900000000000006
CRUISE,0.0,55.00060705256925,-54.558950679600834,-1.5717360668610405,TRACKING,2.9055,2.957395858877266,50.06086652458908,-51.80147260165592,0.0003646598759827225,nan,52.92
CRUISE,0.0,55.00060705256925,-54.558950679600834,-1.5717360668610405,TRACKING,2.9655,2.987452971001705,50.12046527477514,-51.80144525194436,0.000562244682971191,nan,52.941
CRUISE,0.0,55.00060705256925,-54.558950679600834,-1.5717360668610405,TRACKING,2.9955,3.012024219914513,50.18057661799172,-51.80140613443625,0.0007322388914300106,nan,52.96
CRUISE,0.0,55.00060705256925,-54.558950679600834,-1.5717360668610405,TRACKING,3.0255,3.044216101005129,50.24130103705231,-51.801357978778235,0.0008472318063853758,nan,52.980000000000004
CRUISE,0.0,55.00060705256925,-54.558950679600834,-1.5717360668610405,TRACKING,3.0555,3.075694342040136,50.30265823406722,-51.8013034702326,0.0009247611242312634,nan,53.0
CRUISE,0.0,55.00060705256925,-54.558950679600834,-1.5717360668610405,TRACKING,3.0855,3.1066912173687706,50.3646375353148,-51.80124443047575,0.0009770276853966553,nan,53.02
CRUISE,0.0,55.00060705256925,-54.558950679600834,-1.5717360668610405,TRACKING,3.0855,3.136676380911578,50.4272176593187,-51.801182152835935,0.0010085104283173792,nan,53.040000000000006
CRUISE,0.0,55.00060705256925,-54.558950679600834,-1.5717360668610405,TRACKING,3.1455,3.1682177869635804,50.49042830502785,-51.80111783470878,0.0010253801299582796,nan,53.06
CRUISE,0.0,55.00060705256925,-54.558950679600834,-1.5717360668610405,TRACKING,3.1755,3.198403565277571,50.554245587571806,-51.80105201386126,0.0010367341742824434,nan,53.080000000000005
CRUISE,0.0,55.00060705256925,-54.558950679600834,-1.5717360668610405,TRACKING,3.1755,3.228516489215286,50.61866537320165,-51.80098496663036,0.0010443855044420711,nan,53.101000000000006
CRUISE,0.0,55.00060705256925,-54.558950679600834,-1.5717360668610405,TRACKING,3.2055,3.2585924751352766,50.68368684494127,-51.80091688161739,0.0010495454077270009,nan,53.120000000000005
CRUISE,0.0,55.00060705256925,-54.558950679600834,-1.5717360668610405,TRACKING,3.2655,3.2886440117445046,50.74930945643941,-51.80084788695057,0.0010530238752915202,nan,53.14
CRUISE,0.0,55.00060705256925,-54.558950679600834,-1.5717360668610405,TRACKING,3.2955,3.318678823146866,50.81553283905372,-51.8007780701365,0.0010553671995722825,nan,53.160000000000004
CRUISE,0.0,55.00060705256925,-54.558950679600834,-1.5717360668610405,TRACKING,3.3255,3.3487023563392393,50.88235674268337,-51.800707490817416,0.0010569456285670106,nan,53.18000000000001
CRUISE,0.0,55.00060705256925,-54.558950679600834,-1.5717360668610405,TRACKING,3.3255,3.378718275593884,50.94978099880759,-51.800636189437434,0.0010580081490343255,nan,53.2
CRUISE,0.0,55.00060705256925,-54.558950679600834,-1.5717360668610405,TRACKING,3.3555,3.408729012933309,51.017805492530115,-51.80056419337129,0.0010587239168722935,nan,53.220000000000006
CRUISE,0.0,55.00060705256925,-54.558950679600834,-1.5717360668610405,TRACKING,3.4155,3.4387362557816896,51.08643014652136,-51.80049152136617,0.001059206087207018,nan,53.24
CRUISE,0.0,55.00060705256925,-54.558950679600834,-1.5717360668610405,TRACKING,3.4155,3.4687411191976913,51.15565490817748,-51.80041818617723,0.0010595309003840988,nan,53.260000000000005
CRUISE,0.0,55.00060705256925,-54.558950679600834,-1.5717360668610405,TRACKING,3.4755,3.498744354809363,51.22547974156802,-51.80034419647991,0.0010597496888015963,nan,53.28
CRUISE,0.0,55.00060705256925,-54.558950679600834,-1.5717360668610405,TRACKING,3.5055,3.5287464676202687,51.29590462196071,-51.8002695581748,0.0010598970853020878,nan,53.300000000000004
CRUISE,0.0,55.00060705256925,-54.558950679600834,-1.5717360668610405,TRACKING,3.5355,3.558747803522537,51.36692953225583,-51.800194275273334,0.0010599964083462781,nan,53.32
CRUISE,0.0,55.00060705256925,-54.558950679600834,-1.5717360668610405,TRACKING,3.5655,3.588748601303402,51.43855446061118,-51.800118350485995,0.0010600632987608693,nan,53.34
CRUISE,0.0,55.00060705256925,-54.558950679600834,-1.5717360668610405,TRACKING,3.5955,3.61874907034925,51.51077939940435,-51.80004178566113,0.001060108346023848,nan,53.36000000000001
CRUISE,0.0,55.00060705256925,-54.558950679600834,-1.5717360668610405,TRACKING,3.6255,3.6487492359011258,51.58360434300386,-51.79996458207965,0.00106013869871457,nan,53.38
CRUISE,0.0,55.00060705256925,-54.558950679600834,-1.5717360668610405,TRACKING,3.6255,3.67874923598477,51.65702928646135,-51.79988674059218,0.0010601591514927497,nan,53.401
CRUISE,0.0,55.00060705256925,-54.558950679600834,-1.5717360668610405,TRACKING,3.6855,3.7087492360410224,51.73105422958159,-51.79980826176998,0.0010601729402383863,nan,53.42
CRUISE,0.0,55.00060705256925,-54.558950679600834,-1.5717360668610405,TRACKING,3.7155,3.73874923607938,51.80567917236459,-51.79972914600153,0.0010601822432577297,nan,53.440000000000005
CRUISE,0.0,55.00060705256925,-54.558950679600834,-1.5717360668610405,TRACKING,3.7155,3.7687492085984635,51.880904114531724,-51.79964939355176,0.0010601885279710116,nan,53.46
CRUISE,0.0,55.00060705256925,-54.558950679600834,-1.5717360668610405,TRACKING,3.7455,3.798749120078848,51.95672905478989,-51.79956900460489,0.0010601927852303425,nan,53.480000000000004
CRUISE,0.0,55.00060705256925,-54.558950679600834,-1.5717360668610405,TRACKING,3.7755,3.8287488860844787,52.03315399069563,-51.79948797927698,0.0010601956749019118,nan,53.5
CRUISE,0.0,55.00060705256925,-54.558950679600834,-1.5717360668610405,TRACKING,3.8055,3.8587487532304765,52.11017892297217,-51.79940631764806,0.0010601976428201555,nan,53.52
CRUISE,0.0,55.00060705256925,-54.558950679600834,-1.5717360668610405,TRACKING,3.8655,3.888748756403589,52.18780385428311,-51.79932401977381,0.0010601989909566076,nan,53.540000000000006
CRUISE,0.0,55.00060705256925,-54.558950679600834,-1.5717360668610405,TRACKING,3.8955,3.918748900478305,52.26602878743349,-51.79924108569164,0.00106019992273516,nan,53.56
CRUISE,0.0,55.00060705256925,-54.558950679600834,-1.5717360668610405,TRACKING,3.9255,3.9487491691163092,52.34485372506677,-51.799157515426444,0.0010602005750406083,nan,53.580000000000005
CRUISE,0.0,55.00060705256925,-54.558950679600834,-1.5717360668610405,TRACKING,3.9255,3.978749236157075,52.42427866511119,-51.799073308993144,0.0010602010370138288,nan,53.6
CRUISE,0.0,55.00060705256925,-54.558950679600834,-1.5717360668610405,TRACKING,3.9555,4.008749236157397,52.50430360485922,-51.79898846640781,0.0010602013724882841,nan,53.620000000000005
CRUISE,0.0,55.00060705256925,-54.558950679600834,-1.5717360668610405,TRACKING,3.9855,4.0387492361587665,52.58492854427004,-51.798902987678495,0.0010602016231086053,nan,53.64
CRUISE,0.0,55.00060705256925,-54.558950679600834,-1.5717360668610405,TRACKING,4.0455,4.0687492361591735,52.66615348334365,-51.798816872810455,0.0010602018167989705,nan,53.660000000000004
CRUISE,0.0,55.00060705256925,-54.558950679600834,-1.5717360668610405,TRACKING,4.0755,4.098749236158703,52.74797842208001,-51.79873012180721,0.0010602019723389025,nan,53.68000000000001
CRUISE,0.0,55.00060705256925,-54.558950679600834,-1.5717360668610405,TRACKING,4.1055,4.12874923615812,52.830403360479146,-51.79864273467113,0.0010602021023584404,nan,53.701
CRUISE,0.0,55.00060705256925,-54.558950679600834,-1.5717360668610405,TRACKING,4.1355,4.15874908069528,52.91342829682386,-51.79855471140098,0.0010602022126207596,nan,53.720000000000006
CRUISE,0.0,55.00060705256925,-54.558950679600834,-1.5717360668610405,TRACKING,4.1655,4.188748776750204,52.997053226697574,-51.79846605199831,0.0010602023072036786,nan,53.74
CRUISE,0.0,55.00060705256925,-54.558950679600834,-1.5717360668610405,TRACKING,4.1955,4.218748630410437,53.08127815249189,-51.798376756465636,0.0010602023920928095,nan,53.760000000000005
CRUISE,0.0,55.00060705256925,-54.558950679600834,-1.5717360668610405,TRACKING,4.1955,4.248682724754083,53.166102418285,-51.79828682550434,0.0010602024722980825,nan,53.78
CRUISE,0.0,55.00060705256925,-54.558950679600834,-1.5717360668610405,TRACKING,4.25484,4.276459958137831,53.25148285857065,-51.7981963048846,0.0010602025521534728,nan,53.800000000000004
CRUISE,0.0,55.00060705256925,-54.558950679600834,-1.5717360668610405,TRACKING,4.28205,4.303571294283463,53.337406514550324,-51.7981052083473,0.0010602026338736295,nan,53.82
CRUISE,0.0,55.00060705256925,-54.558950679600834,-1.5717360668610405,TRACKING,4.30866,4.33006400226041,53.423861199110036,-51.79801354881064,0.0010602027178977214,nan,53.84
CRUISE,0.0,55.00060705256925,-54.558950679600834,-1.5717360668610405,TRACKING,4.3346832,4.355976289972375,53.51083523825499,-51.79792133864567,0.0010602028014798596,nan,53.86000000000001
CRUISE,0.0,55.00060705256925,-54.558950679600834,-1.5717360668610405,TRACKING,4.3601622,4.381295657076098,53.598317260785485,-51.7978285899082,0.001060202885006147,nan,53.88
CRUISE,0.0,55.00060705256925,-54.558950679600834,-1.5717360668610405,TRACKING,4.385109,4.406086344378968,53.68629665790947,-51.797735313845635,0.0010602029687429512,nan,53.900000000000006
CRUISE,0.0,55.00060705256925,-54.558950679600834,-1.5717360668610405,TRACKING,4.40953534,4.4301519589350775,53.77476097426648,-51.79764152366338,0.0010602030529684723,nan,53.92100000000001
CRUISE,0.0,55.00060705256925,-54.558950679600834,-1.5717360668610405,TRACKING,4.43295316,4.452577823413348,53.8636702278277,-51.79754726175092,0.0010602031388252445,nan,53.940000000000005
CRUISE,0.0,55.00060705256925,-54.558950679600834,-1.5717360668610405,TRACKING,4.45637098,4.476791909517511,53.95306929613519,-51.79745248052452,0.0010602032248346902,nan,53.96
CRUISE,0.0,55.00060705256925,-54.558950679600834,-1.5717360668610405,TRACKING,4.47930027,4.499529864701724,54.042925034282995,-51.79735721512496,0.0010602033106761612,nan,53.980000000000004
CRUISE,0.0,55.00060705256925,-54.558950679600834,-1.5717360668610405,TRACKING,4.50176121,4.5215274301347765,54.13322535659279,-51.79726147836867,0.0010602033973116205,nan,54.0
CRUISE,0.0,55.00060705256925,-54.558950679600834,-1.5717360668610405,TRACKING,4.5232952,4.542258029549865,54.22393482724966,-51.797165307825566,0.001060203484558087,nan,54.02
CRUISE,0.0,55.00060705256925,-54.558950679600834,-1.5717360668610405,TRACKING,4.5232952,4.564371157728875,54.31509427053533,-51.797068660215835,0.0010602035732668776,nan,54.040000000000006
CRUISE,0.0,55.00060705256925,-54.558950679600834,-1.5717360668610405,TRACKING,4.56591397,4.585206064530906,54.406672912550626,-51.79697156816198,0.001060203661366703,nan,54.06
CRUISE,0.0,55.00060705256925,-54.558950679600834,-1.5717360668610405,TRACKING,4.58656807,4.605601774509362,54.49866205239482,-51.796874040888724,0.0010602037499237332,nan,54.080000000000005
CRUISE,0.0,55.00060705256925,-54.558950679600834,-1.5717360668610405,TRACKING,4.60679148,4.625572194763396,54.59105313037656,-51.796776087470924,0.0010602038388817167,nan,54.1
CRUISE,0.0,55.00060705256925,-54.558950679600834,-1.5717360668610405,TRACKING,4.6265932,4.644526010837772,54.683818264278386,-51.79667773746926,0.0010602039281692886,nan,54.120000000000005
CRUISE,0.0,55.00060705256925,-54.558950679600834,-1.5717360668610405,TRACKING,4.64598184,4.664198127760012,54.77697400551645,-51.7965789733352,0.0010602040175712322,nan,54.14
CRUISE,0.0,55.00060705256925,-54.558950679600834,-1.5717360668610405,TRACKING,4.66591522,4.683191906216917,54.87053251548604,-51.796479782171176,0.0010602041045968292,nan,54.160000000000004
CRUISE,0.0,55.00060705256925,-54.558950679600834,-1.5717360668610405,TRACKING,4.68357395,4.701263759511573,54.9644483275393,-51.79638021217893,0.0010602041887961748,nan,54.18000000000001
CRUISE,0.0,55.00060705256925,-54.558950679600834,-1.5717360668610405,TRACKING,4.68357395,4.719165256333519,55.05872515669636,-51.796280259420364,0.0010602042688607216,nan,54.2
CRUISE,0.0,55.00060705256925,-54.558950679600834,-1.5717360668610405,TRACKING,4.71957601,4.736684448637275,55.153355194708325,-51.796179932183335,0.0010602043513430327,nan,54.220000000000006
CRUISE,0.0,55.00060705256925,-54.558950679600834,-1.5717360668610405,TRACKING,4.73702453,4.7538418885046045,55.24833129448583,-51.79607923804934,0.0010602044380543592,nan,54.24
CRUISE,0.0,55.00060705256925,-54.558950679600834,-1.5717360668610405,TRACKING,4.75410904,4.770641663403114,55.34364624084555,-51.795978184667376,0.0010602045286253919,nan,54.260000000000005
CRUISE,0.0,55.00060705256925,-54.558950679600834,-1.5717360668610405,TRACKING,4.77083752,4.787078935590734,55.4392928448103,-51.79587677965309,0.0010602046204024472,nan,54.28
CRUISE,0.0,55.00060705256925,-54.558950679600834,-1.5717360668610405,TRACKING,4.78721703,4.803150941138371,55.53526396374209,-51.795775030577865,0.0010602047126343445,nan,54.301
CRUISE,0.0,55.00060705256925,-54.558950679600834,-1.5717360668610405,TRACKING,4.80325485,4.818887664660083,55.63155282792171,-51.79567294461895,0.0010602048053658982,nan,54.32
CRUISE,0.0,55.00060705256925,-54.558950679600834,-1.5717360668610405,TRACKING,4.8189581,4.834296099699415,55.7281528087721,-51.79557052880394,0.0010602048986316653,nan,54.34
CRUISE,0.0,55.00060705256925,-54.558950679600834,-1.5717360668610405,TRACKING,4.83433376,4.849383064765439,55.82505741421997,-51.79546779001612,0.0010602049935126171,nan,54.36000000000001
CRUISE,0.0,55.00060705256925,-54.558950679600834,-1.5717360668610405,TRACKING,4.83433376,4.864129388642676,55.92226002773268,-51.79536473526625,0.0010602050880112082,nan,54.38
CRUISE,0.0,55.00060705256925,-54.558950679600834,-1.5717360668610405,TRACKING,4.8641295,4.878562754432686,56.019754381928124,-51.7952613712051,0.0010602051855333873,nan,54.401
CRUISE,0.0,55.00060705256925,-54.558950679600834,-1.5717360668610405,TRACKING,4.8641295,4.892695003103059,56.117534391808235,-51.79515770428117,0.001060205283571013,nan,54.42
CRUISE,0.0,55.00060705256925,-54.558950679600834,-1.5717360668610405,TRACKING,4.89269505,4.906498586242176,56.215580262825114,-51.79505375547849,0.0010602053795866712,nan,54.440000000000005
CRUISE,0.0,55.00060705256925,-54.558950679600834,-1.5717360668610405,TRACKING,4.90653246,4.920081204500013,56.313913836881234,-51.79494950164494,0.00106020547645913,nan,54.46
CRUISE,0.0,55.00060705256925,-54.558950679600834,-1.5717360668610405,TRACKING,4.92008121,4.933347305916188,56.41251532593855,-51.7948449637564,0.0010602055730408522,nan,54.480000000000004
CRUISE,0.0,55.00060705256925,-54.558950679600834,-1.5717360668610405,TRACKING,4.93334731,4.946336656649626,56.51137909273772,-51.794740147789916,0.0010602056698737093,nan,54.501000000000005
CRUISE,0.0,55.00060705256925,-54.558950679600834,-1.5717360668610405,TRACKING,4.93334731,4.959055032513627,56.61049966582152,-51.794635059546245,0.0010602057668934641,nan,54.52
CRUISE,0.0,55.00060705256925,-54.558950679600834,-1.5717360668610405,TRACKING,4.95905503,4.971508086404628,56.709871687874546,-51.79452970470511,0.001060205864048075,nan,54.540000000000006
CRUISE,0.0,55.00060705256925,-54.558950679600834,-1.5717360668610405,TRACKING,4.95905503,4.983701353249005,56.80948991128682,-51.79442408882604,0.001060205959096439,nan,54.56
CRUISE,0.0,55.00060705256925,-54.558950679600834,-1.5717360668610405,TRACKING,4.97150809,4.99564026630577,56.909349137529055,-51.79431821741981,0.0010602060518556246,nan,54.580000000000005
CRUISE,0.0,55.00060705256925,-54.558950679600834,-1.5717360668610405,TRACKING,4.99564025,5.007330116981852,57.009444152941896,-51.79421209601612,0.0010602061426184077,nan,54.6
CRUISE,0.0,55.00060705256925,-54.558950679600834,-1.5717360668610405,TRACKING,5.00733009,5.018776075809444,57.10977003882637,-51.79410572983305,0.0010602062335866751,nan,54.620000000000005
CRUISE,0.0,55.00060705256925,-54.558950679600834,-1.5717360668610405,TRACKING,5.00733009,5.029983258780101,57.21032198074611,-51.793999123980434,0.0010602063283040013,nan,54.64
CRUISE,0.0,55.00060705256925,-54.558950679600834,-1.5717360668610405,TRACKING,5.01877606,5.040956656963379,57.311095264384804,-51.79389228345554,0.0010602064258892147,nan,54.660000000000004
CRUISE,0.0,55.00060705256925,-54.558950679600834,-1.5717360668610405,TRACKING,5.04095666,5.051701135685443,57.41208526903902,-51.79378521315234,0.00106020652410667,nan,54.682
CRUISE,0.0,55.00060705256925,-54.558950679600834,-1.5717360668610405,TRACKING,5.05170114,5.0622214705116795,57.51328747353582,-51.7936779178637,0.0010602066226667293,nan,54.7
CRUISE,0.0,55.00060705256925,-54.558950679600834,-1.5717360668610405,TRACKING,5.06222147,5.072307447797713,57.614684372550414,-51.79357041614897,0.0010602067216523142,nan,54.720000000000006
CRUISE,0.0,55.00060705256925,-54.558950679600834,-1.5717360668610405,TRACKING,5.07230745,5.082393425083748,57.71629307695697,-51.793462689866885,0.001060206821074879,nan,54.74
CRUISE,0.0,55.00060705256925,-54.558950679600834,-1.5717360668610405,TRACKING,5.08239343,5.092067276993843,57.81809814055434,-51.793354755392635,0.0010602069212917523,nan,54.760000000000005
CRUISE,0.0,55.00060705256925,-54.558950679600834,-1.5717360668610405,TRACKING,5.08239343,5.1017411449231655,57.920096679251074,-51.79324661578542,0.0010602070233013074,nan,54.78
CRUISE,0.0,55.00060705256925,-54.558950679600834,-1.5717360668610405,TRACKING,5.10174113,5.11121328846343,58.02228607296486,-51.79313827382201,0.0010602071255046653,nan,54.801
CRUISE,0.0,55.00060705256925,-54.558950679600834,-1.5717360668610405,TRACKING,5.11121326,5.1204919131514615,58.124653115396605,-51.79302974350365,0.0010602072276994783,nan,54.82
CRUISE,0.0,55.00060705256925,-54.558950679600834,-1.5717360668610405,TRACKING,5.11121326,5.129577090609377,58.22721249680185,-51.79292100925599,0.0010602073293974087,nan,54.84
CRUISE,0.0,55.00060705256925,-54.558950679600834,-1.5717360668610405,TRACKING,5.12049191,5.1384728254369385,58.329951016630545,-51.792812085074694,0.0010602074310188932,nan,54.86000000000001
CRUISE,0.0,55.00060705256925,-54.558950679600834,-1.5717360668610405,TRACKING,5.12957709,5.147182987173902,58.43287356328532,-51.79270296577627,0.0010602075328102337,nan,54.88
CRUISE,0.0,55.00060705256925,-54.558950679600834,-1.5717360668610405,TRACKING,5.14718299,5.1557114453600175,58.53595905916432,-51.792593673707216,0.0010602076346819184,nan,54.900000000000006
CRUISE,0.0,55.00060705256925,-54.558950679600834,-1.5717360668610405,TRACKING,5.14718299,5.164061988852868,58.639212633397456,-51.79248420342951,0.001060207736583486,nan,54.92
CRUISE,0.0,55.00060705256925,-54.558950679600834,-1.5717360668610405,TRACKING,5.16406199,5.172238329092089,58.742630778677785,-51.79237455865949,0.0010602078372805588,nan,54.940000000000005
CRUISE,0.0,55.00060705256925,-54.558950679600834,-1.5717360668610405,TRACKING,5.17223833,5.180244112727136,58.84621006012434,-51.79226474303715,0.0010602079360706566,nan,54.96
CRUISE,0.0,55.00060705256925,-54.558950679600834,-1.5717360668610405,TRACKING,5.1802441,5.188082886467478,58.94994711894145,-51.79215476012574,0.0010602080335497944,nan,54.980000000000004
CRUISE,0.0,55.00060705256925,-54.558950679600834,-1.5717360668610405,TRACKING,5.1802441,5.195758119584762,59.053838663787516,-51.792044613416934,0.0010602081311939955,nan,55.0
CRUISE,0.0,55.00060705256925,-54.558950679600834,-1.5717360668610405,TRACKING,5.19575809,5.203273211835346,59.157881472175895,-51.79193430632987,0.001060208230790725,nan,55.02
CRUISE,0.0,55.00060705256925,-54.558950679600834,-1.5717360668610405,TRACKING,5.19575809,5.210631554625934,59.26207224914779,-51.791823842358795,0.0010602083324480094,nan,55.040000000000006
CRUISE,0.0,55.00060705256925,-54.558950679600834,-1.5717360668610405,TRACKING,5.21063155,5.217836392747693,59.366407890504384,-51.7917132247913,0.0010602084346969165,nan,55.06
CRUISE,0.0,55.00060705256925,-54.558950679600834,-1.5717360668610405,TRACKING,5.21063155,5.224890928512659,59.470885374084865,-51.79160245683096,0.0010602085372135757,nan,55.080000000000005
CRUISE,0.0,55.00060705256925,-54.558950679600834,-1.5717360668610405,TRACKING,5.22489093,5.231798297421924,59.57550174087468,-51.79149154161495,0.0010602086400574788,nan,55.1
CRUISE,0.0,55.00060705256925,-54.558950679600834,-1.5717360668610405,TRACKING,5.22489093,5.238561569568241,59.680254093503095,-51.79138048221539,0.0010602087435338248,nan,55.120000000000005
CRUISE,0.0,55.00060705256925,-54.558950679600834,-1.5717360668610405,TRACKING,5.23856157,5.245183756866515,59.78513297055877,-51.79126928866136,0.001060208847171869,nan,55.14
CRUISE,0.0,55.00060705256925,-54.558950679600834,-1.5717360668610405,TRACKING,5.23856157,5.251667806123176,59.89014884081663,-51.791157949856256,0.0010602089521897689,nan,55.160000000000004
CRUISE,0.0,55.00060705256925,-54.558950679600834,-1.5717360668610405,TRACKING,5.24518375,5.258016586800567,59.99529236309528,-51.79104647570235,0.0010602090573388905,nan,55.18000000000001
CRUISE,0.0,55.00060705256925,-54.558950679600834,-1.5717360668610405,TRACKING,5.25166779,5.264232878640027,60.10056087385564,-51.79093486902355,0.0010602091625530699,nan,55.2
CRUISE,0.0,55.00060705256925,-54.558950679600834,-1.5717360668610405,TRACKING,5.26423288,5.270319522937372,60.20595176797541,-51.790823132582496,0.0010602092676910068,nan,55.220000000000006
CRUISE,0.0,55.00060705256925,-54.558950679600834,-1.5717360668610405,TRACKING,5.27031952,5.276279191866239,60.31146245080285,-51.7907112691293,0.0010602093726767682,nan,55.24
CRUISE,0.0,55.00060705256925,-54.558950679600834,-1.5717360668610405,TRACKING,5.27627919,5.282114534291644,60.41709033778222,-51.790599281404,0.0010602094777262003,nan,55.261
CRUISE,0.0,55.00060705256925,-54.558950679600834,-1.5717360668610405,TRACKING,5.28211453,5.287828143831037,60.52283298388141,-51.79048717199871,0.0010602095827674308,nan,55.28
CRUISE,0.0,55.00060705256925,-54.558950679600834,-1.5717360668610405,TRACKING,5.28782814,5.293422559993999,60.628687995074905,-51.7903749434515,0.0010602096877454943,nan,55.300000000000004
CRUISE,0.0,55.00060705256925,-54.558950679600834,-1.5717360668610405,TRACKING,5.29342256,5.298900272352425,60.73465302567611,-51.79026259824663,0.0010602097912408134,nan,55.32
CRUISE,0.0,55.00060705256925,-54.558950679600834,-1.5717360668610405,TRACKING,5.29342256,5.304263725651458,60.84072578128891,-51.79015013881683,0.0010602098930324359,nan,55.34
CRUISE,0.0,55.00060705256925,-54.558950679600834,-1.5717360668610405,TRACKING,5.29890027,5.309515287433638,60.94690401575808,-51.79003756754662,0.0010602099950178456,nan,55.36000000000001
CRUISE,0.0,55.00060705256925,-54.558950679600834,-1.5717360668610405,TRACKING,5.30426371,5.314657249840819,61.05318552814043,-51.78992488676892,0.0010602100968185024,nan,55.38
CRUISE,0.0,55.00060705256925,-54.558950679600834,-1.5717360668610405,TRACKING,5.30951526,5.3196919757159105,61.15956816536234,-51.78981209876988,0.0010602102005211188,nan,55.400000000000006
CRUISE,0.0,55.00060705256925,-54.558950679600834,-1.5717360668610405,TRACKING,5.31969198,5.324621670611121,61.26604981763947,-51.78969920578488,0.0010602103053344064,nan,55.42
CRUISE,0.0,55.00060705256925,-54.558950679600834,-1.5717360668610405,TRACKING,5.32462167,5.329448525613397,61.3726284183741,-51.78958621000305,0.0010602104103306646,nan,55.440000000000005
CRUISE,0.0,55.00060705256925,-54.558950679600834,-1.5717360668610405,TRACKING,5.32944853,5.334174686098308,61.47930194509441,-51.78947311356872,0.0010602105155805143,nan,55.46
CRUISE,0.0,55.00060705256925,-54.558950679600834,-1.5717360668610405,TRACKING,5.33417469,5.3388022526885806,61.58606841752007,-51.78935991858139,0.001060210621138403,nan,55.480000000000004
CRUISE,0.0,55.00060705256925,-54.558950679600834,-1.5717360668610405,TRACKING,5.33417469,5.343333283354458,61.69292589551962,-51.789246627097626,0.0010602107272235828,nan,55.5
CRUISE,0.0,55.00060705256925,-54.558950679600834,-1.5717360668610405,TRACKING,5.33880225,5.347769804704248,61.79987241739415,-51.78913324119765,0.0010602108341646612,nan,55.52
CRUISE,0.0,55.00060705256925,-54.558950679600834,-1.5717360668610405,TRACKING,5.34776979,5.352113773237637,61.90690609635069,-51.78901976288137,0.001060210941196515,nan,55.540000000000006
CRUISE,0.0,55.00060705256925,-54.558950679600834,-1.5717360668610405,TRACKING,5.35211374,5.3563670847042655,62.01402511379142,-51.78890619407728,0.0010602110486267345,nan,55.56
CRUISE,0.0,55.00060705256925,-54.558950679600834,-1.5717360668610405,TRACKING,5.35636708,5.3605316819892215,62.121227690139186,-51.7887925366716,0.0010602111557482309,nan,55.580000000000005
CRUISE,0.0,55.00060705256925,-54.558950679600834,-1.5717360668610405,TRACKING,5.36053168,5.3646094071201125,62.22851208273327,-51.788678792512414,0.001060211262901557,nan,55.6
CRUISE,0.0,55.00060705256925,-54.558950679600834,-1.5717360668610405,TRACKING,5.36460941,5.368602065565024,62.335876583694606,-51.788564963409875,0.0010602113700938218,nan,55.620000000000005
CRUISE,0.0,55.00060705256925,-54.558950679600834,-1.5717360668610405,TRACKING,5.36860207,5.372511431923194,62.44331952185768,-51.78845105113564,0.0010602114772470946,nan,55.64
CRUISE,0.0,55.00060705256925,-54.558950679600834,-1.5717360668610405,TRACKING,5.37251143,5.376339243781677,62.55083926091978,-51.78833705742444,0.0010602115842994779,nan,55.661
CRUISE,0.0,55.00060705256925,-54.558950679600834,-1.5717360668610405,TRACKING,5.37633924,5.380087203280653,62.65843419803331,-51.788222983974364,0.0010602116905212048,nan,55.681000000000004
CRUISE,0.0,55.00060705256925,-54.558950679600834,-1.5717360668610405,TRACKING,5.3800872,5.3837569901618325,62.7661027641946,-51.78810883244791,0.0010602117952611815,nan,55.7
CRUISE,0.0,55.00060705256925,-54.558950679600834,-1.5717360668610405,TRACKING,5.38375697,5.387350219248203,62.873843424655355,-51.787994604475045,0.001060211900132783,nan,55.720000000000006
CRUISE,0.0,55.00060705256925,-54.558950679600834,-1.5717360668610405,TRACKING,5.38735019,5.3908684585720685,62.981654675106874,-51.78788030165035,0.001060212004908043,nan,55.74100000000001
CRUISE,0.0,55.00060705256925,-54.558950679600834,-1.5717360668610405,TRACKING,5.39086844,5.394241441120154,63.08953382163256,-51.78776592683159,0.0010602121106165464,nan,55.760000000000005
CRUISE,0.0,55.00060705256925,-54.558950679600834,-1.5717360668610405,TRACKING,5.39086844,5.3976144373447585,63.19748042900444,-51.787651480480115,0.0010602122171918112,nan,55.78
CRUISE,0.0,55.00060705256925,-54.558950679600834,-1.5717360668610405,TRACKING,5.39761444,5.4009170684471615,63.30549330009231,-51.787536963863644,0.0010602123239022883,nan,55.80200000000001
CRUISE,0.0,55.00060705256925,-54.558950679600834,-1.5717360668610405,TRACKING,5.40091707,5.404152239625084,63.41356784181201,-51.787422381851854,0.001060212430820615,nan,55.82
CRUISE,0.0,55.00060705256925,-54.558950679600834,-1.5717360668610405,TRACKING,5.40415224,5.4073199508785255,63.521709175304544,-51.78730772901528,0.001060212538013551,nan,55.84
CRUISE,0.0,55.00060705256925,-54.558950679600834,-1.5717360668610405,TRACKING,5.40415224,5.410421609957571,63.629912739460714,-51.78719301018953,0.00106021264566345,nan,55.86000000000001
CRUISE,0.0,55.00060705256925,-54.558950679600834,-1.5717360668610405,TRACKING,5.41042161,5.41345857977635,63.73817419921818,-51.78707822997069,0.001060212753914285,nan,55.88
CRUISE,0.0,55.00060705256925,-54.558950679600834,-1.5717360668610405,TRACKING,5.41345856,5.416432194910351,63.84649833193816,-51.786963383293454,0.0010602128622321494,nan,55.900000000000006
CRUISE,0.0,55.00060705256925,-54.558950679600834,-1.5717360668610405,TRACKING,5.41643217,5.419343748426538,63.954880820093685,-51.78684847473567,0.0010602129708531531,nan,55.92
CRUISE,0.0,55.00060705256925,-54.558950679600834,-1.5717360668610405,TRACKING,5.41934373,5.4221945622236944,64.06332044638101,-51.78673350558761,0.0010602130794216268,nan,55.940000000000005
CRUISE,0.0,55.00060705256925,-54.558950679600834,-1.5717360668610405,TRACKING,5.41934373,5.424985918908183,64.171816019647,-51.78661847711254,0.0010602131880501295,nan,55.96
CRUISE,0.0,55.00060705256925,-54.558950679600834,-1.5717360668610405,TRACKING,5.42498592,5.427719044237966,64.28036637188114,-51.78650339054821,0.0010602132966890346,nan,55.980000000000004
CRUISE,0.0,55.00060705256925,-54.558950679600834,-1.5717360668610405,TRACKING,5.42771904,5.430395152986004,64.3889703603223,-51.78638824710611,0.0010602134052581356,nan,56.0
CRUISE,0.0,55.00060705256925,-54.558950679600834,-1.5717360668610405,TRACKING,5.43039515,5.433015434615719,64.49762686604919,-51.78627304797242,0.0010602135136937938,nan,56.02
CRUISE,0.0,55.00060705256925,-54.558950679600834,-1.5717360668610405,TRACKING,5.43301543,5.4355810547787975,64.60633479299827,-51.7861577943083,0.0010602136214646937,nan,56.040000000000006
CRUISE,0.0,55.00060705256925,-54.558950679600834,-1.5717360668610405,TRACKING,5.43301543,5.438093167290694,64.71509306838719,-51.78604248725061,0.0010602137282185087,nan,56.06
CRUISE,0.0,55.00060705256925,-54.558950679600834,-1.5717360668610405,TRACKING,5.43809315,5.440552872791271,64.82390064273518,-51.785927127913936,0.001060213835061744,nan,56.081
CRUISE,0.0,55.00060705256925,-54.558950679600834,-1.5717360668610405,TRACKING,5.44055284,5.442961234733414,64.93275648726726,-51.785811717388725,0.0010602139417660542,nan,56.101000000000006
CRUISE,0.0,55.00060705256925,-54.558950679600834,-1.5717360668610405,TRACKING,5.44296122,5.445319357883769,65.041657237056,-51.785696259243586,0.0010602140489949512,nan,56.120000000000005
CRUISE,0.0,55.00060705256925,-54.558950679600834,-1.5717360668610405,TRACKING,5.44296122,5.447628301041121,65.1506066227822,-51.785580749523206,0.0010602141567788677,nan,56.14
CRUISE,0.0,55.00060705256925,-54.558950679600834,-1.5717360668610405,TRACKING,5.4476283,5.449683917475551,65.25959415955874,-51.785465091201154,0.001063839477552648,nan,56.160000000000004
CRUISE,0.0,55.00060705256925,-54.558950679600834,-1.5717360668610405,TRACKING,5.4476283,5.45164851486761,65.36862304685874,-51.78534861169558,0.0010743630902633227,nan,56.18000000000001
CRUISE,0.0,55.00060705256925,-54.558950679600834,-1.5717360668610405,TRACKING,5.45210269,5.4539248067598045,65.47769780905519,-51.78523065572571,0.0010900557517628476,nan,56.2
CRUISE,0.0,55.00060705256925,-54.558950679600834,-1.5717360668610405,TRACKING,5.45427012,5.455984393827342,65.58681414425288,-51.78511072407615,0.0011097460445958416,nan,56.220000000000006
CRUISE,0.0,55.00060705256925,-54.558950679600834,-1.5717360668610405,TRACKING,5.45639234,5.45811572235019,65.6959733059654,-51.78498842627948,0.0011325728846962953,nan,56.24
CRUISE,0.0,55.00060705256925,-54.558950679600834,-1.5717360668610405,TRACKING,5.45847029,5.4604509761539735,65.80517926134834,-51.784863493754,0.0011565166010530812,nan,56.260000000000005
CRUISE,0.0,55.00060705256925,-54.558950679600834,-1.5717360668610405,TRACKING,5.45847029,5.462362566667259,65.91442404656256,-51.78473593345426,0.001179913047813463,nan,56.28
CRUISE,0.0,55.00060705256925,-54.558950679600834,-1.5717360668610405,TRACKING,5.46245548,5.464306999809609,66.02370769053269,-51.78460578497996,0.001203052998290749,nan,56.300000000000004
CRUISE,0.0,55.00060705256925,-54.558950679600834,-1.5717360668610405,TRACKING,5.46440607,5.4662048733324005,66.13302938800119,-51.78447306899619,0.0012260700651204213,nan,56.32
CRUISE,0.0,55.00060705256925,-54.558950679600834,-1.5717360668610405,TRACKING,5.46440607,5.4682249303286845,66.2423901152936,-51.78433778833036,0.0012491087584319146,nan,56.34
CRUISE,0.0,55.00060705256925,-54.558950679600834,-1.5717360668610405,TRACKING,5.46818687,5.469428351295837,66.35177599750187,-51.78420003645332,0.0012686484164737917,nan,56.36000000000001
CRUISE,0.0,55.00060705256925,-54.558950679600834,-1.5717360668610405,TRACKING,5.47001875,5.471419823106001,66.46120132364499,-51.78406046383937,0.0012817123226199908,nan,56.38
CRUISE,0.0,55.00060705256925,-54.558950679600834,-1.5717360668610405,TRACKING,5.47181243,5.4733081656430915,66.57066478606318,-51.78391966121805,0.0012904364729616627,nan,56.400000000000006
CRUISE,0.0,55.00060705256925,-54.558950679600834,-1.5717360668610405,TRACKING,5.47181243,5.475115775931397,66.68016467135377,-51.78377802343016,0.0012962627784955452,nan,56.42
CRUISE,0.0,55.00060705256925,-54.558950679600834,-1.5717360668610405,TRACKING,5.47528831,5.477470879764546,66.78971017619469,-51.78363572804994,0.0013032612251024595,nan,56.440000000000005
CRUISE,0.0,55.00060705256925,-54.558950679600834,-1.5717360668610405,TRACKING,5.47697207,5.478373144822686,66.89927597214641,-51.78349246124675,0.0013115364332626216,nan,56.46
CRUISE,0.0,55.00060705256925,-54.558950679600834,-1.5717360668610405,TRACKING,5.47862069,5.480070593446832,67.00887518353743,-51.78334839898361,0.0013170761927697643,nan,56.480000000000004
CRUISE,0.0,55.00060705256925,-54.558950679600834,-1.5717360668610405,TRACKING,5.47862069,5.482237935816947,67.11851559169786,-51.783203703896554,0.0013240389022824842,nan,56.5
CRUISE,0.0,55.00060705256925,-54.558950679600834,-1.5717360668610405,TRACKING,5.48178251,5.483171077835396,67.2281778569347,-51.7830579373621,0.0013357377204126272,nan,56.52
CRUISE,0.0,55.00060705256925,-54.558950679600834,-1.5717360668610405,TRACKING,5.48178251,5.4846691841676485,67.33786751844187,-51.78291066650474,0.0013507669349447442,nan,56.540000000000006
CRUISE,0.0,55.00060705256925,-54.558950679600834,-1.5717360668610405,TRACKING,5.4848454,5.486752694037455,67.44759908305377,-51.78276165982027,0.0013648092916483852,nan,56.56
CRUISE,0.0,55.00060705256925,-54.558950679600834,-1.5717360668610405,TRACKING,5.48632975,5.488063973507477,67.55735853490121,-51.78261133395722,0.001374201916212182,nan,56.580000000000005
CRUISE,0.0,55.00060705256925,-54.558950679600834,-1.5717360668610405,TRACKING,5.48632975,5.489392353771434,67.66714471483293,-51.78246011497672,0.001380474132255973,nan,56.601000000000006
CRUISE,0.0,55.00060705256925,-54.558950679600834,-1.5717360668610405,TRACKING,5.48920624,5.490722516851296,67.77695757573024,-51.78230828708442,0.0013846626670096002,nan,56.620000000000005
CRUISE,0.0,55.00060705256925,-54.558950679600834,-1.5717360668610405,TRACKING,5.49059964,5.492016309981837,67.88679506998118,-51.78215604295293,0.001387459650916001,nan,56.641000000000005
CRUISE,0.0,55.00060705256925,-54.558950679600834,-1.5717360668610405,TRACKING,5.49193552,5.493324424143757,67.99666007778778,-51.782003505318656,0.0013893273505348198,nan,56.661
CRUISE,0.0,55.00060705256925,-54.558950679600834,-1.5717360668610405,TRACKING,5.49327139,5.49461414332544,68.1065509319587,-51.7818507612005,0.0013905742796185656,nan,56.68000000000001
CRUISE,0.0,55.00060705256925,-54.558950679600834,-1.5717360668610405,TRACKING,5.49327139,5.495838380582629,68.21646668620231,-51.78169786791704,0.0013914069007601284,nan,56.7
CRUISE,0.0,55.00060705256925,-54.558950679600834,-1.5717360668610405,TRACKING,5.4945794,5.4971019389835645,68.32640732071245,-51.78154486380633,0.001391962868611569,nan,56.720000000000006
CRUISE,0.0,55.00060705256925,-54.558950679600834,-1.5717360668610405,TRACKING,5.49711526,5.498943095609465,68.436381688185,-51.78139169149363,0.0013954122026703392,nan,56.74
CRUISE,0.0,55.00060705256925,-54.558950679600834,-1.5717360668610405,TRACKING,5.49834368,5.499371946705188,68.54636819588792,-51.78123787782016,0.0014012838154218005,nan,56.760000000000005
CRUISE,0.0,55.00060705256925,-54.558950679600834,-1.5717360668610405,TRACKING,5.49954646,5.50058449147876,68.65637835459482,-51.781083494671286,0.001405217859872055,nan,56.78
CRUISE,0.0,55.00060705256925,-54.558950679600834,-1.5717360668610405,TRACKING,5.50069959,5.5017772963105305,68.76641245767777,-51.78092872099523,0.0014078450146754401,nan,56.800000000000004
CRUISE,0.0,55.00060705256925,-54.558950679600834,-1.5717360668610405,TRACKING,5.50069959,5.502932680953644,68.87646975309896,-51.78077367623006,0.0014095994092285125,nan,56.82
CRUISE,0.0,55.00060705256925,-54.558950679600834,-1.5717360668610405,TRACKING,5.50298178,5.504055917554849,68.98654847064604,-51.78061844181381,0.0014107709755831045,nan,56.84
CRUISE,0.0,55.00060705256925,-54.558950679600834,-1.5717360668610405,TRACKING,5.50408779,5.505150098844697,69.09665022767882,-51.78046306842594,0.0014115534144353095,nan,56.861000000000004
CRUISE,0.0,55.00060705256925,-54.558950679600834,-1.5717360668610405,TRACKING,5.50408779,5.506243821101602,69.20677377377058,-51.780307593703924,0.00141207595492392,nan,56.88
CRUISE,0.0,55.00060705256925,-54.558950679600834,-1.5717360668610405,TRACKING,5.50517074,5.507276236298305,69.31691815255918,-51.78015204181616,0.0014124248453846833,nan,56.900000000000006
CRUISE,0.0,55.00060705256925,-54.558950679600834,-1.5717360668610405,TRACKING,5.5062311,5.508288859163254,69.42708280670966,-51.77999642919078,0.0014126577652460528,nan,56.92
CRUISE,0.0,55.00060705256925,-54.558950679600834,-1.5717360668610405,TRACKING,5.50828593,5.5092817386340105,69.53726734032982,-51.77984076702229,0.0014128132293598598,nan,56.940000000000005
CRUISE,0.0,55.00060705256925,-54.558950679600834,-1.5717360668610405,TRACKING,5.50928131,5.510255481988246,69.64747136446249,-51.77968506307177,0.0014129169975860582,nan,56.96
CRUISE,0.0,55.00060705256925,-54.558950679600834,-1.5717360668610405,TRACKING,5.51025592,5.511190023158765,69.75769411881954,-51.779529323254806,0.0014129863188944766,nan,56.980000000000004
CRUISE,0.0,55.00060705256925,-54.558950679600834,-1.5717360668610405,TRACKING,5.5111903,5.51212447429564,69.86793556278799,-51.77937355078486,0.0014130326605426402,nan,57.0
CRUISE,0.0,55.00060705256925,-54.558950679600834,-1.5717360668610405,TRACKING,5.51212467,5.513039506412202,69.97819532573955,-51.77921774821783,0.0014130636414544742,nan,57.02
CRUISE,0.0,55.00060705256925,-54.558950679600834,-1.5717360668610405,TRACKING,5.51212467,5.513935746501339,70.0884730338697,-51.77906191747358,0.0014130843622392445,nan,57.040000000000006
CRUISE,0.0,55.00060705256925,-54.558950679600834,-1.5717360668610405,TRACKING,5.51393575,5.514813253161319,70.19876831085867,-51.778906060021384,0.0014130982345554389,nan,57.06
CRUISE,0.0,55.00060705256925,-54.558950679600834,-1.5717360668610405,TRACKING,5.51393575,5.515672462161232,70.30908079031573,-51.77875017699972,0.0014131075339636884,nan,57.080000000000005
CRUISE,0.0,55.00060705256925,-54.558950679600834,-1.5717360668610405,TRACKING,5.51481325,5.516513761736455,70.41941011352681,-51.77859426933122,0.0014131137809917944,nan,57.1
CRUISE,0.0,55.00060705256925,-54.558950679600834,-1.5717360668610405,TRACKING,5.51567246,5.5173375131735884,70.52975592898956,-51.778438337784564,0.001413117986348136,nan,57.120000000000005
CRUISE,0.0,55.00060705256925,-54.558950679600834,-1.5717360668610405,TRACKING,5.51733748,5.51814407315632,70.64011789284307,-51.778282383034984,0.001413120830722029,nan,57.14
CRUISE,0.0,55.00060705256925,-54.558950679600834,-1.5717360668610405,TRACKING,5.51814403,5.5189338024559165,70.75049566815522,-51.778126405682166,0.00141312276654035,nan,57.160000000000004
CRUISE,0.0,55.00060705256925,-54.558950679600834,-1.5717360668610405,TRACKING,5.51814403,5.51970700840931,70.86088892421452,-51.777970406275465,0.0014131240955179915,nan,57.181000000000004
CRUISE,0.0,55.00060705256925,-54.558950679600834,-1.5717360668610405,TRACKING,5.51970701,5.5204641277578705,70.97129733902621,-51.777814385325,0.0014131250193122776,nan,57.2
CRUISE,0.0,55.00060705256925,-54.558950679600834,-1.5717360668610405,TRACKING,5.51970701,5.521205452604374,71.08172059612244,-51.77765834331456,0.0014131256725801403,nan,57.221000000000004
CRUISE,0.0,55.00060705256925,-54.558950679600834,-1.5717360668610405,TRACKING,5.52120545,5.5194392961816,71.19212336418278,-51.777501984048996,0.0014262995545808017,nan,57.24
CRUISE,0.0,55.00060705256925,-54.558950679600834,-1.5717360668610405,TRACKING,5.52120545,5.5207194196742435,71.30253161564914,-51.777342484062366,0.0014694676286761744,nan,57.260000000000005
CRUISE,0.0,55.00060705256925,-54.558950679600834,-1.5717360668610405,TRACKING,5.52195171,5.521372100159678,71.41295573044148,-51.77717700405284,0.0015340161713266384,nan,57.28
CRUISE,0.0,55.00060705256925,-54.558950679600834,-1.5717360668610405,TRACKING,5.52262689,5.522362717428283,71.52339997999223,-51.777003477867716,0.001614684872519952,nan,57.300000000000004
CRUISE,0.0,55.00060705256925,-54.558950679600834,-1.5717360668610405,TRACKING,5.52332278,5.523287562053121,71.63386326021,-51.776820339653064,0.0017075127416187512,nan,57.32
CRUISE,0.0,55.00060705256925,-54.558950679600834,-1.5717360668610405,TRACKING,5.52467121,5.524158757877536,71.7443449927464,-51.77662641829321,0.0018092862939502292,nan,57.341
CRUISE,0.0,55.00060705256925,-54.558950679600834,-1.5717360668610405,TRACKING,5.52467121,5.525683528440916,71.85485829322802,-51.77642097830011,0.0019133644724760182,nan,57.36000000000001
CRUISE,0.0,55.00060705256925,-54.558950679600834,-1.5717360668610405,TRACKING,5.52596468,5.526249359373207,71.96538274066432,-51.77620414267429,0.00201515753730319,nan,57.38
CRUISE,0.0,55.00060705256925,-54.558950679600834,-1.5717360668610405,TRACKING,5.52659125,5.527165203634478,72.07592268922829,-51.775976119037416,0.0021150271410209356,nan,57.401
CRUISE,0.0,55.00060705256925,-54.558950679600834,-1.5717360668610405,TRACKING,5.52659125,5.528174699943957,72.18648507539142,-51.77573710721438,0.0022132061748923776,nan,57.42
CRUISE,0.0,55.00060705256925,-54.558950679600834,-1.5717360668610405,TRACKING,5.52780546,5.528757606926055,72.29705916301712,-51.77548728297309,0.00231003999187287,nan,57.441
CRUISE,0.0,55.00060705256925,-54.558950679600834,-1.5717360668610405,TRACKING,5.52780546,5.528700565902991,72.4076317366085,-51.775226860317375,0.0024023541998529443,nan,57.46
CRUISE,0.0,55.00060705256925,-54.558950679600834,-1.5717360668610405,TRACKING,5.52896954,5.529414657972941,72.5182181563514,-51.77495660541699,0.0024874883069376753,nan,57.480000000000004
CRUISE,0.0,55.00060705256925,-54.558950679600834,-1.5717360668610405,TRACKING,5.52896954,5.530059966939607,72.62881770806162,-51.774677213879635,0.0025671543075137956,nan,57.50000000000001
CRUISE,0.0,55.00060705256925,-54.558950679600834,-1.5717360668610405,TRACKING,5.53008556,5.5306554244105195,72.73942931412243,-51.77438922405498,0.002642466549113605,nan,57.52
CRUISE,0.0,55.00060705256925,-54.558950679600834,-1.5717360668610405,TRACKING,5.53008556,5.531226511447973,72.85005244692206,-51.774093095595326,0.0027142112376480976,nan,57.540000000000006
CRUISE,0.0,55.00060705256925,-54.558950679600834,-1.5717360668610405,TRACKING,5.5311555,5.531318134450344,72.96067720239851,-51.77378922820389,0.0027806767951015325,nan,57.56
CRUISE,0.0,55.00060705256925,-54.558950679600834,-1.5717360668610405,TRACKING,5.53167379,5.53212154470158,73.07131613735132,-51.77347835999237,0.0028403449089314916,nan,57.580000000000005
CRUISE,0.0,55.00060705256925,-54.558950679600834,-1.5717360668610405,TRACKING,5.53218127,5.532813734646202,73.18197139871177,-51.77316115318414,0.00289479222985876,nan,57.6
CRUISE,0.0,55.00060705256925,-54.558950679600834,-1.5717360668610405,TRACKING,5.53218127,5.533245845420317,73.29263629941369,-51.77283812416987,0.0029450260192107973,nan,57.620000000000005
CRUISE,0.0,55.00060705256925,-54.558950679600834,-1.5717360668610405,TRACKING,5.53267816,5.533679704187224,73.40330939299153,-51.77250969871927,0.0029918336322633144,nan,57.64
CRUISE,0.0,55.00060705256925,-54.558950679600834,-1.5717360668610405,TRACKING,5.53316468,5.5344694538344195,73.51399806610848,-51.772176255904675,0.0030340409284624454,nan,57.660000000000004
CRUISE,0.0,55.00060705256925,-54.558950679600834,-1.5717360668610405,TRACKING,5.53410749,5.534818969411941,73.6246942472658,-51.771838432504694,0.003070549838337114,nan,57.68000000000001
CRUISE,0.0,55.00060705256925,-54.558950679600834,-1.5717360668610405,TRACKING,5.5345642,5.535196687887956,73.73539780427876,-51.77149678736158,0.0031026302552814317,nan,57.7
CRUISE,0.0,55.00060705256925,-54.558950679600834,-1.5717360668610405,TRACKING,5.53501138,5.535593512354795,73.84610917907551,-51.771151760573,0.0031311348550134943,nan,57.721000000000004
CRUISE,0.0,55.00060705256925,-54.558950679600834,-1.5717360668610405,TRACKING,5.53544923,5.536562946605467,73.9568383779019,-51.77080377048622,0.003153794235681378,nan,57.74
CRUISE,0.0,55.00060705256925,-54.558950679600834,-1.5717360668610405,TRACKING,5.53544923,5.5360666036927455,74.06756419987394,-51.77045368066602,0.0031689334482374962,nan,57.760000000000005
CRUISE,0.0,55.00060705256925,-54.558950679600834,-1.5717360668610405,TRACKING,5.53629772,5.536405848064262,74.17829065787184,-51.77010218298704,0.0031790312930192913,nan,57.78
CRUISE,0.0,55.00060705256925,-54.558950679600834,-1.5717360668610405,TRACKING,5.53670873,5.536910670564936,74.2890274466915,-51.76974973526415,0.00318577217044561,nan,57.800000000000004
CRUISE,0.0,55.00060705256925,-54.558950679600834,-1.5717360668610405,TRACKING,5.53711117,5.53737291521694,74.39977364115911,-51.76939664742289,0.003190272743966411,nan,57.82
CRUISE,0.0,55.00060705256925,-54.558950679600834,-1.5717360668610405,TRACKING,5.53750522,5.5378041449727355,74.51052856903479,-51.769043124870024,0.003193277808684752,nan,57.84
CRUISE,0.0,55.00060705256925,-54.558950679600834,-1.5717360668610405,TRACKING,5.53789104,5.5382122366014945,74.62129173376474,-51.76868930434407,0.0031952843953918604,nan,57.861000000000004
CRUISE,0.0,55.00060705256925,-54.558950679600834,-1.5717360668610405,TRACKING,5.53789104,5.538602141534397,74.73206275100019,-51.768335277259084,0.0031966242891903404,nan,57.88
CRUISE,0.0,55.00060705256925,-54.558950679600834,-1.5717360668610405,TRACKING,5.53863872,5.538977345474033,74.84284131067437,-51.767981104730126,0.003197519001905544,nan,57.900000000000006
CRUISE,0.0,55.00060705256925,-54.558950679600834,-1.5717360668610405,TRACKING,5.5390009,5.539340399097309,74.95362715930767,-51.76762682782705,0.0031981164605838267,nan,57.92
CRUISE,0.0,55.00060705256925,-54.558950679600834,-1.5717360668610405,TRACKING,5.5390009,5.5397116401340005,75.06442043267543,-51.76727247413094,0.0031985155600408447,nan,57.940000000000005
CRUISE,0.0,55.00060705256925,-54.558950679600834,-1.5717360668610405,TRACKING,5.53970274,5.539483407896464,75.17520868904225,-51.766918002115325,0.0032018586225243603,nan,57.96
CRUISE,0.0,55.00060705256925,-54.558950679600834,-1.5717360668610405,TRACKING,5.54004273,5.539599113187675,75.2859990522424,-51.76656278462029,0.003212450926325798,nan,57.980000000000004
CRUISE,0.0,55.00060705256925,-54.558950679600834,-1.5717360668610405,TRACKING,5.54004273,5.538586171278645,75.39676929058713,-51.766205842291,0.0032372181246330166,nan,58.00000000000001
CRUISE,0.0,55.00060705256925,-54.558950679600834,-1.5717360668610405,TRACKING,5.54070156,5.534817774501763,75.50748262714006,-51.7658448792494,0.0032966801710036723,nan,58.02
CRUISE,0.0,55.00060705256925,-54.558950679600834,-1.5717360668610405,TRACKING,5.54070156,5.5322521585295705,75.61813268718468,-51.765474046618266,0.003428088395078262,nan,58.040000000000006
CRUISE,0.0,55.00060705256925,-54.558950679600834,-1.5717360668610405,TRACKING,5.54102071,5.528950211891604,75.72872941606026,-51.765083932745156,0.0036594434703760754,nan,58.06
CRUISE,0.0,55.00060705256925,-54.558950679600834,-1.5717360668610405,TRACKING,5.54163916,5.530814905120169,75.83933335116754,-51.76466187790271,0.004018895091905318,nan,58.080000000000005
CRUISE,0.0,55.00060705256925,-54.558950679600834,-1.5717360668610405,TRACKING,5.54193875,5.531096700323349,75.94995987903755,-51.7641924275586,0.004525610001900576,nan,58.1
CRUISE,0.0,55.00060705256925,-54.558950679600834,-1.5717360668610405,TRACKING,5.54223209,5.533846373960364,76.06061545591581,-51.76365835797897,0.005207687747591412,nan,58.120000000000005
CRUISE,0.0,55.00060705256925,-54.558950679600834,-1.5717360668610405,TRACKING,5.5425193,5.541187496332689,76.17139501081289,-51.763037743005256,0.0061171557424183585,nan,58.14
CRUISE,0.0,55.00060705256925,-54.558950679600834,-1.5717360668610405,TRACKING,5.54280053,5.552560839885307,76.28238252643638,-51.76230322664727,0.0072936224321607426,nan,58.160000000000004
CRUISE,0.0,55.00060705256925,-54.558950679600834,-1.5717360668610405,TRACKING,5.54280053,5.565731579581681,76.39362759574219,-51.76142316897233,0.008773721848718179,nan,58.18000000000001
CRUISE,0.0,55.00060705256925,-54.558950679600834,-1.5717360668610405,TRACKING,5.5433455,5.578830034179787,76.50513441321206,-51.760362808329845,0.010569666519308398,nan,58.2
CRUISE,0.0,55.00060705256925,-54.558950679600834,-1.5717360668610405,TRACKING,5.54360949,5.584731357318877,76.61679542532491,-51.75908706120661,0.012678425059295284,nan,58.220000000000006
CRUISE,0.0,55.00060705256925,-54.558950679600834,-1.5717360668610405,TRACKING,5.54360949,5.541639390180303,76.72791803832202,-51.757569892618854,0.015090030240999622,nan,58.24
CRUISE,0.0,55.00060705256925,-54.558950679600834,-1.5717360668610405,TRACKING,5.48686797,5.485724104745272,76.83788358789404,-51.755792176545775,0.01778851134961488,nan,58.260000000000005
CRUISE,0.0,55.00060705256925,-54.558950679600834,-1.5717360668610405,TRACKING,5.42686797,5.430929279647384,76.94674311232814,-51.75372943893903,0.020772891333503865,nan,58.28
CRUISE,0.0,55.00060705256925,-54.558950679600834,-1.5717360668610405,TRACKING,5.36734595,5.365041115177017,77.05433844435052,-51.75135321117513,0.024101626320979102,nan,58.300000000000004
CRUISE,0.0,55.00060705256925,-54.558950679600834,-1.5717360668610405,TRACKING,5.36734595,5.286779045937802,77.1604528034429,-51.74864267901244,0.027694869003017448,nan,58.32
CRUISE,0.0,55.00060705256925,-54.558950679600834,-1.5717360668610405,TRACKING,5.25034595,5.208968881643185,77.26493975151496,-51.74559185875535,0.031511932150978174,nan,58.34
CRUISE,0.0,55.00060705256925,-54.558950679600834,-1.5717360668610405,TRACKING,5.19034595,5.151463825610663,77.36819088175821,-51.74217688190273,0.03555773752801015,nan,58.36000000000001
CRUISE,0.0,55.00060705256925,-54.558950679600834,-1.5717360668610405,TRACKING,5.19034595,5.09259421213683,77.47025922418983,-51.73838457474886,0.0398593433619987,nan,58.38
CRUISE,0.0,55.00060705256925,-54.558950679600834,-1.5717360668610405,TRACKING,5.13034595,5.032626084759734,77.57111782895775,-51.73419827861494,0.04443742998708541,nan,58.400000000000006
CRUISE,0.0,55.00060705256925,-54.558950679600834,-1.5717360668610405,TRACKING,5.01034595,4.965492704986881,77.67066387162131,-51.72959707862622,0.04928466331507743,nan,58.42100000000001
CRUISE,0.0,55.00060705256925,-54.558950679600834,-1.5717360668610405,TRACKING,5.01034595,4.905951114165623,77.76893204494205,-51.724566325378085,0.05434155871309702,nan,58.440000000000005
CRUISE,0.0,55.00060705256925,-54.558950679600834,-1.5717360668610405,TRACKING,4.95034595,4.857273577979746,77.8661610276308,-51.71910539447181,0.05959421870881696,nan,58.46
CRUISE,0.0,55.00060705256925,-54.558950679600834,-1.5717360668610405,TRACKING,4.83034595,4.823570427151266,77.96259486250092,-51.713163473880236,0.06507676651459107,nan,58.480000000000004
CRUISE,0.0,55.00060705256925,-54.558950679600834,-1.5717360668610405,TRACKING,4.77034595,4.780057230180437,78.05825613075638,-51.70674347852895,0.07082408154310472,nan,58.50000000000001
CRUISE,0.0,55.00060705256925,-54.558950679600834,-1.5717360668610405,TRACKING,4.71034595,4.719609529720776,78.1527081526694,-51.69985319388772,0.07682043757982945,nan,58.52
CRUISE,0.0,55.00060705256925,-54.558950679600834,-1.5717360668610405,TRACKING,4.71034595,4.653167492971985,78.24580580711917,-51.69247709154008,0.08301091908130039,nan,58.540000000000006
CRUISE,0.0,55.00060705256925,-54.558950679600834,-1.5717360668610405,TRACKING,4.65034595,4.597191407760717,78.33769874456638,-51.68462642598396,0.08936878165074844,nan,58.56
CRUISE,0.0,55.00060705256925,-54.558950679600834,-1.5717360668610405,TRACKING,4.59034595,4.540031740030011,78.42840841070384,-51.67630172208158,0.09592540572838448,nan,58.580000000000005
CRUISE,0.0,55.00060705256925,-54.558950679600834,-1.5717360668610405,TRACKING,4.47034595,4.482077606346904,78.51791292220754,-51.66749858516009,0.10269803674174144,nan,58.6
CRUISE,0.0,55.00060705256925,-54.558950679600834,-1.5717360668610405,TRACKING,4.41034595,4.420649739310326,78.606155224874,-51.65820887930429,0.10968160483526358,nan,58.620000000000005
CRUISE,0.0,55.00060705256925,-54.558950679600834,-1.5717360668610405,TRACKING,4.41034595,4.353475733470152,78.69299530788554,-51.648419571766965,0.11679881841973332,nan,58.64
CRUISE,0.0,55.00060705256925,-54.558950679600834,-1.5717360668610405,TRACKING,4.29034595,4.29526062214542,78.77858982810613,-51.63815629386709,0.12402428873275327,nan,58.661
CRUISE,0.0,55.00060705256925,-54.558950679600834,-1.5717360668610405,TRACKING,4.23034595,4.230926251496826,78.86283693225509,-51.627409012969665,0.13131415455108358,nan,58.68000000000001
CRUISE,0.0,55.00060705256925,-54.558950679600834,-1.5717360668610405,TRACKING,4.17359404,4.167934403929571,78.94577535589399,-51.61628872013538,0.13863737195962655,nan,58.7
CRUISE,0.0,55.00060705256925,-54.558950679600834,-1.5717360668610405,TRACKING,4.11839358,4.111957803652196,79.02750267118357,-51.604799554514464,0.1459501431376863,nan,58.720000000000006
CRUISE,0.0,55.00060705256925,-54.558950679600834,-1.5717360668610405,TRACKING,4.11839358,4.054269442376575,79.10800536731226,-51.5928839574997,0.15317889520174147,nan,58.74
CRUISE,0.0,55.00060705256925,-54.558950679600834,-1.5717360668610405,TRACKING,4.06331147,3.9972361665122045,79.18726941614145,-51.580468277628654,0.16030311569893604,nan,58.760000000000005
CRUISE,0.0,55.00060705256925,-54.558950679600834,-1.5717360668610405,TRACKING,4.01061536,3.9835784894252844,79.26588528599845,-51.56751798222389,0.16742392863331385,nan,58.78
CRUISE,0.0,55.00060705256925,-54.558950679600834,-1.5717360668610405,TRACKING,4.01416082,3.983542967444944,79.34439294902201,-51.55397934856382,0.17454603060192586,nan,58.800000000000004
CRUISE,0.0,55.00060705256925,-54.558950679600834,-1.5717360668610405,TRACKING,4.01897985,3.98980317889818,79.422895571298,-51.53985824262642,0.18164075236086025,nan,58.82
CRUISE,0.0,55.00060705256925,-54.558950679600834,-1.5717360668610405,TRACKING,4.01897985,3.99357630667155,79.50139414033688,-51.52516724973533,0.18870974542790064,nan,58.84
CRUISE,0.0,55.00060705256925,-54.558950679600834,-1.5717360668610405,TRACKING,4.02869476,3.9992046056087127,79.57987590830274,-51.509934618917285,0.19579959858446308,nan,58.86000000000001
CRUISE,0.0,55.00060705256925,-54.558950679600834,-1.5717360668610405,TRACKING,4.02869476,4.006904575969732,79.65840344301914,-51.49411840812805,0.20296668074315827,nan,58.88
CRUISE,0.0,55.00060705256925,-54.558950679600834,-1.5717360668610405,TRACKING,4.03832988,4.008877116855778,79.73687353461243,-51.477705293833786,0.21015072070084162,nan,58.901
CRUISE,0.0,55.00060705256925,-54.558950679600834,-1.5717360668610405,TRACKING,4.03832988,4.013215997441216,79.81530863731561,-51.46069617022878,0.2173189905844323,nan,58.92
CRUISE,0.0,55.00060705256925,-54.558950679600834,-1.5717360668610405,TRACKING,4.04318482,4.025674977841627,79.89381533980004,-51.44309485272286,0.2244657753209913,nan,58.940000000000005
CRUISE,0.0,55.00060705256925,-54.558950679600834,-1.5717360668610405,TRACKING,4.04806565,4.047967297948082,79.97257832297845,-51.42494377305729,0.23166828275551296,nan,58.96
CRUISE,0.0,55.00060705256925,-54.558950679600834,-1.5717360668610405,TRACKING,4.05785455,4.087572315194474,80.05191579682365,-51.40615915307169,0.23904537811929868,nan,58.980000000000004
CRUISE,0.0,55.00060705256925,-54.558950679600834,-1.5717360668610405,TRACKING,4.06273727,4.103254906276191,80.13156921975217,-51.38647364859027,0.24643284368206195,nan,59.00000000000001
CRUISE,0.0,55.00060705256925,-54.558950679600834,-1.5717360668610405,TRACKING,4.0676608,4.1052341150377964,80.21111292707205,-51.366167871971065,0.2538129332884073,nan,59.02
CRUISE,0.0,55.00060705256925,-54.558950679600834,-1.5717360668610405,TRACKING,4.07262557,4.10771839512855,80.29054923556485,-51.345264904311456,0.26116231675564267,nan,59.040000000000006
CRUISE,0.0,55.00060705256925,-54.558950679600834,-1.5717360668610405,TRACKING,4.07262557,4.120737691324336,80.37005530937469,-51.32372888799589,0.2685170967721216,nan,59.06
CRUISE,0.0,55.00060705256925,-54.558950679600834,-1.5717360668610405,TRACKING,4.08251789,4.122147911586334,80.4494610196056,-51.301580268370856,0.27589920553801733,nan,59.081
CRUISE,0.0,55.00060705256925,-54.558950679600834,-1.5717360668610405,TRACKING,4.08251789,4.124308757927125,80.52873753547092,-51.27883511721344,0.2832721031486676,nan,59.1
CRUISE,0.0,55.00060705256925,-54.558950679600834,-1.5717360668610405,TRACKING,4.09244082,4.127081551814164,80.607894207521,-51.25549263584078,0.29060774662254324,nan,59.120000000000005
CRUISE,0.0,55.00060705256925,-54.558950679600834,-1.5717360668610405,TRACKING,4.09244082,4.1309731033777775,80.68694952295638,-51.23155029961113,0.29788885249568847,nan,59.14
CRUISE,0.0,55.00060705256925,-54.558950679600834,-1.5717360668610405,TRACKING,4.09747873,4.137179245392823,80.76593143898964,-51.20698010395377,0.3051419657510267,nan,59.160000000000004
CRUISE,0.0,55.00060705256925,-54.558950679600834,-1.5717360668610405,TRACKING,4.10256723,4.130041952622952,80.84466114164547,-51.1818010032487,0.3124143295406959,nan,59.18000000000001
CRUISE,0.0,55.00060705256925,-54.558950679600834,-1.5717360668610405,TRACKING,4.11242418,4.106243951754628,80.92279185486247,-51.156051331051785,0.31962911855521536,nan,59.2
CRUISE,0.0,55.00060705256925,-54.558950679600834,-1.5717360668610405,TRACKING,4.11242418,4.087183741020156,81.00032257896311,-51.13002910951159,0.32686330929060325,nan,59.220000000000006
CRUISE,0.0,55.00060705256925,-54.558950679600834,-1.5717360668610405,TRACKING,4.11741779,4.090741892504221,81.0776929209497,-51.10348411755286,0.33408986739652763,nan,59.24
CRUISE,0.0,55.00060705256925,-54.558950679600834,-1.5717360668610405,TRACKING,4.12786833,4.1042083407820815,81.15509705703595,-51.07631874364676,0.3413311027010313,nan,59.260000000000005
CRUISE,0.0,55.00060705256925,-54.558950679600834,-1.5717360668610405,TRACKING,4.13263161,4.106786159179819,81.23239943354503,-51.04856364411487,0.34863403190539666,nan,59.28
CRUISE,0.0,55.00060705256925,-54.558950679600834,-1.5717360668610405,TRACKING,4.13754431,4.107289564867191,81.30950746838256,-51.02025695291865,0.3559660711277312,nan,59.300000000000004
CRUISE,0.0,55.00060705256925,-54.558950679600834,-1.5717360668610405,TRACKING,4.14253088,4.111711614888632,81.38647809874746,-50.991334498404264,0.3632812998003254,nan,59.32
CRUISE,0.0,55.00060705256925,-54.558950679600834,-1.5717360668610405,TRACKING,4.14760362,4.11942648683623,81.46337592565993,-50.96179460960736,0.37056434279278133,nan,59.34
CRUISE,0.0,55.00060705256925,-54.558950679600834,-1.5717360668610405,TRACKING,4.14760362,4.126059019062513,81.54017489629729,-50.93171703933662,0.37785466349002483,nan,59.36000000000001
CRUISE,0.0,55.00060705256925,-54.558950679600834,-1.5717360668610405,TRACKING,4.15772592,4.1284247922285475,81.61681923626065,-50.901032146695506,0.3851802429617066,nan,59.38
CRUISE,0.0,55.00060705256925,-54.558950679600834,-1.5717360668610405,TRACKING,4.16278527,4.1388410925126955,81.69337395976437,-50.86971656400522,0.39250737522811396,nan,59.400000000000006
CRUISE,0.0,55.00060705256925,-54.558950679600834,-1.5717360668610405,TRACKING,4.16278527,4.161809280728897,81.77008772766067,-50.83775249103265,0.39984666388269013,nan,59.42
CRUISE,0.0,55.00060705256925,-54.558950679600834,-1.5717360668610405,TRACKING,4.1732724,4.192394960906363,81.84717305119685,-50.805163674066954,0.4072382944355534,nan,59.440000000000005
CRUISE,0.0,55.00060705256925,-54.558950679600834,-1.5717360668610405,TRACKING,4.1786093,4.207884399927746,81.92446966853264,-50.772009798929666,0.4147198746492445,nan,59.46
CRUISE,0.0,55.00060705256925,-54.558950679600834,-1.5717360668610405,TRACKING,4.18355565,4.217057892404164,82.00163496225461,-50.738108645194025,0.4222298225736193,nan,59.480000000000004
CRUISE,0.0,55.00060705256925,-54.558950679600834,-1.5717360668610405,TRACKING,4.18355565,4.227597217999998,82.07862584863331,-50.70322543322291,0.429645832464861,nan,59.50000000000001
CRUISE,0.0,55.00060705256925,-54.558950679600834,-1.5717360668610405,TRACKING,4.19375573,4.2306306163329275,82.1554114039785,-50.66771595360498,0.43703568073476445,nan,59.52
CRUISE,0.0,55.00060705256925,-54.558950679600834,-1.5717360668610405,TRACKING,4.19901671,4.234174825799744,82.23199437715427,-50.63161235441524,0.4443874383824882,nan,59.540000000000006
CRUISE,0.0,55.00060705256925,-54.558950679600834,-1.5717360668610405,TRACKING,4.2043851,4.240801669665722,82.30844529501022,-50.59487754253943,0.4517320687448976,nan,59.56
CRUISE,0.0,55.00060705256925,-54.558950679600834,-1.5717360668610405,TRACKING,4.20926466,4.2505437496464475,82.38476140963328,-50.557511142171094,0.4591431350800354,nan,59.580000000000005
CRUISE,0.0,55.00060705256925,-54.558950679600834,-1.5717360668610405,TRACKING,4.20926466,4.253136060838285,82.46087018584413,-50.519547320935125,0.46657814663585273,nan,59.6
CRUISE,0.0,55.00060705256925,-54.558950679600834,-1.5717360668610405,TRACKING,4.21937814,4.248743570146623,82.53663717253664,-50.48100850254955,0.4739609950807008,nan,59.620000000000005
CRUISE,0.0,55.00060705256925,-54.558950679600834,-1.5717360668610405,TRACKING,4.22474203,4.236655212713479,82.61184551125838,-50.44181585999205,0.48118046200537457,nan,59.64
CRUISE,0.0,55.00060705256925,-54.558950679600834,-1.5717360668610405,TRACKING,4.23010593,4.222719054941588,82.68644409808937,-50.402135547213014,0.4883169511334794,nan,59.660000000000004
CRUISE,0.0,55.00060705256925,-54.558950679600834,-1.5717360668610405,TRACKING,4.23503857,4.21903710408189,82.76070559964316,-50.362020106753654,0.49552267520463406,nan,59.68000000000001
CRUISE,0.0,55.00060705256925,-54.558950679600834,-1.5717360668610405,TRACKING,4.23503857,4.212697797351884,82.83468810364046,-50.32162671102269,0.5028296125010454,nan,59.7
CRUISE,0.0,55.00060705256925,-54.558950679600834,-1.5717360668610405,TRACKING,4.240238,4.214759997349439,82.9083970179377,-50.28075283236271,0.5101645606227343,nan,59.720000000000006
CRUISE,0.0,55.00060705256925,-54.558950679600834,-1.5717360668610405,TRACKING,4.25077824,4.2215496981660365,82.98190965184602,-50.239276104156694,0.517467880827116,nan,59.74
CRUISE,0.0,55.00060705256925,-54.558950679600834,-1.5717360668610405,TRACKING,4.25625459,4.234175329206338,83.05530028550044,-50.197166875030746,0.5247898498885725,nan,59.760000000000005
CRUISE,0.0,55.00060705256925,-54.558950679600834,-1.5717360668610405,TRACKING,4.26109196,4.235101308029867,83.12845294700956,-50.15448512606434,0.5321765357070344,nan,59.78
CRUISE,0.0,55.00060705256925,-54.558950679600834,-1.5717360668610405,TRACKING,4.26607838,4.239680908464886,83.20135824443373,-50.1112386462426,0.5395750865796259,nan,59.800000000000004
CRUISE,0.0,55.00060705256925,-54.558950679600834,-1.5717360668610405,TRACKING,4.26607838,4.2512056491407435,83.27413122063547,-50.067401480792725,0.5469690172707815,nan,59.82
CRUISE,0.0,55.00060705256925,-54.558950679600834,-1.5717360668610405,TRACKING,4.27665908,4.271905670631237,83.3469490671932,-50.022923708629634,0.5543981440629341,nan,59.84
CRUISE,0.0,55.00060705256925,-54.558950679600834,-1.5717360668610405,TRACKING,4.28210399,4.294217723503812,83.41996008332445,-49.97790137261769,0.561957873538696,nan,59.86000000000001
CRUISE,0.0,55.00060705256925,-54.558950679600834,-1.5717360668610405,TRACKING,4.28684583,4.3054470891161065,83.49296571951045,-49.93225512062422,0.5696505567482566,nan,59.88
CRUISE,0.0,55.00060705256925,-54.558950679600834,-1.5717360668610405,TRACKING,4.28684583,4.308628508938635,83.56563828211321,-49.885962100639816,0.577342680373721,nan,59.900000000000006
CRUISE,0.0,55.00060705256925,-54.558950679600834,-1.5717360668610405,TRACKING,4.29682253,4.312626606300598,83.6379961645128,-49.83903685841771,0.5850034888474724,nan,59.92
CRUISE,0.0,55.00060705256925,-54.558950679600834,-1.5717360668610405,TRACKING,4.30206714,4.317009949103807,83.71004806803052,-49.7914870026519,0.5926115674174838,nan,59.940000000000005
CRUISE,0.0,55.00060705256925,-54.558950679600834,-1.5717360668610405,TRACKING,4.30206714,4.32538022969955,83.78193222311535,-49.7434355164982,0.6002405004483254,nan,59.96
CRUISE,0.0,55.00060705256925,-54.558950679600834,-1.5717360668610405,TRACKING,4.30748311,4.32860595617144,83.85353409727195,-49.69479189437896,0.6079324547945176,nan,59.980000000000004
CRUISE,0.0,55.00060705256925,-54.558950679600834,-1.5717360668610405,TRACKING,4.3121221,4.3280230859968905,83.92471420853471,-49.645513404696025,0.6156083199647717,nan,60.00000000000001
CRUISE,0.0,55.00060705256925,-54.558950679600834,-1.5717360668610405,TRACKING,4.32194253,4.320592873434754,83.9953023975185,-49.595587788400785,0.6231673792195134,nan,60.02
CRUISE,0.0,55.00060705256925,-54.558950679600834,-1.5717360668610405,TRACKING,4.32732313,4.306283792614876,84.0651390990786,-49.54505504117625,0.6305637998728961,nan,60.040000000000006
CRUISE,0.0,55.00060705256925,-54.558950679600834,-1.5717360668610405,TRACKING,4.33207329,4.3056939760628765,84.13451525286527,-49.49403577101454,0.6379945560892254,nan,60.06
CRUISE,0.0,55.00060705256925,-54.558950679600834,-1.5717360668610405,TRACKING,4.33207329,4.307313754824937,84.20352989300217,-49.4424858609789,0.6454614951150699,nan,60.080000000000005
CRUISE,0.0,55.00060705256925,-54.558950679600834,-1.5717360668610405,TRACKING,4.34109037,4.310468151881561,84.27218239548638,-49.39037774681235,0.6529213926337869,nan,60.1
CRUISE,0.0,55.00060705256925,-54.558950679600834,-1.5717360668610405,TRACKING,4.34601678,4.319642351856927,84.34050849635976,-49.337599920285975,0.660322099856477,nan,60.120000000000005
CRUISE,0.0,55.00060705256925,-54.558950679600834,-1.5717360668610405,TRACKING,4.35115849,4.3362517898583475,84.40858010703732,-49.2840197061255,0.667560027990272,nan,60.14
CRUISE,0.0,55.00060705256925,-54.558950679600834,-1.5717360668610405,TRACKING,4.35650622,4.358254841904189,84.47661948231301,-49.22969612364238,0.674607888138862,nan,60.160000000000004
CRUISE,0.0,55.00060705256925,-54.558950679600834,-1.5717360668610405,TRACKING,4.35650622,4.368028441078598,84.54446626218336,-49.17474597548579,0.681732091073769,nan,60.18000000000001
CRUISE,0.0,55.00060705256925,-54.558950679600834,-1.5717360668610405,TRACKING,4.366036,4.3864227839388485,84.6121862557901,-49.11915870046172,0.6891989192142878,nan,60.2
CRUISE,0.0,55.00060705256925,-54.558950679600834,-1.5717360668610405,TRACKING,4.37112392,4.4064603324137614,84.6799628130443,-49.06293100096333,0.6967844248223297,nan,60.220000000000006
CRUISE,0.0,55.00060705256925,-54.558950679600834,-1.5717360668610405,TRACKING,4.37112392,4.4137281742237935,84.74744194074052,-49.006059320041466,0.7043232634302321,nan,60.24
CRUISE,0.0,55.00060705256925,-54.558950679600834,-1.5717360668610405,TRACKING,4.38219521,4.420827808377947,84.81467691055646,-48.948683268474895,0.7119123697940434,nan,60.260000000000005
CRUISE,0.0,55.00060705256925,-54.558950679600834,-1.5717360668610405,TRACKING,4.38672845,4.418375675166834,84.88152924693226,-48.89086631160865,0.719591870545226,nan,60.28
CRUISE,0.0,55.00060705256925,-54.558950679600834,-1.5717360668610405,TRACKING,4.38672845,4.40827195290578,84.94792010545406,-48.83276210928752,0.7273384830739255,nan,60.300000000000004
CRUISE,0.0,55.00060705256925,-54.558950679600834,-1.5717360668610405,TRACKING,4.39647523,4.404628730982879,85.01385632674842,-48.77435021325621,0.7351227725885849,nan,60.32
CRUISE,0.0,55.00060705256925,-54.558950679600834,-1.5717360668610405,TRACKING,4.40170667,4.4095528740475745,85.07938783420992,-48.71534808269236,0.7428372671554054,nan,60.34
CRUISE,0.0,55.00060705256925,-54.558950679600834,-1.5717360668610405,TRACKING,4.40717748,4.414404265726728,85.14463330949636,-48.65589194601062,0.7505862354476805,nan,60.36000000000001
CRUISE,0.0,55.00060705256925,-54.558950679600834,-1.5717360668610405,TRACKING,4.41157405,4.414777896599938,85.20942016137838,-48.59588898229883,0.7583822804034832,nan,60.38
CRUISE,0.0,55.00060705256925,-54.558950679600834,-1.5717360668610405,TRACKING,4.41157405,4.403821747393262,85.27342963243166,-48.535271860968045,0.7660756876619442,nan,60.400000000000006
CRUISE,0.0,55.00060705256925,-54.558950679600834,-1.5717360668610405,TRACKING,4.41622045,4.389392272135056,85.33652500479548,-48.474178155396686,0.7735898854989941,nan,60.42
CRUISE,0.0,55.00060705256925,-54.558950679600834,-1.5717360668610405,TRACKING,4.42652913,4.397747009908948,85.3992097745302,-48.41250883721686,0.7810541514988911,nan,60.440000000000005
CRUISE,0.0,55.00060705256925,-54.558950679600834,-1.5717360668610405,TRACKING,4.42652913,4.408220737683156,85.46155371899647,-48.35026896883522,0.7885144795677365,nan,60.46
CRUISE,0.0,55.00060705256925,-54.558950679600834,-1.5717360668610405,TRACKING,4.43620069,4.409129063687644,85.52349127637639,-48.28749757241818,0.7960384692719691,nan,60.480000000000004
CRUISE,0.0,55.00060705256925,-54.558950679600834,-1.5717360668610405,TRACKING,4.43620069,4.409662702775242,85.58495590651434,-48.224258889717255,0.8035850495353188,nan,60.50000000000001
CRUISE,0.0,55.00060705256925,-54.558950679600834,-1.5717360668610405,TRACKING,4.44072843,4.413056438048487,85.64597072032544,-48.1605042834934,0.811109537992562,nan,60.52
CRUISE,0.0,55.00060705256925,-54.558950679600834,-1.5717360668610405,TRACKING,4.45059116,4.419842265700771,85.70655554554538,-48.096179633045985,0.818576369455538,nan,60.540000000000006
CRUISE,0.0,55.00060705256925,-54.558950679600834,-1.5717360668610405,TRACKING,4.45059116,4.434141786353593,85.76683903387367,-48.031253880436694,0.8260473012469004,nan,60.56
CRUISE,0.0,55.00060705256925,-54.558950679600834,-1.5717360668610405,TRACKING,4.46005622,4.45664530614978,85.82675258042306,-47.965439500247264,0.8335224609971243,nan,60.580000000000005
CRUISE,0.0,55.00060705256925,-54.558950679600834,-1.5717360668610405,TRACKING,4.46005622,4.493385990456356,85.88654933397467,-47.89860525834026,0.8410331659260805,nan,60.6
CRUISE,0.0,55.00060705256925,-54.558950679600834,-1.5717360668610405,TRACKING,4.46914054,4.506355998020386,85.94637744330147,-47.831220313962795,0.8486903865111151,nan,60.620000000000005
CRUISE,0.0,55.00060705256925,-54.558950679600834,-1.5717360668610405,TRACKING,4.47412573,4.509224433623743,86.00572973138615,-47.7633419764706,0.8562994715111948,nan,60.64
CRUISE,0.0,55.00060705256925,-54.558950679600834,-1.5717360668610405,TRACKING,4.47940666,4.5162559932159505,86.06462008193895,-47.694953605180096,0.8638189295218625,nan,60.660000000000004
CRUISE,0.0,55.00060705256925,-54.558950679600834,-1.5717360668610405,TRACKING,4.49574142,4.526991351794203,86.12312727540757,-47.625978053350465,0.8711716426976254,nan,60.68000000000001
CRUISE,0.0,55.00060705256925,-54.558950679600834,-1.5717360668610405,TRACKING,4.49574142,4.539467102730678,86.18128573206792,-47.556397188204606,0.8783056599664234,nan,60.7
CRUISE,0.0,55.00060705256925,-54.558950679600834,-1.5717360668610405,TRACKING,4.52994629,4.549542272748987,86.23912427927263,-47.486253578265995,0.8851930393826156,nan,60.720000000000006
CRUISE,0.0,55.00060705256925,-54.558950679600834,-1.5717360668610405,TRACKING,4.54771656,4.564792650194274,86.29667304126063,-47.41549970670215,0.8918023507541433,nan,60.74
CRUISE,0.0,55.00060705256925,-54.558950679600834,-1.5717360668610405,TRACKING,4.56584386,4.5782565199324115,86.3540980627767,-47.34428023531733,0.8982508712728213,nan,60.760000000000005
CRUISE,0.0,55.00060705256925,-54.558950679600834,-1.5717360668610405,TRACKING,4.56584386,4.590778968738443,86.41119780151116,-47.27245742983281,0.9045429215634754,nan,60.78
CRUISE,0.0,55.00060705256925,-54.558950679600834,-1.5717360668610405,TRACKING,4.59763825,4.599083208205248,86.46782158856422,-47.200039856122565,0.9106132053567246,nan,60.800000000000004
CRUISE,0.0,55.00060705256925,-54.558950679600834,-1.5717360668610405,TRACKING,4.59763825,4.616949749923603,86.52419325709315,-47.12700927435927,0.9165188237502683,nan,60.82
CRUISE,0.0,55.00060705256925,-54.558950679600834,-1.5717360668610405,TRACKING,4.61405773,4.634985388436965,86.58035121098744,-47.05336917076006,0.9222660153900385,nan,60.84
CRUISE,0.0,55.00060705256925,-54.558950679600834,-1.5717360668610405,TRACKING,4.63086618,4.633409652496371,86.63614249247448,-46.979365822837565,0.9278961740187948,nan,60.86000000000001
CRUISE,0.0,55.00060705256925,-54.558950679600834,-1.5717360668610405,TRACKING,4.64805189,4.645290286057076,86.69169807098437,-46.904982012762886,0.9335973870314518,nan,60.88
CRUISE,0.0,55.00060705256925,-54.558950679600834,-1.5717360668610405,TRACKING,4.67602949,4.662323021611503,86.74691306052655,-46.829962369787026,0.9393071382639541,nan,60.900000000000006
CRUISE,0.0,55.00060705256925,-54.558950679600834,-1.5717360668610405,TRACKING,4.69103345,4.677602153781645,86.80187460351989,-46.754370735192175,0.9450000707143728,nan,60.92
CRUISE,0.0,55.00060705256925,-54.558950679600834,-1.5717360668610405,TRACKING,4.69103345,4.69244238418252,86.85654736033337,-46.67821774886414,0.9506539766919704,nan,60.940000000000005
CRUISE,0.0,55.00060705256925,-54.558950679600834,-1.5717360668610405,TRACKING,4.7214704,4.7134555217023895,86.91105116598037,-46.60144446293181,0.9563139420922526,nan,60.96
CRUISE,0.0,55.00060705256925,-54.558950679600834,-1.5717360668610405,TRACKING,4.73351101,4.733313124560842,86.96532671624794,-46.52402272565517,0.9620631154586299,nan,60.980000000000004
CRUISE,0.0,55.00060705256925,-54.558950679600834,-1.5717360668610405,TRACKING,4.73351101,4.772344149685234,87.01950792887486,-46.44573109253517,0.9679017126678047,nan,61.001000000000005
CRUISE,0.0,55.00060705256925,-54.558950679600834,-1.5717360668610405,TRACKING,4.75889911,4.796939553490411,87.0736509518803,-46.366606098855414,0.9737951445058566,nan,61.021
CRUISE,0.0,55.00060705256925,-54.558950679600834,-1.5717360668610405,TRACKING,4.77229632,4.807130109384845,87.12743676499348,-46.28700220669099,0.9796440880952388,nan,61.040000000000006
CRUISE,0.0,55.00060705256925,-54.558950679600834,-1.5717360668610405,TRACKING,4.77229632,4.824364861753177,87.18099186120128,-46.20681190778814,0.9854917890143264,nan,61.06
CRUISE,0.0,55.00060705256925,-54.558950679600834,-1.5717360668610405,TRACKING,4.78616922,4.8356184016742425,87.2342437438104,-46.126142082190746,0.9914418912328901,nan,61.080000000000005
CRUISE,0.0,55.00060705256925,-54.558950679600834,-1.5717360668610405,TRACKING,4.80762056,4.848003663292044,87.28707567969447,-46.044897213192506,0.9974221144362858,nan,61.1
CRUISE,0.0,55.00060705256925,-54.558950679600834,-1.5717360668610405,TRACKING,4.80762056,4.855422583931506,87.3394947114474,-45.9632123689671,1.0033927892190786,nan,61.120000000000005
CRUISE,0.0,55.00060705256925,-54.558950679600834,-1.5717360668610405,TRACKING,4.83102884,4.864284561588843,87.39151651533953,-45.8810755832353,1.0093111736681974,nan,61.14
CRUISE,0.0,55.00060705256925,-54.558950679600834,-1.5717360668610405,TRACKING,4.84351639,4.868665366843564,87.44325362873403,-45.798587593070685,1.015245736549077,nan,61.160000000000004
CRUISE,0.0,55.00060705256925,-54.558950679600834,-1.5717360668610405,TRACKING,4.85260685,4.850316548627329,87.49462149068825,-45.71616514432868,1.021339015870148,nan,61.18000000000001
CRUISE,0.0,55.00060705256925,-54.558950679600834,-1.5717360668610405,TRACKING,4.85260685,4.844088817842068,87.54518100041777,-45.63346106628323,1.0273883926351215,nan,61.2
CRUISE,0.0,55.00060705256925,-54.558950679600834,-1.5717360668610405,TRACKING,4.86222172,4.855903754576481,87.59513799066086,-45.55023286344816,1.0333610203976773,nan,61.220000000000006
CRUISE,0.0,55.00060705256925,-54.558950679600834,-1.5717360668610405,TRACKING,4.87234501,4.871209845576084,87.64473636641785,-45.46645577360168,1.0392875441407343,nan,61.24
CRUISE,0.0,55.00060705256925,-54.558950679600834,-1.5717360668610405,TRACKING,4.89428704,4.869176404888892,87.69392661172785,-45.38238529685175,1.0452034389546128,nan,61.260000000000005
CRUISE,0.0,55.00060705256925,-54.558950679600834,-1.5717360668610405,TRACKING,4.89428704,4.87895000570373,87.74269895935089,-45.297909427089515,1.0511852575186684,nan,61.28
CRUISE,0.0,55.00060705256925,-54.558950679600834,-1.5717360668610405,TRACKING,4.91108597,4.888287991842613,87.79103696066471,-45.212968781384504,1.057207550110056,nan,61.300000000000004
CRUISE,0.0,55.00060705256925,-54.558950679600834,-1.5717360668610405,TRACKING,4.91108597,4.900130993486467,87.83890936782792,-45.12751590308575,1.0632209082503719,nan,61.32
CRUISE,0.0,55.00060705256925,-54.558950679600834,-1.5717360668610405,TRACKING,4.92959243,4.912857158059885,87.88634316801688,-45.041559411139474,1.0691845546922114,nan,61.341
CRUISE,0.0,55.00060705256925,-54.558950679600834,-1.5717360668610405,TRACKING,4.93972471,4.925060532893745,87.93342706191325,-44.95512395670153,1.0751479187122168,nan,61.36000000000001
CRUISE,0.0,55.00060705256925,-54.558950679600834,-1.5717360668610405,TRACKING,4.93972471,4.947001875464506,87.98021643817845,-44.86810062789696,1.081232132102153,nan,61.38
CRUISE,0.0,55.00060705256925,-54.558950679600834,-1.5717360668610405,TRACKING,4.95378105,4.988086128453242,88.02688768482183,-44.78017083861717,1.0874578936653896,nan,61.400000000000006
CRUISE,0.0,55.00060705256925,-54.558950679600834,-1.5717360668610405,TRACKING,4.96167903,4.996603029721292,88.07305751604119,-44.691571753728134,1.0936541108145938,nan,61.42
CRUISE,0.0,55.00060705256925,-54.558950679600834,-1.5717360668610405,TRACKING,4.97021231,5.001905141700729,88.11872330830242,-44.60260215820714,1.099802459059047,nan,61.440000000000005
CRUISE,0.0,55.00060705256925,-54.558950679600834,-1.5717360668610405,TRACKING,4.97021231,5.014681108528877,88.16398895311475,-44.513141259706714,1.1059423372242363,nan,61.46
CRUISE,0.0,55.00060705256925,-54.558950679600834,-1.5717360668610405,TRACKING,4.98511613,5.019021677578694,88.20880769397499,-44.42334679582392,1.112194345762748,nan,61.480000000000004
CRUISE,0.0,55.00060705256925,-54.558950679600834,-1.5717360668610405,TRACKING,4.99148968,5.0298434704005155,88.25307061523459,-44.33304205463843,1.1184901705061978,nan,61.50000000000001
CRUISE,0.0,55.00060705256925,-54.558950679600834,-1.5717360668610405,TRACKING,4.99846442,5.032864187707544,88.29678249330925,-44.2423930965697,1.1247816325347937,nan,61.521
CRUISE,0.0,55.00060705256925,-54.558950679600834,-1.5717360668610405,TRACKING,5.00610137,5.040831970587418,88.34002210364072,-44.15133901749301,1.1310867481208347,nan,61.540000000000006
CRUISE,0.0,55.00060705256925,-54.558950679600834,-1.5717360668610405,TRACKING,5.00610137,5.0386301324771905,88.3827200730148,-44.06002119791769,1.1374477738572086,nan,61.56
CRUISE,0.0,55.00060705256925,-54.558950679600834,-1.5717360668610405,TRACKING,5.01587538,5.008820393692276,88.4248129500033,-43.96890768726142,1.143892090854653,nan,61.580000000000005
CRUISE,0.0,55.00060705256925,-54.558950679600834,-1.5717360668610405,TRACKING,5.01587538,4.994978458570698,88.46595665331091,-43.877863165751535,1.1502789245623013,nan,61.6
CRUISE,0.0,55.00060705256925,-54.558950679600834,-1.5717360668610405,TRACKING,5.0276329,5.006271926596572,88.50654058020865,-43.78637854155996,1.1566346209268494,nan,61.620000000000005
CRUISE,0.0,55.00060705256925,-54.558950679600834,-1.5717360668610405,TRACKING,5.03454361,5.0146717222868045,88.54654511917818,-43.69446116105676,1.1629047468989138,nan,61.64
CRUISE,0.0,55.00060705256925,-54.558950679600834,-1.5717360668610405,TRACKING,5.03454361,5.00996153094273,88.5860813789467,-43.60234292058304,1.1691712288335863,nan,61.660000000000004
CRUISE,0.0,55.00060705256925,-54.558950679600834,-1.5717360668610405,TRACKING,5.04212028,5.012542082434849,88.62511452139293,-43.51001291248267,1.1755462717057155,nan,61.68000000000001
CRUISE,0.0,55.00060705256925,-54.558950679600834,-1.5717360668610405,TRACKING,5.05116129,5.022341863786808,88.66354782237262,-43.41723301931904,1.1819690699746972,nan,61.7
CRUISE,0.0,55.00060705256925,-54.558950679600834,-1.5717360668610405,TRACKING,5.05665962,5.032480676799681,88.7014056918037,-43.32401495513004,1.1883825586265147,nan,61.720000000000006
CRUISE,0.0,55.00060705256925,-54.558950679600834,-1.5717360668610405,TRACKING,5.05665962,5.0434934310650235,88.73875277923611,-43.23035540961566,1.194760770285622,nan,61.74
CRUISE,0.0,55.00060705256925,-54.558950679600834,-1.5717360668610405,TRACKING,5.06286326,5.053628565633688,88.7757091067632,-43.13637941729118,1.201171656235275,nan,61.760000000000005
CRUISE,0.0,55.00060705256925,-54.558950679600834,-1.5717360668610405,TRACKING,5.07326018,5.082974021892867,88.8122775650234,-43.041717187518756,1.20771439848908,nan,61.78
CRUISE,0.0,55.00060705256925,-54.558950679600834,-1.5717360668610405,TRACKING,5.07326018,5.114711125713006,88.84830643129538,-42.94605609135296,1.2143149821663317,nan,61.800000000000004
CRUISE,0.0,55.00060705256925,-54.558950679600834,-1.5717360668610405,TRACKING,5.08231134,5.116755534253622,88.88371500343318,-42.85005248839724,1.2209175054224484,nan,61.82000000000001
CRUISE,0.0,55.00060705256925,-54.558950679600834,-1.5717360668610405,TRACKING,5.087893,5.119232070192759,88.91850429294173,-42.753778812828955,1.2274753767457012,nan,61.84
CRUISE,0.0,55.00060705256925,-54.558950679600834,-1.5717360668610405,TRACKING,5.09417781,5.130976458912808,88.9527511722438,-42.65708626675248,1.2340229458136251,nan,61.86000000000001
CRUISE,0.0,55.00060705256925,-54.558950679600834,-1.5717360668610405,TRACKING,5.09417781,5.132738552366174,88.98642667971798,-42.560116955023695,1.2406785215839653,nan,61.88
CRUISE,0.0,55.00060705256925,-54.558950679600834,-1.5717360668610405,TRACKING,5.10070628,5.137937246986265,89.01943792193529,-42.46282330324792,1.2474021520394123,nan,61.900000000000006
CRUISE,0.0,55.00060705256925,-54.558950679600834,-1.5717360668610405,TRACKING,5.10500274,5.13955490083561,89.05178976326198,-42.36526417422892,1.2541273198533502,nan,61.92100000000001
CRUISE,0.0,55.00060705256925,-54.558950679600834,-1.5717360668610405,TRACKING,5.1100396,5.140363919168285,89.08349562582714,-42.26747326594656,1.260808972073265,nan,61.940000000000005
CRUISE,0.0,55.00060705256925,-54.558950679600834,-1.5717360668610405,TRACKING,5.11579539,5.117031751472464,89.11446331046689,-42.16975402335973,1.2674420904904715,nan,61.96
CRUISE,0.0,55.00060705256925,-54.558950679600834,-1.5717360668610405,TRACKING,5.11579539,5.099395207868116,89.14462200910278,-42.07231235605454,1.2741270342132103,nan,61.980000000000004
CRUISE,0.0,55.00060705256925,-54.558950679600834,-1.5717360668610405,TRACKING,5.11818823,5.091701371784458,89.17410387404131,-41.974797177198695,1.2808888310451534,nan,62.00000000000001
CRUISE,0.0,55.00060705256925,-54.558950679600834,-1.5717360668610405,TRACKING,5.1212989,5.096486389695055,89.20291839641291,-41.87705586053717,1.2876555121178852,nan,62.02
CRUISE,0.0,55.00060705256925,-54.558950679600834,-1.5717360668610405,TRACKING,5.12966603,5.103386659376033,89.2310847036355,-41.77900132504351,1.2943627366844659,nan,62.040000000000006
CRUISE,0.0,55.00060705256925,-54.558950679600834,-1.5717360668610405,TRACKING,5.12966603,5.095504385279872,89.25865729138913,-41.680827362818896,1.301075196797432,nan,62.06
CRUISE,0.0,55.00060705256925,-54.558950679600834,-1.5717360668610405,TRACKING,5.13495965,5.095632453239058,89.28560607358573,-41.58254666090953,1.3079021796218373,nan,62.080000000000005
CRUISE,0.0,55.00060705256925,-54.558950679600834,-1.5717360668610405,TRACKING,5.13689974,5.104881679759104,89.31185878337462,-41.483901261563545,1.3147940817336172,nan,62.1
CRUISE,0.0,55.00060705256925,-54.558950679600834,-1.5717360668610405,TRACKING,5.13957084,5.119329570293752,89.33746230741669,-41.384811008218136,1.3216817521572546,nan,62.120000000000005
CRUISE,0.0,55.00060705256925,-54.558950679600834,-1.5717360668610405,TRACKING,5.14784148,5.132528912976946,89.36260917010313,-41.28536388164841,1.3285878357206804,nan,62.14
CRUISE,0.0,55.00060705256925,-54.558950679600834,-1.5717360668610405,TRACKING,5.14784148,5.164092998337877,89.38718162981934,-41.18524750983712,1.3355071598013093,nan,62.160000000000004
CRUISE,0.0,55.00060705256925,-54.558950679600834,-1.5717360668610405,TRACKING,5.15428014,5.184651572653976,89.41109353375637,-41.08437312584405,1.3425330438469292,nan,62.18000000000001
CRUISE,0.0,55.00060705256925,-54.558950679600834,-1.5717360668610405,TRACKING,5.15655531,5.1962739863998895,89.43427401283604,-40.983106996102656,1.3496385975140093,nan,62.2
CRUISE,0.0,55.00060705256925,-54.558950679600834,-1.5717360668610405,TRACKING,5.15955003,5.1908366890601245,89.4567083164036,-40.88172323070236,1.3567320814052652,nan,62.220000000000006
CRUISE,0.0,55.00060705256925,-54.558950679600834,-1.5717360668610405,TRACKING,5.15955003,5.197385855835472,89.47844650602214,-40.78009244950363,1.3637657495598141,nan,62.24
CRUISE,0.0,55.00060705256925,-54.558950679600834,-1.5717360668610405,TRACKING,5.16860622,5.2014127624692525,89.49951675969818,-40.67820746056231,1.3707999409158989,nan,62.260000000000005
CRUISE,0.0,55.00060705256925,-54.558950679600834,-1.5717360668610405,TRACKING,5.16980063,5.201511098746989,89.51988875746454,-40.57620931152787,1.3779329548699373,nan,62.28
CRUISE,0.0,55.00060705256925,-54.558950679600834,-1.5717360668610405,TRACKING,5.16980063,5.209152604961831,89.5395077491796,-40.47390596534754,1.3851174094503063,nan,62.300000000000004
CRUISE,0.0,55.00060705256925,-54.558950679600834,-1.5717360668610405,TRACKING,5.17439458,5.201671422224696,89.55837464799531,-40.37156498044724,1.3922661223917179,nan,62.32000000000001
CRUISE,0.0,55.00060705256925,-54.558950679600834,-1.5717360668610405,TRACKING,5.17784398,5.1780604706820474,89.57640442794487,-40.26942777414066,1.3992534892942583,nan,62.34
CRUISE,0.0,55.00060705256925,-54.558950679600834,-1.5717360668610405,TRACKING,5.182058,5.135964091467356,89.59362000193495,-40.16796958539826,1.4060839490503838,nan,62.36000000000001
CRUISE,0.0,55.00060705256925,-54.558950679600834,-1.5717360668610405,TRACKING,5.182058,5.129142438334499,89.61011334084519,-40.06672143152743,1.412947532994554,nan,62.38
CRUISE,0.0,55.00060705256925,-54.558950679600834,-1.5717360668610405,TRACKING,5.14930151,5.116506289644941,89.62587988862951,-39.965561565477465,1.4199602415631565,nan,62.400000000000006
CRUISE,0.0,55.00060705256925,-54.558950679600834,-1.5717360668610405,TRACKING,5.13334962,5.101075045522208,89.64089474973474,-39.86456255800385,1.4271935554005521,nan,62.42
CRUISE,0.0,55.00060705256925,-54.558950679600834,-1.5717360668610405,TRACKING,5.11808849,5.072004486239462,89.65508664980892,-39.763985599361895,1.4346037643307394,nan,62.440000000000005
CRUISE,0.0,55.00060705256925,-54.558950679600834,-1.5717360668610405,TRACKING,5.11808849,5.053418082117812,89.66846346070406,-39.66375107580026,1.442021608447526,nan,62.46
CRUISE,0.0,55.00060705256925,-54.558950679600834,-1.5717360668610405,TRACKING,5.10322285,5.048443723374956,89.68108295171525,-39.563552787437125,1.4493406105823443,nan,62.480000000000004
CRUISE,0.0,55.00060705256925,-54.558950679600834,-1.5717360668610405,TRACKING,5.07123711,5.043046468286645,89.69301247512237,-39.46337890405877,1.456490864918251,nan,62.50000000000001
CRUISE,0.0,55.00060705256925,-54.558950679600834,-1.5717360668610405,TRACKING,5.05620848,5.048395411029461,89.70420278706283,-39.36309384561127,1.46338022614696,nan,62.521
CRUISE,0.0,55.00060705256925,-54.558950679600834,-1.5717360668610405,TRACKING,5.04184559,5.03082259530667,89.71467926193557,-39.262956365988536,1.4699598688930902,nan,62.540000000000006
CRUISE,0.0,55.00060705256925,-54.558950679600834,-1.5717360668610405,TRACKING,5.04184559,5.014122395412982,89.72447899236761,-39.16307446380919,1.476203876981796,nan,62.56
CRUISE,0.0,55.00060705256925,-54.558950679600834,-1.5717360668610405,TRACKING,5.01253548,4.999665946460028,89.73363827888761,-39.06341634054619,1.4821128856960122,nan,62.580000000000005
CRUISE,0.0,55.00060705256925,-54.558950679600834,-1.5717360668610405,TRACKING,5.01253548,4.987240440881995,89.7421971487029,-38.963975983469034,1.487675571581103,nan,62.6
CRUISE,0.0,55.00060705256925,-54.558950679600834,-1.5717360668610405,TRACKING,4.98386054,4.9752394312295625,89.75019644710336,-38.86473770645401,1.4928833434334294,nan,62.620000000000005
CRUISE,0.0,55.00060705256925,-54.558950679600834,-1.5717360668610405,TRACKING,4.98386054,4.968707805395877,89.75769650371326,-38.7656310908704,1.4977582285070181,nan,62.64
CRUISE,0.0,55.00060705256925,-54.558950679600834,-1.5717360668610405,TRACKING,4.97425102,4.97005939446174,89.7647317857338,-38.66648234211236,1.502305451418158,nan,62.660000000000004
CRUISE,0.0,55.00060705256925,-54.558950679600834,-1.5717360668610405,TRACKING,4.97893979,4.974392535580332,89.77133694411481,-38.56723901752141,1.506516517878569,nan,62.68000000000001
CRUISE,0.0,55.00060705256925,-54.558950679600834,-1.5717360668610405,TRACKING,4.98469471,4.981341069553294,89.77754761727276,-38.467845858519496,1.5104008566760667,nan,62.701
CRUISE,0.0,55.00060705256925,-54.558950679600834,-1.5717360668610405,TRACKING,4.99116363,4.989119478887356,89.78338088558205,-38.368278670021795,1.5139742445262763,nan,62.720000000000006
CRUISE,0.0,55.00060705256925,-54.558950679600834,-1.5717360668610405,TRACKING,4.99832128,4.997140016469577,89.78886029478794,-38.26852773136366,1.5172537099068606,nan,62.74
CRUISE,0.0,55.00060705256925,-54.558950679600834,-1.5717360668610405,TRACKING,5.00613829,5.003974979248602,89.79403544255486,-38.16861553492038,1.5202518705998675,nan,62.760000000000005
CRUISE,0.0,55.00060705256925,-54.558950679600834,-1.5717360668610405,TRACKING,5.01412988,5.012157327733867,89.79893468512093,-38.068536271710144,1.5229441789504699,nan,62.78
CRUISE,0.0,55.00060705256925,-54.558950679600834,-1.5717360668610405,TRACKING,5.01412988,5.022887000183159,89.80358956783355,-37.96824206680258,1.5253125639979372,nan,62.800000000000004
CRUISE,0.0,55.00060705256925,-54.558950679600834,-1.5717360668610405,TRACKING,5.03196461,5.033771206141797,89.80805104098711,-37.86771946852444,1.5273551895067714,nan,62.82000000000001
CRUISE,0.0,55.00060705256925,-54.558950679600834,-1.5717360668610405,TRACKING,5.03196461,5.0444380714697035,89.81233650560031,-37.766974885402206,1.52910644965735,nan,62.84
CRUISE,0.0,55.00060705256925,-54.558950679600834,-1.5717360668610405,TRACKING,5.04177883,5.055684852617927,89.8164691039785,-37.66600868701781,1.5305887725066858,nan,62.86000000000001
CRUISE,0.0,55.00060705256925,-54.558950679600834,-1.5717360668610405,TRACKING,5.08066866,5.077553111012623,89.82048569590509,-37.56465425644396,1.5317774531202022,nan,62.88
CRUISE,0.0,55.00060705256925,-54.558950679600834,-1.5717360668610405,TRACKING,5.10916866,5.1040904715085595,89.82441697470772,-37.462792600762164,1.5326406644682027,nan,62.900000000000006
CRUISE,0.0,55.00060705256925,-54.558950679600834,-1.5717360668610405,TRACKING,5.10916866,5.139456513478266,89.82830171059312,-37.360267464931624,1.5331852065468345,nan,62.92
CRUISE,0.0,55.00060705256925,-54.558950679600834,-1.5717360668610405,TRACKING,5.16916866,5.173623514750274,89.83216942167947,-37.257050334202475,1.533475441570622,nan,62.940000000000005
CRUISE,0.0,55.00060705256925,-54.558950679600834,-1.5717360668610405,TRACKING,5.19916866,5.191103206996592,89.83603560321804,-37.15335754675838,1.5335487132481622,nan,62.96
CRUISE,0.0,55.00060705256925,-54.558950679600834,-1.5717360668610405,TRACKING,5.19916866,5.204345140495012,89.83991409898078,-37.04939096763252,1.5334387763114674,nan,62.980000000000004
CRUISE,0.0,55.00060705256925,-54.558950679600834,-1.5717360668610405,TRACKING,5.21050528,5.213956373566176,89.8438181167384,-36.945225109593,1.5331984449047424,nan,63.00000000000001
CRUISE,0.0,55.00060705256925,-54.558950679600834,-1.5717360668610405,TRACKING,5.22537854,5.22615634260815,89.84775947062484,-36.840839918258546,1.5328521991693023,nan,63.02
CRUISE,0.0,55.00060705256925,-54.558950679600834,-1.5717360668610405,TRACKING,5.23228843,5.235174910570199,89.85175044883428,-36.736248338420204,1.5324265379488486,nan,63.040000000000006
CRUISE,0.0,55.00060705256925,-54.558950679600834,-1.5717360668610405,TRACKING,5.23904359,5.245473437872123,89.8557970731581,-36.63145144397399,1.5319670404599095,nan,63.06
CRUISE,0.0,55.00060705256925,-54.558950679600834,-1.5717360668610405,TRACKING,5.23904359,5.25137911218022,89.85989660976024,-36.526533685618276,1.5315280409994487,nan,63.080000000000005
CRUISE,0.0,55.00060705256925,-54.558950679600834,-1.5717360668610405,TRACKING,5.24565602,5.25978640890085,89.86404836120376,-36.421456885966,1.5311015340856888,nan,63.1
CRUISE,0.0,55.00060705256925,-54.558950679600834,-1.5717360668610405,TRACKING,5.25846938,5.266319153368979,89.8682493545999,-36.31623140410684,1.5306813436915823,nan,63.120000000000005
CRUISE,0.0,55.00060705256925,-54.558950679600834,-1.5717360668610405,TRACKING,5.25846938,5.272770854329336,89.87249899464464,-36.21087748416618,1.5302635426341777,nan,63.14
CRUISE,0.0,55.00060705256925,-54.558950679600834,-1.5717360668610405,TRACKING,5.26467626,5.277668605073305,89.87679812289446,-36.105427020386294,1.5298520353485467,nan,63.160000000000004
CRUISE,0.0,55.00060705256925,-54.558950679600834,-1.5717360668610405,TRACKING,5.27670427,5.284060224330105,89.88114429666807,-35.999850728022395,1.529448812621944,nan,63.18000000000001
CRUISE,0.0,55.00060705256925,-54.558950679600834,-1.5717360668610405,TRACKING,5.27670427,5.289898191458028,89.8855370152014,-35.8941584462573,1.5290495218833184,nan,63.2
CRUISE,0.0,55.00060705256925,-54.558950679600834,-1.5717360668610405,TRACKING,5.28823567,5.295838174953575,89.88997654603386,-35.78835463422929,1.5286516562395462,nan,63.220000000000006
CRUISE,0.0,55.00060705256925,-54.558950679600834,-1.5717360668610405,TRACKING,5.29382159,5.301562573823949,89.89446296037927,-35.682433989445485,1.528251526801555,nan,63.24
CRUISE,0.0,55.00060705256925,-54.558950679600834,-1.5717360668610405,TRACKING,5.29929097,5.3054837225483364,89.89899492797232,-35.576433030025896,1.5278542217225843,nan,63.260000000000005
CRUISE,0.0,55.00060705256925,-54.558950679600834,-1.5717360668610405,TRACKING,5.29929097,5.308514188179092,89.90357185563057,-35.47036930459832,1.5274663208617343,nan,63.28
CRUISE,0.0,55.00060705256925,-54.558950679600834,-1.5717360668610405,TRACKING,5.30977811,5.3133165303909236,89.90819378919834,-35.36421430709486,1.5270838034898313,nan,63.300000000000004
CRUISE,0.0,55.00060705256925,-54.558950679600834,-1.5717360668610405,TRACKING,5.30977811,5.318007745495972,89.91286033106137,-35.25796746314087,1.5267027240075128,nan,63.32000000000001
CRUISE,0.0,55.00060705256925,-54.558950679600834,-1.5717360668610405,TRACKING,5.3199416,5.322681588818512,89.9175715670711,-35.15162905163273,1.526319777086302,nan,63.34
CRUISE,0.0,55.00060705256925,-54.558950679600834,-1.5717360668610405,TRACKING,5.32486603,5.328922020433893,89.92232906450569,-35.04517671651132,1.525940536152076,nan,63.36000000000001
CRUISE,0.0,55.00060705256925,-54.558950679600834,-1.5717360668610405,TRACKING,5.32968779,5.332970066400682,89.92713017253037,-34.93863799966068,1.5255702899571215,nan,63.38
CRUISE,0.0,55.00060705256925,-54.558950679600834,-1.5717360668610405,TRACKING,5.33431047,5.337444123536535,89.93197451114705,-34.832011556493654,1.5252045996020198,nan,63.400000000000006
CRUISE,0.0,55.00060705256925,-54.558950679600834,-1.5717360668610405,TRACKING,5.33893315,5.34164234352289,89.93686156627145,-34.72529937229681,1.5248406319812777,nan,63.42
CRUISE,0.0,55.00060705256925,-54.558950679600834,-1.5717360668610405,TRACKING,5.34345939,5.346324587671204,89.94179244096452,-34.61849540404402,1.5244753809864393,nan,63.440000000000005
CRUISE,0.0,55.00060705256925,-54.558950679600834,-1.5717360668610405,TRACKING,5.34345939,5.352941660335574,89.9467690288293,-34.51158189166091,1.5241144175402914,nan,63.46
CRUISE,0.0,55.00060705256925,-54.558950679600834,-1.5717360668610405,TRACKING,5.35223452,5.357626735777167,89.95178807782112,-34.40455844798147,1.5237626266439952,nan,63.480000000000004
CRUISE,0.0,55.00060705256925,-54.558950679600834,-1.5717360668610405,TRACKING,5.35223452,5.362084406374299,89.95684810001087,-34.29744492476131,1.5234156418841664,nan,63.50000000000001
CRUISE,0.0,55.00060705256925,-54.558950679600834,-1.5717360668610405,TRACKING,5.35648533,5.366443010419274,89.96194856933118,-34.190249703466655,1.52307005728773,nan,63.52
CRUISE,0.0,55.00060705256925,-54.558950679600834,-1.5717360668610405,TRACKING,5.36064747,5.369379166387762,89.967090769188,-34.08299300323944,1.5227298406970544,nan,63.540000000000006
CRUISE,0.0,55.00060705256925,-54.558950679600834,-1.5717360668610405,TRACKING,5.36862983,5.373539185712179,89.97227118591255,-33.975655611377405,1.5223979145773823,nan,63.56
CRUISE,0.0,55.00060705256925,-54.558950679600834,-1.5717360668610405,TRACKING,5.37253688,5.3776575449912745,89.97749087733236,-33.868236953602135,1.52207135497891,nan,63.581
CRUISE,0.0,55.00060705256925,-54.558950679600834,-1.5717360668610405,TRACKING,5.37253688,5.381627363522527,89.98274941934721,-33.76074003863813,1.5217470700230582,nan,63.6
CRUISE,0.0,55.00060705256925,-54.558950679600834,-1.5717360668610405,TRACKING,5.38010983,5.385473894929675,89.9880449468482,-33.65316774068922,1.5214217137678316,nan,63.620000000000005
CRUISE,0.0,55.00060705256925,-54.558950679600834,-1.5717360668610405,TRACKING,5.38010983,5.386050394143301,89.99337723545145,-33.54557734796354,1.5210938805200922,nan,63.64
CRUISE,0.0,55.00060705256925,-54.558950679600834,-1.5717360668610405,TRACKING,5.38377909,5.390262510662383,89.99874961759167,-33.43791162154509,1.520769084977916,nan,63.660000000000004
CRUISE,0.0,55.00060705256925,-54.558950679600834,-1.5717360668610405,TRACKING,5.39088964,5.393313786888751,90.0041596256648,-33.3301857198759,1.5204529050554554,nan,63.68000000000001
CRUISE,0.0,55.00060705256925,-54.558950679600834,-1.5717360668610405,TRACKING,5.39433406,5.396410289440458,90.00960654010461,-33.222400016683565,1.5201412905419178,nan,63.701
CRUISE,0.0,55.00060705256925,-54.558950679600834,-1.5717360668610405,TRACKING,5.39770663,5.399439293651927,90.01508984279597,-33.11455879951887,1.5198311279465906,nan,63.720000000000006
CRUISE,0.0,55.00060705256925,-54.558950679600834,-1.5717360668610405,TRACKING,5.39770663,5.4028856675424075,90.02060989497113,-33.0066506730704,1.5195194631896312,nan,63.74
CRUISE,0.0,55.00060705256925,-54.558950679600834,-1.5717360668610405,TRACKING,5.40100883,5.406853471924757,90.02616804176552,-32.89867517082325,1.519211713457008,nan,63.760000000000005
CRUISE,0.0,55.00060705256925,-54.558950679600834,-1.5717360668610405,TRACKING,5.40424215,5.409597410215947,90.03176182180448,-32.79063871119185,1.5189127003423653,nan,63.78
CRUISE,0.0,55.00060705256925,-54.558950679600834,-1.5717360668610405,TRACKING,5.41050784,5.412338985254404,90.03739173643582,-32.682543958455426,1.5186189311568512,nan,63.800000000000004
CRUISE,0.0,55.00060705256925,-54.558950679600834,-1.5717360668610405,TRACKING,5.413543,5.417283769055376,90.04305765614541,-32.574374893212905,1.5183270639982724,nan,63.82000000000001
CRUISE,0.0,55.00060705256925,-54.558950679600834,-1.5717360668610405,TRACKING,5.41651484,5.4207208660287085,90.04875831179606,-32.46611557968672,1.5180334819162482,nan,63.84
CRUISE,0.0,55.00060705256925,-54.558950679600834,-1.5717360668610405,TRACKING,5.41651484,5.422781042169866,90.05449483725577,-32.35781646978296,1.5177443220511848,nan,63.86000000000001
CRUISE,0.0,55.00060705256925,-54.558950679600834,-1.5717360668610405,TRACKING,5.41942468,5.425921203483216,90.06026478623308,-32.2494568000366,1.5174634196129273,nan,63.88
CRUISE,0.0,55.00060705256925,-54.558950679600834,-1.5717360668610405,TRACKING,5.42506353,5.428900535572025,90.06606750479745,-32.14103857983812,1.517187010706853,nan,63.900000000000006
CRUISE,0.0,55.00060705256925,-54.558950679600834,-1.5717360668610405,TRACKING,5.42779503,5.431818903098862,90.07190261490192,-32.03256313527366,1.5169120733993051,nan,63.92
CRUISE,0.0,55.00060705256925,-54.558950679600834,-1.5717360668610405,TRACKING,5.42779503,5.434614234832043,90.07777025773856,-31.924033796613433,1.5166362187021916,nan,63.940000000000005
CRUISE,0.0,55.00060705256925,-54.558950679600834,-1.5717360668610405,TRACKING,5.43308828,5.436071225737033,90.08366964374113,-31.81547642555891,1.5163641546292603,nan,63.96
CRUISE,0.0,55.00060705256925,-54.558950679600834,-1.5717360668610405,TRACKING,5.43565238,5.43891425568914,90.0896008427789,-31.70686454024693,1.5161002438357274,nan,63.980000000000004
CRUISE,0.0,55.00060705256925,-54.558950679600834,-1.5717360668610405,TRACKING,5.43816299,5.439612606262976,90.0955616399441,-31.598234434848468,1.5158410992016091,nan,64.0
CRUISE,0.0,55.00060705256925,-54.558950679600834,-1.5717360668610405,TRACKING,5.44062123,5.441776787754476,90.10155282644997,-31.489566967090948,1.5155838381176303,nan,64.02000000000001
CRUISE,0.0,55.00060705256925,-54.558950679600834,-1.5717360668610405,TRACKING,5.44062123,5.443958408098567,90.10757437873612,-31.380857717250077,1.5153259837431843,nan,64.04
CRUISE,0.0,55.00060705256925,-54.558950679600834,-1.5717360668610405,TRACKING,5.44302818,5.447321944682604,90.11362765062462,-31.272083021186155,1.5150717189564962,nan,64.061
CRUISE,0.0,55.00060705256925,-54.558950679600834,-1.5717360668610405,TRACKING,5.4476925,5.449252072438914,90.1197103373078,-31.163270011457158,1.5148254754591117,nan,64.08
CRUISE,0.0,55.00060705256925,-54.558950679600834,-1.5717360668610405,TRACKING,5.44995193,5.451232028708476,90.12582175026905,-31.05442068976441,1.5145838304408084,nan,64.10000000000001
CRUISE,0.0,55.00060705256925,-54.558950679600834,-1.5717360668610405,TRACKING,5.45216423,5.453172597829223,90.13196152012955,-30.945532970492636,1.5143439945023165,nan,64.12
CRUISE,0.0,55.00060705256925,-54.558950679600834,-1.5717360668610405,TRACKING,5.45216423,5.4553712222587265,90.13812976190385,-30.83660487224652,1.5141038108018752,nan,64.14
CRUISE,0.0,55.00060705256925,-54.558950679600834,-1.5717360668610405,TRACKING,5.45433038,5.458203082173467,90.14432782667365,-30.72762724459832,1.5138675133624937,nan,64.16000000000001
CRUISE,0.0,55.00060705256925,-54.558950679600834,-1.5717360668610405,TRACKING,5.45852806,5.461204153340465,90.15055471065202,-30.618593153284795,1.5136389665702148,nan,64.18
CRUISE,0.0,55.00060705256925,-54.558950679600834,-1.5717360668610405,TRACKING,5.46056145,5.463407942112069,90.1568089420851,-30.50950752495865,1.5134146992188977,nan,64.20100000000001
CRUISE,0.0,55.00060705256925,-54.558950679600834,-1.5717360668610405,TRACKING,5.46255243,5.465562525842977,90.16308950387915,-30.40037952962012,1.5131920880528205,nan,64.22
CRUISE,0.0,55.00060705256925,-54.558950679600834,-1.5717360668610405,TRACKING,5.46450186,5.467433651391322,90.16939637500164,-30.291215391638612,1.5129691705121007,nan,64.24000000000001
CRUISE,0.0,55.00060705256925,-54.558950679600834,-1.5717360668610405,TRACKING,5.46450186,5.468576197822648,90.17573066370909,-30.182030224633284,1.5127505658831086,nan,64.26
CRUISE,0.0,55.00060705256925,-54.558950679600834,-1.5717360668610405,TRACKING,5.46641064,5.470668094242673,90.18208901829603,-30.072804941329046,1.512538718796974,nan,64.28
CRUISE,0.0,55.00060705256925,-54.558950679600834,-1.5717360668610405,TRACKING,5.47010955,5.47266451311514,90.18847254233616,-29.963540648995377,1.5123311754926867,nan,64.3
CRUISE,0.0,55.00060705256925,-54.558950679600834,-1.5717360668610405,TRACKING,5.47190134,5.474614593914412,90.19488093014373,-29.854238341746775,1.512125542294003,nan,64.32000000000001
CRUISE,0.0,55.00060705256925,-54.558950679600834,-1.5717360668610405,TRACKING,5.47190134,5.4763908254674805,90.20131233297326,-29.74490094978668,1.511919238947284,nan,64.34
CRUISE,0.0,55.00060705256925,-54.558950679600834,-1.5717360668610405,TRACKING,5.47537355,5.476858092592229,90.20776819895185,-29.635554247677547,1.511716574900956,nan,64.36
CRUISE,0.0,55.00060705256925,-54.558950679600834,-1.5717360668610405,TRACKING,5.47705553,5.47822335990189,90.21424762663291,-29.526182309672073,1.5115212780439866,nan,64.38000000000001
CRUISE,0.0,55.00060705256925,-54.558950679600834,-1.5717360668610405,TRACKING,5.47705553,5.47963630492181,90.22074982374264,-29.41678375700812,1.5113303356908805,nan,64.4
CRUISE,0.0,55.00060705256925,-54.558950679600834,-1.5717360668610405,TRACKING,5.48031494,5.481027866592421,90.22727442699491,-29.307358903545747,1.5111414381859074,nan,64.42
CRUISE,0.0,55.00060705256925,-54.558950679600834,-1.5717360668610405,TRACKING,5.48189383,5.482443472886622,90.23382134823183,-29.197907230681594,1.5109527010235846,nan,64.44
CRUISE,0.0,55.00060705256925,-54.558950679600834,-1.5717360668610405,TRACKING,5.48189383,5.484785078013896,90.24039165345316,-29.088414833825603,1.5107675673053638,nan,64.46000000000001
CRUISE,0.0,55.00060705256925,-54.558950679600834,-1.5717360668610405,TRACKING,5.48495348,5.4860107401199985,90.24698335639731,-28.978896559503987,1.5105892857007637,nan,64.48
CRUISE,0.0,55.00060705256925,-54.558950679600834,-1.5717360668610405,TRACKING,5.48643561,5.487281375959119,90.25359586266262,-28.869352651495742,1.5104151104310082,nan,64.5
CRUISE,0.0,55.00060705256925,-54.558950679600834,-1.5717360668610405,TRACKING,5.48788681,5.488513883913046,90.26023032286464,-28.759785647890276,1.5102435740062834,nan,64.52000000000001
CRUISE,0.0,55.00060705256925,-54.558950679600834,-1.5717360668610405,TRACKING,5.48930774,5.4915167264922795,90.26688562672228,-28.65016562732969,1.510071805854744,nan,64.54
CRUISE,0.0,55.00060705256925,-54.558950679600834,-1.5717360668610405,TRACKING,5.49069903,5.492196940045473,90.27356211061286,-28.54052710168437,1.5099035282804014,nan,64.56
CRUISE,0.0,55.00060705256925,-54.558950679600834,-1.5717360668610405,TRACKING,5.49206129,5.493764838123818,90.28025811708753,-28.430858261777644,1.509741725156224,nan,64.58
CRUISE,0.0,55.00060705256925,-54.558950679600834,-1.5717360668610405,TRACKING,5.49339514,5.495235753868026,90.28697297421662,-28.32116072577313,1.5095838329646907,nan,64.60000000000001
CRUISE,0.0,55.00060705256925,-54.558950679600834,-1.5717360668610405,TRACKING,5.49470116,5.496666314554779,90.29370627899183,-28.21143673733443,1.5094279060847853,nan,64.62
CRUISE,0.0,55.00060705256925,-54.558950679600834,-1.5717360668610405,TRACKING,5.49597993,5.498024728244742,90.30045813109162,-28.101685096035947,1.509272326052141,nan,64.64
CRUISE,0.0,55.00060705256925,-54.558950679600834,-1.5717360668610405,TRACKING,5.49723203,5.498542369154609,90.30722767087846,-27.991924053187216,1.5091205369497458,nan,64.661
CRUISE,0.0,55.00060705256925,-54.558950679600834,-1.5717360668610405,TRACKING,5.49845801,5.499958575348632,90.31401517021351,-27.882136540245963,1.5089749092406022,nan,64.68
CRUISE,0.0,55.00060705256925,-54.558950679600834,-1.5717360668610405,TRACKING,5.49965841,5.501235892132049,90.32081945396922,-27.772323657997447,1.5088328620177125,nan,64.7
CRUISE,0.0,55.00060705256925,-54.558950679600834,-1.5717360668610405,TRACKING,5.49965841,5.501387146178979,90.32763997295974,-27.662508855487825,1.508693096430238,nan,64.72
CRUISE,0.0,55.00060705256925,-54.558950679600834,-1.5717360668610405,TRACKING,5.50198461,5.502410123917273,90.33447712242442,-27.55267430049997,1.5085538742090117,nan,64.74000000000001
CRUISE,0.0,55.00060705256925,-54.558950679600834,-1.5717360668610405,TRACKING,5.50198461,5.504181191953684,90.34133169481291,-27.44280529700555,1.5084178791505138,nan,64.76
CRUISE,0.0,55.00060705256925,-54.558950679600834,-1.5717360668610405,TRACKING,5.50421476,5.505056122564585,90.34820199738513,-27.332918989369023,1.5082878425789545,nan,64.78
CRUISE,0.0,55.00060705256925,-54.558950679600834,-1.5717360668610405,TRACKING,5.50421476,5.505969826590944,90.35508750093668,-27.223015872657204,1.5081615712504557,nan,64.8
CRUISE,0.0,55.00060705256925,-54.558950679600834,-1.5717360668610405,TRACKING,5.50529507,5.506876475874609,90.36198788207649,-27.113095745499127,1.5080373730639116,nan,64.82000000000001
CRUISE,0.0,55.00060705256925,-54.558950679600834,-1.5717360668610405,TRACKING,5.50738855,5.5077941166058455,90.36890300910686,-27.00315806575336,1.5079138878292278,nan,64.84
CRUISE,0.0,55.00060705256925,-54.558950679600834,-1.5717360668610405,TRACKING,5.50840265,5.509406675232567,90.37583364164666,-26.89319448962944,1.5077937287010554,nan,64.86
CRUISE,0.0,55.00060705256925,-54.558950679600834,-1.5717360668610405,TRACKING,5.50840265,5.5103535525478,90.38277862376911,-26.783208601830715,1.5076792546739326,nan,64.88000000000001
CRUISE,0.0,55.00060705256925,-54.558950679600834,-1.5717360668610405,TRACKING,5.50939559,5.511634475013554,90.38973795466804,-26.67319766818572,1.5075685547139566,nan,64.9
CRUISE,0.0,55.00060705256925,-54.558950679600834,-1.5717360668610405,TRACKING,5.51131977,5.512680114556919,90.39671034989631,-26.563165977300883,1.507459827034171,nan,64.92
CRUISE,0.0,55.00060705256925,-54.558950679600834,-1.5717360668610405,TRACKING,5.51131977,5.513678041537327,90.40369568836414,-26.453114925308316,1.5073518816992024,nan,64.94
CRUISE,0.0,55.00060705256925,-54.558950679600834,-1.5717360668610405,TRACKING,5.5131645,5.514027610639591,90.41069457190291,-26.343057943276015,1.5072475874133688,nan,64.96000000000001
CRUISE,0.0,55.00060705256925,-54.558950679600834,-1.5717360668610405,TRACKING,5.5140581,5.51505070106503,90.41770503792932,-26.232981377599486,1.507148355090431,nan,64.98
CRUISE,0.0,55.00060705256925,-54.558950679600834,-1.5717360668610405,TRACKING,5.5140581,5.516024983130763,90.42472692952661,-26.122885913742333,1.5070524429350889,nan,65.0
CRUISE,0.0,55.00060705256925,-54.558950679600834,-1.5717360668610405,TRACKING,5.51493306,5.516965877472411,90.43176047162954,-26.012772128254444,1.5069586560180628,nan,65.02000000000001
CRUISE,0.0,55.00060705256925,-54.558950679600834,-1.5717360668610405,TRACKING,5.51662861,5.517863779234878,90.43880543784925,-25.902640907873952,1.506865882336758,nan,65.04
CRUISE,0.0,55.00060705256925,-54.558950679600834,-1.5717360668610405,TRACKING,5.51744995,5.518086990791235,90.44586129325235,-25.792506153260586,1.5067767793522269,nan,65.06
CRUISE,0.0,55.00060705256925,-54.558950679600834,-1.5717360668610405,TRACKING,5.51744995,5.519045078684066,90.45292741276037,-25.6823524474401,1.5066933639748203,nan,65.08
CRUISE,0.0,55.00060705256925,-54.558950679600834,-1.5717360668610405,TRACKING,5.51904158,5.519703116378563,90.46000332719302,-25.572185606449935,1.5066139247313572,nan,65.10000000000001
CRUISE,0.0,55.00060705256925,-54.558950679600834,-1.5717360668610405,TRACKING,5.51981258,5.5203707950485095,90.46708869098977,-25.462006155142543,1.506537173493564,nan,65.12
CRUISE,0.0,55.00060705256925,-54.558950679600834,-1.5717360668610405,TRACKING,5.51981258,5.521027558021166,90.47418320746857,-25.351814965432474,1.5064620802443187,nan,65.14
CRUISE,0.0,55.00060705256925,-54.558950679600834,-1.5717360668610405,TRACKING,5.5205675,5.522080430683051,90.48128729429179,-25.241603182779965,1.5063897177503902,nan,65.16000000000001
CRUISE,0.0,55.00060705256925,-54.558950679600834,-1.5717360668610405,TRACKING,5.52130667,5.52267415984912,90.4883999169077,-25.131379584546476,1.5063212555089636,nan,65.18
CRUISE,0.0,55.00060705256925,-54.558950679600834,-1.5717360668610405,TRACKING,5.52203042,5.523287388457725,90.49552067230843,-25.0211453609684,1.5062554264148613,nan,65.2
CRUISE,0.0,55.00060705256925,-54.558950679600834,-1.5717360668610405,TRACKING,5.52343293,5.523894114888901,90.50264968361844,-24.91089841081052,1.506191347599266,nan,65.22
CRUISE,0.0,55.00060705256925,-54.558950679600834,-1.5717360668610405,TRACKING,5.52411233,5.525044123497296,90.50978694492964,-24.800633787870492,1.5061281951031262,nan,65.24000000000001
CRUISE,0.0,55.00060705256925,-54.558950679600834,-1.5717360668610405,TRACKING,5.52411233,5.525278673565646,90.51693250208334,-24.690360454017426,1.506068076688437,nan,65.26
CRUISE,0.0,55.00060705256925,-54.558950679600834,-1.5717360668610405,TRACKING,5.52477754,5.52601118295255,90.52408507430286,-24.580073146541068,1.5060123890071273,nan,65.28
CRUISE,0.0,55.00060705256925,-54.558950679600834,-1.5717360668610405,TRACKING,5.52605334,5.526728467798944,90.53124425415261,-24.469771711372783,1.5059597617286784,nan,65.301
CRUISE,0.0,55.00060705256925,-54.558950679600834,-1.5717360668610405,TRACKING,5.52605334,5.527402530836263,90.53840980110283,-24.359457024810364,1.5059091693982436,nan,65.32000000000001
CRUISE,0.0,55.00060705256925,-54.558950679600834,-1.5717360668610405,TRACKING,5.52728921,5.528045167027926,90.54558136801077,-24.24912971857886,1.5058598167657034,nan,65.34
CRUISE,0.0,55.00060705256925,-54.558950679600834,-1.5717360668610405,TRACKING,5.52788814,5.528276614812314,90.55275906324147,-24.138798333930612,1.5058134704993347,nan,65.36
CRUISE,0.0,55.00060705256925,-54.558950679600834,-1.5717360668610405,TRACKING,5.52847458,5.528953748612746,90.55994224708303,-24.02845395024869,1.505771274695286,nan,65.38000000000001
CRUISE,0.0,55.00060705256925,-54.558950679600834,-1.5717360668610405,TRACKING,5.5290488,5.5295856700539465,90.56713055226741,-23.918097060692777,1.5057320457037031,nan,65.4
CRUISE,0.0,55.00060705256925,-54.558950679600834,-1.5717360668610405,TRACKING,5.52961104,5.530139886361146,90.57432370852564,-23.80772880026685,1.5056949503678663,nan,65.42
CRUISE,0.0,55.00060705256925,-54.558950679600834,-1.5717360668610405,TRACKING,5.52961104,5.530633608668122,90.58152151472164,-23.697350887022285,1.50565937595833,nan,65.44
CRUISE,0.0,55.00060705256925,-54.558950679600834,-1.5717360668610405,TRACKING,5.53016155,5.531468687922076,90.58872423537461,-23.586956875946566,1.5056265582505122,nan,65.46000000000001
CRUISE,0.0,55.00060705256925,-54.558950679600834,-1.5717360668610405,TRACKING,5.53122835,5.531893962925355,90.59593092932688,-23.47655393766144,1.505597686914364,nan,65.48100000000001
CRUISE,0.0,55.00060705256925,-54.558950679600834,-1.5717360668610405,TRACKING,5.53174512,5.532944075215934,90.60314193249928,-23.366130994118706,1.505574763769668,nan,65.5
CRUISE,0.0,55.00060705256925,-54.558950679600834,-1.5717360668610405,TRACKING,5.53225111,5.533208282171187,90.61035540716435,-23.255701683981762,1.5055594313365124,nan,65.52000000000001
CRUISE,0.0,55.00060705256925,-54.558950679600834,-1.5717360668610405,TRACKING,5.53225111,5.533539490895868,90.61757069753698,-23.14526635401356,1.5055491987235947,nan,65.54
CRUISE,0.0,55.00060705256925,-54.558950679600834,-1.5717360668610405,TRACKING,5.53323164,5.53391060349704,90.62478739716133,-23.034823977601906,1.505542372425638,nan,65.561
CRUISE,0.0,55.00060705256925,-54.558950679600834,-1.5717360668610405,TRACKING,5.53370662,5.534040013913704,90.6320052399957,-22.924379226584442,1.5055379534489408,nan,65.58
CRUISE,0.0,55.00060705256925,-54.558950679600834,-1.5717360668610405,TRACKING,5.53417168,5.534540133139785,90.63922403098151,-22.813924723801676,1.5055350155940899,nan,65.60000000000001
CRUISE,0.0,55.00060705256925,-54.558950679600834,-1.5717360668610405,TRACKING,5.53417168,5.535016281133544,90.6464436183533,-22.703460655055498,1.5055330535679579,nan,65.622
CRUISE,0.0,55.00060705256925,-54.558950679600834,-1.5717360668610405,TRACKING,5.53507292,5.535473326577713,90.65366386177796,-22.592988289806023,1.5055317430592894,nan,65.64
CRUISE,0.0,55.00060705256925,-54.558950679600834,-1.5717360668610405,TRACKING,5.53550949,5.535914347742953,90.66088481569437,-22.48250621605731,1.5055308674167411,nan,65.66000000000001
CRUISE,0.0,55.00060705256925,-54.558950679600834,-1.5717360668610405,TRACKING,5.53593694,5.536342002896361,90.66810635254187,-22.372015999735822,1.5055302818086704,nan,65.68
CRUISE,0.0,55.00060705256925,-54.558950679600834,-1.5717360668610405,TRACKING,5.53635549,5.536757588097511,90.67532849079524,-22.261517050711007,1.5055298887718906,nan,65.7
CRUISE,0.0,55.00060705256925,-54.558950679600834,-1.5717360668610405,TRACKING,5.5367653,5.537162873998291,90.68255118307393,-22.151009997845296,1.5055296258164166,nan,65.72
CRUISE,0.0,55.00060705256925,-54.558950679600834,-1.5717360668610405,TRACKING,5.5367653,5.5375584859374385,90.68977440850323,-22.040495036382683,1.5055294492883817,nan,65.74000000000001
CRUISE,0.0,55.00060705256925,-54.558950679600834,-1.5717360668610405,TRACKING,5.53755945,5.537944029527905,90.6969981497574,-21.929972361280107,1.5055293308801785,nan,65.76
CRUISE,0.0,55.00060705256925,-54.558950679600834,-1.5717360668610405,TRACKING,5.53755945,5.538320112421087,90.70422239175194,-21.819442169567168,1.5055292519719061,nan,65.78
CRUISE,0.0,55.00060705256925,-54.558950679600834,-1.5717360668610405,TRACKING,5.53794414,5.538688910992707,90.71144712139501,-21.708904614153983,1.5055291992916928,nan,65.8
CRUISE,0.0,55.00060705256925,-54.558950679600834,-1.5717360668610405,TRACKING,5.53832081,5.539050264536124,90.71867232657559,-21.598359839316206,1.5055291638188273,nan,65.82000000000001
CRUISE,0.0,55.00060705256925,-54.558950679600834,-1.5717360668610405,TRACKING,5.53905074,5.540048718104174,90.72589876047095,-21.487795340900412,1.5055323852488671,nan,65.84
CRUISE,0.0,55.00060705256925,-54.558950679600834,-1.5717360668610405,TRACKING,5.53940432,5.540314639976376,90.7331249469164,-21.37722377251005,1.5055423667277235,nan,65.86
CRUISE,0.0,55.00060705256925,-54.558950679600834,-1.5717360668610405,TRACKING,5.53975053,5.5404535078885635,90.7403500139738,-21.266649841099124,1.5055582523674789,nan,65.88000000000001
CRUISE,0.0,55.00060705256925,-54.558950679600834,-1.5717360668610405,TRACKING,5.54008952,5.540681165774482,90.7475731879334,-21.156071556018617,1.5055787463245496,nan,65.9
CRUISE,0.0,55.00060705256925,-54.558950679600834,-1.5717360668610405,TRACKING,5.54042143,5.54076992591571,90.7547941678866,-21.045490189441008,1.50560315290171,nan,65.92
CRUISE,0.0,55.00060705256925,-54.558950679600834,-1.5717360668610405,TRACKING,5.54074642,5.540947181830401,90.76201258497258,-20.934907476609645,1.5056309581421006,nan,65.94
CRUISE,0.0,55.00060705256925,-54.558950679600834,-1.5717360668610405,TRACKING,5.54074642,5.5413036140679965,90.76922811689928,-20.824317346533277,1.5056615642615478,nan,65.96000000000001
CRUISE,0.0,55.00060705256925,-54.558950679600834,-1.5717360668610405,TRACKING,5.54106463,5.541644561918733,90.77644047677677,-20.713720110208754,1.5056946341573008,nan,65.98
CRUISE,0.0,55.00060705256925,-54.558950679600834,-1.5717360668610405,TRACKING,5.54168127,5.541966455069816,90.78364940979466,-20.603116108019403,1.505729919378979,nan,66.0
CRUISE,0.0,55.00060705256925,-54.558950679600834,-1.5717360668610405,TRACKING,5.54168127,5.541906274955075,90.79085468228716,-20.492511062308285,1.5057674411199902,nan,66.02000000000001
CRUISE,0.0,55.00060705256925,-54.558950679600834,-1.5717360668610405,TRACKING,5.54227245,5.54218743340643,90.79805603937989,-20.381902046354124,1.5058070917936113,nan,66.04
CRUISE,0.0,55.00060705256925,-54.558950679600834,-1.5717360668610405,TRACKING,5.54255883,5.542430965651735,90.80525328153007,-20.27128788713281,1.5058489611443975,nan,66.06
CRUISE,0.0,55.00060705256925,-54.558950679600834,-1.5717360668610405,TRACKING,5.54283923,5.542710363678271,90.81244609416531,-20.160667847548773,1.5058930842593117,nan,66.08
CRUISE,0.0,55.00060705256925,-54.558950679600834,-1.5717360668610405,TRACKING,5.54283923,5.543012807275975,90.81963438627768,-20.05004198805851,1.5059393434936341,nan,66.10000000000001
CRUISE,0.0,55.00060705256925,-54.558950679600834,-1.5717360668610405,TRACKING,5.54311378,5.543705470807511,90.82681826501678,-19.93940188091415,1.5059876961361727,nan,66.122
CRUISE,0.0,55.00060705256925,-54.558950679600834,-1.5717360668610405,TRACKING,5.54364582,5.5443760225952445,90.83399703335431,-19.82874960109913,1.5060380151248152,nan,66.14
CRUISE,0.0,55.00060705256925,-54.558950679600834,-1.5717360668610405,TRACKING,5.54364582,5.544607370007873,90.84117047578954,-19.718089651876934,1.5060904663469947,nan,66.16000000000001
CRUISE,0.0,55.00060705256925,-54.558950679600834,-1.5717360668610405,TRACKING,5.54415643,5.544859396278908,90.8483383259763,-19.607424317684977,1.5061450351752887,nan,66.18
CRUISE,0.0,55.00060705256925,-54.558950679600834,-1.5717360668610405,TRACKING,5.54415643,5.54510973932612,90.85550035150494,-19.496753587362807,1.5062016817439767,nan,66.2
CRUISE,0.0,55.00060705256925,-54.558950679600834,-1.5717360668610405,TRACKING,5.54440351,5.544990788172699,90.8626563279534,-19.38608287393156,1.506260620485083,nan,66.221
CRUISE,0.0,55.00060705256925,-54.558950679600834,-1.5717360668610405,TRACKING,5.54464493,5.545188586547914,90.86980543141355,-19.275410515816862,1.506321804099372,nan,66.24000000000001
CRUISE,0.0,55.00060705256925,-54.558950679600834,-1.5717360668610405,TRACKING,5.5451089,5.545500486929648,90.87694799405773,-19.164731342352017,1.5063851652906708,nan,66.26
CRUISE,0.0,55.00060705256925,-54.558950679600834,-1.5717360668610405,TRACKING,5.545336,5.545713208549882,90.88408358996439,-19.054047336904503,1.5064502695111515,nan,66.28
CRUISE,0.0,55.00060705256925,-54.558950679600834,-1.5717360668610405,TRACKING,5.54555837,5.545692696860638,90.89121202806068,-18.943362212636693,1.50651776714685,nan,66.3
CRUISE,0.0,55.00060705256925,-54.558950679600834,-1.5717360668610405,TRACKING,5.54577165,5.545805775262883,90.89833300176018,-18.83267468315631,1.506587751063836,nan,66.32000000000001
CRUISE,0.0,55.00060705256925,-54.558950679600834,-1.5717360668610405,TRACKING,5.54577165,5.546024845055474,90.90544640244217,-18.72198232495533,1.5066598141253424,nan,66.34
CRUISE,0.0,55.00060705256925,-54.558950679600834,-1.5717360668610405,TRACKING,5.54619376,5.546085180899142,90.91255186895161,-18.611287756217134,1.506733698057284,nan,66.36
CRUISE,0.0,55.00060705256925,-54.558950679600834,-1.5717360668610405,TRACKING,5.54639832,5.5460861253931455,90.91964934414125,-18.500593720534347,1.506809166513877,nan,66.38000000000001
CRUISE,0.0,55.00060705256925,-54.558950679600834,-1.5717360668610405,TRACKING,5.54659863,5.546253518481076,90.92673864345339,-18.389895838030743,1.5068863741977838,nan,66.4
CRUISE,0.0,55.00060705256925,-54.558950679600834,-1.5717360668610405,TRACKING,5.54679475,5.546398805695531,90.93381957230937,-18.27919454398267,1.5069656561966298,nan,66.42
CRUISE,0.0,55.00060705256925,-54.558950679600834,-1.5717360668610405,TRACKING,5.54698678,5.546554784041917,90.94089185416514,-18.168489612170802,1.5070473322015836,nan,66.44
CRUISE,0.0,55.00060705256925,-54.558950679600834,-1.5717360668610405,TRACKING,5.54717481,5.547049924917567,90.94795589850371,-18.057776088825232,1.5071310652142074,nan,66.46000000000001
CRUISE,0.0,55.00060705256925,-54.558950679600834,-1.5717360668610405,TRACKING,5.54735892,5.54798424934254,90.95501110171602,-17.947043304495374,1.5072159302966524,nan,66.48
CRUISE,0.0,55.00060705256925,-54.558950679600834,-1.5717360668610405,TRACKING,5.54753918,5.5483127849301015,90.9620571045145,-17.83630092480911,1.5073024110700637,nan,66.501
CRUISE,0.0,55.00060705256925,-54.558950679600834,-1.5717360668610405,TRACKING,5.54771569,5.548540708512701,90.9690937161743,-17.725553324400767,1.5073910028402357,nan,66.52000000000001
CRUISE,0.0,55.00060705256925,-54.558950679600834,-1.5717360668610405,TRACKING,5.54771569,5.548746019120649,90.9761206668162,-17.61480064442932,1.5074821521784991,nan,66.54
CRUISE,0.0,55.00060705256925,-54.558950679600834,-1.5717360668610405,TRACKING,5.54805772,5.548722342616332,90.98313740784775,-17.504047748772024,1.5075751414684695,nan,66.56
CRUISE,0.0,55.00060705256925,-54.558950679600834,-1.5717360668610405,TRACKING,5.54805772,5.548737986082749,90.99014396089497,-17.393294726306955,1.5076693372507177,nan,66.58
CRUISE,0.0,55.00060705256925,-54.558950679600834,-1.5717360668610405,TRACKING,5.54838564,5.548865361567826,90.99713992454433,-17.282538604401278,1.5077650431611072,nan,66.60000000000001
CRUISE,0.0,55.00060705256925,-54.558950679600834,-1.5717360668610405,TRACKING,5.54854448,5.548977533219777,91.00412532121186,-17.17177965493465,1.5078628339361875,nan,66.622
CRUISE,0.0,55.00060705256925,-54.558950679600834,-1.5717360668610405,TRACKING,5.54854448,5.548851530211094,91.01109944714842,-17.061020112938596,1.5079630147427463,nan,66.64
CRUISE,0.0,55.00060705256925,-54.558950679600834,-1.5717360668610405,TRACKING,5.5488523,5.548546935011552,91.01806217629576,-16.950267673061653,1.5080650750748827,nan,66.661
CRUISE,0.0,55.00060705256925,-54.558950679600834,-1.5717360668610405,TRACKING,5.54900141,5.548742969207149,91.02501380068516,-16.8395107091489,1.5081680675925442,nan,66.681
CRUISE,0.0,55.00060705256925,-54.558950679600834,-1.5717360668610405,TRACKING,5.54900141,5.548919499660871,91.03195417301878,-16.7287493965382,1.508272564206626,nan,66.7
CRUISE,0.0,55.00060705256925,-54.558950679600834,-1.5717360668610405,TRACKING,5.54929037,5.548700837278661,91.03888310231153,-16.617987874497143,1.5083792345650837,nan,66.72
CRUISE,0.0,55.00060705256925,-54.558950679600834,-1.5717360668610405,TRACKING,5.54929037,5.548914821343292,91.04580012579585,-16.50722573557476,1.5084878185807389,nan,66.74000000000001
CRUISE,0.0,55.00060705256925,-54.558950679600834,-1.5717360668610405,TRACKING,5.54943034,5.549080519464048,91.05270517045625,-16.396459419242966,1.5085974509292113,nan,66.76
CRUISE,0.0,55.00060705256925,-54.558950679600834,-1.5717360668610405,TRACKING,5.54969872,5.549063845042165,91.05959832028783,-16.28569273982523,1.5087087943187307,nan,66.78
CRUISE,0.0,55.00060705256925,-54.558950679600834,-1.5717360668610405,TRACKING,5.54969872,5.5492644028237805,91.0664794590636,-16.174921491329005,1.5088222749079054,nan,66.8
CRUISE,0.0,55.00060705256925,-54.558950679600834,-1.5717360668610405,TRACKING,5.54995614,5.550361214041187,91.07334918684742,-16.064134107198065,1.5089378913592193,nan,66.82000000000001
CRUISE,0.0,55.00060705256925,-54.558950679600834,-1.5717360668610405,TRACKING,5.55008217,5.551052672995094,91.08020622729785,-15.953328401243873,1.5090558692466614,nan,66.84
CRUISE,0.0,55.00060705256925,-54.558950679600834,-1.5717360668610405,TRACKING,5.55008217,5.550878389369569,91.0870498729069,-15.842521902631248,1.5091751076824405,nan,66.86
CRUISE,0.0,55.00060705256925,-54.558950679600834,-1.5717360668610405,TRACKING,5.5503265,5.551096064327895,91.09388057477948,-15.73171042859526,1.5092943978331204,nan,66.881
CRUISE,0.0,55.00060705256925,-54.558950679600834,-1.5717360668610405,TRACKING,5.5503265,5.55127889400229,91.10069824546845,-15.620894360884614,1.509414670670564,nan,66.90100000000001
CRUISE,0.0,55.00060705256925,-54.558950679600834,-1.5717360668610405,TRACKING,5.55056074,5.551127868974883,91.10750271848099,-15.510077615862462,1.5095366344112155,nan,66.92
CRUISE,0.0,55.00060705256925,-54.558950679600834,-1.5717360668610405,TRACKING,5.55067421,5.551171124748272,91.11429334126319,-15.399262537160443,1.5096608482106486,nan,66.94
CRUISE,0.0,55.00060705256925,-54.558950679600834,-1.5717360668610405,TRACKING,5.55078531,5.551485560241282,91.12107032689148,-15.28844020575975,1.5097866697464333,nan,66.961
CRUISE,0.0,55.00060705256925,-54.558950679600834,-1.5717360668610405,TRACKING,5.5508941,5.551508013810621,91.12783306838276,-15.177616337823205,1.5099132064362148,nan,66.98
CRUISE,0.0,55.00060705256925,-54.558950679600834,-1.5717360668610405,TRACKING,5.55100062,5.550634923726728,91.13458099098392,-15.066802738953317,1.5100412819921907,nan,67.0
CRUISE,0.0,55.00060705256925,-54.558950679600834,-1.5717360668610405,TRACKING,5.55110491,5.550796373608469,91.14131479745343,-14.955990869283891,1.5101717921608593,nan,67.02000000000001
CRUISE,0.0,55.00060705256925,-54.558950679600834,-1.5717360668610405,TRACKING,5.55120703,5.550924059273693,91.14803415308876,-14.845175443710584,1.5103052990156578,nan,67.04
CRUISE,0.0,55.00060705256925,-54.558950679600834,-1.5717360668610405,TRACKING,5.55120703,5.55076290378224,91.15473829854358,-14.734362611174046,1.510440332254569,nan,67.06
CRUISE,0.0,55.00060705256925,-54.558950679600834,-1.5717360668610405,TRACKING,5.55140492,5.550766792545238,91.16142770005493,-14.623549103975256,1.5105755528739562,nan,67.08
CRUISE,0.0,55.00060705256925,-54.558950679600834,-1.5717360668610405,TRACKING,5.55150078,5.55078240489218,91.16810226490819,-14.512734512500064,1.5107119351085332,nan,67.10000000000001
CRUISE,0.0,55.00060705256925,-54.558950679600834,-1.5717360668610405,TRACKING,5.55159464,5.550778250143961,91.1747618242678,-14.401919215335091,1.5108503962308397,nan,67.12
CRUISE,0.0,55.00060705256925,-54.558950679600834,-1.5717360668610405,TRACKING,5.55168654,5.550799915842285,91.18140605605069,-14.291102670562891,1.5109917280590615,nan,67.14
CRUISE,0.0,55.00060705256925,-54.558950679600834,-1.5717360668610405,TRACKING,5.55168654,5.551243496494981,91.18803512484348,-14.180276414727452,1.5111344701928167,nan,67.16000000000001
CRUISE,0.0,55.00060705256925,-54.558950679600834,-1.5717360668610405,TRACKING,5.55177652,5.552667032131549,91.19464938063626,-14.069425243600282,1.51127695024895,nan,67.18
CRUISE,0.0,55.00060705256925,-54.558950679600834,-1.5717360668610405,TRACKING,5.5519509,5.552878202228309,91.20124802851547,-13.95856385139081,1.5114202784620803,nan,67.2
CRUISE,0.0,55.00060705256925,-54.558950679600834,-1.5717360668610405,TRACKING,5.55203537,5.5530670777590725,91.20783092553329,-13.847697603985353,1.511565561515418,nan,67.22
CRUISE,0.0,55.00060705256925,-54.558950679600834,-1.5717360668610405,TRACKING,5.55211808,5.553223387501624,91.21439776436789,-13.736827148202797,1.5117136882262305,nan,67.24000000000001
CRUISE,0.0,55.00060705256925,-54.558950679600834,-1.5717360668610405,TRACKING,5.55219906,5.552944101882779,91.22094772554375,-13.62596147062427,1.5118630990523338,nan,67.26
CRUISE,0.0,55.00060705256925,-54.558950679600834,-1.5717360668610405,TRACKING,5.55219906,5.553069532784803,91.22748134522877,-13.515092610534909,1.5120122304703076,nan,67.28
CRUISE,0.0,55.00060705256925,-54.558950679600834,-1.5717360668610405,TRACKING,5.55235599,5.5530601360330865,91.2339983175252,-13.404223026884246,1.5121622089376725,nan,67.3
CRUISE,0.0,55.00060705256925,-54.558950679600834,-1.5717360668610405,TRACKING,5.55243201,5.552906548995559,91.24049834800503,-13.293355884511461,1.5123148375786706,nan,67.321
CRUISE,0.0,55.00060705256925,-54.558950679600834,-1.5717360668610405,TRACKING,5.55250489,5.552890197498628,91.24698066355172,-13.182485944475145,1.5124706857049315,nan,67.34
CRUISE,0.0,55.00060705256925,-54.558950679600834,-1.5717360668610405,TRACKING,5.55250489,5.551995278674884,91.25344489843471,-13.071634116206331,1.5126274400991002,nan,67.36
CRUISE,0.0,55.00060705256925,-54.558950679600834,-1.5717360668610405,TRACKING,5.55264913,5.551941739344543,91.25989203522937,-12.960782548261644,1.512783512618649,nan,67.38000000000001
CRUISE,0.0,55.00060705256925,-54.558950679600834,-1.5717360668610405,TRACKING,5.55271903,5.552103598090836,91.26632205506299,-12.849926735215742,1.5129401483425966,nan,67.4
CRUISE,0.0,55.00060705256925,-54.558950679600834,-1.5717360668610405,TRACKING,5.55278747,5.5519452867574195,91.27273483243762,-12.739069628371041,1.5130985859156214,nan,67.42
CRUISE,0.0,55.00060705256925,-54.558950679600834,-1.5717360668610405,TRACKING,5.55285449,5.551837200978084,91.27913003785497,-12.628217620917058,1.5132599742968724,nan,67.44
CRUISE,0.0,55.00060705256925,-54.558950679600834,-1.5717360668610405,TRACKING,5.55285449,5.552297955160925,91.28550715126646,-12.517355161364097,1.5134222180478472,nan,67.46000000000001
CRUISE,0.0,55.00060705256925,-54.558950679600834,-1.5717360668610405,TRACKING,5.55298436,5.552230046169078,91.29186626447422,-12.406492755797208,1.5135837780658172,nan,67.48
CRUISE,0.0,55.00060705256925,-54.558950679600834,-1.5717360668610405,TRACKING,5.55304727,5.5522010977806895,91.29820800149639,-12.29563023008417,1.5137462328683982,nan,67.5
CRUISE,0.0,55.00060705256925,-54.558950679600834,-1.5717360668610405,TRACKING,5.55304727,5.553328718682264,91.30453327051691,-12.184752699246845,1.5139108928708087,nan,67.52000000000001
CRUISE,0.0,55.00060705256925,-54.558950679600834,-1.5717360668610405,TRACKING,5.55316918,5.554366799745305,91.31084034660795,-12.073848598076387,1.5140779684588035,nan,67.54
CRUISE,0.0,55.00060705256925,-54.558950679600834,-1.5717360668610405,TRACKING,5.55323119,5.554087123858496,91.31712846777698,-11.962944802016983,1.5142465655249095,nan,67.56
CRUISE,0.0,55.00060705256925,-54.558950679600834,-1.5717360668610405,TRACKING,5.55328612,5.5541575637202225,91.32339797271041,-11.852038836324747,1.5144147806880202,nan,67.58
CRUISE,0.0,55.00060705256925,-54.558950679600834,-1.5717360668610405,TRACKING,5.55328612,5.554326128942102,91.32964901910412,-11.741128348682105,1.514583302822488,nan,67.60000000000001
CRUISE,0.0,55.00060705256925,-54.558950679600834,-1.5717360668610405,TRACKING,5.55334274,5.554136968277128,91.33588151613566,-11.63021680609447,1.5147535525194062,nan,67.62
CRUISE,0.0,55.00060705256925,-54.558950679600834,-1.5717360668610405,TRACKING,5.55345239,5.553852240860385,91.3420945132022,-11.519313935577873,1.514927635390622,nan,67.64
CRUISE,0.0,55.00060705256925,-54.558950679600834,-1.5717360668610405,TRACKING,5.55345239,5.554102258223767,91.34828785142714,-11.408405568960466,1.515106638351155,nan,67.66000000000001
CRUISE,0.0,55.00060705256925,-54.558950679600834,-1.5717360668610405,TRACKING,5.55350443,5.5541377447330875,91.35446093532404,-11.297495190779506,1.515289683428809,nan,67.68
CRUISE,0.0,55.00060705256925,-54.558950679600834,-1.5717360668610405,TRACKING,5.55360742,5.553123283843712,91.3606126999051,-11.186594944409233,1.5154770530350004,nan,67.7
CRUISE,0.0,55.00060705256925,-54.558950679600834,-1.5717360668610405,TRACKING,5.55365733,5.553205841515428,91.36674351589191,-11.075699288085568,1.5156694505919706,nan,67.72
CRUISE,0.0,55.00060705256925,-54.558950679600834,-1.5717360668610405,TRACKING,5.5537062,5.553150106282467,91.37285267065002,-10.964803589661386,1.515866704137286,nan,67.74000000000001
CRUISE,0.0,55.00060705256925,-54.558950679600834,-1.5717360668610405,TRACKING,5.55375305,5.55304886218439,91.37893961992293,-10.853908921997332,1.5160676731997396,nan,67.76
CRUISE,0.0,55.00060705256925,-54.558950679600834,-1.5717360668610405,TRACKING,5.55379991,5.5525138679725154,91.38500419066636,-10.743022899202781,1.5162720905359237,nan,67.78
CRUISE,0.0,55.00060705256925,-54.558950679600834,-1.5717360668610405,TRACKING,5.55384578,5.552492411238027,91.3910459712787,-10.632138063359557,1.5164804161036194,nan,67.8
CRUISE,0.0,55.00060705256925,-54.558950679600834,-1.5717360668610405,TRACKING,5.55384578,5.552433440534724,91.39706452908793,-10.521253234556196,1.5166933526423105,nan,67.82000000000001
CRUISE,0.0,55.00060705256925,-54.558950679600834,-1.5717360668610405,TRACKING,5.55393472,5.552406696335416,91.40305926715051,-10.41036774710925,1.5169115938137208,nan,67.84
CRUISE,0.0,55.00060705256925,-54.558950679600834,-1.5717360668610405,TRACKING,5.55397781,5.552927002181533,91.40903083184969,-10.29947205054138,1.5171339705613356,nan,67.86
CRUISE,0.0,55.00060705256925,-54.558950679600834,-1.5717360668610405,TRACKING,5.5540221,5.555101899535947,91.41497851456023,-10.188540131233154,1.5173581628279815,nan,67.88000000000001
CRUISE,0.0,55.00060705256925,-54.558950679600834,-1.5717360668610405,TRACKING,5.55406134,5.555550566007217,91.42090135177645,-10.077586749698366,1.517585149946453,nan,67.90100000000001
CRUISE,0.0,55.00060705256925,-54.558950679600834,-1.5717360668610405,TRACKING,5.55410179,5.555714853895123,91.42679898015572,-9.966628578792372,1.5178162325394653,nan,67.921
CRUISE,0.0,55.00060705256925,-54.558950679600834,-1.5717360668610405,TRACKING,5.55410179,5.555839297819473,91.4326708476155,-9.855666419094595,1.5180523439553257,nan,67.94
CRUISE,0.0,55.00060705256925,-54.558950679600834,-1.5717360668610405,TRACKING,5.55418012,5.555467146004248,91.4385159080822,-9.744710418883058,1.518291686769927,nan,67.96000000000001
CRUISE,0.0,55.00060705256925,-54.558950679600834,-1.5717360668610405,TRACKING,5.55421808,5.5552786173648885,91.44433443009511,-9.633757580436276,1.5185325453335223,nan,67.98
CRUISE,0.0,55.00060705256925,-54.558950679600834,-1.5717360668610405,TRACKING,5.55421808,5.555228952312925,91.45012570682101,-9.52280457862486,1.5187759252155495,nan,68.0
CRUISE,0.0,55.00060705256925,-54.558950679600834,-1.5717360668610405,TRACKING,5.55429165,5.555164752770653,91.45588971325557,-9.411851664180187,1.5190231354208674,nan,68.02000000000001
CRUISE,0.0,55.00060705256925,-54.558950679600834,-1.5717360668610405,TRACKING,5.55432729,5.555336505570511,91.46162498044859,-9.300892551866818,1.519273118990933,nan,68.04
CRUISE,0.0,55.00060705256925,-54.558950679600834,-1.5717360668610405,TRACKING,5.55432729,5.553243519366013,91.46733162423254,-9.189971288537436,1.5195249799370025,nan,68.06
CRUISE,0.0,55.00060705256925,-54.558950679600834,-1.5717360668610405,TRACKING,5.55439563,5.553380137518022,91.47301038872666,-9.079048621123482,1.5197786856353825,nan,68.08
CRUISE,0.0,55.00060705256925,-54.558950679600834,-1.5717360668610405,TRACKING,5.55442908,5.5534778855061635,91.47866097741009,-8.968122355635632,1.5200353187080096,nan,68.10000000000001
CRUISE,0.0,55.00060705256925,-54.558950679600834,-1.5717360668610405,TRACKING,5.55446185,5.55327111740757,91.48428304042008,-8.857195167353039,1.5202960822147715,nan,68.12
CRUISE,0.0,55.00060705256925,-54.558950679600834,-1.5717360668610405,TRACKING,5.55449394,5.553093170918542,91.48987566123043,-8.746274673938363,1.5205600604979688,nan,68.141
CRUISE,0.0,55.00060705256925,-54.558950679600834,-1.5717360668610405,TRACKING,5.5545247,5.553156248489997,91.49543891238834,-8.635351147542945,1.5208251094601715,nan,68.16000000000001
CRUISE,0.0,55.00060705256925,-54.558950679600834,-1.5717360668610405,TRACKING,5.55455546,5.553053208284334,91.50097284022928,-8.524428258608612,1.5210917739770713,nan,68.18
CRUISE,0.0,55.00060705256925,-54.558950679600834,-1.5717360668610405,TRACKING,5.55458559,5.552986776243502,91.50647756858248,-8.413505535086017,1.5213614466914176,nan,68.2
CRUISE,0.0,55.00060705256925,-54.558950679600834,-1.5717360668610405,TRACKING,5.55461509,5.554475094732195,91.51195453933919,-8.30256353186817,1.521635650038521,nan,68.22
CRUISE,0.0,55.00060705256925,-54.558950679600834,-1.5717360668610405,TRACKING,5.55464398,5.556542054545399,91.51740102088279,-8.191574500878728,1.521914465767072,nan,68.241
CRUISE,0.0,55.00060705256925,-54.558950679600834,-1.5717360668610405,TRACKING,5.55467227,5.55599227152577,91.52281578623399,-8.08058631510986,1.5221956336559173,nan,68.26
CRUISE,0.0,55.00060705256925,-54.558950679600834,-1.5717360668610405,TRACKING,5.55469997,5.556205012944581,91.52819956520231,-7.9695927805660345,1.5224765726359926,nan,68.28
CRUISE,0.0,55.00060705256925,-54.558950679600834,-1.5717360668610405,TRACKING,5.55469997,5.556379284294858,91.53355227130676,-7.858594003988661,1.5227591258929547,nan,68.3
CRUISE,0.0,55.00060705256925,-54.558950679600834,-1.5717360668610405,TRACKING,5.55475364,5.556030062781491,91.53887365339449,-7.747595134072259,1.5230450089513352,nan,68.32000000000001
CRUISE,0.0,55.00060705256925,-54.558950679600834,-1.5717360668610405,TRACKING,5.55475364,5.555801614539997,91.54416257396318,-7.636605832938143,1.523335539458859,nan,68.34
CRUISE,0.0,55.00060705256925,-54.558950679600834,-1.5717360668610405,TRACKING,5.5548051,5.556103733534557,91.54941907699374,-7.525608703607334,1.5236278399444634,nan,68.36
CRUISE,0.0,55.00060705256925,-54.558950679600834,-1.5717360668610405,TRACKING,5.55483003,5.5562754870632025,91.55464309751692,-7.414606153462229,1.5239190671821419,nan,68.38000000000001
CRUISE,0.0,55.00060705256925,-54.558950679600834,-1.5717360668610405,TRACKING,5.55485444,5.554117948009869,91.55983261753632,-7.303625868166017,1.5242109459617366,nan,68.4
CRUISE,0.0,55.00060705256925,-54.558950679600834,-1.5717360668610405,TRACKING,5.55487833,5.553766421915605,91.56498974292478,-7.192669445421824,1.524506302413022,nan,68.42
CRUISE,0.0,55.00060705256925,-54.558950679600834,-1.5717360668610405,TRACKING,5.55487833,5.553869205118628,91.5701139682238,-7.081709493818261,1.5248060825678615,nan,68.44
CRUISE,0.0,55.00060705256925,-54.558950679600834,-1.5717360668610405,TRACKING,5.55492465,5.5536696341788865,91.5752041559449,-6.970752267330514,1.5251071815096167,nan,68.46000000000001
CRUISE,0.0,55.00060705256925,-54.558950679600834,-1.5717360668610405,TRACKING,5.55494708,5.553475668436327,91.58026124013416,-6.859797750066553,1.5254069281546114,nan,68.48
CRUISE,0.0,55.00060705256925,-54.558950679600834,-1.5717360668610405,TRACKING,5.55494708,5.553329833621551,91.58528522459146,-6.7488451425357745,1.5257076563975958,nan,68.5
CRUISE,0.0,55.00060705256925,-54.558950679600834,-1.5717360668610405,TRACKING,5.55496904,5.553167665522139,91.59027587053228,-6.637894330824237,1.5260111809014507,nan,68.52000000000001
CRUISE,0.0,55.00060705256925,-54.558950679600834,-1.5717360668610405,TRACKING,5.55499055,5.55304991639587,91.59523271719706,-6.5269440440162185,1.5263188386452704,nan,68.54
CRUISE,0.0,55.00060705256925,-54.558950679600834,-1.5717360668610405,TRACKING,5.55501161,5.5536716428995625,91.60015599587007,-6.415980400596939,1.5266285981751238,nan,68.561
CRUISE,0.0,55.00060705256925,-54.558950679600834,-1.5717360668610405,TRACKING,5.55505242,5.556515712559139,91.60504646741637,-6.304979321441624,1.5269371606912927,nan,68.58
CRUISE,0.0,55.00060705256925,-54.558950679600834,-1.5717360668610405,TRACKING,5.55507219,5.556742777020564,91.60990293951124,-6.193950705037734,1.5272455023870375,nan,68.60000000000001
CRUISE,0.0,55.00060705256925,-54.558950679600834,-1.5717360668610405,TRACKING,5.55509154,5.556959373201087,91.61472527740916,-6.0829159204612475,1.5275561098642922,nan,68.62
CRUISE,0.0,55.00060705256925,-54.558950679600834,-1.5717360668610405,TRACKING,5.55511049,5.557117309099852,91.61951307515815,-5.971876241633553,1.527870710106371,nan,68.64
CRUISE,0.0,55.00060705256925,-54.558950679600834,-1.5717360668610405,TRACKING,5.55512905,5.556380999512919,91.62426517042918,-5.860850138529362,1.5281860414752226,nan,68.66000000000001
CRUISE,0.0,55.00060705256925,-54.558950679600834,-1.5717360668610405,TRACKING,5.55514722,5.556642571198331,91.62898261190124,-5.7498178274555185,1.528498899141532,nan,68.68
CRUISE,0.0,55.00060705256925,-54.558950679600834,-1.5717360668610405,TRACKING,5.55514722,5.556631642520371,91.6336653310781,-5.638784129952088,1.5288118607188625,nan,68.7
CRUISE,0.0,55.00060705256925,-54.558950679600834,-1.5717360668610405,TRACKING,5.55518243,5.556479278253954,91.63831306240914,-5.52775225168666,1.5291271145041037,nan,68.72
CRUISE,0.0,55.00060705256925,-54.558950679600834,-1.5717360668610405,TRACKING,5.55519948,5.556332908285792,91.6429243730462,-5.416721511766771,1.5294459555234359,nan,68.74000000000001
CRUISE,0.0,55.00060705256925,-54.558950679600834,-1.5717360668610405,TRACKING,5.55521618,5.553988441213619,91.64749880116065,-5.305729548975675,1.5297654602432424,nan,68.76
CRUISE,0.0,55.00060705256925,-54.558950679600834,-1.5717360668610405,TRACKING,5.55523253,5.553748104355529,91.65203814387813,-5.194747020438296,1.5300825309877724,nan,68.78
CRUISE,0.0,55.00060705256925,-54.558950679600834,-1.5717360668610405,TRACKING,5.55523253,5.5537584332816206,91.65654248603958,-5.0837630604352775,1.5303995135700637,nan,68.80000000000001
CRUISE,0.0,55.00060705256925,-54.558950679600834,-1.5717360668610405,TRACKING,5.55526422,5.553859723844188,91.66101174517514,-4.972774637596654,1.5307183581505046,nan,68.82000000000001
CRUISE,0.0,55.00060705256925,-54.558950679600834,-1.5717360668610405,TRACKING,5.55526422,5.553261988663241,91.66544553212609,-4.8617984348880015,1.5310413313417752,nan,68.84
CRUISE,0.0,55.00060705256925,-54.558950679600834,-1.5717360668610405,TRACKING,5.55527957,5.549231152134915,91.66984543473272,-4.750887392814834,1.5313871700447772,nan,68.86
CRUISE,0.0,55.00060705256925,-54.558950679600834,-1.5717360668610405,TRACKING,5.5552946,5.550039909449806,91.67420409251339,-4.639978048546246,1.5317760501039306,nan,68.88000000000001
CRUISE,0.0,55.00060705256925,-54.558950679600834,-1.5717360668610405,TRACKING,5.55532372,5.550575128107464,91.67851733914834,-4.529055017194091,1.5321989912408998,nan,68.9
CRUISE,0.0,55.00060705256925,-54.558950679600834,-1.5717360668610405,TRACKING,5.55532372,5.552861373638212,91.68278470600335,-4.4181021086554555,1.5326506098734867,nan,68.92
CRUISE,0.0,55.00060705256925,-54.558950679600834,-1.5717360668610405,TRACKING,5.55535165,5.557666342335169,91.68700049220793,-4.307047178057333,1.533124837759431,nan,68.94
CRUISE,0.0,55.00060705256925,-54.558950679600834,-1.5717360668610405,TRACKING,5.55536517,5.558997588984791,91.6911621091902,-4.195942808802297,1.5336160663466831,nan,68.96000000000001
CRUISE,0.0,55.00060705256925,-54.558950679600834,-1.5717360668610405,TRACKING,5.55537841,5.558976895477367,91.69526842939459,-4.0848374521452495,1.534119908002107,nan,68.98100000000001
CRUISE,0.0,55.00060705256925,-54.558950679600834,-1.5717360668610405,TRACKING,5.55539138,5.558946342112223,91.69931812419517,-3.973730773167155,1.5346352575189526,nan,69.0
CRUISE,0.0,55.00060705256925,-54.558950679600834,-1.5717360668610405,TRACKING,5.55540408,5.558067166618606,91.70331000953672,-3.8626306596540085,1.5351614640741482,nan,69.02000000000001
CRUISE,0.0,55.00060705256925,-54.558950679600834,-1.5717360668610405,TRACKING,5.55541651,5.557239137001042,91.70724201707857,-3.751557189520995,1.535697947468945,nan,69.04
CRUISE,0.0,55.00060705256925,-54.558950679600834,-1.5717360668610405,TRACKING,5.55541651,5.554159577255666,91.71111008797871,-3.640519978389922,1.5362061689687667,nan,69.06
CRUISE,0.0,55.00060705256925,-54.558950679600834,-1.5717360668610405,TRACKING,5.55544035,5.5526590088230545,91.71492622652983,-3.5295305583055336,1.5366408187223135,nan,69.08
CRUISE,0.0,55.00060705256925,-54.558950679600834,-1.5717360668610405,TRACKING,5.55544035,5.554626070528698,91.71869580701299,-3.4185146483902282,1.5370227629402406,nan,69.10000000000001
CRUISE,0.0,55.00060705256925,-54.558950679600834,-1.5717360668610405,TRACKING,5.55545202,5.5564051889457335,91.72242606429208,-3.307450676631803,1.5373676843544186,nan,69.12
CRUISE,0.0,55.00060705256925,-54.558950679600834,-1.5717360668610405,TRACKING,5.55547464,5.55567904790884,91.72612018517357,-3.1963951071590344,1.5376875122595803,nan,69.14
CRUISE,0.0,55.00060705256925,-54.558950679600834,-1.5717360668610405,TRACKING,5.55547464,5.554655004463365,91.72978050413442,-3.0853603589648877,1.5379932284417441,nan,69.16000000000001
CRUISE,0.0,55.00060705256925,-54.558950679600834,-1.5717360668610405,TRACKING,5.5554856,5.554419917507044,91.73340748877038,-2.9743303282591596,1.5382927063986742,nan,69.18
CRUISE,0.0,55.00060705256925,-54.558950679600834,-1.5717360668610405,TRACKING,5.55549633,5.554201468973163,91.73700183861453,-2.863304014115804,1.5385889183988537,nan,69.2
CRUISE,0.0,55.00060705256925,-54.558950679600834,-1.5717360668610405,TRACKING,5.55551713,5.553967769119255,91.74056332718199,-2.7522816810354405,1.5388845759564593,nan,69.22
CRUISE,0.0,55.00060705256925,-54.558950679600834,-1.5717360668610405,TRACKING,5.5555272,5.553797722732447,91.74409201932423,-2.641262031931062,1.5391821246973345,nan,69.24000000000001
CRUISE,0.0,55.00060705256925,-54.558950679600834,-1.5717360668610405,TRACKING,5.55553706,5.554398282707495,91.74758819340991,-2.5302292903652215,1.539479670214685,nan,69.26
CRUISE,0.0,55.00060705256925,-54.558950679600834,-1.5717360668610405,TRACKING,5.55554672,5.556879540485242,91.75105250689663,-2.4191679672728696,1.5397750042842755,nan,69.28
CRUISE,0.0,55.00060705256925,-54.558950679600834,-1.5717360668610405,TRACKING,5.55555618,5.5571270994640605,91.75448418202906,-2.308078445915176,1.5400700998755874,nan,69.30000000000001
CRUISE,0.0,55.00060705256925,-54.558950679600834,-1.5717360668610405,TRACKING,5.55556544,5.557324437237092,91.75788311626883,-2.1969839822622843,1.5403670338881141,nan,69.32000000000001
CRUISE,0.0,55.00060705256925,-54.558950679600834,-1.5717360668610405,TRACKING,5.55556544,5.55746384133581,91.76124898503616,-2.0858852157921692,1.5406675672110837,nan,69.34
CRUISE,0.0,55.00060705256925,-54.558950679600834,-1.5717360668610405,TRACKING,5.5555745,5.556616003928421,91.76458086037763,-1.9748028237952155,1.5409679085019752,nan,69.36
CRUISE,0.0,55.00060705256925,-54.558950679600834,-1.5717360668610405,TRACKING,5.55559207,5.556884467434782,91.76787974624453,-1.8637146534358766,1.541264394979229,nan,69.38000000000001
CRUISE,0.0,55.00060705256925,-54.558950679600834,-1.5717360668610405,TRACKING,5.55559207,5.557076299350597,91.7711459017939,-1.7526213251718576,1.5415597656624842,nan,69.4
CRUISE,0.0,55.00060705256925,-54.558950679600834,-1.5717360668610405,TRACKING,5.55560891,5.556903061552737,91.7743791027769,-1.6415305516897276,1.5418562461697038,nan,69.42
CRUISE,0.0,55.00060705256925,-54.558950679600834,-1.5717360668610405,TRACKING,5.55561707,5.556706010858055,91.77757800224288,-1.5304428834207722,1.5421513999896057,nan,69.44
CRUISE,0.0,55.00060705256925,-54.558950679600834,-1.5717360668610405,TRACKING,5.55562489,5.554436909511772,91.78074398150042,-1.4193910400439445,1.542442933257165,nan,69.46000000000001
CRUISE,0.0,55.00060705256925,-54.558950679600834,-1.5717360668610405,TRACKING,5.55563271,5.554251975486817,91.7838778328872,-1.3083499420120133,1.5427326506575767,nan,69.48
CRUISE,0.0,55.00060705256925,-54.558950679600834,-1.5717360668610405,TRACKING,5.55563271,5.554306054655761,91.78697963132895,-1.1973069535515783,1.5430225634946237,nan,69.5
CRUISE,0.0,55.00060705256925,-54.558950679600834,-1.5717360668610405,TRACKING,5.55564037,5.554456495363584,91.7900492403925,-1.086259786652575,1.5433145444913055,nan,69.52000000000001
CRUISE,0.0,55.00060705256925,-54.558950679600834,-1.5717360668610405,TRACKING,5.55564787,5.553807082121151,91.79308629755394,-0.9752244092136418,1.5436101177523567,nan,69.54
CRUISE,0.0,55.00060705256925,-54.558950679600834,-1.5717360668610405,TRACKING,5.55566241,5.554686401083173,91.79609053557219,-0.8641713526302555,1.5439053422714781,nan,69.56
CRUISE,0.0,55.00060705256925,-54.558950679600834,-1.5717360668610405,TRACKING,5.55566945,5.554437454351714,91.79906209578385,-0.7531218016413931,1.544196482192578,nan,69.58
CRUISE,0.0,55.00060705256925,-54.558950679600834,-1.5717360668610405,TRACKING,5.55567635,5.554231167585177,91.80200134097521,-0.6420759024066718,1.5444863406574447,nan,69.60000000000001
CRUISE,0.0,55.00060705256925,-54.558950679600834,-1.5717360668610405,TRACKING,5.55567635,5.554726927831229,91.80490984763877,-0.531026005325335,1.5447777236092035,nan,69.62
CRUISE,0.0,55.00060705256925,-54.558950679600834,-1.5717360668610405,TRACKING,5.55568971,5.557476106921021,91.80778600949998,-0.4199172578052278,1.5450711769379553,nan,69.64
CRUISE,0.0,55.00060705256925,-54.558950679600834,-1.5717360668610405,TRACKING,5.55569619,5.5566339840793075,91.81062910559046,-0.30882100788713485,1.5453637243578706,nan,69.66000000000001
CRUISE,0.0,55.00060705256925,-54.558950679600834,-1.5717360668610405,TRACKING,5.55569619,5.556912292693864,91.81344008469114,-0.19771894043229188,1.545651929687846,nan,69.68
CRUISE,0.0,55.00060705256925,-54.558950679600834,-1.5717360668610405,TRACKING,5.55570873,5.557095790778029,91.81621925190134,-0.0866120304835719,1.5459384562756615,nan,69.7
CRUISE,0.0,55.00060705256925,-54.558950679600834,-1.5717360668610405,TRACKING,5.55571481,5.557041522765466,91.8189666914891,0.02449745550909144,1.5462254886445819,nan,69.72
CRUISE,0.0,55.00060705256925,-54.558950679600834,-1.5717360668610405,TRACKING,5.55572076,5.556892104545648,91.82168200278983,0.1356016764813239,1.5465149416002475,nan,69.74000000000001
CRUISE,0.0,55.00060705256925,-54.558950679600834,-1.5717360668610405,TRACKING,5.55572076,5.556747218712994,91.82436494007428,0.2467037499217178,1.5468039114235037,nan,69.76
CRUISE,0.0,55.00060705256925,-54.558950679600834,-1.5717360668610405,TRACKING,5.55573217,5.556884927708232,91.82701557232664,0.3578091757879672,1.5470886816522742,nan,69.78
CRUISE,0.0,55.00060705256925,-54.558950679600834,-1.5717360668610405,TRACKING,5.55573775,5.55559417099594,91.82963400387958,0.46890478228707366,1.5473710974181085,nan,69.80000000000001
CRUISE,0.0,55.00060705256925,-54.558950679600834,-1.5717360668610405,TRACKING,5.55574322,5.554460038221447,91.83222115128883,0.579964071012549,1.5476539041011432,nan,69.82000000000001
CRUISE,0.0,55.00060705256925,-54.558950679600834,-1.5717360668610405,TRACKING,5.55574322,5.554589474385418,91.8347768616641,0.6910268847779976,1.5479388277808317,nan,69.84
CRUISE,0.0,55.00060705256925,-54.558950679600834,-1.5717360668610405,TRACKING,5.55575382,5.552092743610845,91.83730385897749,0.8020663403218833,1.548258609457694,nan,69.86
CRUISE,0.0,55.00060705256925,-54.558950679600834,-1.5717360668610405,TRACKING,5.55575896,5.544067651996021,91.83979063209965,0.9129605844630042,1.5487137887435318,nan,69.88000000000001
CRUISE,0.0,55.00060705256925,-54.558950679600834,-1.5717360668610405,TRACKING,5.55575896,5.542784331872397,91.84221767958242,1.023777002118708,1.5493016087588305,nan,69.9
CRUISE,0.0,55.00060705256925,-54.558950679600834,-1.5717360668610405,TRACKING,5.55576399,5.544690377257009,91.84457255687025,1.134632838016013,1.54998783126894,nan,69.92
CRUISE,0.0,55.00060705256925,-54.558950679600834,-1.5717360668610405,TRACKING,5.55577373,5.546207251131618,91.8468459753924,1.2455235570372074,1.5507494174221836,nan,69.94
CRUISE,0.0,55.00060705256925,-54.558950679600834,-1.5717360668610405,TRACKING,5.55577373,5.551848997027055,91.84903108848057,1.3565304889267926,1.5515462580824506,nan,69.96000000000001
CRUISE,0.0,55.00060705256925,-54.558950679600834,-1.5717360668610405,TRACKING,5.55578307,5.556809219960071,91.85112938796013,1.467602007270414,1.5523452459711586,nan,69.98
CRUISE,0.0,55.00060705256925,-54.558950679600834,-1.5717360668610405,TRACKING,5.5557876,5.5600247730725165,91.85313873729234,1.5787846866071686,1.5531469140935252,nan,70.0
CRUISE,0.0,55.00060705256925,-54.558950679600834,-1.5717360668610405,TRACKING,5.55579203,5.560007601434932,91.85505880637051,1.689968605188723,1.5539512040881687,nan,70.02000000000001
CRUISE,0.0,55.00060705256925,-54.558950679600834,-1.5717360668610405,TRACKING,5.55579628,5.559949895363197,91.85688931524766,1.8011528073127465,1.5547575327249639,nan,70.04
CRUISE,0.0,55.00060705256925,-54.558950679600834,-1.5717360668610405,TRACKING,5.55580052,5.556673904943245,91.85862958284422,1.912275207198654,1.5555492325793971,nan,70.06
CRUISE,0.0,55.00060705256925,-54.558950679600834,-1.5717360668610405,TRACKING,5.55580468,5.557442304085313,91.86028368114128,2.023407724007359,1.5563115698337133,nan,70.08
CRUISE,0.0,55.00060705256925,-54.558950679600834,-1.5717360668610405,TRACKING,5.55580468,5.55792787190941,91.86185438534463,2.134552323382369,1.5570528609827912,nan,70.10000000000001
CRUISE,0.0,55.00060705256925,-54.558950679600834,-1.5717360668610405,TRACKING,5.55581275,5.558258734981514,91.86334365612835,2.2457054252480857,1.5577786998806946,nan,70.12
CRUISE,0.0,55.00060705256925,-54.558950679600834,-1.5717360668610405,TRACKING,5.55581665,5.5585256623467565,91.86475163483448,2.3568654225651495,1.5584925755087946,nan,70.14
CRUISE,0.0,55.00060705256925,-54.558950679600834,-1.5717360668610405,TRACKING,5.55582048,5.555525801617521,91.8660802713758,2.467977831623212,1.5591849996731222,nan,70.16000000000001
CRUISE,0.0,55.00060705256925,-54.558950679600834,-1.5717360668610405,TRACKING,5.55582422,5.554791565427559,91.86733397549968,2.5790707570849443,1.5598468137440937,nan,70.18
CRUISE,0.0,55.00060705256925,-54.558950679600834,-1.5717360668610405,TRACKING,5.55582422,5.554309186135277,91.86851562403226,2.690153648018093,1.5604863341438493,nan,70.2
CRUISE,0.0,55.00060705256925,-54.558950679600834,-1.5717360668610405,TRACKING,5.55582789,5.553971923067592,91.86962731105396,2.8012297703291895,1.5611092184702575,nan,70.221
CRUISE,0.0,55.00060705256925,-54.558950679600834,-1.5717360668610405,TRACKING,5.555835,5.553726061453166,91.87067081533014,2.912300760629481,1.5617198571170814,nan,70.24000000000001
CRUISE,0.0,55.00060705256925,-54.558950679600834,-1.5717360668610405,TRACKING,5.55583844,5.555800533049034,91.87164781324408,3.023412397845245,1.5623104584231728,nan,70.26
CRUISE,0.0,55.00060705256925,-54.558950679600834,-1.5717360668610405,TRACKING,5.55584181,5.55514359404836,91.87256073602305,3.1345153594563024,1.56287287284407,nan,70.28
CRUISE,0.0,55.00060705256925,-54.558950679600834,-1.5717360668610405,TRACKING,5.55584511,5.554710568921727,91.87341225016814,3.245609111019489,1.5634145524936396,nan,70.30000000000001
CRUISE,0.0,55.00060705256925,-54.558950679600834,-1.5717360668610405,TRACKING,5.55584834,5.554664929479783,91.87420473475227,3.3566991679232685,1.5639408387101488,nan,70.32000000000001
CRUISE,0.0,55.00060705256925,-54.558950679600834,-1.5717360668610405,TRACKING,5.55584834,5.557520736551702,91.87493944055294,3.4678425274588465,1.5644555451633777,nan,70.34
CRUISE,0.0,55.00060705256925,-54.558950679600834,-1.5717360668610405,TRACKING,5.5558515,5.555574070607028,91.87561753343493,3.578952981826982,1.564950788463539,nan,70.36
CRUISE,0.0,55.00060705256925,-54.558950679600834,-1.5717360668610405,TRACKING,5.55585757,5.556361051527499,91.87624213644449,3.6900748899374056,1.5654201857217118,nan,70.38000000000001
CRUISE,0.0,55.00060705256925,-54.558950679600834,-1.5717360668610405,TRACKING,5.55586054,5.556730375530184,91.8768156285174,3.801205558446603,1.5658714641604896,nan,70.4
CRUISE,0.0,55.00060705256925,-54.558950679600834,-1.5717360668610405,TRACKING,5.55586345,5.556991721556256,91.87733975591071,3.9123422886766916,1.5663090038611391,nan,70.42
CRUISE,0.0,55.00060705256925,-54.558950679600834,-1.5717360668610405,TRACKING,5.5558663,5.555405295099574,91.87781599427615,4.02345147036084,1.5667270186456885,nan,70.44
CRUISE,0.0,55.00060705256925,-54.558950679600834,-1.5717360668610405,TRACKING,5.55586903,5.556135782367154,91.87824719322603,4.134570073913578,1.567121077366896,nan,70.46000000000001
CRUISE,0.0,55.00060705256925,-54.558950679600834,-1.5717360668610405,TRACKING,5.55587176,5.556472684428696,91.87863551819206,4.245696566765036,1.567498326606268,nan,70.48100000000001
CRUISE,0.0,55.00060705256925,-54.558950679600834,-1.5717360668610405,TRACKING,5.55587176,5.555658580412188,91.87898246516875,4.356817976657103,1.5678627254946085,nan,70.5
CRUISE,0.0,55.00060705256925,-54.558950679600834,-1.5717360668610405,TRACKING,5.55587705,5.554864291902368,91.87928950357401,4.46791617580335,1.5682172612111738,nan,70.52000000000001
CRUISE,0.0,55.00060705256925,-54.558950679600834,-1.5717360668610405,TRACKING,5.55587705,5.554731141421675,91.87955759355792,4.579011503524379,1.5685642339949901,nan,70.54
CRUISE,0.0,55.00060705256925,-54.558950679600834,-1.5717360668610405,TRACKING,5.55587962,5.556132135380324,91.87978765738882,4.690127368906071,1.568897893586591,nan,70.56
CRUISE,0.0,55.00060705256925,-54.558950679600834,-1.5717360668610405,TRACKING,5.55588213,5.5557184314648875,91.8799817354362,4.801244103239378,1.569212916103314,nan,70.58
CRUISE,0.0,55.00060705256925,-54.558950679600834,-1.5717360668610405,TRACKING,5.555887,5.555445406596213,91.88014166325331,4.912354775358768,1.5695140503356606,nan,70.60000000000001
CRUISE,0.0,55.00060705256925,-54.558950679600834,-1.5717360668610405,TRACKING,5.555887,5.555272620199977,91.88026871453594,5.023461586309746,1.5698045325548693,nan,70.62
CRUISE,0.0,55.00060705256925,-54.558950679600834,-1.5717360668610405,TRACKING,5.55589166,5.555141079349172,91.88036394959738,5.134565487827566,1.5700866515091216,nan,70.64
CRUISE,0.0,55.00060705256925,-54.558950679600834,-1.5717360668610405,TRACKING,5.55589392,5.556492940691302,91.88042843520235,5.2456939818743145,1.570354965754145,nan,70.66000000000001
CRUISE,0.0,55.00060705256925,-54.558950679600834,-1.5717360668610405,TRACKING,5.55589614,5.555907437399989,91.8804641634725,5.35681645331053,1.5706043310086792,nan,70.68
CRUISE,0.0,55.00060705256925,-54.558950679600834,-1.5717360668610405,TRACKING,5.55589614,5.5559814757512225,91.88047297079036,5.467934220886856,1.570839498421428,nan,70.7
CRUISE,0.0,55.00060705256925,-54.558950679600834,-1.5717360668610405,TRACKING,5.5558983,5.556174765864553,91.88045624194633,5.579056377443117,1.5710638603107119,nan,70.72
CRUISE,0.0,55.00060705256925,-54.558950679600834,-1.5717360668610405,TRACKING,5.5559025,5.555405750539462,91.88041516742256,5.6901646667528025,1.5712757323550741,nan,70.74000000000001
CRUISE,0.0,55.00060705256925,-54.558950679600834,-1.5717360668610405,TRACKING,5.55590449,5.5558534977675835,91.88035136154413,5.80127971426198,1.571473001127728,nan,70.76
CRUISE,0.0,55.00060705256925,-54.558950679600834,-1.5717360668610405,TRACKING,5.55590648,5.5560419240637176,91.88026619438604,5.912399117755816,1.571659909002328,nan,70.78
CRUISE,0.0,55.00060705256925,-54.558950679600834,-1.5717360668610405,TRACKING,5.55590648,5.556178318863368,91.88016069795559,6.023521549302516,1.5718387908315015,nan,70.80000000000001
CRUISE,0.0,55.00060705256925,-54.558950679600834,-1.5717360668610405,TRACKING,5.55590843,5.55626733411852,91.88003567095215,6.134645968767324,1.572011309414393,nan,70.82000000000001
CRUISE,0.0,55.00060705256925,-54.558950679600834,-1.5717360668610405,TRACKING,5.55591221,5.556335453414185,91.8798917550932,6.245771894759539,1.5721786634060904,nan,70.84
CRUISE,0.0,55.00060705256925,-54.558950679600834,-1.5717360668610405,TRACKING,5.55591221,5.55643776658266,91.87972961054965,6.356901515508874,1.5723368178180601,nan,70.86
CRUISE,0.0,55.00060705256925,-54.558950679600834,-1.5717360668610405,TRACKING,5.5559158,5.556063626942504,91.87955063617729,6.468024335599797,1.5724826550085185,nan,70.88000000000001
CRUISE,0.0,55.00060705256925,-54.558950679600834,-1.5717360668610405,TRACKING,5.5559158,5.555912607625847,91.8793559447837,6.579143604732316,1.5726197469741339,nan,70.9
CRUISE,0.0,55.00060705256925,-54.558950679600834,-1.5717360668610405,TRACKING,5.55591928,5.555820462030908,91.87914640211646,6.690260751609369,1.5727499291280804,nan,70.92
CRUISE,0.0,55.00060705256925,-54.558950679600834,-1.5717360668610405,TRACKING,5.55591928,5.555747022502534,91.87892270490183,6.801376221722282,1.5728744910740107,nan,70.94
CRUISE,0.0,55.00060705256925,-54.558950679600834,-1.5717360668610405,TRACKING,5.55592261,5.556414490120416,91.8786855051727,6.9125047967290465,1.5729908726262498,nan,70.96000000000001
CRUISE,0.0,55.00060705256925,-54.558950679600834,-1.5717360668610405,TRACKING,5.55592422,5.5562041783023535,91.87843596543674,7.023630036862909,1.573096680583921,nan,70.98
CRUISE,0.0,55.00060705256925,-54.558950679600834,-1.5717360668610405,TRACKING,5.5559258,5.556068079860122,91.87817512129268,7.134752189397823,1.5731943883829278,nan,71.0
CRUISE,0.0,55.00060705256925,-54.558950679600834,-1.5717360668610405,TRACKING,5.55592735,5.555983641541154,91.87790377614395,7.245872398980592,1.5732856659503018,nan,71.02000000000001
CRUISE,0.0,55.00060705256925,-54.558950679600834,-1.5717360668610405,TRACKING,5.55592735,5.555938349989156,91.87762257603788,7.356990267382472,1.5733717432353962,nan,71.04
CRUISE,0.0,55.00060705256925,-54.558950679600834,-1.5717360668610405,TRACKING,5.55592887,5.555424916329805,91.8773321123328,7.468097900087148,1.5734506360867906,nan,71.06
CRUISE,0.0,55.00060705256925,-54.558950679600834,-1.5717360668610405,TRACKING,5.55593181,5.555598599868762,91.87703338282209,7.579208256981784,1.5735206057523075,nan,71.08
CRUISE,0.0,55.00060705256925,-54.558950679600834,-1.5717360668610405,TRACKING,5.55593181,5.555710086690829,91.87672726396319,7.6903211010058,1.5735836686395026,nan,71.10000000000001
CRUISE,0.0,55.00060705256925,-54.558950679600834,-1.5717360668610405,TRACKING,5.55593462,5.555780576273825,91.87641441387828,7.801435526297684,1.5736411761092872,nan,71.12
CRUISE,0.0,55.00060705256925,-54.558950679600834,-1.5717360668610405,TRACKING,5.55593598,5.555837336362259,91.8760954275088,7.912551202119499,1.5736941280519652,nan,71.14
CRUISE,0.0,55.00060705256925,-54.558950679600834,-1.5717360668610405,TRACKING,5.55593732,5.5554370420169485,91.87577081451647,8.023659094477336,1.5737410758390786,nan,71.16000000000001
CRUISE,0.0,55.00060705256925,-54.558950679600834,-1.5717360668610405,TRACKING,5.55593863,5.555573068038899,91.87544139875556,8.134769077598019,1.5737807142328593,nan,71.18
CRUISE,0.0,55.00060705256925,-54.558950679600834,-1.5717360668610405,TRACKING,5.55593863,5.555982954858871,91.87510790034713,8.245885048123368,1.573814641354046,nan,71.2
CRUISE,0.0,55.00060705256925,-54.558950679600834,-1.5717360668610405,TRACKING,5.55593991,5.556744174451775,91.87477095638064,8.357018199143585,1.573841080688308,nan,71.22
CRUISE,0.0,55.00060705256925,-54.558950679600834,-1.5717360668610405,TRACKING,5.55594239,5.556477234246527,91.87443159242771,8.468148430583396,1.5738587484232156,nan,71.24000000000001
CRUISE,0.0,55.00060705256925,-54.558950679600834,-1.5717360668610405,TRACKING,5.55594359,5.556299452875434,91.87409060932244,8.579274699341589,1.573870544364386,nan,71.26
CRUISE,0.0,55.00060705256925,-54.558950679600834,-1.5717360668610405,TRACKING,5.55594477,5.556180978975604,91.87374854510492,8.69039832939173,1.5738784205019622,nan,71.28
CRUISE,0.0,55.00060705256925,-54.558950679600834,-1.5717360668610405,TRACKING,5.55594477,5.556102184592748,91.87340575925268,8.801520202262985,1.5738836771519003,nan,71.30000000000001
CRUISE,0.0,55.00060705256925,-54.558950679600834,-1.5717360668610405,TRACKING,5.55594705,5.556050331256467,91.87306249162793,8.912640915673725,1.573887186420839,nan,71.32000000000001
CRUISE,0.0,55.00060705256925,-54.558950679600834,-1.5717360668610405,TRACKING,5.55594815,5.556015962259463,91.87271890237264,9.023760862286686,1.573889529154267,nan,71.34
CRUISE,0.0,55.00060705256925,-54.558950679600834,-1.5717360668610405,TRACKING,5.55594921,5.555993132716693,91.8723750983772,9.134880299882434,1.5738910935494008,nan,71.36
CRUISE,0.0,55.00060705256925,-54.558950679600834,-1.5717360668610405,TRACKING,5.55595027,5.555929973798445,91.87203115092004,9.245998921073793,1.5738921374783612,nan,71.381
CRUISE,0.0,55.00060705256925,-54.558950679600834,-1.5717360668610405,TRACKING,5.55595131,5.555935723058724,91.87168710768616,9.357117055858222,1.573892833928158,nan,71.4
CRUISE,0.0,55.00060705256925,-54.558950679600834,-1.5717360668610405,TRACKING,5.55595131,5.555313985093386,91.87134305043838,9.468223464594445,1.5738904922791817,nan,71.42
CRUISE,0.0,55.00060705256925,-54.558950679600834,-1.5717360668610405,TRACKING,5.55595232,5.555495378234177,91.87099959442712,9.579332028452196,1.5738822650766082,nan,71.44
CRUISE,0.0,55.00060705256925,-54.558950679600834,-1.5717360668610405,TRACKING,5.55595427,5.555397460579852,91.87065731176239,9.690438669005532,1.5738689119922853,nan,71.461
CRUISE,0.0,55.00060705256925,-54.558950679600834,-1.5717360668610405,TRACKING,5.55595522,5.555656954207188,91.87031679974515,9.801550362577915,1.5738504767376988,nan,71.48
CRUISE,0.0,55.00060705256925,-54.558950679600834,-1.5717360668610405,TRACKING,5.55595616,5.555756427394888,91.86997856572376,9.912664235374677,1.5738279740883623,nan,71.5
CRUISE,0.0,55.00060705256925,-54.558950679600834,-1.5717360668610405,TRACKING,5.55595707,5.555825098972056,91.86964301777176,10.02377962006777,1.5738021404287224,nan,71.52000000000001
CRUISE,0.0,55.00060705256925,-54.558950679600834,-1.5717360668610405,TRACKING,5.55595797,5.555905855373065,91.8693104966451,10.134896460730985,1.5737734876345564,nan,71.54
CRUISE,0.0,55.00060705256925,-54.558950679600834,-1.5717360668610405,TRACKING,5.55595797,5.556062127031707,91.86898130358688,10.246017636860284,1.5737419848150076,nan,71.56
CRUISE,0.0,55.00060705256925,-54.558950679600834,-1.5717360668610405,TRACKING,5.5559597,5.556005214483316,91.86865576604885,10.35713776118385,1.5737077099549563,nan,71.58
CRUISE,0.0,55.00060705256925,-54.558950679600834,-1.5717360668610405,TRACKING,5.5559597,5.55597224641243,91.86833416502019,10.468257031355815,1.5736711273930857,nan,71.60000000000001
CRUISE,0.0,55.00060705256925,-54.558950679600834,-1.5717360668610405,TRACKING,5.55596137,5.555993812826203,91.86801672079093,10.579376283263382,1.5736325446592518,nan,71.62
CRUISE,0.0,55.00060705256925,-54.558950679600834,-1.5717360668610405,TRACKING,5.55596217,5.5563098845237615,91.86770365816692,10.690499033699732,1.5735921630579515,nan,71.64
CRUISE,0.0,55.00060705256925,-54.558950679600834,-1.5717360668610405,TRACKING,5.55596217,5.5562906609196565,91.86739516872204,10.801624626122969,1.5735502426446508,nan,71.66000000000001
CRUISE,0.0,55.00060705256925,-54.558950679600834,-1.5717360668610405,TRACKING,5.55596373,5.556289847312742,91.86709140788086,10.912750182681306,1.573507012645398,nan,71.681
CRUISE,0.0,55.00060705256925,-54.558950679600834,-1.5717360668610405,TRACKING,5.55596449,5.556286960652421,91.86679251616792,11.023875682936124,1.5734625714046508,nan,71.7
CRUISE,0.0,55.00060705256925,-54.558950679600834,-1.5717360668610405,TRACKING,5.55596449,5.556166962706085,91.86649862401345,11.135000079813054,1.5734169614155153,nan,71.72
CRUISE,0.0,55.00060705256925,-54.558950679600834,-1.5717360668610405,TRACKING,5.55596596,5.5556323022760195,91.86620986631745,11.246113265044341,1.5733701698148665,nan,71.74000000000001
CRUISE,0.0,55.00060705256925,-54.558950679600834,-1.5717360668610405,TRACKING,5.55596596,5.555667954486493,91.86592638467968,11.357226131160695,1.57332242363143,nan,71.76
CRUISE,0.0,55.00060705256925,-54.558950679600834,-1.5717360668610405,TRACKING,5.55596667,5.555659132457848,91.86564824715678,11.468338899696564,1.5732739420595856,nan,71.78
CRUISE,0.0,55.00060705256925,-54.558950679600834,-1.5717360668610405,TRACKING,5.55596804,5.555653699311261,91.86537553783296,11.579451563048742,1.5732246802328587,nan,71.80000000000001
CRUISE,0.0,55.00060705256925,-54.558950679600834,-1.5717360668610405,TRACKING,5.55596871,5.555790291771121,91.86510834597443,11.690565493529878,1.5731745637221621,nan,71.82000000000001
CRUISE,0.0,55.00060705256925,-54.558950679600834,-1.5717360668610405,TRACKING,5.55596871,5.555795840183866,91.86484677120016,11.801681264301154,1.5731235214030217,nan,71.84
CRUISE,0.0,55.00060705256925,-54.558950679600834,-1.5717360668610405,TRACKING,5.55597,5.555759053757198,91.86459091358451,11.912796272578008,1.5730717192926715,nan,71.86
CRUISE,0.0,55.00060705256925,-54.558950679600834,-1.5717360668610405,TRACKING,5.55597,5.555766430684703,91.86434084143043,12.023911416501523,1.573019335985085,nan,71.88000000000001
CRUISE,0.0,55.00060705256925,-54.558950679600834,-1.5717360668610405,TRACKING,5.55597124,5.556000967268161,91.86409662327782,12.135028985464112,1.5729662975686833,nan,71.9
CRUISE,0.0,55.00060705256925,-54.558950679600834,-1.5717360668610405,TRACKING,5.55597184,5.556170537837635,91.86385832399812,12.246151988774358,1.5729125191592541,nan,71.92
CRUISE,0.0,55.00060705256925,-54.558950679600834,-1.5717360668610405,TRACKING,5.55597243,5.556173505486565,91.86362603955155,12.357275054378647,1.5728579283399793,nan,71.94
CRUISE,0.0,55.00060705256925,-54.558950679600834,-1.5717360668610405,TRACKING,5.55597243,5.556218856614763,91.86339985642142,12.468399062969912,1.5728027011425505,nan,71.96000000000001
CRUISE,0.0,55.00060705256925,-54.558950679600834,-1.5717360668610405,TRACKING,5.555973,5.556224645516177,91.86317983062408,12.579523142128297,1.5727470408075233,nan,71.98
CRUISE,0.0,55.00060705256925,-54.558950679600834,-1.5717360668610405,TRACKING,5.55597357,5.556303415745982,91.86296601640149,12.690649072053493,1.5726908507868897,nan,72.0
CRUISE,0.0,55.00060705256925,-54.558950679600834,-1.5717360668610405,TRACKING,5.55597466,5.556340438315557,91.86275847970393,12.80177571854083,1.5726339422455557,nan,72.02000000000001
CRUISE,0.0,55.00060705256925,-54.558950679600834,-1.5717360668610405,TRACKING,5.55597518,5.556316632826902,91.86255731257262,12.912901978276238,1.572576237620888,nan,72.04
CRUISE,0.0,55.00060705256925,-54.558950679600834,-1.5717360668610405,TRACKING,5.55597569,5.556275425410303,91.86236258562494,13.024027375395512,1.5725181243483877,nan,72.061
CRUISE,0.0,55.00060705256925,-54.558950679600834,-1.5717360668610405,TRACKING,5.55597569,5.555701597598098,91.86217432629965,13.13514667106694,1.5724597976508026,nan,72.08
CRUISE,0.0,55.00060705256925,-54.558950679600834,-1.5717360668610405,TRACKING,5.5559762,5.555651134014209,91.86199257592548,13.24625950262232,1.5724011305141945,nan,72.10000000000001
CRUISE,0.0,55.00060705256925,-54.558950679600834,-1.5717360668610405,TRACKING,5.55597718,5.555641180454517,91.86181737452905,13.357372128482721,1.5723420134527413,nan,72.12
CRUISE,0.0,55.00060705256925,-54.558950679600834,-1.5717360668610405,TRACKING,5.55597766,5.555635477995033,91.86164876913386,13.468484640004892,1.5722823777502333,nan,72.14
CRUISE,0.0,55.00060705256925,-54.558950679600834,-1.5717360668610405,TRACKING,5.55597812,5.555679559028227,91.8614868111068,13.579598080073394,1.572222468151249,nan,72.16000000000001
CRUISE,0.0,55.00060705256925,-54.558950679600834,-1.5717360668610405,TRACKING,5.55597858,5.5556862819392565,91.86133150977896,13.690711706033808,1.5721625249005695,nan,72.18
CRUISE,0.0,55.00060705256925,-54.558950679600834,-1.5717360668610405,TRACKING,5.55597903,5.55570018913147,91.86118287703152,13.801825635745073,1.5721024034606277,nan,72.2
CRUISE,0.0,55.00060705256925,-54.558950679600834,-1.5717360668610405,TRACKING,5.55597947,5.555708325016412,91.86104093845444,13.912939736851888,1.572041999324108,nan,72.22
CRUISE,0.0,55.00060705256925,-54.558950679600834,-1.5717360668610405,TRACKING,5.55597947,5.555712382204366,91.86090572934151,14.024053955761905,1.5719812444341588,nan,72.24000000000001
CRUISE,0.0,55.00060705256925,-54.558950679600834,-1.5717360668610405,TRACKING,5.55598031,5.556258819330027,91.86077728131745,14.135176099821624,1.571920423787631,nan,72.26100000000001
CRUISE,0.0,55.00060705256925,-54.558950679600834,-1.5717360668610405,TRACKING,5.55598072,5.556277004233385,91.86065556889002,14.246301537574901,1.5718598014469427,nan,72.28
CRUISE,0.0,55.00060705256925,-54.558950679600834,-1.5717360668610405,TRACKING,5.55598113,5.556282427491805,91.86054058758174,14.357427105589474,1.5717992131157237,nan,72.30000000000001
CRUISE,0.0,55.00060705256925,-54.558950679600834,-1.5717360668610405,TRACKING,5.55598152,5.556278117758978,91.86043234225048,14.468552590349173,1.5717385462727658,nan,72.32000000000001
CRUISE,0.0,55.00060705256925,-54.558950679600834,-1.5717360668610405,TRACKING,5.55598191,5.556296157888629,91.8603308453768,14.57967828656931,1.5716777392514798,nan,72.34
CRUISE,0.0,55.00060705256925,-54.558950679600834,-1.5717360668610405,TRACKING,5.55598228,5.556234793491226,91.86023610407537,14.6908029243524,1.571617112934435,nan,72.36
CRUISE,0.0,55.00060705256925,-54.558950679600834,-1.5717360668610405,TRACKING,5.55598265,5.556252623152555,91.86014807294575,14.801927886919255,1.5715569546088228,nan,72.381
CRUISE,0.0,55.00060705256925,-54.558950679600834,-1.5717360668610405,TRACKING,5.55598301,5.556262515804495,91.86006671117809,14.913053079306776,1.5714970701720117,nan,72.4
CRUISE,0.0,55.00060705256925,-54.558950679600834,-1.5717360668610405,TRACKING,5.55598337,5.556260781673898,91.85999199509642,15.02417832656701,1.5714373439340623,nan,72.42
CRUISE,0.0,55.00060705256925,-54.558950679600834,-1.5717360668610405,TRACKING,5.55598337,5.5130031112983,91.8599242441305,15.13473573161707,1.5713780704733171,nan,72.44
CRUISE,0.0,55.00060705256925,-54.558950679600834,-1.5717360668610405,TRACKING,5.50187713,5.458587279518364,91.85986359774728,15.244206732972316,1.5713198843598093,nan,72.46000000000001
CRUISE,0.0,55.00060705256925,-54.558950679600834,-1.5717360668610405,TRACKING,5.44487713,5.399441298245567,91.85980983135236,15.35249641377277,1.5712631123336627,nan,72.48100000000001
CRUISE,0.0,55.00060705256925,-54.558950679600834,-1.5717360668610405,TRACKING,5.44487713,5.339105688660305,91.85976267976712,15.459578680248102,1.5712074974114747,nan,72.5
CRUISE,0.0,55.00060705256925,-54.558950679600834,-1.5717360668610405,TRACKING,5.38584706,5.2790983402089395,91.85972189513114,15.565460772925464,1.571152856593986,nan,72.52000000000001
CRUISE,0.0,55.00060705256925,-54.558950679600834,-1.5717360668610405,TRACKING,5.26584706,5.219096432132248,91.85968724874941,15.67014281187124,1.5710990855812204,nan,72.54
CRUISE,0.0,55.00060705256925,-54.558950679600834,-1.5717360668610405,TRACKING,5.20584706,5.159660614348524,91.859658512335,15.773631522796432,1.5710464953686896,nan,72.56
CRUISE,0.0,55.00060705256925,-54.558950679600834,-1.5717360668610405,TRACKING,5.14584706,5.099654450336417,91.85963541552555,15.875924864358776,1.5709953420384766,nan,72.58
CRUISE,0.0,55.00060705256925,-54.558950679600834,-1.5717360668610405,TRACKING,5.08584706,5.0396312900896225,91.85961770257823,15.977017695325872,1.5709453509067055,nan,72.60000000000001
CRUISE,0.0,55.00060705256925,-54.558950679600834,-1.5717360668610405,TRACKING,5.02584706,4.979617114659246,91.85960514493371,16.07691021548553,1.5708963532479792,nan,72.62
CRUISE,0.0,55.00060705256925,-54.558950679600834,-1.5717360668610405,TRACKING,4.96584706,4.91960861710509,91.85959753059099,16.175602552530147,1.5708482618304662,nan,72.64
CRUISE,0.0,55.00060705256925,-54.558950679600834,-1.5717360668610405,TRACKING,4.90584706,4.859661843358989,91.85959464785502,16.27309602065361,1.5708013541153913,nan,72.66000000000001
CRUISE,0.0,55.00060705256925,-54.558950679600834,-1.5717360668610405,TRACKING,4.90584706,4.799627561148794,91.85959625109236,16.36938882355127,1.570755839111004,nan,72.68
CRUISE,0.0,55.00060705256925,-54.558950679600834,-1.5717360668610405,TRACKING,4.78584706,4.739604060751264,91.85960210985994,16.464481110357948,1.570711450400958,nan,72.7
CRUISE,0.0,55.00060705256925,-54.558950679600834,-1.5717360668610405,TRACKING,4.78584706,4.679589799943572,91.85961201854208,16.558373084459426,1.5706680268009923,nan,72.72
CRUISE,0.0,55.00060705256925,-54.558950679600834,-1.5717360668610405,TRACKING,4.66584706,4.619584132376829,91.85962578575788,16.65106493547194,1.5706255050343674,nan,72.74000000000001
CRUISE,0.0,55.00060705256925,-54.558950679600834,-1.5717360668610405,TRACKING,4.60584706,4.559621626258947,91.85964322009606,16.742557586386766,1.5705841047746738,nan,72.76
CRUISE,0.0,55.00060705256925,-54.558950679600834,-1.5717360668610405,TRACKING,4.54584706,4.499502942253887,91.85966410758805,16.83284851121512,1.570543967737361,nan,72.78
CRUISE,0.0,55.00060705256925,-54.558950679600834,-1.5717360668610405,TRACKING,4.48584706,4.4395113005880145,91.85968824743888,16.921938601318672,1.57050487168754,nan,72.80000000000001
CRUISE,0.0,55.00060705256925,-54.558950679600834,-1.5717360668610405,TRACKING,4.42584706,4.382493165323804,91.85971547646224,17.009885378858,1.5704667326922241,nan,72.82000000000001
CRUISE,0.0,55.00060705256925,-54.558950679600834,-1.5717360668610405,TRACKING,4.36884706,4.322503857093819,91.8597456014563,17.096635324460735,1.5704295726969228,nan,72.84
CRUISE,0.0,55.00060705256925,-54.558950679600834,-1.5717360668610405,TRACKING,4.30884706,4.262464649289355,91.85977844854936,17.182184479645823,1.5703934573313436,nan,72.86
CRUISE,0.0,55.00060705256925,-54.558950679600834,-1.5717360668610405,TRACKING,4.30884706,4.202465058668325,91.8598138322758,17.266533617068788,1.5703585359817587,nan,72.88000000000001
CRUISE,0.0,55.00060705256925,-54.558950679600834,-1.5717360668610405,TRACKING,4.18884706,4.142463769154459,91.85985157193176,17.349682774125426,1.5703247158310865,nan,72.9
CRUISE,0.0,55.00060705256925,-54.558950679600834,-1.5717360668610405,TRACKING,4.18884706,4.082234604617167,91.85989149673954,17.431629242447517,1.5702919562502509,nan,72.92
CRUISE,0.0,55.00060705256925,-54.558950679600834,-1.5717360668610405,TRACKING,4.12884706,4.022235931361759,91.85993344302118,17.5123740873335,1.57026020874843,nan,72.94
CRUISE,0.0,55.00060705256925,-54.558950679600834,-1.5717360668610405,TRACKING,4.00884706,3.9622570111548865,91.85997725235408,17.591919356605217,1.5702295254657423,nan,72.96000000000001
CRUISE,0.0,55.00060705256925,-54.558950679600834,-1.5717360668610405,TRACKING,3.94884706,3.902425725318562,91.86002276109299,17.67026723907532,1.5702000368732916,nan,72.98
CRUISE,0.0,55.00060705256925,-54.558950679600834,-1.5717360668610405,TRACKING,3.88884706,3.842557112080407,91.86006980204604,17.74741732596427,1.5701718122431985,nan,73.0
CRUISE,0.0,55.00060705256925,-54.558950679600834,-1.5717360668610405,TRACKING,3.82884706,3.7825532574543503,91.86011820864258,17.82336861154749,1.5701448792532378,nan,73.02000000000001
CRUISE,0.0,55.00060705256925,-54.558950679600834,-1.5717360668610405,TRACKING,3.76884706,3.7225464922749074,91.86016781726019,17.898119809360132,1.5701192576932985,nan,73.04
CRUISE,0.0,55.00060705256925,-54.558950679600834,-1.5717360668610405,TRACKING,3.70884706,3.6625394891014986,91.86021847008944,17.97167081171493,1.5700948995211534,nan,73.06
CRUISE,0.0,55.00060705256925,-54.558950679600834,-1.5717360668610405,TRACKING,3.70884706,3.6025315294848803,91.86027001664318,18.044021648037035,1.5700717704339149,nan,73.08
CRUISE,0.0,55.00060705256925,-54.558950679600834,-1.5717360668610405,TRACKING,3.58884706,3.543088875915071,91.8603222590737,18.115184308683347,1.5700528552763575,nan,73.10000000000001
CRUISE,0.0,55.00060705256925,-54.558950679600834,-1.5717360668610405,TRACKING,3.52884706,3.482834044134419,91.86037471092386,18.185142110596246,1.5700404276357502,nan,73.12
CRUISE,0.0,55.00060705256925,-54.558950679600834,-1.5717360668610405,TRACKING,3.46884706,3.422666689996756,91.86042696585776,18.253896173679262,1.5700322737760255,nan,73.14
CRUISE,0.0,55.00060705256925,-54.558950679600834,-1.5717360668610405,TRACKING,3.46884706,3.3625567671135084,91.86047876152523,18.321447781256108,1.5700269253051307,nan,73.16000000000001
CRUISE,0.0,55.00060705256925,-54.558950679600834,-1.5717360668610405,TRACKING,3.34884706,3.302484515615321,91.86052992859715,18.38779777528848,1.5700234183336714,nan,73.18
CRUISE,0.0,55.00060705256925,-54.558950679600834,-1.5717360668610405,TRACKING,3.34884706,3.2424370174904387,91.86058035793914,18.452946708848373,1.570021119300128,nan,73.2
CRUISE,0.0,55.00060705256925,-54.558950679600834,-1.5717360668610405,TRACKING,3.22884706,3.1824057387375544,91.86062997935657,18.516894944529053,1.5700196126048949,nan,73.22
CRUISE,0.0,55.00060705256925,-54.558950679600834,-1.5717360668610405,TRACKING,3.16884706,3.122385098742289,91.86067874753634,18.579642720097677,1.5700186255917568,nan,73.241
CRUISE,0.0,55.00060705256925,-54.558950679600834,-1.5717360668610405,TRACKING,3.10884706,3.0623714436964824,91.86072663308282,18.641190191621284,1.5700179792846012,nan,73.26
CRUISE,0.0,55.00060705256925,-54.558950679600834,-1.5717360668610405,TRACKING,3.04884706,3.0023623802518924,91.86077361710592,18.701537461634878,1.5700175562394103,nan,73.28
CRUISE,0.0,55.00060705256925,-54.558950679600834,-1.5717360668610405,TRACKING,2.98884706,2.9423571155977815,91.86081968744483,18.760684608569356,1.5700172794380918,nan,73.30000000000001
CRUISE,0.0,55.00060705256925,-54.558950679600834,-1.5717360668610405,TRACKING,2.92884706,2.8823538194710325,91.86086483627857,18.818631682095777,1.5700170984221395,nan,73.32000000000001
CRUISE,0.0,55.00060705256925,-54.558950679600834,-1.5717360668610405,TRACKING,2.86884706,2.822351672268824,91.86090905858268,18.875378707897912,1.57001698011643,nan,73.34
CRUISE,0.0,55.00060705256925,-54.558950679600834,-1.5717360668610405,TRACKING,2.86884706,2.7623502772665667,91.86095235114531,18.93092570278882,1.5700169028634199,nan,73.36
CRUISE,0.0,55.00060705256925,-54.558950679600834,-1.5717360668610405,TRACKING,2.80884706,2.702349512473952,91.86099471189581,18.98527267920687,1.570016852427457,nan,73.38000000000001
CRUISE,0.0,55.00060705256925,-54.558950679600834,-1.5717360668610405,TRACKING,2.68884706,2.6423492323741504,91.86103613949032,19.038419648951738,1.5700168195077413,nan,73.4
CRUISE,0.0,55.00060705256925,-54.558950679600834,-1.5717360668610405,TRACKING,2.68884706,2.5823491828266265,91.86107663309421,19.090366617006975,1.5700167980383977,nan,73.42
CRUISE,0.0,55.00060705256925,-54.558950679600834,-1.5717360668610405,TRACKING,2.56884706,2.522349125889292,91.86111619217183,19.141113584423337,1.570016784051443,nan,73.44
CRUISE,0.0,55.00060705256925,-54.558950679600834,-1.5717360668610405,TRACKING,2.56884706,2.462349044877942,91.86115481638035,19.190660550698677,1.5700167749544558,nan,73.461
CRUISE,0.0,55.00060705256925,-54.558950679600834,-1.5717360668610405,TRACKING,2.44884706,2.4023489440855728,91.86119250549893,19.239007515416045,1.570016769051057,nan,73.48
CRUISE,0.0,55.00060705256925,-54.558950679600834,-1.5717360668610405,TRACKING,2.38884706,2.3423488660848895,91.86122925938427,19.286154478626976,1.5700167652306898,nan,73.5
CRUISE,0.0,55.00060705256925,-54.558950679600834,-1.5717360668610405,TRACKING,2.32884706,2.282348872867785,91.86126507794057,19.332101442110627,1.570016762764414,nan,73.52000000000001
CRUISE,0.0,55.00060705256925,-54.558950679600834,-1.5717360668610405,TRACKING,2.32884706,2.222348864426024,91.86129996110941,19.37684840586121,1.5700167611786615,nan,73.54
CRUISE,0.0,55.00060705256925,-54.558950679600834,-1.5717360668610405,TRACKING,2.20884706,2.162348844238075,91.86133390885396,19.42039536962751,1.5700167601648638,nan,73.56
CRUISE,0.0,55.00060705256925,-54.558950679600834,-1.5717360668610405,TRACKING,2.20884706,2.10234881596405,91.86136692115075,19.46274233322584,1.570016759521775,nan,73.58
CRUISE,0.0,55.00060705256925,-54.558950679600834,-1.5717360668610405,TRACKING,2.08884706,2.0423488304058455,91.8613989979838,19.503889297234274,1.5700167591171958,nan,73.601
CRUISE,0.0,55.00060705256925,-54.558950679600834,-1.5717360668610405,GOAL_REACHED,2.02884706,1.98234883639294,91.86143013934343,19.543836261815276,1.5700167588653073,nan,73.62
CRUISE,0.0,55.00060705256925,-54.558950679600834,-1.5717360668610405,GOAL_REACHED,1.96884706,1.9223488263851778,91.86146034522413,19.582583226638018,1.5700167587108809,nan,73.64
CRUISE,0.0,55.00060705256925,-54.558950679600834,-1.5717360668610405,GOAL_REACHED,1.90884706,1.8623488024581374,91.86148961562277,19.620130191413704,1.570016758618117,nan,73.66000000000001
CRUISE,0.0,55.00060705256925,-54.558950679600834,-1.5717360668610405,GOAL_REACHED,1.90884706,1.802348766752726,91.86151795053748,19.656477155896226,1.5700167585638753,nan,73.68
CRUISE,0.0,55.00060705256925,-54.558950679600834,-1.5717360668610405,GOAL_REACHED,1.84884706,1.742348721357618,91.86154534996734,19.691624119881247,1.5700167585332498,nan,73.7
CRUISE,0.0,55.00060705256925,-54.558950679600834,-1.5717360668610405,GOAL_REACHED,1.78884706,1.6823487178522794,91.86157181391371,19.72557108387761,1.570016758517798,nan,73.721
CRUISE,0.0,55.00060705256925,-54.558950679600834,-1.5717360668610405,GOAL_REACHED,1.72884706,1.6223487229949811,91.86159734237812,19.758318048367563,1.5700167585124485,nan,73.74000000000001
CRUISE,0.0,55.00060705256925,-54.558950679600834,-1.5717360668610405,GOAL_REACHED,1.60884706,1.5623487234090283,91.86162193536065,19.789865013253205,1.5700167585133518,nan,73.76
CRUISE,0.0,55.00060705256925,-54.558950679600834,-1.5717360668610405,GOAL_REACHED,1.60884706,1.5023487197481205,91.86164559286146,19.82021197844981,1.5700167585180849,nan,73.78
CRUISE,0.0,55.00060705256925,-54.558950679600834,-1.5717360668610405,GOAL_REACHED,1.48884706,1.4423487126755472,91.8616683148807,19.84935894388586,1.5700167585251343,nan,73.80000000000001
CRUISE,0.0,55.00060705256925,-54.558950679600834,-1.5717360668610405,GOAL_REACHED,1.42884706,1.3823487027906556,91.86169010141857,19.877305909502173,1.5700167585335554,nan,73.82000000000001
CRUISE,0.0,55.00060705256925,-54.558950679600834,-1.5717360668610405,GOAL_REACHED,1.36884706,1.322348690698116,91.86171095247526,19.904052875251637,1.5700167585427698,nan,73.84
CRUISE,0.0,55.00060705256925,-54.558950679600834,-1.5717360668610405,GOAL_REACHED,1.36884706,1.2623486769279877,91.86173086805086,19.929599841098018,1.5700167585524163,nan,73.86
CRUISE,0.0,55.00060705256925,-54.558950679600834,-1.5717360668610405,GOAL_REACHED,1.30884706,1.202348661993641,91.8617498481455,19.953946807015576,1.5700167585622755,nan,73.88000000000001
CRUISE,0.0,55.00060705256925,-54.558950679600834,-1.5717360668610405,GOAL_REACHED,1.18884706,1.1423486463274377,91.86176789275923,19.977093772987505,1.5700167585722062,nan,73.9
CRUISE,0.0,55.00060705256925,-54.558950679600834,-1.5717360668610405,GOAL_REACHED,1.12884706,1.0823486303393612,91.86178500189216,19.999040739005558,1.570016758582108,nan,73.92
CRUISE,0.0,55.00060705256925,-54.558950679600834,-1.5717360668610405,GOAL_REACHED,1.06884706,1.022348614384681,91.86180117554429,20.019787705068577,1.5700167585919054,nan,73.94
CRUISE,0.0,55.00060705256925,-54.558950679600834,-1.5717360668610405,GOAL_REACHED,1.00884706,0.9623485987543636,91.86181641371562,20.03933467118161,1.5700167586015317,nan,73.96000000000001
CRUISE,0.0,55.00060705256925,-54.558950679600834,-1.5717360668610405,GOAL_REACHED,1.00884706,0.9023485859985373,91.86183071640603,20.05768163737814,1.5700167586108555,nan,73.982
CRUISE,0.0,55.00060705256925,-54.558950679600834,-1.5717360668610405,GOAL_REACHED,0.888847058,0.8423485858327805,91.86184408361478,20.07482860388447,1.570016758619181,nan,74.0
CRUISE,0.0,55.00060705256925,-54.558950679600834,-1.5717360668610405,GOAL_REACHED,0.828847058,0.7823485858325808,91.86185651534169,20.09077557075544,1.5700167586263307,nan,74.021
CRUISE,0.0,55.00060705256925,-54.558950679600834,-1.5717360668610405,GOAL_REACHED,0.828847058,0.7223485858323839,91.8618680115868,20.105522537991046,1.5700167586322964,nan,74.04
CRUISE,0.0,55.00060705256925,-54.558950679600834,-1.5717360668610405,GOAL_REACHED,0.708847058,0.662348585832542,91.86187857235012,20.11906950559129,1.5700167586370721,nan,74.06
CRUISE,0.0,55.00060705256925,-54.558950679600834,-1.5717360668610405,GOAL_REACHED,0.648847058,0.6023485858327022,91.86188819763171,20.131416473556172,1.5700167586406535,nan,74.08
CRUISE,0.0,55.00060705256925,-54.558950679600834,-1.5717360668610405,GOAL_REACHED,0.588847058,0.5423485858328627,91.86189688743157,20.14256344188569,1.57001675864304,nan,74.10000000000001
CRUISE,0.0,55.00060705256925,-54.558950679600834,-1.5717360668610405,GOAL_REACHED,0.588847058,0.48234858583302415,91.86190464174972,20.15251041057985,1.5700167586442255,nan,74.12
CRUISE,0.0,55.00060705256925,-54.558950679600834,-1.5717360668610405,GOAL_REACHED,0.468847058,0.42234858583318446,91.86191146058616,20.16125737963865,1.5700167586442124,nan,74.14
CRUISE,0.0,55.00060705256925,-54.558950679600834,-1.5717360668610405,GOAL_REACHED,0.468847058,0.36234858583334484,91.86191734394092,20.168804349062086,1.5700167586429983,nan,74.16000000000001
CRUISE,0.0,55.00060705256925,-54.558950679600834,-1.5717360668610405,GOAL_REACHED,0.348847058,0.30234858583350965,91.86192229181403,20.175151318850162,1.5700167586405824,nan,74.18
CRUISE,0.0,55.00060705256925,-54.558950679600834,-1.5717360668610405,GOAL_REACHED,0.348847058,0.24234858583366997,91.86192630420543,20.180298289002877,1.5700167586369678,nan,74.2
CRUISE,0.0,55.00060705256925,-54.558950679600834,-1.5717360668610405,GOAL_REACHED,0.228847058,0.18234858583383257,91.86192938111517,20.18424525952023,1.5700167586321492,nan,74.22
CRUISE,0.0,55.00060705256925,-54.558950679600834,-1.5717360668610405,GOAL_REACHED,0.168847058,0.12234858583399515,91.86193152254323,20.186992230402225,1.5700167586261295,nan,74.24000000000001
CRUISE,0.0,55.00060705256925,-54.558950679600834,-1.5717360668610405,GOAL_REACHED,0.168847058,0.06234858583415662,91.86193272848959,20.188539201648858,1.5700167586189064,nan,74.26
CRUISE,0.0,55.00060705256925,-54.558950679600834,-1.5717360668610405,GOAL_REACHED,0.108847058,0.004924292917059056,91.86193301903948,20.188911930323126,1.570016758612701,nan,74.28
CRUISE,0.0,55.00060705256925,-54.558950679600834,-1.5717360668610405,GOAL_REACHED,0.0488470585,0.0,91.86193301903948,20.188911930323126,1.570016758612701,nan,74.30000000000001
CRUISE,0.0,55.00060705256925,-54.558950679600834,-1.5717360668610405,GOAL_REACHED,0.0,0.0,91.86193301903948,20.188911930323126,1.570016758612701,nan,74.32000000000001
CRUISE,0.0,55.00060705256925,-54.558950679600834,-1.5717360668610405,GOAL_REACHED,0.0,0.0,91.86193301903948,20.188911930323126,1.570016758612701,nan,74.34
CRUISE,0.0,55.00060705256925,-54.558950679600834,-1.5717360668610405,GOAL_REACHED,0.0,0.0,91.86193301903948,20.188911930323126,1.570016758612701,nan,74.36
CRUISE,0.0,55.00060705256925,-54.558950679600834,-1.5717360668610405,GOAL_REACHED,0.0,0.0,91.86193301903948,20.188911930323126,1.570016758612701,nan,74.38000000000001
CRUISE,0.0,55.00060705256925,-54.558950679600834,-1.5717360668610405,GOAL_REACHED,0.0,0.0,91.86193301903948,20.188911930323126,1.570016758612701,nan,74.40100000000001
CRUISE,0.0,55.00060705256925,-54.558950679600834,-1.5717360668610405,GOAL_REACHED,0.0,0.0,91.86193301903948,20.188911930323126,1.570016758612701,nan,74.42
CRUISE,0.0,55.00060705256925,-54.558950679600834,-1.5717360668610405,GOAL_REACHED,0.0,0.0,91.86193301903948,20.188911930323126,1.570016758612701,nan,74.44
CRUISE,0.0,55.00060705256925,-54.558950679600834,-1.5717360668610405,GOAL_REACHED,0.0,0.0,91.86193301903948,20.188911930323126,1.570016758612701,nan,74.46000000000001
CRUISE,0.0,55.00060705256925,-54.558950679600834,-1.5717360668610405,GOAL_REACHED,0.0,0.0,91.86193301903948,20.188911930323126,1.570016758612701,nan,74.48
CRUISE,0.0,55.00060705256925,-54.558950679600834,-1.5717360668610405,GOAL_REACHED,0.0,0.0,91.86193301903948,20.188911930323126,1.570016758612701,nan,74.5
CRUISE,0.0,55.00060705256925,-54.558950679600834,-1.5717360668610405,GOAL_REACHED,0.0,0.0,91.86193301903948,20.188911930323126,1.570016758612701,nan,74.52000000000001
CRUISE,0.0,55.00060705256925,-54.558950679600834,-1.5717360668610405,GOAL_REACHED,0.0,0.0,91.86193301903948,20.188911930323126,1.570016758612701,nan,74.54
CRUISE,0.0,55.00060705256925,-54.558950679600834,-1.5717360668610405,GOAL_REACHED,0.0,0.0,91.86193301903948,20.188911930323126,1.570016758612701,nan,74.56
CRUISE,0.0,55.00060705256925,-54.558950679600834,-1.5717360668610405,GOAL_REACHED,0.0,0.0,91.86193301903948,20.188911930323126,1.570016758612701,nan,74.58
CRUISE,0.0,55.00060705256925,-54.558950679600834,-1.5717360668610405,GOAL_REACHED,0.0,0.0,91.86193301903948,20.188911930323126,1.570016758612701,nan,74.60000000000001
CRUISE,0.0,55.00060705256925,-54.558950679600834,-1.5717360668610405,GOAL_REACHED,0.0,0.0,91.86193301903948,20.188911930323126,1.570016758612701,nan,74.62
CRUISE,0.0,55.00060705256925,-54.558950679600834,-1.5717360668610405,GOAL_REACHED,0.0,0.0,91.86193301903948,20.188911930323126,1.570016758612701,nan,74.64
CRUISE,0.0,55.00060705256925,-54.558950679600834,-1.5717360668610405,GOAL_REACHED,0.0,0.0,91.86193301903948,20.188911930323126,1.570016758612701,nan,74.66000000000001
CRUISE,0.0,55.00060705256925,-54.558950679600834,-1.5717360668610405,GOAL_REACHED,0.0,0.0,91.86193301903948,20.188911930323126,1.570016758612701,nan,74.68
CRUISE,0.0,55.00060705256925,-54.558950679600834,-1.5717360668610405,GOAL_REACHED,0.0,0.0,91.86193301903948,20.188911930323126,1.570016758612701,nan,74.7
CRUISE,0.0,55.00060705256925,-54.558950679600834,-1.5717360668610405,GOAL_REACHED,0.0,0.0,91.86193301903948,20.188911930323126,1.570016758612701,nan,74.72
CRUISE,0.0,55.00060705256925,-54.558950679600834,-1.5717360668610405,GOAL_REACHED,0.0,0.0,91.86193301903948,20.188911930323126,1.570016758612701,nan,74.74000000000001
CRUISE,0.0,55.00060705256925,-54.558950679600834,-1.5717360668610405,GOAL_REACHED,0.0,0.0,91.86193301903948,20.188911930323126,1.570016758612701,nan,74.76
CRUISE,0.0,55.00060705256925,-54.558950679600834,-1.5717360668610405,GOAL_REACHED,0.0,0.0,91.86193301903948,20.188911930323126,1.570016758612701,nan,74.78
CRUISE,0.0,55.00060705256925,-54.558950679600834,-1.5717360668610405,GOAL_REACHED,0.0,0.0,91.86193301903948,20.188911930323126,1.570016758612701,nan,74.801
CRUISE,0.0,55.00060705256925,-54.558950679600834,-1.5717360668610405,GOAL_REACHED,0.0,0.0,91.86193301903948,20.188911930323126,1.570016758612701,nan,74.821
CRUISE,0.0,55.00060705256925,-54.558950679600834,-1.5717360668610405,GOAL_REACHED,0.0,0.0,91.86193301903948,20.188911930323126,1.570016758612701,nan,74.84
CRUISE,0.0,55.00060705256925,-54.558950679600834,-1.5717360668610405,GOAL_REACHED,0.0,0.0,91.86193301903948,20.188911930323126,1.570016758612701,nan,74.86
CRUISE,0.0,55.00060705256925,-54.558950679600834,-1.5717360668610405,GOAL_REACHED,0.0,0.0,91.86193301903948,20.188911930323126,1.570016758612701,nan,74.88000000000001
CRUISE,0.0,55.00060705256925,-54.558950679600834,-1.5717360668610405,GOAL_REACHED,0.0,0.0,91.86193301903948,20.188911930323126,1.570016758612701,nan,74.9
CRUISE,0.0,55.00060705256925,-54.558950679600834,-1.5717360668610405,GOAL_REACHED,0.0,0.0,91.86193301903948,20.188911930323126,1.570016758612701,nan,74.92
CRUISE,0.0,55.00060705256925,-54.558950679600834,-1.5717360668610405,GOAL_REACHED,0.0,0.0,91.86193301903948,20.188911930323126,1.570016758612701,nan,74.94
CRUISE,0.0,55.00060705256925,-54.558950679600834,-1.5717360668610405,GOAL_REACHED,0.0,0.0,91.86193301903948,20.188911930323126,1.570016758612701,nan,74.96000000000001
CRUISE,0.0,55.00060705256925,-54.558950679600834,-1.5717360668610405,GOAL_REACHED,0.0,0.0,91.86193301903948,20.188911930323126,1.570016758612701,nan,74.98
CRUISE,0.0,55.00060705256925,-54.558950679600834,-1.5717360668610405,GOAL_REACHED,0.0,0.0,91.86193301903948,20.188911930323126,1.570016758612701,nan,75.0
CRUISE,0.0,55.00060705256925,-54.558950679600834,-1.5717360668610405,GOAL_REACHED,0.0,0.0,91.86193301903948,20.188911930323126,1.570016758612701,nan,75.02000000000001
CRUISE,0.0,55.00060705256925,-54.558950679600834,-1.5717360668610405,GOAL_REACHED,0.0,0.0,91.86193301903948,20.188911930323126,1.570016758612701,nan,75.04
CRUISE,0.0,55.00060705256925,-54.558950679600834,-1.5717360668610405,GOAL_REACHED,0.0,0.0,91.86193301903948,20.188911930323126,1.570016758612701,nan,75.06
CRUISE,0.0,55.00060705256925,-54.558950679600834,-1.5717360668610405,GOAL_REACHED,0.0,0.0,91.86193301903948,20.188911930323126,1.570016758612701,nan,75.08
CRUISE,0.0,55.00060705256925,-54.558950679600834,-1.5717360668610405,GOAL_REACHED,0.0,0.0,91.86193301903948,20.188911930323126,1.570016758612701,nan,75.10000000000001
CRUISE,0.0,55.00060705256925,-54.558950679600834,-1.5717360668610405,GOAL_REACHED,0.0,0.0,91.86193301903948,20.188911930323126,1.570016758612701,nan,75.12
CRUISE,0.0,55.00060705256925,-54.558950679600834,-1.5717360668610405,GOAL_REACHED,0.0,0.0,91.86193301903948,20.188911930323126,1.570016758612701,nan,75.14
CRUISE,0.0,55.00060705256925,-54.558950679600834,-1.5717360668610405,GOAL_REACHED,0.0,0.0,91.86193301903948,20.188911930323126,1.570016758612701,nan,75.16000000000001
CRUISE,0.0,55.00060705256925,-54.558950679600834,-1.5717360668610405,GOAL_REACHED,0.0,0.0,91.86193301903948,20.188911930323126,1.570016758612701,nan,75.18
CRUISE,0.0,55.00060705256925,-54.558950679600834,-1.5717360668610405,GOAL_REACHED,0.0,0.0,91.86193301903948,20.188911930323126,1.570016758612701,nan,75.2
CRUISE,0.0,55.00060705256925,-54.558950679600834,-1.5717360668610405,GOAL_REACHED,0.0,0.0,91.86193301903948,20.188911930323126,1.570016758612701,nan,75.22
CRUISE,0.0,55.00060705256925,-54.558950679600834,-1.5717360668610405,GOAL_REACHED,0.0,0.0,91.86193301903948,20.188911930323126,1.570016758612701,nan,75.24000000000001
CRUISE,0.0,55.00060705256925,-54.558950679600834,-1.5717360668610405,GOAL_REACHED,0.0,0.0,91.86193301903948,20.188911930323126,1.570016758612701,nan,75.26
CRUISE,0.0,55.00060705256925,-54.558950679600834,-1.5717360668610405,GOAL_REACHED,0.0,0.0,91.86193301903948,20.188911930323126,1.570016758612701,nan,75.28
CRUISE,0.0,55.00060705256925,-54.558950679600834,-1.5717360668610405,GOAL_REACHED,0.0,0.0,91.86193301903948,20.188911930323126,1.570016758612701,nan,75.30000000000001
CRUISE,0.0,55.00060705256925,-54.558950679600834,-1.5717360668610405,GOAL_REACHED,0.0,0.0,91.86193301903948,20.188911930323126,1.570016758612701,nan,75.32000000000001
CRUISE,0.0,55.00060705256925,-54.558950679600834,-1.5717360668610405,GOAL_REACHED,0.0,0.0,91.86193301903948,20.188911930323126,1.570016758612701,nan,75.34
CRUISE,0.0,55.00060705256925,-54.558950679600834,-1.5717360668610405,GOAL_REACHED,0.0,0.0,91.86193301903948,20.188911930323126,1.570016758612701,nan,75.36
CRUISE,0.0,55.00060705256925,-54.558950679600834,-1.5717360668610405,GOAL_REACHED,0.0,0.0,91.86193301903948,20.188911930323126,1.570016758612701,nan,75.38000000000001
CRUISE,0.0,55.00060705256925,-54.558950679600834,-1.5717360668610405,GOAL_REACHED,0.0,0.0,91.86193301903948,20.188911930323126,1.570016758612701,nan,75.40100000000001
CRUISE,0.0,55.00060705256925,-54.558950679600834,-1.5717360668610405,GOAL_REACHED,0.0,0.0,91.86193301903948,20.188911930323126,1.570016758612701,nan,75.42
CRUISE,0.0,55.00060705256925,-54.558950679600834,-1.5717360668610405,GOAL_REACHED,0.0,0.0,91.86193301903948,20.188911930323126,1.570016758612701,nan,75.44
CRUISE,0.0,55.00060705256925,-54.558950679600834,-1.5717360668610405,GOAL_REACHED,0.0,0.0,91.86193301903948,20.188911930323126,1.570016758612701,nan,75.46000000000001
CRUISE,0.0,55.00060705256925,-54.558950679600834,-1.5717360668610405,GOAL_REACHED,0.0,0.0,91.86193301903948,20.188911930323126,1.570016758612701,nan,75.48
CRUISE,0.0,55.00060705256925,-54.558950679600834,-1.5717360668610405,GOAL_REACHED,0.0,0.0,91.86193301903948,20.188911930323126,1.570016758612701,nan,75.5
CRUISE,0.0,55.00060705256925,-54.558950679600834,-1.5717360668610405,GOAL_REACHED,0.0,0.0,91.86193301903948,20.188911930323126,1.570016758612701,nan,75.52000000000001
CRUISE,0.0,55.00060705256925,-54.558950679600834,-1.5717360668610405,GOAL_REACHED,0.0,0.0,91.86193301903948,20.188911930323126,1.570016758612701,nan,75.54
CRUISE,0.0,55.00060705256925,-54.558950679600834,-1.5717360668610405,GOAL_REACHED,0.0,0.0,91.86193301903948,20.188911930323126,1.570016758612701,nan,75.56
CRUISE,0.0,55.00060705256925,-54.558950679600834,-1.5717360668610405,GOAL_REACHED,0.0,0.0,91.86193301903948,20.188911930323126,1.570016758612701,nan,75.58
CRUISE,0.0,55.00060705256925,-54.558950679600834,-1.5717360668610405,GOAL_REACHED,0.0,0.0,91.86193301903948,20.188911930323126,1.570016758612701,nan,75.60000000000001
CRUISE,0.0,55.00060705256925,-54.558950679600834,-1.5717360668610405,GOAL_REACHED,0.0,0.0,91.86193301903948,20.188911930323126,1.570016758612701,nan,75.62
CRUISE,0.0,55.00060705256925,-54.558950679600834,-1.5717360668610405,GOAL_REACHED,0.0,0.0,91.86193301903948,20.188911930323126,1.570016758612701,nan,75.64
CRUISE,0.0,55.00060705256925,-54.558950679600834,-1.5717360668610405,GOAL_REACHED,0.0,0.0,91.86193301903948,20.188911930323126,1.570016758612701,nan,75.66000000000001
CRUISE,0.0,55.00060705256925,-54.558950679600834,-1.5717360668610405,GOAL_REACHED,0.0,0.0,91.86193301903948,20.188911930323126,1.570016758612701,nan,75.68
CRUISE,0.0,55.00060705256925,-54.558950679600834,-1.5717360668610405,GOAL_REACHED,0.0,0.0,91.86193301903948,20.188911930323126,1.570016758612701,nan,75.70100000000001
CRUISE,0.0,55.00060705256925,-54.558950679600834,-1.5717360668610405,GOAL_REACHED,0.0,0.0,91.86193301903948,20.188911930323126,1.570016758612701,nan,75.72
CRUISE,0.0,55.00060705256925,-54.558950679600834,-1.5717360668610405,GOAL_REACHED,0.0,0.0,91.86193301903948,20.188911930323126,1.570016758612701,nan,75.74000000000001
CRUISE,0.0,55.00060705256925,-54.558950679600834,-1.5717360668610405,GOAL_REACHED,0.0,0.0,91.86193301903948,20.188911930323126,1.570016758612701,nan,75.76
CRUISE,0.0,55.00060705256925,-54.558950679600834,-1.5717360668610405,GOAL_REACHED,0.0,0.0,91.86193301903948,20.188911930323126,1.570016758612701,nan,75.78
CRUISE,0.0,55.00060705256925,-54.558950679600834,-1.5717360668610405,GOAL_REACHED,0.0,0.0,91.86193301903948,20.188911930323126,1.570016758612701,nan,75.80000000000001
CRUISE,0.0,55.00060705256925,-54.558950679600834,-1.5717360668610405,GOAL_REACHED,0.0,0.0,91.86193301903948,20.188911930323126,1.570016758612701,nan,75.82000000000001
CRUISE,0.0,55.00060705256925,-54.558950679600834,-1.5717360668610405,GOAL_REACHED,0.0,0.0,91.86193301903948,20.188911930323126,1.570016758612701,nan,75.84
CRUISE,0.0,55.00060705256925,-54.558950679600834,-1.5717360668610405,GOAL_REACHED,0.0,0.0,91.86193301903948,20.188911930323126,1.570016758612701,nan,75.86
CRUISE,0.0,55.00060705256925,-54.558950679600834,-1.5717360668610405,GOAL_REACHED,0.0,0.0,91.86193301903948,20.188911930323126,1.570016758612701,nan,75.88000000000001
CRUISE,0.0,55.00060705256925,-54.558950679600834,-1.5717360668610405,GOAL_REACHED,0.0,0.0,91.86193301903948,20.188911930323126,1.570016758612701,nan,75.9
CRUISE,0.0,55.00060705256925,-54.558950679600834,-1.5717360668610405,GOAL_REACHED,0.0,0.0,91.86193301903948,20.188911930323126,1.570016758612701,nan,75.92
CRUISE,0.0,55.00060705256925,-54.558950679600834,-1.5717360668610405,GOAL_REACHED,0.0,0.0,91.86193301903948,20.188911930323126,1.570016758612701,nan,75.94
CRUISE,0.0,55.00060705256925,-54.558950679600834,-1.5717360668610405,GOAL_REACHED,0.0,0.0,91.86193301903948,20.188911930323126,1.570016758612701,nan,75.96000000000001
CRUISE,0.0,55.00060705256925,-54.558950679600834,-1.5717360668610405,GOAL_REACHED,0.0,0.0,91.86193301903948,20.188911930323126,1.570016758612701,nan,75.98
CRUISE,0.0,55.00060705256925,-54.558950679600834,-1.5717360668610405,GOAL_REACHED,0.0,0.0,91.86193301903948,20.188911930323126,1.570016758612701,nan,76.001
CRUISE,0.0,55.00060705256925,-54.558950679600834,-1.5717360668610405,GOAL_REACHED,0.0,0.0,91.86193301903948,20.188911930323126,1.570016758612701,nan,76.02000000000001
CRUISE,0.0,55.00060705256925,-54.558950679600834,-1.5717360668610405,GOAL_REACHED,0.0,0.0,91.86193301903948,20.188911930323126,1.570016758612701,nan,76.04
CRUISE,0.0,55.00060705256925,-54.558950679600834,-1.5717360668610405,GOAL_REACHED,0.0,0.0,91.86193301903948,20.188911930323126,1.570016758612701,nan,76.061
CRUISE,0.0,55.00060705256925,-54.558950679600834,-1.5717360668610405,GOAL_REACHED,0.0,0.0,91.86193301903948,20.188911930323126,1.570016758612701,nan,76.08
CRUISE,0.0,55.00060705256925,-54.558950679600834,-1.5717360668610405,GOAL_REACHED,0.0,0.0,91.86193301903948,20.188911930323126,1.570016758612701,nan,76.10000000000001
CRUISE,0.0,55.00060705256925,-54.558950679600834,-1.5717360668610405,GOAL_REACHED,0.0,0.0,91.86193301903948,20.188911930323126,1.570016758612701,nan,76.12
CRUISE,0.0,55.00060705256925,-54.558950679600834,-1.5717360668610405,GOAL_REACHED,0.0,0.0,91.86193301903948,20.188911930323126,1.570016758612701,nan,76.141
CRUISE,0.0,55.00060705256925,-54.558950679600834,-1.5717360668610405,GOAL_REACHED,0.0,0.0,91.86193301903948,20.188911930323126,1.570016758612701,nan,76.16000000000001
CRUISE,0.0,55.00060705256925,-54.558950679600834,-1.5717360668610405,GOAL_REACHED,0.0,0.0,91.86193301903948,20.188911930323126,1.570016758612701,nan,76.18
CRUISE,0.0,55.00060705256925,-54.558950679600834,-1.5717360668610405,GOAL_REACHED,0.0,0.0,91.86193301903948,20.188911930323126,1.570016758612701,nan,76.2
CRUISE,0.0,55.00060705256925,-54.558950679600834,-1.5717360668610405,GOAL_REACHED,0.0,0.0,91.86193301903948,20.188911930323126,1.570016758612701,nan,76.22
CRUISE,0.0,55.00060705256925,-54.558950679600834,-1.5717360668610405,GOAL_REACHED,0.0,0.0,91.86193301903948,20.188911930323126,1.570016758612701,nan,76.24000000000001
CRUISE,0.0,55.00060705256925,-54.558950679600834,-1.5717360668610405,GOAL_REACHED,0.0,0.0,91.86193301903948,20.188911930323126,1.570016758612701,nan,76.26
CRUISE,0.0,55.00060705256925,-54.558950679600834,-1.5717360668610405,GOAL_REACHED,0.0,0.0,91.86193301903948,20.188911930323126,1.570016758612701,nan,76.281
CRUISE,0.0,55.00060705256925,-54.558950679600834,-1.5717360668610405,GOAL_REACHED,0.0,0.0,91.86193301903948,20.188911930323126,1.570016758612701,nan,76.30000000000001
CRUISE,0.0,55.00060705256925,-54.558950679600834,-1.5717360668610405,GOAL_REACHED,0.0,0.0,91.86193301903948,20.188911930323126,1.570016758612701,nan,76.32000000000001
CRUISE,0.0,55.00060705256925,-54.558950679600834,-1.5717360668610405,GOAL_REACHED,0.0,0.0,91.86193301903948,20.188911930323126,1.570016758612701,nan,76.34
CRUISE,0.0,55.00060705256925,-54.558950679600834,-1.5717360668610405,GOAL_REACHED,0.0,0.0,91.86193301903948,20.188911930323126,1.570016758612701,nan,76.36
CRUISE,0.0,55.00060705256925,-54.558950679600834,-1.5717360668610405,GOAL_REACHED,0.0,0.0,91.86193301903948,20.188911930323126,1.570016758612701,nan,76.38000000000001
CRUISE,0.0,55.00060705256925,-54.558950679600834,-1.5717360668610405,GOAL_REACHED,0.0,0.0,91.86193301903948,20.188911930323126,1.570016758612701,nan,76.4
CRUISE,0.0,55.00060705256925,-54.558950679600834,-1.5717360668610405,GOAL_REACHED,0.0,0.0,91.86193301903948,20.188911930323126,1.570016758612701,nan,76.42
CRUISE,0.0,55.00060705256925,-54.558950679600834,-1.5717360668610405,GOAL_REACHED,0.0,0.0,91.86193301903948,20.188911930323126,1.570016758612701,nan,76.44
CRUISE,0.0,55.00060705256925,-54.558950679600834,-1.5717360668610405,GOAL_REACHED,0.0,0.0,91.86193301903948,20.188911930323126,1.570016758612701,nan,76.46000000000001
CRUISE,0.0,55.00060705256925,-54.558950679600834,-1.5717360668610405,GOAL_REACHED,0.0,0.0,91.86193301903948,20.188911930323126,1.570016758612701,nan,76.48
CRUISE,0.0,55.00060705256925,-54.558950679600834,-1.5717360668610405,GOAL_REACHED,0.0,0.0,91.86193301903948,20.188911930323126,1.570016758612701,nan,76.5
CRUISE,0.0,55.00060705256925,-54.558950679600834,-1.5717360668610405,GOAL_REACHED,0.0,0.0,91.86193301903948,20.188911930323126,1.570016758612701,nan,76.52000000000001
CRUISE,0.0,55.00060705256925,-54.558950679600834,-1.5717360668610405,GOAL_REACHED,0.0,0.0,91.86193301903948,20.188911930323126,1.570016758612701,nan,76.54
CRUISE,0.0,55.00060705256925,-54.558950679600834,-1.5717360668610405,GOAL_REACHED,0.0,0.0,91.86193301903948,20.188911930323126,1.570016758612701,nan,76.56
CRUISE,0.0,55.00060705256925,-54.558950679600834,-1.5717360668610405,GOAL_REACHED,0.0,0.0,91.86193301903948,20.188911930323126,1.570016758612701,nan,76.58
CRUISE,0.0,55.00060705256925,-54.558950679600834,-1.5717360668610405,GOAL_REACHED,0.0,0.0,91.86193301903948,20.188911930323126,1.570016758612701,nan,76.60000000000001
CRUISE,0.0,55.00060705256925,-54.558950679600834,-1.5717360668610405,GOAL_REACHED,0.0,0.0,91.86193301903948,20.188911930323126,1.570016758612701,nan,76.62
CRUISE,0.0,55.00060705256925,-54.558950679600834,-1.5717360668610405,GOAL_REACHED,0.0,0.0,91.86193301903948,20.188911930323126,1.570016758612701,nan,76.64
CRUISE,0.0,55.00060705256925,-54.558950679600834,-1.5717360668610405,GOAL_REACHED,0.0,0.0,91.86193301903948,20.188911930323126,1.570016758612701,nan,76.66000000000001
CRUISE,0.0,55.00060705256925,-54.558950679600834,-1.5717360668610405,GOAL_REACHED,0.0,0.0,91.86193301903948,20.188911930323126,1.570016758612701,nan,76.68
CRUISE,0.0,55.00060705256925,-54.558950679600834,-1.5717360668610405,GOAL_REACHED,0.0,0.0,91.86193301903948,20.188911930323126,1.570016758612701,nan,76.7
CRUISE,0.0,55.00060705256925,-54.558950679600834,-1.5717360668610405,GOAL_REACHED,0.0,0.0,91.86193301903948,20.188911930323126,1.570016758612701,nan,76.72
CRUISE,0.0,55.00060705256925,-54.558950679600834,-1.5717360668610405,GOAL_REACHED,0.0,0.0,91.86193301903948,20.188911930323126,1.570016758612701,nan,76.74000000000001
CRUISE,0.0,55.00060705256925,-54.558950679600834,-1.5717360668610405,GOAL_REACHED,0.0,0.0,91.86193301903948,20.188911930323126,1.570016758612701,nan,76.76
CRUISE,0.0,55.00060705256925,-54.558950679600834,-1.5717360668610405,GOAL_REACHED,0.0,0.0,91.86193301903948,20.188911930323126,1.570016758612701,nan,76.78
CRUISE,0.0,55.00060705256925,-54.558950679600834,-1.5717360668610405,GOAL_REACHED,0.0,0.0,91.86193301903948,20.188911930323126,1.570016758612701,nan,76.80000000000001
CRUISE,0.0,55.00060705256925,-54.558950679600834,-1.5717360668610405,GOAL_REACHED,0.0,0.0,91.86193301903948,20.188911930323126,1.570016758612701,nan,76.82000000000001
CRUISE,0.0,55.00060705256925,-54.558950679600834,-1.5717360668610405,GOAL_REACHED,0.0,0.0,91.86193301903948,20.188911930323126,1.570016758612701,nan,76.84
CRUISE,0.0,55.00060705256925,-54.558950679600834,-1.5717360668610405,GOAL_REACHED,0.0,0.0,91.86193301903948,20.188911930323126,1.570016758612701,nan,76.86
CRUISE,0.0,55.00060705256925,-54.558950679600834,-1.5717360668610405,GOAL_REACHED,0.0,0.0,91.86193301903948,20.188911930323126,1.570016758612701,nan,76.88000000000001
CRUISE,0.0,55.00060705256925,-54.558950679600834,-1.5717360668610405,GOAL_REACHED,0.0,0.0,91.86193301903948,20.188911930323126,1.570016758612701,nan,76.9
CRUISE,0.0,55.00060705256925,-54.558950679600834,-1.5717360668610405,GOAL_REACHED,0.0,0.0,91.86193301903948,20.188911930323126,1.570016758612701,nan,76.92
CRUISE,0.0,55.00060705256925,-54.558950679600834,-1.5717360668610405,GOAL_REACHED,0.0,0.0,91.86193301903948,20.188911930323126,1.570016758612701,nan,76.94
CRUISE,0.0,55.00060705256925,-54.558950679600834,-1.5717360668610405,GOAL_REACHED,0.0,0.0,91.86193301903948,20.188911930323126,1.570016758612701,nan,76.96000000000001
CRUISE,0.0,55.00060705256925,-54.558950679600834,-1.5717360668610405,GOAL_REACHED,0.0,0.0,91.86193301903948,20.188911930323126,1.570016758612701,nan,76.98
CRUISE,0.0,55.00060705256925,-54.558950679600834,-1.5717360668610405,GOAL_REACHED,0.0,0.0,91.86193301903948,20.188911930323126,1.570016758612701,nan,77.001
CRUISE,0.0,55.00060705256925,-54.558950679600834,-1.5717360668610405,GOAL_REACHED,0.0,0.0,91.86193301903948,20.188911930323126,1.570016758612701,nan,77.02000000000001
CRUISE,0.0,55.00060705256925,-54.558950679600834,-1.5717360668610405,GOAL_REACHED,0.0,0.0,91.86193301903948,20.188911930323126,1.570016758612701,nan,77.04
CRUISE,0.0,55.00060705256925,-54.558950679600834,-1.5717360668610405,GOAL_REACHED,0.0,0.0,91.86193301903948,20.188911930323126,1.570016758612701,nan,77.06
CRUISE,0.0,55.00060705256925,-54.558950679600834,-1.5717360668610405,GOAL_REACHED,0.0,0.0,91.86193301903948,20.188911930323126,1.570016758612701,nan,77.08
CRUISE,0.0,55.00060705256925,-54.558950679600834,-1.5717360668610405,GOAL_REACHED,0.0,0.0,91.86193301903948,20.188911930323126,1.570016758612701,nan,77.10000000000001
CRUISE,0.0,55.00060705256925,-54.558950679600834,-1.5717360668610405,GOAL_REACHED,0.0,0.0,91.86193301903948,20.188911930323126,1.570016758612701,nan,77.12
CRUISE,0.0,55.00060705256925,-54.558950679600834,-1.5717360668610405,GOAL_REACHED,0.0,0.0,91.86193301903948,20.188911930323126,1.570016758612701,nan,77.14
CRUISE,0.0,55.00060705256925,-54.558950679600834,-1.5717360668610405,GOAL_REACHED,0.0,0.0,91.86193301903948,20.188911930323126,1.570016758612701,nan,77.16000000000001
CRUISE,0.0,55.00060705256925,-54.558950679600834,-1.5717360668610405,GOAL_REACHED,0.0,0.0,91.86193301903948,20.188911930323126,1.570016758612701,nan,77.18
CRUISE,0.0,55.00060705256925,-54.558950679600834,-1.5717360668610405,GOAL_REACHED,0.0,0.0,91.86193301903948,20.188911930323126,1.570016758612701,nan,77.2
CRUISE,0.0,55.00060705256925,-54.558950679600834,-1.5717360668610405,GOAL_REACHED,0.0,0.0,91.86193301903948,20.188911930323126,1.570016758612701,nan,77.22
CRUISE,0.0,55.00060705256925,-54.558950679600834,-1.5717360668610405,GOAL_REACHED,0.0,0.0,91.86193301903948,20.188911930323126,1.570016758612701,nan,77.24000000000001
CRUISE,0.0,55.00060705256925,-54.558950679600834,-1.5717360668610405,GOAL_REACHED,0.0,0.0,91.86193301903948,20.188911930323126,1.570016758612701,nan,77.26
CRUISE,0.0,55.00060705256925,-54.558950679600834,-1.5717360668610405,GOAL_REACHED,0.0,0.0,91.86193301903948,20.188911930323126,1.570016758612701,nan,77.28
CRUISE,0.0,55.00060705256925,-54.558950679600834,-1.5717360668610405,GOAL_REACHED,0.0,0.0,91.86193301903948,20.188911930323126,1.570016758612701,nan,77.30000000000001
CRUISE,0.0,55.00060705256925,-54.558950679600834,-1.5717360668610405,GOAL_REACHED,0.0,0.0,91.86193301903948,20.188911930323126,1.570016758612701,nan,77.32000000000001
CRUISE,0.0,55.00060705256925,-54.558950679600834,-1.5717360668610405,GOAL_REACHED,0.0,0.0,91.86193301903948,20.188911930323126,1.570016758612701,nan,77.34100000000001
CRUISE,0.0,55.00060705256925,-54.558950679600834,-1.5717360668610405,GOAL_REACHED,0.0,0.0,91.86193301903948,20.188911930323126,1.570016758612701,nan,77.36
CRUISE,0.0,55.00060705256925,-54.558950679600834,-1.5717360668610405,GOAL_REACHED,0.0,0.0,91.86193301903948,20.188911930323126,1.570016758612701,nan,77.38000000000001
CRUISE,0.0,55.00060705256925,-54.558950679600834,-1.5717360668610405,GOAL_REACHED,0.0,0.0,91.86193301903948,20.188911930323126,1.570016758612701,nan,77.4
CRUISE,0.0,55.00060705256925,-54.558950679600834,-1.5717360668610405,GOAL_REACHED,0.0,0.0,91.86193301903948,20.188911930323126,1.570016758612701,nan,77.42
CRUISE,0.0,55.00060705256925,-54.558950679600834,-1.5717360668610405,GOAL_REACHED,0.0,0.0,91.86193301903948,20.188911930323126,1.570016758612701,nan,77.44
CRUISE,0.0,55.00060705256925,-54.558950679600834,-1.5717360668610405,GOAL_REACHED,0.0,0.0,91.86193301903948,20.188911930323126,1.570016758612701,nan,77.46000000000001
CRUISE,0.0,55.00060705256925,-54.558950679600834,-1.5717360668610405,GOAL_REACHED,0.0,0.0,91.86193301903948,20.188911930323126,1.570016758612701,nan,77.48
CRUISE,0.0,55.00060705256925,-54.558950679600834,-1.5717360668610405,GOAL_REACHED,0.0,0.0,91.86193301903948,20.188911930323126,1.570016758612701,nan,77.5
CRUISE,0.0,55.00060705256925,-54.558950679600834,-1.5717360668610405,GOAL_REACHED,0.0,0.0,91.86193301903948,20.188911930323126,1.570016758612701,nan,77.52000000000001
CRUISE,0.0,55.00060705256925,-54.558950679600834,-1.5717360668610405,GOAL_REACHED,0.0,0.0,91.86193301903948,20.188911930323126,1.570016758612701,nan,77.54
CRUISE,0.0,55.00060705256925,-54.558950679600834,-1.5717360668610405,GOAL_REACHED,0.0,0.0,91.86193301903948,20.188911930323126,1.570016758612701,nan,77.56
CRUISE,0.0,55.00060705256925,-54.558950679600834,-1.5717360668610405,GOAL_REACHED,0.0,0.0,91.86193301903948,20.188911930323126,1.570016758612701,nan,77.58
CRUISE,0.0,55.00060705256925,-54.558950679600834,-1.5717360668610405,GOAL_REACHED,0.0,0.0,91.86193301903948,20.188911930323126,1.570016758612701,nan,77.60000000000001
CRUISE,0.0,55.00060705256925,-54.558950679600834,-1.5717360668610405,GOAL_REACHED,0.0,0.0,91.86193301903948,20.188911930323126,1.570016758612701,nan,77.62
CRUISE,0.0,55.00060705256925,-54.558950679600834,-1.5717360668610405,GOAL_REACHED,0.0,0.0,91.86193301903948,20.188911930323126,1.570016758612701,nan,77.64
CRUISE,0.0,55.00060705256925,-54.558950679600834,-1.5717360668610405,GOAL_REACHED,0.0,0.0,91.86193301903948,20.188911930323126,1.570016758612701,nan,77.66000000000001
CRUISE,0.0,55.00060705256925,-54.558950679600834,-1.5717360668610405,GOAL_REACHED,0.0,0.0,91.86193301903948,20.188911930323126,1.570016758612701,nan,77.68
CRUISE,0.0,55.00060705256925,-54.558950679600834,-1.5717360668610405,GOAL_REACHED,0.0,0.0,91.86193301903948,20.188911930323126,1.570016758612701,nan,77.7
CRUISE,0.0,55.00060705256925,-54.558950679600834,-1.5717360668610405,GOAL_REACHED,0.0,0.0,91.86193301903948,20.188911930323126,1.570016758612701,nan,77.72
CRUISE,0.0,55.00060705256925,-54.558950679600834,-1.5717360668610405,GOAL_REACHED,0.0,0.0,91.86193301903948,20.188911930323126,1.570016758612701,nan,77.74000000000001
CRUISE,0.0,55.00060705256925,-54.558950679600834,-1.5717360668610405,GOAL_REACHED,0.0,0.0,91.86193301903948,20.188911930323126,1.570016758612701,nan,77.76
CRUISE,0.0,55.00060705256925,-54.558950679600834,-1.5717360668610405,GOAL_REACHED,0.0,0.0,91.86193301903948,20.188911930323126,1.570016758612701,nan,77.78
CRUISE,0.0,55.00060705256925,-54.558950679600834,-1.5717360668610405,GOAL_REACHED,0.0,0.0,91.86193301903948,20.188911930323126,1.570016758612701,nan,77.80000000000001
CRUISE,0.0,55.00060705256925,-54.558950679600834,-1.5717360668610405,GOAL_REACHED,0.0,0.0,91.86193301903948,20.188911930323126,1.570016758612701,nan,77.82000000000001
CRUISE,0.0,55.00060705256925,-54.558950679600834,-1.5717360668610405,GOAL_REACHED,0.0,0.0,91.86193301903948,20.188911930323126,1.570016758612701,nan,77.84
CRUISE,0.0,55.00060705256925,-54.558950679600834,-1.5717360668610405,GOAL_REACHED,0.0,0.0,91.86193301903948,20.188911930323126,1.570016758612701,nan,77.861
CRUISE,0.0,55.00060705256925,-54.558950679600834,-1.5717360668610405,GOAL_REACHED,0.0,0.0,91.86193301903948,20.188911930323126,1.570016758612701,nan,77.88000000000001
CRUISE,0.0,55.00060705256925,-54.558950679600834,-1.5717360668610405,GOAL_REACHED,0.0,0.0,91.86193301903948,20.188911930323126,1.570016758612701,nan,77.9
CRUISE,0.0,55.00060705256925,-54.558950679600834,-1.5717360668610405,GOAL_REACHED,0.0,0.0,91.86193301903948,20.188911930323126,1.570016758612701,nan,77.92
CRUISE,0.0,55.00060705256925,-54.558950679600834,-1.5717360668610405,GOAL_REACHED,0.0,0.0,91.86193301903948,20.188911930323126,1.570016758612701,nan,77.94000000000001
CRUISE,0.0,55.00060705256925,-54.558950679600834,-1.5717360668610405,GOAL_REACHED,0.0,0.0,91.86193301903948,20.188911930323126,1.570016758612701,nan,77.96000000000001
CRUISE,0.0,55.00060705256925,-54.558950679600834,-1.5717360668610405,GOAL_REACHED,0.0,0.0,91.86193301903948,20.188911930323126,1.570016758612701,nan,77.98
CRUISE,0.0,55.00060705256925,-54.558950679600834,-1.5717360668610405,GOAL_REACHED,0.0,0.0,91.86193301903948,20.188911930323126,1.570016758612701,nan,78.0
CRUISE,0.0,55.00060705256925,-54.558950679600834,-1.5717360668610405,GOAL_REACHED,0.0,0.0,91.86193301903948,20.188911930323126,1.570016758612701,nan,78.02000000000001
CRUISE,0.0,55.00060705256925,-54.558950679600834,-1.5717360668610405,GOAL_REACHED,0.0,0.0,91.86193301903948,20.188911930323126,1.570016758612701,nan,78.04100000000001
CRUISE,0.0,55.00060705256925,-54.558950679600834,-1.5717360668610405,GOAL_REACHED,0.0,0.0,91.86193301903948,20.188911930323126,1.570016758612701,nan,78.06
CRUISE,0.0,55.00060705256925,-54.558950679600834,-1.5717360668610405,GOAL_REACHED,0.0,0.0,91.86193301903948,20.188911930323126,1.570016758612701,nan,78.08
CRUISE,0.0,55.00060705256925,-54.558950679600834,-1.5717360668610405,GOAL_REACHED,0.0,0.0,91.86193301903948,20.188911930323126,1.570016758612701,nan,78.101
CRUISE,0.0,55.00060705256925,-54.558950679600834,-1.5717360668610405,GOAL_REACHED,0.0,0.0,91.86193301903948,20.188911930323126,1.570016758612701,nan,78.12
CRUISE,0.0,55.00060705256925,-54.558950679600834,-1.5717360668610405,GOAL_REACHED,0.0,0.0,91.86193301903948,20.188911930323126,1.570016758612701,nan,78.14
CRUISE,0.0,55.00060705256925,-54.558950679600834,-1.5717360668610405,GOAL_REACHED,0.0,0.0,91.86193301903948,20.188911930323126,1.570016758612701,nan,78.16000000000001
CRUISE,0.0,55.00060705256925,-54.558950679600834,-1.5717360668610405,GOAL_REACHED,0.0,0.0,91.86193301903948,20.188911930323126,1.570016758612701,nan,78.18
CRUISE,0.0,55.00060705256925,-54.558950679600834,-1.5717360668610405,GOAL_REACHED,0.0,0.0,91.86193301903948,20.188911930323126,1.570016758612701,nan,78.2
CRUISE,0.0,55.00060705256925,-54.558950679600834,-1.5717360668610405,GOAL_REACHED,0.0,0.0,91.86193301903948,20.188911930323126,1.570016758612701,nan,78.22
CRUISE,0.0,55.00060705256925,-54.558950679600834,-1.5717360668610405,GOAL_REACHED,0.0,0.0,91.86193301903948,20.188911930323126,1.570016758612701,nan,78.24000000000001
CRUISE,0.0,55.00060705256925,-54.558950679600834,-1.5717360668610405,GOAL_REACHED,0.0,0.0,91.86193301903948,20.188911930323126,1.570016758612701,nan,78.26
CRUISE,0.0,55.00060705256925,-54.558950679600834,-1.5717360668610405,GOAL_REACHED,0.0,0.0,91.86193301903948,20.188911930323126,1.570016758612701,nan,78.28
CRUISE,0.0,55.00060705256925,-54.558950679600834,-1.5717360668610405,GOAL_REACHED,0.0,0.0,91.86193301903948,20.188911930323126,1.570016758612701,nan,78.30000000000001
CRUISE,0.0,55.00060705256925,-54.558950679600834,-1.5717360668610405,GOAL_REACHED,0.0,0.0,91.86193301903948,20.188911930323126,1.570016758612701,nan,78.32000000000001
CRUISE,0.0,55.00060705256925,-54.558950679600834,-1.5717360668610405,GOAL_REACHED,0.0,0.0,91.86193301903948,20.188911930323126,1.570016758612701,nan,78.34
CRUISE,0.0,55.00060705256925,-54.558950679600834,-1.5717360668610405,GOAL_REACHED,0.0,0.0,91.86193301903948,20.188911930323126,1.570016758612701,nan,78.36
CRUISE,0.0,55.00060705256925,-54.558950679600834,-1.5717360668610405,GOAL_REACHED,0.0,0.0,91.86193301903948,20.188911930323126,1.570016758612701,nan,78.38000000000001
CRUISE,0.0,55.00060705256925,-54.558950679600834,-1.5717360668610405,GOAL_REACHED,0.0,0.0,91.86193301903948,20.188911930323126,1.570016758612701,nan,78.40100000000001
CRUISE,0.0,55.00060705256925,-54.558950679600834,-1.5717360668610405,GOAL_REACHED,0.0,0.0,91.86193301903948,20.188911930323126,1.570016758612701,nan,78.42
CRUISE,0.0,55.00060705256925,-54.558950679600834,-1.5717360668610405,GOAL_REACHED,0.0,0.0,91.86193301903948,20.188911930323126,1.570016758612701,nan,78.44000000000001
CRUISE,0.0,55.00060705256925,-54.558950679600834,-1.5717360668610405,GOAL_REACHED,0.0,0.0,91.86193301903948,20.188911930323126,1.570016758612701,nan,78.46000000000001
CRUISE,0.0,55.00060705256925,-54.558950679600834,-1.5717360668610405,GOAL_REACHED,0.0,0.0,91.86193301903948,20.188911930323126,1.570016758612701,nan,78.48
CRUISE,0.0,55.00060705256925,-54.558950679600834,-1.5717360668610405,GOAL_REACHED,0.0,0.0,91.86193301903948,20.188911930323126,1.570016758612701,nan,78.5
CRUISE,0.0,55.00060705256925,-54.558950679600834,-1.5717360668610405,GOAL_REACHED,0.0,0.0,91.86193301903948,20.188911930323126,1.570016758612701,nan,78.52000000000001
CRUISE,0.0,55.00060705256925,-54.558950679600834,-1.5717360668610405,GOAL_REACHED,0.0,0.0,91.86193301903948,20.188911930323126,1.570016758612701,nan,78.54100000000001
CRUISE,0.0,55.00060705256925,-54.558950679600834,-1.5717360668610405,GOAL_REACHED,0.0,0.0,91.86193301903948,20.188911930323126,1.570016758612701,nan,78.56
CRUISE,0.0,55.00060705256925,-54.558950679600834,-1.5717360668610405,GOAL_REACHED,0.0,0.0,91.86193301903948,20.188911930323126,1.570016758612701,nan,78.58
CRUISE,0.0,55.00060705256925,-54.558950679600834,-1.5717360668610405,GOAL_REACHED,0.0,0.0,91.86193301903948,20.188911930323126,1.570016758612701,nan,78.60000000000001
CRUISE,0.0,55.00060705256925,-54.558950679600834,-1.5717360668610405,GOAL_REACHED,0.0,0.0,91.86193301903948,20.188911930323126,1.570016758612701,nan,78.62
CRUISE,0.0,55.00060705256925,-54.558950679600834,-1.5717360668610405,GOAL_REACHED,0.0,0.0,91.86193301903948,20.188911930323126,1.570016758612701,nan,78.64
CRUISE,0.0,55.00060705256925,-54.558950679600834,-1.5717360668610405,GOAL_REACHED,0.0,0.0,91.86193301903948,20.188911930323126,1.570016758612701,nan,78.66000000000001
CRUISE,0.0,55.00060705256925,-54.558950679600834,-1.5717360668610405,GOAL_REACHED,0.0,0.0,91.86193301903948,20.188911930323126,1.570016758612701,nan,78.68
CRUISE,0.0,55.00060705256925,-54.558950679600834,-1.5717360668610405,GOAL_REACHED,0.0,0.0,91.86193301903948,20.188911930323126,1.570016758612701,nan,78.7
CRUISE,0.0,55.00060705256925,-54.558950679600834,-1.5717360668610405,GOAL_REACHED,0.0,0.0,91.86193301903948,20.188911930323126,1.570016758612701,nan,78.72
CRUISE,0.0,55.00060705256925,-54.558950679600834,-1.5717360668610405,GOAL_REACHED,0.0,0.0,91.86193301903948,20.188911930323126,1.570016758612701,nan,78.74000000000001
CRUISE,0.0,55.00060705256925,-54.558950679600834,-1.5717360668610405,GOAL_REACHED,0.0,0.0,91.86193301903948,20.188911930323126,1.570016758612701,nan,78.76
CRUISE,0.0,55.00060705256925,-54.558950679600834,-1.5717360668610405,GOAL_REACHED,0.0,0.0,91.86193301903948,20.188911930323126,1.570016758612701,nan,78.78
CRUISE,0.0,55.00060705256925,-54.558950679600834,-1.5717360668610405,GOAL_REACHED,0.0,0.0,91.86193301903948,20.188911930323126,1.570016758612701,nan,78.801
CRUISE,0.0,55.00060705256925,-54.558950679600834,-1.5717360668610405,GOAL_REACHED,0.0,0.0,91.86193301903948,20.188911930323126,1.570016758612701,nan,78.82000000000001
CRUISE,0.0,55.00060705256925,-54.558950679600834,-1.5717360668610405,GOAL_REACHED,0.0,0.0,91.86193301903948,20.188911930323126,1.570016758612701,nan,78.84
CRUISE,0.0,55.00060705256925,-54.558950679600834,-1.5717360668610405,GOAL_REACHED,0.0,0.0,91.86193301903948,20.188911930323126,1.570016758612701,nan,78.86
CRUISE,0.0,55.00060705256925,-54.558950679600834,-1.5717360668610405,GOAL_REACHED,0.0,0.0,91.86193301903948,20.188911930323126,1.570016758612701,nan,78.88000000000001
CRUISE,0.0,55.00060705256925,-54.558950679600834,-1.5717360668610405,GOAL_REACHED,0.0,0.0,91.86193301903948,20.188911930323126,1.570016758612701,nan,78.9
CRUISE,0.0,55.00060705256925,-54.558950679600834,-1.5717360668610405,GOAL_REACHED,0.0,0.0,91.86193301903948,20.188911930323126,1.570016758612701,nan,78.92
CRUISE,0.0,55.00060705256925,-54.558950679600834,-1.5717360668610405,GOAL_REACHED,0.0,0.0,91.86193301903948,20.188911930323126,1.570016758612701,nan,78.94000000000001
CRUISE,0.0,55.00060705256925,-54.558950679600834,-1.5717360668610405,GOAL_REACHED,0.0,0.0,91.86193301903948,20.188911930323126,1.570016758612701,nan,78.961
CRUISE,0.0,55.00060705256925,-54.558950679600834,-1.5717360668610405,GOAL_REACHED,0.0,0.0,91.86193301903948,20.188911930323126,1.570016758612701,nan,78.98
CRUISE,0.0,55.00060705256925,-54.558950679600834,-1.5717360668610405,GOAL_REACHED,0.0,0.0,91.86193301903948,20.188911930323126,1.570016758612701,nan,79.0
CRUISE,0.0,55.00060705256925,-54.558950679600834,-1.5717360668610405,GOAL_REACHED,0.0,0.0,91.86193301903948,20.188911930323126,1.570016758612701,nan,79.02000000000001
CRUISE,0.0,55.00060705256925,-54.558950679600834,-1.5717360668610405,GOAL_REACHED,0.0,0.0,91.86193301903948,20.188911930323126,1.570016758612701,nan,79.04
CRUISE,0.0,55.00060705256925,-54.558950679600834,-1.5717360668610405,GOAL_REACHED,0.0,0.0,91.86193301903948,20.188911930323126,1.570016758612701,nan,79.06
CRUISE,0.0,55.00060705256925,-54.558950679600834,-1.5717360668610405,GOAL_REACHED,0.0,0.0,91.86193301903948,20.188911930323126,1.570016758612701,nan,79.08
CRUISE,0.0,55.00060705256925,-54.558950679600834,-1.5717360668610405,GOAL_REACHED,0.0,0.0,91.86193301903948,20.188911930323126,1.570016758612701,nan,79.10000000000001
CRUISE,0.0,55.00060705256925,-54.558950679600834,-1.5717360668610405,GOAL_REACHED,0.0,0.0,91.86193301903948,20.188911930323126,1.570016758612701,nan,79.12
CRUISE,0.0,55.00060705256925,-54.558950679600834,-1.5717360668610405,GOAL_REACHED,0.0,0.0,91.86193301903948,20.188911930323126,1.570016758612701,nan,79.14
CRUISE,0.0,55.00060705256925,-54.558950679600834,-1.5717360668610405,GOAL_REACHED,0.0,0.0,91.86193301903948,20.188911930323126,1.570016758612701,nan,79.16000000000001
CRUISE,0.0,55.00060705256925,-54.558950679600834,-1.5717360668610405,GOAL_REACHED,0.0,0.0,91.86193301903948,20.188911930323126,1.570016758612701,nan,79.18
CRUISE,0.0,55.00060705256925,-54.558950679600834,-1.5717360668610405,GOAL_REACHED,0.0,0.0,91.86193301903948,20.188911930323126,1.570016758612701,nan,79.2
CRUISE,0.0,55.00060705256925,-54.558950679600834,-1.5717360668610405,GOAL_REACHED,0.0,0.0,91.86193301903948,20.188911930323126,1.570016758612701,nan,79.22
CRUISE,0.0,55.00060705256925,-54.558950679600834,-1.5717360668610405,GOAL_REACHED,0.0,0.0,91.86193301903948,20.188911930323126,1.570016758612701,nan,79.24000000000001
CRUISE,0.0,55.00060705256925,-54.558950679600834,-1.5717360668610405,GOAL_REACHED,0.0,0.0,91.86193301903948,20.188911930323126,1.570016758612701,nan,79.26
CRUISE,0.0,55.00060705256925,-54.558950679600834,-1.5717360668610405,GOAL_REACHED,0.0,0.0,91.86193301903948,20.188911930323126,1.570016758612701,nan,79.28
CRUISE,0.0,55.00060705256925,-54.558950679600834,-1.5717360668610405,GOAL_REACHED,0.0,0.0,91.86193301903948,20.188911930323126,1.570016758612701,nan,79.30000000000001
CRUISE,0.0,55.00060705256925,-54.558950679600834,-1.5717360668610405,GOAL_REACHED,0.0,0.0,91.86193301903948,20.188911930323126,1.570016758612701,nan,79.32000000000001
CRUISE,0.0,55.00060705256925,-54.558950679600834,-1.5717360668610405,GOAL_REACHED,0.0,0.0,91.86193301903948,20.188911930323126,1.570016758612701,nan,79.34
CRUISE,0.0,55.00060705256925,-54.558950679600834,-1.5717360668610405,GOAL_REACHED,0.0,0.0,91.86193301903948,20.188911930323126,1.570016758612701,nan,79.36
CRUISE,0.0,55.00060705256925,-54.558950679600834,-1.5717360668610405,GOAL_REACHED,0.0,0.0,91.86193301903948,20.188911930323126,1.570016758612701,nan,79.38000000000001
CRUISE,0.0,55.00060705256925,-54.558950679600834,-1.5717360668610405,GOAL_REACHED,0.0,0.0,91.86193301903948,20.188911930323126,1.570016758612701,nan,79.4
CRUISE,0.0,55.00060705256925,-54.558950679600834,-1.5717360668610405,GOAL_REACHED,0.0,0.0,91.86193301903948,20.188911930323126,1.570016758612701,nan,79.42
CRUISE,0.0,55.00060705256925,-54.558950679600834,-1.5717360668610405,GOAL_REACHED,0.0,0.0,91.86193301903948,20.188911930323126,1.570016758612701,nan,79.44000000000001
CRUISE,0.0,55.00060705256925,-54.558950679600834,-1.5717360668610405,GOAL_REACHED,0.0,0.0,91.86193301903948,20.188911930323126,1.570016758612701,nan,79.46000000000001
CRUISE,0.0,55.00060705256925,-54.558950679600834,-1.5717360668610405,GOAL_REACHED,0.0,0.0,91.86193301903948,20.188911930323126,1.570016758612701,nan,79.48
CRUISE,0.0,55.00060705256925,-54.558950679600834,-1.5717360668610405,GOAL_REACHED,0.0,0.0,91.86193301903948,20.188911930323126,1.570016758612701,nan,79.5
CRUISE,0.0,55.00060705256925,-54.558950679600834,-1.5717360668610405,GOAL_REACHED,0.0,0.0,91.86193301903948,20.188911930323126,1.570016758612701,nan,79.52000000000001
CRUISE,0.0,55.00060705256925,-54.558950679600834,-1.5717360668610405,GOAL_REACHED,0.0,0.0,91.86193301903948,20.188911930323126,1.570016758612701,nan,79.54
CRUISE,0.0,55.00060705256925,-54.558950679600834,-1.5717360668610405,GOAL_REACHED,0.0,0.0,91.86193301903948,20.188911930323126,1.570016758612701,nan,79.56
CRUISE,0.0,55.00060705256925,-54.558950679600834,-1.5717360668610405,GOAL_REACHED,0.0,0.0,91.86193301903948,20.188911930323126,1.570016758612701,nan,79.58
CRUISE,0.0,55.00060705256925,-54.558950679600834,-1.5717360668610405,GOAL_REACHED,0.0,0.0,91.86193301903948,20.188911930323126,1.570016758612701,nan,79.60000000000001
CRUISE,0.0,55.00060705256925,-54.558950679600834,-1.5717360668610405,GOAL_REACHED,0.0,0.0,91.86193301903948,20.188911930323126,1.570016758612701,nan,79.62
CRUISE,0.0,55.00060705256925,-54.558950679600834,-1.5717360668610405,GOAL_REACHED,0.0,0.0,91.86193301903948,20.188911930323126,1.570016758612701,nan,79.641
CRUISE,0.0,55.00060705256925,-54.558950679600834,-1.5717360668610405,GOAL_REACHED,0.0,0.0,91.86193301903948,20.188911930323126,1.570016758612701,nan,79.66000000000001
CRUISE,0.0,55.00060705256925,-54.558950679600834,-1.5717360668610405,GOAL_REACHED,0.0,0.0,91.86193301903948,20.188911930323126,1.570016758612701,nan,79.68
CRUISE,0.0,55.00060705256925,-54.558950679600834,-1.5717360668610405,GOAL_REACHED,0.0,0.0,91.86193301903948,20.188911930323126,1.570016758612701,nan,79.7
CRUISE,0.0,55.00060705256925,-54.558950679600834,-1.5717360668610405,GOAL_REACHED,0.0,0.0,91.86193301903948,20.188911930323126,1.570016758612701,nan,79.72
CRUISE,0.0,55.00060705256925,-54.558950679600834,-1.5717360668610405,GOAL_REACHED,0.0,0.0,91.86193301903948,20.188911930323126,1.570016758612701,nan,79.74000000000001
CRUISE,0.0,55.00060705256925,-54.558950679600834,-1.5717360668610405,GOAL_REACHED,0.0,0.0,91.86193301903948,20.188911930323126,1.570016758612701,nan,79.76100000000001
CRUISE,0.0,55.00060705256925,-54.558950679600834,-1.5717360668610405,GOAL_REACHED,0.0,0.0,91.86193301903948,20.188911930323126,1.570016758612701,nan,79.78
CRUISE,0.0,55.00060705256925,-54.558950679600834,-1.5717360668610405,GOAL_REACHED,0.0,0.0,91.86193301903948,20.188911930323126,1.570016758612701,nan,79.80000000000001
CRUISE,0.0,55.00060705256925,-54.558950679600834,-1.5717360668610405,GOAL_REACHED,0.0,0.0,91.86193301903948,20.188911930323126,1.570016758612701,nan,79.82000000000001
CRUISE,0.0,55.00060705256925,-54.558950679600834,-1.5717360668610405,GOAL_REACHED,0.0,0.0,91.86193301903948,20.188911930323126,1.570016758612701,nan,79.84
CRUISE,0.0,55.00060705256925,-54.558950679600834,-1.5717360668610405,GOAL_REACHED,0.0,0.0,91.86193301903948,20.188911930323126,1.570016758612701,nan,79.86
CRUISE,0.0,55.00060705256925,-54.558950679600834,-1.5717360668610405,GOAL_REACHED,0.0,0.0,91.86193301903948,20.188911930323126,1.570016758612701,nan,79.88000000000001
CRUISE,0.0,55.00060705256925,-54.558950679600834,-1.5717360668610405,GOAL_REACHED,0.0,0.0,91.86193301903948,20.188911930323126,1.570016758612701,nan,79.9
CRUISE,0.0,55.00060705256925,-54.558950679600834,-1.5717360668610405,GOAL_REACHED,0.0,0.0,91.86193301903948,20.188911930323126,1.570016758612701,nan,79.92
CRUISE,0.0,55.00060705256925,-54.558950679600834,-1.5717360668610405,GOAL_REACHED,0.0,0.0,91.86193301903948,20.188911930323126,1.570016758612701,nan,79.94000000000001
CRUISE,0.0,55.00060705256925,-54.558950679600834,-1.5717360668610405,GOAL_REACHED,0.0,0.0,91.86193301903948,20.188911930323126,1.570016758612701,nan,79.96000000000001
CRUISE,0.0,55.00060705256925,-54.558950679600834,-1.5717360668610405,GOAL_REACHED,0.0,0.0,91.86193301903948,20.188911930323126,1.570016758612701,nan,79.98100000000001
CRUISE,0.0,55.00060705256925,-54.558950679600834,-1.5717360668610405,GOAL_REACHED,0.0,0.0,91.86193301903948,20.188911930323126,1.570016758612701,nan,80.0
CRUISE,0.0,55.00060705256925,-54.558950679600834,-1.5717360668610405,GOAL_REACHED,0.0,0.0,91.86193301903948,20.188911930323126,1.570016758612701,nan,80.02000000000001
CRUISE,0.0,55.00060705256925,-54.558950679600834,-1.5717360668610405,GOAL_REACHED,0.0,0.0,91.86193301903948,20.188911930323126,1.570016758612701,nan,80.04
CRUISE,0.0,55.00060705256925,-54.558950679600834,-1.5717360668610405,GOAL_REACHED,0.0,0.0,91.86193301903948,20.188911930323126,1.570016758612701,nan,80.06
CRUISE,0.0,55.00060705256925,-54.558950679600834,-1.5717360668610405,GOAL_REACHED,0.0,0.0,91.86193301903948,20.188911930323126,1.570016758612701,nan,80.081
CRUISE,0.0,55.00060705256925,-54.558950679600834,-1.5717360668610405,GOAL_REACHED,0.0,0.0,91.86193301903948,20.188911930323126,1.570016758612701,nan,80.10000000000001
CRUISE,0.0,55.00060705256925,-54.558950679600834,-1.5717360668610405,GOAL_REACHED,0.0,0.0,91.86193301903948,20.188911930323126,1.570016758612701,nan,80.12
CRUISE,0.0,55.00060705256925,-54.558950679600834,-1.5717360668610405,GOAL_REACHED,0.0,0.0,91.86193301903948,20.188911930323126,1.570016758612701,nan,80.141
CRUISE,0.0,55.00060705256925,-54.558950679600834,-1.5717360668610405,GOAL_REACHED,0.0,0.0,91.86193301903948,20.188911930323126,1.570016758612701,nan,80.16000000000001
CRUISE,0.0,55.00060705256925,-54.558950679600834,-1.5717360668610405,GOAL_REACHED,0.0,0.0,91.86193301903948,20.188911930323126,1.570016758612701,nan,80.18100000000001
CRUISE,0.0,55.00060705256925,-54.558950679600834,-1.5717360668610405,GOAL_REACHED,0.0,0.0,91.86193301903948,20.188911930323126,1.570016758612701,nan,80.2
CRUISE,0.0,55.00060705256925,-54.558950679600834,-1.5717360668610405,GOAL_REACHED,0.0,0.0,91.86193301903948,20.188911930323126,1.570016758612701,nan,80.22
CRUISE,0.0,55.00060705256925,-54.558950679600834,-1.5717360668610405,GOAL_REACHED,0.0,0.0,91.86193301903948,20.188911930323126,1.570016758612701,nan,80.24000000000001
CRUISE,0.0,55.00060705256925,-54.558950679600834,-1.5717360668610405,GOAL_REACHED,0.0,0.0,91.86193301903948,20.188911930323126,1.570016758612701,nan,80.26
CRUISE,0.0,55.00060705256925,-54.558950679600834,-1.5717360668610405,GOAL_REACHED,0.0,0.0,91.86193301903948,20.188911930323126,1.570016758612701,nan,80.28
CRUISE,0.0,55.00060705256925,-54.558950679600834,-1.5717360668610405,GOAL_REACHED,0.0,0.0,91.86193301903948,20.188911930323126,1.570016758612701,nan,80.30000000000001
CRUISE,0.0,55.00060705256925,-54.558950679600834,-1.5717360668610405,GOAL_REACHED,0.0,0.0,91.86193301903948,20.188911930323126,1.570016758612701,nan,80.32000000000001
CRUISE,0.0,55.00060705256925,-54.558950679600834,-1.5717360668610405,GOAL_REACHED,0.0,0.0,91.86193301903948,20.188911930323126,1.570016758612701,nan,80.34
CRUISE,0.0,55.00060705256925,-54.558950679600834,-1.5717360668610405,GOAL_REACHED,0.0,0.0,91.86193301903948,20.188911930323126,1.570016758612701,nan,80.36
CRUISE,0.0,55.00060705256925,-54.558950679600834,-1.5717360668610405,GOAL_REACHED,0.0,0.0,91.86193301903948,20.188911930323126,1.570016758612701,nan,80.38000000000001
CRUISE,0.0,55.00060705256925,-54.558950679600834,-1.5717360668610405,GOAL_REACHED,0.0,0.0,91.86193301903948,20.188911930323126,1.570016758612701,nan,80.40100000000001
CRUISE,0.0,55.00060705256925,-54.558950679600834,-1.5717360668610405,GOAL_REACHED,0.0,0.0,91.86193301903948,20.188911930323126,1.570016758612701,nan,80.42
CRUISE,0.0,55.00060705256925,-54.558950679600834,-1.5717360668610405,GOAL_REACHED,0.0,0.0,91.86193301903948,20.188911930323126,1.570016758612701,nan,80.441
CRUISE,0.0,55.00060705256925,-54.558950679600834,-1.5717360668610405,GOAL_REACHED,0.0,0.0,91.86193301903948,20.188911930323126,1.570016758612701,nan,80.46000000000001
CRUISE,0.0,55.00060705256925,-54.558950679600834,-1.5717360668610405,GOAL_REACHED,0.0,0.0,91.86193301903948,20.188911930323126,1.570016758612701,nan,80.48
CRUISE,0.0,55.00060705256925,-54.558950679600834,-1.5717360668610405,GOAL_REACHED,0.0,0.0,91.86193301903948,20.188911930323126,1.570016758612701,nan,80.5
CRUISE,0.0,55.00060705256925,-54.558950679600834,-1.5717360668610405,GOAL_REACHED,0.0,0.0,91.86193301903948,20.188911930323126,1.570016758612701,nan,80.521
CRUISE,0.0,55.00060705256925,-54.558950679600834,-1.5717360668610405,GOAL_REACHED,0.0,0.0,91.86193301903948,20.188911930323126,1.570016758612701,nan,80.54
CRUISE,0.0,55.00060705256925,-54.558950679600834,-1.5717360668610405,GOAL_REACHED,0.0,0.0,91.86193301903948,20.188911930323126,1.570016758612701,nan,80.561
CRUISE,0.0,55.00060705256925,-54.558950679600834,-1.5717360668610405,GOAL_REACHED,0.0,0.0,91.86193301903948,20.188911930323126,1.570016758612701,nan,80.58
CRUISE,0.0,55.00060705256925,-54.558950679600834,-1.5717360668610405,GOAL_REACHED,0.0,0.0,91.86193301903948,20.188911930323126,1.570016758612701,nan,80.60000000000001
CRUISE,0.0,55.00060705256925,-54.558950679600834,-1.5717360668610405,GOAL_REACHED,0.0,0.0,91.86193301903948,20.188911930323126,1.570016758612701,nan,80.62100000000001
CRUISE,0.0,55.00060705256925,-54.558950679600834,-1.5717360668610405,GOAL_REACHED,0.0,0.0,91.86193301903948,20.188911930323126,1.570016758612701,nan,80.64
CRUISE,0.0,55.00060705256925,-54.558950679600834,-1.5717360668610405,GOAL_REACHED,0.0,0.0,91.86193301903948,20.188911930323126,1.570016758612701,nan,80.66000000000001
CRUISE,0.0,55.00060705256925,-54.558950679600834,-1.5717360668610405,GOAL_REACHED,0.0,0.0,91.86193301903948,20.188911930323126,1.570016758612701,nan,80.68
CRUISE,0.0,55.00060705256925,-54.558950679600834,-1.5717360668610405,GOAL_REACHED,0.0,0.0,91.86193301903948,20.188911930323126,1.570016758612701,nan,80.7
CRUISE,0.0,55.00060705256925,-54.558950679600834,-1.5717360668610405,GOAL_REACHED,0.0,0.0,91.86193301903948,20.188911930323126,1.570016758612701,nan,80.72
CRUISE,0.0,55.00060705256925,-54.558950679600834,-1.5717360668610405,GOAL_REACHED,0.0,0.0,91.86193301903948,20.188911930323126,1.570016758612701,nan,80.74000000000001
CRUISE,0.0,55.00060705256925,-54.558950679600834,-1.5717360668610405,GOAL_REACHED,0.0,0.0,91.86193301903948,20.188911930323126,1.570016758612701,nan,80.76
CRUISE,0.0,55.00060705256925,-54.558950679600834,-1.5717360668610405,GOAL_REACHED,0.0,0.0,91.86193301903948,20.188911930323126,1.570016758612701,nan,80.78
CRUISE,0.0,55.00060705256925,-54.558950679600834,-1.5717360668610405,GOAL_REACHED,0.0,0.0,91.86193301903948,20.188911930323126,1.570016758612701,nan,80.80000000000001
CRUISE,0.0,55.00060705256925,-54.558950679600834,-1.5717360668610405,GOAL_REACHED,0.0,0.0,91.86193301903948,20.188911930323126,1.570016758612701,nan,80.82000000000001
CRUISE,0.0,55.00060705256925,-54.558950679600834,-1.5717360668610405,GOAL_REACHED,0.0,0.0,91.86193301903948,20.188911930323126,1.570016758612701,nan,80.84
CRUISE,0.0,55.00060705256925,-54.558950679600834,-1.5717360668610405,GOAL_REACHED,0.0,0.0,91.86193301903948,20.188911930323126,1.570016758612701,nan,80.86
CRUISE,0.0,55.00060705256925,-54.558950679600834,-1.5717360668610405,GOAL_REACHED,0.0,0.0,91.86193301903948,20.188911930323126,1.570016758612701,nan,80.88000000000001
CRUISE,0.0,55.00060705256925,-54.558950679600834,-1.5717360668610405,GOAL_REACHED,0.0,0.0,91.86193301903948,20.188911930323126,1.570016758612701,nan,80.9
CRUISE,0.0,55.00060705256925,-54.558950679600834,-1.5717360668610405,GOAL_REACHED,0.0,0.0,91.86193301903948,20.188911930323126,1.570016758612701,nan,80.92
CRUISE,0.0,55.00060705256925,-54.558950679600834,-1.5717360668610405,GOAL_REACHED,0.0,0.0,91.86193301903948,20.188911930323126,1.570016758612701,nan,80.94000000000001
CRUISE,0.0,55.00060705256925,-54.558950679600834,-1.5717360668610405,GOAL_REACHED,0.0,0.0,91.86193301903948,20.188911930323126,1.570016758612701,nan,80.96000000000001
CRUISE,0.0,55.00060705256925,-54.558950679600834,-1.5717360668610405,GOAL_REACHED,0.0,0.0,91.86193301903948,20.188911930323126,1.570016758612701,nan,80.98
CRUISE,0.0,55.00060705256925,-54.558950679600834,-1.5717360668610405,GOAL_REACHED,0.0,0.0,91.86193301903948,20.188911930323126,1.570016758612701,nan,81.0
CRUISE,0.0,55.00060705256925,-54.558950679600834,-1.5717360668610405,GOAL_REACHED,0.0,0.0,91.86193301903948,20.188911930323126,1.570016758612701,nan,81.021
CRUISE,0.0,55.00060705256925,-54.558950679600834,-1.5717360668610405,GOAL_REACHED,0.0,0.0,91.86193301903948,20.188911930323126,1.570016758612701,nan,81.04
CRUISE,0.0,55.00060705256925,-54.558950679600834,-1.5717360668610405,GOAL_REACHED,0.0,0.0,91.86193301903948,20.188911930323126,1.570016758612701,nan,81.06
CRUISE,0.0,55.00060705256925,-54.558950679600834,-1.5717360668610405,GOAL_REACHED,0.0,0.0,91.86193301903948,20.188911930323126,1.570016758612701,nan,81.081
CRUISE,0.0,55.00060705256925,-54.558950679600834,-1.5717360668610405,GOAL_REACHED,0.0,0.0,91.86193301903948,20.188911930323126,1.570016758612701,nan,81.10000000000001
CRUISE,0.0,55.00060705256925,-54.558950679600834,-1.5717360668610405,GOAL_REACHED,0.0,0.0,91.86193301903948,20.188911930323126,1.570016758612701,nan,81.12
CRUISE,0.0,55.00060705256925,-54.558950679600834,-1.5717360668610405,GOAL_REACHED,0.0,0.0,91.86193301903948,20.188911930323126,1.570016758612701,nan,81.141
CRUISE,0.0,55.00060705256925,-54.558950679600834,-1.5717360668610405,GOAL_REACHED,0.0,0.0,91.86193301903948,20.188911930323126,1.570016758612701,nan,81.16000000000001
CRUISE,0.0,55.00060705256925,-54.558950679600834,-1.5717360668610405,GOAL_REACHED,0.0,0.0,91.86193301903948,20.188911930323126,1.570016758612701,nan,81.18
CRUISE,0.0,55.00060705256925,-54.558950679600834,-1.5717360668610405,GOAL_REACHED,0.0,0.0,91.86193301903948,20.188911930323126,1.570016758612701,nan,81.2
CRUISE,0.0,55.00060705256925,-54.558950679600834,-1.5717360668610405,GOAL_REACHED,0.0,0.0,91.86193301903948,20.188911930323126,1.570016758612701,nan,81.22
CRUISE,0.0,55.00060705256925,-54.558950679600834,-1.5717360668610405,GOAL_REACHED,0.0,0.0,91.86193301903948,20.188911930323126,1.570016758612701,nan,81.24000000000001
CRUISE,0.0,55.00060705256925,-54.558950679600834,-1.5717360668610405,GOAL_REACHED,0.0,0.0,91.86193301903948,20.188911930323126,1.570016758612701,nan,81.26
CRUISE,0.0,55.00060705256925,-54.558950679600834,-1.5717360668610405,GOAL_REACHED,0.0,0.0,91.86193301903948,20.188911930323126,1.570016758612701,nan,81.28
CRUISE,0.0,55.00060705256925,-54.558950679600834,-1.5717360668610405,GOAL_REACHED,0.0,0.0,91.86193301903948,20.188911930323126,1.570016758612701,nan,81.301
CRUISE,0.0,55.00060705256925,-54.558950679600834,-1.5717360668610405,GOAL_REACHED,0.0,0.0,91.86193301903948,20.188911930323126,1.570016758612701,nan,81.32000000000001
CRUISE,0.0,55.00060705256925,-54.558950679600834,-1.5717360668610405,GOAL_REACHED,0.0,0.0,91.86193301903948,20.188911930323126,1.570016758612701,nan,81.34
CRUISE,0.0,55.00060705256925,-54.558950679600834,-1.5717360668610405,GOAL_REACHED,0.0,0.0,91.86193301903948,20.188911930323126,1.570016758612701,nan,81.36
CRUISE,0.0,55.00060705256925,-54.558950679600834,-1.5717360668610405,GOAL_REACHED,0.0,0.0,91.86193301903948,20.188911930323126,1.570016758612701,nan,81.38000000000001
CRUISE,0.0,55.00060705256925,-54.558950679600834,-1.5717360668610405,GOAL_REACHED,0.0,0.0,91.86193301903948,20.188911930323126,1.570016758612701,nan,81.4
CRUISE,0.0,55.00060705256925,-54.558950679600834,-1.5717360668610405,GOAL_REACHED,0.0,0.0,91.86193301903948,20.188911930323126,1.570016758612701,nan,81.42
CRUISE,0.0,55.00060705256925,-54.558950679600834,-1.5717360668610405,GOAL_REACHED,0.0,0.0,91.86193301903948,20.188911930323126,1.570016758612701,nan,81.44000000000001
CRUISE,0.0,55.00060705256925,-54.558950679600834,-1.5717360668610405,GOAL_REACHED,0.0,0.0,91.86193301903948,20.188911930323126,1.570016758612701,nan,81.46000000000001
CRUISE,0.0,55.00060705256925,-54.558950679600834,-1.5717360668610405,GOAL_REACHED,0.0,0.0,91.86193301903948,20.188911930323126,1.570016758612701,nan,81.48
CRUISE,0.0,55.00060705256925,-54.558950679600834,-1.5717360668610405,GOAL_REACHED,0.0,0.0,91.86193301903948,20.188911930323126,1.570016758612701,nan,81.5
CRUISE,0.0,55.00060705256925,-54.558950679600834,-1.5717360668610405,GOAL_REACHED,0.0,0.0,91.86193301903948,20.188911930323126,1.570016758612701,nan,81.52000000000001
CRUISE,0.0,55.00060705256925,-54.558950679600834,-1.5717360668610405,GOAL_REACHED,0.0,0.0,91.86193301903948,20.188911930323126,1.570016758612701,nan,81.54
CRUISE,0.0,55.00060705256925,-54.558950679600834,-1.5717360668610405,GOAL_REACHED,0.0,0.0,91.86193301903948,20.188911930323126,1.570016758612701,nan,81.56
CRUISE,0.0,55.00060705256925,-54.558950679600834,-1.5717360668610405,GOAL_REACHED,0.0,0.0,91.86193301903948,20.188911930323126,1.570016758612701,nan,81.58
CRUISE,0.0,55.00060705256925,-54.558950679600834,-1.5717360668610405,GOAL_REACHED,0.0,0.0,91.86193301903948,20.188911930323126,1.570016758612701,nan,81.60000000000001
CRUISE,0.0,55.00060705256925,-54.558950679600834,-1.5717360668610405,GOAL_REACHED,0.0,0.0,91.86193301903948,20.188911930323126,1.570016758612701,nan,81.62
CRUISE,0.0,55.00060705256925,-54.558950679600834,-1.5717360668610405,GOAL_REACHED,0.0,0.0,91.86193301903948,20.188911930323126,1.570016758612701,nan,81.64
CRUISE,0.0,55.00060705256925,-54.558950679600834,-1.5717360668610405,GOAL_REACHED,0.0,0.0,91.86193301903948,20.188911930323126,1.570016758612701,nan,81.66000000000001
CRUISE,0.0,55.00060705256925,-54.558950679600834,-1.5717360668610405,GOAL_REACHED,0.0,0.0,91.86193301903948,20.188911930323126,1.570016758612701,nan,81.68
CRUISE,0.0,55.00060705256925,-54.558950679600834,-1.5717360668610405,GOAL_REACHED,0.0,0.0,91.86193301903948,20.188911930323126,1.570016758612701,nan,81.7
CRUISE,0.0,55.00060705256925,-54.558950679600834,-1.5717360668610405,GOAL_REACHED,0.0,0.0,91.86193301903948,20.188911930323126,1.570016758612701,nan,81.72
CRUISE,0.0,55.00060705256925,-54.558950679600834,-1.5717360668610405,GOAL_REACHED,0.0,0.0,91.86193301903948,20.188911930323126,1.570016758612701,nan,81.74000000000001
CRUISE,0.0,55.00060705256925,-54.558950679600834,-1.5717360668610405,GOAL_REACHED,0.0,0.0,91.86193301903948,20.188911930323126,1.570016758612701,nan,81.76
CRUISE,0.0,55.00060705256925,-54.558950679600834,-1.5717360668610405,GOAL_REACHED,0.0,0.0,91.86193301903948,20.188911930323126,1.570016758612701,nan,81.78
CRUISE,0.0,55.00060705256925,-54.558950679600834,-1.5717360668610405,GOAL_REACHED,0.0,0.0,91.86193301903948,20.188911930323126,1.570016758612701,nan,81.801
CRUISE,0.0,55.00060705256925,-54.558950679600834,-1.5717360668610405,GOAL_REACHED,0.0,0.0,91.86193301903948,20.188911930323126,1.570016758612701,nan,81.82000000000001
CRUISE,0.0,55.00060705256925,-54.558950679600834,-1.5717360668610405,GOAL_REACHED,0.0,0.0,91.86193301903948,20.188911930323126,1.570016758612701,nan,81.84
CRUISE,0.0,55.00060705256925,-54.558950679600834,-1.5717360668610405,GOAL_REACHED,0.0,0.0,91.86193301903948,20.188911930323126,1.570016758612701,nan,81.86
CRUISE,0.0,55.00060705256925,-54.558950679600834,-1.5717360668610405,GOAL_REACHED,0.0,0.0,91.86193301903948,20.188911930323126,1.570016758612701,nan,81.88000000000001
CRUISE,0.0,55.00060705256925,-54.558950679600834,-1.5717360668610405,GOAL_REACHED,0.0,0.0,91.86193301903948,20.188911930323126,1.570016758612701,nan,81.9
CRUISE,0.0,55.00060705256925,-54.558950679600834,-1.5717360668610405,GOAL_REACHED,0.0,0.0,91.86193301903948,20.188911930323126,1.570016758612701,nan,81.92
CRUISE,0.0,55.00060705256925,-54.558950679600834,-1.5717360668610405,GOAL_REACHED,0.0,0.0,91.86193301903948,20.188911930323126,1.570016758612701,nan,81.94000000000001
CRUISE,0.0,55.00060705256925,-54.558950679600834,-1.5717360668610405,GOAL_REACHED,0.0,0.0,91.86193301903948,20.188911930323126,1.570016758612701,nan,81.96000000000001
CRUISE,0.0,55.00060705256925,-54.558950679600834,-1.5717360668610405,GOAL_REACHED,0.0,0.0,91.86193301903948,20.188911930323126,1.570016758612701,nan,81.98
CRUISE,0.0,55.00060705256925,-54.558950679600834,-1.5717360668610405,GOAL_REACHED,0.0,0.0,91.86193301903948,20.188911930323126,1.570016758612701,nan,82.0
CRUISE,0.0,55.00060705256925,-54.558950679600834,-1.5717360668610405,GOAL_REACHED,0.0,0.0,91.86193301903948,20.188911930323126,1.570016758612701,nan,82.02000000000001
CRUISE,0.0,55.00060705256925,-54.558950679600834,-1.5717360668610405,GOAL_REACHED,0.0,0.0,91.86193301903948,20.188911930323126,1.570016758612701,nan,82.04
CRUISE,0.0,55.00060705256925,-54.558950679600834,-1.5717360668610405,GOAL_REACHED,0.0,0.0,91.86193301903948,20.188911930323126,1.570016758612701,nan,82.06
CRUISE,0.0,55.00060705256925,-54.558950679600834,-1.5717360668610405,GOAL_REACHED,0.0,0.0,91.86193301903948,20.188911930323126,1.570016758612701,nan,82.08
CRUISE,0.0,55.00060705256925,-54.558950679600834,-1.5717360668610405,GOAL_REACHED,0.0,0.0,91.86193301903948,20.188911930323126,1.570016758612701,nan,82.10000000000001
CRUISE,0.0,55.00060705256925,-54.558950679600834,-1.5717360668610405,GOAL_REACHED,0.0,0.0,91.86193301903948,20.188911930323126,1.570016758612701,nan,82.12
CRUISE,0.0,55.00060705256925,-54.558950679600834,-1.5717360668610405,GOAL_REACHED,0.0,0.0,91.86193301903948,20.188911930323126,1.570016758612701,nan,82.14
CRUISE,0.0,55.00060705256925,-54.558950679600834,-1.5717360668610405,GOAL_REACHED,0.0,0.0,91.86193301903948,20.188911930323126,1.570016758612701,nan,82.16000000000001
CRUISE,0.0,55.00060705256925,-54.558950679600834,-1.5717360668610405,GOAL_REACHED,0.0,0.0,91.86193301903948,20.188911930323126,1.570016758612701,nan,82.18
CRUISE,0.0,55.00060705256925,-54.558950679600834,-1.5717360668610405,GOAL_REACHED,0.0,0.0,91.86193301903948,20.188911930323126,1.570016758612701,nan,82.2
CRUISE,0.0,55.00060705256925,-54.558950679600834,-1.5717360668610405,GOAL_REACHED,0.0,0.0,91.86193301903948,20.188911930323126,1.570016758612701,nan,82.22
CRUISE,0.0,55.00060705256925,-54.558950679600834,-1.5717360668610405,GOAL_REACHED,0.0,0.0,91.86193301903948,20.188911930323126,1.570016758612701,nan,82.24000000000001
CRUISE,0.0,55.00060705256925,-54.558950679600834,-1.5717360668610405,GOAL_REACHED,0.0,0.0,91.86193301903948,20.188911930323126,1.570016758612701,nan,82.26
CRUISE,0.0,55.00060705256925,-54.558950679600834,-1.5717360668610405,GOAL_REACHED,0.0,0.0,91.86193301903948,20.188911930323126,1.570016758612701,nan,82.28
CRUISE,0.0,55.00060705256925,-54.558950679600834,-1.5717360668610405,GOAL_REACHED,0.0,0.0,91.86193301903948,20.188911930323126,1.570016758612701,nan,82.301
CRUISE,0.0,55.00060705256925,-54.558950679600834,-1.5717360668610405,GOAL_REACHED,0.0,0.0,91.86193301903948,20.188911930323126,1.570016758612701,nan,82.32000000000001
CRUISE,0.0,55.00060705256925,-54.558950679600834,-1.5717360668610405,GOAL_REACHED,0.0,0.0,91.86193301903948,20.188911930323126,1.570016758612701,nan,82.34
CRUISE,0.0,55.00060705256925,-54.558950679600834,-1.5717360668610405,GOAL_REACHED,0.0,0.0,91.86193301903948,20.188911930323126,1.570016758612701,nan,82.36
CRUISE,0.0,55.00060705256925,-54.558950679600834,-1.5717360668610405,GOAL_REACHED,0.0,0.0,91.86193301903948,20.188911930323126,1.570016758612701,nan,82.38000000000001
CRUISE,0.0,55.00060705256925,-54.558950679600834,-1.5717360668610405,GOAL_REACHED,0.0,0.0,91.86193301903948,20.188911930323126,1.570016758612701,nan,82.4
CRUISE,0.0,55.00060705256925,-54.558950679600834,-1.5717360668610405,GOAL_REACHED,0.0,0.0,91.86193301903948,20.188911930323126,1.570016758612701,nan,82.42
CRUISE,0.0,55.00060705256925,-54.558950679600834,-1.5717360668610405,GOAL_REACHED,0.0,0.0,91.86193301903948,20.188911930323126,1.570016758612701,nan,82.44000000000001
CRUISE,0.0,55.00060705256925,-54.558950679600834,-1.5717360668610405,GOAL_REACHED,0.0,0.0,91.86193301903948,20.188911930323126,1.570016758612701,nan,82.46000000000001
CRUISE,0.0,55.00060705256925,-54.558950679600834,-1.5717360668610405,GOAL_REACHED,0.0,0.0,91.86193301903948,20.188911930323126,1.570016758612701,nan,82.48
CRUISE,0.0,55.00060705256925,-54.558950679600834,-1.5717360668610405,GOAL_REACHED,0.0,0.0,91.86193301903948,20.188911930323126,1.570016758612701,nan,82.5
CRUISE,0.0,55.00060705256925,-54.558950679600834,-1.5717360668610405,GOAL_REACHED,0.0,0.0,91.86193301903948,20.188911930323126,1.570016758612701,nan,82.52000000000001
CRUISE,0.0,55.00060705256925,-54.558950679600834,-1.5717360668610405,GOAL_REACHED,0.0,0.0,91.86193301903948,20.188911930323126,1.570016758612701,nan,82.54
CRUISE,0.0,55.00060705256925,-54.558950679600834,-1.5717360668610405,GOAL_REACHED,0.0,0.0,91.86193301903948,20.188911930323126,1.570016758612701,nan,82.56
CRUISE,0.0,55.00060705256925,-54.558950679600834,-1.5717360668610405,GOAL_REACHED,0.0,0.0,91.86193301903948,20.188911930323126,1.570016758612701,nan,82.58
CRUISE,0.0,55.00060705256925,-54.558950679600834,-1.5717360668610405,GOAL_REACHED,0.0,0.0,91.86193301903948,20.188911930323126,1.570016758612701,nan,82.60000000000001
CRUISE,0.0,55.00060705256925,-54.558950679600834,-1.5717360668610405,GOAL_REACHED,0.0,0.0,91.86193301903948,20.188911930323126,1.570016758612701,nan,82.62
CRUISE,0.0,55.00060705256925,-54.558950679600834,-1.5717360668610405,GOAL_REACHED,0.0,0.0,91.86193301903948,20.188911930323126,1.570016758612701,nan,82.64
CRUISE,0.0,55.00060705256925,-54.558950679600834,-1.5717360668610405,GOAL_REACHED,0.0,0.0,91.86193301903948,20.188911930323126,1.570016758612701,nan,82.66000000000001
CRUISE,0.0,55.00060705256925,-54.558950679600834,-1.5717360668610405,GOAL_REACHED,0.0,0.0,91.86193301903948,20.188911930323126,1.570016758612701,nan,82.68
CRUISE,0.0,55.00060705256925,-54.558950679600834,-1.5717360668610405,GOAL_REACHED,0.0,0.0,91.86193301903948,20.188911930323126,1.570016758612701,nan,82.7
CRUISE,0.0,55.00060705256925,-54.558950679600834,-1.5717360668610405,GOAL_REACHED,0.0,0.0,91.86193301903948,20.188911930323126,1.570016758612701,nan,82.72
CRUISE,0.0,55.00060705256925,-54.558950679600834,-1.5717360668610405,GOAL_REACHED,0.0,0.0,91.86193301903948,20.188911930323126,1.570016758612701,nan,82.74000000000001
CRUISE,0.0,55.00060705256925,-54.558950679600834,-1.5717360668610405,GOAL_REACHED,0.0,0.0,91.86193301903948,20.188911930323126,1.570016758612701,nan,82.76
CRUISE,0.0,55.00060705256925,-54.558950679600834,-1.5717360668610405,GOAL_REACHED,0.0,0.0,91.86193301903948,20.188911930323126,1.570016758612701,nan,82.78
CRUISE,0.0,55.00060705256925,-54.558950679600834,-1.5717360668610405,GOAL_REACHED,0.0,0.0,91.86193301903948,20.188911930323126,1.570016758612701,nan,82.80000000000001
CRUISE,0.0,55.00060705256925,-54.558950679600834,-1.5717360668610405,GOAL_REACHED,0.0,0.0,91.86193301903948,20.188911930323126,1.570016758612701,nan,82.822
CRUISE,0.0,55.00060705256925,-54.558950679600834,-1.5717360668610405,GOAL_REACHED,0.0,0.0,91.86193301903948,20.188911930323126,1.570016758612701,nan,82.84
CRUISE,0.0,55.00060705256925,-54.558950679600834,-1.5717360668610405,GOAL_REACHED,0.0,0.0,91.86193301903948,20.188911930323126,1.570016758612701,nan,82.86
CRUISE,0.0,55.00060705256925,-54.558950679600834,-1.5717360668610405,GOAL_REACHED,0.0,0.0,91.86193301903948,20.188911930323126,1.570016758612701,nan,82.88000000000001
CRUISE,0.0,55.00060705256925,-54.558950679600834,-1.5717360668610405,GOAL_REACHED,0.0,0.0,91.86193301903948,20.188911930323126,1.570016758612701,nan,82.9
CRUISE,0.0,55.00060705256925,-54.558950679600834,-1.5717360668610405,GOAL_REACHED,0.0,0.0,91.86193301903948,20.188911930323126,1.570016758612701,nan,82.92
CRUISE,0.0,55.00060705256925,-54.558950679600834,-1.5717360668610405,GOAL_REACHED,0.0,0.0,91.86193301903948,20.188911930323126,1.570016758612701,nan,82.94000000000001
CRUISE,0.0,55.00060705256925,-54.558950679600834,-1.5717360668610405,GOAL_REACHED,0.0,0.0,91.86193301903948,20.188911930323126,1.570016758612701,nan,82.96000000000001
CRUISE,0.0,55.00060705256925,-54.558950679600834,-1.5717360668610405,GOAL_REACHED,0.0,0.0,91.86193301903948,20.188911930323126,1.570016758612701,nan,82.98
CRUISE,0.0,55.00060705256925,-54.558950679600834,-1.5717360668610405,GOAL_REACHED,0.0,0.0,91.86193301903948,20.188911930323126,1.570016758612701,nan,83.0
CRUISE,0.0,55.00060705256925,-54.558950679600834,-1.5717360668610405,GOAL_REACHED,0.0,0.0,91.86193301903948,20.188911930323126,1.570016758612701,nan,83.02000000000001
CRUISE,0.0,55.00060705256925,-54.558950679600834,-1.5717360668610405,GOAL_REACHED,0.0,0.0,91.86193301903948,20.188911930323126,1.570016758612701,nan,83.04
CRUISE,0.0,55.00060705256925,-54.558950679600834,-1.5717360668610405,GOAL_REACHED,0.0,0.0,91.86193301903948,20.188911930323126,1.570016758612701,nan,83.06
CRUISE,0.0,55.00060705256925,-54.558950679600834,-1.5717360668610405,GOAL_REACHED,0.0,0.0,91.86193301903948,20.188911930323126,1.570016758612701,nan,83.081
CRUISE,0.0,55.00060705256925,-54.558950679600834,-1.5717360668610405,GOAL_REACHED,0.0,0.0,91.86193301903948,20.188911930323126,1.570016758612701,nan,83.10000000000001
CRUISE,0.0,55.00060705256925,-54.558950679600834,-1.5717360668610405,GOAL_REACHED,0.0,0.0,91.86193301903948,20.188911930323126,1.570016758612701,nan,83.12
CRUISE,0.0,55.00060705256925,-54.558950679600834,-1.5717360668610405,GOAL_REACHED,0.0,0.0,91.86193301903948,20.188911930323126,1.570016758612701,nan,83.14
CRUISE,0.0,55.00060705256925,-54.558950679600834,-1.5717360668610405,GOAL_REACHED,0.0,0.0,91.86193301903948,20.188911930323126,1.570016758612701,nan,83.16000000000001
CRUISE,0.0,55.00060705256925,-54.558950679600834,-1.5717360668610405,GOAL_REACHED,0.0,0.0,91.86193301903948,20.188911930323126,1.570016758612701,nan,83.18
CRUISE,0.0,55.00060705256925,-54.558950679600834,-1.5717360668610405,GOAL_REACHED,0.0,0.0,91.86193301903948,20.188911930323126,1.570016758612701,nan,83.2
CRUISE,0.0,55.00060705256925,-54.558950679600834,-1.5717360668610405,GOAL_REACHED,0.0,0.0,91.86193301903948,20.188911930323126,1.570016758612701,nan,83.22
CRUISE,0.0,55.00060705256925,-54.558950679600834,-1.5717360668610405,GOAL_REACHED,0.0,0.0,91.86193301903948,20.188911930323126,1.570016758612701,nan,83.24000000000001
CRUISE,0.0,55.00060705256925,-54.558950679600834,-1.5717360668610405,GOAL_REACHED,0.0,0.0,91.86193301903948,20.188911930323126,1.570016758612701,nan,83.26
CRUISE,0.0,55.00060705256925,-54.558950679600834,-1.5717360668610405,GOAL_REACHED,0.0,0.0,91.86193301903948,20.188911930323126,1.570016758612701,nan,83.28
CRUISE,0.0,55.00060705256925,-54.558950679600834,-1.5717360668610405,GOAL_REACHED,0.0,0.0,91.86193301903948,20.188911930323126,1.570016758612701,nan,83.30000000000001
CRUISE,0.0,55.00060705256925,-54.558950679600834,-1.5717360668610405,GOAL_REACHED,0.0,0.0,91.86193301903948,20.188911930323126,1.570016758612701,nan,83.32000000000001
CRUISE,0.0,55.00060705256925,-54.558950679600834,-1.5717360668610405,GOAL_REACHED,0.0,0.0,91.86193301903948,20.188911930323126,1.570016758612701,nan,83.34
CRUISE,0.0,55.00060705256925,-54.558950679600834,-1.5717360668610405,GOAL_REACHED,0.0,0.0,91.86193301903948,20.188911930323126,1.570016758612701,nan,83.36
CRUISE,0.0,55.00060705256925,-54.558950679600834,-1.5717360668610405,GOAL_REACHED,0.0,0.0,91.86193301903948,20.188911930323126,1.570016758612701,nan,83.38000000000001
CRUISE,0.0,55.00060705256925,-54.558950679600834,-1.5717360668610405,GOAL_REACHED,0.0,0.0,91.86193301903948,20.188911930323126,1.570016758612701,nan,83.4
CRUISE,0.0,55.00060705256925,-54.558950679600834,-1.5717360668610405,GOAL_REACHED,0.0,0.0,91.86193301903948,20.188911930323126,1.570016758612701,nan,83.42
CRUISE,0.0,55.00060705256925,-54.558950679600834,-1.5717360668610405,GOAL_REACHED,0.0,0.0,91.86193301903948,20.188911930323126,1.570016758612701,nan,83.44000000000001
CRUISE,0.0,55.00060705256925,-54.558950679600834,-1.5717360668610405,GOAL_REACHED,0.0,0.0,91.86193301903948,20.188911930323126,1.570016758612701,nan,83.46000000000001
CRUISE,0.0,55.00060705256925,-54.558950679600834,-1.5717360668610405,GOAL_REACHED,0.0,0.0,91.86193301903948,20.188911930323126,1.570016758612701,nan,83.48
CRUISE,0.0,55.00060705256925,-54.558950679600834,-1.5717360668610405,GOAL_REACHED,0.0,0.0,91.86193301903948,20.188911930323126,1.570016758612701,nan,83.5
CRUISE,0.0,55.00060705256925,-54.558950679600834,-1.5717360668610405,GOAL_REACHED,0.0,0.0,91.86193301903948,20.188911930323126,1.570016758612701,nan,83.52000000000001
CRUISE,0.0,55.00060705256925,-54.558950679600834,-1.5717360668610405,GOAL_REACHED,0.0,0.0,91.86193301903948,20.188911930323126,1.570016758612701,nan,83.54
CRUISE,0.0,55.00060705256925,-54.558950679600834,-1.5717360668610405,GOAL_REACHED,0.0,0.0,91.86193301903948,20.188911930323126,1.570016758612701,nan,83.56
CRUISE,0.0,55.00060705256925,-54.558950679600834,-1.5717360668610405,GOAL_REACHED,0.0,0.0,91.86193301903948,20.188911930323126,1.570016758612701,nan,83.58
CRUISE,0.0,55.00060705256925,-54.558950679600834,-1.5717360668610405,GOAL_REACHED,0.0,0.0,91.86193301903948,20.188911930323126,1.570016758612701,nan,83.60000000000001
CRUISE,0.0,55.00060705256925,-54.558950679600834,-1.5717360668610405,GOAL_REACHED,0.0,0.0,91.86193301903948,20.188911930323126,1.570016758612701,nan,83.62
CRUISE,0.0,55.00060705256925,-54.558950679600834,-1.5717360668610405,GOAL_REACHED,0.0,0.0,91.86193301903948,20.188911930323126,1.570016758612701,nan,83.64
CRUISE,0.0,55.00060705256925,-54.558950679600834,-1.5717360668610405,GOAL_REACHED,0.0,0.0,91.86193301903948,20.188911930323126,1.570016758612701,nan,83.66000000000001
CRUISE,0.0,55.00060705256925,-54.558950679600834,-1.5717360668610405,GOAL_REACHED,0.0,0.0,91.86193301903948,20.188911930323126,1.570016758612701,nan,83.68
CRUISE,0.0,55.00060705256925,-54.558950679600834,-1.5717360668610405,GOAL_REACHED,0.0,0.0,91.86193301903948,20.188911930323126,1.570016758612701,nan,83.7
CRUISE,0.0,55.00060705256925,-54.558950679600834,-1.5717360668610405,GOAL_REACHED,0.0,0.0,91.86193301903948,20.188911930323126,1.570016758612701,nan,83.72
CRUISE,0.0,55.00060705256925,-54.558950679600834,-1.5717360668610405,GOAL_REACHED,0.0,0.0,91.86193301903948,20.188911930323126,1.570016758612701,nan,83.74000000000001
CRUISE,0.0,55.00060705256925,-54.558950679600834,-1.5717360668610405,GOAL_REACHED,0.0,0.0,91.86193301903948,20.188911930323126,1.570016758612701,nan,83.76
CRUISE,0.0,55.00060705256925,-54.558950679600834,-1.5717360668610405,GOAL_REACHED,0.0,0.0,91.86193301903948,20.188911930323126,1.570016758612701,nan,83.78
CRUISE,0.0,55.00060705256925,-54.558950679600834,-1.5717360668610405,GOAL_REACHED,0.0,0.0,91.86193301903948,20.188911930323126,1.570016758612701,nan,83.80000000000001
CRUISE,0.0,55.00060705256925,-54.558950679600834,-1.5717360668610405,GOAL_REACHED,0.0,0.0,91.86193301903948,20.188911930323126,1.570016758612701,nan,83.82000000000001
CRUISE,0.0,55.00060705256925,-54.558950679600834,-1.5717360668610405,GOAL_REACHED,0.0,0.0,91.86193301903948,20.188911930323126,1.570016758612701,nan,83.84
CRUISE,0.0,55.00060705256925,-54.558950679600834,-1.5717360668610405,GOAL_REACHED,0.0,0.0,91.86193301903948,20.188911930323126,1.570016758612701,nan,83.86
CRUISE,0.0,55.00060705256925,-54.558950679600834,-1.5717360668610405,GOAL_REACHED,0.0,0.0,91.86193301903948,20.188911930323126,1.570016758612701,nan,83.88000000000001
CRUISE,0.0,55.00060705256925,-54.558950679600834,-1.5717360668610405,GOAL_REACHED,0.0,0.0,91.86193301903948,20.188911930323126,1.570016758612701,nan,83.9
CRUISE,0.0,55.00060705256925,-54.558950679600834,-1.5717360668610405,GOAL_REACHED,0.0,0.0,91.86193301903948,20.188911930323126,1.570016758612701,nan,83.92
CRUISE,0.0,55.00060705256925,-54.558950679600834,-1.5717360668610405,GOAL_REACHED,0.0,0.0,91.86193301903948,20.188911930323126,1.570016758612701,nan,83.94000000000001
CRUISE,0.0,55.00060705256925,-54.558950679600834,-1.5717360668610405,GOAL_REACHED,0.0,0.0,91.86193301903948,20.188911930323126,1.570016758612701,nan,83.96000000000001
CRUISE,0.0,55.00060705256925,-54.558950679600834,-1.5717360668610405,GOAL_REACHED,0.0,0.0,91.86193301903948,20.188911930323126,1.570016758612701,nan,83.98
CRUISE,0.0,55.00060705256925,-54.558950679600834,-1.5717360668610405,GOAL_REACHED,0.0,0.0,91.86193301903948,20.188911930323126,1.570016758612701,nan,84.0
CRUISE,0.0,55.00060705256925,-54.558950679600834,-1.5717360668610405,GOAL_REACHED,0.0,0.0,91.86193301903948,20.188911930323126,1.570016758612701,nan,84.021
CRUISE,0.0,55.00060705256925,-54.558950679600834,-1.5717360668610405,GOAL_REACHED,0.0,0.0,91.86193301903948,20.188911930323126,1.570016758612701,nan,84.04
CRUISE,0.0,55.00060705256925,-54.558950679600834,-1.5717360668610405,GOAL_REACHED,0.0,0.0,91.86193301903948,20.188911930323126,1.570016758612701,nan,84.06
CRUISE,0.0,55.00060705256925,-54.558950679600834,-1.5717360668610405,GOAL_REACHED,0.0,0.0,91.86193301903948,20.188911930323126,1.570016758612701,nan,84.08
CRUISE,0.0,55.00060705256925,-54.558950679600834,-1.5717360668610405,GOAL_REACHED,0.0,0.0,91.86193301903948,20.188911930323126,1.570016758612701,nan,84.10000000000001
CRUISE,0.0,55.00060705256925,-54.558950679600834,-1.5717360668610405,GOAL_REACHED,0.0,0.0,91.86193301903948,20.188911930323126,1.570016758612701,nan,84.12
CRUISE,0.0,55.00060705256925,-54.558950679600834,-1.5717360668610405,GOAL_REACHED,0.0,0.0,91.86193301903948,20.188911930323126,1.570016758612701,nan,84.14
CRUISE,0.0,55.00060705256925,-54.558950679600834,-1.5717360668610405,GOAL_REACHED,0.0,0.0,91.86193301903948,20.188911930323126,1.570016758612701,nan,84.16000000000001
CRUISE,0.0,55.00060705256925,-54.558950679600834,-1.5717360668610405,GOAL_REACHED,0.0,0.0,91.86193301903948,20.188911930323126,1.570016758612701,nan,84.18
CRUISE,0.0,55.00060705256925,-54.558950679600834,-1.5717360668610405,GOAL_REACHED,0.0,0.0,91.86193301903948,20.188911930323126,1.570016758612701,nan,84.2
CRUISE,0.0,55.00060705256925,-54.558950679600834,-1.5717360668610405,GOAL_REACHED,0.0,0.0,91.86193301903948,20.188911930323126,1.570016758612701,nan,84.22
CRUISE,0.0,55.00060705256925,-54.558950679600834,-1.5717360668610405,GOAL_REACHED,0.0,0.0,91.86193301903948,20.188911930323126,1.570016758612701,nan,84.24000000000001
CRUISE,0.0,55.00060705256925,-54.558950679600834,-1.5717360668610405,GOAL_REACHED,0.0,0.0,91.86193301903948,20.188911930323126,1.570016758612701,nan,84.26100000000001
CRUISE,0.0,55.00060705256925,-54.558950679600834,-1.5717360668610405,GOAL_REACHED,0.0,0.0,91.86193301903948,20.188911930323126,1.570016758612701,nan,84.28
CRUISE,0.0,55.00060705256925,-54.558950679600834,-1.5717360668610405,GOAL_REACHED,0.0,0.0,91.86193301903948,20.188911930323126,1.570016758612701,nan,84.30000000000001
CRUISE,0.0,55.00060705256925,-54.558950679600834,-1.5717360668610405,GOAL_REACHED,0.0,0.0,91.86193301903948,20.188911930323126,1.570016758612701,nan,84.32000000000001
CRUISE,0.0,55.00060705256925,-54.558950679600834,-1.5717360668610405,GOAL_REACHED,0.0,0.0,91.86193301903948,20.188911930323126,1.570016758612701,nan,84.34
CRUISE,0.0,55.00060705256925,-54.558950679600834,-1.5717360668610405,GOAL_REACHED,0.0,0.0,91.86193301903948,20.188911930323126,1.570016758612701,nan,84.36
CRUISE,0.0,55.00060705256925,-54.558950679600834,-1.5717360668610405,GOAL_REACHED,0.0,0.0,91.86193301903948,20.188911930323126,1.570016758612701,nan,84.38000000000001
