behavior,ctrl_state,ctrl_v,ego_v,ego_x,ego_y,ego_yaw,lead_car_v,lead_car_x,lead_car_y,lead_car_yaw,perc_near_x,t
,NO_PATH,5.62030702e-19,0.0,29.99999999999999,-51.75,-2.987141537818687e-23,0.0,45.0,-51.75,0.0,44.15,8.902000000000001
,NO_PATH,5.62030702e-19,0.0,29.99999999999999,-51.75,-2.987141537818687e-23,0.0,45.0,-51.75,0.0,44.15,8.902000000000001
,NO_PATH,5.62030702e-19,0.0,29.99999999999999,-51.75,-2.987141537818687e-23,0.0,45.0,-51.75,0.0,44.15,8.903
,NO_PATH,5.62030702e-19,0.0,29.99999999999999,-51.75,-2.987141537818687e-23,0.0,45.0,-51.75,0.0,44.15,8.903
,NO_PATH,5.62030702e-19,0.0,29.99999999999999,-51.75,-2.987141537818687e-23,0.0,45.0,-51.75,0.0,44.15,8.903
,NO_PATH,5.62030702e-19,0.0,29.99999999999999,-51.75,-2.987141537818687e-23,0.0,45.0,-51.75,0.0,44.15,8.903
,NO_PATH,5.62030702e-19,0.0,29.99999999999999,-51.75,-2.987141537818687e-23,0.0,45.0,-51.75,0.0,44.15,8.903
,NO_PATH,5.62030702e-19,0.0,29.99999999999999,-51.75,-2.987141537818687e-23,0.0,45.0,-51.75,0.0,44.15,8.904
,NO_PATH,8.56565142e-19,0.0,29.99999999999999,-51.75,-2.987141537818687e-23,0.0,45.0,-51.75,0.0,44.15,8.92
,NO_PATH,1.04637775e-18,0.0,29.99999999999999,-51.75,-2.987141537818687e-23,0.0,45.0,-51.75,0.0,44.15,8.940000000000001
,NO_PATH,1.04637775e-18,0.0,29.99999999999999,-51.75,-2.987141537818687e-23,0.0,45.0,-51.75,0.0,44.15,8.96
,NO_PATH,1.68593151e-19,0.0,29.99999999999999,-51.75,-2.987141537818687e-23,0.0,45.0,-51.75,0.0,44.15,8.98
,NO_PATH,1.68593151e-19,0.0,29.99999999999999,-51.75,-2.987141537818687e-23,0.0,45.0,-51.75,0.0,44.15,9.0
,NO_PATH,9.908125e-20,0.0,29.99999999999999,-51.75,-2.987141537818687e-23,0.0,45.0,-51.75,0.0,44.15,9.020000000000001
,NO_PATH,-4.70242826e-20,0.0,29.99999999999999,-51.75,-2.987141537818687e-23,0.0,45.0,-51.75,0.0,44.15,9.040000000000001
,NO_PATH,-4.70242826e-20,0.0,29.99999999999999,-51.75,-2.987141537818687e-23,0.0,45.0,-51.75,0.0,44.15,9.06
,NO_PATH,-3.48742689e-19,0.0,29.99999999999999,-51.75,-2.987141537818687e-23,0.0,45.0,-51.75,0.0,44.15,9.08
,NO_PATH,4.56416496e-19,0.0,29.99999999999999,-51.75,-2.987141537818687e-23,0.0,45.0,-51.75,0.0,44.15,9.101
,NO_PATH,6.65228134e-19,0.0,29.99999999999999,-51.75,-2.987141537818687e-23,0.0,45.0,-51.75,0.0,44.15,9.120000000000001
,NO_PATH,-3.09368098e-19,0.0,29.99999999999999,-51.75,-2.987141537818687e-23,0.0,45.0,-51.75,0.0,44.15,9.14
,NO_PATH,1.33677065e-18,0.0,29.99999999999999,-51.75,-2.987141537818687e-23,0.0,45.0,-51.75,0.0,44.15,9.16
,NO_PATH,1.33677065e-18,0.0,29.99999999999999,-51.75,-2.987141537818687e-23,0.0,45.0,-51.75,0.0,44.15,9.18
,NO_PATH,6.94321368e-19,0.0,29.99999999999999,-51.75,-2.987141537818687e-23,0.0,45.0,-51.75,0.0,44.15,9.201
,NO_PATH,-5.62907038e-20,0.0,29.99999999999999,-51.75,-2.987141537818687e-23,0.0,45.0,-51.75,0.0,44.15,9.22
,NO_PATH,7.65447234e-19,0.0,29.99999999999999,-51.75,-2.987141537818687e-23,0.0,45.0,-51.75,0.0,44.15,9.24
,NO_PATH,6.04619849e-19,0.0,29.99999999999999,-51.75,-2.987141537818687e-23,0.0,45.0,-51.75,0.0,44.15,9.26
,NO_PATH,1.0775824e-18,0.0,29.99999999999999,-51.75,-2.987141537818687e-23,0.0,45.0,-51.75,0.0,44.15,9.280000000000001
,NO_PATH,4.8269924e-19,0.0,29.99999999999999,-51.75,-2.987141537818687e-23,0.0,45.0,-51.75,0.0,44.15,9.3
,NO_PATH,4.8269924e-19,0.0,29.99999999999999,-51.75,-2.987141537818687e-23,0.0,45.0,-51.75,0.0,44.15,9.321
,NO_PATH,1.06167747e-18,0.0,29.99999999999999,-51.75,-2.987141537818687e-23,0.0,45.0,-51.75,0.0,44.15,9.34
,NO_PATH,6.02689401e-19,0.0,29.99999999999999,-51.75,-2.987141537818687e-23,0.0,45.0,-51.75,0.0,44.15,9.360000000000001
,NO_PATH,6.02689401e-19,0.0,29.99999999999999,-51.75,-2.987141537818687e-23,0.0,45.0,-51.75,0.0,44.15,9.38
,NO_PATH,3.78862171e-19,0.0,29.99999999999999,-51.75,-2.987141537818687e-23,0.0,45.0,-51.75,0.0,44.15,9.4
,NO_PATH,5.69832056e-19,0.0,29.99999999999999,-51.75,-2.987141537818687e-23,0.0,45.0,-51.75,0.0,44.15,9.42
,NO_PATH,5.69832056e-19,0.0,29.99999999999999,-51.75,-2.987141537818687e-23,0.0,45.0,-51.75,0.0,44.15,9.440000000000001
,NO_PATH,2.12440342e-19,0.0,29.99999999999999,-51.75,-2.987141537818687e-23,0.0,45.0,-51.75,0.0,44.15,9.461
,NO_PATH,2.12440342e-19,0.0,29.99999999999999,-51.75,-2.987141537818687e-23,0.0,45.0,-51.75,0.0,44.15,9.48
,NO_PATH,2.93628844e-19,0.0,29.99999999999999,-51.75,-2.987141537818687e-23,0.0,45.0,-51.75,0.0,44.15,9.5
,NO_PATH,6.924467e-19,0.0,29.99999999999999,-51.75,-2.987141537818687e-23,0.0,45.0,-51.75,0.0,44.15,9.520000000000001
,NO_PATH,6.924467e-19,0.0,29.99999999999999,-51.75,-2.987141537818687e-23,0.0,45.0,-51.75,0.0,44.15,9.540000000000001
,NO_PATH,1.20596386e-18,0.0,29.99999999999999,-51.75,-2.987141537818687e-23,0.0,45.0,-51.75,0.0,44.15,9.56
,NO_PATH,1.04158048e-18,0.0,29.99999999999999,-51.75,-2.987141537818687e-23,0.0,45.0,-51.75,0.0,44.15,9.58
,NO_PATH,1.04158048e-18,0.0,29.99999999999999,-51.75,-2.987141537818687e-23,0.0,45.0,-51.75,0.0,44.15,9.600000000000001
,NO_PATH,5.77457695e-19,0.0,29.99999999999999,-51.75,-2.987141537818687e-23,0.0,45.0,-51.75,0.0,44.15,9.620000000000001
,NO_PATH,1.16061352e-18,0.0,29.99999999999999,-51.75,-2.987141537818687e-23,0.0,45.0,-51.75,0.0,44.15,9.64
,NO_PATH,1.16061352e-18,0.0,29.99999999999999,-51.75,-2.987141537818687e-23,0.0,45.0,-51.75,0.0,44.15,9.66
,NO_PATH,6.68754775e-19,0.0,29.99999999999999,-51.75,-2.987141537818687e-23,0.0,45.0,-51.75,0.0,44.15,9.68
,NO_PATH,8.99482163e-19,0.0,29.99999999999999,-51.75,-2.987141537818687e-23,0.0,45.0,-51.75,0.0,44.15,9.700000000000001
,NO_PATH,3.75984465e-19,0.0,29.99999999999999,-51.75,-2.987141537818687e-23,0.0,45.0,-51.75,0.0,44.15,9.72
,NO_PATH,3.75984465e-19,0.0,29.99999999999999,-51.75,-2.987141537818687e-23,0.0,45.0,-51.75,0.0,44.15,9.74
,NO_PATH,9.83830091e-19,0.0,29.99999999999999,-51.75,-2.987141537818687e-23,0.0,45.0,-51.75,0.0,44.15,9.76
,NO_PATH,9.83830091e-19,0.0,29.99999999999999,-51.75,-2.987141537818687e-23,0.0,45.0,-51.75,0.0,44.15,9.780000000000001
,NO_PATH,8.19684119e-20,0.0,29.99999999999999,-51.75,-2.987141537818687e-23,0.0,45.0,-51.75,0.0,44.15,9.8
,NO_PATH,3.88029701e-19,0.0,29.99999999999999,-51.75,-2.987141537818687e-23,0.0,45.0,-51.75,0.0,44.15,9.82
,NO_PATH,2.13557181e-19,0.0,29.99999999999999,-51.75,-2.987141537818687e-23,0.0,45.0,-51.75,0.0,44.15,9.84
,NO_PATH,2.13557181e-19,0.0,29.99999999999999,-51.75,-2.987141537818687e-23,0.0,45.0,-51.75,0.0,44.15,9.860000000000001
,NO_PATH,-6.71648859e-19,0.0,29.99999999999999,-51.75,-2.987141537818687e-23,0.0,45.0,-51.75,0.0,44.15,9.88
,NO_PATH,2.46976701e-19,0.0,29.99999999999999,-51.75,-2.987141537818687e-23,0.0,45.0,-51.75,0.0,44.15,9.9
,NO_PATH,-5.72915706e-20,0.0,29.99999999999999,-51.75,-2.987141537818687e-23,0.0,45.0,-51.75,0.0,44.15,9.92
,NO_PATH,1.18432128e-18,0.0,29.99999999999999,-51.75,-2.987141537818687e-23,0.0,45.0,-51.75,0.0,44.15,9.940000000000001
,NO_PATH,1.18432128e-18,0.0,29.99999999999999,-51.75,-2.987141537818687e-23,0.0,45.0,-51.75,0.0,44.15,9.96
,NO_PATH,8.67153361e-19,0.0,29.99999999999999,-51.75,-2.987141537818687e-23,0.0,45.0,-51.75,0.0,44.15,9.98
,NO_PATH,9.0732228e-19,0.0,29.99999999999999,-51.75,-2.987141537818687e-23,0.0,45.0,-51.75,0.0,44.15,10.0
,NO_PATH,3.03043092e-19,0.0,29.99999999999999,-51.75,-2.987141537818687e-23,0.0,45.0,-51.75,0.0,44.15,10.020000000000001
,NO_PATH,1.13038332e-18,0.0,29.99999999999999,-51.75,-2.987141537818687e-23,0.0,45.0,-51.75,0.0,44.15,10.040000000000001
,NO_PATH,8.50361599e-19,0.0,29.99999999999999,-51.75,-2.987141537818687e-23,0.0,45.0,-51.75,0.0,44.15,10.06
,NO_PATH,9.43613914e-19,0.0,29.99999999999999,-51.75,-2.987141537818687e-23,0.0,45.0,-51.75,0.0,44.15,10.081000000000001
,NO_PATH,3.54236243e-19,0.0,29.99999999999999,-51.75,-2.987141537818687e-23,0.0,45.0,-51.75,0.0,44.15,10.100000000000001
,NO_PATH,7.26935685e-19,0.0,29.99999999999999,-51.75,-2.987141537818687e-23,0.0,45.0,-51.75,0.0,44.15,10.120000000000001
,NO_PATH,4.060827e-19,0.0,29.99999999999999,-51.75,-2.987141537818687e-23,0.0,45.0,-51.75,0.0,44.15,10.14
,NO_PATH,3.07614359e-19,0.0,29.99999999999999,-51.75,-2.987141537818687e-23,0.0,45.0,-51.75,0.0,44.15,10.16
,NO_PATH,3.07614359e-19,0.0,29.99999999999999,-51.75,-2.987141537818687e-23,0.0,45.0,-51.75,0.0,44.15,10.180000000000001
,NO_PATH,6.78924216e-19,0.0,29.99999999999999,-51.75,-2.987141537818687e-23,0.0,45.0,-51.75,0.0,44.15,10.200000000000001
,NO_PATH,6.78924216e-19,0.0,29.99999999999999,-51.75,-2.987141537818687e-23,0.0,45.0,-51.75,0.0,44.15,10.22
,NO_PATH,7.16777437e-19,0.0,29.99999999999999,-51.75,-2.987141537818687e-23,0.0,45.0,-51.75,0.0,44.15,10.24
,NO_PATH,7.58140378e-19,0.0,29.99999999999999,-51.75,-2.987141537818687e-23,0.0,45.0,-51.75,0.0,44.15,10.26
,NO_PATH,-1.75968522e-19,0.0,29.99999999999999,-51.75,-2.987141537818687e-23,0.0,45.0,-51.75,0.0,44.15,10.280000000000001
,NO_PATH,1.08708883e-18,0.0,29.99999999999999,-51.75,-2.987141537818687e-23,0.0,45.0,-51.75,0.0,44.15,10.3
,NO_PATH,1.08708883e-18,0.0,29.99999999999999,-51.75,-2.987141537818687e-23,0.0,45.0,-51.75,0.0,44.15,10.32
,NO_PATH,6.53780468e-19,0.0,29.99999999999999,-51.75,-2.987141537818687e-23,0.0,45.0,-51.75,0.0,44.15,10.34
,NO_PATH,6.53780468e-19,0.0,29.99999999999999,-51.75,-2.987141537818687e-23,0.0,45.0,-51.75,0.0,44.15,10.360000000000001
,NO_PATH,8.80138226e-19,0.0,29.99999999999999,-51.75,-2.987141537818687e-23,0.0,45.0,-51.75,0.0,44.15,10.38
,NO_PATH,8.53819323e-20,0.0,29.99999999999999,-51.75,-2.987141537818687e-23,0.0,45.0,-51.75,0.0,44.15,10.4
,NO_PATH,7.95718538e-19,0.0,29.99999999999999,-51.75,-2.987141537818687e-23,0.0,45.0,-51.75,0.0,44.15,10.42
,NO_PATH,7.95718538e-19,0.0,29.99999999999999,-51.75,-2.987141537818687e-23,0.0,45.0,-51.75,0.0,44.15,10.440000000000001
,NO_PATH,4.29280251e-19,0.0,29.99999999999999,-51.75,-2.987141537818687e-23,0.0,45.0,-51.75,0.0,44.15,10.46
,NO_PATH,4.8039615e-19,0.0,29.99999999999999,-51.75,-2.987141537818687e-23,0.0,45.0,-51.75,0.0,44.15,10.48
,NO_PATH,4.8039615e-19,0.0,29.99999999999999,-51.75,-2.987141537818687e-23,0.0,45.0,-51.75,0.0,44.15,10.5
,NO_PATH,5.68700018e-19,0.0,29.99999999999999,-51.75,-2.987141537818687e-23,0.0,45.0,-51.75,0.0,44.15,10.520000000000001
,NO_PATH,5.68700018e-19,0.0,29.99999999999999,-51.75,-2.987141537818687e-23,0.0,45.0,-51.75,0.0,44.15,10.540000000000001
,NO_PATH,1.28483443e-19,0.0,29.99999999999999,-51.75,-2.987141537818687e-23,0.0,45.0,-51.75,0.0,44.15,10.561
,NO_PATH,9.44424344e-19,0.0,29.99999999999999,-51.75,-2.987141537818687e-23,0.0,45.0,-51.75,0.0,44.15,10.58
,NO_PATH,2.09129408e-19,0.0,29.99999999999999,-51.75,-2.987141537818687e-23,0.0,45.0,-51.75,0.0,44.15,10.600000000000001
,NO_PATH,6.2894019e-19,0.0,29.99999999999999,-51.75,-2.987141537818687e-23,0.0,45.0,-51.75,0.0,44.15,10.620000000000001
,NO_PATH,4.28607614e-20,0.0,29.99999999999999,-51.75,-2.987141537818687e-23,0.0,45.0,-51.75,0.0,44.15,10.64
,NO_PATH,4.2317562e-19,0.0,29.99999999999999,-51.75,-2.987141537818687e-23,0.0,45.0,-51.75,0.0,44.15,10.66
,NO_PATH,1.65188909e-19,0.0,29.99999999999999,-51.75,-2.987141537818687e-23,0.0,45.0,-51.75,0.0,44.15,10.680000000000001
,NO_PATH,1.40861769e-18,0.0,29.99999999999999,-51.75,-2.987141537818687e-23,0.0,45.0,-51.75,0.0,44.15,10.700000000000001
,NO_PATH,1.40861769e-18,0.0,29.99999999999999,-51.75,-2.987141537818687e-23,0.0,45.0,-51.75,0.0,44.15,10.72
,NO_PATH,4.44548907e-19,0.0,29.99999999999999,-51.75,-2.987141537818687e-23,0.0,45.0,-51.75,0.0,44.15,10.74
,NO_PATH,1.06717796e-18,0.0,29.99999999999999,-51.75,-2.987141537818687e-23,0.0,45.0,-51.75,0.0,44.15,10.76
,NO_PATH,1.06717796e-18,0.0,29.99999999999999,-51.75,-2.987141537818687e-23,0.0,45.0,-51.75,0.0,44.15,10.780000000000001
,NO_PATH,7.9382216e-19,0.0,29.99999999999999,-51.75,-2.987141537818687e-23,0.0,45.0,-51.75,0.0,44.15,10.8
,NO_PATH,5.23262274e-19,0.0,29.99999999999999,-51.75,-2.987141537818687e-23,0.0,45.0,-51.75,0.0,44.15,10.82
,NO_PATH,5.23262274e-19,0.0,29.99999999999999,-51.75,-2.987141537818687e-23,0.0,45.0,-51.75,0.0,44.15,10.84
,NO_PATH,3.87285003e-19,0.0,29.99999999999999,-51.75,-2.987141537818687e-23,0.0,45.0,-51.75,0.0,44.15,10.861
,NO_PATH,7.6729439e-19,0.0,29.99999999999999,-51.75,-2.987141537818687e-23,0.0,45.0,-51.75,0.0,44.15,10.88
,NO_PATH,5.28116442e-19,0.0,29.99999999999999,-51.75,-2.987141537818687e-23,0.0,45.0,-51.75,0.0,44.15,10.9
,NO_PATH,5.28116442e-19,0.0,29.99999999999999,-51.75,-2.987141537818687e-23,0.0,45.0,-51.75,0.0,44.15,10.92
,NO_PATH,9.94575091e-19,0.0,29.99999999999999,-51.75,-2.987141537818687e-23,0.0,45.0,-51.75,0.0,44.15,10.940000000000001
,NO_PATH,4.97271384e-19,0.0,29.99999999999999,-51.75,-2.987141537818687e-23,0.0,45.0,-51.75,0.0,44.15,10.96
,NO_PATH,-1.22202252e-19,0.0,29.99999999999999,-51.75,-2.987141537818687e-23,0.0,45.0,-51.75,0.0,44.15,10.98
,NO_PATH,2.14152599e-19,0.0,29.99999999999999,-51.75,-2.987141537818687e-23,0.0,45.0,-51.75,0.0,44.15,11.0
,NO_PATH,1.25409086e-18,0.0,29.99999999999999,-51.75,-2.987141537818687e-23,0.0,45.0,-51.75,0.0,44.15,11.020000000000001
,NO_PATH,5.33895936e-19,0.0,29.99999999999999,-51.75,-2.987141537818687e-23,0.0,45.0,-51.75,0.0,44.15,11.040000000000001
,NO_PATH,4.8184003e-19,0.0,29.99999999999999,-51.75,-2.987141537818687e-23,0.0,45.0,-51.75,0.0,44.15,11.06
,NO_PATH,4.8184003e-19,0.0,29.99999999999999,-51.75,-2.987141537818687e-23,0.0,45.0,-51.75,0.0,44.15,11.08
,NO_PATH,9.10648322e-19,0.0,29.99999999999999,-51.75,-2.987141537818687e-23,0.0,45.0,-51.75,0.0,44.15,11.101
,NO_PATH,8.22348885e-19,0.0,29.99999999999999,-51.75,-2.987141537818687e-23,0.0,45.0,-51.75,0.0,44.15,11.120000000000001
,NO_PATH,9.16136637e-19,0.0,29.99999999999999,-51.75,-2.987141537818687e-23,0.0,45.0,-51.75,0.0,44.15,11.14
,NO_PATH,8.407652e-19,0.0,29.99999999999999,-51.75,-2.987141537818687e-23,0.0,45.0,-51.75,0.0,44.15,11.16
,NO_PATH,8.407652e-19,0.0,29.99999999999999,-51.75,-2.987141537818687e-23,0.0,45.0,-51.75,0.0,44.15,11.180000000000001
,NO_PATH,1.73085752e-18,0.0,29.99999999999999,-51.75,-2.987141537818687e-23,0.0,45.0,-51.75,0.0,44.15,11.200000000000001
,NO_PATH,7.30987788e-19,0.0,29.99999999999999,-51.75,-2.987141537818687e-23,0.0,45.0,-51.75,0.0,44.15,11.22
,NO_PATH,7.30987788e-19,0.0,29.99999999999999,-51.75,-2.987141537818687e-23,0.0,45.0,-51.75,0.0,44.15,11.24
,NO_PATH,-3.23525269e-19,0.0,29.99999999999999,-51.75,-2.987141537818687e-23,0.0,45.0,-51.75,0.0,44.15,11.260000000000002
,NO_PATH,6.12623021e-19,0.0,29.99999999999999,-51.75,-2.987141537818687e-23,0.0,45.0,-51.75,0.0,44.15,11.280000000000001
,NO_PATH,1.84411505e-19,0.0,29.99999999999999,-51.75,-2.987141537818687e-23,0.0,45.0,-51.75,0.0,44.15,11.3
,NO_PATH,7.75743407e-19,0.0,29.99999999999999,-51.75,-2.987141537818687e-23,0.0,45.0,-51.75,0.0,44.15,11.32
,NO_PATH,7.75743407e-19,0.0,29.99999999999999,-51.75,-2.987141537818687e-23,0.0,45.0,-51.75,0.0,44.15,11.34
,NO_PATH,7.64634608e-19,0.0,29.99999999999999,-51.75,-2.987141537818687e-23,0.0,45.0,-51.75,0.0,44.15,11.360000000000001
,NO_PATH,4.49597917e-19,0.0,29.99999999999999,-51.75,-2.987141537818687e-23,0.0,45.0,-51.75,0.0,44.15,11.38
,NO_PATH,9.36192299e-20,0.0,29.99999999999999,-51.75,-2.987141537818687e-23,0.0,45.0,-51.75,0.0,44.15,11.401000000000002
,NO_PATH,4.65376332e-19,0.0,29.99999999999999,-51.75,-2.987141537818687e-23,0.0,45.0,-51.75,0.0,44.15,11.42
,NO_PATH,9.22879681e-19,0.0,29.99999999999999,-51.75,-2.987141537818687e-23,0.0,45.0,-51.75,0.0,44.15,11.441
,NO_PATH,2.45283303e-19,0.0,29.99999999999999,-51.75,-2.987141537818687e-23,0.0,45.0,-51.75,0.0,44.15,11.46
,NO_PATH,5.13448907e-19,0.0,29.99999999999999,-51.75,-2.987141537818687e-23,0.0,45.0,-51.75,0.0,44.15,11.48
,NO_PATH,5.13448907e-19,0.0,29.99999999999999,-51.75,-2.987141537818687e-23,0.0,45.0,-51.75,0.0,44.15,11.5
,NO_PATH,3.94555629e-19,0.0,29.99999999999999,-51.75,-2.987141537818687e-23,0.0,45.0,-51.75,0.0,44.15,11.520000000000001
,NO_PATH,7.76189771e-19,0.0,29.99999999999999,-51.75,-2.987141537818687e-23,0.0,45.0,-51.75,0.0,44.15,11.540000000000001
,NO_PATH,6.12040686e-19,0.0,29.99999999999999,-51.75,-2.987141537818687e-23,0.0,45.0,-51.75,0.0,44.15,11.56
,NO_PATH,1.03934996e-18,0.0,29.99999999999999,-51.75,-2.987141537818687e-23,0.0,45.0,-51.75,0.0,44.15,11.58
,NO_PATH,2.78210023e-19,0.0,29.99999999999999,-51.75,-2.987141537818687e-23,0.0,45.0,-51.75,0.0,44.15,11.601
,NO_PATH,-6.44324139e-20,0.0,29.99999999999999,-51.75,-2.987141537818687e-23,0.0,45.0,-51.75,0.0,44.15,11.620000000000001
,NO_PATH,7.25490135e-19,0.0,29.99999999999999,-51.75,-2.987141537818687e-23,0.0,45.0,-51.75,0.0,44.15,11.64
,NO_PATH,1.80300886e-19,0.0,29.99999999999999,-51.75,-2.987141537818687e-23,0.0,45.0,-51.75,0.0,44.15,11.66
,NO_PATH,1.80300886e-19,0.0,29.99999999999999,-51.75,-2.987141537818687e-23,0.0,45.0,-51.75,0.0,44.15,11.680000000000001
,NO_PATH,1.2607027e-18,0.0,29.99999999999999,-51.75,-2.987141537818687e-23,0.0,45.0,-51.75,0.0,44.15,11.700000000000001
,NO_PATH,1.01682381e-18,0.0,29.99999999999999,-51.75,-2.987141537818687e-23,0.0,45.0,-51.75,0.0,44.15,11.721
,NO_PATH,1.01682381e-18,0.0,29.99999999999999,-51.75,-2.987141537818687e-23,0.0,45.0,-51.75,0.0,44.15,11.74
,NO_PATH,5.38877986e-19,0.0,29.99999999999999,-51.75,-2.987141537818687e-23,0.0,45.0,-51.75,0.0,44.15,11.760000000000002
,NO_PATH,3.96466705e-19,0.0,29.99999999999999,-51.75,-2.987141537818687e-23,0.0,45.0,-51.75,0.0,44.15,11.780000000000001
,NO_PATH,1.05020327e-18,0.0,29.99999999999999,-51.75,-2.987141537818687e-23,0.0,45.0,-51.75,0.0,44.15,11.801
,NO_PATH,1.05020327e-18,0.0,29.99999999999999,-51.75,-2.987141537818687e-23,0.0,45.0,-51.75,0.0,44.15,11.82
,NO_PATH,1.11186714e-18,0.0,29.99999999999999,-51.75,-2.987141537818687e-23,0.0,45.0,-51.75,0.0,44.15,11.84
,NO_PATH,1.11186714e-18,0.0,29.99999999999999,-51.75,-2.987141537818687e-23,0.0,45.0,-51.75,0.0,44.15,11.860000000000001
,NO_PATH,5.03336961e-19,0.0,29.99999999999999,-51.75,-2.987141537818687e-23,0.0,45.0,-51.75,0.0,44.15,11.881
,NO_PATH,5.03336961e-19,0.0,29.99999999999999,-51.75,-2.987141537818687e-23,0.0,45.0,-51.75,0.0,44.15,11.9
,NO_PATH,7.77732004e-19,0.0,29.99999999999999,-51.75,-2.987141537818687e-23,0.0,45.0,-51.75,0.0,44.15,11.92
,NO_PATH,8.89503079e-19,0.0,29.99999999999999,-51.75,-2.987141537818687e-23,0.0,45.0,-51.75,0.0,44.15,11.940000000000001
,NO_PATH,1.13968648e-18,0.0,29.99999999999999,-51.75,-2.987141537818687e-23,0.0,45.0,-51.75,0.0,44.15,11.96
,NO_PATH,1.69124373e-19,0.0,29.99999999999999,-51.75,-2.987141537818687e-23,0.0,45.0,-51.75,0.0,44.15,11.98
,NO_PATH,1.69124373e-19,0.0,29.99999999999999,-51.75,-2.987141537818687e-23,0.0,45.0,-51.75,0.0,44.15,12.0
,NO_PATH,7.68654009e-19,0.0,29.99999999999999,-51.75,-2.987141537818687e-23,0.0,45.0,-51.75,0.0,44.15,12.020000000000001
,NO_PATH,7.68654009e-19,0.0,29.99999999999999,-51.75,-2.987141537818687e-23,0.0,45.0,-51.75,0.0,44.15,12.040000000000001
,NO_PATH,3.4651676e-19,0.0,29.99999999999999,-51.75,-2.987141537818687e-23,0.0,45.0,-51.75,0.0,44.15,12.06
,NO_PATH,3.4651676e-19,0.0,29.99999999999999,-51.75,-2.987141537818687e-23,0.0,45.0,-51.75,0.0,44.15,12.08
,NO_PATH,5.03350945e-19,0.0,29.99999999999999,-51.75,-2.987141537818687e-23,0.0,45.0,-51.75,0.0,44.15,12.100000000000001
,NO_PATH,5.03350945e-19,0.0,29.99999999999999,-51.75,-2.987141537818687e-23,0.0,45.0,-51.75,0.0,44.15,12.120000000000001
,NO_PATH,4.14295856e-19,0.0,29.99999999999999,-51.75,-2.987141537818687e-23,0.0,45.0,-51.75,0.0,44.15,12.14
,NO_PATH,1.49383268e-18,0.0,29.99999999999999,-51.75,-2.987141537818687e-23,0.0,45.0,-51.75,0.0,44.15,12.16
,NO_PATH,1.49383268e-18,0.0,29.99999999999999,-51.75,-2.987141537818687e-23,0.0,45.0,-51.75,0.0,44.15,12.180000000000001
,NO_PATH,5.25410198e-19,0.0,29.99999999999999,-51.75,-2.987141537818687e-23,0.0,45.0,-51.75,0.0,44.15,12.200000000000001
,NO_PATH,9.4670155e-19,0.0,29.99999999999999,-51.75,-2.987141537818687e-23,0.0,45.0,-51.75,0.0,44.15,12.22
,NO_PATH,9.4670155e-19,0.0,29.99999999999999,-51.75,-2.987141537818687e-23,0.0,45.0,-51.75,0.0,44.15,12.24
,NO_PATH,2.53137229e-19,0.0,29.99999999999999,-51.75,-2.987141537818687e-23,0.0,45.0,-51.75,0.0,44.15,12.260000000000002
,NO_PATH,-2.58179977e-19,0.0,29.99999999999999,-51.75,-2.987141537818687e-23,0.0,45.0,-51.75,0.0,44.15,12.280000000000001
,NO_PATH,2.97890579e-19,0.0,29.99999999999999,-51.75,-2.987141537818687e-23,0.0,45.0,-51.75,0.0,44.15,12.3
,NO_PATH,1.14852412e-19,0.0,29.99999999999999,-51.75,-2.987141537818687e-23,0.0,45.0,-51.75,0.0,44.15,12.32
,NO_PATH,5.82206447e-19,0.0,29.99999999999999,-51.75,-2.987141537818687e-23,0.0,45.0,-51.75,0.0,44.15,12.341000000000001
,NO_PATH,6.79827627e-19,0.0,29.99999999999999,-51.75,-2.987141537818687e-23,0.0,45.0,-51.75,0.0,44.15,12.360000000000001
,NO_PATH,6.79827627e-19,0.0,29.99999999999999,-51.75,-2.987141537818687e-23,0.0,45.0,-51.75,0.0,44.15,12.38
,NO_PATH,3.43115616e-19,0.0,29.99999999999999,-51.75,-2.987141537818687e-23,0.0,45.0,-51.75,0.0,44.15,12.4
,NO_PATH,3.43115616e-19,0.0,29.99999999999999,-51.75,-2.987141537818687e-23,0.0,45.0,-51.75,0.0,44.15,12.42
,NO_PATH,-3.57597708e-19,0.0,29.99999999999999,-51.75,-2.987141537818687e-23,0.0,45.0,-51.75,0.0,44.15,12.440000000000001
,NO_PATH,-3.57597708e-19,0.0,29.99999999999999,-51.75,-2.987141537818687e-23,0.0,45.0,-51.75,0.0,44.15,12.46
,NO_PATH,1.74924174e-19,0.0,29.99999999999999,-51.75,-2.987141537818687e-23,0.0,45.0,-51.75,0.0,44.15,12.48
,NO_PATH,2.43249425e-19,0.0,29.99999999999999,-51.75,-2.987141537818687e-23,0.0,45.0,-51.75,0.0,44.15,12.5
,NO_PATH,2.96542466e-19,0.0,29.99999999999999,-51.75,-2.987141537818687e-23,0.0,45.0,-51.75,0.0,44.15,12.520000000000001
,NO_PATH,1.90744054e-19,0.0,29.99999999999999,-51.75,-2.987141537818687e-23,0.0,45.0,-51.75,0.0,44.15,12.540000000000001
,NO_PATH,1.90744054e-19,0.0,29.99999999999999,-51.75,-2.987141537818687e-23,0.0,45.0,-51.75,0.0,44.15,12.56
,NO_PATH,8.34674667e-19,0.0,29.99999999999999,-51.75,-2.987141537818687e-23,0.0,45.0,-51.75,0.0,44.15,12.58
,NO_PATH,1.02261451e-18,0.0,29.99999999999999,-51.75,-2.987141537818687e-23,0.0,45.0,-51.75,0.0,44.15,12.600000000000001
,NO_PATH,2.2157795e-19,0.0,29.99999999999999,-51.75,-2.987141537818687e-23,0.0,45.0,-51.75,0.0,44.15,12.620000000000001
,NO_PATH,1.39824179e-20,0.0,29.99999999999999,-51.75,-2.987141537818687e-23,0.0,45.0,-51.75,0.0,44.15,12.64
,NO_PATH,1.39824179e-20,0.0,29.99999999999999,-51.75,-2.987141537818687e-23,0.0,45.0,-51.75,0.0,44.15,12.66
,NO_PATH,1.0155429e-18,0.0,29.99999999999999,-51.75,-2.987141537818687e-23,0.0,45.0,-51.75,0.0,44.15,12.680000000000001
,NO_PATH,2.10326879e-19,0.0,29.99999999999999,-51.75,-2.987141537818687e-23,0.0,45.0,-51.75,0.0,44.15,12.700000000000001
,NO_PATH,2.10326879e-19,0.0,29.99999999999999,-51.75,-2.987141537818687e-23,0.0,45.0,-51.75,0.0,44.15,12.72
,NO_PATH,3.63126701e-19,0.0,29.99999999999999,-51.75,-2.987141537818687e-23,0.0,45.0,-51.75,0.0,44.15,12.74
,NO_PATH,3.63126701e-19,0.0,29.99999999999999,-51.75,-2.987141537818687e-23,0.0,45.0,-51.75,0.0,44.15,12.760000000000002
,NO_PATH,2.73611898e-19,0.0,29.99999999999999,-51.75,-2.987141537818687e-23,0.0,45.0,-51.75,0.0,44.15,12.780000000000001
,NO_PATH,2.73611898e-19,0.0,29.99999999999999,-51.75,-2.987141537818687e-23,0.0,45.0,-51.75,0.0,44.15,12.801
,NO_PATH,4.09177366e-19,0.0,29.99999999999999,-51.75,-2.987141537818687e-23,0.0,45.0,-51.75,0.0,44.15,12.821000000000002
,NO_PATH,3.03662579e-19,0.0,29.99999999999999,-51.75,-2.987141537818687e-23,0.0,45.0,-51.75,0.0,44.15,12.840000000000002
,NO_PATH,3.03662579e-19,0.0,29.99999999999999,-51.75,-2.987141537818687e-23,0.0,45.0,-51.75,0.0,44.15,12.860000000000001
,NO_PATH,6.67587209e-19,0.0,29.99999999999999,-51.75,-2.987141537818687e-23,0.0,45.0,-51.75,0.0,44.15,12.88
,NO_PATH,6.67587209e-19,0.0,29.99999999999999,-51.75,-2.987141537818687e-23,0.0,45.0,-51.75,0.0,44.15,12.9
,NO_PATH,4.80458286e-19,0.0,29.99999999999999,-51.75,-2.987141537818687e-23,0.0,45.0,-51.75,0.0,44.15,12.92
,NO_PATH,-3.58306717e-19,0.0,29.99999999999999,-51.75,-2.987141537818687e-23,0.0,45.0,-51.75,0.0,44.15,12.940000000000001
,NO_PATH,5.25597842e-19,0.0,29.99999999999999,-51.75,-2.987141537818687e-23,0.0,45.0,-51.75,0.0,44.15,12.96
,NO_PATH,5.25597842e-19,0.0,29.99999999999999,-51.75,-2.987141537818687e-23,0.0,45.0,-51.75,0.0,44.15,12.98
,NO_PATH,9.09122328e-19,0.0,29.99999999999999,-51.75,-2.987141537818687e-23,0.0,45.0,-51.75,0.0,44.15,13.0
,NO_PATH,8.85941045e-19,0.0,29.99999999999999,-51.75,-2.987141537818687e-23,0.0,45.0,-51.75,0.0,44.15,13.020000000000001
,NO_PATH,5.24617575e-19,0.0,29.99999999999999,-51.75,-2.987141537818687e-23,0.0,45.0,-51.75,0.0,44.15,13.040000000000001
,NO_PATH,-1.95347118e-19,0.0,29.99999999999999,-51.75,-2.987141537818687e-23,0.0,45.0,-51.75,0.0,44.15,13.06
,NO_PATH,-1.95347118e-19,0.0,29.99999999999999,-51.75,-2.987141537818687e-23,0.0,45.0,-51.75,0.0,44.15,13.08
,NO_PATH,4.90911204e-19,0.0,29.99999999999999,-51.75,-2.987141537818687e-23,0.0,45.0,-51.75,0.0,44.15,13.100000000000001
,NO_PATH,1.71099333e-19,0.0,29.99999999999999,-51.75,-2.987141537818687e-23,0.0,45.0,-51.75,0.0,44.15,13.120000000000001
,NO_PATH,9.72956109e-19,0.0,29.99999999999999,-51.75,-2.987141537818687e-23,0.0,45.0,-51.75,0.0,44.15,13.14
,NO_PATH,9.58482337e-19,0.0,29.99999999999999,-51.75,-2.987141537818687e-23,0.0,45.0,-51.75,0.0,44.15,13.16
,NO_PATH,4.97282103e-19,0.0,29.99999999999999,-51.75,-2.987141537818687e-23,0.0,45.0,-51.75,0.0,44.15,13.180000000000001
,NO_PATH,4.97282103e-19,0.0,29.99999999999999,-51.75,-2.987141537818687e-23,0.0,45.0,-51.75,0.0,44.15,13.200000000000001
,NO_PATH,3.70013942e-19,0.0,29.99999999999999,-51.75,-2.987141537818687e-23,0.0,45.0,-51.75,0.0,44.15,13.22
,NO_PATH,-2.75812443e-19,0.0,29.99999999999999,-51.75,-2.987141537818687e-23,0.0,45.0,-51.75,0.0,44.15,13.24
,NO_PATH,-2.75812443e-19,0.0,29.99999999999999,-51.75,-2.987141537818687e-23,0.0,45.0,-51.75,0.0,44.15,13.260000000000002
,NO_PATH,3.32000671e-19,0.0,29.99999999999999,-51.75,-2.987141537818687e-23,0.0,45.0,-51.75,0.0,44.15,13.280000000000001
,NO_PATH,1.81025455e-19,0.0,29.99999999999999,-51.75,-2.987141537818687e-23,0.0,45.0,-51.75,0.0,44.15,13.3
,NO_PATH,5.21427146e-19,0.0,29.99999999999999,-51.75,-2.987141537818687e-23,0.0,45.0,-51.75,0.0,44.15,13.32
,NO_PATH,5.06652422e-19,0.0,29.99999999999999,-51.75,-2.987141537818687e-23,0.0,45.0,-51.75,0.0,44.15,13.340000000000002
,NO_PATH,6.7945357e-19,0.0,29.99999999999999,-51.75,-2.987141537818687e-23,0.0,45.0,-51.75,0.0,44.15,13.360000000000001
,NO_PATH,6.56359526e-19,0.0,29.99999999999999,-51.75,-2.987141537818687e-23,0.0,45.0,-51.75,0.0,44.15,13.381
,NO_PATH,6.56359526e-19,0.0,29.99999999999999,-51.75,-2.987141537818687e-23,0.0,45.0,-51.75,0.0,44.15,13.4
,NO_PATH,1.19620571e-18,0.0,29.99999999999999,-51.75,-2.987141537818687e-23,0.0,45.0,-51.75,0.0,44.15,13.420000000000002
,NO_PATH,1.19620571e-18,0.0,29.99999999999999,-51.75,-2.987141537818687e-23,0.0,45.0,-51.75,0.0,44.15,13.440000000000001
,NO_PATH,5.08938858e-20,0.0,29.99999999999999,-51.75,-2.987141537818687e-23,0.0,45.0,-51.75,0.0,44.15,13.46
,NO_PATH,6.09727663e-19,0.0,29.99999999999999,-51.75,-2.987141537818687e-23,0.0,45.0,-51.75,0.0,44.15,13.48
,NO_PATH,3.79685888e-19,0.0,29.99999999999999,-51.75,-2.987141537818687e-23,0.0,45.0,-51.75,0.0,44.15,13.5
,NO_PATH,3.79685888e-19,0.0,29.99999999999999,-51.75,-2.987141537818687e-23,0.0,45.0,-51.75,0.0,44.15,13.520000000000001
,NO_PATH,4.81147736e-19,0.0,29.99999999999999,-51.75,-2.987141537818687e-23,0.0,45.0,-51.75,0.0,44.15,13.540000000000001
,NO_PATH,4.81147736e-19,0.0,29.99999999999999,-51.75,-2.987141537818687e-23,0.0,45.0,-51.75,0.0,44.15,13.56
,NO_PATH,4.76258509e-19,0.0,29.99999999999999,-51.75,-2.987141537818687e-23,0.0,45.0,-51.75,0.0,44.15,13.58
,NO_PATH,4.76258509e-19,0.0,29.99999999999999,-51.75,-2.987141537818687e-23,0.0,45.0,-51.75,0.0,44.15,13.600000000000001
,NO_PATH,4.75790521e-19,0.0,29.99999999999999,-51.75,-2.987141537818687e-23,0.0,45.0,-51.75,0.0,44.15,13.620000000000001
,NO_PATH,5.24355862e-19,0.0,29.99999999999999,-51.75,-2.987141537818687e-23,0.0,45.0,-51.75,0.0,44.15,13.64
,NO_PATH,5.85348772e-19,0.0,29.99999999999999,-51.75,-2.987141537818687e-23,0.0,45.0,-51.75,0.0,44.15,13.66
,NO_PATH,7.2296527e-19,0.0,29.99999999999999,-51.75,-2.987141537818687e-23,0.0,45.0,-51.75,0.0,44.15,13.680000000000001
,NO_PATH,1.48577191e-19,0.0,29.99999999999999,-51.75,-2.987141537818687e-23,0.0,45.0,-51.75,0.0,44.15,13.700000000000001
,NO_PATH,7.96424522e-20,0.0,29.99999999999999,-51.75,-2.987141537818687e-23,0.0,45.0,-51.75,0.0,44.15,13.72
,NO_PATH,7.96424522e-20,0.0,29.99999999999999,-51.75,-2.987141537818687e-23,0.0,45.0,-51.75,0.0,44.15,13.74
,NO_PATH,3.66524847e-19,0.0,29.99999999999999,-51.75,-2.987141537818687e-23,0.0,45.0,-51.75,0.0,44.15,13.761000000000001
,NO_PATH,6.63811412e-19,0.0,29.99999999999999,-51.75,-2.987141537818687e-23,0.0,45.0,-51.75,0.0,44.15,13.780000000000001
,NO_PATH,6.63811412e-19,0.0,29.99999999999999,-51.75,-2.987141537818687e-23,0.0,45.0,-51.75,0.0,44.15,13.8
,NO_PATH,1.21401531e-18,0.0,29.99999999999999,-51.75,-2.987141537818687e-23,0.0,45.0,-51.75,0.0,44.15,13.82
,NO_PATH,4.8555001e-19,0.0,29.99999999999999,-51.75,-2.987141537818687e-23,0.0,45.0,-51.75,0.0,44.15,13.840000000000002
,NO_PATH,4.69283627e-19,0.0,29.99999999999999,-51.75,-2.987141537818687e-23,0.0,45.0,-51.75,0.0,44.15,13.861
,NO_PATH,4.69283627e-19,0.0,29.99999999999999,-51.75,-2.987141537818687e-23,0.0,45.0,-51.75,0.0,44.15,13.88
,NO_PATH,8.23959589e-19,0.0,29.99999999999999,-51.75,-2.987141537818687e-23,0.0,45.0,-51.75,0.0,44.15,13.9
,NO_PATH,5.41299856e-19,0.0,29.99999999999999,-51.75,-2.987141537818687e-23,0.0,45.0,-51.75,0.0,44.15,13.920000000000002
,NO_PATH,7.72739278e-19,0.0,29.99999999999999,-51.75,-2.987141537818687e-23,0.0,45.0,-51.75,0.0,44.15,13.940000000000001
,NO_PATH,7.72739278e-19,0.0,29.99999999999999,-51.75,-2.987141537818687e-23,0.0,45.0,-51.75,0.0,44.15,13.96
,NO_PATH,8.54360597e-19,0.0,29.99999999999999,-51.75,-2.987141537818687e-23,0.0,45.0,-51.75,0.0,44.15,13.98
,NO_PATH,9.52387105e-19,0.0,29.99999999999999,-51.75,-2.987141537818687e-23,0.0,45.0,-51.75,0.0,44.15,14.0
,NO_PATH,1.75810187e-19,0.0,29.99999999999999,-51.75,-2.987141537818687e-23,0.0,45.0,-51.75,0.0,44.15,14.020000000000001
,NO_PATH,5.48835641e-19,0.0,29.99999999999999,-51.75,-2.987141537818687e-23,0.0,45.0,-51.75,0.0,44.15,14.040000000000001
,NO_PATH,1.02456809e-18,0.0,29.99999999999999,-51.75,-2.987141537818687e-23,0.0,45.0,-51.75,0.0,44.15,14.06
,NO_PATH,4.67405926e-19,0.0,29.99999999999999,-51.75,-2.987141537818687e-23,0.0,45.0,-51.75,0.0,44.15,14.08
,NO_PATH,7.23733175e-19,0.0,29.99999999999999,-51.75,-2.987141537818687e-23,0.0,45.0,-51.75,0.0,44.15,14.100000000000001
,NO_PATH,4.31766421e-19,0.0,29.99999999999999,-51.75,-2.987141537818687e-23,0.0,45.0,-51.75,0.0,44.15,14.121
,NO_PATH,4.31766421e-19,0.0,29.99999999999999,-51.75,-2.987141537818687e-23,0.0,45.0,-51.75,0.0,44.15,14.14
,NO_PATH,1.04830064e-18,0.0,29.99999999999999,-51.75,-2.987141537818687e-23,0.0,45.0,-51.75,0.0,44.15,14.16
,NO_PATH,3.22507929e-19,0.0,29.99999999999999,-51.75,-2.987141537818687e-23,0.0,45.0,-51.75,0.0,44.15,14.180000000000001
,NO_PATH,4.07389867e-19,0.0,29.99999999999999,-51.75,-2.987141537818687e-23,0.0,45.0,-51.75,0.0,44.15,14.200000000000001
,NO_PATH,4.07389867e-19,0.0,29.99999999999999,-51.75,-2.987141537818687e-23,0.0,45.0,-51.75,0.0,44.15,14.221
,NO_PATH,4.18525834e-19,0.0,29.99999999999999,-51.75,-2.987141537818687e-23,0.0,45.0,-51.75,0.0,44.15,14.24
,NO_PATH,4.30339491e-19,0.0,29.99999999999999,-51.75,-2.987141537818687e-23,0.0,45.0,-51.75,0.0,44.15,14.261000000000001
,NO_PATH,8.94202298e-22,0.0,29.99999999999999,-51.75,-2.987141537818687e-23,0.0,45.0,-51.75,0.0,44.15,14.280000000000001
,NO_PATH,8.94202298e-22,0.0,29.99999999999999,-51.75,-2.987141537818687e-23,0.0,45.0,-51.75,0.0,44.15,14.301
,NO_PATH,3.22591473e-19,0.0,29.99999999999999,-51.75,-2.987141537818687e-23,0.0,45.0,-51.75,0.0,44.15,14.32
,NO_PATH,7.83338927e-19,0.0,29.99999999999999,-51.75,-2.987141537818687e-23,0.0,45.0,-51.75,0.0,44.15,14.340000000000002
,NO_PATH,7.83338927e-19,0.0,29.99999999999999,-51.75,-2.987141537818687e-23,0.0,45.0,-51.75,0.0,44.15,14.360000000000001
,NO_PATH,3.4803704e-19,0.0,29.99999999999999,-51.75,-2.987141537818687e-23,0.0,45.0,-51.75,0.0,44.15,14.38
,NO_PATH,3.4803704e-19,0.0,29.99999999999999,-51.75,-2.987141537818687e-23,0.0,45.0,-51.75,0.0,44.15,14.4
,NO_PATH,1.07322146e-18,0.0,29.99999999999999,-51.75,-2.987141537818687e-23,0.0,45.0,-51.75,0.0,44.15,14.420000000000002
,NO_PATH,9.7747668e-19,0.0,29.99999999999999,-51.75,-2.987141537818687e-23,0.0,45.0,-51.75,0.0,44.15,14.440000000000001
,NO_PATH,6.36976886e-19,0.0,29.99999999999999,-51.75,-2.987141537818687e-23,0.0,45.0,-51.75,0.0,44.15,14.46
,NO_PATH,6.36976886e-19,0.0,29.99999999999999,-51.75,-2.987141537818687e-23,0.0,45.0,-51.75,0.0,44.15,14.48
,NO_PATH,9.66999403e-19,0.0,29.99999999999999,-51.75,-2.987141537818687e-23,0.0,45.0,-51.75,0.0,44.15,14.501000000000001
,NO_PATH,3.1355462e-19,0.0,29.99999999999999,-51.75,-2.987141537818687e-23,0.0,45.0,-51.75,0.0,44.15,14.521
,NO_PATH,3.57730889e-19,0.0,29.99999999999999,-51.75,-2.987141537818687e-23,0.0,45.0,-51.75,0.0,44.15,14.540000000000001
,NO_PATH,3.57730889e-19,0.0,29.99999999999999,-51.75,-2.987141537818687e-23,0.0,45.0,-51.75,0.0,44.15,14.56
,NO_PATH,3.5446187e-19,0.0,29.99999999999999,-51.75,-2.987141537818687e-23,0.0,45.0,-51.75,0.0,44.15,14.58
,NO_PATH,1.7311835e-19,0.0,29.99999999999999,-51.75,-2.987141537818687e-23,0.0,45.0,-51.75,0.0,44.15,14.600000000000001
,NO_PATH,3.77609149e-19,0.0,29.99999999999999,-51.75,-2.987141537818687e-23,0.0,45.0,-51.75,0.0,44.15,14.620000000000001
,NO_PATH,3.77609149e-19,0.0,29.99999999999999,-51.75,-2.987141537818687e-23,0.0,45.0,-51.75,0.0,44.15,14.64
,NO_PATH,-1.7046238e-19,0.0,29.99999999999999,-51.75,-2.987141537818687e-23,0.0,45.0,-51.75,0.0,44.15,14.66
,NO_PATH,-1.7046238e-19,0.0,29.99999999999999,-51.75,-2.987141537818687e-23,0.0,45.0,-51.75,0.0,44.15,14.680000000000001
,NO_PATH,7.26533937e-19,0.0,29.99999999999999,-51.75,-2.987141537818687e-23,0.0,45.0,-51.75,0.0,44.15,14.701
,NO_PATH,5.3318344e-19,0.0,29.99999999999999,-51.75,-2.987141537818687e-23,0.0,45.0,-51.75,0.0,44.15,14.72
,NO_PATH,5.3318344e-19,0.0,29.99999999999999,-51.75,-2.987141537818687e-23,0.0,45.0,-51.75,0.0,44.15,14.74
,NO_PATH,4.1114837e-19,0.0,29.99999999999999,-51.75,-2.987141537818687e-23,0.0,45.0,-51.75,0.0,44.15,14.760000000000002
,NO_PATH,-2.58368924e-19,0.0,29.99999999999999,-51.75,-2.987141537818687e-23,0.0,45.0,-51.75,0.0,44.15,14.780000000000001
,NO_PATH,1.13097313e-18,0.0,29.99999999999999,-51.75,-2.987141537818687e-23,0.0,45.0,-51.75,0.0,44.15,14.8
,NO_PATH,8.22978719e-19,0.0,29.99999999999999,-51.75,-2.987141537818687e-23,0.0,45.0,-51.75,0.0,44.15,14.82
,NO_PATH,4.82197306e-19,0.0,29.99999999999999,-51.75,-2.987141537818687e-23,0.0,45.0,-51.75,0.0,44.15,14.841000000000001
,NO_PATH,4.82197306e-19,0.0,29.99999999999999,-51.75,-2.987141537818687e-23,0.0,45.0,-51.75,0.0,44.15,14.860000000000001
,NO_PATH,1.2158963e-18,0.0,29.99999999999999,-51.75,-2.987141537818687e-23,0.0,45.0,-51.75,0.0,44.15,14.88
,NO_PATH,7.79421882e-20,0.0,29.99999999999999,-51.75,-2.987141537818687e-23,0.0,45.0,-51.75,0.0,44.15,14.9
,NO_PATH,7.79421882e-20,0.0,29.99999999999999,-51.75,-2.987141537818687e-23,0.0,45.0,-51.75,0.0,44.15,14.920000000000002
,NO_PATH,1.06070081e-18,0.0,29.99999999999999,-51.75,-2.987141537818687e-23,0.0,45.0,-51.75,0.0,44.15,14.940000000000001
,NO_PATH,1.25980416e-18,0.0,29.99999999999999,-51.75,-2.987141537818687e-23,0.0,45.0,-51.75,0.0,44.15,14.96
,NO_PATH,4.4198917e-20,0.0,29.99999999999999,-51.75,-2.987141537818687e-23,0.0,45.0,-51.75,0.0,44.15,14.98
,NO_PATH,4.28853856e-19,0.0,29.99999999999999,-51.75,-2.987141537818687e-23,0.0,45.0,-51.75,0.0,44.15,15.001000000000001
,NO_PATH,2.01743303e-19,0.0,29.99999999999999,-51.75,-2.987141537818687e-23,0.0,45.0,-51.75,0.0,44.15,15.020000000000001
,NO_PATH,2.01743303e-19,0.0,29.99999999999999,-51.75,-2.987141537818687e-23,0.0,45.0,-51.75,0.0,44.15,15.040000000000001
,NO_PATH,6.70131479e-19,0.0,29.99999999999999,-51.75,-2.987141537818687e-23,0.0,45.0,-51.75,0.0,44.15,15.06
,NO_PATH,1.97932752e-19,0.0,29.99999999999999,-51.75,-2.987141537818687e-23,0.0,45.0,-51.75,0.0,44.15,15.08
,NO_PATH,4.49079828e-19,0.0,29.99999999999999,-51.75,-2.987141537818687e-23,0.0,45.0,-51.75,0.0,44.15,15.100000000000001
,NO_PATH,4.49079828e-19,0.0,29.99999999999999,-51.75,-2.987141537818687e-23,0.0,45.0,-51.75,0.0,44.15,15.120000000000001
,NO_PATH,1.16855906e-19,0.0,29.99999999999999,-51.75,-2.987141537818687e-23,0.0,45.0,-51.75,0.0,44.15,15.14
,NO_PATH,5.46735312e-19,0.0,29.99999999999999,-51.75,-2.987141537818687e-23,0.0,45.0,-51.75,0.0,44.15,15.16
,NO_PATH,4.72553956e-19,0.0,29.99999999999999,-51.75,-2.987141537818687e-23,0.0,45.0,-51.75,0.0,44.15,15.180000000000001
,NO_PATH,4.72553956e-19,0.0,29.99999999999999,-51.75,-2.987141537818687e-23,0.0,45.0,-51.75,0.0,44.15,15.200000000000001
,NO_PATH,3.13363222e-19,0.0,29.99999999999999,-51.75,-2.987141537818687e-23,0.0,45.0,-51.75,0.0,44.15,15.22
,NO_PATH,3.13363222e-19,0.0,29.99999999999999,-51.75,-2.987141537818687e-23,0.0,45.0,-51.75,0.0,44.15,15.24
,NO_PATH,-2.83091865e-19,0.0,29.99999999999999,-51.75,-2.987141537818687e-23,0.0,45.0,-51.75,0.0,44.15,15.260000000000002
,NO_PATH,3.00625261e-19,0.0,29.99999999999999,-51.75,-2.987141537818687e-23,0.0,45.0,-51.75,0.0,44.15,15.280000000000001
,NO_PATH,1.21491604e-18,0.0,29.99999999999999,-51.75,-2.987141537818687e-23,0.0,45.0,-51.75,0.0,44.15,15.3
,NO_PATH,-1.14090581e-19,0.0,29.99999999999999,-51.75,-2.987141537818687e-23,0.0,45.0,-51.75,0.0,44.15,15.32
,NO_PATH,3.75903567e-19,0.0,29.99999999999999,-51.75,-2.987141537818687e-23,0.0,45.0,-51.75,0.0,44.15,15.340000000000002
,NO_PATH,1.06011042e-19,0.0,29.99999999999999,-51.75,-2.987141537818687e-23,0.0,45.0,-51.75,0.0,44.15,15.360000000000001
,NO_PATH,1.13434056e-18,0.0,29.99999999999999,-51.75,-2.987141537818687e-23,0.0,45.0,-51.75,0.0,44.15,15.38
,NO_PATH,1.13434056e-18,0.0,29.99999999999999,-51.75,-2.987141537818687e-23,0.0,45.0,-51.75,0.0,44.15,15.4
,NO_PATH,-1.33777706e-19,0.0,29.99999999999999,-51.75,-2.987141537818687e-23,0.0,45.0,-51.75,0.0,44.15,15.420000000000002
,NO_PATH,9.03818918e-19,0.0,29.99999999999999,-51.75,-2.987141537818687e-23,0.0,45.0,-51.75,0.0,44.15,15.440000000000001
,NO_PATH,6.53476024e-19,0.0,29.99999999999999,-51.75,-2.987141537818687e-23,0.0,45.0,-51.75,0.0,44.15,15.46
,NO_PATH,6.53476024e-19,0.0,29.99999999999999,-51.75,-2.987141537818687e-23,0.0,45.0,-51.75,0.0,44.15,15.48
,NO_PATH,6.97294927e-19,0.0,29.99999999999999,-51.75,-2.987141537818687e-23,0.0,45.0,-51.75,0.0,44.15,15.500000000000002
,NO_PATH,3.3562498e-19,0.0,29.99999999999999,-51.75,-2.987141537818687e-23,0.0,45.0,-51.75,0.0,44.15,15.520000000000001
,NO_PATH,3.3562498e-19,0.0,29.99999999999999,-51.75,-2.987141537818687e-23,0.0,45.0,-51.75,0.0,44.15,15.540000000000001
,NO_PATH,-2.22550886e-20,0.0,29.99999999999999,-51.75,-2.987141537818687e-23,0.0,45.0,-51.75,0.0,44.15,15.56
,NO_PATH,-2.22550886e-20,0.0,29.99999999999999,-51.75,-2.987141537818687e-23,0.0,45.0,-51.75,0.0,44.15,15.580000000000002
,NO_PATH,3.20413352e-19,0.0,29.99999999999999,-51.75,-2.987141537818687e-23,0.0,45.0,-51.75,0.0,44.15,15.600000000000001
,NO_PATH,-4.08026204e-19,0.0,29.99999999999999,-51.75,-2.987141537818687e-23,0.0,45.0,-51.75,0.0,44.15,15.620000000000001
,NO_PATH,-4.08026204e-19,0.0,29.99999999999999,-51.75,-2.987141537818687e-23,0.0,45.0,-51.75,0.0,44.15,15.64
,NO_PATH,2.35485475e-19,0.0,29.99999999999999,-51.75,-2.987141537818687e-23,0.0,45.0,-51.75,0.0,44.15,15.66
,NO_PATH,1.516023e-18,0.0,29.99999999999999,-51.75,-2.987141537818687e-23,0.0,45.0,-51.75,0.0,44.15,15.680000000000001
,NO_PATH,1.17119475e-18,0.0,29.99999999999999,-51.75,-2.987141537818687e-23,0.0,45.0,-51.75,0.0,44.15,15.700000000000001
,NO_PATH,7.41584474e-19,0.0,29.99999999999999,-51.75,-2.987141537818687e-23,0.0,45.0,-51.75,0.0,44.15,15.72
,NO_PATH,7.41584474e-19,0.0,29.99999999999999,-51.75,-2.987141537818687e-23,0.0,45.0,-51.75,0.0,44.15,15.74
,NO_PATH,5.92224735e-19,0.0,29.99999999999999,-51.75,-2.987141537818687e-23,0.0,45.0,-51.75,0.0,44.15,15.760000000000002
,NO_PATH,5.92224735e-19,0.0,29.99999999999999,-51.75,-2.987141537818687e-23,0.0,45.0,-51.75,0.0,44.15,15.780000000000001
,NO_PATH,1.96140574e-19,0.0,29.99999999999999,-51.75,-2.987141537818687e-23,0.0,45.0,-51.75,0.0,44.15,15.801
,NO_PATH,2.61226889e-19,0.0,29.99999999999999,-51.75,-2.987141537818687e-23,0.0,45.0,-51.75,0.0,44.15,15.82
,NO_PATH,7.60650003e-19,0.0,29.99999999999999,-51.75,-2.987141537818687e-23,0.0,45.0,-51.75,0.0,44.15,15.840000000000002
,NO_PATH,7.60650003e-19,0.0,29.99999999999999,-51.75,-2.987141537818687e-23,0.0,45.0,-51.75,0.0,44.15,15.860000000000001
,NO_PATH,-3.5571308e-20,0.0,29.99999999999999,-51.75,-2.987141537818687e-23,0.0,45.0,-51.75,0.0,44.15,15.88
,NO_PATH,-3.5571308e-20,0.0,29.99999999999999,-51.75,-2.987141537818687e-23,0.0,45.0,-51.75,0.0,44.15,15.9
,NO_PATH,-3.95929949e-20,0.0,29.99999999999999,-51.75,-2.987141537818687e-23,0.0,45.0,-51.75,0.0,44.15,15.920000000000002
,NO_PATH,9.89569925e-19,0.0,29.99999999999999,-51.75,-2.987141537818687e-23,0.0,45.0,-51.75,0.0,44.15,15.940000000000001
,NO_PATH,9.89569925e-19,0.0,29.99999999999999,-51.75,-2.987141537818687e-23,0.0,45.0,-51.75,0.0,44.15,15.96
,NO_PATH,1.2288219e-18,0.0,29.99999999999999,-51.75,-2.987141537818687e-23,0.0,45.0,-51.75,0.0,44.15,15.98
,NO_PATH,9.52560019e-19,0.0,29.99999999999999,-51.75,-2.987141537818687e-23,0.0,45.0,-51.75,0.0,44.15,16.001
,NO_PATH,1.91455144e-19,0.0,29.99999999999999,-51.75,-2.987141537818687e-23,0.0,45.0,-51.75,0.0,44.15,16.02
,NO_PATH,2.20409536e-20,0.0,29.99999999999999,-51.75,-2.987141537818687e-23,0.0,45.0,-51.75,0.0,44.15,16.041
,NO_PATH,2.20409536e-20,0.0,29.99999999999999,-51.75,-2.987141537818687e-23,0.0,45.0,-51.75,0.0,44.15,16.060000000000002
,NO_PATH,1.20740265e-18,0.0,29.99999999999999,-51.75,-2.987141537818687e-23,0.0,45.0,-51.75,0.0,44.15,16.080000000000002
,NO_PATH,7.16723407e-19,0.0,29.99999999999999,-51.75,-2.987141537818687e-23,0.0,45.0,-51.75,0.0,44.15,16.1
,NO_PATH,2.19921019e-19,0.0,29.99999999999999,-51.75,-2.987141537818687e-23,0.0,45.0,-51.75,0.0,44.15,16.12
,NO_PATH,6.44208378e-19,0.0,29.99999999999999,-51.75,-2.987141537818687e-23,0.0,45.0,-51.75,0.0,44.15,16.141000000000002
,NO_PATH,8.7168992e-19,0.0,29.99999999999999,-51.75,-2.987141537818687e-23,0.0,45.0,-51.75,0.0,44.15,16.16
,NO_PATH,8.7168992e-19,0.0,29.99999999999999,-51.75,-2.987141537818687e-23,0.0,45.0,-51.75,0.0,44.15,16.18
,NO_PATH,1.51166926e-19,0.0,29.99999999999999,-51.75,-2.987141537818687e-23,0.0,45.0,-51.75,0.0,44.15,16.2
,NO_PATH,1.15146465e-18,0.0,29.99999999999999,-51.75,-2.987141537818687e-23,0.0,45.0,-51.75,0.0,44.15,16.220000000000002
,NO_PATH,1.15220462e-18,0.0,29.99999999999999,-51.75,-2.987141537818687e-23,0.0,45.0,-51.75,0.0,44.15,16.240000000000002
,NO_PATH,1.45192985e-18,0.0,29.99999999999999,-51.75,-2.987141537818687e-23,0.0,45.0,-51.75,0.0,44.15,16.26
,NO_PATH,9.02910794e-19,0.0,29.99999999999999,-51.75,-2.987141537818687e-23,0.0,45.0,-51.75,0.0,44.15,16.28
,NO_PATH,9.02910794e-19,0.0,29.99999999999999,-51.75,-2.987141537818687e-23,0.0,45.0,-51.75,0.0,44.15,16.3
,NO_PATH,6.90137216e-19,0.0,29.99999999999999,-51.75,-2.987141537818687e-23,0.0,45.0,-51.75,0.0,44.15,16.32
,NO_PATH,7.53249624e-20,0.0,29.99999999999999,-51.75,-2.987141537818687e-23,0.0,45.0,-51.75,0.0,44.15,16.34
,NO_PATH,5.67050025e-19,0.0,29.99999999999999,-51.75,-2.987141537818687e-23,0.0,45.0,-51.75,0.0,44.15,16.36
,NO_PATH,5.67050025e-19,0.0,29.99999999999999,-51.75,-2.987141537818687e-23,0.0,45.0,-51.75,0.0,44.15,16.380000000000003
,NO_PATH,6.40258358e-19,0.0,29.99999999999999,-51.75,-2.987141537818687e-23,0.0,45.0,-51.75,0.0,44.15,16.400000000000002
,NO_PATH,5.39582807e-19,0.0,29.99999999999999,-51.75,-2.987141537818687e-23,0.0,45.0,-51.75,0.0,44.15,16.42
,NO_PATH,7.26599586e-19,0.0,29.99999999999999,-51.75,-2.987141537818687e-23,0.0,45.0,-51.75,0.0,44.15,16.44
,NO_PATH,5.12644428e-19,0.0,29.99999999999999,-51.75,-2.987141537818687e-23,0.0,45.0,-51.75,0.0,44.15,16.46
,NO_PATH,3.34400826e-19,0.0,29.99999999999999,-51.75,-2.987141537818687e-23,0.0,45.0,-51.75,0.0,44.15,16.48
,NO_PATH,3.27662522e-19,0.0,29.99999999999999,-51.75,-2.987141537818687e-23,0.0,45.0,-51.75,0.0,44.15,16.501
,NO_PATH,3.27662522e-19,0.0,29.99999999999999,-51.75,-2.987141537818687e-23,0.0,45.0,-51.75,0.0,44.15,16.52
,NO_PATH,6.23379853e-19,0.0,29.99999999999999,-51.75,-2.987141537818687e-23,0.0,45.0,-51.75,0.0,44.15,16.540000000000003
,NO_PATH,1.02075898e-18,0.0,29.99999999999999,-51.75,-2.987141537818687e-23,0.0,45.0,-51.75,0.0,44.15,16.560000000000002
,NO_PATH,9.89901468e-19,0.0,29.99999999999999,-51.75,-2.987141537818687e-23,0.0,45.0,-51.75,0.0,44.15,16.581
,NO_PATH,9.89901468e-19,0.0,29.99999999999999,-51.75,-2.987141537818687e-23,0.0,45.0,-51.75,0.0,44.15,16.6
,NO_PATH,3.38265363e-19,0.0,29.99999999999999,-51.75,-2.987141537818687e-23,0.0,45.0,-51.75,0.0,44.15,16.62
,NO_PATH,3.38265363e-19,0.0,29.99999999999999,-51.75,-2.987141537818687e-23,0.0,45.0,-51.75,0.0,44.15,16.64
,NO_PATH,3.4139213e-19,0.0,29.99999999999999,-51.75,-2.987141537818687e-23,0.0,45.0,-51.75,0.0,44.15,16.66
,NO_PATH,3.95473987e-20,0.0,29.99999999999999,-51.75,-2.987141537818687e-23,0.0,45.0,-51.75,0.0,44.15,16.68
,NO_PATH,3.95473987e-20,0.0,29.99999999999999,-51.75,-2.987141537818687e-23,0.0,45.0,-51.75,0.0,44.15,16.7
,NO_PATH,8.77774734e-19,0.0,29.99999999999999,-51.75,-2.987141537818687e-23,0.0,45.0,-51.75,0.0,44.15,16.722
,NO_PATH,1.78168975e-19,0.0,29.99999999999999,-51.75,-2.987141537818687e-23,0.0,45.0,-51.75,0.0,44.15,16.740000000000002
,NO_PATH,-1.24468162e-19,0.0,29.99999999999999,-51.75,-2.987141537818687e-23,0.0,45.0,-51.75,0.0,44.15,16.76
,NO_PATH,2.4245767e-19,0.0,29.99999999999999,-51.75,-2.987141537818687e-23,0.0,45.0,-51.75,0.0,44.15,16.78
,NO_PATH,7.82922787e-19,0.0,29.99999999999999,-51.75,-2.987141537818687e-23,0.0,45.0,-51.75,0.0,44.15,16.8
,NO_PATH,7.82922787e-19,0.0,29.99999999999999,-51.75,-2.987141537818687e-23,0.0,45.0,-51.75,0.0,44.15,16.82
,NO_PATH,-6.69637737e-19,0.0,29.99999999999999,-51.75,-2.987141537818687e-23,0.0,45.0,-51.75,0.0,44.15,16.84
,NO_PATH,-6.69637737e-19,0.0,29.99999999999999,-51.75,-2.987141537818687e-23,0.0,45.0,-51.75,0.0,44.15,16.86
,NO_PATH,8.98546817e-19,0.0,29.99999999999999,-51.75,-2.987141537818687e-23,0.0,45.0,-51.75,0.0,44.15,16.880000000000003
,NO_PATH,8.98546817e-19,0.0,29.99999999999999,-51.75,-2.987141537818687e-23,0.0,45.0,-51.75,0.0,44.15,16.901
,NO_PATH,9.95253503e-19,0.0,29.99999999999999,-51.75,-2.987141537818687e-23,0.0,45.0,-51.75,0.0,44.15,16.92
,NO_PATH,6.35405983e-19,0.0,29.99999999999999,-51.75,-2.987141537818687e-23,0.0,45.0,-51.75,0.0,44.15,16.94
,NO_PATH,8.5048039e-19,0.0,29.99999999999999,-51.75,-2.987141537818687e-23,0.0,45.0,-51.75,0.0,44.15,16.96
,NO_PATH,7.53590444e-19,0.0,29.99999999999999,-51.75,-2.987141537818687e-23,0.0,45.0,-51.75,0.0,44.15,16.98
,NO_PATH,7.53590444e-19,0.0,29.99999999999999,-51.75,-2.987141537818687e-23,0.0,45.0,-51.75,0.0,44.15,17.0
,NO_PATH,6.25061662e-19,0.0,29.99999999999999,-51.75,-2.987141537818687e-23,0.0,45.0,-51.75,0.0,44.15,17.02
,NO_PATH,6.25061662e-19,0.0,29.99999999999999,-51.75,-2.987141537818687e-23,0.0,45.0,-51.75,0.0,44.15,17.040000000000003
,NO_PATH,6.72547677e-19,0.0,29.99999999999999,-51.75,-2.987141537818687e-23,0.0,45.0,-51.75,0.0,44.15,17.060000000000002
,NO_PATH,6.12409276e-19,0.0,29.99999999999999,-51.75,-2.987141537818687e-23,0.0,45.0,-51.75,0.0,44.15,17.080000000000002
,NO_PATH,2.59564851e-19,0.0,29.99999999999999,-51.75,-2.987141537818687e-23,0.0,45.0,-51.75,0.0,44.15,17.101000000000003
,NO_PATH,8.15761961e-19,0.0,29.99999999999999,-51.75,-2.987141537818687e-23,0.0,45.0,-51.75,0.0,44.15,17.121000000000002
,NO_PATH,5.83150349e-19,0.0,29.99999999999999,-51.75,-2.987141537818687e-23,0.0,45.0,-51.75,0.0,44.15,17.141000000000002
,NO_PATH,5.83150349e-19,0.0,29.99999999999999,-51.75,-2.987141537818687e-23,0.0,45.0,-51.75,0.0,44.15,17.16
,NO_PATH,1.04121586e-18,0.0,29.99999999999999,-51.75,-2.987141537818687e-23,0.0,45.0,-51.75,0.0,44.15,17.181
,NO_PATH,1.15687658e-19,0.0,29.99999999999999,-51.75,-2.987141537818687e-23,0.0,45.0,-51.75,0.0,44.15,17.201
,NO_PATH,2.95577126e-19,0.0,29.99999999999999,-51.75,-2.987141537818687e-23,0.0,45.0,-51.75,0.0,44.15,17.220000000000002
,NO_PATH,2.95577126e-19,0.0,29.99999999999999,-51.75,-2.987141537818687e-23,0.0,45.0,-51.75,0.0,44.15,17.240000000000002
,NO_PATH,-6.14734143e-20,0.0,29.99999999999999,-51.75,-2.987141537818687e-23,0.0,45.0,-51.75,0.0,44.15,17.26
,NO_PATH,2.72838832e-20,0.0,29.99999999999999,-51.75,-2.987141537818687e-23,0.0,45.0,-51.75,0.0,44.15,17.28
,NO_PATH,2.72838832e-20,0.0,29.99999999999999,-51.75,-2.987141537818687e-23,0.0,45.0,-51.75,0.0,44.15,17.3
,NO_PATH,-2.978434e-19,0.0,29.99999999999999,-51.75,-2.987141537818687e-23,0.0,45.0,-51.75,0.0,44.15,17.32
,NO_PATH,-2.978434e-19,0.0,29.99999999999999,-51.75,-2.987141537818687e-23,0.0,45.0,-51.75,0.0,44.15,17.34
,NO_PATH,1.06104853e-18,0.0,29.99999999999999,-51.75,-2.987141537818687e-23,0.0,45.0,-51.75,0.0,44.15,17.361
,NO_PATH,1.40355673e-18,0.0,29.99999999999999,-51.75,-2.987141537818687e-23,0.0,45.0,-51.75,0.0,44.15,17.380000000000003
,NO_PATH,2.75381493e-19,0.0,29.99999999999999,-51.75,-2.987141537818687e-23,0.0,45.0,-51.75,0.0,44.15,17.400000000000002
,NO_PATH,2.75381493e-19,0.0,29.99999999999999,-51.75,-2.987141537818687e-23,0.0,45.0,-51.75,0.0,44.15,17.42
,NO_PATH,8.37834344e-19,0.0,29.99999999999999,-51.75,-2.987141537818687e-23,0.0,45.0,-51.75,0.0,44.15,17.441000000000003
,NO_PATH,8.37834344e-19,0.0,29.99999999999999,-51.75,-2.987141537818687e-23,0.0,45.0,-51.75,0.0,44.15,17.46
,NO_PATH,9.21780158e-19,0.0,29.99999999999999,-51.75,-2.987141537818687e-23,0.0,45.0,-51.75,0.0,44.15,17.48
,NO_PATH,7.83889869e-19,0.0,29.99999999999999,-51.75,-2.987141537818687e-23,0.0,45.0,-51.75,0.0,44.15,17.5
,NO_PATH,-2.60938711e-19,0.0,29.99999999999999,-51.75,-2.987141537818687e-23,0.0,45.0,-51.75,0.0,44.15,17.52
,NO_PATH,-2.60938711e-19,0.0,29.99999999999999,-51.75,-2.987141537818687e-23,0.0,45.0,-51.75,0.0,44.15,17.540000000000003
,NO_PATH,2.38438023e-19,0.0,29.99999999999999,-51.75,-2.987141537818687e-23,0.0,45.0,-51.75,0.0,44.15,17.560000000000002
,NO_PATH,6.26605808e-20,0.0,29.99999999999999,-51.75,-2.987141537818687e-23,0.0,45.0,-51.75,0.0,44.15,17.581
,NO_PATH,6.26605808e-20,0.0,29.99999999999999,-51.75,-2.987141537818687e-23,0.0,45.0,-51.75,0.0,44.15,17.6
,NO_PATH,7.58851568e-19,0.0,29.99999999999999,-51.75,-2.987141537818687e-23,0.0,45.0,-51.75,0.0,44.15,17.62
,NO_PATH,1.11516613e-18,0.0,29.99999999999999,-51.75,-2.987141537818687e-23,0.0,45.0,-51.75,0.0,44.15,17.64
,NO_PATH,1.11516613e-18,0.0,29.99999999999999,-51.75,-2.987141537818687e-23,0.0,45.0,-51.75,0.0,44.15,17.66
,NO_PATH,1.12312463e-18,0.0,29.99999999999999,-51.75,-2.987141537818687e-23,0.0,45.0,-51.75,0.0,44.15,17.68
,NO_PATH,2.62579548e-19,0.0,29.99999999999999,-51.75,-2.987141537818687e-23,0.0,45.0,-51.75,0.0,44.15,17.701
,NO_PATH,2.62579548e-19,0.0,29.99999999999999,-51.75,-2.987141537818687e-23,0.0,45.0,-51.75,0.0,44.15,17.720000000000002
,NO_PATH,9.95852041e-19,0.0,29.99999999999999,-51.75,-2.987141537818687e-23,0.0,45.0,-51.75,0.0,44.15,17.740000000000002
,NO_PATH,6.76276306e-19,0.0,29.99999999999999,-51.75,-2.987141537818687e-23,0.0,45.0,-51.75,0.0,44.15,17.76
,NO_PATH,2.85991994e-19,0.0,29.99999999999999,-51.75,-2.987141537818687e-23,0.0,45.0,-51.75,0.0,44.15,17.78
,NO_PATH,2.85991994e-19,0.0,29.99999999999999,-51.75,-2.987141537818687e-23,0.0,45.0,-51.75,0.0,44.15,17.8
,NO_PATH,3.16682183e-19,0.0,29.99999999999999,-51.75,-2.987141537818687e-23,0.0,45.0,-51.75,0.0,44.15,17.82
,NO_PATH,-4.31489327e-19,0.0,29.99999999999999,-51.75,-2.987141537818687e-23,0.0,45.0,-51.75,0.0,44.15,17.84
,NO_PATH,-4.31489327e-19,0.0,29.99999999999999,-51.75,-2.987141537818687e-23,0.0,45.0,-51.75,0.0,44.15,17.86
,NO_PATH,8.61860871e-19,0.0,29.99999999999999,-51.75,-2.987141537818687e-23,0.0,45.0,-51.75,0.0,44.15,17.880000000000003
,NO_PATH,5.5491408e-19,0.0,29.99999999999999,-51.75,-2.987141537818687e-23,0.0,45.0,-51.75,0.0,44.15,17.901
,NO_PATH,3.01921244e-19,0.0,29.99999999999999,-51.75,-2.987141537818687e-23,0.0,45.0,-51.75,0.0,44.15,17.92
,NO_PATH,3.01921244e-19,0.0,29.99999999999999,-51.75,-2.987141537818687e-23,0.0,45.0,-51.75,0.0,44.15,17.94
,NO_PATH,6.54670854e-19,0.0,29.99999999999999,-51.75,-2.987141537818687e-23,0.0,45.0,-51.75,0.0,44.15,17.96
,NO_PATH,1.05921916e-18,0.0,29.99999999999999,-51.75,-2.987141537818687e-23,0.0,45.0,-51.75,0.0,44.15,17.98
,NO_PATH,-3.42886752e-20,0.0,29.99999999999999,-51.75,-2.987141537818687e-23,0.0,45.0,-51.75,0.0,44.15,18.0
,NO_PATH,-3.42886752e-20,0.0,29.99999999999999,-51.75,-2.987141537818687e-23,0.0,45.0,-51.75,0.0,44.15,18.02
,NO_PATH,1.55249619e-20,0.0,29.99999999999999,-51.75,-2.987141537818687e-23,0.0,45.0,-51.75,0.0,44.15,18.040000000000003
,NO_PATH,9.04660013e-19,0.0,29.99999999999999,-51.75,-2.987141537818687e-23,0.0,45.0,-51.75,0.0,44.15,18.060000000000002
,NO_PATH,1.48318594e-19,0.0,29.99999999999999,-51.75,-2.987141537818687e-23,0.0,45.0,-51.75,0.0,44.15,18.081
,NO_PATH,4.39926173e-19,0.0,29.99999999999999,-51.75,-2.987141537818687e-23,0.0,45.0,-51.75,0.0,44.15,18.101000000000003
,NO_PATH,4.39926173e-19,0.0,29.99999999999999,-51.75,-2.987141537818687e-23,0.0,45.0,-51.75,0.0,44.15,18.12
,NO_PATH,5.27833022e-19,0.0,29.99999999999999,-51.75,-2.987141537818687e-23,0.0,45.0,-51.75,0.0,44.15,18.14
,NO_PATH,2.66985176e-19,0.0,29.99999999999999,-51.75,-2.987141537818687e-23,0.0,45.0,-51.75,0.0,44.15,18.16
,NO_PATH,-4.99772017e-19,0.0,29.99999999999999,-51.75,-2.987141537818687e-23,0.0,45.0,-51.75,0.0,44.15,18.18
,NO_PATH,-4.99772017e-19,0.0,29.99999999999999,-51.75,-2.987141537818687e-23,0.0,45.0,-51.75,0.0,44.15,18.200000000000003
,NO_PATH,5.68748667e-20,0.0,29.99999999999999,-51.75,-2.987141537818687e-23,0.0,45.0,-51.75,0.0,44.15,18.220000000000002
,NO_PATH,5.15828433e-19,0.0,29.99999999999999,-51.75,-2.987141537818687e-23,0.0,45.0,-51.75,0.0,44.15,18.240000000000002
,NO_PATH,5.15828433e-19,0.0,29.99999999999999,-51.75,-2.987141537818687e-23,0.0,45.0,-51.75,0.0,44.15,18.26
,NO_PATH,5.03819768e-20,0.0,29.99999999999999,-51.75,-2.987141537818687e-23,0.0,45.0,-51.75,0.0,44.15,18.28
,NO_PATH,4.87373819e-19,0.0,29.99999999999999,-51.75,-2.987141537818687e-23,0.0,45.0,-51.75,0.0,44.15,18.3
,NO_PATH,5.89399074e-19,0.0,29.99999999999999,-51.75,-2.987141537818687e-23,0.0,45.0,-51.75,0.0,44.15,18.321
,NO_PATH,3.20273796e-19,0.0,29.99999999999999,-51.75,-2.987141537818687e-23,0.0,45.0,-51.75,0.0,44.15,18.34
,NO_PATH,3.20273796e-19,0.0,29.99999999999999,-51.75,-2.987141537818687e-23,0.0,45.0,-51.75,0.0,44.15,18.36
,NO_PATH,5.09146365e-19,0.0,29.99999999999999,-51.75,-2.987141537818687e-23,0.0,45.0,-51.75,0.0,44.15,18.380000000000003
,NO_PATH,3.21161247e-19,0.0,29.99999999999999,-51.75,-2.987141537818687e-23,0.0,45.0,-51.75,0.0,44.15,18.401
,NO_PATH,7.84951782e-19,0.0,29.99999999999999,-51.75,-2.987141537818687e-23,0.0,45.0,-51.75,0.0,44.15,18.42
,NO_PATH,2.72479053e-19,0.0,29.99999999999999,-51.75,-2.987141537818687e-23,0.0,45.0,-51.75,0.0,44.15,18.441000000000003
,NO_PATH,2.72479053e-19,0.0,29.99999999999999,-51.75,-2.987141537818687e-23,0.0,45.0,-51.75,0.0,44.15,18.46
,NO_PATH,-2.07483279e-19,0.0,29.99999999999999,-51.75,-2.987141537818687e-23,0.0,45.0,-51.75,0.0,44.15,18.48
,NO_PATH,6.61106551e-19,0.0,29.99999999999999,-51.75,-2.987141537818687e-23,0.0,45.0,-51.75,0.0,44.15,18.5
,NO_PATH,9.422983e-19,0.0,29.99999999999999,-51.75,-2.987141537818687e-23,0.0,45.0,-51.75,0.0,44.15,18.52
,NO_PATH,5.80262341e-19,0.0,29.99999999999999,-51.75,-2.987141537818687e-23,0.0,45.0,-51.75,0.0,44.15,18.540000000000003
,NO_PATH,5.80262341e-19,0.0,29.99999999999999,-51.75,-2.987141537818687e-23,0.0,45.0,-51.75,0.0,44.15,18.560000000000002
,NO_PATH,3.40103823e-19,0.0,29.99999999999999,-51.75,-2.987141537818687e-23,0.0,45.0,-51.75,0.0,44.15,18.580000000000002
,NO_PATH,3.40103823e-19,0.0,29.99999999999999,-51.75,-2.987141537818687e-23,0.0,45.0,-51.75,0.0,44.15,18.6
,NO_PATH,2.41234848e-19,0.0,29.99999999999999,-51.75,-2.987141537818687e-23,0.0,45.0,-51.75,0.0,44.15,18.62
,NO_PATH,-1.37816709e-19,0.0,29.99999999999999,-51.75,-2.987141537818687e-23,0.0,45.0,-51.75,0.0,44.15,18.64
,NO_PATH,-1.37816709e-19,0.0,29.99999999999999,-51.75,-2.987141537818687e-23,0.0,45.0,-51.75,0.0,44.15,18.66
,NO_PATH,5.12025391e-19,0.0,29.99999999999999,-51.75,-2.987141537818687e-23,0.0,45.0,-51.75,0.0,44.15,18.68
,NO_PATH,4.13818522e-19,0.0,29.99999999999999,-51.75,-2.987141537818687e-23,0.0,45.0,-51.75,0.0,44.15,18.700000000000003
,NO_PATH,6.69963044e-19,0.0,29.99999999999999,-51.75,-2.987141537818687e-23,0.0,45.0,-51.75,0.0,44.15,18.720000000000002
,NO_PATH,4.96096081e-19,0.0,29.99999999999999,-51.75,-2.987141537818687e-23,0.0,45.0,-51.75,0.0,44.15,18.740000000000002
,NO_PATH,4.96096081e-19,0.0,29.99999999999999,-51.75,-2.987141537818687e-23,0.0,45.0,-51.75,0.0,44.15,18.76
,NO_PATH,3.81905957e-19,0.0,29.99999999999999,-51.75,-2.987141537818687e-23,0.0,45.0,-51.75,0.0,44.15,18.78
,NO_PATH,4.28361144e-19,0.0,29.99999999999999,-51.75,-2.987141537818687e-23,0.0,45.0,-51.75,0.0,44.15,18.8
,NO_PATH,4.75609241e-19,0.0,29.99999999999999,-51.75,-2.987141537818687e-23,0.0,45.0,-51.75,0.0,44.15,18.82
,NO_PATH,4.75609241e-19,0.0,29.99999999999999,-51.75,-2.987141537818687e-23,0.0,45.0,-51.75,0.0,44.15,18.841
,NO_PATH,-3.90942941e-19,0.0,29.99999999999999,-51.75,-2.987141537818687e-23,0.0,45.0,-51.75,0.0,44.15,18.86
,NO_PATH,1.10773767e-18,0.0,29.99999999999999,-51.75,-2.987141537818687e-23,0.0,45.0,-51.75,0.0,44.15,18.880000000000003
,NO_PATH,7.19972705e-19,0.0,29.99999999999999,-51.75,-2.987141537818687e-23,0.0,45.0,-51.75,0.0,44.15,18.900000000000002
,NO_PATH,5.54945766e-20,0.0,29.99999999999999,-51.75,-2.987141537818687e-23,0.0,45.0,-51.75,0.0,44.15,18.92
,NO_PATH,-2.0917786e-19,0.0,29.99999999999999,-51.75,-2.987141537818687e-23,0.0,45.0,-51.75,0.0,44.15,18.941000000000003
,NO_PATH,2.46317811e-20,0.0,29.99999999999999,-51.75,-2.987141537818687e-23,0.0,45.0,-51.75,0.0,44.15,18.96
,NO_PATH,2.46317811e-20,0.0,29.99999999999999,-51.75,-2.987141537818687e-23,0.0,45.0,-51.75,0.0,44.15,18.98
,NO_PATH,3.1057831e-19,0.0,29.99999999999999,-51.75,-2.987141537818687e-23,0.0,45.0,-51.75,0.0,44.15,19.0
,NO_PATH,3.1057831e-19,0.0,29.99999999999999,-51.75,-2.987141537818687e-23,0.0,45.0,-51.75,0.0,44.15,19.021
,NO_PATH,4.07449299e-19,0.0,29.99999999999999,-51.75,-2.987141537818687e-23,0.0,45.0,-51.75,0.0,44.15,19.040000000000003
,NO_PATH,1.21970881e-18,0.0,29.99999999999999,-51.75,-2.987141537818687e-23,0.0,45.0,-51.75,0.0,44.15,19.060000000000002
,NO_PATH,1.21982949e-19,0.0,29.99999999999999,-51.75,-2.987141537818687e-23,0.0,45.0,-51.75,0.0,44.15,19.080000000000002
,NO_PATH,1.21982949e-19,0.0,29.99999999999999,-51.75,-2.987141537818687e-23,0.0,45.0,-51.75,0.0,44.15,19.1
,NO_PATH,3.74640255e-20,0.0,29.99999999999999,-51.75,-2.987141537818687e-23,0.0,45.0,-51.75,0.0,44.15,19.12
,NO_PATH,3.74640255e-20,0.0,29.99999999999999,-51.75,-2.987141537818687e-23,0.0,45.0,-51.75,0.0,44.15,19.14
,NO_PATH,3.78061472e-19,0.0,29.99999999999999,-51.75,-2.987141537818687e-23,0.0,45.0,-51.75,0.0,44.15,19.16
,NO_PATH,1.03856472e-18,0.0,29.99999999999999,-51.75,-2.987141537818687e-23,0.0,45.0,-51.75,0.0,44.15,19.18
,NO_PATH,7.12937716e-19,0.0,29.99999999999999,-51.75,-2.987141537818687e-23,0.0,45.0,-51.75,0.0,44.15,19.200000000000003
,NO_PATH,2.92540029e-19,0.0,29.99999999999999,-51.75,-2.987141537818687e-23,0.0,45.0,-51.75,0.0,44.15,19.221
,NO_PATH,2.92540029e-19,0.0,29.99999999999999,-51.75,-2.987141537818687e-23,0.0,45.0,-51.75,0.0,44.15,19.240000000000002
,NO_PATH,6.9011352e-19,0.0,29.99999999999999,-51.75,-2.987141537818687e-23,0.0,45.0,-51.75,0.0,44.15,19.261000000000003
,NO_PATH,2.7894193e-19,0.0,29.99999999999999,-51.75,-2.987141537818687e-23,0.0,45.0,-51.75,0.0,44.15,19.28
,NO_PATH,2.7894193e-19,0.0,29.99999999999999,-51.75,-2.987141537818687e-23,0.0,45.0,-51.75,0.0,44.15,19.3
,NO_PATH,2.72594298e-19,0.0,29.99999999999999,-51.75,-2.987141537818687e-23,0.0,45.0,-51.75,0.0,44.15,19.321
,NO_PATH,7.46609134e-19,0.0,29.99999999999999,-51.75,-2.987141537818687e-23,0.0,45.0,-51.75,0.0,44.15,19.34
,NO_PATH,7.46609134e-19,0.0,29.99999999999999,-51.75,-2.987141537818687e-23,0.0,45.0,-51.75,0.0,44.15,19.36
,NO_PATH,6.1613942e-19,0.0,29.99999999999999,-51.75,-2.987141537818687e-23,0.0,45.0,-51.75,0.0,44.15,19.380000000000003
,NO_PATH,4.98604955e-19,0.0,29.99999999999999,-51.75,-2.987141537818687e-23,0.0,45.0,-51.75,0.0,44.15,19.400000000000002
,NO_PATH,3.01240504e-19,0.0,29.99999999999999,-51.75,-2.987141537818687e-23,0.0,45.0,-51.75,0.0,44.15,19.42
,NO_PATH,3.01240504e-19,0.0,29.99999999999999,-51.75,-2.987141537818687e-23,0.0,45.0,-51.75,0.0,44.15,19.44
,NO_PATH,3.5955072e-19,0.0,29.99999999999999,-51.75,-2.987141537818687e-23,0.0,45.0,-51.75,0.0,44.15,19.46
,NO_PATH,3.04050946e-19,0.0,29.99999999999999,-51.75,-2.987141537818687e-23,0.0,45.0,-51.75,0.0,44.15,19.48
,NO_PATH,3.04050946e-19,0.0,29.99999999999999,-51.75,-2.987141537818687e-23,0.0,45.0,-51.75,0.0,44.15,19.5
,NO_PATH,6.61613102e-19,0.0,29.99999999999999,-51.75,-2.987141537818687e-23,0.0,45.0,-51.75,0.0,44.15,19.52
,NO_PATH,6.61613102e-19,0.0,29.99999999999999,-51.75,-2.987141537818687e-23,0.0,45.0,-51.75,0.0,44.15,19.540000000000003
,NO_PATH,4.76628412e-19,0.0,29.99999999999999,-51.75,-2.987141537818687e-23,0.0,45.0,-51.75,0.0,44.15,19.561
,NO_PATH,4.30522545e-19,0.0,29.99999999999999,-51.75,-2.987141537818687e-23,0.0,45.0,-51.75,0.0,44.15,19.580000000000002
,NO_PATH,2.26561372e-19,0.0,29.99999999999999,-51.75,-2.987141537818687e-23,0.0,45.0,-51.75,0.0,44.15,19.6
,NO_PATH,1.48035678e-19,0.0,29.99999999999999,-51.75,-2.987141537818687e-23,0.0,45.0,-51.75,0.0,44.15,19.62
,NO_PATH,6.59167202e-19,0.0,29.99999999999999,-51.75,-2.987141537818687e-23,0.0,45.0,-51.75,0.0,44.15,19.64
,NO_PATH,2.82367924e-20,0.0,29.99999999999999,-51.75,-2.987141537818687e-23,0.0,45.0,-51.75,0.0,44.15,19.66
,NO_PATH,2.82367924e-20,0.0,29.99999999999999,-51.75,-2.987141537818687e-23,0.0,45.0,-51.75,0.0,44.15,19.68
,NO_PATH,7.77740421e-19,0.0,29.99999999999999,-51.75,-2.987141537818687e-23,0.0,45.0,-51.75,0.0,44.15,19.700000000000003
,NO_PATH,3.97914282e-19,0.0,29.99999999999999,-51.75,-2.987141537818687e-23,0.0,45.0,-51.75,0.0,44.15,19.720000000000002
,NO_PATH,7.0405927e-19,0.0,29.99999999999999,-51.75,-2.987141537818687e-23,0.0,45.0,-51.75,0.0,44.15,19.740000000000002
,NO_PATH,4.88623055e-19,0.0,29.99999999999999,-51.75,-2.987141537818687e-23,0.0,45.0,-51.75,0.0,44.15,19.76
,NO_PATH,1.59201506e-20,0.0,29.99999999999999,-51.75,-2.987141537818687e-23,0.0,45.0,-51.75,0.0,44.15,19.78
,NO_PATH,2.43613419e-19,0.0,29.99999999999999,-51.75,-2.987141537818687e-23,0.0,45.0,-51.75,0.0,44.15,19.8
,NO_PATH,2.43613419e-19,0.0,29.99999999999999,-51.75,-2.987141537818687e-23,0.0,45.0,-51.75,0.0,44.15,19.82
,NO_PATH,3.70335429e-19,0.0,29.99999999999999,-51.75,-2.987141537818687e-23,0.0,45.0,-51.75,0.0,44.15,19.84
,NO_PATH,1.25714997e-18,0.0,29.99999999999999,-51.75,-2.987141537818687e-23,0.0,45.0,-51.75,0.0,44.15,19.860000000000003
,NO_PATH,1.25714997e-18,0.0,29.99999999999999,-51.75,-2.987141537818687e-23,0.0,45.0,-51.75,0.0,44.15,19.880000000000003
,NO_PATH,5.97201644e-19,0.0,29.99999999999999,-51.75,-2.987141537818687e-23,0.0,45.0,-51.75,0.0,44.15,19.900000000000002
,NO_PATH,7.39664775e-19,0.0,29.99999999999999,-51.75,-2.987141537818687e-23,0.0,45.0,-51.75,0.0,44.15,19.92
,NO_PATH,3.20574706e-19,0.0,29.99999999999999,-51.75,-2.987141537818687e-23,0.0,45.0,-51.75,0.0,44.15,19.94
,NO_PATH,3.20574706e-19,0.0,29.99999999999999,-51.75,-2.987141537818687e-23,0.0,45.0,-51.75,0.0,44.15,19.96
,NO_PATH,9.19904938e-19,0.0,29.99999999999999,-51.75,-2.987141537818687e-23,0.0,45.0,-51.75,0.0,44.15,19.98
,NO_PATH,5.79138397e-20,0.0,29.99999999999999,-51.75,-2.987141537818687e-23,0.0,45.0,-51.75,0.0,44.15,20.0
,NO_PATH,7.57707803e-19,0.0,29.99999999999999,-51.75,-2.987141537818687e-23,0.0,45.0,-51.75,0.0,44.15,20.02
,NO_PATH,9.47316068e-19,0.0,29.99999999999999,-51.75,-2.987141537818687e-23,0.0,45.0,-51.75,0.0,44.15,20.040000000000003
,NO_PATH,9.47316068e-19,0.0,29.99999999999999,-51.75,-2.987141537818687e-23,0.0,45.0,-51.75,0.0,44.15,20.060000000000002
,NO_PATH,3.31125377e-19,0.0,29.99999999999999,-51.75,-2.987141537818687e-23,0.0,45.0,-51.75,0.0,44.15,20.080000000000002
,NO_PATH,-2.79764356e-19,0.0,29.99999999999999,-51.75,-2.987141537818687e-23,0.0,45.0,-51.75,0.0,44.15,20.1
,NO_PATH,4.30875317e-19,0.0,29.99999999999999,-51.75,-2.987141537818687e-23,0.0,45.0,-51.75,0.0,44.15,20.12
,NO_PATH,2.82102249e-19,0.0,29.99999999999999,-51.75,-2.987141537818687e-23,0.0,45.0,-51.75,0.0,44.15,20.14
,NO_PATH,2.82102249e-19,0.0,29.99999999999999,-51.75,-2.987141537818687e-23,0.0,45.0,-51.75,0.0,44.15,20.16
,NO_PATH,7.23461896e-19,0.0,29.99999999999999,-51.75,-2.987141537818687e-23,0.0,45.0,-51.75,0.0,44.15,20.181
,NO_PATH,7.23461896e-19,0.0,29.99999999999999,-51.75,-2.987141537818687e-23,0.0,45.0,-51.75,0.0,44.15,20.200000000000003
,NO_PATH,1.12448027e-18,0.0,29.99999999999999,-51.75,-2.987141537818687e-23,0.0,45.0,-51.75,0.0,44.15,20.220000000000002
,NO_PATH,1.12448027e-18,0.0,29.99999999999999,-51.75,-2.987141537818687e-23,0.0,45.0,-51.75,0.0,44.15,20.240000000000002
,NO_PATH,7.50535633e-20,0.0,29.99999999999999,-51.75,-2.987141537818687e-23,0.0,45.0,-51.75,0.0,44.15,20.26
,NO_PATH,9.4421126e-19,0.0,29.99999999999999,-51.75,-2.987141537818687e-23,0.0,45.0,-51.75,0.0,44.15,20.28
,NO_PATH,9.4421126e-19,0.0,29.99999999999999,-51.75,-2.987141537818687e-23,0.0,45.0,-51.75,0.0,44.15,20.3
,NO_PATH,7.68604308e-19,0.0,29.99999999999999,-51.75,-2.987141537818687e-23,0.0,45.0,-51.75,0.0,44.15,20.32
,NO_PATH,7.48639858e-19,0.0,29.99999999999999,-51.75,-2.987141537818687e-23,0.0,45.0,-51.75,0.0,44.15,20.34
,NO_PATH,3.78737235e-19,0.0,29.99999999999999,-51.75,-2.987141537818687e-23,0.0,45.0,-51.75,0.0,44.15,20.360000000000003
,NO_PATH,1.64027872e-19,0.0,29.99999999999999,-51.75,-2.987141537818687e-23,0.0,45.0,-51.75,0.0,44.15,20.380000000000003
,NO_PATH,1.02419266e-18,0.0,29.99999999999999,-51.75,-2.987141537818687e-23,0.0,45.0,-51.75,0.0,44.15,20.401
,NO_PATH,1.02419266e-18,0.0,29.99999999999999,-51.75,-2.987141537818687e-23,0.0,45.0,-51.75,0.0,44.15,20.42
,NO_PATH,2.95875717e-19,0.0,29.99999999999999,-51.75,-2.987141537818687e-23,0.0,45.0,-51.75,0.0,44.15,20.44
,NO_PATH,5.51881326e-19,0.0,29.99999999999999,-51.75,-2.987141537818687e-23,0.0,45.0,-51.75,0.0,44.15,20.461000000000002
,NO_PATH,9.43975135e-19,0.0,29.99999999999999,-51.75,-2.987141537818687e-23,0.0,45.0,-51.75,0.0,44.15,20.48
,NO_PATH,9.43975135e-19,0.0,29.99999999999999,-51.75,-2.987141537818687e-23,0.0,45.0,-51.75,0.0,44.15,20.5
,NO_PATH,-5.30588662e-20,0.0,29.99999999999999,-51.75,-2.987141537818687e-23,0.0,45.0,-51.75,0.0,44.15,20.52
,NO_PATH,4.33161174e-19,0.0,29.99999999999999,-51.75,-2.987141537818687e-23,0.0,45.0,-51.75,0.0,44.15,20.540000000000003
,NO_PATH,3.57427529e-19,0.0,29.99999999999999,-51.75,-2.987141537818687e-23,0.0,45.0,-51.75,0.0,44.15,20.560000000000002
,NO_PATH,6.58265517e-19,0.0,29.99999999999999,-51.75,-2.987141537818687e-23,0.0,45.0,-51.75,0.0,44.15,20.580000000000002
,NO_PATH,7.64094968e-19,0.0,29.99999999999999,-51.75,-2.987141537818687e-23,0.0,45.0,-51.75,0.0,44.15,20.6
,NO_PATH,5.13658942e-19,0.0,29.99999999999999,-51.75,-2.987141537818687e-23,0.0,45.0,-51.75,0.0,44.15,20.62
,NO_PATH,3.63929919e-19,0.0,29.99999999999999,-51.75,-2.987141537818687e-23,0.0,45.0,-51.75,0.0,44.15,20.64
,NO_PATH,6.47307918e-19,0.0,29.99999999999999,-51.75,-2.987141537818687e-23,0.0,45.0,-51.75,0.0,44.15,20.66
,NO_PATH,6.47307918e-19,0.0,29.99999999999999,-51.75,-2.987141537818687e-23,0.0,45.0,-51.75,0.0,44.15,20.68
,NO_PATH,4.64645521e-19,0.0,29.99999999999999,-51.75,-2.987141537818687e-23,0.0,45.0,-51.75,0.0,44.15,20.700000000000003
,NO_PATH,5.96559687e-19,0.0,29.99999999999999,-51.75,-2.987141537818687e-23,0.0,45.0,-51.75,0.0,44.15,20.721
,NO_PATH,5.96559687e-19,0.0,29.99999999999999,-51.75,-2.987141537818687e-23,0.0,45.0,-51.75,0.0,44.15,20.740000000000002
,NO_PATH,1.01531329e-18,0.0,29.99999999999999,-51.75,-2.987141537818687e-23,0.0,45.0,-51.75,0.0,44.15,20.76
,NO_PATH,4.33118446e-19,0.0,29.99999999999999,-51.75,-2.987141537818687e-23,0.0,45.0,-51.75,0.0,44.15,20.78
,NO_PATH,4.33118446e-19,0.0,29.99999999999999,-51.75,-2.987141537818687e-23,0.0,45.0,-51.75,0.0,44.15,20.8
,NO_PATH,4.70465712e-19,0.0,29.99999999999999,-51.75,-2.987141537818687e-23,0.0,45.0,-51.75,0.0,44.15,20.82
,NO_PATH,-3.17232053e-20,0.0,29.99999999999999,-51.75,-2.987141537818687e-23,0.0,45.0,-51.75,0.0,44.15,20.84
,NO_PATH,-1.48868561e-19,0.0,29.99999999999999,-51.75,-2.987141537818687e-23,0.0,45.0,-51.75,0.0,44.15,20.860000000000003
,NO_PATH,-1.48868561e-19,0.0,29.99999999999999,-51.75,-2.987141537818687e-23,0.0,45.0,-51.75,0.0,44.15,20.880000000000003
,NO_PATH,2.93535061e-19,0.0,29.99999999999999,-51.75,-2.987141537818687e-23,0.0,45.0,-51.75,0.0,44.15,20.900000000000002
,NO_PATH,1.20282868e-19,0.0,29.99999999999999,-51.75,-2.987141537818687e-23,0.0,45.0,-51.75,0.0,44.15,20.92
,NO_PATH,1.57440445e-19,0.0,29.99999999999999,-51.75,-2.987141537818687e-23,0.0,45.0,-51.75,0.0,44.15,20.94
,NO_PATH,1.57440445e-19,0.0,29.99999999999999,-51.75,-2.987141537818687e-23,0.0,45.0,-51.75,0.0,44.15,20.96
,NO_PATH,4.1910677e-19,0.0,29.99999999999999,-51.75,-2.987141537818687e-23,0.0,45.0,-51.75,0.0,44.15,20.98
,NO_PATH,8.71597372e-19,0.0,29.99999999999999,-51.75,-2.987141537818687e-23,0.0,45.0,-51.75,0.0,44.15,21.001
,NO_PATH,8.98044941e-19,0.0,29.99999999999999,-51.75,-2.987141537818687e-23,0.0,45.0,-51.75,0.0,44.15,21.02
,NO_PATH,2.52087004e-19,0.0,29.99999999999999,-51.75,-2.987141537818687e-23,0.0,45.0,-51.75,0.0,44.15,21.040000000000003
,NO_PATH,2.52087004e-19,0.0,29.99999999999999,-51.75,-2.987141537818687e-23,0.0,45.0,-51.75,0.0,44.15,21.060000000000002
,NO_PATH,3.52007537e-19,0.0,29.99999999999999,-51.75,-2.987141537818687e-23,0.0,45.0,-51.75,0.0,44.15,21.080000000000002
,NO_PATH,-8.51959025e-20,0.0,29.99999999999999,-51.75,-2.987141537818687e-23,0.0,45.0,-51.75,0.0,44.15,21.1
,NO_PATH,8.24642211e-19,0.0,29.99999999999999,-51.75,-2.987141537818687e-23,0.0,45.0,-51.75,0.0,44.15,21.12
,NO_PATH,8.24642211e-19,0.0,29.99999999999999,-51.75,-2.987141537818687e-23,0.0,45.0,-51.75,0.0,44.15,21.14
,NO_PATH,1.21628911e-19,0.0,29.99999999999999,-51.75,-2.987141537818687e-23,0.0,45.0,-51.75,0.0,44.15,21.16
,NO_PATH,2.46527768e-19,0.0,29.99999999999999,-51.75,-2.987141537818687e-23,0.0,45.0,-51.75,0.0,44.15,21.18
,NO_PATH,8.21511582e-19,0.0,29.99999999999999,-51.75,-2.987141537818687e-23,0.0,45.0,-51.75,0.0,44.15,21.200000000000003
,NO_PATH,6.92037856e-19,0.0,29.99999999999999,-51.75,-2.987141537818687e-23,0.0,45.0,-51.75,0.0,44.15,21.220000000000002
,NO_PATH,3.68608959e-19,0.0,29.99999999999999,-51.75,-2.987141537818687e-23,0.0,45.0,-51.75,0.0,44.15,21.240000000000002
,NO_PATH,3.68608959e-19,0.0,29.99999999999999,-51.75,-2.987141537818687e-23,0.0,45.0,-51.75,0.0,44.15,21.26
,NO_PATH,2.38976601e-19,0.0,29.99999999999999,-51.75,-2.987141537818687e-23,0.0,45.0,-51.75,0.0,44.15,21.28
,NO_PATH,2.38976601e-19,0.0,29.99999999999999,-51.75,-2.987141537818687e-23,0.0,45.0,-51.75,0.0,44.15,21.3
,NO_PATH,1.07566223e-18,0.0,29.99999999999999,-51.75,-2.987141537818687e-23,0.0,45.0,-51.75,0.0,44.15,21.32
,NO_PATH,9.37836012e-19,0.0,29.99999999999999,-51.75,-2.987141537818687e-23,0.0,45.0,-51.75,0.0,44.15,21.34
,NO_PATH,9.77874331e-19,0.0,29.99999999999999,-51.75,-2.987141537818687e-23,0.0,45.0,-51.75,0.0,44.15,21.360000000000003
,NO_PATH,-1.0057147e-20,0.0,29.99999999999999,-51.75,-2.987141537818687e-23,0.0,45.0,-51.75,0.0,44.15,21.380000000000003
,NO_PATH,8.75914645e-19,0.0,29.99999999999999,-51.75,-2.987141537818687e-23,0.0,45.0,-51.75,0.0,44.15,21.400000000000002
,NO_PATH,8.75914645e-19,0.0,29.99999999999999,-51.75,-2.987141537818687e-23,0.0,45.0,-51.75,0.0,44.15,21.42
,NO_PATH,6.22150143e-19,0.0,29.99999999999999,-51.75,-2.987141537818687e-23,0.0,45.0,-51.75,0.0,44.15,21.44
,NO_PATH,2.81313856e-19,0.0,29.99999999999999,-51.75,-2.987141537818687e-23,0.0,45.0,-51.75,0.0,44.15,21.46
,NO_PATH,5.36916416e-19,0.0,29.99999999999999,-51.75,-2.987141537818687e-23,0.0,45.0,-51.75,0.0,44.15,21.48
,NO_PATH,-1.24343666e-19,0.0,29.99999999999999,-51.75,-2.987141537818687e-23,0.0,45.0,-51.75,0.0,44.15,21.5
,NO_PATH,-1.24343666e-19,0.0,29.99999999999999,-51.75,-2.987141537818687e-23,0.0,45.0,-51.75,0.0,44.15,21.52
,NO_PATH,8.67022884e-19,0.0,29.99999999999999,-51.75,-2.987141537818687e-23,0.0,45.0,-51.75,0.0,44.15,21.540000000000003
,NO_PATH,1.89636743e-19,0.0,29.99999999999999,-51.75,-2.987141537818687e-23,0.0,45.0,-51.75,0.0,44.15,21.560000000000002
,NO_PATH,1.89636743e-19,0.0,29.99999999999999,-51.75,-2.987141537818687e-23,0.0,45.0,-51.75,0.0,44.15,21.580000000000002
,NO_PATH,3.52818678e-19,0.0,29.99999999999999,-51.75,-2.987141537818687e-23,0.0,45.0,-51.75,0.0,44.15,21.6
,NO_PATH,2.04210312e-19,0.0,29.99999999999999,-51.75,-2.987141537818687e-23,0.0,45.0,-51.75,0.0,44.15,21.62
,NO_PATH,7.3345909e-20,0.0,29.99999999999999,-51.75,-2.987141537818687e-23,0.0,45.0,-51.75,0.0,44.15,21.641000000000002
,NO_PATH,7.3345909e-20,0.0,29.99999999999999,-51.75,-2.987141537818687e-23,0.0,45.0,-51.75,0.0,44.15,21.66
,NO_PATH,1.06146729e-18,0.0,29.99999999999999,-51.75,-2.987141537818687e-23,0.0,45.0,-51.75,0.0,44.15,21.68
,NO_PATH,1.94171704e-19,0.0,29.99999999999999,-51.75,-2.987141537818687e-23,0.0,45.0,-51.75,0.0,44.15,21.700000000000003
,NO_PATH,-1.23049551e-19,0.0,29.99999999999999,-51.75,-2.987141537818687e-23,0.0,45.0,-51.75,0.0,44.15,21.720000000000002
,NO_PATH,-1.23049551e-19,0.0,29.99999999999999,-51.75,-2.987141537818687e-23,0.0,45.0,-51.75,0.0,44.15,21.740000000000002
,NO_PATH,3.57798311e-19,0.0,29.99999999999999,-51.75,-2.987141537818687e-23,0.0,45.0,-51.75,0.0,44.15,21.76
,NO_PATH,7.72174539e-19,0.0,29.99999999999999,-51.75,-2.987141537818687e-23,0.0,45.0,-51.75,0.0,44.15,21.78
,NO_PATH,1.56678009e-19,0.0,29.99999999999999,-51.75,-2.987141537818687e-23,0.0,45.0,-51.75,0.0,44.15,21.8
,NO_PATH,1.38387126e-18,0.0,29.99999999999999,-51.75,-2.987141537818687e-23,0.0,45.0,-51.75,0.0,44.15,21.82
,NO_PATH,1.38387126e-18,0.0,29.99999999999999,-51.75,-2.987141537818687e-23,0.0,45.0,-51.75,0.0,44.15,21.84
,NO_PATH,4.70933339e-19,0.0,29.99999999999999,-51.75,-2.987141537818687e-23,0.0,45.0,-51.75,0.0,44.15,21.860000000000003
,NO_PATH,2.26414486e-19,0.0,29.99999999999999,-51.75,-2.987141537818687e-23,0.0,45.0,-51.75,0.0,44.15,21.881
,NO_PATH,2.26414486e-19,0.0,29.99999999999999,-51.75,-2.987141537818687e-23,0.0,45.0,-51.75,0.0,44.15,21.901
,NO_PATH,5.26866761e-19,0.0,29.99999999999999,-51.75,-2.987141537818687e-23,0.0,45.0,-51.75,0.0,44.15,21.92
,NO_PATH,5.26866761e-19,0.0,29.99999999999999,-51.75,-2.987141537818687e-23,0.0,45.0,-51.75,0.0,44.15,21.94
,NO_PATH,5.66797814e-19,0.0,29.99999999999999,-51.75,-2.987141537818687e-23,0.0,45.0,-51.75,0.0,44.15,21.96
,NO_PATH,5.66797814e-19,0.0,29.99999999999999,-51.75,-2.987141537818687e-23,0.0,45.0,-51.75,0.0,44.15,21.98
,NO_PATH,8.34684752e-20,0.0,29.99999999999999,-51.75,-2.987141537818687e-23,0.0,45.0,-51.75,0.0,44.15,22.0
,NO_PATH,8.90167472e-19,0.0,29.99999999999999,-51.75,-2.987141537818687e-23,0.0,45.0,-51.75,0.0,44.15,22.020000000000003
,NO_PATH,8.90167472e-19,0.0,29.99999999999999,-51.75,-2.987141537818687e-23,0.0,45.0,-51.75,0.0,44.15,22.040000000000003
,NO_PATH,7.46001251e-19,0.0,29.99999999999999,-51.75,-2.987141537818687e-23,0.0,45.0,-51.75,0.0,44.15,22.060000000000002
,NO_PATH,9.20943271e-19,0.0,29.99999999999999,-51.75,-2.987141537818687e-23,0.0,45.0,-51.75,0.0,44.15,22.080000000000002
,NO_PATH,4.13187198e-19,0.0,29.99999999999999,-51.75,-2.987141537818687e-23,0.0,45.0,-51.75,0.0,44.15,22.1
,NO_PATH,4.13187198e-19,0.0,29.99999999999999,-51.75,-2.987141537818687e-23,0.0,45.0,-51.75,0.0,44.15,22.12
,NO_PATH,1.75706413e-19,0.0,29.99999999999999,-51.75,-2.987141537818687e-23,0.0,45.0,-51.75,0.0,44.15,22.14
,NO_PATH,1.01033505e-18,0.0,29.99999999999999,-51.75,-2.987141537818687e-23,0.0,45.0,-51.75,0.0,44.15,22.161
,NO_PATH,1.01033505e-18,0.0,29.99999999999999,-51.75,-2.987141537818687e-23,0.0,45.0,-51.75,0.0,44.15,22.18
,NO_PATH,2.88019726e-19,0.0,29.99999999999999,-51.75,-2.987141537818687e-23,0.0,45.0,-51.75,0.0,44.15,22.200000000000003
,NO_PATH,1.04741544e-18,0.0,29.99999999999999,-51.75,-2.987141537818687e-23,0.0,45.0,-51.75,0.0,44.15,22.220000000000002
,NO_PATH,9.85061394e-19,0.0,29.99999999999999,-51.75,-2.987141537818687e-23,0.0,45.0,-51.75,0.0,44.15,22.240000000000002
,NO_PATH,9.71462992e-19,0.0,29.99999999999999,-51.75,-2.987141537818687e-23,0.0,45.0,-51.75,0.0,44.15,22.26
,NO_PATH,7.32899267e-19,0.0,29.99999999999999,-51.75,-2.987141537818687e-23,0.0,45.0,-51.75,0.0,44.15,22.28
,NO_PATH,1.02840574e-18,0.0,29.99999999999999,-51.75,-2.987141537818687e-23,0.0,45.0,-51.75,0.0,44.15,22.3
,NO_PATH,7.17120733e-19,0.0,29.99999999999999,-51.75,-2.987141537818687e-23,0.0,45.0,-51.75,0.0,44.15,22.32
,NO_PATH,4.19147582e-19,0.0,29.99999999999999,-51.75,-2.987141537818687e-23,0.0,45.0,-51.75,0.0,44.15,22.34
,NO_PATH,4.19147582e-19,0.0,29.99999999999999,-51.75,-2.987141537818687e-23,0.0,45.0,-51.75,0.0,44.15,22.360000000000003
,NO_PATH,7.14104692e-19,0.0,29.99999999999999,-51.75,-2.987141537818687e-23,0.0,45.0,-51.75,0.0,44.15,22.380000000000003
,NO_PATH,7.14104692e-19,0.0,29.99999999999999,-51.75,-2.987141537818687e-23,0.0,45.0,-51.75,0.0,44.15,22.400000000000002
,NO_PATH,8.86511967e-19,0.0,29.99999999999999,-51.75,-2.987141537818687e-23,0.0,45.0,-51.75,0.0,44.15,22.42
,NO_PATH,5.26717993e-19,0.0,29.99999999999999,-51.75,-2.987141537818687e-23,0.0,45.0,-51.75,0.0,44.15,22.44
,NO_PATH,2.9896016e-19,0.0,29.99999999999999,-51.75,-2.987141537818687e-23,0.0,45.0,-51.75,0.0,44.15,22.46
,NO_PATH,2.9896016e-19,0.0,29.99999999999999,-51.75,-2.987141537818687e-23,0.0,45.0,-51.75,0.0,44.15,22.48
,NO_PATH,1.01804371e-18,0.0,29.99999999999999,-51.75,-2.987141537818687e-23,0.0,45.0,-51.75,0.0,44.15,22.5
,NO_PATH,2.26544356e-19,0.0,29.99999999999999,-51.75,-2.987141537818687e-23,0.0,45.0,-51.75,0.0,44.15,22.520000000000003
,NO_PATH,2.24514584e-19,0.0,29.99999999999999,-51.75,-2.987141537818687e-23,0.0,45.0,-51.75,0.0,44.15,22.540000000000003
,NO_PATH,2.48792159e-19,0.0,29.99999999999999,-51.75,-2.987141537818687e-23,0.0,45.0,-51.75,0.0,44.15,22.560000000000002
,NO_PATH,2.48792159e-19,0.0,29.99999999999999,-51.75,-2.987141537818687e-23,0.0,45.0,-51.75,0.0,44.15,22.580000000000002
,NO_PATH,9.65032147e-19,0.0,29.99999999999999,-51.75,-2.987141537818687e-23,0.0,45.0,-51.75,0.0,44.15,22.6
,NO_PATH,3.68990037e-19,0.0,29.99999999999999,-51.75,-2.987141537818687e-23,0.0,45.0,-51.75,0.0,44.15,22.62
,NO_PATH,2.03908545e-19,0.0,29.99999999999999,-51.75,-2.987141537818687e-23,0.0,45.0,-51.75,0.0,44.15,22.64
,NO_PATH,9.74618967e-20,0.0,29.99999999999999,-51.75,-2.987141537818687e-23,0.0,45.0,-51.75,0.0,44.15,22.66
,NO_PATH,4.48022904e-19,0.0,29.99999999999999,-51.75,-2.987141537818687e-23,0.0,45.0,-51.75,0.0,44.15,22.68
,NO_PATH,5.70097496e-19,0.0,29.99999999999999,-51.75,-2.987141537818687e-23,0.0,45.0,-51.75,0.0,44.15,22.700000000000003
,NO_PATH,5.70097496e-19,0.0,29.99999999999999,-51.75,-2.987141537818687e-23,0.0,45.0,-51.75,0.0,44.15,22.720000000000002
,NO_PATH,4.47498099e-19,0.0,29.99999999999999,-51.75,-2.987141537818687e-23,0.0,45.0,-51.75,0.0,44.15,22.740000000000002
,NO_PATH,4.47498099e-19,0.0,29.99999999999999,-51.75,-2.987141537818687e-23,0.0,45.0,-51.75,0.0,44.15,22.76
,NO_PATH,4.90587883e-19,0.0,29.99999999999999,-51.75,-2.987141537818687e-23,0.0,45.0,-51.75,0.0,44.15,22.78
,NO_PATH,6.31587696e-19,0.0,29.99999999999999,-51.75,-2.987141537818687e-23,0.0,45.0,-51.75,0.0,44.15,22.8
,NO_PATH,6.31587696e-19,0.0,29.99999999999999,-51.75,-2.987141537818687e-23,0.0,45.0,-51.75,0.0,44.15,22.82
,NO_PATH,8.8609927e-19,0.0,29.99999999999999,-51.75,-2.987141537818687e-23,0.0,45.0,-51.75,0.0,44.15,22.84
,NO_PATH,5.00199648e-19,0.0,29.99999999999999,-51.75,-2.987141537818687e-23,0.0,45.0,-51.75,0.0,44.15,22.860000000000003
,NO_PATH,8.82402677e-19,0.0,29.99999999999999,-51.75,-2.987141537818687e-23,0.0,45.0,-51.75,0.0,44.15,22.880000000000003
,NO_PATH,8.82402677e-19,0.0,29.99999999999999,-51.75,-2.987141537818687e-23,0.0,45.0,-51.75,0.0,44.15,22.900000000000002
,NO_PATH,9.83920597e-19,0.0,29.99999999999999,-51.75,-2.987141537818687e-23,0.0,45.0,-51.75,0.0,44.15,22.92
,NO_PATH,2.38025992e-19,0.0,29.99999999999999,-51.75,-2.987141537818687e-23,0.0,45.0,-51.75,0.0,44.15,22.94
,NO_PATH,2.38025992e-19,0.0,29.99999999999999,-51.75,-2.987141537818687e-23,0.0,45.0,-51.75,0.0,44.15,22.96
,NO_PATH,1.16715172e-18,0.0,29.99999999999999,-51.75,-2.987141537818687e-23,0.0,45.0,-51.75,0.0,44.15,22.98
,NO_PATH,1.16715172e-18,0.0,29.99999999999999,-51.75,-2.987141537818687e-23,0.0,45.0,-51.75,0.0,44.15,23.0
,NO_PATH,7.50103423e-19,0.0,29.99999999999999,-51.75,-2.987141537818687e-23,0.0,45.0,-51.75,0.0,44.15,23.020000000000003
,NO_PATH,4.29176217e-19,0.0,29.99999999999999,-51.75,-2.987141537818687e-23,0.0,45.0,-51.75,0.0,44.15,23.040000000000003
,NO_PATH,6.45510698e-19,0.0,29.99999999999999,-51.75,-2.987141537818687e-23,0.0,45.0,-51.75,0.0,44.15,23.060000000000002
,NO_PATH,4.83320894e-19,0.0,29.99999999999999,-51.75,-2.987141537818687e-23,0.0,45.0,-51.75,0.0,44.15,23.080000000000002
,NO_PATH,6.0564193e-19,0.0,29.99999999999999,-51.75,-2.987141537818687e-23,0.0,45.0,-51.75,0.0,44.15,23.101000000000003
,NO_PATH,6.0564193e-19,0.0,29.99999999999999,-51.75,-2.987141537818687e-23,0.0,45.0,-51.75,0.0,44.15,23.12
,NO_PATH,1.02658283e-18,0.0,29.99999999999999,-51.75,-2.987141537818687e-23,0.0,45.0,-51.75,0.0,44.15,23.141000000000002
,NO_PATH,5.74289195e-19,0.0,29.99999999999999,-51.75,-2.987141537818687e-23,0.0,45.0,-51.75,0.0,44.15,23.16
,NO_PATH,1.05403649e-18,0.0,29.99999999999999,-51.75,-2.987141537818687e-23,0.0,45.0,-51.75,0.0,44.15,23.181
,NO_PATH,7.714306e-19,0.0,29.99999999999999,-51.75,-2.987141537818687e-23,0.0,45.0,-51.75,0.0,44.15,23.200000000000003
,NO_PATH,3.50763074e-19,0.0,29.99999999999999,-51.75,-2.987141537818687e-23,0.0,45.0,-51.75,0.0,44.15,23.220000000000002
,NO_PATH,3.65794861e-19,0.0,29.99999999999999,-51.75,-2.987141537818687e-23,0.0,45.0,-51.75,0.0,44.15,23.240000000000002
,NO_PATH,9.87686724e-19,0.0,29.99999999999999,-51.75,-2.987141537818687e-23,0.0,45.0,-51.75,0.0,44.15,23.26
,NO_PATH,9.87686724e-19,0.0,29.99999999999999,-51.75,-2.987141537818687e-23,0.0,45.0,-51.75,0.0,44.15,23.28
,NO_PATH,6.3994172e-19,0.0,29.99999999999999,-51.75,-2.987141537818687e-23,0.0,45.0,-51.75,0.0,44.15,23.3
,NO_PATH,3.00349376e-19,0.0,29.99999999999999,-51.75,-2.987141537818687e-23,0.0,45.0,-51.75,0.0,44.15,23.32
,NO_PATH,2.449733e-19,0.0,29.99999999999999,-51.75,-2.987141537818687e-23,0.0,45.0,-51.75,0.0,44.15,23.34
,NO_PATH,5.12249481e-19,0.0,29.99999999999999,-51.75,-2.987141537818687e-23,0.0,45.0,-51.75,0.0,44.15,23.360000000000003
,NO_PATH,5.12249481e-19,0.0,29.99999999999999,-51.75,-2.987141537818687e-23,0.0,45.0,-51.75,0.0,44.15,23.380000000000003
,NO_PATH,2.62836718e-19,0.0,29.99999999999999,-51.75,-2.987141537818687e-23,0.0,45.0,-51.75,0.0,44.15,23.400000000000002
,NO_PATH,6.12242715e-19,0.0,29.99999999999999,-51.75,-2.987141537818687e-23,0.0,45.0,-51.75,0.0,44.15,23.42
,NO_PATH,7.31241132e-19,0.0,29.99999999999999,-51.75,-2.987141537818687e-23,0.0,45.0,-51.75,0.0,44.15,23.44
,NO_PATH,1.22923994e-18,0.0,29.99999999999999,-51.75,-2.987141537818687e-23,0.0,45.0,-51.75,0.0,44.15,23.46
,NO_PATH,4.93615514e-19,0.0,29.99999999999999,-51.75,-2.987141537818687e-23,0.0,45.0,-51.75,0.0,44.15,23.48
,NO_PATH,4.93615514e-19,0.0,29.99999999999999,-51.75,-2.987141537818687e-23,0.0,45.0,-51.75,0.0,44.15,23.5
,NO_PATH,7.44338284e-19,0.0,29.99999999999999,-51.75,-2.987141537818687e-23,0.0,45.0,-51.75,0.0,44.15,23.520000000000003
,NO_PATH,1.22824441e-19,0.0,29.99999999999999,-51.75,-2.987141537818687e-23,0.0,45.0,-51.75,0.0,44.15,23.540000000000003
,NO_PATH,8.20802692e-19,0.0,29.99999999999999,-51.75,-2.987141537818687e-23,0.0,45.0,-51.75,0.0,44.15,23.560000000000002
,NO_PATH,3.1959328e-19,0.0,29.99999999999999,-51.75,-2.987141537818687e-23,0.0,45.0,-51.75,0.0,44.15,23.580000000000002
,NO_PATH,3.1959328e-19,0.0,29.99999999999999,-51.75,-2.987141537818687e-23,0.0,45.0,-51.75,0.0,44.15,23.6
,NO_PATH,-3.88929609e-20,0.0,29.99999999999999,-51.75,-2.987141537818687e-23,0.0,45.0,-51.75,0.0,44.15,23.621000000000002
,NO_PATH,6.4924791e-19,0.0,29.99999999999999,-51.75,-2.987141537818687e-23,0.0,45.0,-51.75,0.0,44.15,23.64
,NO_PATH,6.4924791e-19,0.0,29.99999999999999,-51.75,-2.987141537818687e-23,0.0,45.0,-51.75,0.0,44.15,23.66
,NO_PATH,1.03236006e-18,0.0,29.99999999999999,-51.75,-2.987141537818687e-23,0.0,45.0,-51.75,0.0,44.15,23.68
,NO_PATH,1.03236006e-18,0.0,29.99999999999999,-51.75,-2.987141537818687e-23,0.0,45.0,-51.75,0.0,44.15,23.700000000000003
,NO_PATH,1.34612027e-18,0.0,29.99999999999999,-51.75,-2.987141537818687e-23,0.0,45.0,-51.75,0.0,44.15,23.720000000000002
,NO_PATH,-2.61669368e-20,0.0,29.99999999999999,-51.75,-2.987141537818687e-23,0.0,45.0,-51.75,0.0,44.15,23.740000000000002
,NO_PATH,6.01918977e-19,0.0,29.99999999999999,-51.75,-2.987141537818687e-23,0.0,45.0,-51.75,0.0,44.15,23.76
,NO_PATH,-4.32026614e-20,0.0,29.99999999999999,-51.75,-2.987141537818687e-23,0.0,45.0,-51.75,0.0,44.15,23.78
,NO_PATH,-4.32026614e-20,0.0,29.99999999999999,-51.75,-2.987141537818687e-23,0.0,45.0,-51.75,0.0,44.15,23.8
,NO_PATH,8.45994048e-19,0.0,29.99999999999999,-51.75,-2.987141537818687e-23,0.0,45.0,-51.75,0.0,44.15,23.821
,NO_PATH,5.3106591e-19,0.0,29.99999999999999,-51.75,-2.987141537818687e-23,0.0,45.0,-51.75,0.0,44.15,23.84
,NO_PATH,5.3106591e-19,0.0,29.99999999999999,-51.75,-2.987141537818687e-23,0.0,45.0,-51.75,0.0,44.15,23.860000000000003
,NO_PATH,3.67014356e-19,0.0,29.99999999999999,-51.75,-2.987141537818687e-23,0.0,45.0,-51.75,0.0,44.15,23.880000000000003
,NO_PATH,3.67014356e-19,0.0,29.99999999999999,-51.75,-2.987141537818687e-23,0.0,45.0,-51.75,0.0,44.15,23.900000000000002
,NO_PATH,2.56709536e-19,0.0,29.99999999999999,-51.75,-2.987141537818687e-23,0.0,45.0,-51.75,0.0,44.15,23.92
,NO_PATH,2.56709536e-19,0.0,29.99999999999999,-51.75,-2.987141537818687e-23,0.0,45.0,-51.75,0.0,44.15,23.94
,NO_PATH,1.19386216e-18,0.0,29.99999999999999,-51.75,-2.987141537818687e-23,0.0,45.0,-51.75,0.0,44.15,23.96
,NO_PATH,9.28783564e-19,0.0,29.99999999999999,-51.75,-2.987141537818687e-23,0.0,45.0,-51.75,0.0,44.15,23.981
,NO_PATH,9.28783564e-19,0.0,29.99999999999999,-51.75,-2.987141537818687e-23,0.0,45.0,-51.75,0.0,44.15,24.0
,NO_PATH,8.4817825e-19,0.0,29.99999999999999,-51.75,-2.987141537818687e-23,0.0,45.0,-51.75,0.0,44.15,24.020000000000003
,NO_PATH,8.4817825e-19,0.0,29.99999999999999,-51.75,-2.987141537818687e-23,0.0,45.0,-51.75,0.0,44.15,24.040000000000003
,NO_PATH,1.31144852e-19,0.0,29.99999999999999,-51.75,-2.987141537818687e-23,0.0,45.0,-51.75,0.0,44.15,24.060000000000002
,NO_PATH,4.02760668e-19,0.0,29.99999999999999,-51.75,-2.987141537818687e-23,0.0,45.0,-51.75,0.0,44.15,24.080000000000002
,NO_PATH,4.02760668e-19,0.0,29.99999999999999,-51.75,-2.987141537818687e-23,0.0,45.0,-51.75,0.0,44.15,24.101000000000003
,NO_PATH,1.19596985e-18,0.0,29.99999999999999,-51.75,-2.987141537818687e-23,0.0,45.0,-51.75,0.0,44.15,24.12
,NO_PATH,3.40989759e-19,0.0,29.99999999999999,-51.75,-2.987141537818687e-23,0.0,45.0,-51.75,0.0,44.15,24.14
,NO_PATH,-8.20029909e-20,0.0,29.99999999999999,-51.75,-2.987141537818687e-23,0.0,45.0,-51.75,0.0,44.15,24.16
,NO_PATH,4.44646406e-19,0.0,29.99999999999999,-51.75,-2.987141537818687e-23,0.0,45.0,-51.75,0.0,44.15,24.180000000000003
,NO_PATH,-8.13947043e-19,0.0,29.99999999999999,-51.75,-2.987141537818687e-23,0.0,45.0,-51.75,0.0,44.15,24.200000000000003
,NO_PATH,8.76297914e-19,0.0,29.99999999999999,-51.75,-2.987141537818687e-23,0.0,45.0,-51.75,0.0,44.15,24.220000000000002
,NO_PATH,6.92769364e-19,0.0,29.99999999999999,-51.75,-2.987141537818687e-23,0.0,45.0,-51.75,0.0,44.15,24.241000000000003
,NO_PATH,6.47914424e-19,0.0,29.99999999999999,-51.75,-2.987141537818687e-23,0.0,45.0,-51.75,0.0,44.15,24.26
,NO_PATH,6.47914424e-19,0.0,29.99999999999999,-51.75,-2.987141537818687e-23,0.0,45.0,-51.75,0.0,44.15,24.28
,NO_PATH,7.58651096e-19,0.0,29.99999999999999,-51.75,-2.987141537818687e-23,0.0,45.0,-51.75,0.0,44.15,24.3
,NO_PATH,7.58651096e-19,0.0,29.99999999999999,-51.75,-2.987141537818687e-23,0.0,45.0,-51.75,0.0,44.15,24.32
,NO_PATH,4.27537207e-19,0.0,29.99999999999999,-51.75,-2.987141537818687e-23,0.0,45.0,-51.75,0.0,44.15,24.34
,NO_PATH,4.27537207e-19,0.0,29.99999999999999,-51.75,-2.987141537818687e-23,0.0,45.0,-51.75,0.0,44.15,24.360000000000003
,NO_PATH,5.83604964e-19,0.0,29.99999999999999,-51.75,-2.987141537818687e-23,0.0,45.0,-51.75,0.0,44.15,24.380000000000003
,NO_PATH,1.28389246e-19,0.0,29.99999999999999,-51.75,-2.987141537818687e-23,0.0,45.0,-51.75,0.0,44.15,24.400000000000002
,NO_PATH,5.19205348e-19,0.0,29.99999999999999,-51.75,-2.987141537818687e-23,0.0,45.0,-51.75,0.0,44.15,24.421000000000003
,NO_PATH,5.19205348e-19,0.0,29.99999999999999,-51.75,-2.987141537818687e-23,0.0,45.0,-51.75,0.0,44.15,24.44
,NO_PATH,7.2387373e-19,0.0,29.99999999999999,-51.75,-2.987141537818687e-23,0.0,45.0,-51.75,0.0,44.15,24.46
,NO_PATH,1.91367328e-19,0.0,29.99999999999999,-51.75,-2.987141537818687e-23,0.0,45.0,-51.75,0.0,44.15,24.48
,NO_PATH,2.24279786e-19,0.0,29.99999999999999,-51.75,-2.987141537818687e-23,0.0,45.0,-51.75,0.0,44.15,24.5
,NO_PATH,1.85661342e-20,0.0,29.99999999999999,-51.75,-2.987141537818687e-23,0.0,45.0,-51.75,0.0,44.15,24.520000000000003
,NO_PATH,-1.73088404e-20,0.0,29.99999999999999,-51.75,-2.987141537818687e-23,0.0,45.0,-51.75,0.0,44.15,24.540000000000003
,NO_PATH,-1.73088404e-20,0.0,29.99999999999999,-51.75,-2.987141537818687e-23,0.0,45.0,-51.75,0.0,44.15,24.560000000000002
,NO_PATH,4.72910993e-19,0.0,29.99999999999999,-51.75,-2.987141537818687e-23,0.0,45.0,-51.75,0.0,44.15,24.580000000000002
,NO_PATH,4.72910993e-19,0.0,29.99999999999999,-51.75,-2.987141537818687e-23,0.0,45.0,-51.75,0.0,44.15,24.6
,NO_PATH,9.20561215e-19,0.0,29.99999999999999,-51.75,-2.987141537818687e-23,0.0,45.0,-51.75,0.0,44.15,24.62
,NO_PATH,2.05777698e-19,0.0,29.99999999999999,-51.75,-2.987141537818687e-23,0.0,45.0,-51.75,0.0,44.15,24.64
,NO_PATH,2.05777698e-19,0.0,29.99999999999999,-51.75,-2.987141537818687e-23,0.0,45.0,-51.75,0.0,44.15,24.66
,NO_PATH,9.1999561e-19,0.0,29.99999999999999,-51.75,-2.987141537818687e-23,0.0,45.0,-51.75,0.0,44.15,24.680000000000003
,NO_PATH,3.54462083e-19,0.0,29.99999999999999,-51.75,-2.987141537818687e-23,0.0,45.0,-51.75,0.0,44.15,24.700000000000003
,NO_PATH,6.24904456e-20,0.0,29.99999999999999,-51.75,-2.987141537818687e-23,0.0,45.0,-51.75,0.0,44.15,24.720000000000002
,NO_PATH,6.02575548e-19,0.0,29.99999999999999,-51.75,-2.987141537818687e-23,0.0,45.0,-51.75,0.0,44.15,24.740000000000002
,NO_PATH,9.17235349e-19,0.0,29.99999999999999,-51.75,-2.987141537818687e-23,0.0,45.0,-51.75,0.0,44.15,24.76
,NO_PATH,9.17235349e-19,0.0,29.99999999999999,-51.75,-2.987141537818687e-23,0.0,45.0,-51.75,0.0,44.15,24.78
,NO_PATH,-1.99155298e-19,0.0,29.99999999999999,-51.75,-2.987141537818687e-23,0.0,45.0,-51.75,0.0,44.15,24.8
,NO_PATH,-1.99155298e-19,0.0,29.99999999999999,-51.75,-2.987141537818687e-23,0.0,45.0,-51.75,0.0,44.15,24.821
,NO_PATH,1.56353089e-19,0.0,29.99999999999999,-51.75,-2.987141537818687e-23,0.0,45.0,-51.75,0.0,44.15,24.84
,NO_PATH,6.04814493e-19,0.0,29.99999999999999,-51.75,-2.987141537818687e-23,0.0,45.0,-51.75,0.0,44.15,24.860000000000003
,NO_PATH,1.10581751e-18,0.0,29.99999999999999,-51.75,-2.987141537818687e-23,0.0,45.0,-51.75,0.0,44.15,24.881
,NO_PATH,4.34886877e-19,0.0,29.99999999999999,-51.75,-2.987141537818687e-23,0.0,45.0,-51.75,0.0,44.15,24.901
,NO_PATH,4.34886877e-19,0.0,29.99999999999999,-51.75,-2.987141537818687e-23,0.0,45.0,-51.75,0.0,44.15,24.92
,NO_PATH,6.01168242e-19,0.0,29.99999999999999,-51.75,-2.987141537818687e-23,0.0,45.0,-51.75,0.0,44.15,24.94
,NO_PATH,-4.69109803e-19,0.0,29.99999999999999,-51.75,-2.987141537818687e-23,0.0,45.0,-51.75,0.0,44.15,24.96
,NO_PATH,-4.69109803e-19,0.0,29.99999999999999,-51.75,-2.987141537818687e-23,0.0,45.0,-51.75,0.0,44.15,24.98
,NO_PATH,1.21606461e-18,0.0,29.99999999999999,-51.75,-2.987141537818687e-23,0.0,45.0,-51.75,0.0,44.15,25.0
,NO_PATH,8.50073858e-19,0.0,29.99999999999999,-51.75,-2.987141537818687e-23,0.0,45.0,-51.75,0.0,44.15,25.020000000000003
,NO_PATH,1.93313361e-19,0.0,29.99999999999999,-51.75,-2.987141537818687e-23,0.0,45.0,-51.75,0.0,44.15,25.040000000000003
,NO_PATH,4.93834124e-19,0.0,29.99999999999999,-51.75,-2.987141537818687e-23,0.0,45.0,-51.75,0.0,44.15,25.061
,NO_PATH,3.9143657e-19,0.0,29.99999999999999,-51.75,-2.987141537818687e-23,0.0,45.0,-51.75,0.0,44.15,25.080000000000002
,NO_PATH,6.24234356e-19,0.0,29.99999999999999,-51.75,-2.987141537818687e-23,0.0,45.0,-51.75,0.0,44.15,25.1
,NO_PATH,6.24234356e-19,0.0,29.99999999999999,-51.75,-2.987141537818687e-23,0.0,45.0,-51.75,0.0,44.15,25.12
,NO_PATH,4.74389487e-19,0.0,29.99999999999999,-51.75,-2.987141537818687e-23,0.0,45.0,-51.75,0.0,44.15,25.14
,NO_PATH,4.75980373e-19,0.0,29.99999999999999,-51.75,-2.987141537818687e-23,0.0,45.0,-51.75,0.0,44.15,25.16
,NO_PATH,-3.84819805e-19,0.0,29.99999999999999,-51.75,-2.987141537818687e-23,0.0,45.0,-51.75,0.0,44.15,25.180000000000003
,NO_PATH,-3.84819805e-19,0.0,29.99999999999999,-51.75,-2.987141537818687e-23,0.0,45.0,-51.75,0.0,44.15,25.200000000000003
,NO_PATH,3.40277256e-19,0.0,29.99999999999999,-51.75,-2.987141537818687e-23,0.0,45.0,-51.75,0.0,44.15,25.220000000000002
,NO_PATH,3.40277256e-19,0.0,29.99999999999999,-51.75,-2.987141537818687e-23,0.0,45.0,-51.75,0.0,44.15,25.240000000000002
,NO_PATH,5.26527717e-19,0.0,29.99999999999999,-51.75,-2.987141537818687e-23,0.0,45.0,-51.75,0.0,44.15,25.26
,NO_PATH,6.05188917e-19,0.0,29.99999999999999,-51.75,-2.987141537818687e-23,0.0,45.0,-51.75,0.0,44.15,25.28
,NO_PATH,4.35471975e-19,0.0,29.99999999999999,-51.75,-2.987141537818687e-23,0.0,45.0,-51.75,0.0,44.15,25.3
,NO_PATH,2.6434389e-20,0.0,29.99999999999999,-51.75,-2.987141537818687e-23,0.0,45.0,-51.75,0.0,44.15,25.32
,NO_PATH,-5.89697677e-20,0.0,29.99999999999999,-51.75,-2.987141537818687e-23,0.0,45.0,-51.75,0.0,44.15,25.34
,NO_PATH,-5.89697677e-20,0.0,29.99999999999999,-51.75,-2.987141537818687e-23,0.0,45.0,-51.75,0.0,44.15,25.361
,NO_PATH,3.01318453e-19,0.0,29.99999999999999,-51.75,-2.987141537818687e-23,0.0,45.0,-51.75,0.0,44.15,25.380000000000003
,NO_PATH,5.05530319e-19,0.0,29.99999999999999,-51.75,-2.987141537818687e-23,0.0,45.0,-51.75,0.0,44.15,25.400000000000002
,NO_PATH,1.46408929e-18,0.0,29.99999999999999,-51.75,-2.987141537818687e-23,0.0,45.0,-51.75,0.0,44.15,25.42
,NO_PATH,1.46408929e-18,0.0,29.99999999999999,-51.75,-2.987141537818687e-23,0.0,45.0,-51.75,0.0,44.15,25.44
,NO_PATH,3.60827501e-19,0.0,29.99999999999999,-51.75,-2.987141537818687e-23,0.0,45.0,-51.75,0.0,44.15,25.46
,NO_PATH,3.60827501e-19,0.0,29.99999999999999,-51.75,-2.987141537818687e-23,0.0,45.0,-51.75,0.0,44.15,25.48
,NO_PATH,2.18678783e-19,0.0,29.99999999999999,-51.75,-2.987141537818687e-23,0.0,45.0,-51.75,0.0,44.15,25.5
,NO_PATH,9.0157847e-19,0.0,29.99999999999999,-51.75,-2.987141537818687e-23,0.0,45.0,-51.75,0.0,44.15,25.520000000000003
,NO_PATH,9.14957915e-19,0.0,29.99999999999999,-51.75,-2.987141537818687e-23,0.0,45.0,-51.75,0.0,44.15,25.540000000000003
,NO_PATH,9.14957915e-19,0.0,29.99999999999999,-51.75,-2.987141537818687e-23,0.0,45.0,-51.75,0.0,44.15,25.560000000000002
,NO_PATH,8.87856193e-19,0.0,29.99999999999999,-51.75,-2.987141537818687e-23,0.0,45.0,-51.75,0.0,44.15,25.581000000000003
,NO_PATH,7.52421655e-19,0.0,29.99999999999999,-51.75,-2.987141537818687e-23,0.0,45.0,-51.75,0.0,44.15,25.6
,NO_PATH,7.52421655e-19,0.0,29.99999999999999,-51.75,-2.987141537818687e-23,0.0,45.0,-51.75,0.0,44.15,25.62
,NO_PATH,-1.99607117e-20,0.0,29.99999999999999,-51.75,-2.987141537818687e-23,0.0,45.0,-51.75,0.0,44.15,25.641000000000002
,NO_PATH,-1.99607117e-20,0.0,29.99999999999999,-51.75,-2.987141537818687e-23,0.0,45.0,-51.75,0.0,44.15,25.66
,NO_PATH,1.01661573e-18,0.0,29.99999999999999,-51.75,-2.987141537818687e-23,0.0,45.0,-51.75,0.0,44.15,25.680000000000003
,NO_PATH,4.87158504e-19,0.0,29.99999999999999,-51.75,-2.987141537818687e-23,0.0,45.0,-51.75,0.0,44.15,25.700000000000003
,NO_PATH,-3.87588597e-19,0.0,29.99999999999999,-51.75,-2.987141537818687e-23,0.0,45.0,-51.75,0.0,44.15,25.721
,NO_PATH,1.21073215e-18,0.0,29.99999999999999,-51.75,-2.987141537818687e-23,0.0,45.0,-51.75,0.0,44.15,25.740000000000002
,NO_PATH,5.91747176e-19,0.0,29.99999999999999,-51.75,-2.987141537818687e-23,0.0,45.0,-51.75,0.0,44.15,25.76
,NO_PATH,5.91747176e-19,0.0,29.99999999999999,-51.75,-2.987141537818687e-23,0.0,45.0,-51.75,0.0,44.15,25.78
,NO_PATH,7.0748706e-19,0.0,29.99999999999999,-51.75,-2.987141537818687e-23,0.0,45.0,-51.75,0.0,44.15,25.801000000000002
,NO_PATH,7.0748706e-19,0.0,29.99999999999999,-51.75,-2.987141537818687e-23,0.0,45.0,-51.75,0.0,44.15,25.82
,NO_PATH,1.26564832e-19,0.0,29.99999999999999,-51.75,-2.987141537818687e-23,0.0,45.0,-51.75,0.0,44.15,25.84
,NO_PATH,7.35453009e-19,0.0,29.99999999999999,-51.75,-2.987141537818687e-23,0.0,45.0,-51.75,0.0,44.15,25.860000000000003
,NO_PATH,3.70664105e-19,0.0,29.99999999999999,-51.75,-2.987141537818687e-23,0.0,45.0,-51.75,0.0,44.15,25.880000000000003
,NO_PATH,1.02321981e-18,0.0,29.99999999999999,-51.75,-2.987141537818687e-23,0.0,45.0,-51.75,0.0,44.15,25.900000000000002
,NO_PATH,1.02321981e-18,0.0,29.99999999999999,-51.75,-2.987141537818687e-23,0.0,45.0,-51.75,0.0,44.15,25.921000000000003
,NO_PATH,2.17139607e-19,0.0,29.99999999999999,-51.75,-2.987141537818687e-23,0.0,45.0,-51.75,0.0,44.15,25.94
,NO_PATH,2.17139607e-19,0.0,29.99999999999999,-51.75,-2.987141537818687e-23,0.0,45.0,-51.75,0.0,44.15,25.96
,NO_PATH,3.40687924e-20,0.0,29.99999999999999,-51.75,-2.987141537818687e-23,0.0,45.0,-51.75,0.0,44.15,25.98
,NO_PATH,3.12234769e-19,0.0,29.99999999999999,-51.75,-2.987141537818687e-23,0.0,45.0,-51.75,0.0,44.15,26.001
,NO_PATH,7.8272888e-19,0.0,29.99999999999999,-51.75,-2.987141537818687e-23,0.0,45.0,-51.75,0.0,44.15,26.020000000000003
,NO_PATH,7.8272888e-19,0.0,29.99999999999999,-51.75,-2.987141537818687e-23,0.0,45.0,-51.75,0.0,44.15,26.040000000000003
,NO_PATH,7.22560135e-19,0.0,29.99999999999999,-51.75,-2.987141537818687e-23,0.0,45.0,-51.75,0.0,44.15,26.060000000000002
,NO_PATH,2.70863003e-19,0.0,29.99999999999999,-51.75,-2.987141537818687e-23,0.0,45.0,-51.75,0.0,44.15,26.080000000000002
,NO_PATH,5.72720449e-19,0.0,29.99999999999999,-51.75,-2.987141537818687e-23,0.0,45.0,-51.75,0.0,44.15,26.101000000000003
,NO_PATH,4.61107663e-19,0.0,29.99999999999999,-51.75,-2.987141537818687e-23,0.0,45.0,-51.75,0.0,44.15,26.12
,NO_PATH,1.51723975e-19,0.0,29.99999999999999,-51.75,-2.987141537818687e-23,0.0,45.0,-51.75,0.0,44.15,26.14
,NO_PATH,1.00342382e-18,0.0,29.99999999999999,-51.75,-2.987141537818687e-23,0.0,45.0,-51.75,0.0,44.15,26.16
,NO_PATH,1.06620326e-18,0.0,29.99999999999999,-51.75,-2.987141537818687e-23,0.0,45.0,-51.75,0.0,44.15,26.180000000000003
,NO_PATH,-1.38257005e-20,0.0,29.99999999999999,-51.75,-2.987141537818687e-23,0.0,45.0,-51.75,0.0,44.15,26.201
,NO_PATH,8.95900903e-19,0.0,29.99999999999999,-51.75,-2.987141537818687e-23,0.0,45.0,-51.75,0.0,44.15,26.220000000000002
,NO_PATH,6.07266741e-19,0.0,29.99999999999999,-51.75,-2.987141537818687e-23,0.0,45.0,-51.75,0.0,44.15,26.240000000000002
,NO_PATH,8.42905061e-19,0.0,29.99999999999999,-51.75,-2.987141537818687e-23,0.0,45.0,-51.75,0.0,44.15,26.26
,NO_PATH,8.42905061e-19,0.0,29.99999999999999,-51.75,-2.987141537818687e-23,0.0,45.0,-51.75,0.0,44.15,26.28
,NO_PATH,8.64355754e-19,0.0,29.99999999999999,-51.75,-2.987141537818687e-23,0.0,45.0,-51.75,0.0,44.15,26.3
,NO_PATH,8.64355754e-19,0.0,29.99999999999999,-51.75,-2.987141537818687e-23,0.0,45.0,-51.75,0.0,44.15,26.32
,NO_PATH,-6.48228302e-19,0.0,29.99999999999999,-51.75,-2.987141537818687e-23,0.0,45.0,-51.75,0.0,44.15,26.340000000000003
,NO_PATH,4.0564135e-19,0.0,29.99999999999999,-51.75,-2.987141537818687e-23,0.0,45.0,-51.75,0.0,44.15,26.360000000000003
,NO_PATH,6.59165486e-19,0.0,29.99999999999999,-51.75,-2.987141537818687e-23,0.0,45.0,-51.75,0.0,44.15,26.380000000000003
,NO_PATH,3.33904279e-19,0.0,29.99999999999999,-51.75,-2.987141537818687e-23,0.0,45.0,-51.75,0.0,44.15,26.401000000000003
,NO_PATH,1.28008465e-19,0.0,29.99999999999999,-51.75,-2.987141537818687e-23,0.0,45.0,-51.75,0.0,44.15,26.42
,NO_PATH,1.28008465e-19,0.0,29.99999999999999,-51.75,-2.987141537818687e-23,0.0,45.0,-51.75,0.0,44.15,26.44
,NO_PATH,6.30420291e-19,0.0,29.99999999999999,-51.75,-2.987141537818687e-23,0.0,45.0,-51.75,0.0,44.15,26.46
,NO_PATH,3.06412739e-19,0.0,29.99999999999999,-51.75,-2.987141537818687e-23,0.0,45.0,-51.75,0.0,44.15,26.48
,NO_PATH,5.93984173e-19,0.0,29.99999999999999,-51.75,-2.987141537818687e-23,0.0,45.0,-51.75,0.0,44.15,26.5
,NO_PATH,5.93984173e-19,0.0,29.99999999999999,-51.75,-2.987141537818687e-23,0.0,45.0,-51.75,0.0,44.15,26.520000000000003
,NO_PATH,9.78846889e-19,0.0,29.99999999999999,-51.75,-2.987141537818687e-23,0.0,45.0,-51.75,0.0,44.15,26.540000000000003
,NO_PATH,1.1472422e-18,0.0,29.99999999999999,-51.75,-2.987141537818687e-23,0.0,45.0,-51.75,0.0,44.15,26.560000000000002
,NO_PATH,-2.57577831e-19,0.0,29.99999999999999,-51.75,-2.987141537818687e-23,0.0,45.0,-51.75,0.0,44.15,26.581000000000003
,NO_PATH,-2.57577831e-19,0.0,29.99999999999999,-51.75,-2.987141537818687e-23,0.0,45.0,-51.75,0.0,44.15,26.6
,NO_PATH,6.33347089e-19,0.0,29.99999999999999,-51.75,-2.987141537818687e-23,0.0,45.0,-51.75,0.0,44.15,26.62
,NO_PATH,4.44656827e-19,0.0,29.99999999999999,-51.75,-2.987141537818687e-23,0.0,45.0,-51.75,0.0,44.15,26.64
,NO_PATH,4.44656827e-19,0.0,29.99999999999999,-51.75,-2.987141537818687e-23,0.0,45.0,-51.75,0.0,44.15,26.66
,NO_PATH,1.06617405e-18,0.0,29.99999999999999,-51.75,-2.987141537818687e-23,0.0,45.0,-51.75,0.0,44.15,26.681
,NO_PATH,1.06617405e-18,0.0,29.99999999999999,-51.75,-2.987141537818687e-23,0.0,45.0,-51.75,0.0,44.15,26.701
,NO_PATH,4.11806781e-19,0.0,29.99999999999999,-51.75,-2.987141537818687e-23,0.0,45.0,-51.75,0.0,44.15,26.721
,NO_PATH,1.98358819e-19,0.0,29.99999999999999,-51.75,-2.987141537818687e-23,0.0,45.0,-51.75,0.0,44.15,26.740000000000002
,NO_PATH,6.33740315e-19,0.0,29.99999999999999,-51.75,-2.987141537818687e-23,0.0,45.0,-51.75,0.0,44.15,26.76
,NO_PATH,6.33740315e-19,0.0,29.99999999999999,-51.75,-2.987141537818687e-23,0.0,45.0,-51.75,0.0,44.15,26.78
,NO_PATH,3.71697728e-19,0.0,29.99999999999999,-51.75,-2.987141537818687e-23,0.0,45.0,-51.75,0.0,44.15,26.8
,NO_PATH,8.2671827e-19,0.0,29.99999999999999,-51.75,-2.987141537818687e-23,0.0,45.0,-51.75,0.0,44.15,26.82
,NO_PATH,8.2671827e-19,0.0,29.99999999999999,-51.75,-2.987141537818687e-23,0.0,45.0,-51.75,0.0,44.15,26.840000000000003
,NO_PATH,7.52011276e-19,0.0,29.99999999999999,-51.75,-2.987141537818687e-23,0.0,45.0,-51.75,0.0,44.15,26.860000000000003
,NO_PATH,1.13432263e-19,0.0,29.99999999999999,-51.75,-2.987141537818687e-23,0.0,45.0,-51.75,0.0,44.15,26.880000000000003
,NO_PATH,5.38418449e-19,0.0,29.99999999999999,-51.75,-2.987141537818687e-23,0.0,45.0,-51.75,0.0,44.15,26.900000000000002
,NO_PATH,5.38418449e-19,0.0,29.99999999999999,-51.75,-2.987141537818687e-23,0.0,45.0,-51.75,0.0,44.15,26.92
,NO_PATH,7.31303832e-19,0.0,29.99999999999999,-51.75,-2.987141537818687e-23,0.0,45.0,-51.75,0.0,44.15,26.94
,NO_PATH,7.31303832e-19,0.0,29.99999999999999,-51.75,-2.987141537818687e-23,0.0,45.0,-51.75,0.0,44.15,26.96
,NO_PATH,2.44894631e-19,0.0,29.99999999999999,-51.75,-2.987141537818687e-23,0.0,45.0,-51.75,0.0,44.15,26.98
,NO_PATH,5.74346498e-19,0.0,29.99999999999999,-51.75,-2.987141537818687e-23,0.0,45.0,-51.75,0.0,44.15,27.0
,NO_PATH,3.93936864e-19,0.0,29.99999999999999,-51.75,-2.987141537818687e-23,0.0,45.0,-51.75,0.0,44.15,27.020000000000003
,NO_PATH,3.93936864e-19,0.0,29.99999999999999,-51.75,-2.987141537818687e-23,0.0,45.0,-51.75,0.0,44.15,27.040000000000003
,NO_PATH,4.45661125e-19,0.0,29.99999999999999,-51.75,-2.987141537818687e-23,0.0,45.0,-51.75,0.0,44.15,27.060000000000002
,NO_PATH,5.1885438e-19,0.0,29.99999999999999,-51.75,-2.987141537818687e-23,0.0,45.0,-51.75,0.0,44.15,27.080000000000002
,NO_PATH,6.96495254e-19,0.0,29.99999999999999,-51.75,-2.987141537818687e-23,0.0,45.0,-51.75,0.0,44.15,27.1
,NO_PATH,6.96495254e-19,0.0,29.99999999999999,-51.75,-2.987141537818687e-23,0.0,45.0,-51.75,0.0,44.15,27.12
,NO_PATH,8.96633636e-19,0.0,29.99999999999999,-51.75,-2.987141537818687e-23,0.0,45.0,-51.75,0.0,44.15,27.14
,NO_PATH,-6.50396836e-19,0.0,29.99999999999999,-51.75,-2.987141537818687e-23,0.0,45.0,-51.75,0.0,44.15,27.16
,NO_PATH,2.47046691e-19,0.0,29.99999999999999,-51.75,-2.987141537818687e-23,0.0,45.0,-51.75,0.0,44.15,27.180000000000003
,NO_PATH,3.00679975e-19,0.0,29.99999999999999,-51.75,-2.987141537818687e-23,0.0,45.0,-51.75,0.0,44.15,27.200000000000003
,NO_PATH,4.98376578e-19,0.0,29.99999999999999,-51.75,-2.987141537818687e-23,0.0,45.0,-51.75,0.0,44.15,27.220000000000002
,NO_PATH,4.98376578e-19,0.0,29.99999999999999,-51.75,-2.987141537818687e-23,0.0,45.0,-51.75,0.0,44.15,27.240000000000002
,NO_PATH,9.08152431e-19,0.0,29.99999999999999,-51.75,-2.987141537818687e-23,0.0,45.0,-51.75,0.0,44.15,27.26
,NO_PATH,9.08318102e-20,0.0,29.99999999999999,-51.75,-2.987141537818687e-23,0.0,45.0,-51.75,0.0,44.15,27.28
,NO_PATH,9.08318102e-20,0.0,29.99999999999999,-51.75,-2.987141537818687e-23,0.0,45.0,-51.75,0.0,44.15,27.3
,NO_PATH,5.90072465e-19,0.0,29.99999999999999,-51.75,-2.987141537818687e-23,0.0,45.0,-51.75,0.0,44.15,27.32
,NO_PATH,5.90072465e-19,0.0,29.99999999999999,-51.75,-2.987141537818687e-23,0.0,45.0,-51.75,0.0,44.15,27.340000000000003
,NO_PATH,3.6230042e-19,0.0,29.99999999999999,-51.75,-2.987141537818687e-23,0.0,45.0,-51.75,0.0,44.15,27.360000000000003
,NO_PATH,5.82291086e-20,0.0,29.99999999999999,-51.75,-2.987141537818687e-23,0.0,45.0,-51.75,0.0,44.15,27.380000000000003
,NO_PATH,7.6084237e-19,0.0,29.99999999999999,-51.75,-2.987141537818687e-23,0.0,45.0,-51.75,0.0,44.15,27.400000000000002
,NO_PATH,7.04330206e-19,0.0,29.99999999999999,-51.75,-2.987141537818687e-23,0.0,45.0,-51.75,0.0,44.15,27.42
,NO_PATH,-2.43370569e-19,0.0,29.99999999999999,-51.75,-2.987141537818687e-23,0.0,45.0,-51.75,0.0,44.15,27.44
,NO_PATH,-2.43370569e-19,0.0,29.99999999999999,-51.75,-2.987141537818687e-23,0.0,45.0,-51.75,0.0,44.15,27.46
,NO_PATH,5.87183774e-19,0.0,29.99999999999999,-51.75,-2.987141537818687e-23,0.0,45.0,-51.75,0.0,44.15,27.48
,NO_PATH,5.87183774e-19,0.0,29.99999999999999,-51.75,-2.987141537818687e-23,0.0,45.0,-51.75,0.0,44.15,27.5
,NO_PATH,7.09058498e-19,0.0,29.99999999999999,-51.75,-2.987141537818687e-23,0.0,45.0,-51.75,0.0,44.15,27.520000000000003
,NO_PATH,3.88507992e-19,0.0,29.99999999999999,-51.75,-2.987141537818687e-23,0.0,45.0,-51.75,0.0,44.15,27.540000000000003
,NO_PATH,3.34641289e-19,0.0,29.99999999999999,-51.75,-2.987141537818687e-23,0.0,45.0,-51.75,0.0,44.15,27.560000000000002
,NO_PATH,3.34641289e-19,0.0,29.99999999999999,-51.75,-2.987141537818687e-23,0.0,45.0,-51.75,0.0,44.15,27.580000000000002
,NO_PATH,7.27136037e-19,0.0,29.99999999999999,-51.75,-2.987141537818687e-23,0.0,45.0,-51.75,0.0,44.15,27.602
,NO_PATH,2.51598263e-19,0.0,29.99999999999999,-51.75,-2.987141537818687e-23,0.0,45.0,-51.75,0.0,44.15,27.62
,NO_PATH,4.44790373e-19,0.0,29.99999999999999,-51.75,-2.987141537818687e-23,0.0,45.0,-51.75,0.0,44.15,27.64
,NO_PATH,5.34900911e-19,0.0,29.99999999999999,-51.75,-2.987141537818687e-23,0.0,45.0,-51.75,0.0,44.15,27.661
,NO_PATH,5.34900911e-19,0.0,29.99999999999999,-51.75,-2.987141537818687e-23,0.0,45.0,-51.75,0.0,44.15,27.680000000000003
,NO_PATH,1.14857524e-18,0.0,29.99999999999999,-51.75,-2.987141537818687e-23,0.0,45.0,-51.75,0.0,44.15,27.700000000000003
,NO_PATH,8.75701621e-19,0.0,29.99999999999999,-51.75,-2.987141537818687e-23,0.0,45.0,-51.75,0.0,44.15,27.720000000000002
,NO_PATH,3.17219575e-19,0.0,29.99999999999999,-51.75,-2.987141537818687e-23,0.0,45.0,-51.75,0.0,44.15,27.740000000000002
,NO_PATH,6.91492894e-19,0.0,29.99999999999999,-51.75,-2.987141537818687e-23,0.0,45.0,-51.75,0.0,44.15,27.76
,NO_PATH,1.16672585e-18,0.0,29.99999999999999,-51.75,-2.987141537818687e-23,0.0,45.0,-51.75,0.0,44.15,27.78
,NO_PATH,4.94900546e-19,0.0,29.99999999999999,-51.75,-2.987141537818687e-23,0.0,45.0,-51.75,0.0,44.15,27.8
,NO_PATH,8.35837321e-19,0.0,29.99999999999999,-51.75,-2.987141537818687e-23,0.0,45.0,-51.75,0.0,44.15,27.82
,NO_PATH,8.35837321e-19,0.0,29.99999999999999,-51.75,-2.987141537818687e-23,0.0,45.0,-51.75,0.0,44.15,27.840000000000003
,NO_PATH,1.96669178e-19,0.0,29.99999999999999,-51.75,-2.987141537818687e-23,0.0,45.0,-51.75,0.0,44.15,27.860000000000003
,NO_PATH,1.96669178e-19,0.0,29.99999999999999,-51.75,-2.987141537818687e-23,0.0,45.0,-51.75,0.0,44.15,27.880000000000003
,NO_PATH,5.13243372e-19,0.0,29.99999999999999,-51.75,-2.987141537818687e-23,0.0,45.0,-51.75,0.0,44.15,27.900000000000002
,NO_PATH,8.340155e-19,0.0,29.99999999999999,-51.75,-2.987141537818687e-23,0.0,45.0,-51.75,0.0,44.15,27.92
,NO_PATH,5.57332251e-19,0.0,29.99999999999999,-51.75,-2.987141537818687e-23,0.0,45.0,-51.75,0.0,44.15,27.94
,NO_PATH,3.93337652e-19,0.0,29.99999999999999,-51.75,-2.987141537818687e-23,0.0,45.0,-51.75,0.0,44.15,27.96
,NO_PATH,8.12161855e-19,0.0,29.99999999999999,-51.75,-2.987141537818687e-23,0.0,45.0,-51.75,0.0,44.15,27.98
,NO_PATH,8.12161855e-19,0.0,29.99999999999999,-51.75,-2.987141537818687e-23,0.0,45.0,-51.75,0.0,44.15,28.0
,NO_PATH,8.3390778e-19,0.0,29.99999999999999,-51.75,-2.987141537818687e-23,0.0,45.0,-51.75,0.0,44.15,28.020000000000003
,NO_PATH,2.86918718e-19,0.0,29.99999999999999,-51.75,-2.987141537818687e-23,0.0,45.0,-51.75,0.0,44.15,28.040000000000003
,NO_PATH,5.07124835e-19,0.0,29.99999999999999,-51.75,-2.987141537818687e-23,0.0,45.0,-51.75,0.0,44.15,28.060000000000002
,NO_PATH,1.78925258e-19,0.0,29.99999999999999,-51.75,-2.987141537818687e-23,0.0,45.0,-51.75,0.0,44.15,28.081000000000003
,NO_PATH,1.39829844e-18,0.0,29.99999999999999,-51.75,-2.987141537818687e-23,0.0,45.0,-51.75,0.0,44.15,28.1
,NO_PATH,2.18174783e-19,0.0,29.99999999999999,-51.75,-2.987141537818687e-23,0.0,45.0,-51.75,0.0,44.15,28.12
,NO_PATH,2.18174783e-19,0.0,29.99999999999999,-51.75,-2.987141537818687e-23,0.0,45.0,-51.75,0.0,44.15,28.14
,NO_PATH,3.1550611e-20,0.0,29.99999999999999,-51.75,-2.987141537818687e-23,0.0,45.0,-51.75,0.0,44.15,28.16
,NO_PATH,5.04985987e-19,0.0,29.99999999999999,-51.75,-2.987141537818687e-23,0.0,45.0,-51.75,0.0,44.15,28.180000000000003
,NO_PATH,6.3616145e-19,0.0,29.99999999999999,-51.75,-2.987141537818687e-23,0.0,45.0,-51.75,0.0,44.15,28.200000000000003
,NO_PATH,5.0700033e-19,0.0,29.99999999999999,-51.75,-2.987141537818687e-23,0.0,45.0,-51.75,0.0,44.15,28.220000000000002
,NO_PATH,5.0700033e-19,0.0,29.99999999999999,-51.75,-2.987141537818687e-23,0.0,45.0,-51.75,0.0,44.15,28.240000000000002
,NO_PATH,7.63060885e-19,0.0,29.99999999999999,-51.75,-2.987141537818687e-23,0.0,45.0,-51.75,0.0,44.15,28.26
,NO_PATH,9.83541073e-19,0.0,29.99999999999999,-51.75,-2.987141537818687e-23,0.0,45.0,-51.75,0.0,44.15,28.28
,NO_PATH,9.83541073e-19,0.0,29.99999999999999,-51.75,-2.987141537818687e-23,0.0,45.0,-51.75,0.0,44.15,28.301000000000002
,NO_PATH,8.12094822e-19,0.0,29.99999999999999,-51.75,-2.987141537818687e-23,0.0,45.0,-51.75,0.0,44.15,28.32
,NO_PATH,5.16803961e-19,0.0,29.99999999999999,-51.75,-2.987141537818687e-23,0.0,45.0,-51.75,0.0,44.15,28.341
,NO_PATH,5.16803961e-19,0.0,29.99999999999999,-51.75,-2.987141537818687e-23,0.0,45.0,-51.75,0.0,44.15,28.361
,NO_PATH,1.09206871e-18,0.0,29.99999999999999,-51.75,-2.987141537818687e-23,0.0,45.0,-51.75,0.0,44.15,28.380000000000003
,NO_PATH,5.39277693e-19,0.0,29.99999999999999,-51.75,-2.987141537818687e-23,0.0,45.0,-51.75,0.0,44.15,28.400000000000002
,NO_PATH,3.39286829e-19,0.0,29.99999999999999,-51.75,-2.987141537818687e-23,0.0,45.0,-51.75,0.0,44.15,28.42
,NO_PATH,3.39286829e-19,0.0,29.99999999999999,-51.75,-2.987141537818687e-23,0.0,45.0,-51.75,0.0,44.15,28.44
,NO_PATH,9.68900344e-19,0.0,29.99999999999999,-51.75,-2.987141537818687e-23,0.0,45.0,-51.75,0.0,44.15,28.461000000000002
,NO_PATH,3.69192088e-19,0.0,29.99999999999999,-51.75,-2.987141537818687e-23,0.0,45.0,-51.75,0.0,44.15,28.481
,NO_PATH,3.69192088e-19,0.0,29.99999999999999,-51.75,-2.987141537818687e-23,0.0,45.0,-51.75,0.0,44.15,28.5
,NO_PATH,8.27487051e-19,0.0,29.99999999999999,-51.75,-2.987141537818687e-23,0.0,45.0,-51.75,0.0,44.15,28.520000000000003
,NO_PATH,4.27811939e-19,0.0,29.99999999999999,-51.75,-2.987141537818687e-23,0.0,45.0,-51.75,0.0,44.15,28.541
,NO_PATH,4.27811939e-19,0.0,29.99999999999999,-51.75,-2.987141537818687e-23,0.0,45.0,-51.75,0.0,44.15,28.560000000000002
,NO_PATH,5.02400061e-19,0.0,29.99999999999999,-51.75,-2.987141537818687e-23,0.0,45.0,-51.75,0.0,44.15,28.580000000000002
,NO_PATH,7.17499934e-19,0.0,29.99999999999999,-51.75,-2.987141537818687e-23,0.0,45.0,-51.75,0.0,44.15,28.601000000000003
,NO_PATH,7.17499934e-19,0.0,29.99999999999999,-51.75,-2.987141537818687e-23,0.0,45.0,-51.75,0.0,44.15,28.62
,NO_PATH,4.68674064e-19,0.0,29.99999999999999,-51.75,-2.987141537818687e-23,0.0,45.0,-51.75,0.0,44.15,28.64
,NO_PATH,4.68674064e-19,0.0,29.99999999999999,-51.75,-2.987141537818687e-23,0.0,45.0,-51.75,0.0,44.15,28.66
,NO_PATH,2.53940523e-20,0.0,29.99999999999999,-51.75,-2.987141537818687e-23,0.0,45.0,-51.75,0.0,44.15,28.680000000000003
,NO_PATH,2.40988501e-19,0.0,29.99999999999999,-51.75,-2.987141537818687e-23,0.0,45.0,-51.75,0.0,44.15,28.700000000000003
,NO_PATH,2.81438081e-19,0.0,29.99999999999999,-51.75,-2.987141537818687e-23,0.0,45.0,-51.75,0.0,44.15,28.720000000000002
,NO_PATH,8.19706407e-19,0.0,29.99999999999999,-51.75,-2.987141537818687e-23,0.0,45.0,-51.75,0.0,44.15,28.740000000000002
,NO_PATH,8.87612211e-19,0.0,29.99999999999999,-51.75,-2.987141537818687e-23,0.0,45.0,-51.75,0.0,44.15,28.76
,NO_PATH,4.69632809e-19,0.0,29.99999999999999,-51.75,-2.987141537818687e-23,0.0,45.0,-51.75,0.0,44.15,28.78
,NO_PATH,4.69632809e-19,0.0,29.99999999999999,-51.75,-2.987141537818687e-23,0.0,45.0,-51.75,0.0,44.15,28.8
,NO_PATH,8.49617142e-19,0.0,29.99999999999999,-51.75,-2.987141537818687e-23,0.0,45.0,-51.75,0.0,44.15,28.82
,NO_PATH,8.49617142e-19,0.0,29.99999999999999,-51.75,-2.987141537818687e-23,0.0,45.0,-51.75,0.0,44.15,28.840000000000003
,NO_PATH,4.41388842e-19,0.0,29.99999999999999,-51.75,-2.987141537818687e-23,0.0,45.0,-51.75,0.0,44.15,28.860000000000003
,NO_PATH,4.41388842e-19,0.0,29.99999999999999,-51.75,-2.987141537818687e-23,0.0,45.0,-51.75,0.0,44.15,28.880000000000003
,NO_PATH,2.15708093e-20,0.0,29.99999999999999,-51.75,-2.987141537818687e-23,0.0,45.0,-51.75,0.0,44.15,28.900000000000002
,NO_PATH,6.22630619e-19,0.0,29.99999999999999,-51.75,-2.987141537818687e-23,0.0,45.0,-51.75,0.0,44.15,28.921000000000003
,NO_PATH,3.14363396e-19,0.0,29.99999999999999,-51.75,-2.987141537818687e-23,0.0,45.0,-51.75,0.0,44.15,28.94
,NO_PATH,5.49026804e-19,0.0,29.99999999999999,-51.75,-2.987141537818687e-23,0.0,45.0,-51.75,0.0,44.15,28.96
,NO_PATH,4.283301e-19,0.0,29.99999999999999,-51.75,-2.987141537818687e-23,0.0,45.0,-51.75,0.0,44.15,28.98
,NO_PATH,5.47890781e-19,0.0,29.99999999999999,-51.75,-2.987141537818687e-23,0.0,45.0,-51.75,0.0,44.15,29.000000000000004
,NO_PATH,1.35162336e-19,0.0,29.99999999999999,-51.75,-2.987141537818687e-23,0.0,45.0,-51.75,0.0,44.15,29.020000000000003
,NO_PATH,1.07975488e-18,0.0,29.99999999999999,-51.75,-2.987141537818687e-23,0.0,45.0,-51.75,0.0,44.15,29.040000000000003
,NO_PATH,1.07975488e-18,0.0,29.99999999999999,-51.75,-2.987141537818687e-23,0.0,45.0,-51.75,0.0,44.15,29.060000000000002
,NO_PATH,3.30870075e-19,0.0,29.99999999999999,-51.75,-2.987141537818687e-23,0.0,45.0,-51.75,0.0,44.15,29.080000000000002
,NO_PATH,9.40986878e-19,0.0,29.99999999999999,-51.75,-2.987141537818687e-23,0.0,45.0,-51.75,0.0,44.15,29.1
,NO_PATH,9.40986878e-19,0.0,29.99999999999999,-51.75,-2.987141537818687e-23,0.0,45.0,-51.75,0.0,44.15,29.12
,NO_PATH,3.44233368e-19,0.0,29.99999999999999,-51.75,-2.987141537818687e-23,0.0,45.0,-51.75,0.0,44.15,29.14
,NO_PATH,3.57889181e-19,0.0,29.99999999999999,-51.75,-2.987141537818687e-23,0.0,45.0,-51.75,0.0,44.15,29.16
,NO_PATH,3.64446917e-19,0.0,29.99999999999999,-51.75,-2.987141537818687e-23,0.0,45.0,-51.75,0.0,44.15,29.181
,NO_PATH,3.64446917e-19,0.0,29.99999999999999,-51.75,-2.987141537818687e-23,0.0,45.0,-51.75,0.0,44.15,29.200000000000003
,NO_PATH,4.35752046e-19,0.0,29.99999999999999,-51.75,-2.987141537818687e-23,0.0,45.0,-51.75,0.0,44.15,29.220000000000002
,NO_PATH,6.0744835e-19,0.0,29.99999999999999,-51.75,-2.987141537818687e-23,0.0,45.0,-51.75,0.0,44.15,29.240000000000002
,NO_PATH,6.0744835e-19,0.0,29.99999999999999,-51.75,-2.987141537818687e-23,0.0,45.0,-51.75,0.0,44.15,29.26
,NO_PATH,1.0142579e-19,0.0,29.99999999999999,-51.75,-2.987141537818687e-23,0.0,45.0,-51.75,0.0,44.15,29.28
,NO_PATH,1.76932109e-19,0.0,29.99999999999999,-51.75,-2.987141537818687e-23,0.0,45.0,-51.75,0.0,44.15,29.3
,NO_PATH,2.13833972e-19,0.0,29.99999999999999,-51.75,-2.987141537818687e-23,0.0,45.0,-51.75,0.0,44.15,29.32
,NO_PATH,2.13833972e-19,0.0,29.99999999999999,-51.75,-2.987141537818687e-23,0.0,45.0,-51.75,0.0,44.15,29.340000000000003
,NO_PATH,7.54592409e-19,0.0,29.99999999999999,-51.75,-2.987141537818687e-23,0.0,45.0,-51.75,0.0,44.15,29.361
,NO_PATH,7.54592409e-19,0.0,29.99999999999999,-51.75,-2.987141537818687e-23,0.0,45.0,-51.75,0.0,44.15,29.380000000000003
,NO_PATH,4.33648819e-19,0.0,29.99999999999999,-51.75,-2.987141537818687e-23,0.0,45.0,-51.75,0.0,44.15,29.400000000000002
,NO_PATH,-1.22023122e-21,0.0,29.99999999999999,-51.75,-2.987141537818687e-23,0.0,45.0,-51.75,0.0,44.15,29.42
,NO_PATH,1.00241076e-18,0.0,29.99999999999999,-51.75,-2.987141537818687e-23,0.0,45.0,-51.75,0.0,44.15,29.44
,NO_PATH,1.17412773e-18,0.0,29.99999999999999,-51.75,-2.987141537818687e-23,0.0,45.0,-51.75,0.0,44.15,29.46
,NO_PATH,9.92562722e-20,0.0,29.99999999999999,-51.75,-2.987141537818687e-23,0.0,45.0,-51.75,0.0,44.15,29.481
,NO_PATH,9.92562722e-20,0.0,29.99999999999999,-51.75,-2.987141537818687e-23,0.0,45.0,-51.75,0.0,44.15,29.500000000000004
,NO_PATH,-1.15859346e-19,0.0,29.99999999999999,-51.75,-2.987141537818687e-23,0.0,45.0,-51.75,0.0,44.15,29.520000000000003
,NO_PATH,2.82443551e-19,0.0,29.99999999999999,-51.75,-2.987141537818687e-23,0.0,45.0,-51.75,0.0,44.15,29.540000000000003
,NO_PATH,-1.65793846e-19,0.0,29.99999999999999,-51.75,-2.987141537818687e-23,0.0,45.0,-51.75,0.0,44.15,29.560000000000002
,NO_PATH,-1.65793846e-19,0.0,29.99999999999999,-51.75,-2.987141537818687e-23,0.0,45.0,-51.75,0.0,44.15,29.580000000000002
,NO_PATH,2.23823463e-19,0.0,29.99999999999999,-51.75,-2.987141537818687e-23,0.0,45.0,-51.75,0.0,44.15,29.601000000000003
,NO_PATH,3.02121353e-19,0.0,29.99999999999999,-51.75,-2.987141537818687e-23,0.0,45.0,-51.75,0.0,44.15,29.62
,NO_PATH,4.76298349e-19,0.0,29.99999999999999,-51.75,-2.987141537818687e-23,0.0,45.0,-51.75,0.0,44.15,29.64
,NO_PATH,4.76298349e-19,0.0,29.99999999999999,-51.75,-2.987141537818687e-23,0.0,45.0,-51.75,0.0,44.15,29.66
,NO_PATH,6.06131851e-19,0.0,29.99999999999999,-51.75,-2.987141537818687e-23,0.0,45.0,-51.75,0.0,44.15,29.680000000000003
,NO_PATH,6.06131851e-19,0.0,29.99999999999999,-51.75,-2.987141537818687e-23,0.0,45.0,-51.75,0.0,44.15,29.701
,NO_PATH,2.61056711e-19,0.0,29.99999999999999,-51.75,-2.987141537818687e-23,0.0,45.0,-51.75,0.0,44.15,29.720000000000002
,NO_PATH,2.61056711e-19,0.0,29.99999999999999,-51.75,-2.987141537818687e-23,0.0,45.0,-51.75,0.0,44.15,29.740000000000002
,NO_PATH,9.0619391e-19,0.0,29.99999999999999,-51.75,-2.987141537818687e-23,0.0,45.0,-51.75,0.0,44.15,29.76
,NO_PATH,1.34320006e-19,0.0,29.99999999999999,-51.75,-2.987141537818687e-23,0.0,45.0,-51.75,0.0,44.15,29.78
,NO_PATH,1.34320006e-19,0.0,29.99999999999999,-51.75,-2.987141537818687e-23,0.0,45.0,-51.75,0.0,44.15,29.8
,NO_PATH,8.02712108e-19,0.0,29.99999999999999,-51.75,-2.987141537818687e-23,0.0,45.0,-51.75,0.0,44.15,29.823
,NO_PATH,8.38147251e-19,0.0,29.99999999999999,-51.75,-2.987141537818687e-23,0.0,45.0,-51.75,0.0,44.15,29.840000000000003
,NO_PATH,8.38147251e-19,0.0,29.99999999999999,-51.75,-2.987141537818687e-23,0.0,45.0,-51.75,0.0,44.15,29.860000000000003
,NO_PATH,4.75773395e-19,0.0,29.99999999999999,-51.75,-2.987141537818687e-23,0.0,45.0,-51.75,0.0,44.15,29.880000000000003
,NO_PATH,3.30818678e-19,0.0,29.99999999999999,-51.75,-2.987141537818687e-23,0.0,45.0,-51.75,0.0,44.15,29.901000000000003
,NO_PATH,3.30818678e-19,0.0,29.99999999999999,-51.75,-2.987141537818687e-23,0.0,45.0,-51.75,0.0,44.15,29.92
,NO_PATH,4.6003348e-19,0.0,29.99999999999999,-51.75,-2.987141537818687e-23,0.0,45.0,-51.75,0.0,44.15,29.941000000000003
,NO_PATH,9.66332247e-19,0.0,29.99999999999999,-51.75,-2.987141537818687e-23,0.0,45.0,-51.75,0.0,44.15,29.96
,NO_PATH,9.66332247e-19,0.0,29.99999999999999,-51.75,-2.987141537818687e-23,0.0,45.0,-51.75,0.0,44.15,29.98
,NO_PATH,1.16743344e-19,0.0,29.99999999999999,-51.75,-2.987141537818687e-23,0.0,45.0,-51.75,0.0,44.15,30.000000000000004
,NO_PATH,5.08928358e-19,0.0,29.99999999999999,-51.75,-2.987141537818687e-23,0.0,45.0,-51.75,0.0,44.15,30.020000000000003
,NO_PATH,1.07101375e-18,0.0,29.99999999999999,-51.75,-2.987141537818687e-23,0.0,45.0,-51.75,0.0,44.15,30.041
,NO_PATH,1.07101375e-18,0.0,29.99999999999999,-51.75,-2.987141537818687e-23,0.0,45.0,-51.75,0.0,44.15,30.060000000000002
,NO_PATH,4.15696666e-19,0.0,29.99999999999999,-51.75,-2.987141537818687e-23,0.0,45.0,-51.75,0.0,44.15,30.080000000000002
,NO_PATH,5.24334194e-19,0.0,29.99999999999999,-51.75,-2.987141537818687e-23,0.0,45.0,-51.75,0.0,44.15,30.1
,NO_PATH,5.24334194e-19,0.0,29.99999999999999,-51.75,-2.987141537818687e-23,0.0,45.0,-51.75,0.0,44.15,30.12
,NO_PATH,9.8604081e-19,0.0,29.99999999999999,-51.75,-2.987141537818687e-23,0.0,45.0,-51.75,0.0,44.15,30.14
,NO_PATH,-4.40208879e-20,0.0,29.99999999999999,-51.75,-2.987141537818687e-23,0.0,45.0,-51.75,0.0,44.15,30.16
,NO_PATH,-4.40208879e-20,0.0,29.99999999999999,-51.75,-2.987141537818687e-23,0.0,45.0,-51.75,0.0,44.15,30.180000000000003
,NO_PATH,8.55578132e-19,0.0,29.99999999999999,-51.75,-2.987141537818687e-23,0.0,45.0,-51.75,0.0,44.15,30.201
,NO_PATH,8.55578132e-19,0.0,29.99999999999999,-51.75,-2.987141537818687e-23,0.0,45.0,-51.75,0.0,44.15,30.220000000000002
,NO_PATH,7.75952526e-19,0.0,29.99999999999999,-51.75,-2.987141537818687e-23,0.0,45.0,-51.75,0.0,44.15,30.240000000000002
,NO_PATH,-1.2227473e-19,0.0,29.99999999999999,-51.75,-2.987141537818687e-23,0.0,45.0,-51.75,0.0,44.15,30.26
,NO_PATH,-1.2227473e-19,0.0,29.99999999999999,-51.75,-2.987141537818687e-23,0.0,45.0,-51.75,0.0,44.15,30.28
,NO_PATH,9.00548284e-19,0.0,29.99999999999999,-51.75,-2.987141537818687e-23,0.0,45.0,-51.75,0.0,44.15,30.3
,NO_PATH,7.42566796e-19,0.0,29.99999999999999,-51.75,-2.987141537818687e-23,0.0,45.0,-51.75,0.0,44.15,30.32
,NO_PATH,7.42566796e-19,0.0,29.99999999999999,-51.75,-2.987141537818687e-23,0.0,45.0,-51.75,0.0,44.15,30.340000000000003
,NO_PATH,2.74379778e-19,0.0,29.99999999999999,-51.75,-2.987141537818687e-23,0.0,45.0,-51.75,0.0,44.15,30.360000000000003
,NO_PATH,3.64595619e-19,0.0,29.99999999999999,-51.75,-2.987141537818687e-23,0.0,45.0,-51.75,0.0,44.15,30.380000000000003
,NO_PATH,3.64595619e-19,0.0,29.99999999999999,-51.75,-2.987141537818687e-23,0.0,45.0,-51.75,0.0,44.15,30.400000000000002
,NO_PATH,8.86406466e-19,0.0,29.99999999999999,-51.75,-2.987141537818687e-23,0.0,45.0,-51.75,0.0,44.15,30.42
,NO_PATH,8.39910338e-19,0.0,29.99999999999999,-51.75,-2.987141537818687e-23,0.0,45.0,-51.75,0.0,44.15,30.441000000000003
,NO_PATH,8.39910338e-19,0.0,29.99999999999999,-51.75,-2.987141537818687e-23,0.0,45.0,-51.75,0.0,44.15,30.461000000000002
,NO_PATH,6.93538683e-19,0.0,29.99999999999999,-51.75,-2.987141537818687e-23,0.0,45.0,-51.75,0.0,44.15,30.48
,NO_PATH,8.71755534e-19,0.0,29.99999999999999,-51.75,-2.987141537818687e-23,0.0,45.0,-51.75,0.0,44.15,30.500000000000004
,NO_PATH,5.76092292e-19,0.0,29.99999999999999,-51.75,-2.987141537818687e-23,0.0,45.0,-51.75,0.0,44.15,30.520000000000003
,NO_PATH,9.03260199e-19,0.0,29.99999999999999,-51.75,-2.987141537818687e-23,0.0,45.0,-51.75,0.0,44.15,30.540000000000003
,NO_PATH,9.03260199e-19,0.0,29.99999999999999,-51.75,-2.987141537818687e-23,0.0,45.0,-51.75,0.0,44.15,30.560000000000002
,NO_PATH,2.76617513e-19,0.0,29.99999999999999,-51.75,-2.987141537818687e-23,0.0,45.0,-51.75,0.0,44.15,30.580000000000002
,NO_PATH,2.76617513e-19,0.0,29.99999999999999,-51.75,-2.987141537818687e-23,0.0,45.0,-51.75,0.0,44.15,30.6
,NO_PATH,-1.94805412e-19,0.0,29.99999999999999,-51.75,-2.987141537818687e-23,0.0,45.0,-51.75,0.0,44.15,30.62
,NO_PATH,3.89416712e-19,0.0,29.99999999999999,-51.75,-2.987141537818687e-23,0.0,45.0,-51.75,0.0,44.15,30.64
,NO_PATH,1.16563884e-18,0.0,29.99999999999999,-51.75,-2.987141537818687e-23,0.0,45.0,-51.75,0.0,44.15,30.66
,NO_PATH,2.85437939e-19,0.0,29.99999999999999,-51.75,-2.987141537818687e-23,0.0,45.0,-51.75,0.0,44.15,30.680000000000003
,NO_PATH,1.83981164e-19,0.0,29.99999999999999,-51.75,-2.987141537818687e-23,0.0,45.0,-51.75,0.0,44.15,30.700000000000003
,NO_PATH,5.54956421e-19,0.0,29.99999999999999,-51.75,-2.987141537818687e-23,0.0,45.0,-51.75,0.0,44.15,30.720000000000002
,NO_PATH,5.54956421e-19,0.0,29.99999999999999,-51.75,-2.987141537818687e-23,0.0,45.0,-51.75,0.0,44.15,30.740000000000002
,NO_PATH,-8.38895693e-20,0.0,29.99999999999999,-51.75,-2.987141537818687e-23,0.0,45.0,-51.75,0.0,44.15,30.76
,NO_PATH,4.44588984e-19,0.0,29.99999999999999,-51.75,-2.987141537818687e-23,0.0,45.0,-51.75,0.0,44.15,30.78
,NO_PATH,4.44588984e-19,0.0,29.99999999999999,-51.75,-2.987141537818687e-23,0.0,45.0,-51.75,0.0,44.15,30.8
,NO_PATH,4.74985804e-19,0.0,29.99999999999999,-51.75,-2.987141537818687e-23,0.0,45.0,-51.75,0.0,44.15,30.82
,NO_PATH,6.09867517e-19,0.0,29.99999999999999,-51.75,-2.987141537818687e-23,0.0,45.0,-51.75,0.0,44.15,30.840000000000003
,NO_PATH,6.73760951e-19,0.0,29.99999999999999,-51.75,-2.987141537818687e-23,0.0,45.0,-51.75,0.0,44.15,30.860000000000003
,NO_PATH,7.02293946e-19,0.0,29.99999999999999,-51.75,-2.987141537818687e-23,0.0,45.0,-51.75,0.0,44.15,30.880000000000003
,NO_PATH,7.02293946e-19,0.0,29.99999999999999,-51.75,-2.987141537818687e-23,0.0,45.0,-51.75,0.0,44.15,30.900000000000002
,NO_PATH,7.24366045e-19,0.0,29.99999999999999,-51.75,-2.987141537818687e-23,0.0,45.0,-51.75,0.0,44.15,30.92
,NO_PATH,7.83517039e-19,0.0,29.99999999999999,-51.75,-2.987141537818687e-23,0.0,45.0,-51.75,0.0,44.15,30.94
,NO_PATH,7.83517039e-19,0.0,29.99999999999999,-51.75,-2.987141537818687e-23,0.0,45.0,-51.75,0.0,44.15,30.96
,NO_PATH,1.60598162e-20,0.0,29.99999999999999,-51.75,-2.987141537818687e-23,0.0,45.0,-51.75,0.0,44.15,30.98
,NO_PATH,1.60598162e-20,0.0,29.99999999999999,-51.75,-2.987141537818687e-23,0.0,45.0,-51.75,0.0,44.15,31.000000000000004
,NO_PATH,3.17697299e-19,0.0,29.99999999999999,-51.75,-2.987141537818687e-23,0.0,45.0,-51.75,0.0,44.15,31.020000000000003
,NO_PATH,5.14142772e-19,0.0,29.99999999999999,-51.75,-2.987141537818687e-23,0.0,45.0,-51.75,0.0,44.15,31.040000000000003
,NO_PATH,4.88148814e-19,0.0,29.99999999999999,-51.75,-2.987141537818687e-23,0.0,45.0,-51.75,0.0,44.15,31.060000000000002
,NO_PATH,2.58826416e-19,0.0,29.99999999999999,-51.75,-2.987141537818687e-23,0.0,45.0,-51.75,0.0,44.15,31.080000000000002
,NO_PATH,5.43544131e-19,0.0,29.99999999999999,-51.75,-2.987141537818687e-23,0.0,45.0,-51.75,0.0,44.15,31.1
,NO_PATH,6.99478716e-19,0.0,29.99999999999999,-51.75,-2.987141537818687e-23,0.0,45.0,-51.75,0.0,44.15,31.12
,NO_PATH,5.0158661e-19,0.0,29.99999999999999,-51.75,-2.987141537818687e-23,0.0,45.0,-51.75,0.0,44.15,31.14
,NO_PATH,5.37961766e-19,0.0,29.99999999999999,-51.75,-2.987141537818687e-23,0.0,45.0,-51.75,0.0,44.15,31.160000000000004
,NO_PATH,5.37961766e-19,0.0,29.99999999999999,-51.75,-2.987141537818687e-23,0.0,45.0,-51.75,0.0,44.15,31.180000000000003
,NO_PATH,7.00767759e-19,0.0,29.99999999999999,-51.75,-2.987141537818687e-23,0.0,45.0,-51.75,0.0,44.15,31.200000000000003
,NO_PATH,4.34089197e-19,0.0,29.99999999999999,-51.75,-2.987141537818687e-23,0.0,45.0,-51.75,0.0,44.15,31.221000000000004
,NO_PATH,9.9198114e-21,0.0,29.99999999999999,-51.75,-2.987141537818687e-23,0.0,45.0,-51.75,0.0,44.15,31.240000000000002
,NO_PATH,9.9198114e-21,0.0,29.99999999999999,-51.75,-2.987141537818687e-23,0.0,45.0,-51.75,0.0,44.15,31.26
,NO_PATH,1.17725342e-19,0.0,29.99999999999999,-51.75,-2.987141537818687e-23,0.0,45.0,-51.75,0.0,44.15,31.28
,NO_PATH,1.52098123e-19,0.0,29.99999999999999,-51.75,-2.987141537818687e-23,0.0,45.0,-51.75,0.0,44.15,31.301000000000002
,NO_PATH,2.04659052e-19,0.0,29.99999999999999,-51.75,-2.987141537818687e-23,0.0,45.0,-51.75,0.0,44.15,31.321
,NO_PATH,5.38907475e-19,0.0,29.99999999999999,-51.75,-2.987141537818687e-23,0.0,45.0,-51.75,0.0,44.15,31.340000000000003
,NO_PATH,3.36057189e-19,0.0,29.99999999999999,-51.75,-2.987141537818687e-23,0.0,45.0,-51.75,0.0,44.15,31.360000000000003
,NO_PATH,3.36057189e-19,0.0,29.99999999999999,-51.75,-2.987141537818687e-23,0.0,45.0,-51.75,0.0,44.15,31.380000000000003
,NO_PATH,1.20958514e-19,0.0,29.99999999999999,-51.75,-2.987141537818687e-23,0.0,45.0,-51.75,0.0,44.15,31.401000000000003
,NO_PATH,7.34096324e-19,0.0,29.99999999999999,-51.75,-2.987141537818687e-23,0.0,45.0,-51.75,0.0,44.15,31.42
,NO_PATH,7.34096324e-19,0.0,29.99999999999999,-51.75,-2.987141537818687e-23,0.0,45.0,-51.75,0.0,44.15,31.44
,NO_PATH,-7.29043953e-19,0.0,29.99999999999999,-51.75,-2.987141537818687e-23,0.0,45.0,-51.75,0.0,44.15,31.46
,NO_PATH,-7.29043953e-19,0.0,29.99999999999999,-51.75,-2.987141537818687e-23,0.0,45.0,-51.75,0.0,44.15,31.48
,NO_PATH,3.6069651e-19,0.0,29.99999999999999,-51.75,-2.987141537818687e-23,0.0,45.0,-51.75,0.0,44.15,31.500000000000004
,NO_PATH,3.6069651e-19,0.0,29.99999999999999,-51.75,-2.987141537818687e-23,0.0,45.0,-51.75,0.0,44.15,31.520000000000003
,NO_PATH,2.48451559e-19,0.0,29.99999999999999,-51.75,-2.987141537818687e-23,0.0,45.0,-51.75,0.0,44.15,31.540000000000003
,NO_PATH,3.97090652e-19,0.0,29.99999999999999,-51.75,-2.987141537818687e-23,0.0,45.0,-51.75,0.0,44.15,31.560000000000002
,NO_PATH,3.97090652e-19,0.0,29.99999999999999,-51.75,-2.987141537818687e-23,0.0,45.0,-51.75,0.0,44.15,31.580000000000002
,NO_PATH,3.1160087e-19,0.0,29.99999999999999,-51.75,-2.987141537818687e-23,0.0,45.0,-51.75,0.0,44.15,31.601000000000003
,NO_PATH,3.1160087e-19,0.0,29.99999999999999,-51.75,-2.987141537818687e-23,0.0,45.0,-51.75,0.0,44.15,31.62
,NO_PATH,8.82776477e-19,0.0,29.99999999999999,-51.75,-2.987141537818687e-23,0.0,45.0,-51.75,0.0,44.15,31.64
,NO_PATH,2.07359761e-19,0.0,29.99999999999999,-51.75,-2.987141537818687e-23,0.0,45.0,-51.75,0.0,44.15,31.660000000000004
,NO_PATH,6.53181874e-19,0.0,29.99999999999999,-51.75,-2.987141537818687e-23,0.0,45.0,-51.75,0.0,44.15,31.680000000000003
,NO_PATH,2.35567942e-19,0.0,29.99999999999999,-51.75,-2.987141537818687e-23,0.0,45.0,-51.75,0.0,44.15,31.700000000000003
,NO_PATH,2.35567942e-19,0.0,29.99999999999999,-51.75,-2.987141537818687e-23,0.0,45.0,-51.75,0.0,44.15,31.720000000000002
,NO_PATH,8.33231074e-19,0.0,29.99999999999999,-51.75,-2.987141537818687e-23,0.0,45.0,-51.75,0.0,44.15,31.741000000000003
,NO_PATH,9.3285704e-19,0.0,29.99999999999999,-51.75,-2.987141537818687e-23,0.0,45.0,-51.75,0.0,44.15,31.76
,NO_PATH,-1.89584915e-19,0.0,29.99999999999999,-51.75,-2.987141537818687e-23,0.0,45.0,-51.75,0.0,44.15,31.78
,NO_PATH,9.5875504e-19,0.0,29.99999999999999,-51.75,-2.987141537818687e-23,0.0,45.0,-51.75,0.0,44.15,31.801000000000002
,NO_PATH,9.5875504e-19,0.0,29.99999999999999,-51.75,-2.987141537818687e-23,0.0,45.0,-51.75,0.0,44.15,31.82
,NO_PATH,-2.97330163e-20,0.0,29.99999999999999,-51.75,-2.987141537818687e-23,0.0,45.0,-51.75,0.0,44.15,31.840000000000003
,NO_PATH,4.08348458e-19,0.0,29.99999999999999,-51.75,-2.987141537818687e-23,0.0,45.0,-51.75,0.0,44.15,31.860000000000003
,NO_PATH,2.07668986e-19,0.0,29.99999999999999,-51.75,-2.987141537818687e-23,0.0,45.0,-51.75,0.0,44.15,31.880000000000003
,NO_PATH,5.77595144e-19,0.0,29.99999999999999,-51.75,-2.987141537818687e-23,0.0,45.0,-51.75,0.0,44.15,31.900000000000002
,NO_PATH,-1.38303126e-20,0.0,29.99999999999999,-51.75,-2.987141537818687e-23,0.0,45.0,-51.75,0.0,44.15,31.92
,NO_PATH,1.32357356e-18,0.0,29.99999999999999,-51.75,-2.987141537818687e-23,0.0,45.0,-51.75,0.0,44.15,31.94
,NO_PATH,1.32357356e-18,0.0,29.99999999999999,-51.75,-2.987141537818687e-23,0.0,45.0,-51.75,0.0,44.15,31.96
,NO_PATH,4.40730673e-19,0.0,29.99999999999999,-51.75,-2.987141537818687e-23,0.0,45.0,-51.75,0.0,44.15,31.98
,NO_PATH,4.40730673e-19,0.0,29.99999999999999,-51.75,-2.987141537818687e-23,0.0,45.0,-51.75,0.0,44.15,32.0
,NO_PATH,4.47264691e-19,0.0,29.99999999999999,-51.75,-2.987141537818687e-23,0.0,45.0,-51.75,0.0,44.15,32.02
,NO_PATH,1.30083497e-18,0.0,29.99999999999999,-51.75,-2.987141537818687e-23,0.0,45.0,-51.75,0.0,44.15,32.04
,NO_PATH,7.17567922e-19,0.0,29.99999999999999,-51.75,-2.987141537818687e-23,0.0,45.0,-51.75,0.0,44.15,32.06
,NO_PATH,7.17567922e-19,0.0,29.99999999999999,-51.75,-2.987141537818687e-23,0.0,45.0,-51.75,0.0,44.15,32.080000000000005
,NO_PATH,9.46709653e-20,0.0,29.99999999999999,-51.75,-2.987141537818687e-23,0.0,45.0,-51.75,0.0,44.15,32.1
,NO_PATH,9.76261755e-20,0.0,29.99999999999999,-51.75,-2.987141537818687e-23,0.0,45.0,-51.75,0.0,44.15,32.120000000000005
,NO_PATH,7.12558474e-19,0.0,29.99999999999999,-51.75,-2.987141537818687e-23,0.0,45.0,-51.75,0.0,44.15,32.14
,NO_PATH,2.5675796e-19,0.0,29.99999999999999,-51.75,-2.987141537818687e-23,0.0,45.0,-51.75,0.0,44.15,32.160000000000004
,NO_PATH,2.5675796e-19,0.0,29.99999999999999,-51.75,-2.987141537818687e-23,0.0,45.0,-51.75,0.0,44.15,32.181000000000004
,NO_PATH,6.47288243e-20,0.0,29.99999999999999,-51.75,-2.987141537818687e-23,0.0,45.0,-51.75,0.0,44.15,32.201
,NO_PATH,4.22618636e-19,0.0,29.99999999999999,-51.75,-2.987141537818687e-23,0.0,45.0,-51.75,0.0,44.15,32.22
,NO_PATH,4.22618636e-19,0.0,29.99999999999999,-51.75,-2.987141537818687e-23,0.0,45.0,-51.75,0.0,44.15,32.24
,NO_PATH,4.49827477e-19,0.0,29.99999999999999,-51.75,-2.987141537818687e-23,0.0,45.0,-51.75,0.0,44.15,32.261
,NO_PATH,2.79314916e-19,0.0,29.99999999999999,-51.75,-2.987141537818687e-23,0.0,45.0,-51.75,0.0,44.15,32.28
,NO_PATH,2.79314916e-19,0.0,29.99999999999999,-51.75,-2.987141537818687e-23,0.0,45.0,-51.75,0.0,44.15,32.300000000000004
,NO_PATH,7.88887638e-19,0.0,29.99999999999999,-51.75,-2.987141537818687e-23,0.0,45.0,-51.75,0.0,44.15,32.32
,NO_PATH,4.62962761e-19,0.0,29.99999999999999,-51.75,-2.987141537818687e-23,0.0,45.0,-51.75,0.0,44.15,32.34
,NO_PATH,9.50519492e-19,0.0,29.99999999999999,-51.75,-2.987141537818687e-23,0.0,45.0,-51.75,0.0,44.15,32.36
,NO_PATH,3.3152273e-19,0.0,29.99999999999999,-51.75,-2.987141537818687e-23,0.0,45.0,-51.75,0.0,44.15,32.38
,NO_PATH,3.3152273e-19,0.0,29.99999999999999,-51.75,-2.987141537818687e-23,0.0,45.0,-51.75,0.0,44.15,32.4
,NO_PATH,1.09055443e-18,0.0,29.99999999999999,-51.75,-2.987141537818687e-23,0.0,45.0,-51.75,0.0,44.15,32.42
,NO_PATH,3.67874564e-19,0.0,29.99999999999999,-51.75,-2.987141537818687e-23,0.0,45.0,-51.75,0.0,44.15,32.440000000000005
,NO_PATH,-4.63028406e-19,0.0,29.99999999999999,-51.75,-2.987141537818687e-23,0.0,45.0,-51.75,0.0,44.15,32.46
,NO_PATH,7.27168274e-19,0.0,29.99999999999999,-51.75,-2.987141537818687e-23,0.0,45.0,-51.75,0.0,44.15,32.480000000000004
,NO_PATH,8.50748535e-19,0.0,29.99999999999999,-51.75,-2.987141537818687e-23,0.0,45.0,-51.75,0.0,44.15,32.5
,NO_PATH,6.87759161e-19,0.0,29.99999999999999,-51.75,-2.987141537818687e-23,0.0,45.0,-51.75,0.0,44.15,32.52
,NO_PATH,6.87759161e-19,0.0,29.99999999999999,-51.75,-2.987141537818687e-23,0.0,45.0,-51.75,0.0,44.15,32.54
,NO_PATH,5.65974005e-19,0.0,29.99999999999999,-51.75,-2.987141537818687e-23,0.0,45.0,-51.75,0.0,44.15,32.56
,NO_PATH,1.32454834e-18,0.0,29.99999999999999,-51.75,-2.987141537818687e-23,0.0,45.0,-51.75,0.0,44.15,32.580000000000005
,NO_PATH,1.32454834e-18,0.0,29.99999999999999,-51.75,-2.987141537818687e-23,0.0,45.0,-51.75,0.0,44.15,32.6
,NO_PATH,2.06531649e-19,0.0,29.99999999999999,-51.75,-2.987141537818687e-23,0.0,45.0,-51.75,0.0,44.15,32.620000000000005
,NO_PATH,4.9006743e-20,0.0,29.99999999999999,-51.75,-2.987141537818687e-23,0.0,45.0,-51.75,0.0,44.15,32.64
,NO_PATH,4.9006743e-20,0.0,29.99999999999999,-51.75,-2.987141537818687e-23,0.0,45.0,-51.75,0.0,44.15,32.660000000000004
,NO_PATH,6.71184929e-19,0.0,29.99999999999999,-51.75,-2.987141537818687e-23,0.0,45.0,-51.75,0.0,44.15,32.68
,NO_PATH,6.71184929e-19,0.0,29.99999999999999,-51.75,-2.987141537818687e-23,0.0,45.0,-51.75,0.0,44.15,32.7
,NO_PATH,-3.67664272e-20,0.0,29.99999999999999,-51.75,-2.987141537818687e-23,0.0,45.0,-51.75,0.0,44.15,32.72
,NO_PATH,6.94739585e-19,0.0,29.99999999999999,-51.75,-2.987141537818687e-23,0.0,45.0,-51.75,0.0,44.15,32.74
,NO_PATH,6.94739585e-19,0.0,29.99999999999999,-51.75,-2.987141537818687e-23,0.0,45.0,-51.75,0.0,44.15,32.760000000000005
,NO_PATH,1.05767645e-18,0.0,29.99999999999999,-51.75,-2.987141537818687e-23,0.0,45.0,-51.75,0.0,44.15,32.78
,NO_PATH,1.14505856e-19,0.0,29.99999999999999,-51.75,-2.987141537818687e-23,0.0,45.0,-51.75,0.0,44.15,32.801
,NO_PATH,5.56929814e-20,0.0,29.99999999999999,-51.75,-2.987141537818687e-23,0.0,45.0,-51.75,0.0,44.15,32.821000000000005
,NO_PATH,5.56929814e-20,0.0,29.99999999999999,-51.75,-2.987141537818687e-23,0.0,45.0,-51.75,0.0,44.15,32.84
,NO_PATH,4.65941998e-19,0.0,29.99999999999999,-51.75,-2.987141537818687e-23,0.0,45.0,-51.75,0.0,44.15,32.86
,NO_PATH,4.65941998e-19,0.0,29.99999999999999,-51.75,-2.987141537818687e-23,0.0,45.0,-51.75,0.0,44.15,32.88
,NO_PATH,4.69499449e-19,0.0,29.99999999999999,-51.75,-2.987141537818687e-23,0.0,45.0,-51.75,0.0,44.15,32.9
,NO_PATH,1.58986801e-19,0.0,29.99999999999999,-51.75,-2.987141537818687e-23,0.0,45.0,-51.75,0.0,44.15,32.921
,NO_PATH,3.51696742e-19,0.0,29.99999999999999,-51.75,-2.987141537818687e-23,0.0,45.0,-51.75,0.0,44.15,32.940000000000005
,NO_PATH,8.28554359e-19,0.0,29.99999999999999,-51.75,-2.987141537818687e-23,0.0,45.0,-51.75,0.0,44.15,32.96
,NO_PATH,-1.96171643e-19,0.0,29.99999999999999,-51.75,-2.987141537818687e-23,0.0,45.0,-51.75,0.0,44.15,32.980000000000004
,NO_PATH,9.61777457e-19,0.0,29.99999999999999,-51.75,-2.987141537818687e-23,0.0,45.0,-51.75,0.0,44.15,33.001000000000005
,NO_PATH,5.44004427e-19,0.0,29.99999999999999,-51.75,-2.987141537818687e-23,0.0,45.0,-51.75,0.0,44.15,33.02
,NO_PATH,9.84141524e-19,0.0,29.99999999999999,-51.75,-2.987141537818687e-23,0.0,45.0,-51.75,0.0,44.15,33.04
,NO_PATH,7.92433193e-19,0.0,29.99999999999999,-51.75,-2.987141537818687e-23,0.0,45.0,-51.75,0.0,44.15,33.06
,NO_PATH,1.08566847e-18,0.0,29.99999999999999,-51.75,-2.987141537818687e-23,0.0,45.0,-51.75,0.0,44.15,33.080000000000005
,NO_PATH,1.08566847e-18,0.0,29.99999999999999,-51.75,-2.987141537818687e-23,0.0,45.0,-51.75,0.0,44.15,33.1
,NO_PATH,6.53820872e-19,0.0,29.99999999999999,-51.75,-2.987141537818687e-23,0.0,45.0,-51.75,0.0,44.15,33.121
,NO_PATH,7.55156786e-19,0.0,29.99999999999999,-51.75,-2.987141537818687e-23,0.0,45.0,-51.75,0.0,44.15,33.14
,NO_PATH,7.55156786e-19,0.0,29.99999999999999,-51.75,-2.987141537818687e-23,0.0,45.0,-51.75,0.0,44.15,33.160000000000004
,NO_PATH,3.29916962e-19,0.0,29.99999999999999,-51.75,-2.987141537818687e-23,0.0,45.0,-51.75,0.0,44.15,33.18
,NO_PATH,-7.44891588e-20,0.0,29.99999999999999,-51.75,-2.987141537818687e-23,0.0,45.0,-51.75,0.0,44.15,33.2
,NO_PATH,2.50410815e-19,0.0,29.99999999999999,-51.75,-2.987141537818687e-23,0.0,45.0,-51.75,0.0,44.15,33.22
,NO_PATH,2.56681723e-19,0.0,29.99999999999999,-51.75,-2.987141537818687e-23,0.0,45.0,-51.75,0.0,44.15,33.24
,NO_PATH,4.98448458e-19,0.0,29.99999999999999,-51.75,-2.987141537818687e-23,0.0,45.0,-51.75,0.0,44.15,33.260000000000005
,NO_PATH,4.98448458e-19,0.0,29.99999999999999,-51.75,-2.987141537818687e-23,0.0,45.0,-51.75,0.0,44.15,33.28
,NO_PATH,-2.24324882e-19,0.0,29.99999999999999,-51.75,-2.987141537818687e-23,0.0,45.0,-51.75,0.0,44.15,33.300000000000004
,NO_PATH,5.81021719e-19,0.0,29.99999999999999,-51.75,-2.987141537818687e-23,0.0,45.0,-51.75,0.0,44.15,33.32
,NO_PATH,9.56873473e-19,0.0,29.99999999999999,-51.75,-2.987141537818687e-23,0.0,45.0,-51.75,0.0,44.15,33.34
,NO_PATH,8.34221539e-19,0.0,29.99999999999999,-51.75,-2.987141537818687e-23,0.0,45.0,-51.75,0.0,44.15,33.36
,NO_PATH,8.34221539e-19,0.0,29.99999999999999,-51.75,-2.987141537818687e-23,0.0,45.0,-51.75,0.0,44.15,33.38
,NO_PATH,6.81669061e-19,0.0,29.99999999999999,-51.75,-2.987141537818687e-23,0.0,45.0,-51.75,0.0,44.15,33.4
,NO_PATH,6.81669061e-19,0.0,29.99999999999999,-51.75,-2.987141537818687e-23,0.0,45.0,-51.75,0.0,44.15,33.42
,NO_PATH,4.50466598e-19,0.0,29.99999999999999,-51.75,-2.987141537818687e-23,0.0,45.0,-51.75,0.0,44.15,33.440000000000005
,NO_PATH,6.0690936e-19,0.0,29.99999999999999,-51.75,-2.987141537818687e-23,0.0,45.0,-51.75,0.0,44.15,33.46
,NO_PATH,9.43710396e-19,0.0,29.99999999999999,-51.75,-2.987141537818687e-23,0.0,45.0,-51.75,0.0,44.15,33.480000000000004
,NO_PATH,7.60746793e-19,0.0,29.99999999999999,-51.75,-2.987141537818687e-23,0.0,45.0,-51.75,0.0,44.15,33.5
,NO_PATH,7.96376497e-19,0.0,29.99999999999999,-51.75,-2.987141537818687e-23,0.0,45.0,-51.75,0.0,44.15,33.52
,NO_PATH,7.96376497e-19,0.0,29.99999999999999,-51.75,-2.987141537818687e-23,0.0,45.0,-51.75,0.0,44.15,33.54
,NO_PATH,2.93983244e-19,0.0,29.99999999999999,-51.75,-2.987141537818687e-23,0.0,45.0,-51.75,0.0,44.15,33.56
,NO_PATH,4.31287743e-19,0.0,29.99999999999999,-51.75,-2.987141537818687e-23,0.0,45.0,-51.75,0.0,44.15,33.580000000000005
,NO_PATH,5.92425325e-19,0.0,29.99999999999999,-51.75,-2.987141537818687e-23,0.0,45.0,-51.75,0.0,44.15,33.6
,NO_PATH,5.92425325e-19,0.0,29.99999999999999,-51.75,-2.987141537818687e-23,0.0,45.0,-51.75,0.0,44.15,33.621
,NO_PATH,4.15462167e-19,0.0,29.99999999999999,-51.75,-2.987141537818687e-23,0.0,45.0,-51.75,0.0,44.15,33.64
,NO_PATH,8.72270913e-20,0.0,29.99999999999999,-51.75,-2.987141537818687e-23,0.0,45.0,-51.75,0.0,44.15,33.660000000000004
,NO_PATH,-1.81903667e-19,0.0,29.99999999999999,-51.75,-2.987141537818687e-23,0.0,45.0,-51.75,0.0,44.15,33.68
,NO_PATH,-3.94218536e-19,0.0,29.99999999999999,-51.75,-2.987141537818687e-23,0.0,45.0,-51.75,0.0,44.15,33.701
,NO_PATH,6.65190935e-19,0.0,29.99999999999999,-51.75,-2.987141537818687e-23,0.0,45.0,-51.75,0.0,44.15,33.72
,NO_PATH,1.0896962e-18,0.0,29.99999999999999,-51.75,-2.987141537818687e-23,0.0,45.0,-51.75,0.0,44.15,33.74
,NO_PATH,5.7353893e-19,0.0,29.99999999999999,-51.75,-2.987141537818687e-23,0.0,45.0,-51.75,0.0,44.15,33.760000000000005
,NO_PATH,1.22729745e-18,0.0,29.99999999999999,-51.75,-2.987141537818687e-23,0.0,45.0,-51.75,0.0,44.15,33.78
,NO_PATH,4.14074948e-19,0.0,29.99999999999999,-51.75,-2.987141537818687e-23,0.0,45.0,-51.75,0.0,44.15,33.800000000000004
,NO_PATH,4.14074948e-19,0.0,29.99999999999999,-51.75,-2.987141537818687e-23,0.0,45.0,-51.75,0.0,44.15,33.82
,NO_PATH,3.42585156e-19,0.0,29.99999999999999,-51.75,-2.987141537818687e-23,0.0,45.0,-51.75,0.0,44.15,33.84
,NO_PATH,3.42585156e-19,0.0,29.99999999999999,-51.75,-2.987141537818687e-23,0.0,45.0,-51.75,0.0,44.15,33.86
,NO_PATH,6.28890046e-19,0.0,29.99999999999999,-51.75,-2.987141537818687e-23,0.0,45.0,-51.75,0.0,44.15,33.88
,NO_PATH,8.00300557e-19,0.0,29.99999999999999,-51.75,-2.987141537818687e-23,0.0,45.0,-51.75,0.0,44.15,33.9
,NO_PATH,8.00300557e-19,0.0,29.99999999999999,-51.75,-2.987141537818687e-23,0.0,45.0,-51.75,0.0,44.15,33.92
,NO_PATH,4.34461407e-19,0.0,29.99999999999999,-51.75,-2.987141537818687e-23,0.0,45.0,-51.75,0.0,44.15,33.940000000000005
,NO_PATH,5.44102324e-19,0.0,29.99999999999999,-51.75,-2.987141537818687e-23,0.0,45.0,-51.75,0.0,44.15,33.96
,NO_PATH,5.44102324e-19,0.0,29.99999999999999,-51.75,-2.987141537818687e-23,0.0,45.0,-51.75,0.0,44.15,33.980000000000004
,NO_PATH,1.15978774e-18,0.0,29.99999999999999,-51.75,-2.987141537818687e-23,0.0,45.0,-51.75,0.0,44.15,34.0
,NO_PATH,7.93776627e-20,0.0,29.99999999999999,-51.75,-2.987141537818687e-23,0.0,45.0,-51.75,0.0,44.15,34.021
,NO_PATH,7.93776627e-20,0.0,29.99999999999999,-51.75,-2.987141537818687e-23,0.0,45.0,-51.75,0.0,44.15,34.04
,NO_PATH,1.36577776e-19,0.0,29.99999999999999,-51.75,-2.987141537818687e-23,0.0,45.0,-51.75,0.0,44.15,34.06
,NO_PATH,7.51220791e-19,0.0,29.99999999999999,-51.75,-2.987141537818687e-23,0.0,45.0,-51.75,0.0,44.15,34.080000000000005
,NO_PATH,5.15954915e-19,0.0,29.99999999999999,-51.75,-2.987141537818687e-23,0.0,45.0,-51.75,0.0,44.15,34.1
,NO_PATH,6.85714493e-19,0.0,29.99999999999999,-51.75,-2.987141537818687e-23,0.0,45.0,-51.75,0.0,44.15,34.120000000000005
,NO_PATH,3.19104613e-19,0.0,29.99999999999999,-51.75,-2.987141537818687e-23,0.0,45.0,-51.75,0.0,44.15,34.14
,NO_PATH,6.9457149e-19,0.0,29.99999999999999,-51.75,-2.987141537818687e-23,0.0,45.0,-51.75,0.0,44.15,34.160000000000004
,NO_PATH,6.12058142e-19,0.0,29.99999999999999,-51.75,-2.987141537818687e-23,0.0,45.0,-51.75,0.0,44.15,34.18
,NO_PATH,7.61187442e-19,0.0,29.99999999999999,-51.75,-2.987141537818687e-23,0.0,45.0,-51.75,0.0,44.15,34.2
,NO_PATH,9.56866135e-20,0.0,29.99999999999999,-51.75,-2.987141537818687e-23,0.0,45.0,-51.75,0.0,44.15,34.221000000000004
,NO_PATH,9.56866135e-20,0.0,29.99999999999999,-51.75,-2.987141537818687e-23,0.0,45.0,-51.75,0.0,44.15,34.24
,NO_PATH,5.22989926e-19,0.0,29.99999999999999,-51.75,-2.987141537818687e-23,0.0,45.0,-51.75,0.0,44.15,34.260000000000005
,NO_PATH,-2.31896979e-20,0.0,29.99999999999999,-51.75,-2.987141537818687e-23,0.0,45.0,-51.75,0.0,44.15,34.28
,NO_PATH,-2.31896979e-20,0.0,29.99999999999999,-51.75,-2.987141537818687e-23,0.0,45.0,-51.75,0.0,44.15,34.301
,NO_PATH,-5.38322359e-20,0.0,29.99999999999999,-51.75,-2.987141537818687e-23,0.0,45.0,-51.75,0.0,44.15,34.32
,NO_PATH,-5.38322359e-20,0.0,29.99999999999999,-51.75,-2.987141537818687e-23,0.0,45.0,-51.75,0.0,44.15,34.34
,NO_PATH,4.06557438e-19,0.0,29.99999999999999,-51.75,-2.987141537818687e-23,0.0,45.0,-51.75,0.0,44.15,34.361000000000004
,NO_PATH,4.06557438e-19,0.0,29.99999999999999,-51.75,-2.987141537818687e-23,0.0,45.0,-51.75,0.0,44.15,34.38
,NO_PATH,1.06542467e-19,0.0,29.99999999999999,-51.75,-2.987141537818687e-23,0.0,45.0,-51.75,0.0,44.15,34.400000000000006
,NO_PATH,8.52260607e-19,0.0,29.99999999999999,-51.75,-2.987141537818687e-23,0.0,45.0,-51.75,0.0,44.15,34.42
,NO_PATH,8.52260607e-19,0.0,29.99999999999999,-51.75,-2.987141537818687e-23,0.0,45.0,-51.75,0.0,44.15,34.440000000000005
,NO_PATH,5.05365374e-19,0.0,29.99999999999999,-51.75,-2.987141537818687e-23,0.0,45.0,-51.75,0.0,44.15,34.46
,NO_PATH,5.05365374e-19,0.0,29.99999999999999,-51.75,-2.987141537818687e-23,0.0,45.0,-51.75,0.0,44.15,34.480000000000004
,NO_PATH,6.16332866e-19,0.0,29.99999999999999,-51.75,-2.987141537818687e-23,0.0,45.0,-51.75,0.0,44.15,34.5
,NO_PATH,2.68385731e-19,0.0,29.99999999999999,-51.75,-2.987141537818687e-23,0.0,45.0,-51.75,0.0,44.15,34.521
,NO_PATH,7.9202886e-19,0.0,29.99999999999999,-51.75,-2.987141537818687e-23,0.0,45.0,-51.75,0.0,44.15,34.54
,NO_PATH,7.9202886e-19,0.0,29.99999999999999,-51.75,-2.987141537818687e-23,0.0,45.0,-51.75,0.0,44.15,34.56
,NO_PATH,9.56591154e-19,0.0,29.99999999999999,-51.75,-2.987141537818687e-23,0.0,45.0,-51.75,0.0,44.15,34.580000000000005
,NO_PATH,3.83222591e-19,0.0,29.99999999999999,-51.75,-2.987141537818687e-23,0.0,45.0,-51.75,0.0,44.15,34.601
,NO_PATH,3.83222591e-19,0.0,29.99999999999999,-51.75,-2.987141537818687e-23,0.0,45.0,-51.75,0.0,44.15,34.620000000000005
,NO_PATH,2.40489684e-19,0.0,29.99999999999999,-51.75,-2.987141537818687e-23,0.0,45.0,-51.75,0.0,44.15,34.64
,NO_PATH,-2.03178086e-19,0.0,29.99999999999999,-51.75,-2.987141537818687e-23,0.0,45.0,-51.75,0.0,44.15,34.660000000000004
,NO_PATH,-2.03178086e-19,0.0,29.99999999999999,-51.75,-2.987141537818687e-23,0.0,45.0,-51.75,0.0,44.15,34.68
,NO_PATH,5.54197224e-19,0.0,29.99999999999999,-51.75,-2.987141537818687e-23,0.0,45.0,-51.75,0.0,44.15,34.7
,NO_PATH,5.54197224e-19,0.0,29.99999999999999,-51.75,-2.987141537818687e-23,0.0,45.0,-51.75,0.0,44.15,34.72
,NO_PATH,7.68233897e-19,0.0,29.99999999999999,-51.75,-2.987141537818687e-23,0.0,45.0,-51.75,0.0,44.15,34.74
,NO_PATH,8.66343244e-20,0.0,29.99999999999999,-51.75,-2.987141537818687e-23,0.0,45.0,-51.75,0.0,44.15,34.760000000000005
,NO_PATH,6.96785879e-19,0.0,29.99999999999999,-51.75,-2.987141537818687e-23,0.0,45.0,-51.75,0.0,44.15,34.78
,NO_PATH,6.63341709e-20,0.0,29.99999999999999,-51.75,-2.987141537818687e-23,0.0,45.0,-51.75,0.0,44.15,34.800000000000004
,NO_PATH,6.63341709e-20,0.0,29.99999999999999,-51.75,-2.987141537818687e-23,0.0,45.0,-51.75,0.0,44.15,34.82
,NO_PATH,4.65241085e-19,0.0,29.99999999999999,-51.75,-2.987141537818687e-23,0.0,45.0,-51.75,0.0,44.15,34.84
,NO_PATH,3.26127289e-19,0.0,29.99999999999999,-51.75,-2.987141537818687e-23,0.0,45.0,-51.75,0.0,44.15,34.86
,NO_PATH,3.26127289e-19,0.0,29.99999999999999,-51.75,-2.987141537818687e-23,0.0,45.0,-51.75,0.0,44.15,34.88
,NO_PATH,5.92284349e-19,0.0,29.99999999999999,-51.75,-2.987141537818687e-23,0.0,45.0,-51.75,0.0,44.15,34.900000000000006
,NO_PATH,7.51299723e-19,0.0,29.99999999999999,-51.75,-2.987141537818687e-23,0.0,45.0,-51.75,0.0,44.15,34.92
,NO_PATH,3.53953327e-19,0.0,29.99999999999999,-51.75,-2.987141537818687e-23,0.0,45.0,-51.75,0.0,44.15,34.940000000000005
,NO_PATH,3.53953327e-19,0.0,29.99999999999999,-51.75,-2.987141537818687e-23,0.0,45.0,-51.75,0.0,44.15,34.96
,NO_PATH,5.59905462e-19,0.0,29.99999999999999,-51.75,-2.987141537818687e-23,0.0,45.0,-51.75,0.0,44.15,34.980000000000004
,NO_PATH,3.23979935e-19,0.0,29.99999999999999,-51.75,-2.987141537818687e-23,0.0,45.0,-51.75,0.0,44.15,35.0
,NO_PATH,8.74286875e-19,0.0,29.99999999999999,-51.75,-2.987141537818687e-23,0.0,45.0,-51.75,0.0,44.15,35.02
,NO_PATH,1.58887124e-19,0.0,29.99999999999999,-51.75,-2.987141537818687e-23,0.0,45.0,-51.75,0.0,44.15,35.04
,NO_PATH,1.19402998e-18,0.0,29.99999999999999,-51.75,-2.987141537818687e-23,0.0,45.0,-51.75,0.0,44.15,35.06
,NO_PATH,9.30739128e-20,0.0,29.99999999999999,-51.75,-2.987141537818687e-23,0.0,45.0,-51.75,0.0,44.15,35.080000000000005
,NO_PATH,9.30739128e-20,0.0,29.99999999999999,-51.75,-2.987141537818687e-23,0.0,45.0,-51.75,0.0,44.15,35.1
,NO_PATH,-7.21685107e-20,0.0,29.99999999999999,-51.75,-2.987141537818687e-23,0.0,45.0,-51.75,0.0,44.15,35.120000000000005
,NO_PATH,4.26424522e-19,0.0,29.99999999999999,-51.75,-2.987141537818687e-23,0.0,45.0,-51.75,0.0,44.15,35.14
,NO_PATH,8.96549516e-19,0.0,29.99999999999999,-51.75,-2.987141537818687e-23,0.0,45.0,-51.75,0.0,44.15,35.160000000000004
,NO_PATH,6.71219435e-19,0.0,29.99999999999999,-51.75,-2.987141537818687e-23,0.0,45.0,-51.75,0.0,44.15,35.181000000000004
,NO_PATH,2.83621193e-19,0.0,29.99999999999999,-51.75,-2.987141537818687e-23,0.0,45.0,-51.75,0.0,44.15,35.2
,NO_PATH,2.83621193e-19,0.0,29.99999999999999,-51.75,-2.987141537818687e-23,0.0,45.0,-51.75,0.0,44.15,35.22
,NO_PATH,2.09965118e-19,0.0,29.99999999999999,-51.75,-2.987141537818687e-23,0.0,45.0,-51.75,0.0,44.15,35.24
,NO_PATH,4.35194263e-19,0.0,29.99999999999999,-51.75,-2.987141537818687e-23,0.0,45.0,-51.75,0.0,44.15,35.260000000000005
,NO_PATH,4.35194263e-19,0.0,29.99999999999999,-51.75,-2.987141537818687e-23,0.0,45.0,-51.75,0.0,44.15,35.28
,NO_PATH,3.4647316e-19,0.0,29.99999999999999,-51.75,-2.987141537818687e-23,0.0,45.0,-51.75,0.0,44.15,35.301
,NO_PATH,2.43227652e-19,0.0,29.99999999999999,-51.75,-2.987141537818687e-23,0.0,45.0,-51.75,0.0,44.15,35.32
,NO_PATH,9.4935274e-19,0.0,29.99999999999999,-51.75,-2.987141537818687e-23,0.0,45.0,-51.75,0.0,44.15,35.34
,NO_PATH,9.4935274e-19,0.0,29.99999999999999,-51.75,-2.987141537818687e-23,0.0,45.0,-51.75,0.0,44.15,35.36
,NO_PATH,1.25008027e-18,0.0,29.99999999999999,-51.75,-2.987141537818687e-23,0.0,45.0,-51.75,0.0,44.15,35.38
,NO_PATH,1.25008027e-18,0.0,29.99999999999999,-51.75,-2.987141537818687e-23,0.0,45.0,-51.75,0.0,44.15,35.400000000000006
,NO_PATH,-3.26405525e-20,0.0,29.99999999999999,-51.75,-2.987141537818687e-23,0.0,45.0,-51.75,0.0,44.15,35.42
,NO_PATH,3.66266302e-19,0.0,29.99999999999999,-51.75,-2.987141537818687e-23,0.0,45.0,-51.75,0.0,44.15,35.440000000000005
,NO_PATH,3.66266302e-19,0.0,29.99999999999999,-51.75,-2.987141537818687e-23,0.0,45.0,-51.75,0.0,44.15,35.46
,NO_PATH,6.35249885e-20,0.0,29.99999999999999,-51.75,-2.987141537818687e-23,0.0,45.0,-51.75,0.0,44.15,35.480000000000004
,NO_PATH,5.07796991e-19,0.0,29.99999999999999,-51.75,-2.987141537818687e-23,0.0,45.0,-51.75,0.0,44.15,35.5
,NO_PATH,5.07796991e-19,0.0,29.99999999999999,-51.75,-2.987141537818687e-23,0.0,45.0,-51.75,0.0,44.15,35.52
,NO_PATH,8.73169722e-19,0.0,29.99999999999999,-51.75,-2.987141537818687e-23,0.0,45.0,-51.75,0.0,44.15,35.54
,NO_PATH,1.09733763e-18,0.0,29.99999999999999,-51.75,-2.987141537818687e-23,0.0,45.0,-51.75,0.0,44.15,35.56
,NO_PATH,1.09733763e-18,0.0,29.99999999999999,-51.75,-2.987141537818687e-23,0.0,45.0,-51.75,0.0,44.15,35.580000000000005
,NO_PATH,3.61229671e-19,0.0,29.99999999999999,-51.75,-2.987141537818687e-23,0.0,45.0,-51.75,0.0,44.15,35.6
,NO_PATH,9.79882188e-19,0.0,29.99999999999999,-51.75,-2.987141537818687e-23,0.0,45.0,-51.75,0.0,44.15,35.620000000000005
,NO_PATH,9.79882188e-19,0.0,29.99999999999999,-51.75,-2.987141537818687e-23,0.0,45.0,-51.75,0.0,44.15,35.64
,NO_PATH,2.6145511e-19,0.0,29.99999999999999,-51.75,-2.987141537818687e-23,0.0,45.0,-51.75,0.0,44.15,35.660000000000004
,NO_PATH,-2.52712609e-19,0.0,29.99999999999999,-51.75,-2.987141537818687e-23,0.0,45.0,-51.75,0.0,44.15,35.68
,NO_PATH,6.79607355e-19,0.0,29.99999999999999,-51.75,-2.987141537818687e-23,0.0,45.0,-51.75,0.0,44.15,35.7
,NO_PATH,3.56789634e-19,0.0,29.99999999999999,-51.75,-2.987141537818687e-23,0.0,45.0,-51.75,0.0,44.15,35.72
,NO_PATH,2.97588124e-19,0.0,29.99999999999999,-51.75,-2.987141537818687e-23,0.0,45.0,-51.75,0.0,44.15,35.74
,NO_PATH,-3.14699477e-20,0.0,29.99999999999999,-51.75,-2.987141537818687e-23,0.0,45.0,-51.75,0.0,44.15,35.760000000000005
,NO_PATH,-3.14699477e-20,0.0,29.99999999999999,-51.75,-2.987141537818687e-23,0.0,45.0,-51.75,0.0,44.15,35.78
,NO_PATH,-1.61384781e-19,0.0,29.99999999999999,-51.75,-2.987141537818687e-23,0.0,45.0,-51.75,0.0,44.15,35.800000000000004
,NO_PATH,-2.33624371e-19,0.0,29.99999999999999,-51.75,-2.987141537818687e-23,0.0,45.0,-51.75,0.0,44.15,35.82
,NO_PATH,5.80153262e-19,0.0,29.99999999999999,-51.75,-2.987141537818687e-23,0.0,45.0,-51.75,0.0,44.15,35.841
,NO_PATH,3.47572958e-19,0.0,29.99999999999999,-51.75,-2.987141537818687e-23,0.0,45.0,-51.75,0.0,44.15,35.86
,NO_PATH,2.48676681e-19,0.0,29.99999999999999,-51.75,-2.987141537818687e-23,0.0,45.0,-51.75,0.0,44.15,35.88
,NO_PATH,5.93216656e-19,0.0,29.99999999999999,-51.75,-2.987141537818687e-23,0.0,45.0,-51.75,0.0,44.15,35.900000000000006
,NO_PATH,5.93216656e-19,0.0,29.99999999999999,-51.75,-2.987141537818687e-23,0.0,45.0,-51.75,0.0,44.15,35.921
,NO_PATH,1.32102357e-18,0.0,29.99999999999999,-51.75,-2.987141537818687e-23,0.0,45.0,-51.75,0.0,44.15,35.940000000000005
,NO_PATH,1.8606237e-19,0.0,29.99999999999999,-51.75,-2.987141537818687e-23,0.0,45.0,-51.75,0.0,44.15,35.96
,NO_PATH,3.36199965e-19,0.0,29.99999999999999,-51.75,-2.987141537818687e-23,0.0,45.0,-51.75,0.0,44.15,35.980000000000004
,NO_PATH,2.93403404e-19,0.0,29.99999999999999,-51.75,-2.987141537818687e-23,0.0,45.0,-51.75,0.0,44.15,36.0
,NO_PATH,2.84412002e-19,0.0,29.99999999999999,-51.75,-2.987141537818687e-23,0.0,45.0,-51.75,0.0,44.15,36.02
,NO_PATH,7.57098417e-19,0.0,29.99999999999999,-51.75,-2.987141537818687e-23,0.0,45.0,-51.75,0.0,44.15,36.04
,NO_PATH,7.57098417e-19,0.0,29.99999999999999,-51.75,-2.987141537818687e-23,0.0,45.0,-51.75,0.0,44.15,36.06
,NO_PATH,4.60566014e-19,0.0,29.99999999999999,-51.75,-2.987141537818687e-23,0.0,45.0,-51.75,0.0,44.15,36.080000000000005
,NO_PATH,4.60566014e-19,0.0,29.99999999999999,-51.75,-2.987141537818687e-23,0.0,45.0,-51.75,0.0,44.15,36.101
,NO_PATH,5.04638077e-19,0.0,29.99999999999999,-51.75,-2.987141537818687e-23,0.0,45.0,-51.75,0.0,44.15,36.120000000000005
,NO_PATH,6.21362889e-19,0.0,29.99999999999999,-51.75,-2.987141537818687e-23,0.0,45.0,-51.75,0.0,44.15,36.14
,NO_PATH,2.39113997e-19,0.0,29.99999999999999,-51.75,-2.987141537818687e-23,0.0,45.0,-51.75,0.0,44.15,36.160000000000004
,NO_PATH,8.82018763e-19,0.0,29.99999999999999,-51.75,-2.987141537818687e-23,0.0,45.0,-51.75,0.0,44.15,36.18
,NO_PATH,8.82018763e-19,0.0,29.99999999999999,-51.75,-2.987141537818687e-23,0.0,45.0,-51.75,0.0,44.15,36.2
,NO_PATH,-2.38956358e-19,0.0,29.99999999999999,-51.75,-2.987141537818687e-23,0.0,45.0,-51.75,0.0,44.15,36.22
,NO_PATH,3.77165655e-19,0.0,29.99999999999999,-51.75,-2.987141537818687e-23,0.0,45.0,-51.75,0.0,44.15,36.24
,NO_PATH,3.77165655e-19,0.0,29.99999999999999,-51.75,-2.987141537818687e-23,0.0,45.0,-51.75,0.0,44.15,36.260000000000005
,NO_PATH,7.82540215e-19,0.0,29.99999999999999,-51.75,-2.987141537818687e-23,0.0,45.0,-51.75,0.0,44.15,36.28
,NO_PATH,3.33861871e-19,0.0,29.99999999999999,-51.75,-2.987141537818687e-23,0.0,45.0,-51.75,0.0,44.15,36.300000000000004
,NO_PATH,8.5067295e-19,0.0,29.99999999999999,-51.75,-2.987141537818687e-23,0.0,45.0,-51.75,0.0,44.15,36.32
,NO_PATH,-8.24690542e-20,0.0,29.99999999999999,-51.75,-2.987141537818687e-23,0.0,45.0,-51.75,0.0,44.15,36.34
,NO_PATH,6.39150394e-19,0.0,29.99999999999999,-51.75,-2.987141537818687e-23,0.0,45.0,-51.75,0.0,44.15,36.36
,NO_PATH,6.39150394e-19,0.0,29.99999999999999,-51.75,-2.987141537818687e-23,0.0,45.0,-51.75,0.0,44.15,36.38
,NO_PATH,6.26095558e-19,0.0,29.99999999999999,-51.75,-2.987141537818687e-23,0.0,45.0,-51.75,0.0,44.15,36.400000000000006
,NO_PATH,6.26095558e-19,0.0,29.99999999999999,-51.75,-2.987141537818687e-23,0.0,45.0,-51.75,0.0,44.15,36.42
,NO_PATH,4.60458192e-19,0.0,29.99999999999999,-51.75,-2.987141537818687e-23,0.0,45.0,-51.75,0.0,44.15,36.440000000000005
,NO_PATH,4.60458192e-19,0.0,29.99999999999999,-51.75,-2.987141537818687e-23,0.0,45.0,-51.75,0.0,44.15,36.46
,NO_PATH,5.81706232e-19,0.0,29.99999999999999,-51.75,-2.987141537818687e-23,0.0,45.0,-51.75,0.0,44.15,36.480000000000004
,NO_PATH,5.81706232e-19,0.0,29.99999999999999,-51.75,-2.987141537818687e-23,0.0,45.0,-51.75,0.0,44.15,36.5
,NO_PATH,8.45359172e-19,0.0,29.99999999999999,-51.75,-2.987141537818687e-23,0.0,45.0,-51.75,0.0,44.15,36.52
,NO_PATH,1.36698373e-19,0.0,29.99999999999999,-51.75,-2.987141537818687e-23,0.0,45.0,-51.75,0.0,44.15,36.54
,NO_PATH,8.68375565e-20,0.0,29.99999999999999,-51.75,-2.987141537818687e-23,0.0,45.0,-51.75,0.0,44.15,36.56
,NO_PATH,8.68375565e-20,0.0,29.99999999999999,-51.75,-2.987141537818687e-23,0.0,45.0,-51.75,0.0,44.15,36.580000000000005
,NO_PATH,2.94907873e-19,0.0,29.99999999999999,-51.75,-2.987141537818687e-23,0.0,45.0,-51.75,0.0,44.15,36.6
,NO_PATH,2.94907873e-19,0.0,29.99999999999999,-51.75,-2.987141537818687e-23,0.0,45.0,-51.75,0.0,44.15,36.620000000000005
,NO_PATH,4.27166093e-19,0.0,29.99999999999999,-51.75,-2.987141537818687e-23,0.0,45.0,-51.75,0.0,44.15,36.64
,NO_PATH,7.35236975e-19,0.0,29.99999999999999,-51.75,-2.987141537818687e-23,0.0,45.0,-51.75,0.0,44.15,36.660000000000004
,NO_PATH,-1.26819635e-19,0.0,29.99999999999999,-51.75,-2.987141537818687e-23,0.0,45.0,-51.75,0.0,44.15,36.68
,NO_PATH,-1.26819635e-19,0.0,29.99999999999999,-51.75,-2.987141537818687e-23,0.0,45.0,-51.75,0.0,44.15,36.7
,NO_PATH,1.14093718e-18,0.0,29.99999999999999,-51.75,-2.987141537818687e-23,0.0,45.0,-51.75,0.0,44.15,36.72
,NO_PATH,1.14093718e-18,0.0,29.99999999999999,-51.75,-2.987141537818687e-23,0.0,45.0,-51.75,0.0,44.15,36.74
,NO_PATH,1.36090694e-18,0.0,29.99999999999999,-51.75,-2.987141537818687e-23,0.0,45.0,-51.75,0.0,44.15,36.760000000000005
,NO_PATH,7.86497531e-19,0.0,29.99999999999999,-51.75,-2.987141537818687e-23,0.0,45.0,-51.75,0.0,44.15,36.78
,NO_PATH,8.78029359e-19,0.0,29.99999999999999,-51.75,-2.987141537818687e-23,0.0,45.0,-51.75,0.0,44.15,36.800000000000004
,NO_PATH,5.64625656e-19,0.0,29.99999999999999,-51.75,-2.987141537818687e-23,0.0,45.0,-51.75,0.0,44.15,36.821000000000005
,NO_PATH,5.64625656e-19,0.0,29.99999999999999,-51.75,-2.987141537818687e-23,0.0,45.0,-51.75,0.0,44.15,36.84
,NO_PATH,9.20441479e-19,0.0,29.99999999999999,-51.75,-2.987141537818687e-23,0.0,45.0,-51.75,0.0,44.15,36.86
,NO_PATH,9.53698462e-19,0.0,29.99999999999999,-51.75,-2.987141537818687e-23,0.0,45.0,-51.75,0.0,44.15,36.88
,NO_PATH,9.53698462e-19,0.0,29.99999999999999,-51.75,-2.987141537818687e-23,0.0,45.0,-51.75,0.0,44.15,36.900000000000006
,NO_PATH,2.16142668e-19,0.0,29.99999999999999,-51.75,-2.987141537818687e-23,0.0,45.0,-51.75,0.0,44.15,36.92
,NO_PATH,-4.62936196e-19,0.0,29.99999999999999,-51.75,-2.987141537818687e-23,0.0,45.0,-51.75,0.0,44.15,36.940000000000005
,NO_PATH,2.57405641e-19,0.0,29.99999999999999,-51.75,-2.987141537818687e-23,0.0,45.0,-51.75,0.0,44.15,36.96
,NO_PATH,4.7719169e-19,0.0,29.99999999999999,-51.75,-2.987141537818687e-23,0.0,45.0,-51.75,0.0,44.15,36.980000000000004
,NO_PATH,4.7719169e-19,0.0,29.99999999999999,-51.75,-2.987141537818687e-23,0.0,45.0,-51.75,0.0,44.15,37.0
,NO_PATH,3.04833493e-19,0.0,29.99999999999999,-51.75,-2.987141537818687e-23,0.0,45.0,-51.75,0.0,44.15,37.02
,NO_PATH,6.65930807e-19,0.0,29.99999999999999,-51.75,-2.987141537818687e-23,0.0,45.0,-51.75,0.0,44.15,37.04
,NO_PATH,6.65930807e-19,0.0,29.99999999999999,-51.75,-2.987141537818687e-23,0.0,45.0,-51.75,0.0,44.15,37.06
,NO_PATH,1.3273205e-18,0.0,29.99999999999999,-51.75,-2.987141537818687e-23,0.0,45.0,-51.75,0.0,44.15,37.080000000000005
,NO_PATH,9.54679592e-19,0.0,29.99999999999999,-51.75,-2.987141537818687e-23,0.0,45.0,-51.75,0.0,44.15,37.101
FOLLOW,NO_PATH,2.75516948e-19,0.0,29.99999999999999,-51.75,-2.987141537818687e-23,0.0,45.0,-51.75,0.0,44.15,37.120000000000005
FOLLOW,TRACKING,1.08917551e-18,0.0,29.99999999999999,-51.75,-2.987141537818687e-23,0.0,45.0,-51.75,0.0,44.15,37.14
FOLLOW,TRACKING,1.08917551e-18,0.02024923615628893,30.00025648625119,-51.75,2.0065538551386126e-13,0.0,45.0,-51.75,0.0,44.15,37.160000000000004
FOLLOW,TRACKING,3.79634969e-19,0.05024923615550847,30.00111147097431,-51.75,1.0501403903490233e-12,0.0,45.0,-51.75,0.0,44.15,37.18
FOLLOW,TRACKING,0.0569999998,0.0802492361561491,30.002566455697433,-51.75,2.4957646933317887e-12,0.0,45.0,-51.75,0.0,44.15,37.2
FOLLOW,TRACKING,0.0569999998,0.11024923615643445,30.004621440420554,-51.75,4.5375273967925115e-12,0.0,45.0,-51.75,0.0,44.15,37.22
FOLLOW,TRACKING,0.0869999998,0.140249236155654,30.007276425143672,-51.75,7.175428678107497e-12,0.0,45.0,-51.75,0.0,44.15,37.24
FOLLOW,TRACKING,0.117,0.17024923615629461,30.0105314098668,-51.75,1.0409469622909205e-11,0.0,45.0,-51.75,0.0,44.15,37.260000000000005
FOLLOW,TRACKING,0.177,0.20024923615657997,30.01438639458992,-51.74999999999988,1.4239654011738311e-11,0.0,45.0,-51.75,0.0,44.15,37.28
FOLLOW,TRACKING,0.207,0.23024923615544424,30.018841379313034,-51.74999999999974,1.8665990599143643e-11,0.0,45.0,-51.75,0.0,44.15,37.300000000000004
FOLLOW,TRACKING,0.237,0.26024923615608486,30.023896364036162,-51.749999999999595,2.3688491405392955e-11,0.0,45.0,-51.75,0.0,44.15,37.32
FOLLOW,TRACKING,0.267,0.2902492361567255,30.029551348759284,-51.749999999999424,2.930717627858835e-11,0.0,45.0,-51.75,0.0,44.15,37.34
FOLLOW,TRACKING,0.267,0.32024923615558976,30.0358063334824,-51.74999999999914,3.552207333898593e-11,0.0,45.0,-51.75,0.0,44.15,37.36
FOLLOW,TRACKING,0.327,0.3502492361558751,30.04266131820553,-51.74999999999884,4.233322174461754e-11,0.0,45.0,-51.75,0.0,44.15,37.38
FOLLOW,TRACKING,0.327,0.38024923615651574,30.05011630292865,-51.749999999998415,4.9740672275808287e-11,0.0,45.0,-51.75,0.0,44.15,37.400000000000006
FOLLOW,TRACKING,0.387,0.4102492361557353,30.058171287651767,-51.74999999999792,5.774449119705768e-11,0.0,45.0,-51.75,0.0,44.15,37.42
FOLLOW,TRACKING,0.417,0.44024923615602063,30.066826272374893,-51.749999999997314,6.63447643895668e-11,0.0,45.0,-51.75,0.0,44.15,37.440000000000005
FOLLOW,TRACKING,0.447,0.47024923615666125,30.076081257098018,-51.74999999999658,7.554159445452627e-11,0.0,45.0,-51.75,0.0,44.15,37.46
FOLLOW,TRACKING,0.447,0.5002492361558808,30.085936241821138,-51.74999999999571,8.533510891801778e-11,0.0,45.0,-51.75,0.0,44.15,37.480000000000004
FOLLOW,TRACKING,0.507,0.5302492361558109,30.09639122654426,-51.74999999999467,9.572546106688772e-11,0.0,45.0,-51.75,0.0,44.15,37.5
FOLLOW,TRACKING,0.537,0.5602492361564515,30.107446211267384,-51.74999999999346,1.0671283646679458e-10,0.0,45.0,-51.75,0.0,44.15,37.52
FOLLOW,TRACKING,0.537,0.5902492361560263,30.119101195990503,-51.74999999999207,1.1829744920602075e-10,0.0,45.0,-51.75,0.0,44.15,37.54
FOLLOW,TRACKING,0.597,0.6202492361559564,30.131356180713624,-51.74999999999044,1.304795477337655e-10,0.0,45.0,-51.75,0.0,44.15,37.56
FOLLOW,TRACKING,0.627,0.6502492361562417,30.144211165436747,-51.74999999998859,1.4325942359926662e-10,0.0,45.0,-51.75,0.0,44.15,37.580000000000005
FOLLOW,TRACKING,0.627,0.6802492361561718,30.157666150159866,-51.74999999998647,1.5663740724287628e-10,0.0,45.0,-51.75,0.0,44.15,37.6
FOLLOW,TRACKING,0.657,0.7102492361557466,30.17172113488299,-51.74999999998407,1.706138705935469e-10,0.0,45.0,-51.75,0.0,44.15,37.620000000000005
FOLLOW,TRACKING,0.717,0.740249236156032,30.186376119606113,-51.74999999998136,1.8518923731939338e-10,0.0,45.0,-51.75,0.0,44.15,37.64
FOLLOW,TRACKING,0.717,0.7702492361563174,30.201631104329234,-51.74999999997832,2.0036397690568906e-10,0.0,45.0,-51.75,0.0,44.15,37.660000000000004
FOLLOW,TRACKING,0.777,0.8002492361555369,30.21748608905235,-51.74999999997492,2.161386104630666e-10,0.0,45.0,-51.75,0.0,44.15,37.68
FOLLOW,TRACKING,0.777,0.8302492361561775,30.233941073775476,-51.74999999997113,2.3251370980903134e-10,0.0,45.0,-51.75,0.0,44.15,37.7
FOLLOW,TRACKING,0.807,0.8602492361564629,30.250996058498597,-51.749999999966924,2.494899021885776e-10,0.0,45.0,-51.75,0.0,44.15,37.72
FOLLOW,TRACKING,0.867,0.8902492361556824,30.268651043221713,-51.74999999996227,2.670678679319211e-10,0.0,45.0,-51.75,0.0,44.15,37.74
FOLLOW,TRACKING,0.897,0.9202492361559678,30.286906027944838,-51.74999999995713,2.852483384056087e-10,0.0,45.0,-51.75,0.0,44.15,37.760000000000005
FOLLOW,TRACKING,0.927,0.9502492361566084,30.30576101266796,-51.74999999995149,3.040320960131265e-10,0.0,45.0,-51.75,0.0,44.15,37.78
FOLLOW,TRACKING,0.927,0.9802492361554727,30.325215997391076,-51.74999999994531,3.234199683340232e-10,0.0,45.0,-51.75,0.0,44.15,37.800000000000004
FOLLOW,TRACKING,0.987,1.0102492361561133,30.345270982114204,-51.749999999938545,3.434128245052487e-10,0.0,45.0,-51.75,0.0,44.15,37.82
FOLLOW,TRACKING,1.017,1.040249236156754,30.365925966837327,-51.74999999993117,3.640115775811862e-10,0.0,45.0,-51.75,0.0,44.15,37.84
FOLLOW,TRACKING,1.047,1.0702492361556182,30.387180951560445,-51.749999999923155,3.8521717252917694e-10,0.0,45.0,-51.75,0.0,44.15,37.86
FOLLOW,TRACKING,1.077,1.1002492361559035,30.40903593628357,-51.74999999991445,4.070305747997035e-10,0.0,45.0,-51.75,0.0,44.15,37.88
FOLLOW,TRACKING,1.107,1.1302492361568994,30.431490921006695,-51.74999999990503,4.294527599853679e-10,0.0,45.0,-51.75,0.0,44.15,37.900000000000006
FOLLOW,TRACKING,1.107,1.1602492361557637,30.45454590572981,-51.74999999989485,4.5248470883755984e-10,0.0,45.0,-51.75,0.0,44.15,37.922000000000004
FOLLOW,TRACKING,1.167,1.1887492361559282,30.478173891216777,-51.749999999883876,4.761004000080436e-10,0.0,45.0,-51.75,0.0,44.15,37.940000000000005
FOLLOW,TRACKING,1.1955,1.2187492361565688,30.502398875939903,-51.74999999987207,5.003247315390134e-10,0.0,45.0,-51.75,0.0,44.15,37.96
FOLLOW,TRACKING,1.2255,1.2487492361561436,30.527223860663025,-51.74999999985938,5.251616002511501e-10,0.0,45.0,-51.75,0.0,44.15,37.980000000000004
FOLLOW,TRACKING,1.2555,1.2787492361560737,30.55264884538615,-51.749999999845755,5.506118430846332e-10,0.0,45.0,-51.75,0.0,44.15,38.0
FOLLOW,TRACKING,1.2855,1.308749236156359,30.578673830109274,-51.74999999983116,5.766762143722171e-10,0.0,45.0,-51.75,0.0,44.15,38.02
FOLLOW,TRACKING,1.3155,1.3387492361562892,30.605298814832395,-51.74999999981554,6.033553633003708e-10,0.0,45.0,-51.75,0.0,44.15,38.04
FOLLOW,TRACKING,1.3455,1.3687492361555087,30.632523799555514,-51.74999999979885,6.306498121240371e-10,0.0,45.0,-51.75,0.0,44.15,38.06
FOLLOW,TRACKING,1.3755,1.3987492361561493,30.66034878427864,-51.74999999978106,6.585599500177465e-10,0.0,45.0,-51.75,0.0,44.15,38.080000000000005
FOLLOW,TRACKING,1.4055,1.4287492361564347,30.68877376900176,-51.74999999976209,6.870859750648871e-10,0.0,45.0,-51.75,0.0,44.15,38.1
FOLLOW,TRACKING,1.4055,1.4587492361560095,30.717798753724882,-51.7499999997419,7.162279028889678e-10,0.0,45.0,-51.75,0.0,44.15,38.120000000000005
FOLLOW,TRACKING,1.4655,1.4887492361562948,30.74742373844801,-51.749999999720444,7.459855212715844e-10,0.0,45.0,-51.75,0.0,44.15,38.14
FOLLOW,TRACKING,1.4655,1.5187492361565802,30.77764872317113,-51.74999999969766,7.763583942346134e-10,0.0,45.0,-51.75,0.0,44.15,38.160000000000004
FOLLOW,TRACKING,1.4955,1.5487492361554445,30.808473707894247,-51.7499999996735,8.073458122799217e-10,0.0,45.0,-51.75,0.0,44.15,38.181000000000004
FOLLOW,TRACKING,1.5255,1.578749236156085,30.839898692617375,-51.7499999996479,8.389467891621242e-10,0.0,45.0,-51.75,0.0,44.15,38.2
FOLLOW,TRACKING,1.5855,1.6087492361567257,30.871923677340497,-51.74999999962079,8.711600516623466e-10,0.0,45.0,-51.75,0.0,44.15,38.22
FOLLOW,TRACKING,1.6155,1.63874923615559,30.904548662063615,-51.74999999959213,9.039840194403708e-10,0.0,45.0,-51.75,0.0,44.15,38.24
FOLLOW,TRACKING,1.6155,1.6687492361558753,30.93777364678674,-51.749999999561844,9.374168100024134e-10,0.0,45.0,-51.75,0.0,44.15,38.260000000000005
FOLLOW,TRACKING,1.6455,1.698749236156516,30.971598631509867,-51.749999999529884,9.714562345112698e-10,0.0,45.0,-51.75,0.0,44.15,38.28
FOLLOW,TRACKING,1.6755,1.7287492361557355,31.006023616232984,-51.74999999949617,1.0060998060589609e-09,0.0,45.0,-51.75,0.0,44.15,38.300000000000004
FOLLOW,TRACKING,1.7055,1.7587492361560209,31.04104860095611,-51.749999999460634,1.0413447533587689e-09,0.0,45.0,-51.75,0.0,44.15,38.321000000000005
FOLLOW,TRACKING,1.7355,1.7887492361566615,31.076673585679234,-51.74999999942321,1.0771880393316679e-09,0.0,45.0,-51.75,0.0,44.15,38.34
FOLLOW,TRACKING,1.7655,1.818749236155881,31.11289857040235,-51.749999999383846,1.113626410846057e-09,0.0,45.0,-51.75,0.0,44.15,38.36
FOLLOW,TRACKING,1.8255,1.8487492361561664,31.14972355512548,-51.749999999342464,1.150656419546252e-09,0.0,45.0,-51.75,0.0,44.15,38.38
FOLLOW,TRACKING,1.8255,1.8787492361564517,31.187148539848604,-51.74999999929898,1.1882744745307312e-09,0.0,45.0,-51.75,0.0,44.15,38.400000000000006
FOLLOW,TRACKING,1.8855,1.9087492361560265,31.22517352457172,-51.74999999925333,1.2264769228550249e-09,0.0,45.0,-51.75,0.0,44.15,38.42
FOLLOW,TRACKING,1.8855,1.9387492361559566,31.263798509294844,-51.749999999205464,1.2652601028136932e-09,0.0,45.0,-51.75,0.0,44.15,38.440000000000005
FOLLOW,TRACKING,1.9155,1.9614237240482169,31.302950238896887,-51.74999999915538,1.3045469374323075e-09,0.0,45.0,-51.75,0.0,44.15,38.46
FOLLOW,TRACKING,1.9455,1.9718286275214325,31.342345472154104,-51.74999999910339,1.3440502332107405e-09,0.0,45.0,-51.75,0.0,44.15,38.480000000000004
FOLLOW,TRACKING,1.96142377,1.9807715636446233,31.381929741256247,-51.74999999904954,1.3837130932455584e-09,0.0,45.0,-51.75,0.0,44.15,38.5
FOLLOW,TRACKING,1.98077156,1.9893960243411613,31.42168841058706,-51.749999998993836,1.4235190922408124e-09,0.0,45.0,-51.75,0.0,44.15,38.52
FOLLOW,TRACKING,1.98939602,1.9973731718501142,31.46161050707681,-51.74999999893627,1.4634560184122803e-09,0.0,45.0,-51.75,0.0,44.15,38.54
FOLLOW,TRACKING,1.99737317,2.0068677664362156,31.501712895408502,-51.749999998876795,1.5035400000945004e-09,0.0,45.0,-51.75,0.0,44.15,38.56
FOLLOW,TRACKING,2.00686777,2.01575172329882,31.54199712160933,-51.749999998815376,1.5437723878671345e-09,0.0,45.0,-51.75,0.0,44.15,38.580000000000005
FOLLOW,TRACKING,2.00686777,2.024034403003583,31.582450609373385,-51.74999999875204,1.5841410112690636e-09,0.0,45.0,-51.75,0.0,44.15,38.6
FOLLOW,TRACKING,2.01575172,2.0316816390675285,31.623060854844166,-51.749999998686775,1.6246343878005221e-09,0.0,45.0,-51.75,0.0,44.15,38.621
FOLLOW,TRACKING,2.03168164,2.040732405604473,31.663834592215043,-51.74999999861956,1.6652608314091564e-09,0.0,45.0,-51.75,0.0,44.15,38.64
FOLLOW,TRACKING,2.04073241,2.0489211943765184,31.704786379199977,-51.749999998550315,1.7060369565171791e-09,0.0,45.0,-51.75,0.0,44.15,38.660000000000004
FOLLOW,TRACKING,2.04892119,2.056940435561927,31.74589956836035,-51.74999999847902,1.7468787134788252e-09,0.0,45.0,-51.75,0.0,44.15,38.68
FOLLOW,TRACKING,2.04892119,2.0643274049980675,31.787164177806638,-51.74999999840562,1.7877634467978752e-09,0.0,45.0,-51.75,0.0,44.15,38.7
FOLLOW,TRACKING,2.05694044,2.0710954694109773,31.82856724338622,-51.74999999833028,1.8287846046971858e-09,0.0,45.0,-51.75,0.0,44.15,38.72
FOLLOW,TRACKING,2.07109547,2.076781746730205,31.870089130314483,-51.74999999825319,1.8700448593647944e-09,0.0,45.0,-51.75,0.0,44.15,38.74
FOLLOW,TRACKING,2.07678175,2.078940667008311,31.91166512471471,-51.74999999817427,1.9113547401365022e-09,0.0,45.0,-51.75,0.0,44.15,38.761
FOLLOW,TRACKING,2.07894067,2.0804828171883116,31.95327319597281,-51.749999998093564,1.9526920290749407e-09,0.0,45.0,-51.75,0.0,44.15,38.78
FOLLOW,TRACKING,2.08048282,2.0814261802328815,31.994900775734035,-51.749999998011106,1.994049037634493e-09,0.0,45.0,-51.75,0.0,44.15,38.801
FOLLOW,TRACKING,2.08048282,2.0818383598140144,32.03653713054084,-51.749999997926906,2.0354199342079384e-09,0.0,45.0,-51.75,0.0,44.15,38.82
FOLLOW,TRACKING,2.08142618,2.0817289658623395,32.07817181930775,-51.749999997841,2.076799055856405e-09,0.0,45.0,-51.75,0.0,44.15,38.84
FOLLOW,TRACKING,2.08183836,2.083541700017122,32.11984052691669,-51.74999999775331,2.118226446348688e-09,0.0,45.0,-51.75,0.0,44.15,38.861000000000004
FOLLOW,TRACKING,2.0835417,2.084862043091107,32.16153644676309,-51.749999997663885,2.1596996698847376e-09,0.0,45.0,-51.75,0.0,44.15,38.881
FOLLOW,TRACKING,2.08486204,2.0856981586234724,32.20324873727871,-51.74999999757271,2.201211932843509e-09,0.0,45.0,-51.75,0.0,44.15,38.900000000000006
FOLLOW,TRACKING,2.08486204,2.0860088837508783,32.24496860407037,-51.74999999747981,2.242758065992963e-09,0.0,45.0,-51.75,0.0,44.15,38.92
FOLLOW,TRACKING,2.08600888,2.085801387160302,32.286684839415834,-51.74999999738524,2.2843300033276013e-09,0.0,45.0,-51.75,0.0,44.15,38.940000000000005
FOLLOW,TRACKING,2.08580139,2.0815548057200317,32.3283214308556,-51.74999999728915,2.3258544507718186e-09,0.0,45.0,-51.75,0.0,44.15,38.96
FOLLOW,TRACKING,2.08580139,2.0767870020321766,32.36986370893152,-51.74999999719161,2.367318535085544e-09,0.0,45.0,-51.75,0.0,44.15,38.980000000000004
FOLLOW,TRACKING,2.08155481,2.071505635363735,32.41130138706155,-51.749999997092644,2.4087130942858663e-09,0.0,45.0,-51.75,0.0,44.15,39.0
FOLLOW,TRACKING,2.076787,2.0657896894526573,32.45262561568134,-51.74999999699216,2.4499317530959085e-09,0.0,45.0,-51.75,0.0,44.15,39.02
FOLLOW,TRACKING,2.06578969,2.0596479459911166,32.49382800312537,-51.749999996889684,2.490582391351479e-09,0.0,45.0,-51.75,0.0,44.15,39.04
FOLLOW,TRACKING,2.06578969,2.0556885959734927,32.53494669599913,-51.74999999678612,2.531433063519696e-09,0.0,45.0,-51.75,0.0,44.15,39.06
FOLLOW,TRACKING,2.05964795,2.0513334717264797,32.57597907828407,-51.749999996681105,2.5722010727780376e-09,0.0,45.0,-51.75,0.0,44.15,39.080000000000005
FOLLOW,TRACKING,2.0556886,2.046589907386931,32.616917366482795,-51.749999996574665,2.612881391364675e-09,3.0000000000001137,45.06,-51.75,0.0,44.21,39.1
FOLLOW,TRACKING,2.04658991,2.0414125772276748,32.65775297611773,-51.749999996466535,2.6532290512186927e-09,3.0000000000001137,45.120000000000005,-51.75,0.0,44.21,39.120000000000005
FOLLOW,TRACKING,2.04658991,2.0359025960132726,32.698479051908684,-51.749999996356955,2.69339707454926e-09,3.0000000000001137,45.18000000000001,-51.75,0.0,44.21,39.14
FOLLOW,TRACKING,2.0359026,2.0324477085438275,32.73913191833087,-51.74999999624638,2.7338260141963523e-09,3.0000000000001137,45.24000000000001,-51.75,0.0,44.21,39.160000000000004
FOLLOW,TRACKING,2.03244771,2.0285923535254824,32.77970847880683,-51.74999999613439,2.7741942262208714e-09,3.0000000000001137,45.360000000000014,-51.75,0.0,44.21,39.18
FOLLOW,TRACKING,2.02859235,2.024341913205774,32.820200820835005,-51.749999996021025,2.8144954632159266e-09,3.0000000000001137,45.420000000000016,-51.75,0.0,44.51000000000001,39.201
FOLLOW,TRACKING,2.02434191,2.019653540600075,32.8606002714929,-51.74999999590616,2.854599134964395e-09,3.0000000000001137,45.48000000000002,-51.75,0.0,44.51000000000001,39.221000000000004
FOLLOW,TRACKING,2.01965354,2.0145335110868245,32.90089818514924,-51.74999999578984,2.8945158293583038e-09,3.0000000000001137,45.54000000000002,-51.75,0.0,44.51000000000001,39.241
FOLLOW,TRACKING,2.01453351,2.0051664752074316,32.941020989101695,-51.74999999567174,2.9337314967899325e-09,3.0000000000001137,45.54000000000002,-51.75,0.0,44.51000000000001,39.260000000000005
FOLLOW,TRACKING,2.00516648,1.9953596048480904,32.98094941485554,-51.74999999555274,2.972820130415917e-09,3.0000000000001137,45.60000000000002,-51.75,0.0,44.51000000000001,39.281000000000006
FOLLOW,TRACKING,2.00516648,1.9851197243312413,33.020674774845645,-51.749999995432894,3.011781056411044e-09,3.0000000000001137,45.660000000000025,-51.75,0.0,44.51000000000001,39.300000000000004
FOLLOW,TRACKING,1.98511972,1.9745309188628823,33.060189754136175,-51.749999995312244,3.0506137681785025e-09,3.0000000000001137,45.78000000000003,-51.75,0.0,44.810000000000024,39.32
FOLLOW,TRACKING,1.98511972,1.9636013745554237,33.099487505492945,-51.749999995191345,3.0897023147862928e-09,3.0000000000001137,45.78000000000003,-51.75,0.0,44.810000000000024,39.34
FOLLOW,TRACKING,1.96360137,1.9550288826764017,33.13860480498748,-51.74999999507002,3.129020401454169e-09,3.0000000000001137,45.900000000000034,-51.75,0.0,44.810000000000024,39.36
FOLLOW,TRACKING,1.96360137,1.9461463390726408,33.177545383923004,-51.749999994947686,3.1681407017167493e-09,3.0000000000001137,45.900000000000034,-51.75,0.0,44.810000000000024,39.38
FOLLOW,TRACKING,1.95502888,1.9369604294041665,33.216303340827494,-51.749999994824385,3.207054711137851e-09,3.0000000000001137,45.960000000000036,-51.75,0.0,45.110000000000035,39.400000000000006
FOLLOW,TRACKING,1.93696043,1.9274233885013814,33.25487196161768,-51.74999999470016,3.245753554506754e-09,3.0000000000001137,46.02000000000004,-51.75,0.0,45.110000000000035,39.42
FOLLOW,TRACKING,1.92742339,1.9175407320368265,33.29324431191682,-51.74999999457504,3.2842286004980768e-09,3.0000000000001137,46.08000000000004,-51.75,0.0,45.110000000000035,39.440000000000005
FOLLOW,TRACKING,1.92742339,1.9163052716564266,33.33157165343946,-51.74999999444857,3.3226301616857577e-09,3.0000000000001137,46.14000000000004,-51.75,0.0,45.110000000000035,39.46
FOLLOW,TRACKING,1.91754073,1.914784718614726,33.3698688691391,-51.74999999432069,3.3609720581127005e-09,3.0000000000001137,46.200000000000045,-51.75,0.0,45.110000000000035,39.480000000000004
FOLLOW,TRACKING,1.91630527,1.91280621562413,33.408130929968145,-51.74999999419141,3.3992486211770795e-09,3.0000000000001137,46.26000000000005,-51.75,0.0,45.110000000000035,39.5
FOLLOW,TRACKING,1.91280622,1.9107798992692437,33.44634855530169,-51.749999994060786,3.437450325846777e-09,3.0000000000001137,46.32000000000005,-51.75,0.0,45.410000000000046,39.52
FOLLOW,TRACKING,1.91280622,1.9080793076682312,33.4845128434572,-51.74999999392901,3.4756918822344213e-09,3.0000000000001137,46.38000000000005,-51.75,0.0,45.410000000000046,39.54
FOLLOW,TRACKING,1.90807931,1.9073330344312467,33.52265950452585,-51.74999999379563,3.5137633010333755e-09,3.0000000000001137,46.440000000000055,-51.75,0.0,45.410000000000046,39.561
FOLLOW,TRACKING,1.90733303,1.9061558245070387,33.56078379882538,-51.74999999366084,3.55178415829143e-09,3.0000000000001137,46.50000000000006,-51.75,0.0,45.410000000000046,39.581
FOLLOW,TRACKING,1.90733303,1.9045595244051583,33.59887658642647,-51.74999999352469,3.5897469157942096e-09,3.0000000000001137,46.56000000000006,-51.75,0.0,45.71000000000006,39.6
FOLLOW,TRACKING,1.90455952,1.9025029385630887,33.636926646329066,-51.74999999338748,3.627847904795598e-09,3.0000000000001137,46.62000000000006,-51.75,0.0,45.71000000000006,39.620000000000005
FOLLOW,TRACKING,1.90250294,1.8999926045850657,33.6749290104193,-51.74999999324911,3.6659852818434855e-09,3.0000000000001137,46.740000000000066,-51.75,0.0,45.71000000000006,39.64
FOLLOW,TRACKING,1.8999926,1.899413348297685,33.712917856936514,-51.749999993108915,3.7037777032772076e-09,3.0000000000001137,46.740000000000066,-51.75,0.0,45.71000000000006,39.660000000000004
FOLLOW,TRACKING,1.89941335,1.8984058429296624,33.750886981813515,-51.749999992967304,3.741533695449468e-09,3.0000000000001137,46.86000000000007,-51.75,0.0,45.71000000000006,39.681000000000004
FOLLOW,TRACKING,1.89941335,1.8969774747290558,33.78882796040366,-51.74999999282434,3.779248060619614e-09,3.0000000000001137,46.86000000000007,-51.75,0.0,46.01000000000007,39.7
FOLLOW,TRACKING,1.89697747,1.8950874817846852,33.82673160109495,-51.74999999268036,3.817108163849764e-09,3.0000000000001137,46.980000000000075,-51.75,0.0,46.01000000000007,39.721000000000004
FOLLOW,TRACKING,1.89697747,1.8927423348173988,33.86458879441157,-51.74999999253521,3.854996999583913e-09,3.0000000000001137,46.980000000000075,-51.75,0.0,46.01000000000007,39.74
FOLLOW,TRACKING,1.89508748,1.8923165876927328,33.902435552129354,-51.74999999238834,3.89259752458838e-09,3.0000000000001137,47.04000000000008,-51.75,0.0,46.01000000000007,39.760000000000005
FOLLOW,TRACKING,1.89231659,1.8914610791917141,33.94026648516585,-51.74999999224005,3.930182775125128e-09,3.0000000000001137,47.16000000000008,-51.75,0.0,46.01000000000007,39.781000000000006
FOLLOW,TRACKING,1.89231659,1.8901832259174967,33.97807142818818,-51.74999999209047,3.9677462612242575e-09,3.0000000000001137,47.16000000000008,-51.75,0.0,46.01000000000007,39.800000000000004
FOLLOW,TRACKING,1.89018323,1.8884424790144294,34.0158420194018,-51.74999999193962,4.005283207388956e-09,3.0000000000001137,47.220000000000084,-51.75,0.0,46.31000000000008,39.821000000000005
FOLLOW,TRACKING,1.88844248,1.8941244083592323,34.05370509502885,-51.749999991787,4.042923119542098e-09,3.0000000000001137,47.34000000000009,-51.75,0.0,46.31000000000008,39.84
FOLLOW,TRACKING,1.89412441,1.8998063377111407,34.091687491172266,-51.74999999163251,4.080696057792672e-09,3.0000000000001137,47.40000000000009,-51.75,0.0,46.31000000000008,39.861000000000004
FOLLOW,TRACKING,1.89980634,1.9050841703744936,34.12977706056148,-51.74999999147616,4.1185931825810194e-09,3.0000000000001137,47.46000000000009,-51.75,0.0,46.31000000000008,39.881
FOLLOW,TRACKING,1.89980634,1.9098064936585502,34.167963298736765,-51.749999991317964,4.156607054182718e-09,3.0000000000001137,47.46000000000009,-51.75,0.0,46.31000000000008,39.900000000000006
FOLLOW,TRACKING,1.90508417,1.9139699948169664,34.20623470600946,-51.749999991157985,4.1947289430549925e-09,3.0000000000001137,47.520000000000095,-51.75,0.0,46.61000000000009,39.92
FOLLOW,TRACKING,1.91396999,1.9175795428587605,34.24457996638442,-51.74999999099629,4.232949972603856e-09,3.0000000000001137,47.6400000000001,-51.75,0.0,46.61000000000009,39.940000000000005
FOLLOW,TRACKING,1.91757954,1.9228645852962245,34.28302511522929,-51.749999990832706,4.271298116412867e-09,3.0000000000001137,47.7000000000001,-51.75,0.0,46.61000000000009,39.96
FOLLOW,TRACKING,1.92286459,1.9276215946909758,34.32156751666313,-51.74999999066727,4.309772417102114e-09,3.0000000000001137,47.760000000000105,-51.75,0.0,46.61000000000009,39.980000000000004
FOLLOW,TRACKING,1.92762159,1.931858858057467,34.36019647987644,-51.74999999050004,4.34836341790554e-09,3.0000000000001137,47.82000000000011,-51.75,0.0,46.9100000000001,40.001000000000005
FOLLOW,TRACKING,1.93185886,1.935539730840219,34.39890073000054,-51.749999990331034,4.387060594097088e-09,3.0000000000001137,47.82000000000011,-51.75,0.0,46.9100000000001,40.02
FOLLOW,TRACKING,1.93185886,1.9386716285154648,34.437669265283,-51.74999999016027,4.425853182337567e-09,3.0000000000001137,47.88000000000011,-51.75,0.0,46.9100000000001,40.04
FOLLOW,TRACKING,1.93867163,1.9435104895606514,34.476529117165946,-51.74999998998764,4.464767998801792e-09,3.0000000000001137,47.94000000000011,-51.75,0.0,46.9100000000001,40.06
FOLLOW,TRACKING,1.94351049,1.9478259065550674,34.51547718684853,-51.74999998981314,4.503801234846e-09,3.0000000000001137,48.000000000000114,-51.75,0.0,46.9100000000001,40.080000000000005
FOLLOW,TRACKING,1.94351049,1.9516261342928942,34.554502806915984,-51.749999989636805,4.542941003172417e-09,3.0000000000001137,48.060000000000116,-51.75,0.0,47.210000000000115,40.101
FOLLOW,TRACKING,1.95162613,1.9548739549364313,34.5935950408989,-51.749999989458665,4.582174646330569e-09,3.0000000000001137,48.18000000000012,-51.75,0.0,47.210000000000115,40.121
FOLLOW,TRACKING,1.95487395,1.9575767539734557,34.632742669003946,-51.74999998927878,4.621488733287951e-09,3.0000000000001137,48.24000000000012,-51.75,0.0,47.210000000000115,40.14
FOLLOW,TRACKING,1.95757675,1.9620156694060142,34.671978602300776,-51.749999989096956,4.660913740176682e-09,3.0000000000001137,48.24000000000012,-51.75,0.0,47.210000000000115,40.160000000000004
FOLLOW,TRACKING,1.96201567,1.9659352623975224,34.71129396635853,-51.74999998891329,4.7004665969789765e-09,3.0000000000001137,48.300000000000125,-51.75,0.0,47.210000000000115,40.18
FOLLOW,TRACKING,1.96593526,1.9693437723233842,34.75067511453125,-51.74999998872778,4.740101520282849e-09,3.0000000000001137,48.36000000000013,-51.75,0.0,47.510000000000126,40.201
FOLLOW,TRACKING,1.96593526,1.9722033932438876,34.79011496169808,-51.7499999885404,4.779778973745556e-09,3.0000000000001137,48.42000000000013,-51.75,0.0,47.510000000000126,40.220000000000006
FOLLOW,TRACKING,1.97220339,1.9745214909079323,34.82960225414046,-51.74999998835125,4.819512577258257e-09,3.0000000000001137,48.48000000000013,-51.75,0.0,47.510000000000126,40.242000000000004
FOLLOW,TRACKING,1.97452149,1.9786019303040803,34.869166549350474,-51.749999988160155,4.859328070733587e-09,3.0000000000001137,48.540000000000134,-51.75,0.0,47.510000000000126,40.260000000000005
FOLLOW,TRACKING,1.97860193,1.9821667436232815,34.908803687967676,-51.74999998796713,4.899217151401562e-09,3.0000000000001137,48.600000000000136,-51.75,0.0,47.510000000000126,40.28
FOLLOW,TRACKING,1.98216674,1.9852241567832607,34.94850349730694,-51.749999987772206,4.93916540392251e-09,3.0000000000001137,48.66000000000014,-51.75,0.0,47.81000000000014,40.300000000000004
FOLLOW,TRACKING,1.98522416,1.9877359356286206,34.988254691182746,-51.74999998757543,4.9791573334623385e-09,3.0000000000001137,48.78000000000014,-51.75,0.0,47.81000000000014,40.32
FOLLOW,TRACKING,1.98522416,1.9897094135785665,35.02804643149346,-51.74999998737685,5.019178002569517e-09,3.0000000000001137,48.78000000000014,-51.75,0.0,47.81000000000014,40.34
FOLLOW,TRACKING,1.98773594,1.9991136856063463,35.06799437051245,-51.74999998717587,5.059339795602872e-09,3.0000000000001137,48.840000000000146,-51.75,0.0,47.81000000000014,40.36
FOLLOW,TRACKING,1.99911369,2.008029651008769,35.108123963199944,-51.74999998697233,5.099664490490878e-09,3.0000000000001137,48.90000000000015,-51.75,0.0,47.81000000000014,40.38
FOLLOW,TRACKING,1.99911369,2.016022021919639,35.14841894534291,-51.7499999867663,5.1401321574898044e-09,3.0000000000001137,48.96000000000015,-51.75,0.0,47.81000000000014,40.400000000000006
FOLLOW,TRACKING,2.01602202,2.023826307393506,35.18887114180377,-51.74999998655778,5.180731319215432e-09,3.0000000000001137,49.02000000000015,-51.75,0.0,48.11000000000015,40.42
FOLLOW,TRACKING,2.01602202,2.0305531474136274,35.22947029396647,-51.74999998634682,5.2214488209651755e-09,3.0000000000001137,49.080000000000155,-51.75,0.0,48.11000000000015,40.440000000000005
FOLLOW,TRACKING,2.03055315,2.0393349160841012,35.27022679720419,-51.749999986133346,5.2622926691002e-09,3.0000000000001137,49.14000000000016,-51.75,0.0,48.11000000000015,40.46
FOLLOW,TRACKING,2.03055315,2.0475147599867682,35.31115050917509,-51.74999998591727,5.303270788269546e-09,3.0000000000001137,49.20000000000016,-51.75,0.0,48.11000000000015,40.480000000000004
FOLLOW,TRACKING,2.03933492,2.05511076139544,35.35222964452646,-51.749999985698636,5.344370002276537e-09,3.0000000000001137,49.26000000000016,-51.75,0.0,48.11000000000015,40.5
FOLLOW,TRACKING,2.04751476,2.0620781959976853,35.393451367725405,-51.7499999854775,5.385576654453142e-09,3.0000000000001137,49.320000000000164,-51.75,0.0,48.41000000000016,40.52
FOLLOW,TRACKING,2.05511076,2.0684253203455683,35.43480313527842,-51.749999985253915,5.426878072686132e-09,3.0000000000001137,49.380000000000166,-51.75,0.0,48.41000000000016,40.541000000000004
FOLLOW,TRACKING,2.06842532,2.076192848591063,35.476295115597054,-51.74999998502781,5.468284917363201e-09,3.0000000000001137,49.50000000000017,-51.75,0.0,48.41000000000016,40.56
FOLLOW,TRACKING,2.07619285,2.0832206122491925,35.517939385445004,-51.74999998479911,5.509810333892456e-09,3.0000000000001137,49.50000000000017,-51.75,0.0,48.41000000000016,40.580000000000005
FOLLOW,TRACKING,2.08322061,2.0900335907256817,35.55972098889776,-51.74999998456788,5.551441163523017e-09,3.0000000000001137,49.56000000000017,-51.75,0.0,48.41000000000016,40.6
FOLLOW,TRACKING,2.09003359,2.0956245123926465,35.60162011261189,-51.7499999843342,5.593160049905528e-09,3.0000000000001137,49.620000000000175,-51.75,0.0,48.71000000000017,40.620000000000005
FOLLOW,TRACKING,2.09562451,2.1012154340667166,35.64363105473604,-51.74999998409801,5.63488261640779e-09,3.0000000000001137,49.74000000000018,-51.75,0.0,48.71000000000017,40.64
FOLLOW,TRACKING,2.10121543,2.1085006190020295,35.685779637423146,-51.74999998385909,5.676597825912083e-09,3.0000000000001137,49.74000000000018,-51.75,0.0,48.71000000000017,40.660000000000004
FOLLOW,TRACKING,2.10121543,2.115212095908703,35.728065318490586,-51.74999998361765,5.718465610766804e-09,3.0000000000001137,49.80000000000018,-51.75,0.0,48.71000000000017,40.68
FOLLOW,TRACKING,2.1152121,2.121346651733802,35.770476575619604,-51.74999998337391,5.760604353847553e-09,3.0000000000001137,49.860000000000184,-51.75,0.0,49.01000000000018,40.7
FOLLOW,TRACKING,2.1152121,2.126866858801435,35.8130008291563,-51.749999983127736,5.802855523512142e-09,3.0000000000001137,49.920000000000186,-51.75,0.0,49.01000000000018,40.720000000000006
FOLLOW,TRACKING,2.12134665,2.133518855789873,35.855652942899745,-51.74999998287901,5.845229729397611e-09,3.0000000000001137,49.98000000000019,-51.75,0.0,49.01000000000018,40.74
FOLLOW,TRACKING,2.13351886,2.1401708527768903,35.89843809658296,-51.74999998262769,5.8877372955542005e-09,3.0000000000001137,50.04000000000019,-51.75,0.0,49.01000000000018,40.760000000000005
FOLLOW,TRACKING,2.14017085,2.146243619922217,35.941347602053256,-51.749999982373815,5.930374842680387e-09,3.0000000000001137,50.10000000000019,-51.75,0.0,49.01000000000018,40.78
FOLLOW,TRACKING,2.14017085,2.1517110700415287,35.98436895086943,-51.74999998211745,5.97313514601772e-09,3.0000000000001137,50.160000000000196,-51.75,0.0,49.01000000000018,40.800000000000004
FOLLOW,TRACKING,2.15171107,2.1565696486121055,36.027489907053265,-51.749999981858686,6.0160111085220516e-09,3.0000000000001137,50.2800000000002,-51.75,0.0,49.310000000000194,40.821000000000005
FOLLOW,TRACKING,2.15656965,2.1608274356381685,36.07069818023677,-51.74999998159756,6.0589952985096e-09,3.0000000000001137,50.3400000000002,-51.75,0.0,49.310000000000194,40.84
FOLLOW,TRACKING,2.16082744,2.1825766717945783,36.11419971443689,-51.749999981332834,6.1022971739454976e-09,3.0000000000001137,50.3400000000002,-51.75,0.0,49.310000000000194,40.86
FOLLOW,TRACKING,2.16082744,2.212576671794153,36.15830124787277,-51.74999998106255,6.146226837921343e-09,3.0000000000001137,50.400000000000205,-51.75,0.0,49.310000000000194,40.88
FOLLOW,TRACKING,2.18932744,2.242576671793728,36.203002781308655,-51.74999998078672,6.19078899251015e-09,3.0000000000001137,50.46000000000021,-51.75,0.0,49.610000000000205,40.900000000000006
FOLLOW,TRACKING,2.24932744,2.272576671794724,36.24830431474455,-51.7499999805052,6.2359879288497964e-09,3.0000000000001137,50.58000000000021,-51.75,0.0,49.610000000000205,40.921
FOLLOW,TRACKING,2.27932744,2.302576671795009,36.29420584818044,-51.749999980217865,6.2818273473770665e-09,3.0000000000001137,50.58000000000021,-51.75,0.0,49.610000000000205,40.940000000000005
FOLLOW,TRACKING,2.30932744,2.3325766717938734,36.340707381616326,-51.7499999799247,6.328310210258132e-09,3.0000000000001137,50.700000000000216,-51.75,0.0,49.610000000000205,40.961000000000006
FOLLOW,TRACKING,2.33932744,2.3625766717941588,36.38780891505221,-51.74999997962561,6.375438588293352e-09,3.0000000000001137,50.700000000000216,-51.75,0.0,49.610000000000205,40.980000000000004
FOLLOW,TRACKING,2.36932744,2.392576671794444,36.435510448488095,-51.74999997932051,6.4232135399470185e-09,3.0000000000001137,50.76000000000022,-51.75,0.0,49.91000000000022,41.0
FOLLOW,TRACKING,2.39932744,2.422576671794019,36.48381198192398,-51.74999997900932,6.47163497170306e-09,3.0000000000001137,50.82000000000022,-51.75,0.0,49.91000000000022,41.02
FOLLOW,TRACKING,2.42932744,2.452576651050009,36.53271351508766,-51.7499999786932,6.521650546741481e-09,3.0000000000001137,50.940000000000225,-51.75,0.0,49.91000000000022,41.041000000000004
FOLLOW,TRACKING,2.42932744,2.48257662865754,36.582215047772756,-51.749999978372735,6.573823734273985e-09,3.0000000000001137,50.940000000000225,-51.75,0.0,49.91000000000022,41.06
FOLLOW,TRACKING,2.45932744,2.512576610821071,36.63231658002219,-51.74999997804621,6.626955371445769e-09,3.0000000000001137,51.00000000000023,-51.75,0.0,49.91000000000022,41.080000000000005
FOLLOW,TRACKING,2.51932744,2.5425766354494783,36.683018112577074,-51.74999997771285,6.680563358555694e-09,3.0000000000001137,51.06000000000023,-51.75,0.0,50.21000000000023,41.1
FOLLOW,TRACKING,2.51932744,2.57257665973043,36.73431964563312,-51.749999977371026,6.733494999476699e-09,3.0000000000001137,51.12000000000023,-51.75,0.0,50.21000000000023,41.120000000000005
FOLLOW,TRACKING,2.54932744,2.60257667179431,36.78622117906478,-51.749999977020714,6.785736130030885e-09,3.0000000000001137,51.180000000000234,-51.75,0.0,50.21000000000023,41.14
FOLLOW,TRACKING,2.60932744,2.6325766717945953,36.838722712500676,-51.74999997666358,6.8385725843358175e-09,3.0000000000001137,51.30000000000024,-51.75,0.0,50.21000000000023,41.160000000000004
FOLLOW,TRACKING,2.60932744,2.6625766717948807,36.89182424593657,-51.74999997629954,6.8920094832622165e-09,3.0000000000001137,51.30000000000024,-51.75,0.0,50.21000000000023,41.18
FOLLOW,TRACKING,2.63932744,2.6925766717944555,36.94552577937245,-51.74999997592849,6.946036627030141e-09,3.0000000000001137,51.36000000000024,-51.75,0.0,50.21000000000023,41.2
FOLLOW,TRACKING,2.69932744,2.7225766717940303,36.999827312808335,-51.74999997555031,7.00064353577158e-09,3.0000000000001137,51.42000000000024,-51.75,0.0,50.51000000000024,41.220000000000006
FOLLOW,TRACKING,2.72932744,2.7525766717943156,37.054728846244224,-51.74999997516489,7.0558198124914605e-09,3.0000000000001137,51.480000000000246,-51.75,0.0,50.51000000000024,41.24
FOLLOW,TRACKING,2.75932744,2.782576671794601,37.110230379680104,-51.749999974772116,7.1115554669299395e-09,3.0000000000001137,51.54000000000025,-51.75,0.0,50.51000000000024,41.260000000000005
FOLLOW,TRACKING,2.78932744,2.8125766717934653,37.166331913115975,-51.74999997437188,7.167841356033925e-09,3.0000000000001137,51.60000000000025,-51.75,0.0,50.51000000000024,41.28
FOLLOW,TRACKING,2.81932744,2.842576671794461,37.22303344655187,-51.74999997396408,7.2246695337251105e-09,3.0000000000001137,51.66000000000025,-51.75,0.0,50.81000000000025,41.300000000000004
FOLLOW,TRACKING,2.81932744,2.8725766717947465,37.28033497998776,-51.74999997354861,7.2820336612424436e-09,3.0000000000001137,51.720000000000255,-51.75,0.0,50.81000000000025,41.32
FOLLOW,TRACKING,2.84932744,2.9025766717943213,37.33823651342363,-51.74999997312537,7.339929356102798e-09,3.0000000000001137,51.78000000000026,-51.75,0.0,50.81000000000025,41.34
FOLLOW,TRACKING,2.90932744,2.9325766689247246,37.396738046830826,-51.749999972694106,7.398254426922252e-09,3.0000000000001137,51.90000000000026,-51.75,0.0,50.81000000000025,41.36
FOLLOW,TRACKING,2.90932744,2.962576601188971,37.45583957930506,-51.749999972251935,7.454894423623144e-09,3.0000000000001137,51.960000000000264,-51.75,0.0,50.81000000000025,41.38
FOLLOW,TRACKING,2.93932744,2.9925764948757205,37.51554110964772,-51.74999997180069,7.511210596124958e-09,3.0000000000001137,51.960000000000264,-51.75,0.0,50.81000000000025,41.400000000000006
FOLLOW,TRACKING,2.96932744,3.02257646086872,37.57584263894139,-51.74999997134121,7.56787299368081e-09,3.0000000000001137,52.020000000000266,-51.75,0.0,51.11000000000026,41.42
FOLLOW,TRACKING,3.02932744,3.05257650342341,37.6367441686999,-51.74999997087382,7.62518895228368e-09,3.0000000000001137,52.08000000000027,-51.75,0.0,51.11000000000026,41.440000000000005
FOLLOW,TRACKING,3.05932744,3.082576619700461,37.698245700435905,-51.74999997039889,7.683521789618277e-09,3.0000000000001137,52.14000000000027,-51.75,0.0,51.11000000000026,41.46
FOLLOW,TRACKING,3.08932744,3.1125766717934766,37.76034723371921,-51.74999996991871,7.74469426671389e-09,3.0000000000001137,52.260000000000275,-51.75,0.0,51.11000000000026,41.480000000000004
FOLLOW,TRACKING,3.08932744,3.1425766717944725,37.82304876715509,-51.74999996943071,7.806985540942046e-09,3.0000000000001137,52.260000000000275,-51.75,0.0,51.11000000000026,41.5
FOLLOW,TRACKING,3.14932744,3.1725766717940473,37.88635030059097,-51.749999968934084,7.86988024207944e-09,3.0000000000001137,52.32000000000028,-51.75,0.0,51.410000000000274,41.52
FOLLOW,TRACKING,3.17932744,3.202576671793622,37.950251834026844,-51.74999996842875,7.933395490515601e-09,3.0000000000001137,52.38000000000028,-51.75,0.0,51.410000000000274,41.54
FOLLOW,TRACKING,3.17932744,3.2310766717948525,38.01472486822658,-51.74999996791484,7.997519991960123e-09,3.0000000000001137,52.44000000000028,-51.75,0.0,51.410000000000274,41.56
FOLLOW,TRACKING,3.23782744,3.2610766717944273,38.07979640166247,-51.749999967392036,8.062296705148473e-09,3.0000000000001137,52.500000000000284,-51.75,0.0,51.410000000000274,41.580000000000005
FOLLOW,TRACKING,3.26782744,3.2910766717932916,38.14546793509835,-51.74999996686023,8.127741601789435e-09,3.0000000000001137,52.62000000000029,-51.75,0.0,51.710000000000285,41.601
FOLLOW,TRACKING,3.26782744,3.3210659579609114,38.21173936139591,-51.749999966319315,8.193866539299026e-09,3.0000000000001137,52.68000000000029,-51.75,0.0,51.710000000000285,41.620000000000005
FOLLOW,TRACKING,3.32772024,3.3493572114956294,38.27857762906367,-51.74999996576946,8.260647238816293e-09,3.0000000000001137,52.68000000000029,-51.75,0.0,51.710000000000285,41.64
FOLLOW,TRACKING,3.32772024,3.376753763888729,38.34596362978784,-51.74999996521186,8.328935484731411e-09,3.0000000000001137,52.74000000000029,-51.75,0.0,51.710000000000285,41.660000000000004
FOLLOW,TRACKING,3.355097,3.4042250863713264,38.41390009343909,-51.74999996464779,8.399862405652183e-09,3.0000000000001137,52.800000000000296,-51.75,0.0,51.710000000000285,41.68
FOLLOW,TRACKING,3.40944138,3.430842817902402,38.48237042598445,-51.74999996407493,8.471746546448815e-09,3.0000000000001137,52.8600000000003,-51.75,0.0,51.710000000000285,41.7
FOLLOW,TRACKING,3.43545305,3.4566765797357846,38.55135921232527,-51.74999996349291,8.544305906767742e-09,3.0000000000001137,52.9200000000003,-51.75,0.0,52.010000000000296,41.720000000000006
FOLLOW,TRACKING,3.46070101,3.482649643974156,38.6208752081118,-51.749999962900986,8.617133800788492e-09,3.0000000000001137,52.9800000000003,-51.75,0.0,52.010000000000296,41.74
FOLLOW,TRACKING,3.48519921,3.506292715955084,38.69085761901574,-51.74999996229931,8.689926196357411e-09,3.0000000000001137,53.040000000000305,-51.75,0.0,52.010000000000296,41.760000000000005
FOLLOW,TRACKING,3.510013,3.530890168936196,38.761334143769055,-51.749999961685326,8.76103254210588e-09,3.0000000000001137,53.10000000000031,-51.75,0.0,52.010000000000296,41.78
FOLLOW,TRACKING,3.510013,3.55470839895915,38.83228977451814,-51.749999961061874,8.832440441095108e-09,3.0000000000001137,53.22000000000031,-51.75,0.0,52.31000000000031,41.801
FOLLOW,TRACKING,3.53410536,3.5778055896969363,38.90371021564816,-51.7499999604292,8.904295057338294e-09,3.0000000000001137,53.280000000000314,-51.75,0.0,52.31000000000031,41.821000000000005
FOLLOW,TRACKING,3.58015633,3.598294583753159,38.97553671939208,-51.74999995978768,8.976513501412797e-09,3.0000000000001137,53.280000000000314,-51.75,0.0,52.31000000000031,41.841
FOLLOW,TRACKING,3.58015633,3.6223013206978294,39.047848417051796,-51.7499999591365,9.049153081559292e-09,3.0000000000001137,53.340000000000316,-51.75,0.0,52.31000000000031,41.86
FOLLOW,TRACKING,3.62448441,3.6443279015010432,39.12060403330933,-51.74999995847592,9.1221528243862e-09,3.0000000000001137,53.46000000000032,-51.75,0.0,52.31000000000031,41.88
FOLLOW,TRACKING,3.62448441,3.6656831929306577,39.193790080617454,-51.74999995780595,9.195483933087585e-09,3.0000000000001137,53.46000000000032,-51.75,0.0,52.31000000000031,41.901
FOLLOW,TRACKING,3.66719493,3.6859050515360536,39.26738857352652,-51.74999995712664,9.269118115972897e-09,3.0000000000001137,53.52000000000032,-51.75,0.0,52.61000000000032,41.92
FOLLOW,TRACKING,3.68687899,3.7055890480580445,39.34138074629415,-51.74999995643552,9.341068946520995e-09,3.0000000000001137,53.580000000000325,-51.75,0.0,52.61000000000032,41.940000000000005
FOLLOW,TRACKING,3.68687899,3.7255610746839807,39.41576947790157,-51.749999955734474,9.412737393098664e-09,3.0000000000001137,53.70000000000033,-51.75,0.0,52.61000000000032,41.96
FOLLOW,TRACKING,3.70656306,3.7453504514097347,39.490557743944244,-51.749999955023846,9.484449677716094e-09,3.0000000000001137,53.76000000000033,-51.75,0.0,52.61000000000032,41.980000000000004
FOLLOW,TRACKING,3.72672723,3.7644555273494973,39.56573245593788,-51.749999954304286,9.556650895175999e-09,3.0000000000001137,53.76000000000033,-51.75,0.0,52.91000000000033,42.0
FOLLOW,TRACKING,3.76517987,3.7823029901964844,39.64126127616125,-51.74999995357641,9.629610013965795e-09,3.0000000000001137,53.820000000000334,-51.75,0.0,52.91000000000033,42.02
FOLLOW,TRACKING,3.78321906,3.8004875701275864,39.71716583519926,-51.74999995284074,9.703946806342174e-09,3.0000000000001137,53.88000000000034,-51.75,0.0,52.91000000000033,42.04
FOLLOW,TRACKING,3.80086746,3.818555991313133,39.7934275628743,-51.74999995209728,9.779709108384482e-09,3.0000000000001137,54.00000000000034,-51.75,0.0,52.91000000000033,42.061
FOLLOW,TRACKING,3.80086746,3.8362958109985357,39.87004867113173,-51.74999995134454,9.855847564026547e-09,3.0000000000001137,54.00000000000034,-51.75,0.0,52.91000000000033,42.080000000000005
FOLLOW,TRACKING,3.8366661,3.8534228640415336,39.947017053890555,-51.7499999505826,9.932379544452436e-09,3.0000000000001137,54.06000000000034,-51.75,0.0,53.21000000000034,42.1
FOLLOW,TRACKING,3.85367478,3.8699385190348323,40.02432067999292,-51.749999949811496,1.00093202895715e-08,3.0000000000001137,54.18000000000035,-51.75,0.0,53.21000000000034,42.120000000000005
FOLLOW,TRACKING,3.85367478,3.885808211693842,40.101947046225746,-51.749999949031306,1.0086680498395468e-08,3.0000000000001137,54.18000000000035,-51.75,0.0,53.21000000000034,42.14
FOLLOW,TRACKING,3.88588935,3.8575140245541206,40.179246095791456,-51.74999994824479,1.0160905091483666e-08,3.0000000000001137,54.24000000000035,-51.75,0.0,53.21000000000034,42.160000000000004
FOLLOW,TRACKING,3.88588935,3.8279538594053975,40.25596579350102,-51.74999994745716,1.0233562700221878e-08,3.0000000000001137,54.30000000000035,-51.75,0.0,53.21000000000034,42.18
FOLLOW,TRACKING,3.85751395,3.7972845931761867,40.33208319867371,-51.749999946669355,1.0305000215029786e-08,3.0000000000001137,54.360000000000355,-51.75,0.0,53.21000000000034,42.2
FOLLOW,TRACKING,3.82795368,3.7662680583665065,40.40758300280502,-51.749999945881974,1.037538545856932e-08,3.0000000000001137,54.42000000000036,-51.75,0.0,53.51000000000035,42.220000000000006
FOLLOW,TRACKING,3.76616302,3.7349691470076607,40.48245934950764,-51.74999994509562,1.044501023592364e-08,3.0000000000001137,54.48000000000036,-51.75,0.0,53.51000000000035,42.24
FOLLOW,TRACKING,3.73483607,3.707599368999581,40.556748728497176,-51.749999944311355,1.0514926513318222e-08,3.0000000000001137,54.54000000000036,-51.75,0.0,53.51000000000035,42.260000000000005
FOLLOW,TRACKING,3.70759936,3.680146962832964,40.63049121489487,-51.74999994352813,1.0584629663297187e-08,3.0000000000001137,54.660000000000366,-51.75,0.0,53.51000000000035,42.28
FOLLOW,TRACKING,3.70759936,3.6524848991987824,40.70368255409209,-51.74999994274628,1.0654281960824658e-08,3.0000000000001137,54.660000000000366,-51.75,0.0,53.51000000000035,42.300000000000004
FOLLOW,TRACKING,3.65248487,3.6245314259907957,40.77631773462889,-51.749999941966124,1.0724013426271754e-08,3.0000000000001137,54.78000000000037,-51.75,0.0,53.810000000000365,42.32
FOLLOW,TRACKING,3.62453138,3.5962904460980383,40.84839096720526,-51.749999941188655,1.0794489662046354e-08,3.0000000000001137,54.78000000000037,-51.75,0.0,53.810000000000365,42.34
FOLLOW,TRACKING,3.62453138,3.571980470498204,40.91994137820535,-51.74999994041437,1.08664331973599e-08,3.0000000000001137,54.84000000000037,-51.75,0.0,53.810000000000365,42.36
FOLLOW,TRACKING,3.57198047,3.5474250848686495,40.991002890877496,-51.7499999396402,1.0937821176716918e-08,3.0000000000001137,54.96000000000038,-51.75,0.0,53.810000000000365,42.38
FOLLOW,TRACKING,3.57198047,3.522630228508916,41.06157066178084,-51.74999993886628,1.1008632848161914e-08,3.0000000000001137,54.96000000000038,-51.75,0.0,53.810000000000365,42.400000000000006
FOLLOW,TRACKING,3.52263023,3.4975170963782887,41.13163903508944,-51.74999993809461,1.1080259949034131e-08,3.0000000000001137,55.02000000000038,-51.75,0.0,54.17000000000038,42.42
FOLLOW,TRACKING,3.52263023,3.4720900245709174,41.20120169504829,-51.74999993732527,1.115269679846736e-08,3.0000000000001137,55.08000000000038,-51.75,0.0,54.17000000000038,42.440000000000005
FOLLOW,TRACKING,3.4975171,3.450406153447716,41.27029930486719,-51.7499999365561,1.122466705726292e-08,3.0000000000001137,55.140000000000384,-51.75,0.0,54.17000000000038,42.46
FOLLOW,TRACKING,3.47209002,3.4284487433069453,41.338959956657504,-51.74999993578723,1.1296456046094678e-08,3.0000000000001137,55.20000000000039,-51.75,0.0,54.17000000000038,42.480000000000004
FOLLOW,TRACKING,3.45040615,3.406224119466118,41.40717825508929,-51.749999935018806,1.1368082633356071e-08,3.0000000000001137,55.26000000000039,-51.75,0.0,54.17000000000038,42.5
FOLLOW,TRACKING,3.40622412,3.3833192503266227,41.474966804111915,-51.74999993425065,1.1439440516571193e-08,3.0000000000001137,55.38000000000039,-51.75,0.0,54.41000000000039,42.52
FOLLOW,TRACKING,3.38331925,3.360414381031519,41.54227435054891,-51.74999993348303,1.1510198643617744e-08,3.0000000000001137,55.38000000000039,-51.75,0.0,54.41000000000039,42.54
FOLLOW,TRACKING,3.36041438,3.341084549838059,41.60916836612333,-51.749999932714346,1.1579706711258877e-08,3.0000000000001137,55.5000000000004,-51.75,0.0,54.41000000000039,42.56
FOLLOW,TRACKING,3.34108455,3.3214625245250327,41.675671985374336,-51.74999993194518,1.1648539592965687e-08,3.0000000000001137,55.5000000000004,-51.75,0.0,54.41000000000039,42.580000000000005
FOLLOW,TRACKING,3.32146252,3.3015484380321434,41.74177936572672,-51.74999993117549,1.1716509855095297e-08,3.0000000000001137,55.5600000000004,-51.75,0.0,54.7100000000004,42.6
FOLLOW,TRACKING,3.30154844,3.280910923258774,41.807479058110204,-51.749999930405686,1.1783745948330201e-08,3.0000000000001137,55.680000000000405,-51.75,0.0,54.7100000000004,42.620000000000005
FOLLOW,TRACKING,3.28091092,3.260273408486115,41.87276599939462,-51.74999992963385,1.1848660317141886e-08,3.0000000000001137,55.680000000000405,-51.75,0.0,54.7100000000004,42.64
FOLLOW,TRACKING,3.26027341,3.2430603716946402,41.93768549381465,-51.74999992886222,1.1913250843014736e-08,3.0000000000001137,55.74000000000041,-51.75,0.0,54.7100000000004,42.660000000000004
FOLLOW,TRACKING,3.24306037,3.225218651827789,42.00225192625594,-51.74999992809071,1.1977552249954916e-08,3.0000000000001137,55.80000000000041,-51.75,0.0,54.7100000000004,42.68
FOLLOW,TRACKING,3.22521865,3.2073769319609378,42.06646152429989,-51.749999927319436,1.2041570917095095e-08,3.0000000000001137,55.920000000000414,-51.75,0.0,55.01000000000041,42.7
FOLLOW,TRACKING,3.22521865,3.1891514018838056,42.13030914067893,-51.74999992654695,1.2104088810391057e-08,3.0000000000001137,55.920000000000414,-51.75,0.0,55.01000000000041,42.720000000000006
FOLLOW,TRACKING,3.1891514,3.170553630468476,42.193787409129826,-51.74999992577395,1.2165458182245788e-08,3.0000000000001137,55.980000000000416,-51.75,0.0,55.01000000000041,42.74
FOLLOW,TRACKING,3.17055363,3.155244949724079,42.256939171021926,-51.74999992500125,1.2226652519799313e-08,3.0000000000001137,56.10000000000042,-51.75,0.0,55.01000000000041,42.761
FOLLOW,TRACKING,3.15524495,3.1392597348656186,42.319775289259596,-51.749999924228376,1.2287387888525192e-08,3.0000000000001137,56.16000000000042,-51.75,0.0,55.01000000000041,42.78
FOLLOW,TRACKING,3.15524495,3.123274520005737,42.382291703934555,-51.7499999234555,1.2347709275239545e-08,3.0000000000001137,56.16000000000042,-51.75,0.0,55.01000000000041,42.800000000000004
FOLLOW,TRACKING,3.13925973,3.1068877109063924,42.4444827927566,-51.74999992268268,1.2407545420000319e-08,3.0000000000001137,56.220000000000425,-51.75,0.0,55.31000000000042,42.82
FOLLOW,TRACKING,3.10688771,3.090111685886399,42.50634069670567,-51.749999921910266,1.2467029084523224e-08,3.0000000000001137,56.28000000000043,-51.75,0.0,55.31000000000042,42.84
FOLLOW,TRACKING,3.09011169,3.07650371996715,42.56790882187374,-51.749999921138645,1.2526865182562843e-08,3.0000000000001137,56.34000000000043,-51.75,0.0,55.31000000000042,42.86
FOLLOW,TRACKING,3.09011169,3.062535749221951,42.629199387240114,-51.74999992036696,1.2586526383566538e-08,3.0000000000001137,56.40000000000043,-51.75,0.0,55.31000000000042,42.88
FOLLOW,TRACKING,3.06253575,3.0482148772321698,42.6902052989331,-51.74999991959542,1.2646056702083916e-08,3.0000000000001137,56.460000000000434,-51.75,0.0,55.61000000000043,42.900000000000006
FOLLOW,TRACKING,3.06253575,3.033476561157045,42.75091853057712,-51.749999918824194,1.2705475305564796e-08,3.0000000000001137,56.52000000000044,-51.75,0.0,55.61000000000043,42.92
FOLLOW,TRACKING,3.03347656,3.0183266582078265,42.81133097114856,-51.749999918054115,1.2765288839161139e-08,3.0000000000001137,56.58000000000044,-51.75,0.0,55.61000000000043,42.940000000000005
FOLLOW,TRACKING,3.03347656,3.0062365349934344,42.871486158621146,-51.74999991728493,1.2825767154022179e-08,3.0000000000001137,56.64000000000044,-51.75,0.0,55.61000000000043,42.96
FOLLOW,TRACKING,3.01832666,2.9937699339519956,42.93139389665375,-51.749999916515215,1.2885950370943366e-08,3.0000000000001137,56.70000000000044,-51.75,0.0,55.61000000000043,42.980000000000004
FOLLOW,TRACKING,3.00623653,2.9809342534001364,42.991046766660816,-51.74999991574512,1.2945821258603415e-08,3.0000000000001137,56.760000000000446,-51.75,0.0,55.910000000000444,43.0
FOLLOW,TRACKING,2.98093425,2.967666959627025,43.0504364490783,-51.749999914974794,1.300536401888002e-08,3.0000000000001137,56.82000000000045,-51.75,0.0,55.910000000000444,43.02
FOLLOW,TRACKING,2.96766696,2.9573360724484137,43.109606499449164,-51.74999991420422,1.3065009153666932e-08,3.0000000000001137,56.88000000000045,-51.75,0.0,55.910000000000444,43.04
FOLLOW,TRACKING,2.95733607,2.9466064737412982,43.16856355347,-51.749999913433584,1.3124959806644178e-08,3.0000000000001137,56.94000000000045,-51.75,0.0,55.910000000000444,43.06
FOLLOW,TRACKING,2.95733607,2.9354857447273734,43.22729975849529,-51.74999991266271,1.3184986622135501e-08,3.0000000000001137,57.000000000000455,-51.75,0.0,55.910000000000444,43.080000000000005
FOLLOW,TRACKING,2.94660647,2.9239136011192106,43.28580632761218,-51.749999911891614,1.3244978149378555e-08,3.0000000000001137,57.06000000000046,-51.75,0.0,56.210000000000456,43.1
FOLLOW,TRACKING,2.9239136,2.9118963578085304,43.34406233328955,-51.74999991112052,1.3304861155019455e-08,3.0000000000001137,57.18000000000046,-51.75,0.0,56.210000000000456,43.121
FOLLOW,TRACKING,2.91189636,2.8994402358300424,43.40207097263399,-51.74999991034925,1.3364516853072165e-08,3.0000000000001137,57.18000000000046,-51.75,0.0,56.210000000000456,43.14
FOLLOW,TRACKING,2.89944024,2.8898636821352857,43.45988856029702,-51.74999990957645,1.3423478041560082e-08,3.0000000000001137,57.240000000000464,-51.75,0.0,56.210000000000456,43.160000000000004
FOLLOW,TRACKING,2.89944024,2.8798836409009714,43.51750816117299,-51.749999908802835,1.348218272362159e-08,3.0000000000001137,57.300000000000466,-51.75,0.0,56.210000000000456,43.18
FOLLOW,TRACKING,2.88986368,2.8695077961558018,43.57492182828663,-51.74999990802861,1.354068252535977e-08,3.0000000000001137,57.36000000000047,-51.75,0.0,56.210000000000456,43.2
FOLLOW,TRACKING,2.87988364,2.858676811420225,43.63212069604709,-51.74999990725394,1.3598953989184847e-08,3.0000000000001137,57.42000000000047,-51.75,0.0,56.51000000000047,43.221000000000004
FOLLOW,TRACKING,2.85867681,2.8473970577778123,43.689095763407444,-51.74999990647888,1.3656921621260022e-08,3.0000000000001137,57.48000000000047,-51.75,0.0,56.51000000000047,43.24
FOLLOW,TRACKING,2.84739706,2.838920662320277,43.745890610599226,-51.74999990570222,1.3714109821768141e-08,3.0000000000001137,57.540000000000475,-51.75,0.0,56.51000000000047,43.260000000000005
FOLLOW,TRACKING,2.83892066,2.8300288417845825,43.80250886751032,-51.74999990492418,1.3770691677389977e-08,3.0000000000001137,57.60000000000048,-51.75,0.0,56.51000000000047,43.28
FOLLOW,TRACKING,2.83892066,2.8207293553705886,43.85894265729895,-51.74999990414515,1.3826824482185966e-08,3.0000000000001137,57.66000000000048,-51.75,0.0,56.81000000000048,43.300000000000004
FOLLOW,TRACKING,2.82072936,2.810964409441397,43.915183010244085,-51.74999990336569,1.3882807958875893e-08,3.0000000000001137,57.780000000000484,-51.75,0.0,56.81000000000048,43.321000000000005
FOLLOW,TRACKING,2.82072936,2.8007405141750046,43.97122072131496,-51.74999990258596,1.393864075533463e-08,3.0000000000001137,57.780000000000484,-51.75,0.0,56.81000000000048,43.34
FOLLOW,TRACKING,2.80074051,2.7932504831369447,44.02709920488496,-51.749999901805424,1.3994372127604955e-08,3.0000000000001137,57.84000000000049,-51.75,0.0,56.81000000000048,43.36
FOLLOW,TRACKING,2.80074051,2.785334390104311,44.082820645032314,-51.7499999010239,1.4049886190285603e-08,3.0000000000001137,57.90000000000049,-51.75,0.0,56.81000000000048,43.38
FOLLOW,TRACKING,2.78533439,2.7770000868159177,44.13837665420423,-51.74999990024104,1.410480151436687e-08,3.0000000000001137,57.96000000000049,-51.75,0.0,56.81000000000048,43.400000000000006
FOLLOW,TRACKING,2.77700009,2.768191058933667,44.1937579080535,-51.74999989945715,1.4159177965387403e-08,3.0000000000001137,58.02000000000049,-51.75,0.0,57.11000000000049,43.421
FOLLOW,TRACKING,2.77700009,2.7589139337038664,44.248964578930504,-51.74999989867257,1.4213270177293644e-08,3.0000000000001137,58.080000000000496,-51.75,0.0,57.11000000000049,43.440000000000005
FOLLOW,TRACKING,2.75891393,2.7523081579445834,44.3040215643093,-51.749999897887676,1.4267617311333497e-08,3.0000000000001137,58.1400000000005,-51.75,0.0,57.11000000000049,43.46
FOLLOW,TRACKING,2.75230816,2.745266774851985,44.358939029286105,-51.74999989710177,1.4321832854364982e-08,3.0000000000001137,58.2600000000005,-51.75,0.0,57.11000000000049,43.481
FOLLOW,TRACKING,2.75230816,2.737797616489957,44.413708394887955,-51.74999989631488,1.4375763397149044e-08,3.0000000000001137,58.2600000000005,-51.75,0.0,57.4100000000005,43.501000000000005
FOLLOW,TRACKING,2.73779762,2.729845420695654,44.46832016615558,-51.74999989552722,1.4429477984430945e-08,3.0000000000001137,58.320000000000505,-51.75,0.0,57.4100000000005,43.52
FOLLOW,TRACKING,2.73779762,2.7207978646899282,44.52275432083877,-51.749999894739,1.4482866769671289e-08,3.0000000000001137,58.38000000000051,-51.75,0.0,57.4100000000005,43.540000000000006
FOLLOW,TRACKING,2.72079786,2.714984803525056,44.577062647373225,-51.7499998939504,1.4536685491160264e-08,3.0000000000001137,58.50000000000051,-51.75,0.0,57.4100000000005,43.561
FOLLOW,TRACKING,2.72079786,2.708727570670533,44.63124697481552,-51.74999989316075,1.4590414368771656e-08,3.0000000000001137,58.50000000000051,-51.75,0.0,57.4100000000005,43.580000000000005
FOLLOW,TRACKING,2.70872757,2.702046674279757,44.685298955114085,-51.749999892370234,1.464409023745668e-08,3.0000000000001137,58.560000000000514,-51.75,0.0,57.4100000000005,43.6
FOLLOW,TRACKING,2.70872757,2.6948754215467834,44.739208981178656,-51.749999891579016,1.4697708540677032e-08,3.0000000000001137,58.68000000000052,-51.75,0.0,57.71000000000051,43.621
FOLLOW,TRACKING,2.70204667,2.6872206382435597,44.79296736221795,-51.74999989078779,1.475167589158413e-08,3.0000000000001137,58.68000000000052,-51.75,0.0,57.71000000000051,43.64
FOLLOW,TRACKING,2.68722064,2.6821304975825915,44.84661715504297,-51.749999889995365,1.4805593275683328e-08,3.0000000000001137,58.74000000000052,-51.75,0.0,57.71000000000051,43.660000000000004
FOLLOW,TRACKING,2.68722064,2.6765883822079677,44.900157009740084,-51.74999988920163,1.4859359167030442e-08,3.0000000000001137,58.80000000000052,-51.75,0.0,57.71000000000051,43.68
FOLLOW,TRACKING,2.67658838,2.6695038125765795,44.95355934330818,-51.749999888407,1.4912939329421072e-08,3.0000000000001137,58.860000000000525,-51.75,0.0,58.010000000000524,43.7
FOLLOW,TRACKING,2.67658838,2.662419242952297,45.00681998548377,-51.749999887611516,1.4966324586486262e-08,3.0000000000001137,58.92000000000053,-51.75,0.0,58.010000000000524,43.720000000000006
FOLLOW,TRACKING,2.66950381,2.655445515632238,45.059940820550466,-51.74999988681531,1.5019586211216753e-08,3.0000000000001137,58.98000000000053,-51.75,0.0,58.010000000000524,43.74
FOLLOW,TRACKING,2.65544552,2.6510133872697854,45.112966954902014,-51.74999988601791,1.5072922367903556e-08,3.0000000000001137,59.100000000000534,-51.75,0.0,58.010000000000524,43.760000000000005
FOLLOW,TRACKING,2.65101339,2.646134780834331,45.165896410550964,-51.74999988521914,1.5126152381021464e-08,3.0000000000001137,59.100000000000534,-51.75,0.0,58.010000000000524,43.78
FOLLOW,TRACKING,2.64613478,2.640805826355575,45.21872018844836,-51.74999988441948,1.5179518731014427e-08,3.0000000000001137,59.22000000000054,-51.75,0.0,58.310000000000535,43.801
FOLLOW,TRACKING,2.64080583,2.6349735064528095,45.271428327512176,-51.7499998836189,1.523288328732072e-08,3.0000000000001137,59.22000000000054,-51.75,0.0,58.310000000000535,43.82
FOLLOW,TRACKING,2.64080583,2.628644551165849,45.32400488129605,-51.74999988281763,1.5286146038661243e-08,3.0000000000001137,59.28000000000054,-51.75,0.0,58.310000000000535,43.84
FOLLOW,TRACKING,2.63497351,2.624792754218675,45.37650544281532,-51.749999882014066,1.5338857152151804e-08,3.0000000000001137,59.34000000000054,-51.75,0.0,58.310000000000535,43.86
FOLLOW,TRACKING,2.62479275,2.6204755862266897,45.42892059200263,-51.74999988120917,1.5391573678056822e-08,3.0000000000001137,59.400000000000546,-51.75,0.0,58.310000000000535,43.88
FOLLOW,TRACKING,2.62479275,2.6157013023393465,45.48124117012906,-51.74999988040301,1.544424585471954e-08,3.0000000000001137,59.46000000000055,-51.75,0.0,58.310000000000535,43.900000000000006
FOLLOW,TRACKING,2.6157013,2.610418032154627,45.53345710116168,-51.7499998795958,1.5496862785893132e-08,3.0000000000001137,59.52000000000055,-51.75,0.0,58.61000000000055,43.92
FOLLOW,TRACKING,2.61041803,2.6046328235132425,45.58555833213391,-51.749999878787676,1.5549403245906342e-08,3.0000000000001137,59.58000000000055,-51.75,0.0,58.61000000000055,43.940000000000005
FOLLOW,TRACKING,2.61041803,2.601288658537016,45.63758779578535,-51.749999877977416,1.5601469786043567e-08,3.0000000000001137,59.640000000000555,-51.75,0.0,58.61000000000055,43.96
FOLLOW,TRACKING,2.60463282,2.5974736205469644,45.68954190044501,-51.749999877165585,1.565342741387148e-08,3.0000000000001137,59.70000000000056,-51.75,0.0,58.61000000000055,43.980000000000004
FOLLOW,TRACKING,2.59747362,2.5931959419338573,45.74141137687531,-51.74999987635222,1.5705182454691884e-08,3.0000000000001137,59.82000000000056,-51.75,0.0,58.91000000000056,44.0
FOLLOW,TRACKING,2.59319594,2.5884044857704684,45.793186051943,-51.74999987553744,1.575667463222408e-08,3.0000000000001137,59.82000000000056,-51.75,0.0,58.91000000000056,44.02
FOLLOW,TRACKING,2.59319594,2.583106356048859,45.84485577802138,-51.74999987472172,1.5808096931411407e-08,3.0000000000001137,59.940000000000566,-51.75,0.0,58.91000000000056,44.041000000000004
FOLLOW,TRACKING,2.58310636,2.580217265780505,45.896463013898476,-51.749999873904386,1.5859498189217462e-08,3.0000000000001137,59.940000000000566,-51.75,0.0,58.91000000000056,44.06
FOLLOW,TRACKING,2.58021727,2.576852377345063,45.948003792935744,-51.7499998730855,1.591087987960294e-08,3.0000000000001137,60.06000000000057,-51.75,0.0,58.91000000000056,44.080000000000005
FOLLOW,TRACKING,2.57685238,2.5730199618578813,45.99946885895546,-51.749999872265256,1.596223684514913e-08,3.0000000000001137,60.06000000000057,-51.75,0.0,58.91000000000056,44.1
FOLLOW,TRACKING,2.57685238,2.5686694712518947,46.05085230209758,-51.7499998714436,1.6013461633986142e-08,3.0000000000001137,60.12000000000057,-51.75,0.0,59.21000000000057,44.120000000000005
FOLLOW,TRACKING,2.57301996,2.563808060486395,46.10213518873937,-51.749999870620734,1.6064436015729962e-08,3.0000000000001137,60.180000000000575,-51.75,0.0,59.21000000000057,44.14
FOLLOW,TRACKING,2.56866947,2.560759669755442,46.15335348082749,-51.749999869796305,1.6115354781910638e-08,3.0000000000001137,60.24000000000058,-51.75,0.0,59.21000000000057,44.160000000000004
FOLLOW,TRACKING,2.56380806,2.557798288833624,46.20451241002221,-51.74999986897026,1.616623628436784e-08,3.0000000000001137,60.30000000000058,-51.75,0.0,59.21000000000057,44.18
FOLLOW,TRACKING,2.56075967,2.554364997884307,46.25560357900788,-51.749999868142716,1.6217061218319276e-08,3.0000000000001137,60.36000000000058,-51.75,0.0,59.21000000000057,44.2
FOLLOW,TRACKING,2.55779829,2.5504212395048858,46.30661689412519,-51.74999986731388,1.6267831651335252e-08,3.0000000000001137,60.420000000000584,-51.75,0.0,59.51000000000058,44.220000000000006
FOLLOW,TRACKING,2.554365,2.545962880752484,46.35754207166451,-51.74999986648374,1.631839608594714e-08,3.0000000000001137,60.48000000000059,-51.75,0.0,59.51000000000058,44.24
FOLLOW,TRACKING,2.55042124,2.543858979535685,46.40842135664031,-51.74999986565224,1.6369271019427627e-08,3.0000000000001137,60.54000000000059,-51.75,0.0,59.51000000000058,44.260000000000005
FOLLOW,TRACKING,2.54385898,2.541270798474216,46.4592493627293,-51.74999986481891,1.642002894888877e-08,3.0000000000001137,60.60000000000059,-51.75,0.0,59.51000000000058,44.28
FOLLOW,TRACKING,2.54385898,2.5382066697687837,46.51001662668674,-51.74999986398394,1.6470676321513912e-08,3.0000000000001137,60.66000000000059,-51.75,0.0,59.51000000000058,44.300000000000004
FOLLOW,TRACKING,2.5412708,2.534617040957699,46.56071314920544,-51.74999986314759,1.652128678908059e-08,3.0000000000001137,60.720000000000596,-51.75,0.0,59.81000000000059,44.32
FOLLOW,TRACKING,2.53461704,2.530509155612038,46.61132855062304,-51.74999986231008,1.657184941309261e-08,3.0000000000001137,60.8400000000006,-51.75,0.0,59.81000000000059,44.34
FOLLOW,TRACKING,2.53461704,2.5507583917665504,46.66219521998645,-51.7499998614663,1.662303045175009e-08,3.0000000000001137,60.8400000000006,-51.75,0.0,59.81000000000059,44.361000000000004
FOLLOW,TRACKING,2.53050916,2.580758391766125,46.71366038782177,-51.749999860609925,1.6674795851673516e-08,3.0000000000001137,60.9000000000006,-51.75,0.0,59.81000000000059,44.38
FOLLOW,TRACKING,2.55750916,2.6107583917657,46.76572555565709,-51.74999985974081,1.6727138027151796e-08,3.0000000000001137,60.960000000000605,-51.75,0.0,59.81000000000059,44.400000000000006
FOLLOW,TRACKING,2.58750916,2.640758391766696,46.81839072349242,-51.74999985885887,1.6780048024587964e-08,3.0000000000001137,61.02000000000061,-51.75,0.0,60.1100000000006,44.42
FOLLOW,TRACKING,2.61750916,2.67075839176556,46.871655891327734,-51.74999985796399,1.683351734935985e-08,3.0000000000001137,61.08000000000061,-51.75,0.0,60.1100000000006,44.440000000000005
FOLLOW,TRACKING,2.67750916,2.7007583917658455,46.92552105916306,-51.749999857056075,1.6887538300226928e-08,3.0000000000001137,61.14000000000061,-51.75,0.0,60.1100000000006,44.46
FOLLOW,TRACKING,2.67750916,2.730758391766131,46.97998622699838,-51.749999856135005,1.6942104265084328e-08,3.0000000000001137,61.200000000000614,-51.75,0.0,60.1100000000006,44.480000000000004
FOLLOW,TRACKING,2.73750916,2.7607583917657057,47.035051394833694,-51.74999985520069,1.699721010547499e-08,3.0000000000001137,61.260000000000616,-51.75,0.0,60.1100000000006,44.5
FOLLOW,TRACKING,2.73750916,2.790758391765991,47.090716562669016,-51.74999985425303,1.7052852356741438e-08,3.0000000000001137,61.32000000000062,-51.75,0.0,60.410000000000615,44.52
FOLLOW,TRACKING,2.76750916,2.8207583903487436,47.14698173049016,-51.749999853291854,1.7108980086844007e-08,3.0000000000001137,61.38000000000062,-51.75,0.0,60.410000000000615,44.540000000000006
FOLLOW,TRACKING,2.79750916,2.850758341778459,47.20384689762194,-51.74999985231449,1.7163645556981096e-08,3.0000000000001137,61.44000000000062,-51.75,0.0,60.410000000000615,44.56
FOLLOW,TRACKING,2.82750916,2.880758246904947,47.26131206297225,-51.749999851322286,1.7217846516174926e-08,3.0000000000001137,61.500000000000625,-51.75,0.0,60.410000000000615,44.580000000000005
FOLLOW,TRACKING,2.85750916,2.910758214797227,47.31937722734303,-51.7499998503163,1.7272411017190358e-08,3.0000000000001137,61.56000000000063,-51.75,0.0,60.410000000000615,44.6
FOLLOW,TRACKING,2.88750916,2.9407582526971514,47.378042392118516,-51.749999849296806,1.7327620597627953e-08,3.0000000000001137,61.62000000000063,-51.75,0.0,60.710000000000626,44.620000000000005
FOLLOW,TRACKING,2.91750916,2.9707583522238683,47.43730755862494,-51.74999984826425,1.73838766699309e-08,3.0000000000001137,61.68000000000063,-51.75,0.0,60.710000000000626,44.64
FOLLOW,TRACKING,2.94750916,3.000758391765857,47.49717272633761,-51.74999984722079,1.74429316828468e-08,3.0000000000001137,61.740000000000634,-51.75,0.0,60.710000000000626,44.660000000000004
FOLLOW,TRACKING,3.00750916,3.0307583917661423,47.55763789417293,-51.74999984616386,1.750300134366716e-08,3.0000000000001137,61.80000000000064,-51.75,0.0,60.710000000000626,44.68
FOLLOW,TRACKING,3.03750916,3.0607583917650065,47.618703062008244,-51.74999984509272,1.7563672904551605e-08,3.0000000000001137,61.86000000000064,-51.75,0.0,60.710000000000626,44.7
FOLLOW,TRACKING,3.03750916,3.090758391766713,47.68036822984357,-51.74999984400736,1.762496176469935e-08,3.0000000000001137,61.92000000000064,-51.75,0.0,61.01000000000064,44.720000000000006
FOLLOW,TRACKING,3.09750916,3.1207583917662878,47.742633397678894,-51.749999842907656,1.7686883393728364e-08,3.0000000000001137,62.040000000000646,-51.75,0.0,61.01000000000064,44.74
FOLLOW,TRACKING,3.12750916,3.150758391765152,47.80549856551421,-51.74999984179351,1.7749452652030525e-08,3.0000000000001137,62.040000000000646,-51.75,0.0,61.01000000000064,44.760000000000005
FOLLOW,TRACKING,3.15750916,3.1807583917668585,47.868963733349545,-51.74999984066482,1.781268307335804e-08,3.0000000000001137,62.16000000000065,-51.75,0.0,61.01000000000064,44.78
FOLLOW,TRACKING,3.15750916,3.2107583917664337,47.93302890118486,-51.74999983952149,1.787658620815078e-08,3.0000000000001137,62.16000000000065,-51.75,0.0,61.01000000000064,44.801
FOLLOW,TRACKING,3.21750916,3.240758391765298,47.99769406902017,-51.749999838363415,1.794117094027317e-08,3.0000000000001137,62.280000000000655,-51.75,0.0,61.31000000000065,44.82
FOLLOW,TRACKING,3.24750916,3.2705672953902374,48.06295560613546,-51.749999837190614,1.800649273207398e-08,3.0000000000001137,62.280000000000655,-51.75,0.0,61.31000000000065,44.841
FOLLOW,TRACKING,3.27731806,3.3005671888474817,48.12881695070147,-51.74999983600603,1.8074924443602222e-08,3.0000000000001137,62.34000000000066,-51.75,0.0,61.31000000000065,44.86
FOLLOW,TRACKING,3.30731806,3.3305650846614308,48.19527827256643,-51.74999983480748,1.8145034684458276e-08,3.0000000000001137,62.40000000000066,-51.75,0.0,61.31000000000065,44.881
FOLLOW,TRACKING,3.30731806,3.3589758727991645,48.262308506888466,-51.749999833593925,1.8215731105990688e-08,3.0000000000001137,62.520000000000664,-51.75,0.0,61.61000000000066,44.900000000000006
FOLLOW,TRACKING,3.3650822,3.387874362663724,48.32992056173741,-51.74999983236499,1.8287019739176093e-08,3.0000000000001137,62.520000000000664,-51.75,0.0,61.61000000000066,44.92
FOLLOW,TRACKING,3.3650822,3.413503245192829,48.39804367403245,-51.749999831121166,1.8358297808957317e-08,3.0000000000001137,62.580000000000666,-51.75,0.0,61.61000000000066,44.940000000000005
FOLLOW,TRACKING,3.41828459,3.4397290850648696,48.466691303562676,-51.74999982986081,1.842859436442297e-08,3.0000000000001137,62.64000000000067,-51.75,0.0,61.61000000000066,44.96
FOLLOW,TRACKING,3.44451032,3.4658019239429914,48.53586191910372,-51.74999982858439,1.8498207252056105e-08,3.0000000000001137,62.70000000000067,-51.75,0.0,61.61000000000066,44.980000000000004
FOLLOW,TRACKING,3.46998437,3.4910544153206056,48.60553980009696,-51.749999827293735,1.856832192024956e-08,3.0000000000001137,62.820000000000675,-51.75,0.0,61.910000000000664,45.0
FOLLOW,TRACKING,3.46998437,3.5155670840431705,48.675710161646585,-51.74999982598898,1.8638900863875387e-08,3.0000000000001137,62.820000000000675,-51.75,0.0,61.910000000000664,45.02
FOLLOW,TRACKING,3.49471976,3.5392706594791443,48.74635750545459,-51.74999982467028,1.8709906548769505e-08,3.0000000000001137,62.88000000000068,-51.75,0.0,61.910000000000664,45.040000000000006
FOLLOW,TRACKING,3.54198128,3.562680632892069,48.81747161770008,-51.7499998233377,1.878130864989982e-08,3.0000000000001137,62.94000000000068,-51.75,0.0,61.910000000000664,45.06
FOLLOW,TRACKING,3.56560595,3.586025309584074,48.8890554234483,-51.74999982199108,1.88530931697286e-08,3.0000000000001137,63.00000000000068,-51.75,0.0,61.910000000000664,45.080000000000005
FOLLOW,TRACKING,3.58853054,3.608648663110615,48.961094708654116,-51.749999820630585,1.892523308575871e-08,3.0000000000001137,63.060000000000684,-51.75,0.0,61.910000000000664,45.1
FOLLOW,TRACKING,3.58853054,3.6305375436185736,49.03357525391893,-51.74999981925583,1.8997305990231695e-08,3.0000000000001137,63.12000000000069,-51.75,0.0,62.210000000000676,45.120000000000005
FOLLOW,TRACKING,3.61076767,3.6517214327716383,49.106483042538486,-51.74999981786509,1.9067804300497395e-08,3.0000000000001137,63.18000000000069,-51.75,0.0,62.210000000000676,45.14
FOLLOW,TRACKING,3.65316436,3.6297015041597556,49.179180796178045,-51.749999816481264,1.914425143336485e-08,3.0000000000001137,63.24000000000069,-51.75,0.0,62.210000000000676,45.160000000000004
FOLLOW,TRACKING,3.65316436,3.6050051067903164,49.25139518816541,-51.74999981510145,1.922043047300964e-08,3.0000000000001137,63.30000000000069,-51.75,0.0,62.210000000000676,45.18
FOLLOW,TRACKING,3.60500511,3.5790780582821933,49.32310211595354,-51.749999813726085,1.9296221187958246e-08,3.0000000000001137,63.360000000000696,-51.75,0.0,62.51000000000069,45.201
FOLLOW,TRACKING,3.57907806,3.5528028838719203,49.39428667242353,-51.74999981235509,1.9371254408209665e-08,3.0000000000001137,63.4200000000007,-51.75,0.0,62.51000000000069,45.220000000000006
FOLLOW,TRACKING,3.55280288,3.526203419569641,49.46494215635444,-51.74999981098855,1.9445365389797002e-08,3.0000000000001137,63.4800000000007,-51.75,0.0,62.51000000000069,45.24
FOLLOW,TRACKING,3.52620342,3.5033780233320053,49.53510833492291,-51.7499998096247,1.9517750556366365e-08,3.0000000000001137,63.5400000000007,-51.75,0.0,62.51000000000069,45.261
FOLLOW,TRACKING,3.52620342,3.4802898337744645,49.60481484956483,-51.749999808263944,1.9589050028978576e-08,3.0000000000001137,63.600000000000705,-51.75,0.0,62.51000000000069,45.28
FOLLOW,TRACKING,3.48028983,3.456945462318118,49.6740565256705,-51.749999806904775,1.9657894145519303e-08,3.0000000000001137,63.72000000000071,-51.75,0.0,62.8100000000007,45.301
FOLLOW,TRACKING,3.48028983,3.43326910751074,49.742827330715855,-51.74999980555021,1.9726327264662835e-08,3.0000000000001137,63.72000000000071,-51.75,0.0,62.8100000000007,45.32
FOLLOW,TRACKING,3.45694546,3.4092653611729427,49.811120683879736,-51.74999980420049,1.979435781172872e-08,3.0000000000001137,63.840000000000714,-51.75,0.0,62.8100000000007,45.34
FOLLOW,TRACKING,3.40926536,3.388909814653119,49.87897837939737,-51.749999802854724,1.986192224942866e-08,3.0000000000001137,63.900000000000716,-51.75,0.0,62.8100000000007,45.361000000000004
FOLLOW,TRACKING,3.38890981,3.368266514051755,49.94642522453717,-51.749999801510015,1.9927106433037936e-08,3.0000000000001137,63.96000000000072,-51.75,0.0,62.8100000000007,45.38
FOLLOW,TRACKING,3.38890981,3.3473419455951623,50.01345554982037,-51.74999980016864,1.999143443545497e-08,3.0000000000001137,63.96000000000072,-51.75,0.0,62.8100000000007,45.400000000000006
FOLLOW,TRACKING,3.34734195,3.3260626114781653,50.08006305318702,-51.749999798831055,2.0055039033892123e-08,3.0000000000001137,64.02000000000072,-51.75,0.0,63.11000000000071,45.421
FOLLOW,TRACKING,3.34734195,3.3033519812939014,50.146250507373736,-51.74999979749713,2.0117808102676808e-08,3.0000000000001137,64.08000000000072,-51.75,0.0,63.11000000000071,45.440000000000005
FOLLOW,TRACKING,3.30335198,3.2861198502303077,50.21203131204215,-51.749999796168325,2.0181000001205577e-08,3.0000000000001137,64.14000000000073,-51.75,0.0,63.11000000000071,45.46
FOLLOW,TRACKING,3.28611985,3.267669266016072,50.277450867404916,-51.74999979484254,2.024371949462281e-08,3.0000000000001137,64.26000000000073,-51.75,0.0,63.11000000000071,45.480000000000004
FOLLOW,TRACKING,3.28611985,3.2489354432456716,50.34249772866112,-51.74999979352041,2.0306201463306675e-08,3.0000000000001137,64.26000000000073,-51.75,0.0,63.11000000000071,45.5
FOLLOW,TRACKING,3.26766927,3.2298082879052012,50.40716479937878,-51.749999792202225,2.0368521230094516e-08,3.0000000000001137,64.32000000000073,-51.75,0.0,63.41000000000072,45.521
FOLLOW,TRACKING,3.22980829,3.2136592053859667,50.471489889347176,-51.7499997908879,2.0431192988954506e-08,3.0000000000001137,64.38000000000073,-51.75,0.0,63.41000000000072,45.540000000000006
FOLLOW,TRACKING,3.21365921,3.1975101228667318,50.53549199619132,-51.74999978957654,2.049382898107232e-08,3.0000000000001137,64.50000000000074,-51.75,0.0,63.41000000000072,45.56
FOLLOW,TRACKING,3.21365921,3.18102818668109,50.59916646022964,-51.749999788268845,2.0556857863747317e-08,3.0000000000001137,64.50000000000074,-51.75,0.0,63.41000000000072,45.580000000000005
FOLLOW,TRACKING,3.18102819,3.1641528910455468,50.662505778417774,-51.74999978696532,2.0620539034529657e-08,3.0000000000001137,64.62000000000074,-51.75,0.0,63.71000000000073,45.6
FOLLOW,TRACKING,3.18102819,3.1468830589247436,50.7255020673833,-51.74999978566479,2.0683824154469695e-08,3.0000000000001137,64.62000000000074,-51.75,0.0,63.71000000000073,45.620000000000005
FOLLOW,TRACKING,3.14688306,3.1292241992275653,50.78814751351845,-51.74999978436746,2.0746694231737513e-08,3.0000000000001137,64.68000000000075,-51.75,0.0,63.71000000000073,45.64
FOLLOW,TRACKING,3.14688306,3.114789594114598,50.85048548577684,-51.749999783072504,2.0809184480679217e-08,3.0000000000001137,64.74000000000075,-51.75,0.0,63.71000000000073,45.660000000000004
FOLLOW,TRACKING,3.11478959,3.100003653145223,50.912529496414415,-51.74999978178123,2.0872489853549943e-08,3.0000000000001137,64.80000000000075,-51.75,0.0,63.71000000000073,45.68
FOLLOW,TRACKING,3.11478959,3.085162249415419,50.974291799202305,-51.74999978049257,2.0936004132769653e-08,3.0000000000001137,64.86000000000075,-51.75,0.0,64.01000000000074,45.7
FOLLOW,TRACKING,3.10000365,3.069622414848539,51.03573249755398,-51.749999779207,2.0999400885499046e-08,3.0000000000001137,64.92000000000075,-51.75,0.0,64.01000000000074,45.721000000000004
FOLLOW,TRACKING,3.08516225,3.0536785948456218,51.09685674461797,-51.74999977792437,2.106260990678122e-08,3.0000000000001137,64.98000000000076,-51.75,0.0,64.01000000000074,45.74
FOLLOW,TRACKING,3.05367859,3.0401618224189524,51.15769757583545,-51.74999977664354,2.1125302163755337e-08,3.0000000000001137,65.04000000000076,-51.75,0.0,64.01000000000074,45.760000000000005
FOLLOW,TRACKING,3.04016182,3.0269558466926587,51.21827273353302,-51.74999977536446,2.118767056606073e-08,3.0000000000001137,65.10000000000076,-51.75,0.0,64.01000000000074,45.78
FOLLOW,TRACKING,3.02695585,3.013388621965874,51.2785783532783,-51.74999977408735,2.124978524010586e-08,3.0000000000001137,65.16000000000076,-51.75,0.0,64.31000000000076,45.800000000000004
FOLLOW,TRACKING,3.01338862,2.9994104608235266,51.338606464473855,-51.749999772812366,2.1311589030251402e-08,3.0000000000001137,65.28000000000077,-51.75,0.0,64.31000000000076,45.82
FOLLOW,TRACKING,2.99941046,2.9850137782005963,51.39833433765114,-51.749999771539976,2.1373016495511085e-08,3.0000000000001137,65.34000000000077,-51.75,0.0,64.31000000000076,45.84
FOLLOW,TRACKING,2.98501378,2.973627898377629,51.457834446848885,-51.74999977026801,2.1433595978887868e-08,3.0000000000001137,65.40000000000077,-51.75,0.0,64.31000000000076,45.86
FOLLOW,TRACKING,2.98501378,2.961857982896277,51.51710069321923,-51.7499997689973,2.1493818041509146e-08,3.0000000000001137,65.46000000000078,-51.75,0.0,64.31000000000076,45.88
FOLLOW,TRACKING,2.9736279,2.9497116576564513,51.57612566441872,-51.74999976772757,2.1553302610272344e-08,3.0000000000001137,65.46000000000078,-51.75,0.0,64.31000000000076,45.900000000000006
FOLLOW,TRACKING,2.96185798,2.9371271345013388,51.634888551609784,-51.74999976645897,2.1611740622132007e-08,3.0000000000001137,65.52000000000078,-51.75,0.0,64.61000000000077,45.92
FOLLOW,TRACKING,2.93712713,2.9241105614161715,51.69340585233196,-51.74999976519233,2.166997831876539e-08,3.0000000000001137,65.64000000000078,-51.75,0.0,64.61000000000077,45.940000000000005
FOLLOW,TRACKING,2.92411056,2.914012334088057,51.75170849706536,-51.749999763927015,2.1728055683556027e-08,3.0000000000001137,65.70000000000078,-51.75,0.0,64.61000000000077,45.961000000000006
FOLLOW,TRACKING,2.91401233,2.9035163117612233,51.80980281273477,-51.74999976266292,2.1785986224077232e-08,3.0000000000001137,65.76000000000079,-51.75,0.0,64.61000000000077,45.980000000000004
FOLLOW,TRACKING,2.91401233,2.892629953912263,51.867680962847764,-51.749999761399984,2.1843558949638335e-08,3.0000000000001137,65.76000000000079,-51.75,0.0,64.61000000000077,46.0
FOLLOW,TRACKING,2.90351631,2.8812933434437586,51.9253341824283,-51.749999760137776,2.1900227581856267e-08,3.0000000000001137,65.82000000000079,-51.75,0.0,64.91000000000078,46.02
FOLLOW,TRACKING,2.88129334,2.869512786183748,51.98276534861283,-51.74999975887662,2.1956257421659457e-08,3.0000000000001137,65.88000000000079,-51.75,0.0,64.91000000000078,46.040000000000006
FOLLOW,TRACKING,2.88129334,2.860568829795796,52.0399945635409,-51.74999975761708,2.2012369269161267e-08,3.0000000000001137,65.9400000000008,-51.75,0.0,64.91000000000078,46.06
FOLLOW,TRACKING,2.86056883,2.851214495386501,52.09703827797757,-51.74999975635834,2.2068246382551093e-08,3.0000000000001137,66.0000000000008,-51.75,0.0,64.91000000000078,46.080000000000005
FOLLOW,TRACKING,2.86056883,2.8414573663511082,52.153888461530585,-51.7499997551007,2.212392100013571e-08,3.0000000000001137,66.0600000000008,-51.75,0.0,65.21000000000079,46.101000000000006
FOLLOW,TRACKING,2.84145737,2.8312391664613306,52.210536125781225,-51.74999975384426,2.217929769699987e-08,3.0000000000001137,66.1200000000008,-51.75,0.0,65.21000000000079,46.120000000000005
FOLLOW,TRACKING,2.84145737,2.8205663455700862,52.26697215247626,-51.74999975258931,2.2234422965635316e-08,3.0000000000001137,66.1800000000008,-51.75,0.0,65.21000000000079,46.14
FOLLOW,TRACKING,2.82056635,2.8126571669275795,52.32324002939207,-51.749999751335665,2.2289877845123507e-08,3.0000000000001137,66.2400000000008,-51.75,0.0,65.21000000000079,46.160000000000004
FOLLOW,TRACKING,2.82056635,2.804326451780526,52.37934255663177,-51.749999750082615,2.2345178994922507e-08,3.0000000000001137,66.30000000000081,-51.75,0.0,65.21000000000079,46.181000000000004
FOLLOW,TRACKING,2.80432645,2.795582012815601,52.43527143611537,-51.749999748830376,2.2400339870391225e-08,3.0000000000001137,66.36000000000081,-51.75,0.0,65.5100000000008,46.2
FOLLOW,TRACKING,2.80432645,2.786366787383088,52.49101763833835,-51.74999974757927,2.2455399158136604e-08,3.0000000000001137,66.42000000000081,-51.75,0.0,65.5100000000008,46.220000000000006
FOLLOW,TRACKING,2.78636679,2.779385265561985,52.54661729190999,-51.749999746329074,2.2510842162767805e-08,3.0000000000001137,66.54000000000082,-51.75,0.0,65.5100000000008,46.24
FOLLOW,TRACKING,2.77938527,2.772403743747987,52.60207731490559,-51.749999745079556,2.2566603280800136e-08,3.0000000000001137,66.54000000000082,-51.75,0.0,65.5100000000008,46.260000000000005
FOLLOW,TRACKING,2.77240374,2.7649906722118094,52.65739037133939,-51.74999974383021,2.2622178488023352e-08,3.0000000000001137,66.66000000000082,-51.75,0.0,65.5100000000008,46.28
FOLLOW,TRACKING,2.76499067,2.7570994880662174,52.71254703867159,-51.74999974258129,2.267755020230865e-08,3.0000000000001137,66.72000000000082,-51.75,0.0,65.81000000000081,46.300000000000004
FOLLOW,TRACKING,2.76499067,2.7487281923086475,52.767537720667946,-51.749999741333,2.273270231341941e-08,3.0000000000001137,66.78000000000083,-51.75,0.0,65.81000000000081,46.32
FOLLOW,TRACKING,2.74872819,2.739883464691673,52.82235292864861,-51.74999974008561,2.278762062583968e-08,3.0000000000001137,66.84000000000083,-51.75,0.0,65.81000000000081,46.34
FOLLOW,TRACKING,2.73988346,2.733240089249023,52.877022020675376,-51.74999973883895,2.284270788026566e-08,3.0000000000001137,66.84000000000083,-51.75,0.0,65.81000000000081,46.36
FOLLOW,TRACKING,2.73324009,2.726596713800689,52.93156488897566,-51.749999737592475,2.2897897685622694e-08,3.0000000000001137,66.90000000000083,-51.75,0.0,65.81000000000081,46.38
FOLLOW,TRACKING,2.72659671,2.7195213258366384,52.985967546232054,-51.74999973634624,2.2952978938530174e-08,3.0000000000001137,66.96000000000083,-51.75,0.0,66.11000000000082,46.400000000000006
FOLLOW,TRACKING,2.72659671,2.7119680737612843,53.04022057266556,-51.749999735100545,2.3007975806886668e-08,3.0000000000001137,67.02000000000083,-51.75,0.0,66.11000000000082,46.42
FOLLOW,TRACKING,2.71952133,2.703934877530401,53.09431437582822,-51.749999733855816,2.306301738376633e-08,3.0000000000001137,67.14000000000084,-51.75,0.0,66.11000000000082,46.440000000000005
FOLLOW,TRACKING,2.71196807,2.6984913813720373,53.14829209471227,-51.74999973261027,2.3117565698355298e-08,3.0000000000001137,67.14000000000084,-51.75,0.0,66.11000000000082,46.46
FOLLOW,TRACKING,2.70393488,2.692599730451662,53.20215876905067,-51.74999973136445,2.3172065829719843e-08,3.0000000000001137,67.26000000000084,-51.75,0.0,66.11000000000082,46.480000000000004
FOLLOW,TRACKING,2.69259973,2.686267964499223,53.25589412863969,-51.749999730118695,2.3226415028823415e-08,3.0000000000001137,67.26000000000084,-51.75,0.0,66.41000000000084,46.501000000000005
FOLLOW,TRACKING,2.69259973,2.679442220959061,53.30949445537942,-51.749999728873135,2.3280575472184345e-08,3.0000000000001137,67.32000000000085,-51.75,0.0,66.41000000000084,46.521
FOLLOW,TRACKING,2.67944222,2.672129302503379,53.36294998525813,-51.74999972762791,2.3334526857027848e-08,3.0000000000001137,67.38000000000085,-51.75,0.0,66.41000000000084,46.540000000000006
FOLLOW,TRACKING,2.67944222,2.6673582232987774,53.41630369481239,-51.74999972638163,2.3387918641304696e-08,3.0000000000001137,67.44000000000085,-51.75,0.0,66.41000000000084,46.56
FOLLOW,TRACKING,2.6721293,2.6621317080213207,53.4695537849552,-51.74999972513489,2.3441203147181252e-08,3.0000000000001137,67.50000000000085,-51.75,0.0,66.41000000000084,46.580000000000005
FOLLOW,TRACKING,2.66735822,2.6564578610219773,53.52269129283965,-51.74999972388786,2.3494299843878164e-08,3.0000000000001137,67.56000000000085,-51.75,0.0,66.71000000000085,46.6
FOLLOW,TRACKING,2.65645786,2.6502836979247495,53.57570649243151,-51.74999972264055,2.3547020138113737e-08,3.0000000000001137,67.62000000000086,-51.75,0.0,66.71000000000085,46.620000000000005
FOLLOW,TRACKING,2.65645786,2.643616164100138,53.62859648924412,-51.74999972139349,2.3599650780472708e-08,3.0000000000001137,67.68000000000086,-51.75,0.0,66.71000000000085,46.64
FOLLOW,TRACKING,2.6502837,2.639447871359835,53.68139078537942,-51.749999720145965,2.3652228306094614e-08,3.0000000000001137,67.74000000000086,-51.75,0.0,66.71000000000085,46.661
FOLLOW,TRACKING,2.63944787,2.634817625967401,53.73409340074742,-51.74999971889789,2.3704762647951187e-08,3.0000000000001137,67.80000000000086,-51.75,0.0,66.71000000000085,46.68
FOLLOW,TRACKING,2.63944787,2.6297335095222256,53.78669524175973,-51.749999717649516,2.37572491971221e-08,3.0000000000001137,67.86000000000087,-51.75,0.0,66.71000000000085,46.7
FOLLOW,TRACKING,2.62973351,2.624143391763312,53.83918629270436,-51.74999971640097,2.3809586058534668e-08,3.0000000000001137,67.92000000000087,-51.75,0.0,67.01000000000086,46.720000000000006
FOLLOW,TRACKING,2.62973351,2.618054285488825,53.89155664913892,-51.74999971515194,2.386132929666499e-08,3.0000000000001137,67.98000000000087,-51.75,0.0,67.01000000000086,46.74
FOLLOW,TRACKING,2.61805429,2.6144263790044424,53.94384943475601,-51.74999971390247,2.391331891725885e-08,3.0000000000001137,68.04000000000087,-51.75,0.0,67.01000000000086,46.760000000000005
FOLLOW,TRACKING,2.61442638,2.6103306740239423,53.996061242301984,-51.74999971265225,2.3965243219460573e-08,3.0000000000001137,68.10000000000088,-51.75,0.0,67.01000000000086,46.78
FOLLOW,TRACKING,2.61033067,2.6057753777024577,54.04818286351593,-51.74999971140138,2.4017002648252324e-08,3.0000000000001137,68.22000000000088,-51.75,0.0,67.31000000000087,46.801
FOLLOW,TRACKING,2.61033067,2.600708981908895,54.100209246105415,-51.74999971014992,2.406852510667464e-08,3.0000000000001137,68.28000000000088,-51.75,0.0,67.31000000000087,46.823
FOLLOW,TRACKING,2.60070898,2.5951385593430136,54.152136873787235,-51.74999970889805,2.4119865026348796e-08,3.0000000000001137,68.34000000000088,-51.75,0.0,67.31000000000087,46.841
FOLLOW,TRACKING,2.60070898,2.5914206754151796,54.20396600795432,-51.74999970764643,2.4171513256656317e-08,3.0000000000001137,68.34000000000088,-51.75,0.0,67.31000000000087,46.86
FOLLOW,TRACKING,2.59513856,2.587804119400517,54.255726326130144,-51.749999706393844,2.4223126827170576e-08,3.0000000000001137,68.46000000000089,-51.75,0.0,67.31000000000087,46.88
FOLLOW,TRACKING,2.59142068,2.5837225822584746,54.30740594366694,-51.74999970514059,2.4274694576803042e-08,3.0000000000001137,68.46000000000089,-51.75,0.0,67.31000000000087,46.900000000000006
FOLLOW,TRACKING,2.58372258,2.579137017442435,54.358994858078276,-51.749999703886914,2.4326206792676016e-08,3.0000000000001137,68.52000000000089,-51.75,0.0,67.61000000000088,46.92
FOLLOW,TRACKING,2.57913702,2.574043036290164,54.41048290980135,-51.74999970263297,2.437756177817372e-08,3.0000000000001137,68.5800000000009,-51.75,0.0,67.61000000000088,46.940000000000005
FOLLOW,TRACKING,2.57404304,2.595792272443021,54.462248756014446,-51.749999701370186,2.4429645208132066e-08,3.0000000000001137,68.6400000000009,-51.75,0.0,67.61000000000088,46.96
FOLLOW,TRACKING,2.57404304,2.6257922724433063,54.514614601463315,-51.74999970009,2.4482312347152586e-08,3.0000000000001137,68.7000000000009,-51.75,0.0,67.61000000000088,46.980000000000004
FOLLOW,TRACKING,2.60254304,2.655792272442881,54.56758044691218,-51.7499996987923,2.4535553687563912e-08,3.0000000000001137,68.7600000000009,-51.75,0.0,67.61000000000088,47.0
FOLLOW,TRACKING,2.66254304,2.685792272443877,54.621146292361054,-51.74999969747698,2.458935996977225e-08,3.0000000000001137,68.8200000000009,-51.75,0.0,67.91000000000089,47.02
FOLLOW,TRACKING,2.69254304,2.715792272443452,54.67531213780992,-51.74999969614393,2.4643722500089532e-08,3.0000000000001137,68.8800000000009,-51.75,0.0,67.91000000000089,47.040000000000006
FOLLOW,TRACKING,2.72254304,2.745792272442316,54.730077983258774,-51.74999969479306,2.4698633534620843e-08,3.0000000000001137,69.00000000000091,-51.75,0.0,67.91000000000089,47.06
FOLLOW,TRACKING,2.75254304,2.775792272443312,54.78544382870764,-51.74999969342425,2.475408656497613e-08,3.0000000000001137,69.00000000000091,-51.75,0.0,67.91000000000089,47.080000000000005
FOLLOW,TRACKING,2.75254304,2.804292272443121,54.84138117492034,-51.74999969203811,2.481004820328048e-08,0.6000000000000227,69.09600000000091,-51.75,0.0,68.2100000000009,47.102000000000004
FOLLOW,TRACKING,2.81104304,2.834292272442696,54.8979170203692,-51.74999969063388,2.486654248194747e-08,0.0,69.09600000000091,-51.75,0.0,68.2100000000009,47.120000000000005
FOLLOW,TRACKING,2.81104304,2.864292257616086,54.95505286566904,-51.7499996892107,2.492305047553209e-08,0.0,69.09600000000091,-51.75,0.0,68.2100000000009,47.14
FOLLOW,TRACKING,2.87104304,2.8942921758442712,55.01278870973299,-51.74999968776631,2.4977883021031646e-08,0.0,69.09600000000091,-51.75,0.0,68.2100000000009,47.161
FOLLOW,TRACKING,2.87104304,2.9242920986391145,55.071124552007774,-51.74999968630306,2.5032801555230344e-08,0.0,69.09600000000091,-51.75,0.0,68.2100000000009,47.18
FOLLOW,TRACKING,2.93104304,2.954292091074962,55.130060393777484,-51.749999684821375,2.5088179323860913e-08,0.0,69.09600000000091,-51.75,0.0,68.2460000000009,47.2
FOLLOW,TRACKING,2.93104304,2.984292156187252,55.189596236484014,-51.74999968332154,2.5144309369007742e-08,0.0,69.09600000000091,-51.75,0.0,68.2460000000009,47.222
FOLLOW,TRACKING,2.96104304,3.012792251693242,55.24970508198727,-51.7499996818054,2.5202111740337162e-08,0.0,69.09600000000091,-51.75,0.0,68.2460000000009,47.24
FOLLOW,TRACKING,2.99104304,3.0427922724427963,55.31041092742576,-51.74999968027317,2.526238835083697e-08,0.0,69.09600000000091,-51.75,0.0,68.2460000000009,47.260000000000005
FOLLOW,TRACKING,3.01954304,3.072792272443792,55.37171677287463,-51.74999967872213,2.5323293519103816e-08,0.0,69.09600000000091,-51.75,0.0,68.2460000000009,47.28
FOLLOW,TRACKING,3.04954304,3.102792272443367,55.43362261832348,-51.74999967715215,2.538480654596432e-08,0.0,69.09600000000091,-51.75,0.0,68.2460000000009,47.300000000000004
FOLLOW,TRACKING,3.10954304,3.132792272442942,55.49612846377235,-51.74999967556312,2.5446943405751276e-08,0.0,69.09600000000091,-51.75,0.0,68.2460000000009,47.32
FOLLOW,TRACKING,3.13954304,3.162792272443227,55.55923430922122,-51.749999673954946,2.550971984662869e-08,0.0,69.09600000000091,-51.75,0.0,68.2460000000009,47.34
FOLLOW,TRACKING,3.13954304,3.1607164301874495,55.62247194874373,-51.74999967233952,2.5572684452056086e-08,0.0,69.09600000000091,-51.75,0.0,68.2460000000009,47.36
FOLLOW,TRACKING,3.16071643,3.1460986338927914,55.68543701784687,-51.74999967072719,2.563544531867723e-08,0.0,69.09600000000091,-51.75,0.0,68.2460000000009,47.38
FOLLOW,TRACKING,3.14609863,3.1301785031558897,55.74809111691009,-51.749999669118516,2.5697592539883923e-08,0.0,69.09600000000091,-51.75,0.0,68.2460000000009,47.400000000000006
FOLLOW,TRACKING,3.14609863,3.1137264688169357,55.810419367912445,-51.74999966751284,2.5758258250127328e-08,0.0,69.09600000000091,-51.75,0.0,68.2460000000009,47.42
FOLLOW,TRACKING,3.11372647,3.096856706548579,55.87241273174072,-51.74999966591161,2.5818283562037027e-08,0.0,69.09600000000091,-51.75,0.0,68.2460000000009,47.440000000000005
FOLLOW,TRACKING,3.11372647,3.083109143126706,55.93411366246078,-51.74999966431447,2.5878198912310443e-08,0.0,69.09600000000091,-51.75,0.0,68.2460000000009,47.46
FOLLOW,TRACKING,3.09685671,3.069001348016798,55.99553423964674,-51.74999966272068,2.5937660857570958e-08,0.0,69.09600000000091,-51.75,0.0,68.2460000000009,47.480000000000004
FOLLOW,TRACKING,3.06900135,3.0545409944267026,56.05666737339486,-51.74999966113057,2.5996727557597716e-08,0.0,69.09600000000091,-51.75,0.0,68.2460000000009,47.5
FOLLOW,TRACKING,3.06900135,3.0396644667192168,56.11750505799375,-51.749999659544464,2.6055442474348356e-08,0.0,69.09600000000091,-51.75,0.0,68.2460000000009,47.52
FOLLOW,TRACKING,3.03966447,3.024377638347176,56.17803934437071,-51.749999657962796,2.611391826879693e-08,0.0,69.09600000000091,-51.75,0.0,68.2460000000009,47.540000000000006
FOLLOW,TRACKING,3.03966447,3.0065015485547524,56.23823164599083,-51.749999656386166,2.617177195367368e-08,0.0,69.09600000000091,-51.75,0.0,68.2460000000009,47.56
FOLLOW,TRACKING,3.00650155,2.988213235170179,56.298060942145824,-51.74999965481585,2.6229472550646244e-08,0.0,69.09600000000091,-51.75,0.0,68.2460000000009,47.580000000000005
FOLLOW,TRACKING,3.00650155,2.9691649846981254,56.35751459178135,-51.74999965325233,2.6287084966356725e-08,0.0,69.09600000000091,-51.75,0.0,68.2460000000009,47.6
FOLLOW,TRACKING,2.96916498,2.950116734226072,56.4166063228485,-51.74999965169538,2.6344694041722567e-08,0.0,69.09600000000091,-51.75,0.0,68.2460000000009,47.620000000000005
FOLLOW,TRACKING,2.96916498,2.930721469063258,56.47529352900312,-51.74999965014791,2.6403573205715198e-08,0.0,69.09600000000091,-51.75,0.0,68.2460000000009,47.64
FOLLOW,TRACKING,2.93072147,2.9085868776874695,56.53355835455947,-51.749999648608274,2.64621309015815e-08,0.0,69.09600000000091,-51.75,0.0,68.2460000000009,47.660000000000004
FOLLOW,TRACKING,2.90858688,2.886101335018765,56.59137627705151,-51.749999647077004,2.6520191501990853e-08,0.0,69.09600000000091,-51.75,0.0,68.2460000000009,47.68
FOLLOW,TRACKING,2.90858688,2.863271256541822,56.648763184513854,-51.74999964555378,2.6577763555978717e-08,0.0,69.09600000000091,-51.75,0.0,68.2460000000009,47.7
FOLLOW,TRACKING,2.88610134,2.840151117168688,56.705690299884026,-51.749999644039384,2.6634813086032815e-08,0.0,69.09600000000091,-51.75,0.0,68.2460000000009,47.720000000000006
FOLLOW,TRACKING,2.86327126,2.8167479291511204,56.76215189954205,-51.749999642536224,2.669295768692626e-08,0.0,69.09600000000091,-51.75,0.0,68.2460000000009,47.74
FOLLOW,TRACKING,2.81674793,2.7967567114728813,56.81816398409761,-51.74999964104223,2.6750977355460756e-08,0.0,69.09600000000091,-51.75,0.0,68.2460000000009,47.760000000000005
FOLLOW,TRACKING,2.79675671,2.776523075603166,56.87377309452307,-51.74999963955637,2.6809046496007764e-08,0.0,69.09600000000091,-51.75,0.0,68.2460000000009,47.78
FOLLOW,TRACKING,2.77652308,2.7560533275590164,56.92897446429315,-51.74999963807856,2.6866955248251358e-08,0.0,69.09600000000091,-51.75,0.0,68.2460000000009,47.800000000000004
FOLLOW,TRACKING,2.77652308,2.735279685637693,56.98376248970739,-51.749999636608955,2.6924644618993444e-08,0.0,69.09600000000091,-51.75,0.0,68.2460000000009,47.82
FOLLOW,TRACKING,2.73527969,2.714206874870229,57.03813122670142,-51.74999963514764,2.6982023338288535e-08,0.0,69.09600000000091,-51.75,0.0,68.2460000000009,47.84
FOLLOW,TRACKING,2.71420687,2.6900116943458845,57.09204123687752,-51.74999963369624,2.7039405243046573e-08,0.0,69.09600000000091,-51.75,0.0,68.2460000000009,47.86
FOLLOW,TRACKING,2.69001169,2.665506020405673,57.14546392789787,-51.7499996322548,2.709621811275529e-08,0.0,69.09600000000091,-51.75,0.0,68.2460000000009,47.88
FOLLOW,TRACKING,2.66550602,2.6404534998640377,57.19839048972459,-51.74999963082364,2.715238126978975e-08,0.0,69.09600000000091,-51.75,0.0,68.2460000000009,47.900000000000006
FOLLOW,TRACKING,2.6404535,2.615400979307481,57.250816000088825,-51.74999962940283,2.7207824966017857e-08,0.0,69.09600000000091,-51.75,0.0,68.2460000000009,47.92
FOLLOW,TRACKING,2.61540098,2.590113254972693,57.30273787154152,-51.749999627992466,2.7262490276350584e-08,0.0,69.09600000000091,-51.75,0.0,68.2460000000009,47.940000000000005
FOLLOW,TRACKING,2.61540098,2.5682600879832767,57.35419391181731,-51.74999962659114,2.7316031576310174e-08,0.0,69.09600000000091,-51.75,0.0,68.2460000000009,47.96
FOLLOW,TRACKING,2.59011325,2.5462136610912016,57.4052105682365,-51.74999962519844,2.736865010576319e-08,0.0,69.09600000000091,-51.75,0.0,68.2460000000009,47.980000000000004
FOLLOW,TRACKING,2.54621366,2.5239800437759645,57.455784049411136,-51.7499996238129,2.7419069373630866e-08,0.0,69.09600000000091,-51.75,0.0,68.2460000000009,48.0
FOLLOW,TRACKING,2.54621366,2.5014914317296193,57.50590979839394,-51.74999962243698,2.7468938297082754e-08,0.0,69.09600000000091,-51.75,0.0,68.2460000000009,48.021
FOLLOW,TRACKING,2.50149143,2.4787522380478326,57.55558276828383,-51.74999962107106,2.7518392079228055e-08,0.0,69.09600000000091,-51.75,0.0,68.2460000000009,48.040000000000006
FOLLOW,TRACKING,2.47875224,2.4524071941804952,57.60476003097723,-51.749999619716405,2.7567392440512412e-08,0.0,69.09600000000091,-51.75,0.0,68.2460000000009,48.06
FOLLOW,TRACKING,2.47875224,2.42579405516068,57.65343405569073,-51.7499996183733,2.7615934926024232e-08,0.0,69.09600000000091,-51.75,0.0,68.2460000000009,48.080000000000005
FOLLOW,TRACKING,2.45240719,2.398917769708931,57.7015463101409,-51.74999961704343,2.7663962851071484e-08,0.0,69.09600000000091,-51.75,0.0,68.2460000000009,48.1
FOLLOW,TRACKING,2.39891777,2.3718518309436836,57.74911902024772,-51.74999961572464,2.7710269383146044e-08,0.0,69.09600000000091,-51.75,0.0,68.2460000000009,48.120000000000005
FOLLOW,TRACKING,2.39891777,2.3438890515059545,57.79614144402758,-51.74999961441692,2.775451304081559e-08,0.0,69.09600000000091,-51.75,0.0,68.2460000000009,48.14
FOLLOW,TRACKING,2.37185183,2.3200803008052167,57.84264953423275,-51.74999961312156,2.779834349479153e-08,0.0,69.09600000000091,-51.75,0.0,68.2460000000009,48.160000000000004
FOLLOW,TRACKING,2.3200803,2.2961319230745407,57.888679775693284,-51.74999961183714,2.784145504248592e-08,0.0,69.09600000000091,-51.75,0.0,68.2460000000009,48.18
FOLLOW,TRACKING,2.3200803,2.2720641808952284,57.934229686057705,-51.749999610563904,2.788391057933555e-08,0.0,69.09600000000091,-51.75,0.0,68.2460000000009,48.2
FOLLOW,TRACKING,2.27206418,2.2477958993647467,57.97929603648399,-51.74999960930207,2.7925766871413298e-08,0.0,69.09600000000091,-51.75,0.0,68.2460000000009,48.220000000000006
FOLLOW,TRACKING,2.27206418,2.223331289668096,58.023874862235296,-51.749999608051894,2.7967069362133684e-08,0.0,69.09600000000091,-51.75,0.0,68.2460000000009,48.24
FOLLOW,TRACKING,2.22333129,2.1946408702191893,58.067919604566896,-51.749999606814,2.800720604518954e-08,0.0,69.09600000000091,-51.75,0.0,68.2460000000009,48.260000000000005
FOLLOW,TRACKING,2.19464077,2.1657278627692738,58.11138831157178,-51.74999960559049,2.804675843388687e-08,0.0,69.09600000000091,-51.75,0.0,68.2460000000009,48.28
FOLLOW,TRACKING,2.19464077,2.1365973806844356,58.154276583110914,-51.74999960438163,2.8085778593952717e-08,0.0,69.09600000000091,-51.75,0.0,68.2460000000009,48.300000000000004
FOLLOW,TRACKING,2.16572774,2.107562200393432,58.19661019503799,-51.74999960318683,2.812436867246513e-08,0.0,69.09600000000091,-51.75,0.0,68.2460000000009,48.32
FOLLOW,TRACKING,2.13659725,2.0779502946894017,58.23832807368502,-51.74999960200796,2.816249918798065e-08,0.0,69.09600000000091,-51.75,0.0,68.2460000000009,48.34
FOLLOW,TRACKING,2.10733569,2.0520105765214685,58.27949375820762,-51.749999600844184,2.8200905431511924e-08,0.0,69.09600000000091,-51.75,0.0,68.2460000000009,48.36000000000001
FOLLOW,TRACKING,2.07795015,2.025991831241925,58.32013977931766,-51.749999599693794,2.8239016701339178e-08,0.0,69.09600000000091,-51.75,0.0,68.2460000000009,48.38
FOLLOW,TRACKING,2.02599183,1.9999004424903437,58.36029071552162,-51.74999959855617,2.8276878149591792e-08,0.0,69.09600000000091,-51.75,0.0,68.2460000000009,48.400000000000006
FOLLOW,TRACKING,1.99990034,1.9736703116656433,58.39991843468599,-51.749999597433025,2.8315103049727897e-08,0.0,69.09600000000091,-51.75,0.0,68.2460000000009,48.42
FOLLOW,TRACKING,1.99990034,1.9473055818195921,58.438993841371996,-51.74999959632578,2.8354113838815497e-08,0.0,69.09600000000091,-51.75,0.0,68.2460000000009,48.440000000000005
FOLLOW,TRACKING,1.94730558,1.916032365559062,58.47749223459357,-51.74999959523374,2.8392801231088976e-08,0.0,69.09600000000091,-51.75,0.0,68.2460000000009,48.461000000000006
FOLLOW,TRACKING,1.91589065,1.8844623651318675,58.51536077846537,-51.749999594158076,2.843083519794969e-08,0.0,69.09600000000091,-51.75,0.0,68.2460000000009,48.481
FOLLOW,TRACKING,1.88430341,1.8527248519980337,58.552596074808626,-51.74999959309896,2.84682108995474e-08,0.0,69.09600000000091,-51.75,0.0,68.2460000000009,48.5
FOLLOW,TRACKING,1.85254919,1.8209141070030914,58.58919572150565,-51.74999959205656,2.850492503818384e-08,0.0,69.09600000000091,-51.75,0.0,68.2460000000009,48.521
FOLLOW,TRACKING,1.85254919,1.7890474579324693,58.62515853142054,-51.74999959103094,2.8540976052295235e-08,0.0,69.09600000000091,-51.75,0.0,68.2460000000009,48.540000000000006
FOLLOW,TRACKING,1.82073216,1.76044314994428,58.660516576600344,-51.749999590021275,2.857639612568561e-08,0.0,69.09600000000091,-51.75,0.0,68.2460000000009,48.562000000000005
FOLLOW,TRACKING,1.76044308,1.7308831725323164,58.6953218513235,-51.749999589026146,2.8611237766477712e-08,0.0,69.09600000000091,-51.75,0.0,68.2460000000009,48.580000000000005
FOLLOW,TRACKING,1.76044308,1.7035958335647199,58.72952880748597,-51.749999588046904,2.864545610603378e-08,0.0,69.09600000000091,-51.75,0.0,68.2460000000009,48.6
FOLLOW,TRACKING,1.73059841,1.6750754974815156,58.763180534709086,-51.749999587083146,2.867967516965616e-08,0.0,69.09600000000091,-51.75,0.0,68.2460000000009,48.621
FOLLOW,TRACKING,1.67507542,1.6465550066406824,58.79623333357782,-51.74999958613692,2.8714411167352617e-08,0.0,69.09600000000091,-51.75,0.0,68.2460000000009,48.641000000000005
FOLLOW,TRACKING,1.64655501,1.6198799340834573,58.82878969607035,-51.749999585204954,2.8749500982594567e-08,0.0,69.09600000000091,-51.75,0.0,68.2460000000009,48.660000000000004
FOLLOW,TRACKING,1.61987979,1.5957450766812546,58.86081382401609,-51.74999958428714,2.8784048683093962e-08,0.0,69.09600000000091,-51.75,0.0,68.2460000000009,48.681000000000004
FOLLOW,TRACKING,1.59574508,1.5703256223510214,58.89236654569653,-51.749999583382,2.8818268016256683e-08,0.0,69.09600000000091,-51.75,0.0,68.2460000000009,48.7
FOLLOW,TRACKING,1.57032555,1.5448583456837641,58.923384933493715,-51.749999582491334,2.8852059397389744e-08,0.0,69.09600000000091,-51.75,0.0,68.2460000000009,48.720000000000006
FOLLOW,TRACKING,1.57032555,1.5192971888687625,58.953892944311924,-51.74999958161448,2.8885434698521942e-08,0.0,69.09600000000091,-51.75,0.0,68.2460000000009,48.74
FOLLOW,TRACKING,1.51929719,1.4874606748335852,58.98382554125343,-51.74999958075461,2.8919252504900362e-08,0.0,69.09600000000091,-51.75,0.0,68.2460000000009,48.760000000000005
FOLLOW,TRACKING,1.48725627,1.4553108736244271,59.01311623133603,-51.74999957991248,2.895255056362823e-08,0.0,69.09600000000091,-51.75,0.0,68.2460000000009,48.78
FOLLOW,TRACKING,1.48725627,1.4230450951615128,59.041762644682706,-51.74999957908815,2.8985276931516136e-08,0.0,69.09600000000091,-51.75,0.0,68.2460000000009,48.800000000000004
FOLLOW,TRACKING,1.45509435,1.3907851810927243,59.06976368565156,-51.749999578281624,2.901737959653023e-08,0.0,69.09600000000091,-51.75,0.0,68.2460000000009,48.82
FOLLOW,TRACKING,1.39055904,1.35855287829898,59.09711982383902,-51.749999577492936,2.904883522959955e-08,0.0,69.09600000000091,-51.75,0.0,68.2460000000009,48.84
FOLLOW,TRACKING,1.39055904,1.329297671357921,59.123861115431524,-51.74999957672063,2.9079220622785027e-08,0.0,69.09600000000091,-51.75,0.0,68.2460000000009,48.86000000000001
FOLLOW,TRACKING,1.32929756,1.300342631392937,59.15002253619195,-51.74999957596433,2.9108959583155645e-08,0.0,69.09600000000091,-51.75,0.0,68.2460000000009,48.881
FOLLOW,TRACKING,1.30034253,1.2714717580507797,59.175605697687985,-51.74999957522394,2.9138004414147784e-08,0.0,69.09600000000091,-51.75,0.0,68.2460000000009,48.900000000000006
FOLLOW,TRACKING,1.27147166,1.2426284441723114,59.20061171709955,-51.74999957449949,2.9166369912620435e-08,0.0,69.09600000000091,-51.75,0.0,68.2460000000009,48.92
FOLLOW,TRACKING,1.27147166,1.2138179641610238,59.225041198262886,-51.74999957379103,2.9194053800327286e-08,0.0,69.09600000000091,-51.75,0.0,68.2460000000009,48.940000000000005
FOLLOW,TRACKING,1.24262835,1.1878745754152933,59.24892419612414,-51.74999957309728,2.9220765712986597e-08,0.0,69.09600000000091,-51.75,0.0,68.2460000000009,48.96
FOLLOW,TRACKING,1.21381787,1.1620015477603831,59.27228910058289,-51.749999572417956,2.924686856766154e-08,0.0,69.09600000000091,-51.75,0.0,68.2460000000009,48.980000000000004
FOLLOW,TRACKING,1.16200155,1.1362055746360513,59.29513739162247,-51.74999957175303,2.927237480136757e-08,0.0,69.09600000000091,-51.75,0.0,68.2460000000009,49.0
FOLLOW,TRACKING,1.13620557,1.1104682433000337,59.31747040777071,-51.7499995711025,2.9297279793523415e-08,0.0,69.09600000000091,-51.75,0.0,68.2460000000009,49.021
FOLLOW,TRACKING,1.13620557,1.0847310004777457,59.33931441411137,-51.749999570465626,2.932159937064896e-08,0.0,69.09600000000091,-51.75,0.0,68.2460000000009,49.040000000000006
FOLLOW,TRACKING,1.08473091,1.0509935367998937,59.36053667368577,-51.74999956984758,2.9346140621873735e-08,0.0,69.09600000000091,-51.75,0.0,68.2460000000009,49.061
FOLLOW,TRACKING,1.0504337,1.0166628277104908,59.38107265345604,-51.74999956924893,2.9369808513132238e-08,0.0,69.09600000000091,-51.75,0.0,68.2460000000009,49.081
FOLLOW,TRACKING,1.01609462,0.982294953004015,59.4009215635745,-51.74999956866906,2.9392106883256014e-08,0.0,69.09600000000091,-51.75,0.0,68.2460000000009,49.1
FOLLOW,TRACKING,1.01609462,0.9480355994007541,59.42008412926,-51.749999568108,2.9413018057787366e-08,0.0,69.09600000000091,-51.75,0.0,68.2460000000009,49.120000000000005
FOLLOW,TRACKING,0.94748914,0.9139307565284585,59.43856334225253,-51.74999956756573,2.943255184048701e-08,0.0,69.09600000000091,-51.75,0.0,68.2460000000009,49.14
FOLLOW,TRACKING,0.913415704,0.8823960084853868,59.456386473236826,-51.74999956704147,2.945071909203427e-08,0.0,69.09600000000091,-51.75,0.0,68.2460000000009,49.160000000000004
FOLLOW,TRACKING,0.882282474,0.8516458319867584,59.47359077004601,-51.74999956653455,2.9467845393411854e-08,0.0,69.09600000000091,-51.75,0.0,68.2460000000009,49.181000000000004
FOLLOW,TRACKING,0.882282474,0.8209382420069746,59.49018091505558,-51.749999566045446,2.9484364608886942e-08,0.0,69.09600000000091,-51.75,0.0,68.2460000000009,49.2
FOLLOW,TRACKING,0.851574884,0.7903843858372286,59.50615844560364,-51.74999956557415,2.9500277994077386e-08,0.0,69.09600000000091,-51.75,0.0,68.2460000000009,49.220000000000006
FOLLOW,TRACKING,0.820867294,0.7595391022988454,59.521492157194324,-51.74999956512162,2.9515554150250487e-08,0.0,69.09600000000091,-51.75,0.0,68.2460000000009,49.24
FOLLOW,TRACKING,0.759539062,0.7313072294842017,59.536265633856715,-51.74999956468541,2.9530275999218155e-08,0.0,69.09600000000091,-51.75,0.0,68.2460000000009,49.260000000000005
FOLLOW,TRACKING,0.759539062,0.7036860384395994,59.55048057965626,-51.74999956426548,2.954444492820399e-08,0.0,69.09600000000091,-51.75,0.0,68.2460000000009,49.28
FOLLOW,TRACKING,0.703686007,0.6762973037254484,59.56414542650925,-51.74999956386162,2.955806901393271e-08,0.0,69.09600000000091,-51.75,0.0,68.2460000000009,49.300000000000004
FOLLOW,TRACKING,0.703686007,0.6491008930993304,59.57726442202717,-51.74999956347373,2.9571152157181925e-08,0.0,69.09600000000091,-51.75,0.0,68.2460000000009,49.32
FOLLOW,TRACKING,0.676297284,0.6220958857156235,59.58984140346294,-51.7499995631017,2.9583697789009938e-08,0.0,69.09600000000091,-51.75,0.0,68.2460000000009,49.34
FOLLOW,TRACKING,0.649100883,0.597223864554053,59.60190174160682,-51.749999562744804,2.9595730969663908e-08,0.0,69.09600000000091,-51.75,0.0,68.2460000000009,49.36000000000001
FOLLOW,TRACKING,0.622095885,0.5725711221302278,59.613467051284765,-51.74999956240241,2.9607272921292133e-08,0.0,69.09600000000091,-51.75,0.0,68.2460000000009,49.38
FOLLOW,TRACKING,0.572571122,0.5481451821978568,59.62454180082621,-51.749999562074414,2.9618327791309167e-08,0.0,69.09600000000091,-51.75,0.0,68.2460000000009,49.401
FOLLOW,TRACKING,0.572571122,0.5239143228898514,59.635130177356686,-51.74999956176072,2.9628899458846556e-08,0.0,69.09600000000091,-51.75,0.0,68.2460000000009,49.42
FOLLOW,TRACKING,0.523914323,0.4998847585689249,59.64523615084345,-51.74999956146124,2.963899159974956e-08,0.0,69.09600000000091,-51.75,0.0,68.2460000000009,49.440000000000005
FOLLOW,TRACKING,0.523914323,0.47786272616434655,59.654885592840245,-51.74999956117517,2.964862976244856e-08,0.0,69.09600000000091,-51.75,0.0,68.2460000000009,49.46
FOLLOW,TRACKING,0.499884759,0.45584069376047875,59.664072572156556,-51.74999956090272,2.9657807773641157e-08,0.0,69.09600000000091,-51.75,0.0,68.2460000000009,49.480000000000004
FOLLOW,TRACKING,0.455840694,0.4340483328348911,59.67284388879797,-51.74999956064255,2.9666572145644886e-08,0.0,69.09600000000091,-51.75,0.0,68.2460000000009,49.5
FOLLOW,TRACKING,0.455840694,0.41245560286995453,59.68118175369076,-51.74999956039517,2.967490487933892e-08,0.0,69.09600000000091,-51.75,0.0,68.2460000000009,49.52
FOLLOW,TRACKING,0.434048333,0.3910729161219707,59.68909028439589,-51.74999956016042,2.968280986914444e-08,0.0,69.09600000000091,-51.75,0.0,68.2460000000009,49.540000000000006
FOLLOW,TRACKING,0.391072916,0.3711664188799092,59.696589968391145,-51.749999559937756,2.9690307380649415e-08,0.0,69.09600000000091,-51.75,0.0,68.2460000000009,49.56
FOLLOW,TRACKING,0.371166419,0.35148620651170864,59.70369446402971,-51.749999559726795,2.9697410895063172e-08,0.0,69.09600000000091,-51.75,0.0,68.2460000000009,49.581
FOLLOW,TRACKING,0.371166419,0.3320378561113558,59.71040836950843,-51.74999955952739,2.9704124836748252e-08,0.0,69.09600000000091,-51.75,0.0,68.2460000000009,49.6
FOLLOW,GOAL_REACHED,0.332037856,0.3128012307982431,59.71673606029746,-51.7499995593394,2.9710453418758023e-08,0.0,69.09600000000091,-51.75,0.0,68.2460000000009,49.620000000000005
FOLLOW,GOAL_REACHED,0.312801231,0.293780959772505,59.722662810804756,-51.74999955916328,2.9716381760097762e-08,0.0,69.09600000000091,-51.75,0.0,68.2460000000009,49.64
FOLLOW,GOAL_REACHED,0.29378096,0.250282487460396,59.72796845902548,-51.74999955900561,2.972168966568947e-08,0.0,69.09600000000091,-51.75,0.0,68.2460000000009,49.661
FOLLOW,GOAL_REACHED,0.23678096,0.19028248745911475,59.732074108774654,-51.74999955888357,2.972579755005917e-08,0.0,69.09600000000091,-51.75,0.0,68.2460000000009,49.68
FOLLOW,GOAL_REACHED,0.23678096,0.130282487458544,59.73497975852384,-51.7499995587972,2.9728705089145595e-08,0.0,69.09600000000091,-51.75,0.0,68.2460000000009,49.7
FOLLOW,GOAL_REACHED,0.11678096,0.07028248746010492,59.73668540827304,-51.749999558746495,2.9730412068134005e-08,0.0,69.09600000000091,-51.75,0.0,68.2460000000009,49.720000000000006
FOLLOW,GOAL_REACHED,0.11678096,0.010625989968104935,59.737194493047305,-51.74999955873136,2.9730921763119525e-08,0.0,69.09600000000091,-51.75,0.0,68.2460000000009,49.74
FOLLOW,GOAL_REACHED,0.0567809601,0.0,59.737194493047305,-51.74999955873136,2.9730921763119525e-08,0.0,69.09600000000091,-51.75,0.0,68.2460000000009,49.760000000000005
FOLLOW,GOAL_REACHED,0.0,0.0,59.737194493047305,-51.74999955873136,2.9730921763119525e-08,0.0,69.09600000000091,-51.75,0.0,68.2460000000009,49.78
FOLLOW,GOAL_REACHED,0.0,0.0,59.737194493047305,-51.74999955873136,2.9730921763119525e-08,0.0,69.09600000000091,-51.75,0.0,68.2460000000009,49.800000000000004
FOLLOW,GOAL_REACHED,0.0,0.0,59.737194493047305,-51.74999955873136,2.9730921763119525e-08,0.0,69.09600000000091,-51.75,0.0,68.2460000000009,49.82
FOLLOW,TRACKING,0.0,0.0,59.737194493047305,-51.74999955873136,2.9730921763119525e-08,0.0,69.09600000000091,-51.75,0.0,68.2460000000009,49.84
FOLLOW,TRACKING,0.0,0.0,59.737194493047305,-51.74999955873136,2.9730921763119525e-08,0.0,69.09600000000091,-51.75,0.0,68.2460000000009,49.86000000000001
FOLLOW,TRACKING,0.0,0.0,59.737194493047305,-51.74999955873136,2.9730921763119525e-08,0.0,69.09600000000091,-51.75,0.0,68.2460000000009,49.88
FOLLOW,TRACKING,0.0,0.0,59.737194493047305,-51.74999955873136,2.9730921763119525e-08,0.0,69.09600000000091,-51.75,0.0,68.2460000000009,49.900000000000006
FOLLOW,TRACKING,0.0,0.0,59.737194493047305,-51.74999955873136,2.9730921763119525e-08,0.0,69.09600000000091,-51.75,0.0,68.2460000000009,49.92
FOLLOW,TRACKING,0.0,0.0,59.737194493047305,-51.74999955873136,2.9730921763119525e-08,0.0,69.09600000000091,-51.75,0.0,68.2460000000009,49.941
FOLLOW,TRACKING,0.0,0.0,59.737194493047305,-51.74999955873136,2.9730921763119525e-08,0.0,69.09600000000091,-51.75,0.0,68.2460000000009,49.96
FOLLOW,TRACKING,0.0,0.0,59.737194493047305,-51.74999955873136,2.9730921763119525e-08,0.0,69.09600000000091,-51.75,0.0,68.2460000000009,49.980000000000004
FOLLOW,TRACKING,0.0,0.0,59.737194493047305,-51.74999955873136,2.9730921763119525e-08,0.0,69.09600000000091,-51.75,0.0,68.2460000000009,50.002
FOLLOW,TRACKING,0.0,0.0,59.737194493047305,-51.74999955873136,2.9730921763119525e-08,0.0,69.09600000000091,-51.75,0.0,68.2460000000009,50.02
FOLLOW,TRACKING,0.0,0.0,59.737194493047305,-51.74999955873136,2.9730921763119525e-08,0.0,69.09600000000091,-51.75,0.0,68.2460000000009,50.040000000000006
FOLLOW,TRACKING,0.0,0.0,59.737194493047305,-51.74999955873136,2.9730921763119525e-08,0.0,69.09600000000091,-51.75,0.0,68.2460000000009,50.06
FOLLOW,TRACKING,0.0,0.0,59.737194493047305,-51.74999955873136,2.9730921763119525e-08,0.0,69.09600000000091,-51.75,0.0,68.2460000000009,50.080000000000005
FOLLOW,TRACKING,0.0,0.0,59.737194493047305,-51.74999955873136,2.9730921763119525e-08,0.0,69.09600000000091,-51.75,0.0,68.2460000000009,50.101000000000006
FOLLOW,TRACKING,0.0,0.0,59.737194493047305,-51.74999955873136,2.9730921763119525e-08,0.0,69.09600000000091,-51.75,0.0,68.2460000000009,50.120000000000005
FOLLOW,TRACKING,0.0,0.0,59.737194493047305,-51.74999955873136,2.9730921763119525e-08,0.0,69.09600000000091,-51.75,0.0,68.2460000000009,50.14
FOLLOW,TRACKING,0.0,0.0,59.737194493047305,-51.74999955873136,2.9730921763119525e-08,0.0,69.09600000000091,-51.75,0.0,68.2460000000009,50.160000000000004
FOLLOW,TRACKING,0.0,0.0,59.737194493047305,-51.74999955873136,2.9730921763119525e-08,0.0,69.09600000000091,-51.75,0.0,68.2460000000009,50.18
FOLLOW,TRACKING,0.0,0.0,59.737194493047305,-51.74999955873136,2.9730921763119525e-08,0.0,69.09600000000091,-51.75,0.0,68.2460000000009,50.2
FOLLOW,TRACKING,0.0,0.0,59.737194493047305,-51.74999955873136,2.9730921763119525e-08,0.0,69.09600000000091,-51.75,0.0,68.2460000000009,50.220000000000006
FOLLOW,TRACKING,0.0,0.0,59.737194493047305,-51.74999955873136,2.9730921763119525e-08,0.0,69.09600000000091,-51.75,0.0,68.2460000000009,50.24
FOLLOW,TRACKING,0.0,0.0,59.737194493047305,-51.74999955873136,2.9730921763119525e-08,0.0,69.09600000000091,-51.75,0.0,68.2460000000009,50.260000000000005
FOLLOW,TRACKING,0.0,0.0,59.737194493047305,-51.74999955873136,2.9730921763119525e-08,0.0,69.09600000000091,-51.75,0.0,68.2460000000009,50.28
FOLLOW,TRACKING,0.0,0.0,59.737194493047305,-51.74999955873136,2.9730921763119525e-08,0.0,69.09600000000091,-51.75,0.0,68.2460000000009,50.300000000000004
FOLLOW,TRACKING,0.0,0.0,59.737194493047305,-51.74999955873136,2.9730921763119525e-08,0.0,69.09600000000091,-51.75,0.0,68.2460000000009,50.32
FOLLOW,TRACKING,0.0,0.0,59.737194493047305,-51.74999955873136,2.9730921763119525e-08,0.0,69.09600000000091,-51.75,0.0,68.2460000000009,50.34
FOLLOW,TRACKING,0.0,0.0,59.737194493047305,-51.74999955873136,2.9730921763119525e-08,0.0,69.09600000000091,-51.75,0.0,68.2460000000009,50.36000000000001
FOLLOW,TRACKING,0.0,0.0,59.737194493047305,-51.74999955873136,2.9730921763119525e-08,0.0,69.09600000000091,-51.75,0.0,68.2460000000009,50.38
FOLLOW,TRACKING,0.0,0.0,59.737194493047305,-51.74999955873136,2.9730921763119525e-08,0.0,69.09600000000091,-51.75,0.0,68.2460000000009,50.400000000000006
FOLLOW,TRACKING,0.0,0.0,59.737194493047305,-51.74999955873136,2.9730921763119525e-08,0.0,69.09600000000091,-51.75,0.0,68.2460000000009,50.42
FOLLOW,TRACKING,0.0,0.0,59.737194493047305,-51.74999955873136,2.9730921763119525e-08,0.0,69.09600000000091,-51.75,0.0,68.2460000000009,50.440000000000005
FOLLOW,TRACKING,0.0,0.0,59.737194493047305,-51.74999955873136,2.9730921763119525e-08,0.0,69.09600000000091,-51.75,0.0,68.2460000000009,50.46
FOLLOW,TRACKING,0.0,0.0,59.737194493047305,-51.74999955873136,2.9730921763119525e-08,0.0,69.09600000000091,-51.75,0.0,68.2460000000009,50.480000000000004
FOLLOW,TRACKING,0.0,0.0,59.737194493047305,-51.74999955873136,2.9730921763119525e-08,0.0,69.09600000000091,-51.75,0.0,68.2460000000009,50.505
FOLLOW,TRACKING,0.0,0.0,59.737194493047305,-51.74999955873136,2.9730921763119525e-08,0.0,69.09600000000091,-51.75,0.0,68.2460000000009,50.52
FOLLOW,TRACKING,0.0,0.0,59.737194493047305,-51.74999955873136,2.9730921763119525e-08,0.0,69.09600000000091,-51.75,0.0,68.2460000000009,50.540000000000006
FOLLOW,TRACKING,0.0,0.0,59.737194493047305,-51.74999955873136,2.9730921763119525e-08,0.0,69.09600000000091,-51.75,0.0,68.2460000000009,50.56
FOLLOW,TRACKING,0.0,0.0,59.737194493047305,-51.74999955873136,2.9730921763119525e-08,0.0,69.09600000000091,-51.75,0.0,68.2460000000009,50.580000000000005
FOLLOW,TRACKING,0.0,0.0,59.737194493047305,-51.74999955873136,2.9730921763119525e-08,0.0,69.09600000000091,-51.75,0.0,68.2460000000009,50.601000000000006
FOLLOW,TRACKING,0.0,0.0,59.737194493047305,-51.74999955873136,2.9730921763119525e-08,0.0,69.09600000000091,-51.75,0.0,68.2460000000009,50.620000000000005
FOLLOW,TRACKING,0.0,0.0,59.737194493047305,-51.74999955873136,2.9730921763119525e-08,0.0,69.09600000000091,-51.75,0.0,68.2460000000009,50.64
FOLLOW,TRACKING,0.0,0.0,59.737194493047305,-51.74999955873136,2.9730921763119525e-08,0.0,69.09600000000091,-51.75,0.0,68.2460000000009,50.660000000000004
FOLLOW,TRACKING,0.0,0.0,59.737194493047305,-51.74999955873136,2.9730921763119525e-08,0.0,69.09600000000091,-51.75,0.0,68.2460000000009,50.68
FOLLOW,TRACKING,0.0,0.0,59.737194493047305,-51.74999955873136,2.9730921763119525e-08,0.0,69.09600000000091,-51.75,0.0,68.2460000000009,50.7
FOLLOW,TRACKING,0.0,0.0,59.737194493047305,-51.74999955873136,2.9730921763119525e-08,0.0,69.09600000000091,-51.75,0.0,68.2460000000009,50.720000000000006
FOLLOW,TRACKING,0.0,0.0,59.737194493047305,-51.74999955873136,2.9730921763119525e-08,0.0,69.09600000000091,-51.75,0.0,68.2460000000009,50.74
FOLLOW,TRACKING,0.0,0.0,59.737194493047305,-51.74999955873136,2.9730921763119525e-08,0.0,69.09600000000091,-51.75,0.0,68.2460000000009,50.760000000000005
FOLLOW,TRACKING,0.0,0.0,59.737194493047305,-51.74999955873136,2.9730921763119525e-08,0.0,69.09600000000091,-51.75,0.0,68.2460000000009,50.78
FOLLOW,TRACKING,0.0,0.0,59.737194493047305,-51.74999955873136,2.9730921763119525e-08,0.0,69.09600000000091,-51.75,0.0,68.2460000000009,50.801
FOLLOW,TRACKING,0.0,0.0,59.737194493047305,-51.74999955873136,2.9730921763119525e-08,0.0,69.09600000000091,-51.75,0.0,68.2460000000009,50.821000000000005
FOLLOW,TRACKING,0.0,0.0,59.737194493047305,-51.74999955873136,2.9730921763119525e-08,0.0,69.09600000000091,-51.75,0.0,68.2460000000009,50.84
FOLLOW,TRACKING,0.0,0.0,59.737194493047305,-51.74999955873136,2.9730921763119525e-08,0.0,69.09600000000091,-51.75,0.0,68.2460000000009,50.861000000000004
FOLLOW,TRACKING,0.0,0.0,59.737194493047305,-51.74999955873136,2.9730921763119525e-08,0.0,69.09600000000091,-51.75,0.0,68.2460000000009,50.88
FOLLOW,TRACKING,0.0,0.0,59.737194493047305,-51.74999955873136,2.9730921763119525e-08,0.0,69.09600000000091,-51.75,0.0,68.2460000000009,50.900000000000006
FOLLOW,TRACKING,0.0,0.0,59.737194493047305,-51.74999955873136,2.9730921763119525e-08,0.0,69.09600000000091,-51.75,0.0,68.2460000000009,50.92
FOLLOW,TRACKING,0.0,0.0,59.737194493047305,-51.74999955873136,2.9730921763119525e-08,0.0,69.09600000000091,-51.75,0.0,68.2460000000009,50.940000000000005
FOLLOW,TRACKING,0.0,0.0,59.737194493047305,-51.74999955873136,2.9730921763119525e-08,0.0,69.09600000000091,-51.75,0.0,68.2460000000009,50.96
FOLLOW,TRACKING,0.0,0.0,59.737194493047305,-51.74999955873136,2.9730921763119525e-08,0.0,69.09600000000091,-51.75,0.0,68.2460000000009,50.980000000000004
FOLLOW,TRACKING,0.0,0.0,59.737194493047305,-51.74999955873136,2.9730921763119525e-08,0.0,69.09600000000091,-51.75,0.0,68.2460000000009,51.0
FOLLOW,TRACKING,0.0,0.0,59.737194493047305,-51.74999955873136,2.9730921763119525e-08,0.0,69.09600000000091,-51.75,0.0,68.2460000000009,51.02
FOLLOW,TRACKING,0.0,0.0,59.737194493047305,-51.74999955873136,2.9730921763119525e-08,0.0,69.09600000000091,-51.75,0.0,68.2460000000009,51.040000000000006
FOLLOW,TRACKING,0.0,0.0,59.737194493047305,-51.74999955873136,2.9730921763119525e-08,0.0,69.09600000000091,-51.75,0.0,68.2460000000009,51.06
FOLLOW,TRACKING,0.0,0.0,59.737194493047305,-51.74999955873136,2.9730921763119525e-08,0.0,69.09600000000091,-51.75,0.0,68.2460000000009,51.080000000000005
FOLLOW,TRACKING,0.0,0.0,59.737194493047305,-51.74999955873136,2.9730921763119525e-08,0.0,69.09600000000091,-51.75,0.0,68.2460000000009,51.1
FOLLOW,TRACKING,0.0,0.0,59.737194493047305,-51.74999955873136,2.9730921763119525e-08,0.0,69.09600000000091,-51.75,0.0,68.2460000000009,51.120000000000005
FOLLOW,TRACKING,0.0,0.0,59.737194493047305,-51.74999955873136,2.9730921763119525e-08,0.0,69.09600000000091,-51.75,0.0,68.2460000000009,51.14
FOLLOW,TRACKING,0.0,0.0,59.737194493047305,-51.74999955873136,2.9730921763119525e-08,0.0,69.09600000000091,-51.75,0.0,68.2460000000009,51.160000000000004
FOLLOW,TRACKING,0.0,0.0,59.737194493047305,-51.74999955873136,2.9730921763119525e-08,0.0,69.09600000000091,-51.75,0.0,68.2460000000009,51.18
FOLLOW,TRACKING,0.0,0.0,59.737194493047305,-51.74999955873136,2.9730921763119525e-08,0.0,69.09600000000091,-51.75,0.0,68.2460000000009,51.2
FOLLOW,TRACKING,0.0,0.0,59.737194493047305,-51.74999955873136,2.9730921763119525e-08,0.0,69.09600000000091,-51.75,0.0,68.2460000000009,51.220000000000006
FOLLOW,TRACKING,0.0,0.0,59.737194493047305,-51.74999955873136,2.9730921763119525e-08,0.0,69.09600000000091,-51.75,0.0,68.2460000000009,51.241
FOLLOW,TRACKING,0.0,0.0,59.737194493047305,-51.74999955873136,2.9730921763119525e-08,0.0,69.09600000000091,-51.75,0.0,68.2460000000009,51.260000000000005
FOLLOW,TRACKING,0.0,0.0,59.737194493047305,-51.74999955873136,2.9730921763119525e-08,0.0,69.09600000000091,-51.75,0.0,68.2460000000009,51.28
FOLLOW,TRACKING,0.0,0.0,59.737194493047305,-51.74999955873136,2.9730921763119525e-08,0.0,69.09600000000091,-51.75,0.0,68.2460000000009,51.300000000000004
FOLLOW,TRACKING,0.0,0.0,59.737194493047305,-51.74999955873136,2.9730921763119525e-08,0.0,69.09600000000091,-51.75,0.0,68.2460000000009,51.32
FOLLOW,TRACKING,0.0,0.0,59.737194493047305,-51.74999955873136,2.9730921763119525e-08,0.0,69.09600000000091,-51.75,0.0,68.2460000000009,51.34
FOLLOW,TRACKING,0.0,0.0,59.737194493047305,-51.74999955873136,2.9730921763119525e-08,0.0,69.09600000000091,-51.75,0.0,68.2460000000009,51.36000000000001
FOLLOW,TRACKING,0.0,0.0,59.737194493047305,-51.74999955873136,2.9730921763119525e-08,0.0,69.09600000000091,-51.75,0.0,68.2460000000009,51.38
FOLLOW,TRACKING,0.0,0.0,59.737194493047305,-51.74999955873136,2.9730921763119525e-08,0.0,69.09600000000091,-51.75,0.0,68.2460000000009,51.400000000000006
FOLLOW,TRACKING,0.0,0.0,59.737194493047305,-51.74999955873136,2.9730921763119525e-08,0.0,69.09600000000091,-51.75,0.0,68.2460000000009,51.42
FOLLOW,TRACKING,0.0,0.0,59.737194493047305,-51.74999955873136,2.9730921763119525e-08,0.0,69.09600000000091,-51.75,0.0,68.2460000000009,51.440000000000005
FOLLOW,TRACKING,0.0,0.0,59.737194493047305,-51.74999955873136,2.9730921763119525e-08,0.0,69.09600000000091,-51.75,0.0,68.2460000000009,51.46
FOLLOW,TRACKING,0.0,0.0,59.737194493047305,-51.74999955873136,2.9730921763119525e-08,0.0,69.09600000000091,-51.75,0.0,68.2460000000009,51.480000000000004
FOLLOW,TRACKING,0.0,0.0,59.737194493047305,-51.74999955873136,2.9730921763119525e-08,0.0,69.09600000000091,-51.75,0.0,68.2460000000009,51.501000000000005
FOLLOW,TRACKING,0.0,0.0,59.737194493047305,-51.74999955873136,2.9730921763119525e-08,0.0,69.09600000000091,-51.75,0.0,68.2460000000009,51.52
FOLLOW,TRACKING,0.0,0.0,59.737194493047305,-51.74999955873136,2.9730921763119525e-08,0.0,69.09600000000091,-51.75,0.0,68.2460000000009,51.540000000000006
FOLLOW,TRACKING,0.0,0.0,59.737194493047305,-51.74999955873136,2.9730921763119525e-08,0.0,69.09600000000091,-51.75,0.0,68.2460000000009,51.56
FOLLOW,TRACKING,0.0,0.0,59.737194493047305,-51.74999955873136,2.9730921763119525e-08,0.0,69.09600000000091,-51.75,0.0,68.2460000000009,51.580000000000005
FOLLOW,TRACKING,0.0,0.0,59.737194493047305,-51.74999955873136,2.9730921763119525e-08,0.0,69.09600000000091,-51.75,0.0,68.2460000000009,51.6
FOLLOW,TRACKING,0.0,0.0,59.737194493047305,-51.74999955873136,2.9730921763119525e-08,0.0,69.09600000000091,-51.75,0.0,68.2460000000009,51.621
FOLLOW,TRACKING,0.0,0.0,59.737194493047305,-51.74999955873136,2.9730921763119525e-08,0.0,69.09600000000091,-51.75,0.0,68.2460000000009,51.64
FOLLOW,TRACKING,0.0,0.0,59.737194493047305,-51.74999955873136,2.9730921763119525e-08,0.0,69.09600000000091,-51.75,0.0,68.2460000000009,51.660000000000004
FOLLOW,TRACKING,0.0,0.0,59.737194493047305,-51.74999955873136,2.9730921763119525e-08,0.0,69.09600000000091,-51.75,0.0,68.2460000000009,51.68
FOLLOW,TRACKING,0.0,0.0,59.737194493047305,-51.74999955873136,2.9730921763119525e-08,0.0,69.09600000000091,-51.75,0.0,68.2460000000009,51.7
FOLLOW,TRACKING,0.0,0.0,59.737194493047305,-51.74999955873136,2.9730921763119525e-08,0.0,69.09600000000091,-51.75,0.0,68.2460000000009,51.720000000000006
FOLLOW,TRACKING,0.0,0.0,59.737194493047305,-51.74999955873136,2.9730921763119525e-08,0.0,69.09600000000091,-51.75,0.0,68.2460000000009,51.74
FOLLOW,TRACKING,0.0,0.0,59.737194493047305,-51.74999955873136,2.9730921763119525e-08,0.0,69.09600000000091,-51.75,0.0,68.2460000000009,51.760000000000005
FOLLOW,TRACKING,0.0,0.0,59.737194493047305,-51.74999955873136,2.9730921763119525e-08,0.0,69.09600000000091,-51.75,0.0,68.2460000000009,51.78
FOLLOW,TRACKING,0.0,0.0,59.737194493047305,-51.74999955873136,2.9730921763119525e-08,0.0,69.09600000000091,-51.75,0.0,68.2460000000009,51.800000000000004
FOLLOW,TRACKING,0.0,0.0,59.737194493047305,-51.74999955873136,2.9730921763119525e-08,0.0,69.09600000000091,-51.75,0.0,68.2460000000009,51.82
FOLLOW,TRACKING,0.0,0.0,59.737194493047305,-51.74999955873136,2.9730921763119525e-08,0.0,69.09600000000091,-51.75,0.0,68.2460000000009,51.84
FOLLOW,TRACKING,0.0,0.0,59.737194493047305,-51.74999955873136,2.9730921763119525e-08,0.0,69.09600000000091,-51.75,0.0,68.2460000000009,51.86000000000001
FOLLOW,TRACKING,0.0,0.0,59.737194493047305,-51.74999955873136,2.9730921763119525e-08,0.0,69.09600000000091,-51.75,0.0,68.2460000000009,51.88
FOLLOW,TRACKING,0.0,0.0,59.737194493047305,-51.74999955873136,2.9730921763119525e-08,0.0,69.09600000000091,-51.75,0.0,68.2460000000009,51.900000000000006
FOLLOW,TRACKING,0.0,0.0,59.737194493047305,-51.74999955873136,2.9730921763119525e-08,0.0,69.09600000000091,-51.75,0.0,68.2460000000009,51.92
FOLLOW,TRACKING,0.0,0.0,59.737194493047305,-51.74999955873136,2.9730921763119525e-08,0.0,69.09600000000091,-51.75,0.0,68.2460000000009,51.940000000000005
FOLLOW,TRACKING,0.0,0.0,59.737194493047305,-51.74999955873136,2.9730921763119525e-08,0.0,69.09600000000091,-51.75,0.0,68.2460000000009,51.96
FOLLOW,TRACKING,0.0,0.0,59.737194493047305,-51.74999955873136,2.9730921763119525e-08,0.0,69.09600000000091,-51.75,0.0,68.2460000000009,51.980000000000004
FOLLOW,TRACKING,0.0,0.0,59.737194493047305,-51.74999955873136,2.9730921763119525e-08,0.0,69.09600000000091,-51.75,0.0,68.2460000000009,52.0
FOLLOW,TRACKING,0.0,0.0,59.737194493047305,-51.74999955873136,2.9730921763119525e-08,0.0,69.09600000000091,-51.75,0.0,68.2460000000009,52.02
FOLLOW,TRACKING,0.0,0.0,59.737194493047305,-51.74999955873136,2.9730921763119525e-08,0.0,69.09600000000091,-51.75,0.0,68.2460000000009,52.040000000000006
FOLLOW,TRACKING,0.0,0.0,59.737194493047305,-51.74999955873136,2.9730921763119525e-08,0.0,69.09600000000091,-51.75,0.0,68.2460000000009,52.06
FOLLOW,TRACKING,0.0,0.0,59.737194493047305,-51.74999955873136,2.9730921763119525e-08,0.0,69.09600000000091,-51.75,0.0,68.2460000000009,52.080000000000005
FOLLOW,TRACKING,0.0,0.0,59.737194493047305,-51.74999955873136,2.9730921763119525e-08,0.0,69.09600000000091,-51.75,0.0,68.2460000000009,52.1
FOLLOW,TRACKING,0.0,0.0,59.737194493047305,-51.74999955873136,2.9730921763119525e-08,0.0,69.09600000000091,-51.75,0.0,68.2460000000009,52.120000000000005
FOLLOW,TRACKING,0.0,0.0,59.737194493047305,-51.74999955873136,2.9730921763119525e-08,0.0,69.09600000000091,-51.75,0.0,68.2460000000009,52.14
FOLLOW,TRACKING,0.0,0.0,59.737194493047305,-51.74999955873136,2.9730921763119525e-08,0.0,69.09600000000091,-51.75,0.0,68.2460000000009,52.160000000000004
FOLLOW,TRACKING,0.0,0.0,59.737194493047305,-51.74999955873136,2.9730921763119525e-08,0.0,69.09600000000091,-51.75,0.0,68.2460000000009,52.18
FOLLOW,TRACKING,0.0,0.0,59.737194493047305,-51.74999955873136,2.9730921763119525e-08,0.0,69.09600000000091,-51.75,0.0,68.2460000000009,52.2
FOLLOW,TRACKING,0.0,0.0,59.737194493047305,-51.74999955873136,2.9730921763119525e-08,0.0,69.09600000000091,-51.75,0.0,68.2460000000009,52.220000000000006
FOLLOW,TRACKING,0.0,0.0,59.737194493047305,-51.74999955873136,2.9730921763119525e-08,0.0,69.09600000000091,-51.75,0.0,68.2460000000009,52.24
FOLLOW,TRACKING,0.0,0.0,59.737194493047305,-51.74999955873136,2.9730921763119525e-08,0.0,69.09600000000091,-51.75,0.0,68.2460000000009,52.260000000000005
FOLLOW,TRACKING,0.0,0.0,59.737194493047305,-51.74999955873136,2.9730921763119525e-08,0.0,69.09600000000091,-51.75,0.0,68.2460000000009,52.28
FOLLOW,TRACKING,0.0,0.0,59.737194493047305,-51.74999955873136,2.9730921763119525e-08,0.0,69.09600000000091,-51.75,0.0,68.2460000000009,52.301
FOLLOW,TRACKING,0.0,0.0,59.737194493047305,-51.74999955873136,2.9730921763119525e-08,0.0,69.09600000000091,-51.75,0.0,68.2460000000009,52.32
FOLLOW,TRACKING,0.0,0.0,59.737194493047305,-51.74999955873136,2.9730921763119525e-08,0.0,69.09600000000091,-51.75,0.0,68.2460000000009,52.341
FOLLOW,TRACKING,0.0,0.0,59.737194493047305,-51.74999955873136,2.9730921763119525e-08,0.0,69.09600000000091,-51.75,0.0,68.2460000000009,52.36000000000001
FOLLOW,TRACKING,0.0,0.0,59.737194493047305,-51.74999955873136,2.9730921763119525e-08,0.0,69.09600000000091,-51.75,0.0,68.2460000000009,52.38
FOLLOW,TRACKING,0.0,0.0,59.737194493047305,-51.74999955873136,2.9730921763119525e-08,0.0,69.09600000000091,-51.75,0.0,68.2460000000009,52.400000000000006
FOLLOW,TRACKING,0.0,0.0,59.737194493047305,-51.74999955873136,2.9730921763119525e-08,0.0,69.09600000000091,-51.75,0.0,68.2460000000009,52.42
FOLLOW,TRACKING,0.0,0.0,59.737194493047305,-51.74999955873136,2.9730921763119525e-08,0.0,69.09600000000091,-51.75,0.0,68.2460000000009,52.440000000000005
FOLLOW,TRACKING,0.0,0.0,59.737194493047305,-51.74999955873136,2.9730921763119525e-08,0.0,69.09600000000091,-51.75,0.0,68.2460000000009,52.46
FOLLOW,TRACKING,0.0,0.0,59.737194493047305,-51.74999955873136,2.9730921763119525e-08,0.0,69.09600000000091,-51.75,0.0,68.2460000000009,52.480000000000004
FOLLOW,TRACKING,0.0,0.0,59.737194493047305,-51.74999955873136,2.9730921763119525e-08,0.0,69.09600000000091,-51.75,0.0,68.2460000000009,52.501000000000005
FOLLOW,TRACKING,0.0,0.0,59.737194493047305,-51.74999955873136,2.9730921763119525e-08,0.0,69.09600000000091,-51.75,0.0,68.2460000000009,52.52
FOLLOW,TRACKING,0.0,0.0,59.737194493047305,-51.74999955873136,2.9730921763119525e-08,0.0,69.09600000000091,-51.75,0.0,68.2460000000009,52.540000000000006
FOLLOW,TRACKING,0.0,0.0,59.737194493047305,-51.74999955873136,2.9730921763119525e-08,0.0,69.09600000000091,-51.75,0.0,68.2460000000009,52.56
FOLLOW,TRACKING,0.0,0.0,59.737194493047305,-51.74999955873136,2.9730921763119525e-08,0.0,69.09600000000091,-51.75,0.0,68.2460000000009,52.580000000000005
FOLLOW,TRACKING,0.0,0.0,59.737194493047305,-51.74999955873136,2.9730921763119525e-08,0.0,69.09600000000091,-51.75,0.0,68.2460000000009,52.6
FOLLOW,TRACKING,0.0,0.0,59.737194493047305,-51.74999955873136,2.9730921763119525e-08,0.0,69.09600000000091,-51.75,0.0,68.2460000000009,52.620000000000005
FOLLOW,TRACKING,0.0,0.0,59.737194493047305,-51.74999955873136,2.9730921763119525e-08,0.0,69.09600000000091,-51.75,0.0,68.2460000000009,52.64
FOLLOW,TRACKING,0.0,0.0,59.737194493047305,-51.74999955873136,2.9730921763119525e-08,0.0,69.09600000000091,-51.75,0.0,68.2460000000009,52.660000000000004
FOLLOW,TRACKING,0.0,0.0,59.737194493047305,-51.74999955873136,2.9730921763119525e-08,0.0,69.09600000000091,-51.75,0.0,68.2460000000009,52.68000000000001
FOLLOW,TRACKING,0.0,0.0,59.737194493047305,-51.74999955873136,2.9730921763119525e-08,0.0,69.09600000000091,-51.75,0.0,68.2460000000009,52.7
FOLLOW,TRACKING,0.0,0.0,59.737194493047305,-51.74999955873136,2.9730921763119525e-08,0.0,69.09600000000091,-51.75,0.0,68.2460000000009,52.720000000000006
FOLLOW,TRACKING,0.0,0.0,59.737194493047305,-51.74999955873136,2.9730921763119525e-08,0.0,69.09600000000091,-51.75,0.0,68.2460000000009,52.74
FOLLOW,TRACKING,0.0,0.0,59.737194493047305,-51.74999955873136,2.9730921763119525e-08,0.0,69.09600000000091,-51.75,0.0,68.2460000000009,52.760000000000005
FOLLOW,TRACKING,0.0,0.0,59.737194493047305,-51.74999955873136,2.9730921763119525e-08,0.0,69.09600000000091,-51.75,0.0,68.2460000000009,52.78
FOLLOW,TRACKING,0.0,0.0,59.737194493047305,-51.74999955873136,2.9730921763119525e-08,0.0,69.09600000000091,-51.75,0.0,68.2460000000009,52.800000000000004
FOLLOW,TRACKING,0.0,0.0,59.737194493047305,-51.74999955873136,2.9730921763119525e-08,0.0,69.09600000000091,-51.75,0.0,68.2460000000009,52.82
FOLLOW,TRACKING,0.0,0.0,59.737194493047305,-51.74999955873136,2.9730921763119525e-08,0.0,69.09600000000091,-51.75,0.0,68.2460000000009,52.84
FOLLOW,TRACKING,0.0,0.0,59.737194493047305,-51.74999955873136,2.9730921763119525e-08,0.0,69.09600000000091,-51.75,0.0,68.2460000000009,52.86000000000001
FOLLOW,TRACKING,0.0,0.0,59.737194493047305,-51.74999955873136,2.9730921763119525e-08,0.0,69.09600000000091,-51.75,0.0,68.2460000000009,52.88
FOLLOW,TRACKING,0.0,0.0,59.737194493047305,-51.74999955873136,2.9730921763119525e-08,0.0,69.09600000000091,-51.75,0.0,68.2460000000009,52.902
FOLLOW,TRACKING,0.0,0.0,59.737194493047305,-51.74999955873136,2.9730921763119525e-08,0.0,69.09600000000091,-51.75,0.0,68.2460000000009,52.92
FOLLOW,TRACKING,0.0,0.0,59.737194493047305,-51.74999955873136,2.9730921763119525e-08,0.0,69.09600000000091,-51.75,0.0,68.2460000000009,52.940000000000005
FOLLOW,TRACKING,0.0,0.0,59.737194493047305,-51.74999955873136,2.9730921763119525e-08,0.0,69.09600000000091,-51.75,0.0,68.2460000000009,52.96
FOLLOW,TRACKING,0.0,0.0,59.737194493047305,-51.74999955873136,2.9730921763119525e-08,0.0,69.09600000000091,-51.75,0.0,68.2460000000009,52.980000000000004
FOLLOW,TRACKING,0.0,0.0,59.737194493047305,-51.74999955873136,2.9730921763119525e-08,0.0,69.09600000000091,-51.75,0.0,68.2460000000009,53.0
FOLLOW,TRACKING,0.0,0.0,59.737194493047305,-51.74999955873136,2.9730921763119525e-08,0.0,69.09600000000091,-51.75,0.0,68.2460000000009,53.02
FOLLOW,TRACKING,0.0,0.0,59.737194493047305,-51.74999955873136,2.9730921763119525e-08,0.0,69.09600000000091,-51.75,0.0,68.2460000000009,53.040000000000006
FOLLOW,TRACKING,0.0,0.0,59.737194493047305,-51.74999955873136,2.9730921763119525e-08,0.0,69.09600000000091,-51.75,0.0,68.2460000000009,53.06
FOLLOW,TRACKING,0.0,0.0,59.737194493047305,-51.74999955873136,2.9730921763119525e-08,0.0,69.09600000000091,-51.75,0.0,68.2460000000009,53.080000000000005
FOLLOW,TRACKING,0.0,0.0,59.737194493047305,-51.74999955873136,2.9730921763119525e-08,0.0,69.09600000000091,-51.75,0.0,68.2460000000009,53.1
FOLLOW,TRACKING,0.0,0.0,59.737194493047305,-51.74999955873136,2.9730921763119525e-08,0.0,69.09600000000091,-51.75,0.0,68.2460000000009,53.120000000000005
FOLLOW,TRACKING,0.0,0.0,59.737194493047305,-51.74999955873136,2.9730921763119525e-08,0.0,69.09600000000091,-51.75,0.0,68.2460000000009,53.14
FOLLOW,TRACKING,0.0,0.0,59.737194493047305,-51.74999955873136,2.9730921763119525e-08,0.0,69.09600000000091,-51.75,0.0,68.2460000000009,53.160000000000004
FOLLOW,TRACKING,0.0,0.0,59.737194493047305,-51.74999955873136,2.9730921763119525e-08,0.0,69.09600000000091,-51.75,0.0,68.2460000000009,53.18000000000001
FOLLOW,TRACKING,0.0,0.0,59.737194493047305,-51.74999955873136,2.9730921763119525e-08,0.0,69.09600000000091,-51.75,0.0,68.2460000000009,53.201
FOLLOW,TRACKING,0.0,0.0,59.737194493047305,-51.74999955873136,2.9730921763119525e-08,0.0,69.09600000000091,-51.75,0.0,68.2460000000009,53.220000000000006
FOLLOW,TRACKING,0.0,0.0,59.737194493047305,-51.74999955873136,2.9730921763119525e-08,0.0,69.09600000000091,-51.75,0.0,68.2460000000009,53.24
FOLLOW,TRACKING,0.0,0.0,59.737194493047305,-51.74999955873136,2.9730921763119525e-08,0.0,69.09600000000091,-51.75,0.0,68.2460000000009,53.261
FOLLOW,TRACKING,0.0,0.0,59.737194493047305,-51.74999955873136,2.9730921763119525e-08,0.0,69.09600000000091,-51.75,0.0,68.2460000000009,53.28
FOLLOW,TRACKING,0.0,0.0,59.737194493047305,-51.74999955873136,2.9730921763119525e-08,0.0,69.09600000000091,-51.75,0.0,68.2460000000009,53.300000000000004
FOLLOW,TRACKING,0.0,0.0,59.737194493047305,-51.74999955873136,2.9730921763119525e-08,0.0,69.09600000000091,-51.75,0.0,68.2460000000009,53.32
FOLLOW,TRACKING,0.0,0.0,59.737194493047305,-51.74999955873136,2.9730921763119525e-08,0.0,69.09600000000091,-51.75,0.0,68.2460000000009,53.34
FOLLOW,TRACKING,0.0,0.0,59.737194493047305,-51.74999955873136,2.9730921763119525e-08,0.0,69.09600000000091,-51.75,0.0,68.2460000000009,53.36000000000001
FOLLOW,TRACKING,0.0,0.0,59.737194493047305,-51.74999955873136,2.9730921763119525e-08,0.0,69.09600000000091,-51.75,0.0,68.2460000000009,53.38
FOLLOW,TRACKING,0.0,0.0,59.737194493047305,-51.74999955873136,2.9730921763119525e-08,0.0,69.09600000000091,-51.75,0.0,68.2460000000009,53.400000000000006
FOLLOW,TRACKING,0.0,0.0,59.737194493047305,-51.74999955873136,2.9730921763119525e-08,0.0,69.09600000000091,-51.75,0.0,68.2460000000009,53.42
FOLLOW,TRACKING,0.0,0.0,59.737194493047305,-51.74999955873136,2.9730921763119525e-08,0.0,69.09600000000091,-51.75,0.0,68.2460000000009,53.440000000000005
FOLLOW,TRACKING,0.0,0.0,59.737194493047305,-51.74999955873136,2.9730921763119525e-08,0.0,69.09600000000091,-51.75,0.0,68.2460000000009,53.46
FOLLOW,TRACKING,0.0,0.0,59.737194493047305,-51.74999955873136,2.9730921763119525e-08,0.0,69.09600000000091,-51.75,0.0,68.2460000000009,53.480000000000004
FOLLOW,TRACKING,0.0,0.0,59.737194493047305,-51.74999955873136,2.9730921763119525e-08,0.0,69.09600000000091,-51.75,0.0,68.2460000000009,53.5
FOLLOW,TRACKING,0.0,0.0,59.737194493047305,-51.74999955873136,2.9730921763119525e-08,0.0,69.09600000000091,-51.75,0.0,68.2460000000009,53.52
FOLLOW,TRACKING,0.0,0.0,59.737194493047305,-51.74999955873136,2.9730921763119525e-08,0.0,69.09600000000091,-51.75,0.0,68.2460000000009,53.540000000000006
FOLLOW,TRACKING,0.0,0.0,59.737194493047305,-51.74999955873136,2.9730921763119525e-08,0.0,69.09600000000091,-51.75,0.0,68.2460000000009,53.56
FOLLOW,TRACKING,0.0,0.0,59.737194493047305,-51.74999955873136,2.9730921763119525e-08,0.0,69.09600000000091,-51.75,0.0,68.2460000000009,53.580000000000005
FOLLOW,TRACKING,0.0,0.0,59.737194493047305,-51.74999955873136,2.9730921763119525e-08,0.0,69.09600000000091,-51.75,0.0,68.2460000000009,53.6
FOLLOW,TRACKING,0.0,0.0,59.737194493047305,-51.74999955873136,2.9730921763119525e-08,0.0,69.09600000000091,-51.75,0.0,68.2460000000009,53.620000000000005
FOLLOW,TRACKING,0.0,0.0,59.737194493047305,-51.74999955873136,2.9730921763119525e-08,0.0,69.09600000000091,-51.75,0.0,68.2460000000009,53.64
FOLLOW,TRACKING,0.0,0.0,59.737194493047305,-51.74999955873136,2.9730921763119525e-08,0.0,69.09600000000091,-51.75,0.0,68.2460000000009,53.660000000000004
FOLLOW,TRACKING,0.0,0.0,59.737194493047305,-51.74999955873136,2.9730921763119525e-08,0.0,69.09600000000091,-51.75,0.0,68.2460000000009,53.68000000000001
FOLLOW,TRACKING,0.0,0.0,59.737194493047305,-51.74999955873136,2.9730921763119525e-08,0.0,69.09600000000091,-51.75,0.0,68.2460000000009,53.701
FOLLOW,TRACKING,0.0,0.0,59.737194493047305,-51.74999955873136,2.9730921763119525e-08,0.0,69.09600000000091,-51.75,0.0,68.2460000000009,53.722
FOLLOW,TRACKING,0.0,0.0,59.737194493047305,-51.74999955873136,2.9730921763119525e-08,0.0,69.09600000000091,-51.75,0.0,68.2460000000009,53.74
FOLLOW,TRACKING,0.0,0.0,59.737194493047305,-51.74999955873136,2.9730921763119525e-08,0.0,69.09600000000091,-51.75,0.0,68.2460000000009,53.760000000000005
FOLLOW,TRACKING,0.0,0.0,59.737194493047305,-51.74999955873136,2.9730921763119525e-08,0.0,69.09600000000091,-51.75,0.0,68.2460000000009,53.78
FOLLOW,TRACKING,0.0,0.0,59.737194493047305,-51.74999955873136,2.9730921763119525e-08,0.0,69.09600000000091,-51.75,0.0,68.2460000000009,53.800000000000004
FOLLOW,TRACKING,0.0,0.0,59.737194493047305,-51.74999955873136,2.9730921763119525e-08,0.0,69.09600000000091,-51.75,0.0,68.2460000000009,53.82
FOLLOW,TRACKING,0.0,0.0,59.737194493047305,-51.74999955873136,2.9730921763119525e-08,0.0,69.09600000000091,-51.75,0.0,68.2460000000009,53.84
FOLLOW,TRACKING,0.0,0.0,59.737194493047305,-51.74999955873136,2.9730921763119525e-08,0.0,69.09600000000091,-51.75,0.0,68.2460000000009,53.86000000000001
FOLLOW,TRACKING,0.0,0.0,59.737194493047305,-51.74999955873136,2.9730921763119525e-08,0.0,69.09600000000091,-51.75,0.0,68.2460000000009,53.88
FOLLOW,TRACKING,0.0,0.0,59.737194493047305,-51.74999955873136,2.9730921763119525e-08,0.0,69.09600000000091,-51.75,0.0,68.2460000000009,53.900000000000006
FOLLOW,TRACKING,0.0,0.0,59.737194493047305,-51.74999955873136,2.9730921763119525e-08,0.0,69.09600000000091,-51.75,0.0,68.2460000000009,53.92
FOLLOW,TRACKING,0.0,0.0,59.737194493047305,-51.74999955873136,2.9730921763119525e-08,0.0,69.09600000000091,-51.75,0.0,68.2460000000009,53.940000000000005
FOLLOW,TRACKING,0.0,0.0,59.737194493047305,-51.74999955873136,2.9730921763119525e-08,0.0,69.09600000000091,-51.75,0.0,68.2460000000009,53.96
FOLLOW,TRACKING,0.0,0.0,59.737194493047305,-51.74999955873136,2.9730921763119525e-08,0.0,69.09600000000091,-51.75,0.0,68.2460000000009,53.980000000000004
FOLLOW,TRACKING,0.0,0.0,59.737194493047305,-51.74999955873136,2.9730921763119525e-08,0.0,69.09600000000091,-51.75,0.0,68.2460000000009,54.001000000000005
FOLLOW,TRACKING,0.0,0.0,59.737194493047305,-51.74999955873136,2.9730921763119525e-08,0.0,69.09600000000091,-51.75,0.0,68.2460000000009,54.02
FOLLOW,TRACKING,0.0,0.0,59.737194493047305,-51.74999955873136,2.9730921763119525e-08,0.0,69.09600000000091,-51.75,0.0,68.2460000000009,54.040000000000006
FOLLOW,TRACKING,0.0,0.0,59.737194493047305,-51.74999955873136,2.9730921763119525e-08,0.0,69.09600000000091,-51.75,0.0,68.2460000000009,54.06
FOLLOW,TRACKING,0.0,0.0,59.737194493047305,-51.74999955873136,2.9730921763119525e-08,0.0,69.09600000000091,-51.75,0.0,68.2460000000009,54.080000000000005
FOLLOW,TRACKING,0.0,0.0,59.737194493047305,-51.74999955873136,2.9730921763119525e-08,0.0,69.09600000000091,-51.75,0.0,68.2460000000009,54.1
FOLLOW,TRACKING,0.0,0.0,59.737194493047305,-51.74999955873136,2.9730921763119525e-08,0.0,69.09600000000091,-51.75,0.0,68.2460000000009,54.120000000000005
FOLLOW,TRACKING,0.0,0.0,59.737194493047305,-51.74999955873136,2.9730921763119525e-08,0.0,69.09600000000091,-51.75,0.0,68.2460000000009,54.14
FOLLOW,TRACKING,0.0,0.0,59.737194493047305,-51.74999955873136,2.9730921763119525e-08,0.0,69.09600000000091,-51.75,0.0,68.2460000000009,54.160000000000004
FOLLOW,TRACKING,0.0,0.0,59.737194493047305,-51.74999955873136,2.9730921763119525e-08,0.0,69.09600000000091,-51.75,0.0,68.2460000000009,54.18000000000001
FOLLOW,TRACKING,0.0,0.0,59.737194493047305,-51.74999955873136,2.9730921763119525e-08,0.0,69.09600000000091,-51.75,0.0,68.2460000000009,54.2
FOLLOW,TRACKING,0.0,0.0,59.737194493047305,-51.74999955873136,2.9730921763119525e-08,0.0,69.09600000000091,-51.75,0.0,68.2460000000009,54.220000000000006
FOLLOW,TRACKING,0.0,0.0,59.737194493047305,-51.74999955873136,2.9730921763119525e-08,0.0,69.09600000000091,-51.75,0.0,68.2460000000009,54.24
FOLLOW,TRACKING,0.0,0.0,59.737194493047305,-51.74999955873136,2.9730921763119525e-08,0.0,69.09600000000091,-51.75,0.0,68.2460000000009,54.260000000000005
FOLLOW,TRACKING,0.0,0.0,59.737194493047305,-51.74999955873136,2.9730921763119525e-08,0.0,69.09600000000091,-51.75,0.0,68.2460000000009,54.28
FOLLOW,TRACKING,0.0,0.0,59.737194493047305,-51.74999955873136,2.9730921763119525e-08,0.0,69.09600000000091,-51.75,0.0,68.2460000000009,54.301
FOLLOW,TRACKING,0.0,0.0,59.737194493047305,-51.74999955873136,2.9730921763119525e-08,0.0,69.09600000000091,-51.75,0.0,68.2460000000009,54.32
FOLLOW,TRACKING,0.0,0.0,59.737194493047305,-51.74999955873136,2.9730921763119525e-08,0.0,69.09600000000091,-51.75,0.0,68.2460000000009,54.34
FOLLOW,TRACKING,0.0,0.0,59.737194493047305,-51.74999955873136,2.9730921763119525e-08,0.0,69.09600000000091,-51.75,0.0,68.2460000000009,54.36000000000001
FOLLOW,TRACKING,0.0,0.0,59.737194493047305,-51.74999955873136,2.9730921763119525e-08,0.0,69.09600000000091,-51.75,0.0,68.2460000000009,54.38
FOLLOW,TRACKING,0.0,0.0,59.737194493047305,-51.74999955873136,2.9730921763119525e-08,0.0,69.09600000000091,-51.75,0.0,68.2460000000009,54.400000000000006
FOLLOW,TRACKING,0.0,0.0,59.737194493047305,-51.74999955873136,2.9730921763119525e-08,0.0,69.09600000000091,-51.75,0.0,68.2460000000009,54.42
FOLLOW,TRACKING,0.0,0.0,59.737194493047305,-51.74999955873136,2.9730921763119525e-08,0.0,69.09600000000091,-51.75,0.0,68.2460000000009,54.440000000000005
FOLLOW,TRACKING,0.0,0.0,59.737194493047305,-51.74999955873136,2.9730921763119525e-08,0.0,69.09600000000091,-51.75,0.0,68.2460000000009,54.46
FOLLOW,TRACKING,0.0,0.0,59.737194493047305,-51.74999955873136,2.9730921763119525e-08,0.0,69.09600000000091,-51.75,0.0,68.2460000000009,54.480000000000004
FOLLOW,TRACKING,0.0,0.0,59.737194493047305,-51.74999955873136,2.9730921763119525e-08,0.0,69.09600000000091,-51.75,0.0,68.2460000000009,54.5
FOLLOW,TRACKING,0.0,0.0,59.737194493047305,-51.74999955873136,2.9730921763119525e-08,0.0,69.09600000000091,-51.75,0.0,68.2460000000009,54.523
FOLLOW,TRACKING,0.0,0.0,59.737194493047305,-51.74999955873136,2.9730921763119525e-08,0.0,69.09600000000091,-51.75,0.0,68.2460000000009,54.540000000000006
FOLLOW,TRACKING,0.0,0.0,59.737194493047305,-51.74999955873136,2.9730921763119525e-08,0.0,69.09600000000091,-51.75,0.0,68.2460000000009,54.56
FOLLOW,TRACKING,0.0,0.0,59.737194493047305,-51.74999955873136,2.9730921763119525e-08,0.0,69.09600000000091,-51.75,0.0,68.2460000000009,54.580000000000005
FOLLOW,TRACKING,0.0,0.0,59.737194493047305,-51.74999955873136,2.9730921763119525e-08,0.0,69.09600000000091,-51.75,0.0,68.2460000000009,54.6
FOLLOW,TRACKING,0.0,0.0,59.737194493047305,-51.74999955873136,2.9730921763119525e-08,0.0,69.09600000000091,-51.75,0.0,68.2460000000009,54.621
FOLLOW,TRACKING,0.0,0.0,59.737194493047305,-51.74999955873136,2.9730921763119525e-08,0.0,69.09600000000091,-51.75,0.0,68.2460000000009,54.64
FOLLOW,TRACKING,0.0,0.0,59.737194493047305,-51.74999955873136,2.9730921763119525e-08,0.0,69.09600000000091,-51.75,0.0,68.2460000000009,54.660000000000004
FOLLOW,TRACKING,0.0,0.0,59.737194493047305,-51.74999955873136,2.9730921763119525e-08,0.0,69.09600000000091,-51.75,0.0,68.2460000000009,54.68000000000001
FOLLOW,TRACKING,0.0,0.0,59.737194493047305,-51.74999955873136,2.9730921763119525e-08,0.0,69.09600000000091,-51.75,0.0,68.2460000000009,54.7
FOLLOW,TRACKING,0.0,0.0,59.737194493047305,-51.74999955873136,2.9730921763119525e-08,0.0,69.09600000000091,-51.75,0.0,68.2460000000009,54.720000000000006
FOLLOW,TRACKING,0.0,0.0,59.737194493047305,-51.74999955873136,2.9730921763119525e-08,0.0,69.09600000000091,-51.75,0.0,68.2460000000009,54.74
FOLLOW,TRACKING,0.0,0.0,59.737194493047305,-51.74999955873136,2.9730921763119525e-08,0.0,69.09600000000091,-51.75,0.0,68.2460000000009,54.760000000000005
FOLLOW,TRACKING,0.0,0.0,59.737194493047305,-51.74999955873136,2.9730921763119525e-08,0.0,69.09600000000091,-51.75,0.0,68.2460000000009,54.78
FOLLOW,TRACKING,0.0,0.0,59.737194493047305,-51.74999955873136,2.9730921763119525e-08,0.0,69.09600000000091,-51.75,0.0,68.2460000000009,54.800000000000004
FOLLOW,TRACKING,0.0,0.0,59.737194493047305,-51.74999955873136,2.9730921763119525e-08,0.0,69.09600000000091,-51.75,0.0,68.2460000000009,54.82
FOLLOW,TRACKING,0.0,0.0,59.737194493047305,-51.74999955873136,2.9730921763119525e-08,0.0,69.09600000000091,-51.75,0.0,68.2460000000009,54.841
FOLLOW,TRACKING,0.0,0.0,59.737194493047305,-51.74999955873136,2.9730921763119525e-08,0.0,69.09600000000091,-51.75,0.0,68.2460000000009,54.86000000000001
FOLLOW,TRACKING,0.0,0.0,59.737194493047305,-51.74999955873136,2.9730921763119525e-08,0.0,69.09600000000091,-51.75,0.0,68.2460000000009,54.88
FOLLOW,TRACKING,0.0,0.0,59.737194493047305,-51.74999955873136,2.9730921763119525e-08,0.0,69.09600000000091,-51.75,0.0,68.2460000000009,54.900000000000006
FOLLOW,TRACKING,0.0,0.0,59.737194493047305,-51.74999955873136,2.9730921763119525e-08,0.0,69.09600000000091,-51.75,0.0,68.2460000000009,54.92
FOLLOW,TRACKING,0.0,0.0,59.737194493047305,-51.74999955873136,2.9730921763119525e-08,0.0,69.09600000000091,-51.75,0.0,68.2460000000009,54.940000000000005
FOLLOW,TRACKING,0.0,0.0,59.737194493047305,-51.74999955873136,2.9730921763119525e-08,0.0,69.09600000000091,-51.75,0.0,68.2460000000009,54.96
FOLLOW,TRACKING,0.0,0.0,59.737194493047305,-51.74999955873136,2.9730921763119525e-08,0.0,69.09600000000091,-51.75,0.0,68.2460000000009,54.980000000000004
FOLLOW,TRACKING,0.0,0.0,59.737194493047305,-51.74999955873136,2.9730921763119525e-08,0.0,69.09600000000091,-51.75,0.0,68.2460000000009,55.001000000000005
FOLLOW,TRACKING,0.0,0.0,59.737194493047305,-51.74999955873136,2.9730921763119525e-08,0.0,69.09600000000091,-51.75,0.0,68.2460000000009,55.021
FOLLOW,TRACKING,0.0,0.0,59.737194493047305,-51.74999955873136,2.9730921763119525e-08,0.0,69.09600000000091,-51.75,0.0,68.2460000000009,55.040000000000006
FOLLOW,TRACKING,0.0,0.0,59.737194493047305,-51.74999955873136,2.9730921763119525e-08,0.0,69.09600000000091,-51.75,0.0,68.2460000000009,55.06
FOLLOW,TRACKING,0.0,0.0,59.737194493047305,-51.74999955873136,2.9730921763119525e-08,0.0,69.09600000000091,-51.75,0.0,68.2460000000009,55.080000000000005
FOLLOW,TRACKING,0.0,0.0,59.737194493047305,-51.74999955873136,2.9730921763119525e-08,0.0,69.09600000000091,-51.75,0.0,68.2460000000009,55.1
FOLLOW,TRACKING,0.0,0.0,59.737194493047305,-51.74999955873136,2.9730921763119525e-08,0.0,69.09600000000091,-51.75,0.0,68.2460000000009,55.121
FOLLOW,TRACKING,0.0,0.0,59.737194493047305,-51.74999955873136,2.9730921763119525e-08,0.0,69.09600000000091,-51.75,0.0,68.2460000000009,55.144000000000005
FOLLOW,TRACKING,0.0,0.0,59.737194493047305,-51.74999955873136,2.9730921763119525e-08,0.0,69.09600000000091,-51.75,0.0,68.2460000000009,55.160000000000004
FOLLOW,TRACKING,0.0,0.0,59.737194493047305,-51.74999955873136,2.9730921763119525e-08,0.0,69.09600000000091,-51.75,0.0,68.2460000000009,55.18000000000001
FOLLOW,TRACKING,0.0,0.0,59.737194493047305,-51.74999955873136,2.9730921763119525e-08,0.0,69.09600000000091,-51.75,0.0,68.2460000000009,55.2
FOLLOW,TRACKING,0.0,0.0,59.737194493047305,-51.74999955873136,2.9730921763119525e-08,0.0,69.09600000000091,-51.75,0.0,68.2460000000009,55.220000000000006
FOLLOW,TRACKING,0.0,0.0,59.737194493047305,-51.74999955873136,2.9730921763119525e-08,0.0,69.09600000000091,-51.75,0.0,68.2460000000009,55.24
FOLLOW,TRACKING,0.0,0.0,59.737194493047305,-51.74999955873136,2.9730921763119525e-08,0.0,69.09600000000091,-51.75,0.0,68.2460000000009,55.260000000000005
FOLLOW,TRACKING,0.0,0.0,59.737194493047305,-51.74999955873136,2.9730921763119525e-08,0.0,69.09600000000091,-51.75,0.0,68.2460000000009,55.28
FOLLOW,TRACKING,0.0,0.0,59.737194493047305,-51.74999955873136,2.9730921763119525e-08,0.0,69.09600000000091,-51.75,0.0,68.2460000000009,55.300000000000004
FOLLOW,TRACKING,0.0,0.0,59.737194493047305,-51.74999955873136,2.9730921763119525e-08,0.0,69.09600000000091,-51.75,0.0,68.2460000000009,55.32
FOLLOW,TRACKING,0.0,0.0,59.737194493047305,-51.74999955873136,2.9730921763119525e-08,0.0,69.09600000000091,-51.75,0.0,68.2460000000009,55.34
FOLLOW,TRACKING,0.0,0.0,59.737194493047305,-51.74999955873136,2.9730921763119525e-08,0.0,69.09600000000091,-51.75,0.0,68.2460000000009,55.36000000000001
FOLLOW,TRACKING,0.0,0.0,59.737194493047305,-51.74999955873136,2.9730921763119525e-08,0.0,69.09600000000091,-51.75,0.0,68.2460000000009,55.38
FOLLOW,TRACKING,0.0,0.0,59.737194493047305,-51.74999955873136,2.9730921763119525e-08,0.0,69.09600000000091,-51.75,0.0,68.2460000000009,55.400000000000006
FOLLOW,TRACKING,0.0,0.0,59.737194493047305,-51.74999955873136,2.9730921763119525e-08,0.0,69.09600000000091,-51.75,0.0,68.2460000000009,55.42
FOLLOW,TRACKING,0.0,0.0,59.737194493047305,-51.74999955873136,2.9730921763119525e-08,0.0,69.09600000000091,-51.75,0.0,68.2460000000009,55.440000000000005
FOLLOW,TRACKING,0.0,0.0,59.737194493047305,-51.74999955873136,2.9730921763119525e-08,0.0,69.09600000000091,-51.75,0.0,68.2460000000009,55.46
FOLLOW,TRACKING,0.0,0.0,59.737194493047305,-51.74999955873136,2.9730921763119525e-08,0.0,69.09600000000091,-51.75,0.0,68.2460000000009,55.480000000000004
FOLLOW,TRACKING,0.0,0.0,59.737194493047305,-51.74999955873136,2.9730921763119525e-08,0.0,69.09600000000091,-51.75,0.0,68.2460000000009,55.5
FOLLOW,TRACKING,0.0,0.0,59.737194493047305,-51.74999955873136,2.9730921763119525e-08,0.0,69.09600000000091,-51.75,0.0,68.2460000000009,55.522000000000006
FOLLOW,TRACKING,0.0,0.0,59.737194493047305,-51.74999955873136,2.9730921763119525e-08,0.0,69.09600000000091,-51.75,0.0,68.2460000000009,55.540000000000006
FOLLOW,TRACKING,0.0,0.0,59.737194493047305,-51.74999955873136,2.9730921763119525e-08,0.0,69.09600000000091,-51.75,0.0,68.2460000000009,55.56
FOLLOW,TRACKING,0.0,0.0,59.737194493047305,-51.74999955873136,2.9730921763119525e-08,0.0,69.09600000000091,-51.75,0.0,68.2460000000009,55.580000000000005
FOLLOW,TRACKING,0.0,0.0,59.737194493047305,-51.74999955873136,2.9730921763119525e-08,0.0,69.09600000000091,-51.75,0.0,68.2460000000009,55.6
FOLLOW,TRACKING,0.0,0.0,59.737194493047305,-51.74999955873136,2.9730921763119525e-08,0.0,69.09600000000091,-51.75,0.0,68.2460000000009,55.620000000000005
FOLLOW,TRACKING,0.0,0.0,59.737194493047305,-51.74999955873136,2.9730921763119525e-08,0.0,69.09600000000091,-51.75,0.0,68.2460000000009,55.64
FOLLOW,TRACKING,0.0,0.0,59.737194493047305,-51.74999955873136,2.9730921763119525e-08,0.0,69.09600000000091,-51.75,0.0,68.2460000000009,55.660000000000004
FOLLOW,TRACKING,0.0,0.0,59.737194493047305,-51.74999955873136,2.9730921763119525e-08,0.0,69.09600000000091,-51.75,0.0,68.2460000000009,55.68000000000001
FOLLOW,TRACKING,0.0,0.0,59.737194493047305,-51.74999955873136,2.9730921763119525e-08,0.0,69.09600000000091,-51.75,0.0,68.2460000000009,55.7
FOLLOW,TRACKING,0.0,0.0,59.737194493047305,-51.74999955873136,2.9730921763119525e-08,0.0,69.09600000000091,-51.75,0.0,68.2460000000009,55.720000000000006
FOLLOW,TRACKING,0.0,0.0,59.737194493047305,-51.74999955873136,2.9730921763119525e-08,0.0,69.09600000000091,-51.75,0.0,68.2460000000009,55.74
FOLLOW,TRACKING,0.0,0.0,59.737194493047305,-51.74999955873136,2.9730921763119525e-08,0.0,69.09600000000091,-51.75,0.0,68.2460000000009,55.760000000000005
FOLLOW,TRACKING,0.0,0.0,59.737194493047305,-51.74999955873136,2.9730921763119525e-08,0.0,69.09600000000091,-51.75,0.0,68.2460000000009,55.78
FOLLOW,TRACKING,0.0,0.0,59.737194493047305,-51.74999955873136,2.9730921763119525e-08,0.0,69.09600000000091,-51.75,0.0,68.2460000000009,55.800000000000004
FOLLOW,TRACKING,0.0,0.0,59.737194493047305,-51.74999955873136,2.9730921763119525e-08,0.0,69.09600000000091,-51.75,0.0,68.2460000000009,55.82
FOLLOW,TRACKING,0.0,0.0,59.737194493047305,-51.74999955873136,2.9730921763119525e-08,0.0,69.09600000000091,-51.75,0.0,68.2460000000009,55.84
FOLLOW,TRACKING,0.0,0.0,59.737194493047305,-51.74999955873136,2.9730921763119525e-08,0.0,69.09600000000091,-51.75,0.0,68.2460000000009,55.86000000000001
FOLLOW,TRACKING,0.0,0.0,59.737194493047305,-51.74999955873136,2.9730921763119525e-08,0.0,69.09600000000091,-51.75,0.0,68.2460000000009,55.88
FOLLOW,TRACKING,0.0,0.0,59.737194493047305,-51.74999955873136,2.9730921763119525e-08,0.0,69.09600000000091,-51.75,0.0,68.2460000000009,55.900000000000006
FOLLOW,TRACKING,0.0,0.0,59.737194493047305,-51.74999955873136,2.9730921763119525e-08,0.0,69.09600000000091,-51.75,0.0,68.2460000000009,55.92
FOLLOW,TRACKING,0.0,0.0,59.737194493047305,-51.74999955873136,2.9730921763119525e-08,0.0,69.09600000000091,-51.75,0.0,68.2460000000009,55.940000000000005
FOLLOW,TRACKING,0.0,0.0,59.737194493047305,-51.74999955873136,2.9730921763119525e-08,0.0,69.09600000000091,-51.75,0.0,68.2460000000009,55.96
FOLLOW,TRACKING,0.0,0.0,59.737194493047305,-51.74999955873136,2.9730921763119525e-08,0.0,69.09600000000091,-51.75,0.0,68.2460000000009,55.980000000000004
FOLLOW,TRACKING,0.0,0.0,59.737194493047305,-51.74999955873136,2.9730921763119525e-08,0.0,69.09600000000091,-51.75,0.0,68.2460000000009,56.0
FOLLOW,TRACKING,0.0,0.0,59.737194493047305,-51.74999955873136,2.9730921763119525e-08,0.0,69.09600000000091,-51.75,0.0,68.2460000000009,56.02
FOLLOW,TRACKING,0.0,0.0,59.737194493047305,-51.74999955873136,2.9730921763119525e-08,0.0,69.09600000000091,-51.75,0.0,68.2460000000009,56.040000000000006
FOLLOW,TRACKING,0.0,0.0,59.737194493047305,-51.74999955873136,2.9730921763119525e-08,0.0,69.09600000000091,-51.75,0.0,68.2460000000009,56.06
FOLLOW,TRACKING,0.0,0.0,59.737194493047305,-51.74999955873136,2.9730921763119525e-08,0.0,69.09600000000091,-51.75,0.0,68.2460000000009,56.080000000000005
FOLLOW,TRACKING,0.0,0.0,59.737194493047305,-51.74999955873136,2.9730921763119525e-08,0.0,69.09600000000091,-51.75,0.0,68.2460000000009,56.1
FOLLOW,TRACKING,0.0,0.0,59.737194493047305,-51.74999955873136,2.9730921763119525e-08,0.0,69.09600000000091,-51.75,0.0,68.2460000000009,56.120000000000005
FOLLOW,TRACKING,0.0,0.0,59.737194493047305,-51.74999955873136,2.9730921763119525e-08,0.0,69.09600000000091,-51.75,0.0,68.2460000000009,56.14
FOLLOW,TRACKING,0.0,0.0,59.737194493047305,-51.74999955873136,2.9730921763119525e-08,0.0,69.09600000000091,-51.75,0.0,68.2460000000009,56.160000000000004
FOLLOW,TRACKING,0.0,0.0,59.737194493047305,-51.74999955873136,2.9730921763119525e-08,0.0,69.09600000000091,-51.75,0.0,68.2460000000009,56.18000000000001
FOLLOW,TRACKING,0.0,0.0,59.737194493047305,-51.74999955873136,2.9730921763119525e-08,0.0,69.09600000000091,-51.75,0.0,68.2460000000009,56.2
FOLLOW,TRACKING,0.0,0.0,59.737194493047305,-51.74999955873136,2.9730921763119525e-08,0.0,69.09600000000091,-51.75,0.0,68.2460000000009,56.220000000000006
FOLLOW,TRACKING,0.0,0.0,59.737194493047305,-51.74999955873136,2.9730921763119525e-08,0.0,69.09600000000091,-51.75,0.0,68.2460000000009,56.24
FOLLOW,TRACKING,0.0,0.0,59.737194493047305,-51.74999955873136,2.9730921763119525e-08,0.0,69.09600000000091,-51.75,0.0,68.2460000000009,56.260000000000005
FOLLOW,TRACKING,0.0,0.0,59.737194493047305,-51.74999955873136,2.9730921763119525e-08,0.0,69.09600000000091,-51.75,0.0,68.2460000000009,56.28
FOLLOW,TRACKING,0.0,0.0,59.737194493047305,-51.74999955873136,2.9730921763119525e-08,0.0,69.09600000000091,-51.75,0.0,68.2460000000009,56.300000000000004
FOLLOW,TRACKING,0.0,0.0,59.737194493047305,-51.74999955873136,2.9730921763119525e-08,0.0,69.09600000000091,-51.75,0.0,68.2460000000009,56.32
FOLLOW,TRACKING,0.0,0.0,59.737194493047305,-51.74999955873136,2.9730921763119525e-08,0.0,69.09600000000091,-51.75,0.0,68.2460000000009,56.34
FOLLOW,TRACKING,0.0,0.0,59.737194493047305,-51.74999955873136,2.9730921763119525e-08,0.0,69.09600000000091,-51.75,0.0,68.2460000000009,56.36000000000001
FOLLOW,TRACKING,0.0,0.0,59.737194493047305,-51.74999955873136,2.9730921763119525e-08,0.0,69.09600000000091,-51.75,0.0,68.2460000000009,56.38
FOLLOW,TRACKING,0.0,0.0,59.737194493047305,-51.74999955873136,2.9730921763119525e-08,0.0,69.09600000000091,-51.75,0.0,68.2460000000009,56.400000000000006
FOLLOW,TRACKING,0.0,0.0,59.737194493047305,-51.74999955873136,2.9730921763119525e-08,0.0,69.09600000000091,-51.75,0.0,68.2460000000009,56.42100000000001
FOLLOW,TRACKING,0.0,0.0,59.737194493047305,-51.74999955873136,2.9730921763119525e-08,0.0,69.09600000000091,-51.75,0.0,68.2460000000009,56.440000000000005
FOLLOW,TRACKING,0.0,0.0,59.737194493047305,-51.74999955873136,2.9730921763119525e-08,0.0,69.09600000000091,-51.75,0.0,68.2460000000009,56.46
FOLLOW,TRACKING,0.0,0.0,59.737194493047305,-51.74999955873136,2.9730921763119525e-08,0.0,69.09600000000091,-51.75,0.0,68.2460000000009,56.480000000000004
FOLLOW,TRACKING,0.0,0.0,59.737194493047305,-51.74999955873136,2.9730921763119525e-08,0.0,69.09600000000091,-51.75,0.0,68.2460000000009,56.5
FOLLOW,TRACKING,0.0,0.0,59.737194493047305,-51.74999955873136,2.9730921763119525e-08,0.0,69.09600000000091,-51.75,0.0,68.2460000000009,56.521
FOLLOW,TRACKING,0.0,0.0,59.737194493047305,-51.74999955873136,2.9730921763119525e-08,0.0,69.09600000000091,-51.75,0.0,68.2460000000009,56.540000000000006
FOLLOW,TRACKING,0.0,0.0,59.737194493047305,-51.74999955873136,2.9730921763119525e-08,0.0,69.09600000000091,-51.75,0.0,68.2460000000009,56.56
FOLLOW,TRACKING,0.0,0.0,59.737194493047305,-51.74999955873136,2.9730921763119525e-08,0.0,69.09600000000091,-51.75,0.0,68.2460000000009,56.580000000000005
FOLLOW,TRACKING,0.0,0.0,59.737194493047305,-51.74999955873136,2.9730921763119525e-08,0.0,69.09600000000091,-51.75,0.0,68.2460000000009,56.6
FOLLOW,TRACKING,0.0,0.0,59.737194493047305,-51.74999955873136,2.9730921763119525e-08,0.0,69.09600000000091,-51.75,0.0,68.2460000000009,56.620000000000005
FOLLOW,TRACKING,0.0,0.0,59.737194493047305,-51.74999955873136,2.9730921763119525e-08,0.0,69.09600000000091,-51.75,0.0,68.2460000000009,56.64
FOLLOW,TRACKING,0.0,0.0,59.737194493047305,-51.74999955873136,2.9730921763119525e-08,0.0,69.09600000000091,-51.75,0.0,68.2460000000009,56.660000000000004
FOLLOW,TRACKING,0.0,0.0,59.737194493047305,-51.74999955873136,2.9730921763119525e-08,0.0,69.09600000000091,-51.75,0.0,68.2460000000009,56.68000000000001
FOLLOW,TRACKING,0.0,0.0,59.737194493047305,-51.74999955873136,2.9730921763119525e-08,0.0,69.09600000000091,-51.75,0.0,68.2460000000009,56.701
FOLLOW,TRACKING,0.0,0.0,59.737194493047305,-51.74999955873136,2.9730921763119525e-08,0.0,69.09600000000091,-51.75,0.0,68.2460000000009,56.720000000000006
FOLLOW,TRACKING,0.0,0.0,59.737194493047305,-51.74999955873136,2.9730921763119525e-08,0.0,69.09600000000091,-51.75,0.0,68.2460000000009,56.74
FOLLOW,TRACKING,0.0,0.0,59.737194493047305,-51.74999955873136,2.9730921763119525e-08,0.0,69.09600000000091,-51.75,0.0,68.2460000000009,56.760000000000005
FOLLOW,TRACKING,0.0,0.0,59.737194493047305,-51.74999955873136,2.9730921763119525e-08,0.0,69.09600000000091,-51.75,0.0,68.2460000000009,56.78
FOLLOW,TRACKING,0.0,0.0,59.737194493047305,-51.74999955873136,2.9730921763119525e-08,0.0,69.09600000000091,-51.75,0.0,68.2460000000009,56.800000000000004
FOLLOW,TRACKING,0.0,0.0,59.737194493047305,-51.74999955873136,2.9730921763119525e-08,0.0,69.09600000000091,-51.75,0.0,68.2460000000009,56.82
FOLLOW,TRACKING,0.0,0.0,59.737194493047305,-51.74999955873136,2.9730921763119525e-08,0.0,69.09600000000091,-51.75,0.0,68.2460000000009,56.84
FOLLOW,TRACKING,0.0,0.0,59.737194493047305,-51.74999955873136,2.9730921763119525e-08,0.0,69.09600000000091,-51.75,0.0,68.2460000000009,56.86000000000001
FOLLOW,TRACKING,0.0,0.0,59.737194493047305,-51.74999955873136,2.9730921763119525e-08,0.0,69.09600000000091,-51.75,0.0,68.2460000000009,56.88
FOLLOW,TRACKING,0.0,0.0,59.737194493047305,-51.74999955873136,2.9730921763119525e-08,0.0,69.09600000000091,-51.75,0.0,68.2460000000009,56.901
FOLLOW,TRACKING,0.0,0.0,59.737194493047305,-51.74999955873136,2.9730921763119525e-08,0.0,69.09600000000091,-51.75,0.0,68.2460000000009,56.92
FOLLOW,TRACKING,0.0,0.0,59.737194493047305,-51.74999955873136,2.9730921763119525e-08,0.0,69.09600000000091,-51.75,0.0,68.2460000000009,56.940000000000005
FOLLOW,TRACKING,0.0,0.0,59.737194493047305,-51.74999955873136,2.9730921763119525e-08,0.0,69.09600000000091,-51.75,0.0,68.2460000000009,56.96
FOLLOW,TRACKING,0.0,0.0,59.737194493047305,-51.74999955873136,2.9730921763119525e-08,0.0,69.09600000000091,-51.75,0.0,68.2460000000009,56.980000000000004
FOLLOW,TRACKING,0.0,0.0,59.737194493047305,-51.74999955873136,2.9730921763119525e-08,0.0,69.09600000000091,-51.75,0.0,68.2460000000009,57.001000000000005
FOLLOW,TRACKING,0.0,0.0,59.737194493047305,-51.74999955873136,2.9730921763119525e-08,0.0,69.09600000000091,-51.75,0.0,68.2460000000009,57.02
FOLLOW,TRACKING,0.0,0.0,59.737194493047305,-51.74999955873136,2.9730921763119525e-08,0.0,69.09600000000091,-51.75,0.0,68.2460000000009,57.040000000000006
FOLLOW,TRACKING,0.0,0.0,59.737194493047305,-51.74999955873136,2.9730921763119525e-08,0.0,69.09600000000091,-51.75,0.0,68.2460000000009,57.06
FOLLOW,TRACKING,0.0,0.0,59.737194493047305,-51.74999955873136,2.9730921763119525e-08,0.0,69.09600000000091,-51.75,0.0,68.2460000000009,57.080000000000005
FOLLOW,TRACKING,0.0,0.0,59.737194493047305,-51.74999955873136,2.9730921763119525e-08,0.0,69.09600000000091,-51.75,0.0,68.2460000000009,57.1
FOLLOW,TRACKING,0.0,0.0,59.737194493047305,-51.74999955873136,2.9730921763119525e-08,0.0,69.09600000000091,-51.75,0.0,68.2460000000009,57.120000000000005
FOLLOW,TRACKING,0.0,0.0,59.737194493047305,-51.74999955873136,2.9730921763119525e-08,0.0,69.09600000000091,-51.75,0.0,68.2460000000009,57.14
FOLLOW,TRACKING,0.0,0.0,59.737194493047305,-51.74999955873136,2.9730921763119525e-08,0.0,69.09600000000091,-51.75,0.0,68.2460000000009,57.160000000000004
FOLLOW,TRACKING,0.0,0.0,59.737194493047305,-51.74999955873136,2.9730921763119525e-08,0.0,69.09600000000091,-51.75,0.0,68.2460000000009,57.18000000000001
FOLLOW,TRACKING,0.0,0.0,59.737194493047305,-51.74999955873136,2.9730921763119525e-08,0.0,69.09600000000091,-51.75,0.0,68.2460000000009,57.2
FOLLOW,TRACKING,0.0,0.0,59.737194493047305,-51.74999955873136,2.9730921763119525e-08,0.0,69.09600000000091,-51.75,0.0,68.2460000000009,57.220000000000006
FOLLOW,TRACKING,0.0,0.0,59.737194493047305,-51.74999955873136,2.9730921763119525e-08,0.0,69.09600000000091,-51.75,0.0,68.2460000000009,57.24
FOLLOW,TRACKING,0.0,0.0,59.737194493047305,-51.74999955873136,2.9730921763119525e-08,0.0,69.09600000000091,-51.75,0.0,68.2460000000009,57.260000000000005
FOLLOW,TRACKING,0.0,0.0,59.737194493047305,-51.74999955873136,2.9730921763119525e-08,0.0,69.09600000000091,-51.75,0.0,68.2460000000009,57.28
FOLLOW,TRACKING,0.0,0.0,59.737194493047305,-51.74999955873136,2.9730921763119525e-08,0.0,69.09600000000091,-51.75,0.0,68.2460000000009,57.301
FOLLOW,TRACKING,0.0,0.0,59.737194493047305,-51.74999955873136,2.9730921763119525e-08,0.0,69.09600000000091,-51.75,0.0,68.2460000000009,57.32
FOLLOW,TRACKING,0.0,0.0,59.737194493047305,-51.74999955873136,2.9730921763119525e-08,0.0,69.09600000000091,-51.75,0.0,68.2460000000009,57.34
FOLLOW,TRACKING,0.0,0.0,59.737194493047305,-51.74999955873136,2.9730921763119525e-08,0.0,69.09600000000091,-51.75,0.0,68.2460000000009,57.36000000000001
FOLLOW,TRACKING,0.0,0.0,59.737194493047305,-51.74999955873136,2.9730921763119525e-08,0.0,69.09600000000091,-51.75,0.0,68.2460000000009,57.38
FOLLOW,TRACKING,0.0,0.0,59.737194493047305,-51.74999955873136,2.9730921763119525e-08,0.0,69.09600000000091,-51.75,0.0,68.2460000000009,57.400000000000006
FOLLOW,TRACKING,0.0,0.0,59.737194493047305,-51.74999955873136,2.9730921763119525e-08,0.0,69.09600000000091,-51.75,0.0,68.2460000000009,57.42
FOLLOW,TRACKING,0.0,0.0,59.737194493047305,-51.74999955873136,2.9730921763119525e-08,0.0,69.09600000000091,-51.75,0.0,68.2460000000009,57.440000000000005
FOLLOW,TRACKING,0.0,0.0,59.737194493047305,-51.74999955873136,2.9730921763119525e-08,0.0,69.09600000000091,-51.75,0.0,68.2460000000009,57.46
FOLLOW,TRACKING,0.0,0.0,59.737194493047305,-51.74999955873136,2.9730921763119525e-08,0.0,69.09600000000091,-51.75,0.0,68.2460000000009,57.480000000000004
FOLLOW,TRACKING,0.0,0.0,59.737194493047305,-51.74999955873136,2.9730921763119525e-08,0.0,69.09600000000091,-51.75,0.0,68.2460000000009,57.50000000000001
FOLLOW,TRACKING,0.0,0.0,59.737194493047305,-51.74999955873136,2.9730921763119525e-08,0.0,69.09600000000091,-51.75,0.0,68.2460000000009,57.52
FOLLOW,TRACKING,0.0,0.0,59.737194493047305,-51.74999955873136,2.9730921763119525e-08,0.0,69.09600000000091,-51.75,0.0,68.2460000000009,57.540000000000006
FOLLOW,TRACKING,0.0,0.0,59.737194493047305,-51.74999955873136,2.9730921763119525e-08,0.0,69.09600000000091,-51.75,0.0,68.2460000000009,57.56
FOLLOW,TRACKING,0.0,0.0,59.737194493047305,-51.74999955873136,2.9730921763119525e-08,0.0,69.09600000000091,-51.75,0.0,68.2460000000009,57.580000000000005
FOLLOW,TRACKING,0.0,0.0,59.737194493047305,-51.74999955873136,2.9730921763119525e-08,0.0,69.09600000000091,-51.75,0.0,68.2460000000009,57.6
FOLLOW,TRACKING,0.0,0.0,59.737194493047305,-51.74999955873136,2.9730921763119525e-08,0.0,69.09600000000091,-51.75,0.0,68.2460000000009,57.620000000000005
FOLLOW,TRACKING,0.0,0.0,59.737194493047305,-51.74999955873136,2.9730921763119525e-08,0.0,69.09600000000091,-51.75,0.0,68.2460000000009,57.64
FOLLOW,TRACKING,0.0,0.0,59.737194493047305,-51.74999955873136,2.9730921763119525e-08,0.0,69.09600000000091,-51.75,0.0,68.2460000000009,57.660000000000004
FOLLOW,TRACKING,0.0,0.0,59.737194493047305,-51.74999955873136,2.9730921763119525e-08,0.0,69.09600000000091,-51.75,0.0,68.2460000000009,57.68000000000001
FOLLOW,TRACKING,0.0,0.0,59.737194493047305,-51.74999955873136,2.9730921763119525e-08,0.0,69.09600000000091,-51.75,0.0,68.2460000000009,57.7
FOLLOW,TRACKING,0.0,0.0,59.737194493047305,-51.74999955873136,2.9730921763119525e-08,0.0,69.09600000000091,-51.75,0.0,68.2460000000009,57.720000000000006
FOLLOW,TRACKING,0.0,0.0,59.737194493047305,-51.74999955873136,2.9730921763119525e-08,0.0,69.09600000000091,-51.75,0.0,68.2460000000009,57.74
FOLLOW,TRACKING,0.0,0.0,59.737194493047305,-51.74999955873136,2.9730921763119525e-08,0.0,69.09600000000091,-51.75,0.0,68.2460000000009,57.760000000000005
FOLLOW,TRACKING,0.0,0.0,59.737194493047305,-51.74999955873136,2.9730921763119525e-08,0.0,69.09600000000091,-51.75,0.0,68.2460000000009,57.78
FOLLOW,TRACKING,0.0,0.0,59.737194493047305,-51.74999955873136,2.9730921763119525e-08,0.0,69.09600000000091,-51.75,0.0,68.2460000000009,57.800000000000004
FOLLOW,TRACKING,0.0,0.0,59.737194493047305,-51.74999955873136,2.9730921763119525e-08,0.0,69.09600000000091,-51.75,0.0,68.2460000000009,57.82
FOLLOW,TRACKING,0.0,0.0,59.737194493047305,-51.74999955873136,2.9730921763119525e-08,0.0,69.09600000000091,-51.75,0.0,68.2460000000009,57.84
FOLLOW,TRACKING,0.0,0.0,59.737194493047305,-51.74999955873136,2.9730921763119525e-08,0.0,69.09600000000091,-51.75,0.0,68.2460000000009,57.86000000000001
FOLLOW,TRACKING,0.0,0.0,59.737194493047305,-51.74999955873136,2.9730921763119525e-08,0.0,69.09600000000091,-51.75,0.0,68.2460000000009,57.88
FOLLOW,TRACKING,0.0,0.0,59.737194493047305,-51.74999955873136,2.9730921763119525e-08,0.0,69.09600000000091,-51.75,0.0,68.2460000000009,57.900000000000006
FOLLOW,TRACKING,0.0,0.0,59.737194493047305,-51.74999955873136,2.9730921763119525e-08,0.0,69.09600000000091,-51.75,0.0,68.2460000000009,57.92
FOLLOW,TRACKING,0.0,0.0,59.737194493047305,-51.74999955873136,2.9730921763119525e-08,0.0,69.09600000000091,-51.75,0.0,68.2460000000009,57.940000000000005
FOLLOW,TRACKING,0.0,0.0,59.737194493047305,-51.74999955873136,2.9730921763119525e-08,0.0,69.09600000000091,-51.75,0.0,68.2460000000009,57.96
FOLLOW,TRACKING,0.0,0.0,59.737194493047305,-51.74999955873136,2.9730921763119525e-08,0.0,69.09600000000091,-51.75,0.0,68.2460000000009,57.980000000000004
FOLLOW,TRACKING,0.0,0.0,59.737194493047305,-51.74999955873136,2.9730921763119525e-08,0.0,69.09600000000091,-51.75,0.0,68.2460000000009,58.00000000000001
FOLLOW,TRACKING,0.0,0.0,59.737194493047305,-51.74999955873136,2.9730921763119525e-08,0.0,69.09600000000091,-51.75,0.0,68.2460000000009,58.02
FOLLOW,TRACKING,0.0,0.0,59.737194493047305,-51.74999955873136,2.9730921763119525e-08,0.0,69.09600000000091,-51.75,0.0,68.2460000000009,58.040000000000006
FOLLOW,TRACKING,0.0,0.0,59.737194493047305,-51.74999955873136,2.9730921763119525e-08,0.0,69.09600000000091,-51.75,0.0,68.2460000000009,58.06
FOLLOW,TRACKING,0.0,0.0,59.737194493047305,-51.74999955873136,2.9730921763119525e-08,0.0,69.09600000000091,-51.75,0.0,68.2460000000009,58.080000000000005
FOLLOW,TRACKING,0.0,0.0,59.737194493047305,-51.74999955873136,2.9730921763119525e-08,0.0,69.09600000000091,-51.75,0.0,68.2460000000009,58.1
FOLLOW,TRACKING,0.0,0.0,59.737194493047305,-51.74999955873136,2.9730921763119525e-08,0.0,69.09600000000091,-51.75,0.0,68.2460000000009,58.120000000000005
FOLLOW,TRACKING,0.0,0.0,59.737194493047305,-51.74999955873136,2.9730921763119525e-08,0.0,69.09600000000091,-51.75,0.0,68.2460000000009,58.14
FOLLOW,TRACKING,0.0,0.0,59.737194493047305,-51.74999955873136,2.9730921763119525e-08,0.0,69.09600000000091,-51.75,0.0,68.2460000000009,58.160000000000004
FOLLOW,TRACKING,0.0,0.0,59.737194493047305,-51.74999955873136,2.9730921763119525e-08,0.0,69.09600000000091,-51.75,0.0,68.2460000000009,58.18000000000001
FOLLOW,TRACKING,0.0,0.0,59.737194493047305,-51.74999955873136,2.9730921763119525e-08,0.0,69.09600000000091,-51.75,0.0,68.2460000000009,58.2
FOLLOW,TRACKING,0.0,0.0,59.737194493047305,-51.74999955873136,2.9730921763119525e-08,0.0,69.09600000000091,-51.75,0.0,68.2460000000009,58.220000000000006
FOLLOW,TRACKING,0.0,0.0,59.737194493047305,-51.74999955873136,2.9730921763119525e-08,0.0,69.09600000000091,-51.75,0.0,68.2460000000009,58.24
FOLLOW,TRACKING,0.0,0.0,59.737194493047305,-51.74999955873136,2.9730921763119525e-08,0.0,69.09600000000091,-51.75,0.0,68.2460000000009,58.260000000000005
FOLLOW,TRACKING,0.0,0.0,59.737194493047305,-51.74999955873136,2.9730921763119525e-08,0.0,69.09600000000091,-51.75,0.0,68.2460000000009,58.28
FOLLOW,TRACKING,0.0,0.0,59.737194493047305,-51.74999955873136,2.9730921763119525e-08,0.0,69.09600000000091,-51.75,0.0,68.2460000000009,58.300000000000004
FOLLOW,TRACKING,0.0,0.0,59.737194493047305,-51.74999955873136,2.9730921763119525e-08,0.0,69.09600000000091,-51.75,0.0,68.2460000000009,58.32
FOLLOW,TRACKING,0.0,0.0,59.737194493047305,-51.74999955873136,2.9730921763119525e-08,0.0,69.09600000000091,-51.75,0.0,68.2460000000009,58.34
FOLLOW,TRACKING,0.0,0.0,59.737194493047305,-51.74999955873136,2.9730921763119525e-08,0.0,69.09600000000091,-51.75,0.0,68.2460000000009,58.36000000000001
FOLLOW,TRACKING,0.0,0.0,59.737194493047305,-51.74999955873136,2.9730921763119525e-08,0.0,69.09600000000091,-51.75,0.0,68.2460000000009,58.38
FOLLOW,TRACKING,0.0,0.0,59.737194493047305,-51.74999955873136,2.9730921763119525e-08,0.0,69.09600000000091,-51.75,0.0,68.2460000000009,58.400000000000006
FOLLOW,TRACKING,0.0,0.0,59.737194493047305,-51.74999955873136,2.9730921763119525e-08,0.0,69.09600000000091,-51.75,0.0,68.2460000000009,58.42
FOLLOW,TRACKING,0.0,0.0,59.737194493047305,-51.74999955873136,2.9730921763119525e-08,0.0,69.09600000000091,-51.75,0.0,68.2460000000009,58.440000000000005
FOLLOW,TRACKING,0.0,0.0,59.737194493047305,-51.74999955873136,2.9730921763119525e-08,0.0,69.09600000000091,-51.75,0.0,68.2460000000009,58.46
FOLLOW,TRACKING,0.0,0.0,59.737194493047305,-51.74999955873136,2.9730921763119525e-08,0.0,69.09600000000091,-51.75,0.0,68.2460000000009,58.480000000000004
FOLLOW,TRACKING,0.0,0.0,59.737194493047305,-51.74999955873136,2.9730921763119525e-08,0.0,69.09600000000091,-51.75,0.0,68.2460000000009,58.50000000000001
FOLLOW,TRACKING,0.0,0.0,59.737194493047305,-51.74999955873136,2.9730921763119525e-08,0.0,69.09600000000091,-51.75,0.0,68.2460000000009,58.52
FOLLOW,TRACKING,0.0,0.0,59.737194493047305,-51.74999955873136,2.9730921763119525e-08,0.0,69.09600000000091,-51.75,0.0,68.2460000000009,58.541000000000004
FOLLOW,TRACKING,0.0,0.0,59.737194493047305,-51.74999955873136,2.9730921763119525e-08,0.0,69.09600000000091,-51.75,0.0,68.2460000000009,58.56
FOLLOW,TRACKING,0.0,0.0,59.737194493047305,-51.74999955873136,2.9730921763119525e-08,0.0,69.09600000000091,-51.75,0.0,68.2460000000009,58.580000000000005
FOLLOW,TRACKING,0.0,0.0,59.737194493047305,-51.74999955873136,2.9730921763119525e-08,0.0,69.09600000000091,-51.75,0.0,68.2460000000009,58.6
FOLLOW,TRACKING,0.0,0.0,59.737194493047305,-51.74999955873136,2.9730921763119525e-08,0.0,69.09600000000091,-51.75,0.0,68.2460000000009,58.620000000000005
FOLLOW,TRACKING,0.0,0.0,59.737194493047305,-51.74999955873136,2.9730921763119525e-08,0.0,69.09600000000091,-51.75,0.0,68.2460000000009,58.64
FOLLOW,TRACKING,0.0,0.0,59.737194493047305,-51.74999955873136,2.9730921763119525e-08,0.0,69.09600000000091,-51.75,0.0,68.2460000000009,58.660000000000004
FOLLOW,TRACKING,0.0,0.0,59.737194493047305,-51.74999955873136,2.9730921763119525e-08,0.0,69.09600000000091,-51.75,0.0,68.2460000000009,58.68000000000001
FOLLOW,TRACKING,0.0,0.0,59.737194493047305,-51.74999955873136,2.9730921763119525e-08,0.0,69.09600000000091,-51.75,0.0,68.2460000000009,58.701
FOLLOW,TRACKING,0.0,0.0,59.737194493047305,-51.74999955873136,2.9730921763119525e-08,0.0,69.09600000000091,-51.75,0.0,68.2460000000009,58.720000000000006
FOLLOW,TRACKING,0.0,0.0,59.737194493047305,-51.74999955873136,2.9730921763119525e-08,0.0,69.09600000000091,-51.75,0.0,68.2460000000009,58.74
FOLLOW,TRACKING,0.0,0.0,59.737194493047305,-51.74999955873136,2.9730921763119525e-08,0.0,69.09600000000091,-51.75,0.0,68.2460000000009,58.760000000000005
FOLLOW,TRACKING,0.0,0.0,59.737194493047305,-51.74999955873136,2.9730921763119525e-08,0.0,69.09600000000091,-51.75,0.0,68.2460000000009,58.78
FOLLOW,TRACKING,0.0,0.0,59.737194493047305,-51.74999955873136,2.9730921763119525e-08,0.0,69.09600000000091,-51.75,0.0,68.2460000000009,58.801
FOLLOW,TRACKING,0.0,0.0,59.737194493047305,-51.74999955873136,2.9730921763119525e-08,0.0,69.09600000000091,-51.75,0.0,68.2460000000009,58.82
FOLLOW,TRACKING,0.0,0.0,59.737194493047305,-51.74999955873136,2.9730921763119525e-08,0.0,69.09600000000091,-51.75,0.0,68.2460000000009,58.841
FOLLOW,TRACKING,0.0,0.0,59.737194493047305,-51.74999955873136,2.9730921763119525e-08,0.0,69.09600000000091,-51.75,0.0,68.2460000000009,58.86000000000001
FOLLOW,TRACKING,0.0,0.0,59.737194493047305,-51.74999955873136,2.9730921763119525e-08,0.0,69.09600000000091,-51.75,0.0,68.2460000000009,58.88
FOLLOW,TRACKING,0.0,0.0,59.737194493047305,-51.74999955873136,2.9730921763119525e-08,0.0,69.09600000000091,-51.75,0.0,68.2460000000009,58.900000000000006
FOLLOW,TRACKING,0.0,0.0,59.737194493047305,-51.74999955873136,2.9730921763119525e-08,0.0,69.09600000000091,-51.75,0.0,68.2460000000009,58.92
FOLLOW,TRACKING,0.0,0.0,59.737194493047305,-51.74999955873136,2.9730921763119525e-08,0.0,69.09600000000091,-51.75,0.0,68.2460000000009,58.940000000000005
FOLLOW,TRACKING,0.0,0.0,59.737194493047305,-51.74999955873136,2.9730921763119525e-08,0.0,69.09600000000091,-51.75,0.0,68.2460000000009,58.96
FOLLOW,TRACKING,0.0,0.0,59.737194493047305,-51.74999955873136,2.9730921763119525e-08,0.0,69.09600000000091,-51.75,0.0,68.2460000000009,58.980000000000004
FOLLOW,TRACKING,0.0,0.0,59.737194493047305,-51.74999955873136,2.9730921763119525e-08,0.0,69.09600000000091,-51.75,0.0,68.2460000000009,59.00000000000001
FOLLOW,TRACKING,0.0,0.0,59.737194493047305,-51.74999955873136,2.9730921763119525e-08,0.0,69.09600000000091,-51.75,0.0,68.2460000000009,59.02
FOLLOW,TRACKING,0.0,0.0,59.737194493047305,-51.74999955873136,2.9730921763119525e-08,0.0,69.09600000000091,-51.75,0.0,68.2460000000009,59.040000000000006
FOLLOW,TRACKING,0.0,0.0,59.737194493047305,-51.74999955873136,2.9730921763119525e-08,0.0,69.09600000000091,-51.75,0.0,68.2460000000009,59.06100000000001
FOLLOW,TRACKING,0.0,0.0,59.737194493047305,-51.74999955873136,2.9730921763119525e-08,0.0,69.09600000000091,-51.75,0.0,68.2460000000009,59.080000000000005
FOLLOW,TRACKING,0.0,0.0,59.737194493047305,-51.74999955873136,2.9730921763119525e-08,0.0,69.09600000000091,-51.75,0.0,68.2460000000009,59.1
FOLLOW,TRACKING,0.0,0.0,59.737194493047305,-51.74999955873136,2.9730921763119525e-08,0.0,69.09600000000091,-51.75,0.0,68.2460000000009,59.120000000000005
FOLLOW,TRACKING,0.0,0.0,59.737194493047305,-51.74999955873136,2.9730921763119525e-08,0.0,69.09600000000091,-51.75,0.0,68.2460000000009,59.14
FOLLOW,TRACKING,0.0,0.0,59.737194493047305,-51.74999955873136,2.9730921763119525e-08,3.0000000000001137,69.14100000000091,-51.75,0.0,68.2460000000009,59.160000000000004
FOLLOW,TRACKING,0.0,0.0,59.737194493047305,-51.74999955873136,2.9730921763119525e-08,3.0000000000001137,69.20100000000092,-51.75,0.0,68.2460000000009,59.18000000000001
FOLLOW,TRACKING,0.0,0.0,59.737194493047305,-51.74999955873136,2.9730921763119525e-08,3.0000000000001137,69.26100000000092,-51.75,0.0,68.2460000000009,59.2
FOLLOW,TRACKING,0.0,0.0,59.737194493047305,-51.74999955873136,2.9730921763119525e-08,3.0000000000001137,69.32100000000092,-51.75,0.0,68.41100000000091,59.220000000000006
FOLLOW,TRACKING,0.0,0.0,59.737194493047305,-51.74999955873136,2.9730921763119525e-08,3.0000000000001137,69.38100000000092,-51.75,0.0,68.41100000000091,59.24
FOLLOW,TRACKING,0.0,0.0,59.737194493047305,-51.74999955873136,2.9730921763119525e-08,3.0000000000001137,69.44100000000093,-51.75,0.0,68.41100000000091,59.260000000000005
FOLLOW,TRACKING,0.0,0.0,59.737194493047305,-51.74999955873136,2.9730921763119525e-08,3.0000000000001137,69.50100000000093,-51.75,0.0,68.41100000000091,59.28
FOLLOW,TRACKING,0.0,0.0,59.737194493047305,-51.74999955873136,2.9730921763119525e-08,3.0000000000001137,69.62100000000093,-51.75,0.0,68.71100000000092,59.300000000000004
FOLLOW,TRACKING,0.0,0.0,59.737194493047305,-51.74999955873136,2.9730921763119525e-08,3.0000000000001137,69.62100000000093,-51.75,0.0,68.71100000000092,59.32
FOLLOW,TRACKING,0.0,0.0,59.737194493047305,-51.74999955873136,2.9730921763119525e-08,3.0000000000001137,69.68100000000094,-51.75,0.0,68.71100000000092,59.34
FOLLOW,TRACKING,0.0,0.0,59.737194493047305,-51.74999955873136,2.9730921763119525e-08,3.0000000000001137,69.74100000000094,-51.75,0.0,68.71100000000092,59.36000000000001
FOLLOW,TRACKING,0.0,0.0,59.737194493047305,-51.74999955873136,2.9730921763119525e-08,3.0000000000001137,69.80100000000094,-51.75,0.0,68.71100000000092,59.38
FOLLOW,TRACKING,0.0,0.0,59.737194493047305,-51.74999955873136,2.9730921763119525e-08,3.0000000000001137,69.86100000000094,-51.75,0.0,68.71100000000092,59.400000000000006
FOLLOW,TRACKING,0.0,0.0,59.737194493047305,-51.74999955873136,2.9730921763119525e-08,3.0000000000001137,69.92100000000094,-51.75,0.0,69.01100000000093,59.42
FOLLOW,TRACKING,0.0,0.0,59.737194493047305,-51.74999955873136,2.9730921763119525e-08,3.0000000000001137,70.04100000000095,-51.75,0.0,69.01100000000093,59.440000000000005
FOLLOW,TRACKING,0.0,0.0,59.737194493047305,-51.74999955873136,2.9730921763119525e-08,3.0000000000001137,70.10100000000095,-51.75,0.0,69.01100000000093,59.46
FOLLOW,TRACKING,0.0,0.0,59.737194493047305,-51.74999955873136,2.9730921763119525e-08,3.0000000000001137,70.16100000000095,-51.75,0.0,69.01100000000093,59.480000000000004
FOLLOW,TRACKING,0.0,0.0,59.737194493047305,-51.74999955873136,2.9730921763119525e-08,3.0000000000001137,70.22100000000096,-51.75,0.0,69.31100000000094,59.501000000000005
FOLLOW,TRACKING,0.0,0.0,59.737194493047305,-51.74999955873136,2.9730921763119525e-08,3.0000000000001137,70.22100000000096,-51.75,0.0,69.31100000000094,59.52
FOLLOW,TRACKING,0.0,0.0,59.737194493047305,-51.74999955873136,2.9730921763119525e-08,3.0000000000001137,70.28100000000096,-51.75,0.0,69.31100000000094,59.540000000000006
FOLLOW,TRACKING,0.0,0.0,59.737194493047305,-51.74999955873136,2.9730921763119525e-08,3.0000000000001137,70.40100000000096,-51.75,0.0,69.31100000000094,59.56
FOLLOW,TRACKING,0.0,0.0,59.737194493047305,-51.74999955873136,2.9730921763119525e-08,3.0000000000001137,70.40100000000096,-51.75,0.0,69.31100000000094,59.580000000000005
FOLLOW,TRACKING,0.0,0.0,59.737194493047305,-51.74999955873136,2.9730921763119525e-08,3.0000000000001137,70.46100000000096,-51.75,0.0,69.61100000000096,59.6
FOLLOW,TRACKING,0.0,0.0,59.737194493047305,-51.74999955873136,2.9730921763119525e-08,3.0000000000001137,70.52100000000097,-51.75,0.0,69.61100000000096,59.620000000000005
FOLLOW,TRACKING,0.0,0.0,59.737194493047305,-51.74999955873136,2.9730921763119525e-08,3.0000000000001137,70.64100000000097,-51.75,0.0,69.61100000000096,59.64
FOLLOW,TRACKING,0.0,0.009282032301882738,59.737346656157484,-51.74999955872682,2.9731074063055396e-08,3.0000000000001137,70.64100000000097,-51.75,0.0,69.61100000000096,59.660000000000004
FOLLOW,TRACKING,0.0092820323,0.018564064603765477,59.73768445849677,-51.74999955871675,2.9731412022246975e-08,3.0000000000001137,70.70100000000097,-51.75,0.0,69.61100000000096,59.68000000000001
FOLLOW,TRACKING,0.0092820323,0.027846096905648217,59.7382079014821,-51.74999955870114,2.9731935742029893e-08,3.0000000000001137,70.76100000000098,-51.75,0.0,69.61100000000096,59.7
FOLLOW,TRACKING,0.0185640646,0.03693985291164382,59.7389054438615,-51.74999955868036,2.9732633679303693e-08,3.0000000000001137,70.82100000000098,-51.75,0.0,69.91100000000097,59.720000000000006
FOLLOW,TRACKING,0.0278460969,0.04584211681901707,59.73979136808115,-51.749999558654,2.973352013382817e-08,3.0000000000001137,70.88100000000098,-51.75,0.0,69.91100000000097,59.74
FOLLOW,TRACKING,0.0458421168,0.054558160208273435,59.7408527305865,-51.74999955862247,2.9734582163549618e-08,3.0000000000001137,70.94100000000098,-51.75,0.0,69.91100000000097,59.760000000000005
FOLLOW,TRACKING,0.0458421168,0.06308024397583269,59.742085698623704,-51.749999558585806,2.9735815944310826e-08,3.0000000000001137,71.00100000000099,-51.75,0.0,69.91100000000097,59.78
FOLLOW,TRACKING,0.0545581602,0.07140893134049976,59.743486400885104,-51.74999955854414,2.973721761497551e-08,3.0000000000001137,71.06100000000099,-51.75,0.0,69.91100000000097,59.801
FOLLOW,TRACKING,0.0714089313,0.07954490228812007,59.7450509789621,-51.749999558497606,2.97387833311817e-08,3.0000000000001137,71.18100000000099,-51.75,0.0,70.21100000000098,59.82
FOLLOW,TRACKING,0.0795449023,0.0874890556161745,59.74676764695573,-51.749999558446575,2.97405013111438e-08,3.0000000000001137,71.241000000001,-51.75,0.0,70.21100000000098,59.84
FOLLOW,TRACKING,0.0795449023,0.10339773481646833,59.74874400798586,-51.74999955838781,2.974247921667297e-08,3.0000000000001137,71.241000000001,-51.75,0.0,70.21100000000098,59.861000000000004
FOLLOW,TRACKING,0.103498841,0.1192392583739377,59.75103888210763,-51.749999558319594,2.974477599899963e-08,3.0000000000001137,71.361000000001,-51.75,0.0,70.21100000000098,59.881
FOLLOW,TRACKING,0.119321658,0.1348951368143503,59.75364854318573,-51.749999558241974,2.9747387970001276e-08,3.0000000000001137,71.361000000001,-51.75,0.0,70.51100000000099,59.900000000000006
FOLLOW,TRACKING,0.134958978,0.15021671043342624,59.75656779319198,-51.74999955815513,2.975030997878625e-08,3.0000000000001137,71.421000000001,-51.75,0.0,70.51100000000099,59.92
FOLLOW,TRACKING,0.134958978,0.1650058716784031,59.75978779951991,-51.74999955805933,2.9753533239087007e-08,3.0000000000001137,71.481000000001,-51.75,0.0,70.51100000000099,59.940000000000005
FOLLOW,TRACKING,0.150245449,0.1797663590529908,59.76330301559531,-51.74999955795473,2.9757052254313284e-08,3.0000000000001137,71.541000000001,-51.75,0.0,70.51100000000099,59.96
FOLLOW,TRACKING,0.165005936,0.19417589671846264,59.76710993192109,-51.74999955784146,2.9760863574579718e-08,3.0000000000001137,71.60100000000101,-51.75,0.0,70.51100000000099,59.980000000000004
FOLLOW,TRACKING,0.194175943,0.20824029485169154,59.771201587426155,-51.749999557719704,2.976496029620196e-08,3.0000000000001137,71.72100000000101,-51.75,0.0,70.811000000001,60.00000000000001
FOLLOW,TRACKING,0.208240324,0.22160757713365348,59.77555406032345,-51.74999955759018,2.976931853536763e-08,3.0000000000001137,71.72100000000101,-51.75,0.0,70.811000000001,60.02
FOLLOW,TRACKING,0.208240324,0.23497496993556416,59.78018724700733,-51.74999955745225,2.977395828096496e-08,3.0000000000001137,71.78100000000101,-51.75,0.0,70.811000000001,60.040000000000006
FOLLOW,TRACKING,0.23497497,0.25425268045538024,59.78514701663742,-51.749999557304584,2.9778925509811715e-08,3.0000000000001137,71.90100000000102,-51.75,0.0,70.811000000001,60.06
FOLLOW,TRACKING,0.255605093,0.27468544134592326,59.79051741510318,-51.749999557144676,2.9784304546772772e-08,3.0000000000001137,71.90100000000102,-51.75,0.0,70.811000000001,60.080000000000005
FOLLOW,TRACKING,0.275906251,0.2952837176984247,59.796311807153124,-51.74999955697211,2.979010890872552e-08,3.0000000000001137,71.96100000000102,-51.75,0.0,71.11100000000101,60.1
FOLLOW,TRACKING,0.275906251,0.3144637879586299,59.80248268237852,-51.74999955678829,2.979629113757161e-08,3.0000000000001137,72.02100000000102,-51.75,0.0,71.11100000000101,60.120000000000005
FOLLOW,TRACKING,0.315359666,0.3336114913629729,59.809039887077724,-51.74999955659292,2.9802861230472197e-08,3.0000000000001137,72.08100000000103,-51.75,0.0,71.11100000000101,60.14
FOLLOW,TRACKING,0.315359666,0.3525097397414357,59.815976104341495,-51.74999955638618,2.9809811994595645e-08,3.0000000000001137,72.14100000000103,-51.75,0.0,71.11100000000101,60.160000000000004
FOLLOW,TRACKING,0.334362674,0.3705414317792589,59.82326767269423,-51.74999955616882,2.9817119860723954e-08,3.0000000000001137,72.20100000000103,-51.75,0.0,71.11100000000101,60.18000000000001
FOLLOW,TRACKING,0.371592251,0.3890645924698789,59.830941734256456,-51.74999955593998,2.9824812177425355e-08,3.0000000000001137,72.26100000000103,-51.75,0.0,71.41100000000102,60.2
FOLLOW,TRACKING,0.389495458,0.40619456157529055,59.83895262834308,-51.74999955570106,2.9832843322276256e-08,3.0000000000001137,72.32100000000104,-51.75,0.0,71.41100000000102,60.220000000000006
FOLLOW,TRACKING,0.406923144,0.42329246814887267,59.84730877835096,-51.74999955545176,2.984122187781233e-08,3.0000000000001137,72.44100000000104,-51.75,0.0,71.41100000000102,60.24
FOLLOW,TRACKING,0.423879682,0.44463358853121815,59.85606140418329,-51.74999955519056,2.984999931971784e-08,3.0000000000001137,72.44100000000104,-51.75,0.0,71.41100000000102,60.260000000000005
FOLLOW,TRACKING,0.447640755,0.4682132374554727,59.865287437229156,-51.74999955491515,2.9859253022139834e-08,3.0000000000001137,72.56100000000104,-51.75,0.0,71.41100000000102,60.281000000000006
FOLLOW,TRACKING,0.47094821,0.4913411760817611,59.874977824220444,-51.74999955462582,2.9868974119485345e-08,3.0000000000001137,72.56100000000104,-51.75,0.0,71.71100000000104,60.301
FOLLOW,TRACKING,0.47094821,0.513940527999779,59.8851227907864,-51.74999955432278,2.987915301291776e-08,3.0000000000001137,72.68100000000105,-51.75,0.0,71.71100000000104,60.32
FOLLOW,TRACKING,0.516075133,0.5359150764014943,59.89571018600699,-51.74999955400641,2.988977770945588e-08,3.0000000000001137,72.68100000000105,-51.75,0.0,71.71100000000104,60.341
FOLLOW,TRACKING,0.537755853,0.5575796442613524,59.90673103410512,-51.749999553676986,2.990083939102735e-08,3.0000000000001137,72.74100000000105,-51.75,0.0,71.71100000000104,60.36000000000001
FOLLOW,TRACKING,0.537755853,0.5789388480835101,59.918181958366844,-51.74999955333459,2.991233485451205e-08,3.0000000000001137,72.80100000000105,-51.75,0.0,71.71100000000104,60.38
FOLLOW,TRACKING,0.580474202,0.5996721651918336,59.9300509151616,-51.749999552979574,2.992425218626604e-08,3.0000000000001137,72.86100000000106,-51.75,0.0,72.01100000000105,60.400000000000006
FOLLOW,TRACKING,0.580474202,0.6198225873518483,59.94232634817535,-51.74999955261225,2.993657993917414e-08,3.0000000000001137,72.92100000000106,-51.75,0.0,72.01100000000105,60.42100000000001
FOLLOW,TRACKING,0.600971401,0.6410213548925016,59.95499946150887,-51.74999955223287,2.994930938455898e-08,3.0000000000001137,73.04100000000106,-51.75,0.0,72.01100000000105,60.440000000000005
FOLLOW,TRACKING,0.646705279,0.6680675893029787,59.96821468331378,-51.74999955183709,2.996258578768207e-08,3.0000000000001137,73.04100000000106,-51.75,0.0,72.01100000000105,60.46
FOLLOW,TRACKING,0.646705279,0.6925724167572868,59.98191960104838,-51.74999955142646,2.997635667350082e-08,3.0000000000001137,73.10100000000106,-51.75,0.0,72.01100000000105,60.480000000000004
FOLLOW,TRACKING,0.672519968,0.718813081946479,59.99615308090015,-51.74999955099979,2.9990661240522e-08,3.0000000000001137,73.16100000000107,-51.75,0.0,72.01100000000105,60.501000000000005
FOLLOW,TRACKING,0.697785591,0.7421528512104205,60.010852394416695,-51.74999955055895,3.000543656402073e-08,3.0000000000001137,73.22100000000107,-51.75,0.0,72.31100000000106,60.52
FOLLOW,TRACKING,0.7462936,0.7668391513163899,60.026051215053435,-51.749999550102906,3.0020716567785604e-08,3.0000000000001137,73.28100000000107,-51.75,0.0,72.31100000000106,60.540000000000006
FOLLOW,TRACKING,0.7462936,0.7901262279609969,60.041715307645944,-51.74999954963265,3.003646687267355e-08,3.0000000000001137,73.34100000000107,-51.75,0.0,72.31100000000106,60.56
FOLLOW,TRACKING,0.769533719,0.8129142696496674,60.057840855936945,-51.749999549148285,3.0052683644697905e-08,3.0000000000001137,73.40100000000108,-51.75,0.0,72.31100000000106,60.580000000000005
FOLLOW,TRACKING,0.792891247,0.8349611857575214,60.07440734255009,-51.74999954865041,3.006934619537338e-08,3.0000000000001137,73.46100000000108,-51.75,0.0,72.31100000000106,60.6
FOLLOW,TRACKING,0.814938163,0.8563326277261754,60.091408012743976,-51.74999954813921,3.008644763614303e-08,3.0000000000001137,73.52100000000108,-51.75,0.0,72.61100000000107,60.620000000000005
FOLLOW,TRACKING,0.857731609,0.8770791572175087,60.1088236135277,-51.74999954761523,3.0103968439656064e-08,3.0000000000001137,73.64100000000109,-51.75,0.0,72.61100000000107,60.64
FOLLOW,TRACKING,0.878478138,0.9000758263916,60.12667664629807,-51.749999547077785,3.0121931008226375e-08,3.0000000000001137,73.64100000000109,-51.75,0.0,72.61100000000107,60.660000000000004
FOLLOW,TRACKING,0.878478138,0.9269453772574823,60.1450682933476,-51.74999954652379,3.0140436940606137e-08,3.0000000000001137,73.70100000000109,-51.75,0.0,72.61100000000107,60.68000000000001
FOLLOW,TRACKING,0.931850105,0.9532021030125295,60.16398630855836,-51.749999545953564,3.015947362127135e-08,3.0000000000001137,73.76100000000109,-51.75,0.0,72.61100000000107,60.7
FOLLOW,TRACKING,0.957613216,0.9786090967395469,60.183416024808515,-51.749999545367565,3.0179025918535624e-08,3.0000000000001137,73.8810000000011,-51.75,0.0,72.91100000000108,60.720000000000006
FOLLOW,TRACKING,0.957613216,1.0030329727904077,60.20333486117349,-51.7499995447664,3.019907065631567e-08,3.0000000000001137,73.8810000000011,-51.75,0.0,72.91100000000108,60.74
FOLLOW,TRACKING,0.982101351,1.02739032166852,60.223740010038625,-51.74999954415016,3.0219604474638295e-08,3.0000000000001137,73.9410000000011,-51.75,0.0,72.91100000000108,60.760000000000005
FOLLOW,TRACKING,1.03092736,1.0517117422260471,60.244633894184275,-51.74999954351872,3.024062921493858e-08,3.0000000000001137,74.0010000000011,-51.75,0.0,72.91100000000108,60.78
FOLLOW,TRACKING,1.05476463,1.0752623606848035,60.26600165723726,-51.74999954287251,3.026212923984247e-08,3.0000000000001137,74.1210000000011,-51.75,0.0,73.21100000000109,60.800000000000004
FOLLOW,TRACKING,1.07788518,1.0980807618992119,60.2878288097673,-51.749999542211924,3.0284089211100476e-08,3.0000000000001137,74.1210000000011,-51.75,0.0,73.21100000000109,60.82
FOLLOW,TRACKING,1.07788518,1.1201126547192077,60.31010020195,-51.7499995415374,3.030649305602925e-08,3.0000000000001137,74.1810000000011,-51.75,0.0,73.21100000000109,60.84
FOLLOW,TRACKING,1.12194889,1.1436234135025816,60.332823418118764,-51.74999954084867,3.0329347463219086e-08,3.0000000000001137,74.24100000000111,-51.75,0.0,73.21100000000109,60.86000000000001
FOLLOW,TRACKING,1.14970138,1.1713071613939976,60.356100996616924,-51.749999540142596,3.035275459710744e-08,3.0000000000001137,74.30100000000111,-51.75,0.0,73.21100000000109,60.88
FOLLOW,TRACKING,1.17676614,1.198242687463136,60.379918578008514,-51.74999953941957,3.0376698909623386e-08,3.0000000000001137,74.42100000000111,-51.75,0.0,73.5110000000011,60.901
FOLLOW,TRACKING,1.20315216,1.2244675703726673,60.40426226845814,-51.74999953867997,3.040116525268965e-08,3.0000000000001137,74.48100000000112,-51.75,0.0,73.5110000000011,60.92
FOLLOW,TRACKING,1.20315216,1.2498160787068004,60.4291152451689,-51.74999953792428,3.0426135479685866e-08,3.0000000000001137,74.48100000000112,-51.75,0.0,73.5110000000011,60.940000000000005
FOLLOW,TRACKING,1.25351352,1.2747290021252413,60.45446516356149,-51.749999537152824,3.045159590479578e-08,3.0000000000001137,74.60100000000112,-51.75,0.0,73.5110000000011,60.961000000000006
FOLLOW,TRACKING,1.27873377,1.2997155181089683,60.4803171495952,-51.7499995363654,3.0477550359834405e-08,3.0000000000001137,74.66100000000112,-51.75,0.0,73.5110000000011,60.980000000000004
FOLLOW,TRACKING,1.30317478,1.3238928506297045,60.506655319041236,-51.749999535562466,3.050398155620183e-08,3.0000000000001137,74.66100000000112,-51.75,0.0,73.81100000000112,61.001000000000005
FOLLOW,TRACKING,1.32684625,1.3472505545294668,60.533463780207164,-51.749999534744475,3.05308722157144e-08,3.0000000000001137,74.72100000000113,-51.75,0.0,73.81100000000112,61.02
FOLLOW,TRACKING,1.32684625,1.3697886374366421,60.56072649177956,-51.74999953391186,3.055820494751939e-08,3.0000000000001137,74.78100000000113,-51.75,0.0,73.81100000000112,61.040000000000006
FOLLOW,TRACKING,1.37184494,1.3921819494086667,60.588434253847424,-51.74999953306488,3.0585969269932486e-08,3.0000000000001137,74.84100000000113,-51.75,0.0,73.81100000000112,61.06
FOLLOW,TRACKING,1.37184494,1.4145462486553133,60.616592845760046,-51.749999532203304,3.0614169780713076e-08,3.0000000000001137,74.90100000000113,-51.75,0.0,73.81100000000112,61.080000000000005
FOLLOW,TRACKING,1.41652973,1.4361409371979055,60.64518704555381,-51.74999953132756,3.064279012016706e-08,3.0000000000001137,75.02100000000114,-51.75,0.0,74.11100000000113,61.101000000000006
FOLLOW,TRACKING,1.43775293,1.4569300181733529,60.674201368175865,-51.749999530438096,3.0671813795683714e-08,3.0000000000001137,75.08100000000114,-51.75,0.0,74.11100000000113,61.120000000000005
FOLLOW,TRACKING,1.43775293,1.4769414841175892,60.703620429479145,-51.74999952953534,3.07012245681812e-08,3.0000000000001137,75.08100000000114,-51.75,0.0,74.11100000000113,61.14
FOLLOW,TRACKING,1.47792611,1.4996753477838358,60.73346393719905,-51.749999528618645,3.0731041376832017e-08,3.0000000000001137,75.20100000000114,-51.75,0.0,74.11100000000113,61.160000000000004
FOLLOW,TRACKING,1.47792611,1.5296753477834106,60.76390744415472,-51.74999952768258,3.076143894779268e-08,3.0000000000001137,75.20100000000114,-51.75,0.0,74.11100000000113,61.18000000000001
FOLLOW,TRACKING,1.53642611,1.5596753477829854,60.79495095111039,-51.749999526727095,3.0792416599888594e-08,3.0000000000001137,75.32100000000115,-51.75,0.0,74.41100000000114,61.2
FOLLOW,TRACKING,1.56642611,1.5881753477835052,60.826565958829896,-51.749999525753,3.082394546939008e-08,3.0000000000001137,75.32100000000115,-51.75,0.0,74.41100000000114,61.220000000000006
FOLLOW,TRACKING,1.56642611,1.61817534778308,60.85877946578556,-51.749999524759424,3.085605227436964e-08,3.0000000000001137,75.38100000000115,-51.75,0.0,74.41100000000114,61.24
FOLLOW,TRACKING,1.62492611,1.6481753477833654,60.89159297274123,-51.74999952374625,3.088873859834547e-08,3.0000000000001137,75.44100000000115,-51.75,0.0,74.41100000000114,61.260000000000005
FOLLOW,TRACKING,1.62492611,1.6781753477836507,60.9250064796969,-51.749999522713416,3.092200484788044e-08,3.0000000000001137,75.50100000000116,-51.75,0.0,74.41100000000114,61.28
FOLLOW,TRACKING,1.65492611,1.7081753477832256,60.959019986652564,-51.749999521660875,3.095585176638604e-08,3.0000000000001137,75.56100000000116,-51.75,0.0,74.41100000000114,61.300000000000004
FOLLOW,TRACKING,1.71492611,1.738175347783511,60.99363349360823,-51.74999952058859,3.099028048182229e-08,3.0000000000001137,75.62100000000116,-51.75,0.0,74.71100000000115,61.32
FOLLOW,TRACKING,1.74492611,1.7681753477830857,61.02884700056389,-51.74999951949641,3.102529251286258e-08,3.0000000000001137,75.74100000000116,-51.75,0.0,74.71100000000115,61.34
FOLLOW,TRACKING,1.74492611,1.798175347783371,61.064660507519555,-51.74999951838434,3.106088977137533e-08,3.0000000000001137,75.74100000000116,-51.75,0.0,74.71100000000115,61.36000000000001
FOLLOW,TRACKING,1.77492611,1.8281753477829459,61.101074014475216,-51.74999951725238,3.1097074604467375e-08,3.0000000000001137,75.80100000000117,-51.75,0.0,74.71100000000115,61.38
FOLLOW,TRACKING,1.83492611,1.8581753477839418,61.13808752143089,-51.7499995161004,3.113384974878838e-08,3.0000000000001137,75.86100000000117,-51.75,0.0,75.01100000000116,61.400000000000006
FOLLOW,TRACKING,1.86492611,1.8881753477835166,61.17570102838656,-51.74999951492835,3.117121832446984e-08,3.0000000000001137,75.98100000000117,-51.75,0.0,75.01100000000116,61.42100000000001
FOLLOW,TRACKING,1.89492611,1.9181753477830914,61.21391453534223,-51.74999951373617,3.1209183849044115e-08,3.0000000000001137,75.98100000000117,-51.75,0.0,75.01100000000116,61.440000000000005
FOLLOW,TRACKING,1.89492611,1.9481753477833768,61.252728042297896,-51.749999512523786,3.124775016364923e-08,3.0000000000001137,76.04100000000118,-51.75,0.0,75.01100000000116,61.46
FOLLOW,TRACKING,1.95492611,1.978175347783662,61.292141549253564,-51.74999951129115,3.128692137822277e-08,3.0000000000001137,76.10100000000118,-51.75,0.0,75.01100000000116,61.480000000000004
FOLLOW,TRACKING,1.95492611,2.008175347783237,61.33215505620923,-51.74999951003818,3.132670184398859e-08,3.0000000000001137,76.16100000000118,-51.75,0.0,75.01100000000116,61.50000000000001
FOLLOW,TRACKING,2.01492611,2.0381753477835223,61.372768563164904,-51.74999950876482,3.136709604996726e-08,3.0000000000001137,76.22100000000118,-51.75,0.0,75.31100000000117,61.52
FOLLOW,TRACKING,2.04492611,2.0681753477838076,61.41398207012057,-51.749999507471,3.14081085512411e-08,3.0000000000001137,76.34100000000119,-51.75,0.0,75.31100000000117,61.540000000000006
FOLLOW,TRACKING,2.07492611,2.0981753477833824,61.45579557707624,-51.74999950615666,3.1449743858792856e-08,3.0000000000001137,76.34100000000119,-51.75,0.0,75.31100000000117,61.56
FOLLOW,TRACKING,2.07492611,2.128175347783668,61.49820908403191,-51.749999504821716,3.1492006335685626e-08,3.0000000000001137,76.40100000000119,-51.75,0.0,75.31100000000117,61.580000000000005
FOLLOW,TRACKING,2.10492611,2.158175347783953,61.54122259098759,-51.7499995034661,3.153490006424706e-08,3.0000000000001137,76.5210000000012,-51.75,0.0,75.61100000000118,61.6
FOLLOW,TRACKING,2.16492611,2.1881753477828174,61.584836097943246,-51.74999950208974,3.157842874277657e-08,3.0000000000001137,76.5210000000012,-51.75,0.0,75.61100000000118,61.620000000000005
FOLLOW,TRACKING,2.16492611,2.2181753477831028,61.62904960489892,-51.749999500692574,3.162259554037786e-08,3.0000000000001137,76.5810000000012,-51.75,0.0,75.61100000000118,61.64
FOLLOW,TRACKING,2.22492611,2.248175347783388,61.67386311185458,-51.749999499274494,3.166740296174667e-08,3.0000000000001137,76.6410000000012,-51.75,0.0,75.61100000000118,61.660000000000004
FOLLOW,TRACKING,2.22492611,2.278175347782963,61.71927661881024,-51.74999949783543,3.1712852733858645e-08,3.0000000000001137,76.7010000000012,-51.75,0.0,75.61100000000118,61.68000000000001
FOLLOW,TRACKING,2.25492611,2.3081753477832483,61.765290125765915,-51.74999949637531,3.175894570575877e-08,3.0000000000001137,76.7610000000012,-51.75,0.0,75.61100000000118,61.7
FOLLOW,TRACKING,2.31492611,2.338175347784244,61.81190363272159,-51.74999949489405,3.1805681692982563e-08,3.0000000000001137,76.88100000000121,-51.75,0.0,75.9110000000012,61.720000000000006
FOLLOW,TRACKING,2.34492611,2.3681753332724047,61.85911713950881,-51.74999949339233,3.185364670026768e-08,3.0000000000001137,76.88100000000121,-51.75,0.0,75.9110000000012,61.74
FOLLOW,TRACKING,2.34492611,2.398175314837659,61.90693064588243,-51.74999949187119,3.1903692984042624e-08,3.0000000000001137,76.94100000000121,-51.75,0.0,75.9110000000012,61.760000000000005
FOLLOW,TRACKING,2.37492611,2.4281753090022566,61.95534415207571,-51.74999949032935,3.195499966558545e-08,3.0000000000001137,77.00100000000121,-51.75,0.0,75.9110000000012,61.78
FOLLOW,TRACKING,2.43492611,2.458175316741063,62.00435765835511,-51.74999948876546,3.200664110963193e-08,3.0000000000001137,77.06100000000121,-51.75,0.0,75.9110000000012,61.800000000000004
FOLLOW,TRACKING,2.43492611,2.4881753381940546,62.05397116499441,-51.74999948717818,3.20576529334312e-08,3.0000000000001137,77.12100000000122,-51.75,0.0,76.2110000000012,61.82000000000001
FOLLOW,TRACKING,2.46492611,2.5181753477838247,62.10418467194867,-51.74999948556768,3.210818491289944e-08,3.0000000000001137,77.18100000000122,-51.75,0.0,76.2110000000012,61.84
FOLLOW,TRACKING,2.52492611,2.5481753477834,62.154998178904336,-51.74999948393534,3.2159322192724586e-08,3.0000000000001137,77.30100000000122,-51.75,0.0,76.2110000000012,61.861000000000004
FOLLOW,TRACKING,2.55492611,2.578175347782264,62.20641168586,-51.74999948228108,3.2211060969893775e-08,3.0000000000001137,77.30100000000122,-51.75,0.0,76.2110000000012,61.88
FOLLOW,TRACKING,2.55492611,2.6081753477839706,62.25842519281567,-51.74999948060479,3.226339198860528e-08,3.0000000000001137,77.36100000000123,-51.75,0.0,76.2110000000012,61.900000000000006
FOLLOW,TRACKING,2.61492611,2.6381753477835455,62.31103869977134,-51.74999947890638,3.2316305668622944e-08,3.0000000000001137,77.42100000000123,-51.75,0.0,76.51100000000122,61.92
FOLLOW,TRACKING,2.61492611,2.6681753477824097,62.364252206726995,-51.749999477185725,3.236979241241214e-08,3.0000000000001137,77.48100000000123,-51.75,0.0,76.51100000000122,61.940000000000005
FOLLOW,TRACKING,2.67492611,2.6981753477834056,62.418065713682665,-51.74999947544273,3.242384291406196e-08,3.0000000000001137,77.60100000000124,-51.75,0.0,76.51100000000122,61.96
FOLLOW,TRACKING,2.67492611,2.728175347783691,62.47247922063833,-51.74999947367726,3.247844847413425e-08,3.0000000000001137,77.60100000000124,-51.75,0.0,76.51100000000122,61.980000000000004
FOLLOW,TRACKING,2.70492611,2.758175347783266,62.527492727594,-51.749999471889254,3.25336013886496e-08,3.0000000000001137,77.66100000000124,-51.75,0.0,76.51100000000122,62.00000000000001
FOLLOW,TRACKING,2.76492611,2.786675347783075,62.58307923531351,-51.7499994700794,3.2589268258300614e-08,3.0000000000001137,77.78100000000124,-51.75,0.0,76.81100000000123,62.02
FOLLOW,TRACKING,2.76492611,2.816675347784071,62.63926274226918,-51.74999946824691,3.264546841361832e-08,3.0000000000001137,77.78100000000124,-51.75,0.0,76.81100000000123,62.040000000000006
FOLLOW,TRACKING,2.82342611,2.846675347782935,62.69604624922484,-51.74999946639159,3.2702202095360765e-08,3.0000000000001137,77.90100000000125,-51.75,0.0,76.81100000000123,62.06100000000001
FOLLOW,TRACKING,2.82342611,2.8766753258629776,62.75342975594362,-51.7499994645122,3.275864278408058e-08,3.0000000000001137,77.90100000000125,-51.75,0.0,76.81100000000123,62.080000000000005
FOLLOW,TRACKING,2.85342611,2.9066752343780435,62.811413261203526,-51.749999462607086,3.2813566512203066e-08,3.0000000000001137,77.96100000000125,-51.75,0.0,76.81100000000123,62.101000000000006
FOLLOW,TRACKING,2.91342611,2.9366751661967796,62.86999676478263,-51.74999946067854,3.2868686364583356e-08,3.0000000000001137,78.08100000000125,-51.75,0.0,77.11100000000124,62.120000000000005
FOLLOW,TRACKING,2.94342611,2.966675168693912,62.929180268053365,-51.749999458726876,3.292430485865352e-08,3.0000000000001137,78.08100000000125,-51.75,0.0,77.11100000000124,62.14
FOLLOW,TRACKING,2.94342611,2.9966752445552927,62.98896377247297,-51.74999945675242,3.298071903493022e-08,3.0000000000001137,78.14100000000126,-51.75,0.0,77.11100000000124,62.160000000000004
FOLLOW,TRACKING,2.97342611,3.0266753339851973,63.04934727884538,-51.74999945475643,3.3038990681473494e-08,3.0000000000001137,78.20100000000126,-51.75,0.0,77.11100000000124,62.18000000000001
FOLLOW,TRACKING,3.00342611,3.0566753477828015,63.110330785801054,-51.74999945273931,3.3099577851170325e-08,3.0000000000001137,78.26100000000126,-51.75,0.0,77.11100000000124,62.2
FOLLOW,TRACKING,3.06342611,3.086675347784508,63.17191429275673,-51.7499994506986,3.3160759527771606e-08,3.0000000000001137,78.32100000000126,-51.75,0.0,77.41100000000125,62.220000000000006
FOLLOW,TRACKING,3.09342611,3.116675347783372,63.2340977997124,-51.749999448634206,3.3222551494847836e-08,3.0000000000001137,78.38100000000126,-51.75,0.0,77.41100000000125,62.24
FOLLOW,TRACKING,3.09342611,3.146675347782947,63.29688130666808,-51.749999446546035,3.328496986980864e-08,3.0000000000001137,78.44100000000127,-51.75,0.0,77.41100000000125,62.260000000000005
FOLLOW,TRACKING,3.12342611,3.176675347783943,63.36026481362375,-51.749999444433996,3.334803042700424e-08,3.0000000000001137,78.50100000000127,-51.75,0.0,77.41100000000125,62.28
FOLLOW,TRACKING,3.15342611,3.2066753477835173,63.424248320579416,-51.74999944229799,3.341174787826745e-08,3.0000000000001137,78.56100000000127,-51.75,0.0,77.41100000000125,62.300000000000004
FOLLOW,TRACKING,3.18342611,3.236675347783092,63.48883182753508,-51.74999944013792,3.347613513808958e-08,3.0000000000001137,78.62100000000127,-51.75,0.0,77.71100000000126,62.32000000000001
FOLLOW,TRACKING,3.24342611,3.2666753477833774,63.55401533449075,-51.74999943795367,3.35412026117659e-08,3.0000000000001137,78.68100000000128,-51.75,0.0,77.71100000000126,62.341
FOLLOW,TRACKING,3.27342611,3.296675347783663,63.61979884144642,-51.74999943574512,3.360695751552111e-08,3.0000000000001137,78.74100000000128,-51.75,0.0,77.71100000000126,62.361000000000004
FOLLOW,TRACKING,3.30342611,3.3266752951760745,63.68618234779896,-51.749999433514255,3.367495890574616e-08,3.0000000000001137,78.80100000000128,-51.75,0.0,77.71100000000126,62.38100000000001
FOLLOW,TRACKING,3.30342611,3.356675118620701,63.753165850988026,-51.74999943126106,3.374541649579528e-08,3.0000000000001137,78.86100000000128,-51.75,0.0,77.71100000000126,62.400000000000006
FOLLOW,TRACKING,3.36342611,3.3866750253757525,63.82074935184105,-51.749999428983536,3.3817001776912934e-08,3.0000000000001137,78.92100000000129,-51.75,0.0,78.01100000000127,62.42
FOLLOW,TRACKING,3.39342611,3.41667503176524,63.88893285231664,-51.74999942668099,3.3889318182966775e-08,3.0000000000001137,78.98100000000129,-51.75,0.0,78.01100000000127,62.440000000000005
FOLLOW,TRACKING,3.39342611,3.446675140986602,63.95771635446161,-51.74999942435278,3.396194878214296e-08,3.0000000000001137,79.04100000000129,-51.75,0.0,78.01100000000127,62.46
FOLLOW,TRACKING,3.45342611,3.4766753203875593,64.02709986000264,-51.749999421997764,3.40341249767956e-08,3.0000000000001137,79.10100000000129,-51.75,0.0,78.01100000000127,62.480000000000004
FOLLOW,TRACKING,3.45342611,3.5066753477821093,64.0970833669532,-51.749999419614205,3.410457177272135e-08,3.0000000000001137,79.1610000000013,-51.75,0.0,78.01100000000127,62.50000000000001
FOLLOW,TRACKING,3.48342611,3.536675347783105,64.16766687390887,-51.74999941720522,3.4175602696845714e-08,3.0000000000001137,79.2210000000013,-51.75,0.0,78.31100000000129,62.52
FOLLOW,TRACKING,3.54342611,3.5666753477841007,64.23885038086453,-51.74999941477063,3.4247211846773775e-08,3.0000000000001137,79.2810000000013,-51.75,0.0,78.31100000000129,62.540000000000006
FOLLOW,TRACKING,3.54342611,3.5966753477822544,64.31063388782019,-51.74999941231029,3.4319375656355264e-08,3.0000000000001137,79.3410000000013,-51.75,0.0,78.31100000000129,62.56
FOLLOW,TRACKING,3.60342611,3.6266753477832503,64.38301739477586,-51.749999409824035,3.4392072106179945e-08,3.0000000000001137,79.4610000000013,-51.75,0.0,78.31100000000129,62.580000000000005
FOLLOW,TRACKING,3.63342611,3.656675347784246,64.45600090173153,-51.74999940731174,3.446528194029264e-08,3.0000000000001137,79.4610000000013,-51.75,0.0,78.6110000000013,62.6
FOLLOW,TRACKING,3.66342611,3.6866753477824004,64.52958440868719,-51.74999940477325,3.453899001748531e-08,3.0000000000001137,79.52100000000131,-51.75,0.0,78.6110000000013,62.620000000000005
FOLLOW,TRACKING,3.66342611,3.7166753163631965,64.6037679153273,-51.74999940220716,3.461224551092262e-08,3.0000000000001137,79.58100000000131,-51.75,0.0,78.6110000000013,62.64
FOLLOW,TRACKING,3.69342611,3.746675075144881,64.67855141806311,-51.749999399611426,3.46835019107892e-08,3.0000000000001137,79.64100000000131,-51.75,0.0,78.6110000000013,62.660000000000004
FOLLOW,TRACKING,3.75342611,3.7766749171382257,64.75393491704178,-51.749999396988414,3.4754527592329294e-08,3.0000000000001137,79.70100000000132,-51.75,0.0,78.6110000000013,62.681000000000004
FOLLOW,TRACKING,3.75342611,3.8066748878577554,64.82991841477872,-51.74999939433875,3.482583026757173e-08,3.0000000000001137,79.82100000000132,-51.75,0.0,78.91100000000131,62.701
FOLLOW,TRACKING,3.78342611,3.8366749933715054,64.90650191394957,-51.749999391663,3.489795429936163e-08,3.0000000000001137,79.82100000000132,-51.75,0.0,78.91100000000131,62.720000000000006
FOLLOW,TRACKING,3.81342611,3.8666752313247366,64.98368541722574,-51.7499993889618,3.4971447756531265e-08,3.0000000000001137,79.88100000000132,-51.75,0.0,78.91100000000131,62.74
FOLLOW,TRACKING,3.84342611,3.8966753477836873,65.06146892403818,-51.749999386237434,3.5048227074191987e-08,3.0000000000001137,79.94100000000132,-51.75,0.0,78.91100000000131,62.760000000000005
FOLLOW,TRACKING,3.90342611,3.9266753477846814,65.13985243099386,-51.74999938348665,3.512609990815589e-08,3.0000000000001137,80.00100000000133,-51.75,0.0,78.91100000000131,62.78
FOLLOW,TRACKING,3.93342611,3.956675347782835,65.21883593794952,-51.749999380708694,3.5204599366247025e-08,3.0000000000001137,80.12100000000133,-51.75,0.0,78.91100000000131,62.800000000000004
FOLLOW,TRACKING,3.93342611,3.98667534778241,65.29841944490519,-51.749999377903436,3.528375727910625e-08,3.0000000000001137,80.18100000000133,-51.75,0.0,79.21100000000132,62.82000000000001
FOLLOW,TRACKING,3.99342611,4.016675347783406,65.37860295186086,-51.749999375070765,3.536360281967233e-08,3.0000000000001137,80.18100000000133,-51.75,0.0,79.21100000000132,62.84
FOLLOW,TRACKING,4.02342611,4.046675347782981,65.45938645881651,-51.74999937221058,3.544416030450581e-08,3.0000000000001137,80.30100000000134,-51.75,0.0,79.21100000000132,62.86000000000001
FOLLOW,TRACKING,4.05342611,4.076675319828383,65.54076996549263,-51.74999936932383,3.552625082387337e-08,3.0000000000001137,80.30100000000134,-51.75,0.0,79.21100000000132,62.88
FOLLOW,TRACKING,4.05342611,4.106675013704831,65.62275346735255,-51.74999936641289,3.5611890572528633e-08,3.0000000000001137,80.36100000000134,-51.75,0.0,79.51100000000133,62.900000000000006
FOLLOW,TRACKING,4.08342611,4.13667480598008,65.70533696431896,-51.74999936347491,3.569920590773865e-08,3.0000000000001137,80.42100000000134,-51.75,0.0,79.51100000000133,62.92
FOLLOW,TRACKING,4.14342611,4.166674759451896,65.78852045953094,-51.74999936050883,3.578756488860301e-08,3.0000000000001137,80.54100000000135,-51.75,0.0,79.51100000000133,62.940000000000005
FOLLOW,TRACKING,4.17342611,4.196674882584263,65.87230395635456,-51.74999935751356,3.587628307973685e-08,3.0000000000001137,80.54100000000135,-51.75,0.0,79.51100000000133,62.96
FOLLOW,TRACKING,4.20342611,4.226675171165086,65.95668745813568,-51.749999354488054,3.596467359974734e-08,3.0000000000001137,80.60100000000135,-51.75,0.0,79.51100000000133,62.980000000000004
FOLLOW,TRACKING,4.20342611,4.256144972059419,66.04166120572476,-51.749999351429956,3.605073256369225e-08,3.0000000000001137,80.66100000000135,-51.75,0.0,79.51100000000133,63.001000000000005
FOLLOW,TRACKING,4.26213202,4.283736480367397,66.12718738388116,-51.74999934834389,3.613680068573364e-08,3.0000000000001137,80.72100000000135,-51.75,0.0,79.81100000000134,63.021
FOLLOW,TRACKING,4.2891835,4.297411968991584,66.21310874825971,-51.7499993452361,3.622322437760296e-08,3.0000000000001137,80.78100000000136,-51.75,0.0,79.81100000000134,63.041000000000004
FOLLOW,TRACKING,4.29741197,4.305640437493709,66.29917822507139,-51.7499993421154,3.63097157193949e-08,3.0000000000001137,80.90100000000136,-51.75,0.0,79.81100000000134,63.06
FOLLOW,TRACKING,4.29741197,4.313059328069359,66.38541731340197,-51.74999933898094,3.639626294263279e-08,3.0000000000001137,80.96100000000136,-51.75,0.0,79.81100000000134,63.080000000000005
FOLLOW,TRACKING,4.31305933,4.320043201772707,66.4717982545125,-51.749999335833664,3.6482813346414836e-08,3.0000000000001137,81.02100000000137,-51.75,0.0,80.11100000000135,63.1
FOLLOW,TRACKING,4.3200432,4.326442548193656,66.55831010527544,-51.749999332673234,3.656880445913497e-08,3.0000000000001137,81.02100000000137,-51.75,0.0,80.11100000000135,63.120000000000005
FOLLOW,TRACKING,4.3200432,4.332569105471864,66.6449458498134,-51.74999932950022,3.6654452297932553e-08,3.0000000000001137,81.08100000000137,-51.75,0.0,80.11100000000135,63.14
FOLLOW,TRACKING,4.32644255,4.339634937181815,66.73171114704142,-51.74999932631442,3.6739757721932304e-08,3.0000000000001137,81.14100000000137,-51.75,0.0,80.11100000000135,63.160000000000004
FOLLOW,TRACKING,4.33963494,4.34630112398793,66.81861883239732,-51.74999932311593,3.682515556593258e-08,3.0000000000001137,81.20100000000137,-51.75,0.0,80.11100000000135,63.18000000000001
FOLLOW,TRACKING,4.33963494,4.352572062188644,66.90565391381678,-51.74999931990547,3.6910803900114595e-08,3.0000000000001137,81.26100000000137,-51.75,0.0,80.11100000000135,63.2
FOLLOW,TRACKING,4.34630112,4.358427881001605,66.99280804464713,-51.749999316683464,3.699681420142681e-08,3.0000000000001137,81.32100000000138,-51.75,0.0,80.41100000000137,63.220000000000006
FOLLOW,TRACKING,4.35842788,4.363875439267419,67.08007276042537,-51.7499993134506,3.7083508242301416e-08,3.0000000000001137,81.38100000000138,-51.75,0.0,80.41100000000137,63.24
FOLLOW,TRACKING,4.36387544,4.370288642178368,67.16746146398857,-51.74999931020562,3.717035864914401e-08,3.0000000000001137,81.50100000000138,-51.75,0.0,80.41100000000137,63.262
FOLLOW,TRACKING,4.36387544,4.376311046328854,67.2549725698276,-51.74999930694858,3.72574060363831e-08,3.0000000000001137,81.50100000000138,-51.75,0.0,80.41100000000137,63.28
FOLLOW,TRACKING,4.37631105,4.381949789319608,67.34259800777062,-51.749999303679786,3.734467893088619e-08,3.0000000000001137,81.62100000000139,-51.75,0.0,80.71100000000138,63.301
FOLLOW,TRACKING,4.38194979,4.387184480577846,67.43032975595148,-51.74999930039955,3.743219725072798e-08,3.0000000000001137,81.62100000000139,-51.75,0.0,80.71100000000138,63.32000000000001
FOLLOW,TRACKING,4.38194979,4.392021855278474,67.51815984102164,-51.74999929710849,3.7520225360344555e-08,3.0000000000001137,81.68100000000139,-51.75,0.0,80.71100000000138,63.34
FOLLOW,TRACKING,4.39202186,4.354787816028252,67.60549296231173,-51.74999929381931,3.760079329218993e-08,3.0000000000001137,81.74100000000139,-51.75,0.0,80.71100000000138,63.361000000000004
FOLLOW,TRACKING,4.39202186,4.315082177711818,67.6920384429671,-51.74999929055202,3.7679995657316154e-08,3.0000000000001137,81.8010000000014,-51.75,0.0,80.71100000000138,63.38
FOLLOW,TRACKING,4.35296324,4.274296584422646,67.77777469532354,-51.749999287308235,3.775824665547304e-08,3.0000000000001137,81.8610000000014,-51.75,0.0,80.71100000000138,63.401
FOLLOW,TRACKING,4.31282598,4.232954751634568,67.86268534835106,-51.74999928408963,3.7836164946237567e-08,3.0000000000001137,81.9210000000014,-51.75,0.0,81.01100000000139,63.42
FOLLOW,TRACKING,4.23018373,4.191419309529467,67.94676640148914,-51.74999928089701,3.7914149954435735e-08,3.0000000000001137,81.9810000000014,-51.75,0.0,81.01100000000139,63.441
FOLLOW,TRACKING,4.18857444,4.152893432029716,68.03004609903849,-51.74999927773076,3.799322519129021e-08,3.0000000000001137,82.0410000000014,-51.75,0.0,81.01100000000139,63.46
FOLLOW,TRACKING,4.15174354,4.115982735616798,68.11258837623747,-51.7499992745889,3.807377868687735e-08,3.0000000000001137,82.1010000000014,-51.75,0.0,81.01100000000139,63.480000000000004
FOLLOW,TRACKING,4.1147988,4.078961614581546,68.19439099414804,-51.749999271471765,3.815603184405625e-08,3.0000000000001137,82.16100000000141,-51.75,0.0,81.3110000000014,63.50000000000001
FOLLOW,TRACKING,4.07774495,4.041623807897567,68.2754496954332,-51.749999268376214,3.823745214096623e-08,3.0000000000001137,82.22100000000141,-51.75,0.0,81.3110000000014,63.521
FOLLOW,TRACKING,4.04028542,4.004164296048886,68.35575920645016,-51.74999926530409,3.831912761328084e-08,3.0000000000001137,82.28100000000141,-51.75,0.0,81.3110000000014,63.540000000000006
FOLLOW,TRACKING,4.04028542,3.970207110222648,68.43535455327498,-51.749999262256246,3.8402720063905036e-08,3.0000000000001137,82.34100000000142,-51.75,0.0,81.3110000000014,63.56
FOLLOW,TRACKING,4.00282589,3.937168164608809,68.51429041257535,-51.74999925922819,3.848646895673265e-08,3.0000000000001137,82.40100000000142,-51.75,0.0,81.3110000000014,63.580000000000005
FOLLOW,TRACKING,3.93685568,3.9039890152508887,68.59256388292337,-51.74999925621977,3.8570104479470485e-08,3.0000000000001137,82.46100000000142,-51.75,0.0,81.61100000000141,63.6
FOLLOW,TRACKING,3.93685568,3.8702433161617504,68.6701378105319,-51.749999253232176,3.86533029053337e-08,3.0000000000001137,82.52100000000142,-51.75,0.0,81.61100000000141,63.620000000000005
FOLLOW,TRACKING,3.87019816,3.8369506500856714,68.74707432404784,-51.749999250262945,3.873594680298629e-08,3.0000000000001137,82.58100000000142,-51.75,0.0,81.61100000000141,63.64
FOLLOW,TRACKING,3.87019816,3.8021675830918893,68.82332615460378,-51.74999924731391,3.881788545931086e-08,3.0000000000001137,82.64100000000143,-51.75,0.0,81.61100000000141,63.660000000000004
FOLLOW,TRACKING,3.80145534,3.7669189258366513,68.89887491994298,-51.74999924438532,3.889860383074934e-08,3.0000000000001137,82.70100000000143,-51.75,0.0,81.61100000000141,63.68000000000001
FOLLOW,TRACKING,3.80145534,3.7314348910015864,68.97371587866304,-51.74999924147723,3.897787268555611e-08,3.0000000000001137,82.76100000000143,-51.75,0.0,81.91100000000142,63.7
FOLLOW,TRACKING,3.73062814,3.6957382544059696,69.04784455882498,-51.74999923858973,3.9055436430623015e-08,3.0000000000001137,82.82100000000143,-51.75,0.0,81.91100000000142,63.720000000000006
FOLLOW,TRACKING,3.69489018,3.6634888200111986,69.1212933627051,-51.74999923571853,3.9128845537472765e-08,3.0000000000001137,82.88100000000144,-51.75,0.0,81.91100000000142,63.74
FOLLOW,TRACKING,3.69489018,3.6319314936719165,69.19411101994253,-51.74999923286626,3.920127787591493e-08,3.0000000000001137,82.94100000000144,-51.75,0.0,81.91100000000142,63.760000000000005
FOLLOW,TRACKING,3.63177553,3.6002373226168087,69.26629616220598,-51.749999230033644,3.927315551879323e-08,3.0000000000001137,83.00100000000144,-51.75,0.0,81.91100000000142,63.78
FOLLOW,TRACKING,3.63177553,3.568316421267073,69.33784500164505,-51.74999922722072,3.9344280319123714e-08,3.0000000000001137,83.06100000000144,-51.75,0.0,81.91100000000142,63.801
FOLLOW,TRACKING,3.56812173,3.536160574249439,69.40875284014203,-51.74999922442413,3.941182072186627e-08,3.0000000000001137,83.12100000000144,-51.75,0.0,82.21100000000143,63.82000000000001
FOLLOW,TRACKING,3.56812173,3.5037726210944724,69.4790150085493,-51.74999922164708,3.947783162678429e-08,3.0000000000001137,83.18100000000145,-51.75,0.0,82.21100000000143,63.84
FOLLOW,TRACKING,3.50353113,3.475262321717312,69.54866796434375,-51.74999921888974,3.954341893147716e-08,3.0000000000001137,83.24100000000145,-51.75,0.0,82.21100000000143,63.86000000000001
FOLLOW,TRACKING,3.47526225,3.4469540393160996,69.61778214782277,-51.74999921614868,3.960810080387541e-08,3.0000000000001137,83.30100000000145,-51.75,0.0,82.21100000000143,63.88
FOLLOW,TRACKING,3.47526225,3.4181748335868205,69.68629700289193,-51.749999213426754,3.967204670180498e-08,3.0000000000001137,83.36100000000145,-51.75,0.0,82.51100000000145,63.900000000000006
FOLLOW,TRACKING,3.41817471,3.3894691136637816,69.75426546234709,-51.749999210722144,3.973546418341219e-08,3.0000000000001137,83.42100000000146,-51.75,0.0,82.51100000000145,63.92
FOLLOW,TRACKING,3.41817471,3.3601250738342996,69.82162452754967,-51.74999920803774,3.9798455621836373e-08,3.0000000000001137,83.48100000000146,-51.75,0.0,82.51100000000145,63.940000000000005
FOLLOW,TRACKING,3.38927914,3.334890286343753,69.88844146455787,-51.74999920537217,3.986202276948913e-08,3.0000000000001137,83.54100000000146,-51.75,0.0,82.51100000000145,63.96
FOLLOW,TRACKING,3.36012491,3.3094396446045975,69.95475133095769,-51.749999202723146,3.992550313515417e-08,3.0000000000001137,83.60100000000146,-51.75,0.0,82.51100000000145,63.980000000000004
FOLLOW,TRACKING,3.33489029,3.2837791499261497,70.02054987367352,-51.74999920009101,3.998897563671015e-08,3.0000000000001137,83.66100000000147,-51.75,0.0,82.81100000000146,64.0
FOLLOW,TRACKING,3.30943964,3.257830626432681,70.08583203640426,-51.749999197477656,4.005367635666801e-08,3.0000000000001137,83.78100000000147,-51.75,0.0,82.81100000000146,64.02000000000001
FOLLOW,TRACKING,3.28377915,3.2315983088864213,70.15061833797765,-51.749999194881184,4.0118805617376306e-08,3.0000000000001137,83.78100000000147,-51.75,0.0,82.81100000000146,64.04
FOLLOW,TRACKING,3.25783063,3.2533474312799653,70.21553528736747,-51.7499991922752,4.018400941313144e-08,3.0000000000001137,83.84100000000147,-51.75,0.0,82.81100000000146,64.06
FOLLOW,TRACKING,3.26009819,3.283347431278119,70.28105223599303,-51.749999189640704,4.0249745713279365e-08,3.0000000000001137,83.90100000000147,-51.75,0.0,82.81100000000146,64.08
FOLLOW,TRACKING,3.26009819,3.313347431277694,70.34716918461861,-51.74999918697761,4.031600251963823e-08,3.0000000000001137,83.96100000000148,-51.75,0.0,82.81100000000146,64.10000000000001
FOLLOW,TRACKING,3.29009819,3.343347431280111,70.41388613324419,-51.7499991842858,4.038277095568653e-08,3.0000000000001137,84.02100000000148,-51.75,0.0,83.11100000000147,64.12
FOLLOW,TRACKING,3.32009819,3.3733474066863804,70.48120308162059,-51.749999181563986,4.0449191585548707e-08,3.0000000000001137,84.08100000000148,-51.75,0.0,83.11100000000147,64.14
FOLLOW,TRACKING,3.35009819,3.4033472294865446,70.54912002717552,-51.74999917881022,4.051378490067626e-08,3.0000000000001137,84.14100000000148,-51.75,0.0,83.11100000000147,64.16000000000001
FOLLOW,TRACKING,3.41009819,3.433347107245768,70.617636969809,-51.74999917602687,4.057833029752659e-08,3.0000000000001137,84.26100000000149,-51.75,0.0,83.11100000000147,64.18
FOLLOW,TRACKING,3.44009819,3.463347086928084,70.6867539115176,-51.7499991732144,4.064323138240251e-08,3.0000000000001137,84.32100000000149,-51.75,0.0,83.41100000000148,64.20100000000001
FOLLOW,TRACKING,3.44009819,3.4933471731463355,70.75647085441537,-51.74999917037323,4.0708917986128966e-08,3.0000000000001137,84.32100000000149,-51.75,0.0,83.41100000000148,64.22
FOLLOW,TRACKING,3.50009819,3.523347361867482,70.82678780059568,-51.74999916750393,4.077586189773921e-08,3.0000000000001137,84.38100000000149,-51.75,0.0,83.41100000000148,64.24000000000001
FOLLOW,TRACKING,3.53009819,3.5533474312785556,70.89770474912511,-51.74999916460881,4.0845984224063073e-08,3.0000000000001137,84.5010000000015,-51.75,0.0,83.41100000000148,64.26
FOLLOW,TRACKING,3.56009819,3.5833474312781304,70.96922169775067,-51.749999161684606,4.091703400391832e-08,3.0000000000001137,84.5610000000015,-51.75,0.0,83.41100000000148,64.28
FOLLOW,TRACKING,3.59009819,3.613347431277705,71.04133864637623,-51.74999915873075,4.0988700768496067e-08,3.0000000000001137,84.5610000000015,-51.75,0.0,83.71100000000149,64.301
FOLLOW,TRACKING,3.59009819,3.643347431278701,71.11405559500179,-51.74999915574715,4.106100926051515e-08,3.0000000000001137,84.6210000000015,-51.75,0.0,83.71100000000149,64.32000000000001
FOLLOW,TRACKING,3.65009819,3.673347431278276,71.18737254362735,-51.74999915273369,4.113398289503294e-08,3.0000000000001137,84.7410000000015,-51.75,0.0,83.71100000000149,64.34
FOLLOW,TRACKING,3.68009819,3.7033474312778507,71.26128949225291,-51.74999914969027,4.1207642357270324e-08,3.0000000000001137,84.7410000000015,-51.75,0.0,83.71100000000149,64.36
FOLLOW,TRACKING,3.71009819,3.7333474312788466,71.33580644087847,-51.74999914661677,4.128200418658157e-08,3.0000000000001137,84.80100000000151,-51.75,0.0,83.71100000000149,64.38000000000001
FOLLOW,TRACKING,3.71009819,3.763347408806797,71.41092338927932,-51.74999914351406,4.135782163814781e-08,3.0000000000001137,84.86100000000151,-51.75,0.0,84.0110000000015,64.4
YIELD,TRACKING,3.74009819,3.7933471645416743,71.48664033388539,-51.749999140384425,4.143700669435017e-08,3.0000000000001137,84.92100000000151,-51.75,0.0,84.0110000000015,64.42
YIELD,TRACKING,3.80009819,3.823346991893575,71.56295727442884,-51.74999913722505,4.151768595223379e-08,3.0000000000001137,85.04100000000152,-51.75,0.0,84.0110000000015,64.44
YIELD,TRACKING,3.83009819,3.8533469513865297,71.63987421348772,-51.74999913403504,4.159933947636648e-08,3.0000000000001137,85.10100000000152,-51.75,0.0,84.0110000000015,64.46000000000001
YIELD,TRACKING,3.83009819,3.883347049902855,71.71739115381851,-51.74999913081352,4.168140677128655e-08,3.0000000000001137,85.10100000000152,-51.75,0.0,84.0110000000015,64.48
YIELD,TRACKING,3.86009819,3.9133472854800315,71.79550809818373,-51.74999912755956,4.176332160368817e-08,3.0000000000001137,85.16100000000152,-51.75,0.0,84.0110000000015,64.5
YIELD,TRACKING,3.92009819,3.9433474312787125,71.87422504657805,-51.74999912427069,4.1843255025909743e-08,3.0000000000001137,85.22100000000152,-51.75,0.0,84.31100000000151,64.52000000000001
YIELD,TRACKING,3.95009819,3.9733474312782873,71.95354199520362,-51.749999120949475,4.192307703007346e-08,3.0000000000001137,85.28100000000153,-51.75,0.0,84.31100000000151,64.54
YIELD,TRACKING,3.98009819,4.003347431279283,72.03345894382919,-51.74999911759668,4.2003473133929505e-08,3.0000000000001137,85.34100000000153,-51.75,0.0,84.31100000000151,64.56
YIELD,TRACKING,4.01009819,4.033347431277437,72.11397589245475,-51.74999911421214,4.208441025698599e-08,3.0000000000001137,85.40100000000153,-51.75,0.0,84.31100000000151,64.58
YIELD,TRACKING,4.01009819,4.063347431279854,72.19509284108034,-51.74999911079567,4.216585811060717e-08,3.0000000000001137,85.46100000000153,-51.75,0.0,84.31100000000151,64.60000000000001
YIELD,TRACKING,4.04009819,4.093347431278008,72.2768097897059,-51.74999910734711,4.2247791473572844e-08,3.0000000000001137,85.52100000000154,-51.75,0.0,84.61100000000152,64.62
YIELD,TRACKING,4.07009819,4.123347391616508,72.35912673793484,-51.749999103864965,4.232921629575879e-08,3.0000000000001137,85.58100000000154,-51.75,0.0,84.61100000000152,64.64
YIELD,TRACKING,4.13009819,4.153347071809324,72.44204368095741,-51.74999910034692,4.240836396274741e-08,3.0000000000001137,85.64100000000154,-51.75,0.0,84.61100000000152,64.66000000000001
YIELD,TRACKING,4.16009819,4.183064904147218,72.52555498014837,-51.74999909679575,4.248709582293693e-08,3.0000000000001137,85.76100000000154,-51.75,0.0,84.61100000000152,64.68
YIELD,TRACKING,4.16009819,4.212182903199849,72.60964863908097,-51.749999093212836,4.2566118504534053e-08,3.0000000000001137,85.76100000000154,-51.75,0.0,84.61100000000152,64.7
YIELD,TRACKING,4.21893427,4.240642939335262,72.69431207967517,-51.749999089599626,4.264618370644424e-08,3.0000000000001137,85.82100000000155,-51.75,0.0,84.91100000000154,64.721
YIELD,TRACKING,4.24687034,4.268501852634192,72.77953329181828,-51.74999908595709,4.2727781773782164e-08,3.0000000000001137,85.88100000000155,-51.75,0.0,84.91100000000154,64.74000000000001
YIELD,TRACKING,4.27419401,4.29574160350939,72.86530014102043,-51.749999082287765,4.28126144467016e-08,3.0000000000001137,85.94100000000155,-51.75,0.0,84.91100000000154,64.76
YIELD,TRACKING,4.30093533,4.322371202327707,72.95160069946509,-51.749999078588765,4.289835645870725e-08,3.0000000000001137,86.06100000000156,-51.75,0.0,84.91100000000154,64.781
YIELD,TRACKING,4.30093533,4.348444528667988,73.03842381710527,-51.74999907485995,4.298466421325118e-08,3.0000000000001137,86.06100000000156,-51.75,0.0,84.91100000000154,64.8
YIELD,TRACKING,4.32711792,4.3739338396861225,73.12575818905268,-51.74999907110175,4.3071567206698824e-08,3.0000000000001137,86.12100000000156,-51.75,0.0,85.21100000000155,64.82000000000001
YIELD,TRACKING,4.37785534,4.398878064201034,73.2135930161793,-51.74999906731451,4.315908992515904e-08,3.0000000000001137,86.24100000000156,-51.75,0.0,85.21100000000155,64.84100000000001
YIELD,TRACKING,4.37785534,4.423301906444982,73.30191785814384,-51.74999906349899,4.324755153629313e-08,3.0000000000001137,86.24100000000156,-51.75,0.0,85.21100000000155,64.86
YIELD,TRACKING,4.40243298,4.447172303777341,73.39072205135008,-51.74999905965848,4.333925344337768e-08,3.0000000000001137,86.30100000000157,-51.75,0.0,85.21100000000155,64.88000000000001
CRUISE,TRACKING,4.45006079,4.470538439070998,73.47999553179953,-51.749999055790745,4.343243178584493e-08,3.0000000000001137,86.36100000000157,-51.75,0.0,85.51100000000156,64.9
CRUISE,TRACKING,4.45006079,4.494176408468325,73.56975110252169,-51.74999905189445,4.3526654861603296e-08,3.0000000000001137,86.42100000000157,-51.75,0.0,85.51100000000156,64.92
CRUISE,TRACKING,4.47313213,4.5157807948115245,73.65993361943823,-51.74999904797058,4.362093959291465e-08,3.0000000000001137,86.48100000000157,-51.75,0.0,85.51100000000156,64.94
CRUISE,TRACKING,4.51784096,4.526544429539417,73.75039504280724,-51.74999844076856,2.9253795118422894e-05,3.0000000000001137,86.60100000000158,-51.75,0.0,85.51100000000156,64.96000000000001
CRUISE,TRACKING,4.51784096,4.5393067638671365,73.84110156683616,-51.74999055811271,0.00017955272463002184,3.0000000000001137,86.60100000000158,-51.75,0.0,85.51100000000156,64.98
CRUISE,TRACKING,4.56070387,4.557991252758461,73.93216065060786,-51.74996098279525,0.0005258379736402661,3.0000000000001137,86.66100000000158,-51.75,0.0,85.81100000000157,65.0
CRUISE,TRACKING,4.56070387,4.573772405450849,74.02355908174458,-51.74988935217458,0.0011159582488287922,3.0000000000001137,86.72100000000158,-51.75,0.0,85.81100000000157,65.02000000000001
CRUISE,TRACKING,4.60137297,4.596744614135157,74.11531885279284,-51.74975013853372,0.002015822095241359,3.0000000000001137,86.84100000000159,-51.75,0.0,85.81100000000157,65.04
CRUISE,TRACKING,4.60137297,4.615949704824136,74.2075327334789,-51.749514073683315,0.0032141962118556523,3.0000000000001137,86.84100000000159,-51.75,0.0,85.81100000000157,65.06
CRUISE,TRACKING,4.64076956,4.63516805109228,74.30013043627137,-51.7491525637337,0.004722253316213173,3.0000000000001137,86.96100000000159,-51.75,0.0,85.81100000000157,65.08
CRUISE,TRACKING,4.64076956,4.654488407449824,74.39311471445446,-51.7486350486519,0.006555369513579225,3.0000000000001137,86.96100000000159,-51.75,0.0,85.81100000000157,65.10000000000001
CRUISE,TRACKING,4.67855652,4.673765356681665,74.48648481171212,-51.74792936260636,0.008724961680758894,3.0000000000001137,87.0810000000016,-51.75,0.0,86.11100000000158,65.12
CRUISE,TRACKING,4.67855652,4.695678574150137,74.58026536192095,-51.74700176144103,0.011237707837141564,3.0000000000001137,87.0810000000016,-51.75,0.0,86.11100000000158,65.14
CRUISE,TRACKING,4.69686113,4.736503201690373,74.67480279758232,-51.74581483726924,0.014020814802042926,3.0000000000001137,87.1410000000016,-51.75,0.0,86.11100000000158,65.16000000000001
CRUISE,TRACKING,4.73233275,4.763331654762316,74.76993881103505,-51.74435114396451,0.01689201986676538,3.0000000000001137,87.2010000000016,-51.75,0.0,86.11100000000158,65.18
CRUISE,TRACKING,4.73233275,4.780284389608197,74.86543123778443,-51.74260705708275,0.019776700236176798,3.0000000000001137,87.3210000000016,-51.75,0.0,86.4110000000016,65.2
CRUISE,TRACKING,4.74951553,4.794341837171582,74.96120744219675,-51.74058085760871,0.02266310796718633,3.0000000000001137,87.3210000000016,-51.75,0.0,86.4110000000016,65.22
CRUISE,TRACKING,4.78246954,4.789101225155888,75.05702283351111,-51.73828125626977,0.02553856153898395,3.0000000000001137,87.3810000000016,-51.75,0.0,86.4110000000016,65.24000000000001
CRUISE,TRACKING,4.79859923,4.8088311141595605,75.15302191891558,-51.735696181284446,0.028363542619405047,3.0000000000001137,87.44100000000161,-51.75,0.0,86.4110000000016,65.26
CRUISE,TRACKING,4.79859923,4.823575695381454,75.24936723929373,-51.73283176167784,0.031046426910959074,3.0000000000001137,87.50100000000161,-51.75,0.0,86.4110000000016,65.28
CRUISE,TRACKING,4.82986305,4.833976399971472,75.34594320809337,-51.72969971534609,0.03349375493066568,3.0000000000001137,87.56100000000161,-51.75,0.0,86.4110000000016,65.3
CRUISE,TRACKING,4.8446952,4.844814619858213,75.44272656317898,-51.726336564483816,0.03561998813522607,3.0000000000001137,87.62100000000162,-51.75,0.0,86.7110000000016,65.32000000000001
CRUISE,TRACKING,4.85952735,4.856071110378635,75.53972618684996,-51.72276960124449,0.03749449156100939,3.0000000000001137,87.68100000000162,-51.75,0.0,86.7110000000016,65.34
CRUISE,TRACKING,4.85952735,4.869572497308326,75.63697024921268,-51.719016536424796,0.03912848374309039,3.0000000000001137,87.74100000000162,-51.75,0.0,86.7110000000016,65.36
CRUISE,TRACKING,4.88827618,4.881036869545668,75.73446020136294,-51.715101614772706,0.04047885708957909,3.0000000000001137,87.80100000000162,-51.75,0.0,86.7110000000016,65.38000000000001
CRUISE,TRACKING,4.88827618,4.8914272582876155,75.83214368688954,-51.71105408030951,0.041519812367863396,3.0000000000001137,87.86100000000162,-51.75,0.0,87.01100000000162,65.4
CRUISE,TRACKING,4.91584463,4.918364144403345,75.93028532121554,-51.7069153867255,0.04230995000592969,3.0000000000001137,87.92100000000163,-51.75,0.0,87.01100000000162,65.42
CRUISE,TRACKING,4.91584463,4.941862864823476,76.02893225260968,-51.7027030049219,0.04298996061120573,3.0000000000001137,87.98100000000163,-51.75,0.0,87.01100000000162,65.44
CRUISE,TRACKING,4.92919911,4.954335739343582,76.12786678760254,-51.69841781795343,0.04366484213508258,3.0000000000001137,88.04100000000163,-51.75,0.0,87.01100000000162,65.46000000000001
CRUISE,TRACKING,4.942275,4.964429062312756,76.22700481668026,-51.694057975585615,0.04445285051956453,3.0000000000001137,88.10100000000163,-51.75,0.0,87.01100000000162,65.48
CRUISE,TRACKING,4.96761412,4.977436792532883,76.32638540997883,-51.68960532991141,0.045440067100248824,3.0000000000001137,88.16100000000164,-51.75,0.0,87.31100000000163,65.5
CRUISE,TRACKING,4.96761412,4.991966190654351,76.42604715317268,-51.68503623383938,0.04668702884493509,3.0000000000001137,88.22100000000164,-51.75,0.0,87.31100000000163,65.52000000000001
CRUISE,TRACKING,4.99165634,5.006254845669603,76.5259893272862,-51.680315052207966,0.04824219048035888,3.0000000000001137,88.28100000000164,-51.75,0.0,87.31100000000163,65.54
CRUISE,TRACKING,4.99165634,5.002367665270855,76.62602020485214,-51.67544604036713,0.050071355877547526,3.0000000000001137,88.34100000000164,-51.75,0.0,87.31100000000163,65.56
CRUISE,TRACKING,4.9643206,4.96693194134735,76.72544204592771,-51.67042365921207,0.05218394345501359,3.0000000000001137,88.46100000000165,-51.75,0.0,87.31100000000163,65.58
CRUISE,TRACKING,4.9643206,4.928199252759819,76.82410810883762,-51.66522219799486,0.054597349442642155,3.0000000000001137,88.46100000000165,-51.75,0.0,87.31100000000163,65.60000000000001
CRUISE,TRACKING,4.88408872,4.8790366335451,76.92183426856201,-51.659810429098194,0.057292096986309014,3.0000000000001137,88.52100000000165,-51.75,0.0,87.61100000000164,65.62
CRUISE,TRACKING,4.88408872,4.821565949825233,77.01840922147903,-51.654169961374926,0.06018918837934676,3.0000000000001137,88.64100000000165,-51.75,0.0,87.61100000000164,65.64
CRUISE,TRACKING,4.84374236,4.773510193295723,77.11393408094105,-51.648298662969715,0.0633020189616293,3.0000000000001137,88.64100000000165,-51.75,0.0,87.61100000000164,65.66000000000001
CRUISE,TRACKING,4.74875821,4.714992570440558,77.20838005982543,-51.642229487719746,0.06670148023429048,3.0000000000001137,88.76100000000166,-51.75,0.0,87.61100000000164,65.68
CRUISE,TRACKING,4.69888325,4.661624577215217,77.30171459701093,-51.63590352384386,0.07034609370757734,3.0000000000001137,88.76100000000166,-51.75,0.0,87.91100000000165,65.70100000000001
CRUISE,TRACKING,4.64611886,4.60785436687451,77.3939418468394,-51.62930839318549,0.0742181118036625,3.0000000000001137,88.82100000000166,-51.75,0.0,87.91100000000165,65.721
CRUISE,TRACKING,4.5931708,4.546149824880894,77.4849302648436,-51.622422876068974,0.0782697211875422,3.0000000000001137,88.88100000000166,-51.75,0.0,87.91100000000165,65.74000000000001
CRUISE,TRACKING,4.54022275,4.49694066521779,77.5748610647924,-51.61525528862635,0.08247281432581552,3.0000000000001137,88.94100000000167,-51.75,0.0,87.91100000000165,65.76100000000001
CRUISE,TRACKING,4.54022275,4.4455150594113055,77.66374658387262,-51.60780267629887,0.08686963617970453,3.0000000000001137,89.00100000000167,-51.75,0.0,87.91100000000165,65.78
CRUISE,TRACKING,4.48691424,4.394776810280202,77.751575065558,-51.60005501292305,0.09148775972697343,3.0000000000001137,89.06100000000167,-51.75,0.0,87.91100000000165,65.8
CRUISE,TRACKING,4.43354585,4.346248355043327,77.8383528043955,-51.59199534925952,0.09633076098438297,3.0000000000001137,89.18100000000167,-51.75,0.0,88.21100000000166,65.82000000000001
CRUISE,TRACKING,4.32663756,4.312659546688773,77.92434472779091,-51.58360239972678,0.10136973805699825,3.0000000000001137,89.18100000000167,-51.75,0.0,88.21100000000166,65.84100000000001
CRUISE,TRACKING,4.27310671,4.274664985862651,78.00964439562885,-51.574810962752245,0.10656414658181637,3.0000000000001137,89.30100000000168,-51.75,0.0,88.21100000000166,65.86
CRUISE,TRACKING,4.27310671,4.223287496698045,78.09390310574163,-51.56567400678837,0.1119354490463677,3.0000000000001137,89.30100000000168,-51.75,0.0,88.21100000000166,65.88000000000001
CRUISE,TRACKING,4.2186697,4.170977259905164,78.17707728466803,-51.55620656102709,0.11750940005146925,3.0000000000001137,89.36100000000168,-51.75,0.0,88.21100000000166,65.9
CRUISE,TRACKING,4.16417442,4.116520250502466,78.25912961582829,-51.54640044686112,0.12328997439717436,3.0000000000001137,89.42100000000168,-51.75,0.0,88.51100000000167,65.92
CRUISE,TRACKING,4.10962202,4.055679659676947,78.3399235104692,-51.536237913428494,0.12921714738337545,3.0000000000001137,89.48100000000169,-51.75,0.0,88.51100000000167,65.94
CRUISE,TRACKING,4.0004025,4.004349108171737,78.41961190979495,-51.52574208907113,0.13527523745684653,3.0000000000001137,89.54100000000169,-51.75,0.0,88.51100000000167,65.96000000000001
CRUISE,TRACKING,3.94405283,3.9562573391081934,78.49826681838728,-51.51490335961399,0.14149046463334644,3.0000000000001137,89.66100000000169,-51.75,0.0,88.51100000000167,65.98
CRUISE,TRACKING,3.94405283,3.899119669986813,78.5757355225803,-51.503750223081944,0.1478748846108208,3.0000000000001137,89.66100000000169,-51.75,0.0,88.51100000000167,66.0
CRUISE,TRACKING,3.89305283,3.8333441936544363,78.65185853881916,-51.49225961922777,0.15438235364029132,3.0000000000001137,89.7810000000017,-51.75,0.0,88.81100000000168,66.02000000000001
CRUISE,TRACKING,3.77468079,3.771578282613876,78.7266690312629,-51.48043293956399,0.1609305843859378,3.0000000000001137,89.8410000000017,-51.75,0.0,88.81100000000168,66.04
CRUISE,TRACKING,3.71806599,3.732528293712636,78.8004786436027,-51.46824440391871,0.16751465727627562,3.0000000000001137,89.9010000000017,-51.75,0.0,88.81100000000168,66.06
CRUISE,TRACKING,3.70648002,3.7248712094246645,78.87390087336858,-51.45559083981974,0.17415787420256118,3.0000000000001137,89.9010000000017,-51.75,0.0,88.81100000000168,66.08
CRUISE,TRACKING,3.70648002,3.714077533393099,78.94707370662218,-51.44247167264948,0.18083586472089475,3.0000000000001137,90.0210000000017,-51.75,0.0,89.1110000000017,66.10000000000001
CRUISE,TRACKING,3.69575579,3.691254408809227,79.01979914741713,-51.42902349222599,0.18752657579091855,3.0000000000001137,90.08100000000171,-51.75,0.0,89.1110000000017,66.12
CRUISE,TRACKING,3.68586154,3.6554435922610122,79.09179452260587,-51.41523311581779,0.19414818650739815,3.0000000000001137,90.08100000000171,-51.75,0.0,89.1110000000017,66.14
CRUISE,TRACKING,3.66584971,3.655131841306438,79.16338558807067,-51.400932524284116,0.20070437739528213,3.0000000000001137,90.14100000000171,-51.75,0.0,89.1110000000017,66.16000000000001
CRUISE,TRACKING,3.66584971,3.6648683998604676,79.23510352362565,-51.38612214515595,0.20732867240284145,3.0000000000001137,90.20100000000171,-51.75,0.0,89.1110000000017,66.18
CRUISE,TRACKING,3.69440506,3.676826707694312,79.30694457033381,-51.3707817053708,0.21397888543183644,3.0000000000001137,90.26100000000172,-51.75,0.0,89.4110000000017,66.2
CRUISE,TRACKING,3.70923768,3.691327503913951,79.37894248079594,-51.35489060450803,0.22062302365500872,3.0000000000001137,90.32100000000172,-51.75,0.0,89.4110000000017,66.22
CRUISE,TRACKING,3.72395778,3.706530013491281,79.4511215167398,-51.33844968123393,0.22724358321479832,3.0000000000001137,90.44100000000172,-51.75,0.0,89.4110000000017,66.24000000000001
CRUISE,TRACKING,3.73855826,3.716596466605915,79.5234337625192,-51.321503687140435,0.233873300368744,3.0000000000001137,90.50100000000172,-51.75,0.0,89.4110000000017,66.26
CRUISE,TRACKING,3.73855826,3.7309029392067474,79.59589091933583,-51.30401156397572,0.24056859576745246,3.0000000000001137,90.50100000000172,-51.75,0.0,89.4110000000017,66.28
CRUISE,TRACKING,3.75264515,3.747374922273084,79.66854516971325,-51.28594774541976,0.24730032523456683,3.0000000000001137,90.56100000000173,-51.75,0.0,89.4110000000017,66.3
CRUISE,TRACKING,3.78049011,3.7623901404096283,79.74139287804284,-51.267307770525036,0.2540316689571661,3.0000000000001137,90.68100000000173,-51.75,0.0,89.71100000000172,66.32000000000001
CRUISE,TRACKING,3.79426141,3.7787502268904074,79.81440825645718,-51.24810332773324,0.260741439814316,3.0000000000001137,90.68100000000173,-51.75,0.0,89.71100000000172,66.34
CRUISE,TRACKING,3.80793789,3.7947904516192263,79.88757768791213,-51.22838156768916,0.2674704326610541,3.0000000000001137,90.74100000000173,-51.75,0.0,89.71100000000172,66.36
CRUISE,TRACKING,3.8211534,3.820932181708259,79.9610991217714,-51.208092755128526,0.2743149309856566,3.0000000000001137,90.86100000000174,-51.75,0.0,89.71100000000172,66.38000000000001
CRUISE,TRACKING,3.8211534,3.861679339198692,80.03521569766617,-51.18716838685689,0.2812617204584962,3.0000000000001137,90.86100000000174,-51.75,0.0,90.01100000000173,66.4
CRUISE,TRACKING,3.83429416,3.8901188092106787,80.10981419394864,-51.16540667346849,0.2881826774078022,3.0000000000001137,90.92100000000174,-51.75,0.0,90.01100000000173,66.42
CRUISE,TRACKING,3.86030382,3.910509489807543,80.18464499684134,-51.14298311959768,0.29513389822058267,3.0000000000001137,91.04100000000174,-51.75,0.0,90.01100000000173,66.441
CRUISE,TRACKING,3.86030382,3.918340838806315,80.25950463857252,-51.119955604464536,0.3021426800015245,3.0000000000001137,91.04100000000174,-51.75,0.0,90.01100000000173,66.46000000000001
CRUISE,TRACKING,3.87267529,3.9305161878004684,80.33442447062255,-51.096329195654064,0.30917914972459704,3.0000000000001137,91.10100000000175,-51.75,0.0,90.01100000000173,66.48
CRUISE,TRACKING,3.88495929,3.939477581539728,80.40934574478437,-51.072120988197526,0.31621974401207703,3.0000000000001137,91.16100000000175,-51.75,0.0,90.01100000000173,66.501
CRUISE,TRACKING,3.90949646,3.9499284451655403,80.48428917319612,-51.04732236858454,0.32323587134304776,3.0000000000001137,91.28100000000175,-51.75,0.0,90.31100000000174,66.52000000000001
CRUISE,TRACKING,3.92172058,3.9606914913927564,80.55925934757329,-51.02193146987347,0.3302106140224747,3.0000000000001137,91.34100000000176,-51.75,0.0,90.31100000000174,66.54
CRUISE,TRACKING,3.92172058,3.976241823651893,80.63431363618956,-50.99591088400561,0.33717125512192425,3.0000000000001137,91.34100000000176,-51.75,0.0,90.31100000000174,66.56
CRUISE,TRACKING,3.93391574,3.9837196452572887,80.70936635892323,-50.969275930057925,0.34418160771386985,3.0000000000001137,91.40100000000176,-51.75,0.0,90.31100000000174,66.58
CRUISE,TRACKING,3.94544602,3.9793523925627876,80.7841879397359,-50.942031400354274,0.35116197135212723,3.0000000000001137,91.46100000000176,-51.75,0.0,90.31100000000174,66.60000000000001
CRUISE,TRACKING,3.95696468,3.9617775289159107,80.85848612595179,-50.91420276973036,0.3580189886828207,3.0000000000001137,91.52100000000176,-51.75,0.0,90.61100000000175,66.62
CRUISE,TRACKING,3.96847232,3.9585260074074857,80.93246471058461,-50.886035524927976,0.36485418203120445,3.0000000000001137,91.58100000000177,-51.75,0.0,90.61100000000175,66.64
CRUISE,TRACKING,3.99149464,3.9759744922209816,81.00656088461923,-50.85745002049284,0.3717638817522659,3.0000000000001137,91.64100000000177,-51.75,0.0,90.61100000000175,66.66000000000001
CRUISE,TRACKING,4.00241576,3.9849596561577143,81.08068902768741,-50.828264449249886,0.3787527902958179,3.0000000000001137,91.70100000000177,-51.75,0.0,90.61100000000175,66.68
CRUISE,TRACKING,4.01335764,3.991243356443594,81.15472174635292,-50.79851601283474,0.38578191151327207,3.0000000000001137,91.76100000000177,-51.75,0.0,90.91100000000176,66.7
CRUISE,TRACKING,4.01335764,4.00072178955266,81.22871449027419,-50.76817315646487,0.3928100260675847,3.0000000000001137,91.88100000000178,-51.75,0.0,90.91100000000176,66.721
CRUISE,TRACKING,4.02432019,4.014734981862256,81.30272297426623,-50.73727880412969,0.399868881929416,3.0000000000001137,91.88100000000178,-51.75,0.0,90.91100000000176,66.74000000000001
CRUISE,TRACKING,4.04604264,4.023314867149553,81.37673591604822,-50.70578263045613,0.40699821751767656,3.0000000000001137,92.00100000000178,-51.75,0.0,90.91100000000176,66.76
CRUISE,TRACKING,4.04604264,4.031616290627368,81.45064781832413,-50.673657680401014,0.4141487864713183,3.0000000000001137,92.00100000000178,-51.75,0.0,90.91100000000176,66.78
CRUISE,TRACKING,4.06601272,4.041954351334231,81.52450482206292,-50.640895665903074,0.42129293881830004,3.0000000000001137,92.12100000000179,-51.75,0.0,91.21100000000177,66.8
CRUISE,TRACKING,4.0763296,4.062900001816607,81.59846923287807,-50.60747137427567,0.4284179296986523,3.0000000000001137,92.12100000000179,-51.75,0.0,91.21100000000177,66.82000000000001
CRUISE,TRACKING,4.08678083,4.0813723527030445,81.6725472949579,-50.573439262766016,0.43552393067903317,3.0000000000001137,92.18100000000179,-51.75,0.0,91.21100000000177,66.84
CRUISE,TRACKING,4.09723206,4.1065784581518745,81.74689659153911,-50.538848430406304,0.44272038363978256,3.0000000000001137,92.24100000000179,-51.75,0.0,91.21100000000177,66.86
CRUISE,TRACKING,4.09723206,4.135161288785303,81.82157477477902,-50.503617632196544,0.4500787632329029,3.0000000000001137,92.30100000000179,-51.75,0.0,91.21100000000177,66.88000000000001
CRUISE,TRACKING,4.11649846,4.143804646182594,81.89622781666138,-50.46771099457928,0.45747204472289993,3.0000000000001137,92.4210000000018,-51.75,0.0,91.51100000000179,66.9
CRUISE,TRACKING,4.11649846,4.155047110873182,81.97075299642081,-50.43109709917595,0.46482620847116696,3.0000000000001137,92.4810000000018,-51.75,0.0,91.51100000000179,66.921
CRUISE,TRACKING,4.12624479,4.172533321140539,82.0451864761709,-50.393585013158734,0.4720646630952722,3.0000000000001137,92.4810000000018,-51.75,0.0,91.51100000000179,66.94
CRUISE,TRACKING,4.1460118,4.188412715896343,82.11962136909632,-50.355275029482954,0.4792647407326861,3.0000000000001137,92.6010000000018,-51.75,0.0,91.51100000000179,66.96000000000001
CRUISE,TRACKING,4.1460118,4.199720857848276,82.19397684250916,-50.316307225107415,0.4865241593772409,3.0000000000001137,92.6610000000018,-51.75,0.0,91.51100000000179,66.98
CRUISE,TRACKING,4.15530066,4.206757180295696,82.26818270836735,-50.27672549469009,0.4938132675128625,3.0000000000001137,92.6610000000018,-51.75,0.0,91.8110000000018,67.001
CRUISE,TRACKING,4.17358769,4.211813392417529,82.34217637557968,-50.23653927008363,0.5010787358365373,3.0000000000001137,92.78100000000181,-51.75,0.0,91.8110000000018,67.021
CRUISE,TRACKING,4.18289783,4.211813877341314,82.41588375303456,-50.19573710168677,0.5082704897880065,3.0000000000001137,92.78100000000181,-51.75,0.0,91.8110000000018,67.04
CRUISE,TRACKING,4.19232659,4.202401289312453,82.48910244902464,-50.154340648861734,0.5153623524711015,3.0000000000001137,92.84100000000181,-51.75,0.0,91.8110000000018,67.06
CRUISE,TRACKING,4.19232659,4.198090510580512,82.56182405736344,-50.112395284002915,0.5224519626296266,3.0000000000001137,92.90100000000182,-51.75,0.0,91.8110000000018,67.08
CRUISE,TRACKING,4.20972533,4.200716515687883,82.63429169855901,-50.06991469996566,0.5295873475688917,3.0000000000001137,93.02100000000182,-51.75,0.0,92.11100000000181,67.102
CRUISE,TRACKING,4.21862439,4.201498534561355,82.70652821936535,-50.0269873257478,0.5367571352133198,3.0000000000001137,93.02100000000182,-51.75,0.0,92.11100000000181,67.12
CRUISE,TRACKING,4.22767089,4.2036268907408845,82.77857438885916,-49.983672812131,0.5438971435986945,3.0000000000001137,93.08100000000182,-51.75,0.0,92.11100000000181,67.14
CRUISE,TRACKING,4.22767089,4.222580896408161,82.8506083817511,-49.939776812605466,0.55103575260533,3.0000000000001137,93.14100000000182,-51.75,0.0,92.11100000000181,67.16000000000001
CRUISE,TRACKING,4.24495964,4.221854956241214,82.92241058199116,-49.895312494089055,0.5582892360077767,3.0000000000001137,93.20100000000183,-51.75,0.0,92.11100000000181,67.18
CRUISE,TRACKING,4.24495964,4.227129129369856,82.99393786324043,-49.85030188765899,0.5656165271343487,3.0000000000001137,93.26100000000183,-51.75,0.0,92.11100000000181,67.2
CRUISE,TRACKING,4.26162546,4.238696512252199,83.06531045802397,-49.80467205952718,0.5729423133223022,3.0000000000001137,93.32100000000183,-51.75,0.0,92.41100000000182,67.22
CRUISE,TRACKING,4.26162546,4.2544481199208315,83.13660672051404,-49.75838721013195,0.5802496727130896,3.0000000000001137,93.44100000000184,-51.75,0.0,92.41100000000182,67.241
CRUISE,TRACKING,4.27021052,4.275068023833595,83.20801316214856,-49.711559404063884,0.5876472612074846,3.0000000000001137,93.44100000000184,-51.75,0.0,92.41100000000182,67.26
CRUISE,TRACKING,4.28640329,4.302232483119533,83.27959808722663,-49.66405205329763,0.5951926820553138,3.0000000000001137,93.56100000000184,-51.75,0.0,92.41100000000182,67.28
CRUISE,TRACKING,4.29454851,4.31310467585291,83.35113562647253,-49.615891701797786,0.6028074473148394,3.0000000000001137,93.62100000000184,-51.75,0.0,92.41100000000182,67.3
CRUISE,TRACKING,4.29454851,4.319950877428417,83.4223906037655,-49.567073253677414,0.610400177935504,3.0000000000001137,93.68100000000184,-51.75,0.0,92.71100000000183,67.321
CRUISE,TRACKING,4.31069795,4.327659923203625,83.49336918255909,-49.51760551183302,0.6179451714213611,3.0000000000001137,93.74100000000185,-51.75,0.0,92.71100000000183,67.34
CRUISE,TRACKING,4.319483,4.337377342278395,83.56420320279487,-49.467604207897764,0.625533046334182,3.0000000000001137,93.80100000000185,-51.75,0.0,92.71100000000183,67.36
CRUISE,TRACKING,4.32626406,4.343715120402336,83.6347911837619,-49.41700312657362,0.6331737430814001,3.0000000000001137,93.86100000000185,-51.75,0.0,92.71100000000183,67.38000000000001
CRUISE,TRACKING,4.32626406,4.348908430793407,83.70504508855377,-49.365762509627224,0.6407675147286002,3.0000000000001137,93.86100000000185,-51.75,0.0,92.71100000000183,67.4
CRUISE,TRACKING,4.34116016,4.346837057714879,83.77482799738796,-49.31387344838044,0.6483443745714573,3.0000000000001137,93.92100000000185,-51.75,0.0,93.01100000000184,67.42
CRUISE,TRACKING,4.34116016,4.335470724080595,83.84393107033898,-49.26137745112242,0.6557692670188522,3.0000000000001137,93.98100000000186,-51.75,0.0,93.01100000000184,67.44
CRUISE,TRACKING,4.35695198,4.336023501981487,83.91244183534404,-49.2083034255129,0.6630916627568839,3.0000000000001137,94.04100000000186,-51.75,0.0,93.01100000000184,67.46000000000001
CRUISE,TRACKING,4.35695198,4.344063288454242,83.98071405597571,-49.15459102041373,0.6704986300009128,3.0000000000001137,94.10100000000186,-51.75,0.0,93.01100000000184,67.48
CRUISE,TRACKING,4.36397099,4.345688520360327,84.04861150686871,-49.10035049156667,0.6779694509746861,3.0000000000001137,94.16100000000186,-51.75,0.0,93.01100000000184,67.501
CRUISE,TRACKING,4.37122997,4.349560716228972,84.11615316382272,-49.04556132769978,0.685450214499013,3.0000000000001137,94.28100000000187,-51.75,0.0,93.31100000000185,67.522
CRUISE,TRACKING,4.3787232,4.364905694564745,84.18346925314242,-48.99009525237969,0.6929486171951736,3.0000000000001137,94.28100000000187,-51.75,0.0,93.31100000000185,67.54
CRUISE,TRACKING,4.38646908,4.374881823026007,84.2504889140431,-48.9339303657159,0.7004877682435383,3.0000000000001137,94.34100000000187,-51.75,0.0,93.31100000000185,67.56
CRUISE,TRACKING,4.3996848,4.395541260381576,84.31724399000606,-48.87691242815887,0.7079056887652709,3.0000000000001137,94.40100000000187,-51.75,0.0,93.31100000000185,67.58
CRUISE,TRACKING,4.40655171,4.414465044409535,84.38377094260203,-48.81899749432798,0.7152031690966885,3.0000000000001137,94.52100000000188,-51.75,0.0,93.61100000000187,67.60000000000001
CRUISE,TRACKING,4.40655171,4.436890742105254,84.45021575594406,-48.76036822288306,0.7226376836316152,3.0000000000001137,94.52100000000188,-51.75,0.0,93.61100000000187,67.62
CRUISE,TRACKING,4.42112462,4.45708362911234,84.51679077882241,-48.70118629849991,0.7302371260497593,3.0000000000001137,94.58100000000188,-51.75,0.0,93.61100000000187,67.64
CRUISE,TRACKING,4.4288223,4.47338758982234,84.58319982591269,-48.64134766522121,0.7378458352389634,3.0000000000001137,94.70100000000188,-51.75,0.0,93.61100000000187,67.66000000000001
CRUISE,TRACKING,4.43509302,4.480096412021957,84.64927972354621,-48.58087885463313,0.745514747881382,3.0000000000001137,94.70100000000188,-51.75,0.0,93.61100000000187,67.68
CRUISE,TRACKING,4.43509302,4.483186867427238,84.7149287515011,-48.51983130868593,0.7531971600667411,3.0000000000001137,94.76100000000189,-51.75,0.0,93.61100000000187,67.7
CRUISE,TRACKING,4.44848153,4.481604767065306,84.7801496081769,-48.45832881186214,0.7608765000807143,3.0000000000001137,94.82100000000189,-51.75,0.0,93.91100000000188,67.721
CRUISE,TRACKING,4.45561898,4.471229617323817,84.84490039624957,-48.39656483479195,0.7685339537937419,3.0000000000001137,94.88100000000189,-51.75,0.0,93.91100000000188,67.74000000000001
CRUISE,TRACKING,4.46457066,4.471362738055519,84.90936594620244,-48.334604809456074,0.7762313471554394,3.0000000000001137,94.94100000000189,-51.75,0.0,93.91100000000188,67.76
CRUISE,TRACKING,4.47049153,4.4771233534516295,84.97351740941593,-48.27216062479948,0.7840116542953468,3.0000000000001137,95.0010000000019,-51.75,0.0,93.91100000000188,67.78
CRUISE,TRACKING,4.4767225,4.479588098249257,85.0371470098286,-48.20908564055686,0.7918040674067762,3.0000000000001137,95.1210000000019,-51.75,0.0,94.21100000000189,67.8
CRUISE,TRACKING,4.48322546,4.467472421305029,85.09997250722013,-48.145427959928284,0.7994762360939126,3.0000000000001137,95.1210000000019,-51.75,0.0,94.21100000000189,67.82000000000001
CRUISE,TRACKING,4.49005904,4.4633101541147715,85.1619712757149,-48.08121373268543,0.8069827859901395,3.0000000000001137,95.2410000000019,-51.75,0.0,94.21100000000189,67.84
CRUISE,TRACKING,4.49721502,4.4654392009998825,85.22357367636094,-48.016564736862335,0.8144997134186435,3.0000000000001137,95.2410000000019,-51.75,0.0,94.21100000000189,67.86
CRUISE,TRACKING,4.49721502,4.475623459923726,85.28477707339776,-47.95132784841477,0.8220822036529314,3.0000000000001137,95.3010000000019,-51.75,0.0,94.21100000000189,67.88000000000001
CRUISE,TRACKING,4.50863478,4.478802585259368,85.345507253787,-47.885496493234356,0.8296731307867712,3.0000000000001137,95.36100000000191,-51.75,0.0,94.21100000000189,67.9
CRUISE,TRACKING,4.50863478,4.483731527216737,85.40577806046299,-47.81913048730463,0.837241402407983,3.0000000000001137,95.48100000000191,-51.75,0.0,94.5710000000019,67.92200000000001
CRUISE,TRACKING,4.52140128,4.4914771832008835,85.46560934770554,-47.752203385128034,0.8447572738845406,3.0000000000001137,95.48100000000191,-51.75,0.0,94.5710000000019,67.94
CRUISE,TRACKING,4.52140128,4.5046080926116705,85.5251316474575,-47.6846673450145,0.8522742925305931,3.0000000000001137,95.54100000000192,-51.75,0.0,94.5710000000019,67.96000000000001
CRUISE,TRACKING,4.53401924,4.513625458469948,85.58424298776774,-47.6165100725541,0.85984546724248,3.0000000000001137,95.60100000000192,-51.75,0.0,94.5710000000019,67.98
CRUISE,TRACKING,4.53401924,4.535953134641059,85.64291619008303,-47.54750055041758,0.8673896928812695,3.0000000000001137,95.66100000000192,-51.75,0.0,94.5710000000019,68.0
CRUISE,TRACKING,4.53959392,4.577224769754294,85.70153207897205,-47.477466068315415,0.8749631997400175,3.0000000000001137,95.72100000000192,-51.75,0.0,94.81100000000191,68.02000000000001
CRUISE,TRACKING,4.55180448,4.587679008383863,85.7600769989945,-47.40684673148107,0.882615203464716,3.0000000000001137,95.78100000000192,-51.75,0.0,94.81100000000191,68.04
CRUISE,TRACKING,4.55847585,4.601059578084627,85.81826415226419,-47.33561151704343,0.8902624236151222,3.0000000000001137,95.90100000000193,-51.75,0.0,94.81100000000191,68.06
CRUISE,TRACKING,4.55847585,4.606921755869929,85.8759987640683,-47.26382435858358,0.8979806186706116,3.0000000000001137,95.90100000000193,-51.75,0.0,94.81100000000191,68.08
CRUISE,TRACKING,4.56336839,4.610038353194468,85.93318709723492,-47.1915145778134,0.9057154622747752,3.0000000000001137,95.96100000000193,-51.75,0.0,94.81100000000191,68.10000000000001
CRUISE,TRACKING,4.56864645,4.612553672181347,85.98984091227864,-47.11872952917443,0.9134292662656597,3.0000000000001137,96.08100000000194,-51.75,0.0,95.11100000000192,68.12
CRUISE,TRACKING,4.58036136,4.615947794370806,86.04597126557432,-47.04546155300853,0.9210871862242404,3.0000000000001137,96.14100000000194,-51.75,0.0,95.11100000000192,68.14
CRUISE,TRACKING,4.58036136,4.626516819335951,86.1017128757932,-46.97166825854059,0.928747971611425,3.0000000000001137,96.14100000000194,-51.75,0.0,95.11100000000192,68.16000000000001
CRUISE,TRACKING,4.58682043,4.618061012702034,86.15702290080274,-46.89760799514387,0.9365535387655244,3.0000000000001137,96.20100000000194,-51.75,0.0,95.11100000000192,68.18
CRUISE,TRACKING,4.5975243,4.59280864258655,86.21172977479613,-46.82367779255984,0.9445241899636153,3.0000000000001137,96.32100000000194,-51.75,0.0,95.47100000000194,68.20100000000001
CRUISE,TRACKING,4.60348531,4.58426417108789,86.2655580141352,-46.74935434041386,0.9524278210257231,3.0000000000001137,96.32100000000194,-51.75,0.0,95.47100000000194,68.22
CRUISE,TRACKING,4.6098719,4.582810048432428,86.31841321540738,-46.674498059265936,0.9601562183080925,3.0000000000001137,96.38100000000195,-51.75,0.0,95.47100000000194,68.24000000000001
CRUISE,TRACKING,4.6098719,4.605654845755329,86.37087552350434,-46.598940294798005,0.9678165132373774,3.0000000000001137,96.44100000000195,-51.75,0.0,95.47100000000194,68.26
CRUISE,TRACKING,4.61853755,4.62002567766222,86.42286481497055,-46.522659476465144,0.9752856033190296,3.0000000000001137,96.50100000000195,-51.75,0.0,95.47100000000194,68.28
CRUISE,TRACKING,4.63115158,4.62949579728152,86.47426507609694,-46.44571936055746,0.9824632085798072,3.0000000000001137,96.62100000000196,-51.75,0.0,95.71100000000195,68.3
CRUISE,TRACKING,4.65815576,4.642516221602177,86.52520908532641,-46.368205910550905,0.9893622771551147,3.0000000000001137,96.62100000000196,-51.75,0.0,95.71100000000195,68.32000000000001
CRUISE,TRACKING,4.67241027,4.658946015318844,86.57578575906358,-46.290060752498555,0.9959710310943418,3.0000000000001137,96.74100000000196,-51.75,0.0,95.71100000000195,68.34
CRUISE,TRACKING,4.67241027,4.676138053068061,86.62600160813392,-46.21127087559015,1.002276812065913,3.0000000000001137,96.80100000000196,-51.75,0.0,95.71100000000195,68.36
CRUISE,TRACKING,4.69833343,4.69409409019631,86.67591082605489,-46.131886475512275,1.0082769827234894,3.0000000000001137,96.80100000000196,-51.75,0.0,95.71100000000195,68.38000000000001
CRUISE,TRACKING,4.69833343,4.717927824839867,86.72583683637626,-46.051961945496835,1.0140511918731956,3.0000000000001137,96.86100000000197,-51.75,0.0,95.71100000000195,68.4
CRUISE,TRACKING,4.71001097,4.729549665956538,86.77557084492447,-45.9715765830678,1.019543652595238,3.0000000000001137,96.92100000000197,-51.75,0.0,96.01100000000196,68.42
CRUISE,TRACKING,4.73478123,4.740814313981747,86.82499046452354,-45.89074235768254,1.0246972645826835,3.0000000000001137,96.98100000000197,-51.75,0.0,96.01100000000196,68.44
CRUISE,TRACKING,4.73478123,4.771000735697287,86.87428175602352,-45.80920830975288,1.0295979943968288,3.0000000000001137,97.04100000000197,-51.75,0.0,96.01100000000196,68.46000000000001
CRUISE,TRACKING,4.75758834,4.7912598963858715,86.92343264995145,-45.72703704184917,1.0344482212303112,3.0000000000001137,97.16100000000198,-51.75,0.0,96.01100000000196,68.48
CRUISE,TRACKING,4.75758834,4.798108239807357,86.97226110535156,-45.644468920991955,1.0392974160907142,3.0000000000001137,97.22100000000198,-51.75,0.0,96.01100000000196,68.501
CRUISE,TRACKING,4.76776299,4.804898370024164,87.02074587927235,-45.56156904703934,1.0440955183103293,3.0000000000001137,97.22100000000198,-51.75,0.0,96.31100000000197,68.52000000000001
CRUISE,TRACKING,4.79021876,4.812568719179338,87.06891667836561,-45.478300065207506,1.048795055874269,3.0000000000001137,97.34100000000198,-51.75,0.0,96.31100000000197,68.54100000000001
CRUISE,TRACKING,4.79021876,4.832013300513712,87.11689563891859,-45.39450034566095,1.0534373036202966,3.0000000000001137,97.40100000000199,-51.75,0.0,96.31100000000197,68.56
CRUISE,TRACKING,4.80973151,4.836437923901348,87.16466924896486,-45.31039690664492,1.058182656104389,3.0000000000001137,97.46100000000199,-51.75,0.0,96.31100000000197,68.58
CRUISE,TRACKING,4.8186034,4.821759269261155,87.2120711836143,-45.22629671327078,1.0630695893264526,3.0000000000001137,97.46100000000199,-51.75,0.0,96.31100000000197,68.60000000000001
CRUISE,TRACKING,4.82801894,4.815505283923274,87.25878216060856,-45.142051562858505,1.0678924632288358,3.0000000000001137,97.58100000000199,-51.75,0.0,96.61100000000198,68.62
CRUISE,TRACKING,4.83802877,4.831328347774086,87.30513186322153,-45.05734556472731,1.0726555763099368,3.0000000000001137,97.58100000000199,-51.75,0.0,96.61100000000198,68.64
CRUISE,TRACKING,4.84861486,4.8283964893024445,87.35114859811611,-44.97241672265356,1.0774051949428507,3.0000000000001137,97.701000000002,-51.75,0.0,96.61100000000198,68.66000000000001
CRUISE,TRACKING,4.85579217,4.832723874992353,87.39687774353955,-44.88727685927451,1.082278865055536,3.0000000000001137,97.761000000002,-51.75,0.0,96.61100000000198,68.68
CRUISE,TRACKING,4.85579217,4.845020055723549,87.44220352773661,-44.80167152824556,1.0872229654356387,3.0000000000001137,97.761000000002,-51.75,0.0,96.91100000000199,68.7
CRUISE,TRACKING,4.86355212,4.857034892859908,87.48712990974839,-44.71561669095146,1.0921583345901311,3.0000000000001137,97.821000000002,-51.75,0.0,96.91100000000199,68.72
CRUISE,TRACKING,4.88082736,4.868337014299843,87.53168388008787,-44.62912644996442,1.0970332713643682,3.0000000000001137,97.941000000002,-51.75,0.0,96.91100000000199,68.74000000000001
CRUISE,TRACKING,4.89038513,4.879590990738914,87.57596770236839,-44.542237190957,1.1018992250001123,3.0000000000001137,97.941000000002,-51.75,0.0,96.91100000000199,68.76
CRUISE,TRACKING,4.89654394,4.8916343333735774,87.61995682422096,-44.45490119742112,1.1068652243816797,3.0000000000001137,98.06100000000201,-51.75,0.0,96.91100000000199,68.78
CRUISE,TRACKING,4.90331495,4.897527995989027,87.6635783741497,-44.36727810091975,1.1119430709369278,3.0000000000001137,98.06100000000201,-51.75,0.0,96.91100000000199,68.80000000000001
CRUISE,TRACKING,4.90331495,4.933901236935234,87.7070917159203,-44.278939892849614,1.117095510343982,3.0000000000001137,98.18100000000202,-51.75,0.0,97.211000000002,68.82000000000001
CRUISE,TRACKING,4.91067927,4.944841104949526,87.75020974473823,-44.189970223377166,1.122173226871232,3.0000000000001137,98.18100000000202,-51.75,0.0,97.211000000002,68.84
CRUISE,TRACKING,4.9273509,4.9548961678671155,87.7930107362403,-44.10060430055476,1.127240774142965,3.0000000000001137,98.24100000000202,-51.75,0.0,97.211000000002,68.86
CRUISE,TRACKING,4.93261512,4.958187600700854,87.83547505531054,-44.01099566649543,1.1324361137680345,3.0000000000001137,98.30100000000202,-51.75,0.0,97.211000000002,68.88000000000001
CRUISE,TRACKING,4.93261512,4.969751740026334,87.87747490575231,-43.9209434129338,1.137710481676634,3.0000000000001137,98.36100000000202,-51.75,0.0,97.51100000000201,68.9
CRUISE,TRACKING,4.94503878,4.9755612146496615,87.91900468351064,-43.83053181074554,1.1429897774152602,3.0000000000001137,98.42100000000202,-51.75,0.0,97.51100000000201,68.92
CRUISE,TRACKING,4.94503878,4.978817181991794,87.96008042991417,-43.739848761811835,1.1482278954451046,3.0000000000001137,98.48100000000203,-51.75,0.0,97.51100000000201,68.94
CRUISE,TRACKING,4.9522389,4.987199060406926,88.00080082031161,-43.64879752691588,1.153459154165236,3.0000000000001137,98.54100000000203,-51.75,0.0,97.51100000000201,68.96000000000001
CRUISE,TRACKING,4.96457901,4.98759752149306,88.04112386374482,-43.5575447465539,1.1588109016552361,3.0000000000001137,98.60100000000203,-51.75,0.0,97.51100000000201,68.98
CRUISE,TRACKING,4.96972196,4.970431040333596,88.0809128833332,-43.466316836334784,1.164278558229155,3.0000000000001137,98.72100000000204,-51.75,0.0,97.81100000000202,69.0
CRUISE,TRACKING,4.97550555,4.955613963365807,88.11991888646607,-43.375191797658275,1.1697011026667377,3.0000000000001137,98.72100000000204,-51.75,0.0,97.81100000000202,69.02000000000001
CRUISE,TRACKING,4.98198976,4.967703889247514,88.15846259075875,-43.283665113669464,1.17507825966131,3.0000000000001137,98.78100000000204,-51.75,0.0,97.81100000000202,69.04
CRUISE,TRACKING,4.98198976,4.960583983907959,88.19655234001064,-43.19200320973688,1.1804457536356963,3.0000000000001137,98.84100000000204,-51.75,0.0,97.81100000000202,69.06
CRUISE,TRACKING,4.98915305,4.960077210594948,88.23422567901119,-43.10021932179911,1.1859404487242058,3.0000000000001137,98.90100000000204,-51.75,0.0,97.81100000000202,69.08
CRUISE,TRACKING,4.99743385,4.970693530367784,88.27137656925508,-43.00803419099147,1.1915255001155065,3.0000000000001137,98.96100000000204,-51.75,0.0,98.11100000000204,69.10000000000001
CRUISE,TRACKING,5.00257474,4.983894203950204,88.30799615253098,-42.91539307829242,1.1970615011648764,3.0000000000001137,99.02100000000205,-51.75,0.0,98.11100000000204,69.12100000000001
CRUISE,TRACKING,5.00913226,4.991421125128694,88.34416670041973,-42.82238245641099,1.2025805145215633,3.0000000000001137,99.08100000000205,-51.75,0.0,98.11100000000204,69.14
CRUISE,TRACKING,5.00913226,5.000248632960883,88.37989933419574,-42.72905341524411,1.2081070308793864,3.0000000000001137,99.14100000000205,-51.75,0.0,98.11100000000204,69.16000000000001
CRUISE,TRACKING,5.01889756,5.0119998833213355,88.41524190194018,-42.63531896271905,1.2137657169326717,3.0000000000001137,99.20100000000205,-51.75,0.0,98.11100000000204,69.18
CRUISE,TRACKING,5.02298454,5.0281746952137345,88.45029019076138,-42.541182522304005,1.2196168923283248,3.0000000000001137,99.26100000000206,-51.75,0.0,98.11100000000204,69.2
CRUISE,TRACKING,5.02726431,5.0600872414400095,88.48483387714222,-42.44619008473437,1.225477054250538,3.0000000000001137,99.32100000000206,-51.75,0.0,98.41100000000205,69.22
CRUISE,TRACKING,5.03256931,5.061454713832873,88.51883083910866,-42.35085497302067,1.2313037143340106,3.0000000000001137,99.44100000000206,-51.75,0.0,98.41100000000205,69.24000000000001
CRUISE,TRACKING,5.03256931,5.072717380746058,88.55235974508838,-42.25515176871155,1.2371283771054065,3.0000000000001137,99.44100000000206,-51.75,0.0,98.41100000000205,69.26
CRUISE,TRACKING,5.03858369,5.075560884350912,88.58541309805561,-42.15918398068306,1.2431063669368119,3.0000000000001137,99.50100000000207,-51.75,0.0,98.41100000000205,69.28
CRUISE,TRACKING,5.04538097,5.077698206804712,88.61785954225559,-42.0629642806024,1.249184127166838,3.0000000000001137,99.56100000000207,-51.75,0.0,98.71100000000206,69.30000000000001
CRUISE,TRACKING,5.04947126,5.083125581111573,88.64971206977307,-41.96643723696669,1.2552679341748816,3.0000000000001137,99.62100000000207,-51.75,0.0,98.71100000000206,69.32000000000001
CRUISE,TRACKING,5.05429644,5.08346104767386,88.68098371659197,-41.869698544058096,1.2613145933251129,3.0000000000001137,99.68100000000207,-51.75,0.0,98.71100000000206,69.34
CRUISE,TRACKING,5.05429644,5.085451577101945,88.71170579573158,-41.772701774154534,1.2673647388325644,3.0000000000001137,99.74100000000207,-51.75,0.0,98.71100000000206,69.36
CRUISE,TRACKING,5.05984941,5.075038435061202,88.7417880632331,-41.67567300869258,1.2735040379926725,3.0000000000001137,99.80100000000208,-51.75,0.0,98.71100000000206,69.38000000000001
CRUISE,TRACKING,5.06503933,5.04458423434918,88.77109802918477,-41.57897702117203,1.2797188442180665,3.0000000000001137,99.86100000000208,-51.75,0.0,99.01100000000207,69.4
CRUISE,TRACKING,5.06503933,5.042165975852972,88.79975470232694,-41.48228712881085,1.2859557861003732,3.0000000000001137,99.92100000000208,-51.75,0.0,99.01100000000207,69.42
CRUISE,TRACKING,5.07312649,5.048787784165724,88.82781170170446,-41.38534192278786,1.2921635161372358,3.0000000000001137,99.98100000000208,-51.75,0.0,99.01100000000207,69.44
CRUISE,TRACKING,5.07829047,5.041649913913105,88.8553348441582,-41.2882671111524,1.2983786362802219,3.0000000000001137,100.04100000000209,-51.75,0.0,99.01100000000207,69.46000000000001
CRUISE,TRACKING,5.08088486,5.038939009404148,88.88230175200378,-41.191154530699315,1.3047254297265765,3.0000000000001137,100.16100000000209,-51.75,0.0,99.01100000000207,69.48100000000001
CRUISE,TRACKING,5.08347925,5.048511420331827,88.9086239028424,-41.09370442101684,1.3111769277488459,3.0000000000001137,100.22100000000209,-51.75,0.0,99.31100000000208,69.501
CRUISE,TRACKING,5.08678857,5.057053877485043,88.93430220786033,-40.99589204425238,1.3176573689558957,3.0000000000001137,100.22100000000209,-51.75,0.0,99.31100000000208,69.52000000000001
CRUISE,TRACKING,5.09085483,5.065967265174268,88.95937320713976,-40.897745629939,1.3241245990980075,3.0000000000001137,100.2810000000021,-51.75,0.0,99.31100000000208,69.54
CRUISE,TRACKING,5.09567078,5.074477919741804,88.98397122446524,-40.799350110977365,1.330644879990312,3.0000000000001137,100.3410000000021,-51.75,0.0,99.31100000000208,69.56
CRUISE,TRACKING,5.09719294,5.089807900399289,89.00807616923026,-40.70055354458766,1.3373232817335372,3.0000000000001137,100.4610000000021,-51.75,0.0,99.31100000000208,69.581
CRUISE,TRACKING,5.0994629,5.127613547064816,89.0315419566646,-40.60094737622158,1.344119605670304,3.0000000000001137,100.4610000000021,-51.75,0.0,99.6110000000021,69.60000000000001
CRUISE,TRACKING,5.0994629,5.138331905252938,89.05431355920567,-40.50074279354593,1.3509407749324183,3.0000000000001137,100.5810000000021,-51.75,0.0,99.6110000000021,69.62100000000001
CRUISE,TRACKING,5.10245726,5.138222003779829,89.0763995561374,-40.40038631066584,1.357738067479422,3.0000000000001137,100.5810000000021,-51.75,0.0,99.6110000000021,69.64
CRUISE,TRACKING,5.11076553,5.134244948686095,89.09779397895517,-40.299960711804744,1.3645179306075044,3.0000000000001137,100.64100000000211,-51.75,0.0,99.6110000000021,69.661
CRUISE,TRACKING,5.0956428,5.12770938744968,89.11848611453132,-40.19949034337281,1.371408453297762,3.0000000000001137,100.76100000000211,-51.75,0.0,99.6110000000021,69.68
CRUISE,TRACKING,5.0956428,5.113748640759286,89.13845544280295,-40.099096569272284,1.3784971741189047,3.0000000000001137,100.76100000000211,-51.75,0.0,99.9110000000021,69.7
CRUISE,TRACKING,5.06709162,5.086394038003908,89.15767753658126,-39.99903715064935,1.3858799568935118,3.0000000000001137,100.88100000000212,-51.75,0.0,99.9110000000021,69.72
CRUISE,TRACKING,5.0533285,5.049995383819585,89.17599941207156,-39.89955140394596,1.3935017259626974,3.0000000000001137,100.88100000000212,-51.75,0.0,99.9110000000021,69.74000000000001
CRUISE,TRACKING,5.03999882,5.047189021952705,89.19346120016444,-39.800087390213726,1.401318712129625,3.0000000000001137,100.94100000000212,-51.75,0.0,99.9110000000021,69.76
CRUISE,TRACKING,5.03999882,5.017365962154622,89.20994756481961,-39.700920341565826,1.4090922912184023,3.0000000000001137,101.00100000000212,-51.75,0.0,99.9110000000021,69.78
CRUISE,TRACKING,5.02474945,4.972475343501523,89.22560085822602,-39.60249932422436,1.416737290569605,3.0000000000001137,101.06100000000212,-51.75,0.0,99.9110000000021,69.80000000000001
CRUISE,TRACKING,4.99621293,4.966596870916849,89.24048220157931,-39.504277253836996,1.4241847087265564,3.0000000000001137,101.12100000000213,-51.75,0.0,100.21100000000212,69.82000000000001
CRUISE,TRACKING,4.98294931,4.960315896722273,89.25463746270239,-39.4060670050519,1.4313814088636472,3.0000000000001137,101.18100000000213,-51.75,0.0,100.21100000000212,69.84
CRUISE,TRACKING,4.96999931,4.9483630762276265,89.26807408019354,-39.307961332971836,1.4382777575914618,3.0000000000001137,101.24100000000213,-51.75,0.0,100.21100000000212,69.86
CRUISE,TRACKING,4.96999931,4.9390507558502765,89.28082150309707,-39.20997039313339,1.444858083620223,3.0000000000001137,101.30100000000213,-51.75,0.0,100.21100000000212,69.88000000000001
CRUISE,TRACKING,4.9556375,4.929338827246099,89.29291223893907,-39.112090664539494,1.4511000248429613,3.0000000000001137,101.36100000000214,-51.75,0.0,100.21100000000212,69.9
CRUISE,TRACKING,4.92878727,4.919076135847399,89.3043814733332,-39.01434146352675,1.4569901247929047,3.0000000000001137,101.48100000000214,-51.75,0.0,100.51100000000213,69.92
CRUISE,TRACKING,4.92878727,4.908258241447658,89.31525838127234,-38.91673733028987,1.4625225729080045,3.0000000000001137,101.48100000000214,-51.75,0.0,100.51100000000213,69.94
CRUISE,TRACKING,4.90407152,4.902485815983562,89.32559128412169,-38.81922152485477,1.4677061174363024,3.0000000000001137,101.54100000000214,-51.75,0.0,100.51100000000213,69.96000000000001
CRUISE,TRACKING,4.89784332,4.896550293323712,89.3354109024536,-38.72176766698346,1.4725319675366328,3.0000000000001137,101.66100000000215,-51.75,0.0,100.51100000000213,69.98100000000001
CRUISE,TRACKING,4.89784332,4.890475182996308,89.34478153788216,-38.624370865929684,1.476990477074138,3.0000000000001137,101.66100000000215,-51.75,0.0,100.51100000000213,70.0
CRUISE,TRACKING,4.8885041,4.881122361384011,89.35372576149865,-38.527113289638436,1.4811586564299846,3.0000000000001137,101.78100000000215,-51.75,0.0,100.81100000000214,70.02000000000001
CRUISE,TRACKING,4.8885041,4.885277785464615,89.36228625355369,-38.42982499987609,1.485050644227278,3.0000000000001137,101.78100000000215,-51.75,0.0,100.81100000000214,70.04
CRUISE,TRACKING,4.8914386,4.887776010558806,89.37048668466127,-38.332433536705686,1.4886588555439113,3.0000000000001137,101.90100000000216,-51.75,0.0,100.81100000000214,70.061
CRUISE,TRACKING,4.89806067,4.891829339204385,89.37835583008663,-38.234941981337585,1.4919577843545655,3.0000000000001137,101.90100000000216,-51.75,0.0,100.81100000000214,70.08
CRUISE,TRACKING,4.90554693,4.892441478789337,89.38592142145096,-38.137378499818126,1.4949197798021137,3.0000000000001137,102.02100000000216,-51.75,0.0,101.11100000000215,70.102
CRUISE,TRACKING,4.90554693,4.911347551476371,89.39323674822995,-38.03950411338763,1.4975482125491304,3.0000000000001137,102.02100000000216,-51.75,0.0,101.11100000000215,70.12
CRUISE,TRACKING,4.92306923,4.921755213805862,89.40032361003615,-37.94138370271624,1.499915646299954,3.0000000000001137,102.08100000000216,-51.75,0.0,101.11100000000215,70.14
CRUISE,TRACKING,4.93244289,4.932611531076488,89.40719934499715,-37.843052277678204,1.5020295885152506,3.0000000000001137,102.14100000000217,-51.75,0.0,101.11100000000215,70.16000000000001
CRUISE,TRACKING,4.9523295,4.945158856889612,89.41388232514103,-37.744430639028714,1.5038562705995266,3.0000000000001137,102.20100000000217,-51.75,0.0,101.11100000000215,70.18
CRUISE,TRACKING,4.97270814,4.955436278120119,89.42041954414518,-37.645584537324254,1.505368426640362,3.0000000000001137,102.26100000000217,-51.75,0.0,101.41100000000216,70.2
CRUISE,TRACKING,4.97270814,4.981146191291788,89.42686305243546,-37.54635097891891,1.5065306346808784,3.0000000000001137,102.32100000000217,-51.75,0.0,101.41100000000216,70.22
CRUISE,TRACKING,5.01494321,5.009053788605613,89.43324066350792,-37.44655003219071,1.5074230725164033,3.0000000000001137,102.44100000000218,-51.75,0.0,101.41100000000216,70.24000000000001
CRUISE,TRACKING,5.01494321,5.025257204880942,89.43956158067877,-37.34630854532209,1.5080593114554448,3.0000000000001137,102.50100000000218,-51.75,0.0,101.41100000000216,70.26
CRUISE,TRACKING,5.04755472,5.037682965862452,89.44584998841485,-37.24581406596499,1.508416021292006,3.0000000000001137,102.50100000000218,-51.75,0.0,101.41100000000216,70.28
CRUISE,TRACKING,5.05837585,5.050353125711553,89.45213401332884,-37.145065668631375,1.5085140380521662,3.0000000000001137,102.62100000000218,-51.75,0.0,101.71100000000217,70.301
CRUISE,TRACKING,5.05837585,5.064493143332976,89.45843656464494,-37.044047991804945,1.5084148764019307,3.0000000000001137,102.62100000000218,-51.75,0.0,101.71100000000217,70.32000000000001
CRUISE,TRACKING,5.06876963,5.078667065236107,89.4647737758308,-36.942746958341274,1.508162026691369,3.0000000000001137,102.68100000000219,-51.75,0.0,101.71100000000217,70.34
CRUISE,TRACKING,5.07893853,5.096480079698357,89.47116412023014,-36.841096129979405,1.5078188232163992,3.0000000000001137,102.74100000000219,-51.75,0.0,101.71100000000217,70.36
CRUISE,TRACKING,5.09863562,5.10449510663002,89.47760437187748,-36.73924543406915,1.5074528106306622,3.0000000000001137,102.80100000000219,-51.75,0.0,101.71100000000217,70.38000000000001
CRUISE,TRACKING,5.10817685,5.113981768025237,89.4840950225614,-36.637208601280754,1.5070669060565993,3.0000000000001137,102.86100000000219,-51.75,0.0,102.01100000000218,70.4
CRUISE,TRACKING,5.10817685,5.123224467951005,89.49063726850825,-36.534996847167356,1.5066636657228831,3.0000000000001137,102.9210000000022,-51.75,0.0,102.01100000000218,70.42
CRUISE,TRACKING,5.12666632,5.132253618651615,89.49723377879461,-36.43259715302775,1.506245080125767,3.0000000000001137,102.9810000000022,-51.75,0.0,102.01100000000218,70.44
CRUISE,TRACKING,5.12666632,5.143542331871041,89.50388967786266,-36.32999122686755,1.5058299506915893,3.0000000000001137,103.0410000000022,-51.75,0.0,102.01100000000218,70.46000000000001
CRUISE,TRACKING,5.13562278,5.151650476145016,89.51059725865763,-36.22721929293971,1.5054328052275574,3.0000000000001137,103.1010000000022,-51.75,0.0,102.01100000000218,70.48100000000001
CRUISE,TRACKING,5.1443924,5.160154467268505,89.5173555409161,-36.12427767915833,1.5050468419718184,3.0000000000001137,103.1610000000022,-51.75,0.0,102.01100000000218,70.5
CRUISE,TRACKING,5.16138662,5.168059740802673,89.52416524574441,-36.021172192955014,1.5046675021570302,3.0000000000001137,103.28100000000221,-51.75,0.0,102.3110000000022,70.52000000000001
CRUISE,TRACKING,5.16961877,5.177936410179544,89.53102625378173,-35.9178858740778,1.5042889695859891,3.0000000000001137,103.34100000000221,-51.75,0.0,102.3110000000022,70.54
CRUISE,TRACKING,5.16961877,5.186181853397371,89.53793920868557,-35.814419967865334,1.5039155142895453,3.0000000000001137,103.34100000000221,-51.75,0.0,102.3110000000022,70.56
CRUISE,TRACKING,5.17767919,5.19435553835143,89.54490054720935,-35.71079182244002,1.5035530335123557,3.0000000000001137,103.40100000000221,-51.75,0.0,102.3110000000022,70.58
CRUISE,TRACKING,5.19329908,5.202223781388851,89.55190885213305,-35.607007508543646,1.5031966418915965,3.0000000000001137,103.52100000000222,-51.75,0.0,102.6110000000022,70.60000000000001
CRUISE,TRACKING,5.19329908,5.209952015718794,89.55896359804049,-35.503070069237765,1.5028425011748154,3.0000000000001137,103.58100000000222,-51.75,0.0,102.6110000000022,70.62
CRUISE,TRACKING,5.20827407,5.217446867741057,89.56606329193617,-35.39900866960947,1.5024878598978948,3.0000000000001137,103.58100000000222,-51.75,0.0,102.6110000000022,70.64
CRUISE,TRACKING,5.20827407,5.223275526862723,89.57320964989923,-35.29480857413476,1.5021373702150174,3.0000000000001137,103.64100000000222,-51.75,0.0,102.6110000000022,70.66000000000001
CRUISE,TRACKING,5.21552809,5.230639506056897,89.5804021356414,-35.19046449611497,1.501796269620478,3.0000000000001137,103.70100000000222,-51.75,0.0,102.6110000000022,70.68
CRUISE,TRACKING,5.2295853,5.237726457062475,89.58763981362172,-35.08598014791041,1.5014603327367553,3.0000000000001137,103.76100000000223,-51.75,0.0,102.91100000000222,70.7
CRUISE,TRACKING,5.23639474,5.2444114648319955,89.5949181641097,-34.981374894666416,1.501125134194157,3.0000000000001137,103.82100000000223,-51.75,0.0,102.91100000000222,70.72
CRUISE,TRACKING,5.23639474,5.247977496062648,89.6022404307709,-34.87668244788072,1.500789747041259,3.0000000000001137,103.88100000000223,-51.75,0.0,102.91100000000222,70.74000000000001
CRUISE,TRACKING,5.24959041,5.255424231799782,89.60960813454585,-34.77184941920924,1.5004583764085297,3.0000000000001137,103.94100000000223,-51.75,0.0,102.91100000000222,70.76
CRUISE,TRACKING,5.25598252,5.261276407950311,89.61701844455041,-34.66690013593002,1.500136474291723,3.0000000000001137,104.00100000000224,-51.75,0.0,102.91100000000222,70.78
CRUISE,TRACKING,5.26224128,5.26681405281422,89.62447015041899,-34.56184243859388,1.4998189766276797,1.8000000000000682,104.10900000000224,-51.75,0.0,103.21100000000223,70.80000000000001
CRUISE,TRACKING,5.26824163,5.272764575777452,89.63196356850295,-34.45666955497278,1.499502713075773,1.8000000000000682,104.10900000000224,-51.75,0.0,103.21100000000223,70.82000000000001
CRUISE,TRACKING,5.26824163,5.278642982679035,89.63949836662226,-34.35138142082209,1.4991860440315283,0.0,104.10900000000224,-51.75,0.0,103.21100000000223,70.84
CRUISE,TRACKING,5.28011715,5.285156167685124,89.64707638742577,-34.245980303941096,1.4988744252142028,0.0,104.10900000000224,-51.75,0.0,103.21100000000223,70.86
CRUISE,TRACKING,5.28011715,5.290650755981196,89.65469443140884,-34.140462927757255,1.4985720323917446,0.0,104.10900000000224,-51.75,0.0,103.21100000000223,70.88000000000001
CRUISE,TRACKING,5.29150748,5.2958717725473505,89.66235427709427,-34.0348383829744,1.4982759850172873,0.0,104.10900000000224,-51.75,0.0,103.25900000000223,70.9
CRUISE,TRACKING,5.29150748,5.303827234071673,89.6700542195886,-33.929074261145296,1.4979816039991944,0.0,104.10900000000224,-51.75,0.0,103.25900000000223,70.92
CRUISE,TRACKING,5.30242769,5.309076035742834,89.67779292361878,-33.823187573197934,1.4976861112273179,0.0,104.10900000000224,-51.75,0.0,103.25900000000223,70.94
CRUISE,TRACKING,5.30771754,5.313366605195447,89.68557199464793,-33.71721753470853,1.4973958746270934,0.0,104.10900000000224,-51.75,0.0,103.25900000000223,70.96000000000001
CRUISE,TRACKING,5.31289704,5.3187885111984485,89.69338826598532,-33.6111418565005,1.4971142939833673,0.0,104.10900000000224,-51.75,0.0,103.25900000000223,70.98
CRUISE,TRACKING,5.31796848,5.32399376984309,89.7012410281296,-33.50496354914722,1.4968375923057256,0.0,104.10900000000224,-51.75,0.0,103.25900000000223,71.0
CRUISE,TRACKING,5.31796848,5.329096226680748,89.70912963330036,-33.39868476698597,1.4965626701561,0.0,104.10900000000224,-51.75,0.0,103.25900000000223,71.022
CRUISE,TRACKING,5.32293413,5.334039228698294,89.7170541399536,-33.29231460316356,1.4962873407057844,0.0,104.10900000000224,-51.75,0.0,103.25900000000223,71.04
CRUISE,TRACKING,5.33255682,5.33757351600617,89.72501378235101,-33.18587024408904,1.4960162002600663,0.0,104.10900000000224,-51.75,0.0,103.25900000000223,71.06
CRUISE,TRACKING,5.33721814,5.342461724007819,89.73300800972852,-33.07933595548523,1.4957536199991077,0.0,104.10900000000224,-51.75,0.0,103.25900000000223,71.08
CRUISE,TRACKING,5.34178222,5.345303380948481,89.74103544747878,-32.972738257292,1.4954964345580435,0.0,104.10900000000224,-51.75,0.0,103.25900000000223,71.10000000000001
CRUISE,TRACKING,5.34178222,5.349434898840976,89.74909637401439,-32.86606196903268,1.4952415500661063,0.0,104.10900000000224,-51.75,0.0,103.25900000000223,71.12
CRUISE,TRACKING,5.35062672,5.353543239363103,89.75719068353747,-32.75930587691344,1.4949864922148763,0.0,104.10900000000224,-51.75,0.0,103.25900000000223,71.14
CRUISE,TRACKING,5.35491107,5.358665541409347,89.76531997071405,-32.6524506283287,1.494735277262717,0.0,104.10900000000224,-51.75,0.0,103.25900000000223,71.16000000000001
CRUISE,TRACKING,5.35901854,5.3625121681040415,89.77348156057609,-32.545521490301084,1.4944924257769765,0.0,104.10900000000224,-51.75,0.0,103.25900000000223,71.18
CRUISE,TRACKING,5.35901854,5.366300390010585,89.78167459990576,-32.43851849098168,1.4942547929847072,0.0,104.10900000000224,-51.75,0.0,103.25900000000223,71.2
CRUISE,TRACKING,5.363126,5.370011405957006,89.78989860067415,-32.33144131316898,1.4940195434720365,0.0,104.10900000000224,-51.75,0.0,103.25900000000223,71.22200000000001
CRUISE,TRACKING,5.37108741,5.373837554130626,89.79815334765654,-32.22429284279984,1.493784478862594,0.0,104.10900000000224,-51.75,0.0,103.25900000000223,71.242
CRUISE,TRACKING,5.37494489,5.378487597058384,89.80644104241598,-32.11705879824033,1.493553942660555,0.0,104.10900000000224,-51.75,0.0,103.25900000000223,71.26
CRUISE,TRACKING,5.37872194,5.382984213252649,89.81476018373075,-32.00973595535456,1.4933317118260334,0.0,104.10900000000224,-51.75,0.0,103.25900000000223,71.28
CRUISE,TRACKING,5.37872194,5.386814625068373,89.8231092470696,-31.9023311220772,1.4931143756604788,0.0,104.10900000000224,-51.75,0.0,103.25900000000223,71.30000000000001
CRUISE,TRACKING,5.38604129,5.39056297063925,89.83148641009805,-31.794856017440615,1.4928992307505922,0.0,104.10900000000224,-51.75,0.0,103.25900000000223,71.32000000000001
CRUISE,TRACKING,5.38958685,5.393993920683752,89.83989193137195,-31.687310589169844,1.4926835373096727,0.0,104.10900000000224,-51.75,0.0,103.25900000000223,71.34100000000001
CRUISE,TRACKING,5.39305845,5.3966387059229675,89.84832750135072,-31.579713889109957,1.4924723770742185,0.0,104.10900000000224,-51.75,0.0,103.25900000000223,71.36
CRUISE,TRACKING,5.39305845,5.400226026979423,89.85678828092315,-31.472047904041933,1.4922685726999003,0.0,104.10900000000224,-51.75,0.0,103.25900000000223,71.38000000000001
CRUISE,TRACKING,5.39645762,5.403692082129912,89.86527609186034,-31.364313892832357,1.49206984176465,0.0,104.10900000000224,-51.75,0.0,103.25900000000223,71.4
CRUISE,TRACKING,5.40304472,5.407078897086215,89.87379053358664,-31.25651349561429,1.4918737507777677,0.0,104.10900000000224,-51.75,0.0,103.25900000000223,71.42
CRUISE,TRACKING,5.40623556,5.410309530059363,89.88232942522521,-31.148649041755753,1.491677003200267,0.0,104.10900000000224,-51.75,0.0,103.25900000000223,71.441
CRUISE,TRACKING,5.40623556,5.4123481262995385,89.89089452517418,-31.04074516928732,1.4914845906539125,0.0,104.10900000000224,-51.75,0.0,103.25900000000223,71.46000000000001
CRUISE,TRACKING,5.40935985,5.415055979996606,89.89948431469766,-30.932788606915082,1.491300265077821,0.0,104.10900000000224,-51.75,0.0,103.25900000000223,71.48
CRUISE,TRACKING,5.41541424,5.417791013338255,89.90809805047348,-30.82477937462316,1.4911209742562173,0.0,104.10900000000224,-51.75,0.0,103.25900000000223,71.501
CRUISE,TRACKING,5.41834704,5.42047827076088,89.91673526138942,-30.716718293001346,1.4909443982560262,0.0,104.10900000000224,-51.75,0.0,103.25900000000223,71.52000000000001
CRUISE,TRACKING,5.41834704,5.423151976926646,89.92539575679328,-30.608605574727576,1.4907686463351506,0.0,104.10900000000224,-51.75,0.0,103.25900000000223,71.54
CRUISE,TRACKING,5.42403038,5.426715046610098,89.93408111301967,-30.500426658398432,1.4905975935826434,0.0,104.10900000000224,-51.75,0.0,103.25900000000223,71.56
CRUISE,TRACKING,5.42678344,5.429161863307379,89.9427882557995,-30.392200873510802,1.4904337211506469,0.0,104.10900000000224,-51.75,0.0,103.25900000000223,71.58
CRUISE,TRACKING,5.42947906,5.431630103903452,89.95151683473624,-30.28392522783684,1.4902743291715,0.0,104.10900000000224,-51.75,0.0,103.25900000000223,71.60000000000001
CRUISE,TRACKING,5.43211846,5.4340348221068675,89.9602675128746,-30.175603734099855,1.490117908996577,0.0,104.10900000000224,-51.75,0.0,103.25900000000223,71.62
CRUISE,TRACKING,5.43211846,5.438002971505899,89.96904031900418,-30.067212347324293,1.489962068664254,0.0,104.10900000000224,-51.75,0.0,103.25900000000223,71.64
CRUISE,TRACKING,5.43470279,5.439752130915171,89.97783507239322,-29.958777272506826,1.4898106853476918,0.0,104.10900000000224,-51.75,0.0,103.25900000000223,71.66000000000001
CRUISE,TRACKING,5.43971084,5.442398424854864,89.98664937910097,-29.85029105848221,1.489666000406466,0.0,104.10900000000224,-51.75,0.0,103.25900000000223,71.68
CRUISE,TRACKING,5.43971084,5.4449252683611755,89.99548285779849,-29.741752862397213,1.4895255385960238,0.0,104.10900000000224,-51.75,0.0,103.25900000000223,71.7
CRUISE,TRACKING,5.44213678,5.447389518268094,90.00433475522794,-29.633168779858277,1.4893874457634115,0.0,104.10900000000224,-51.75,0.0,103.25900000000223,71.72
CRUISE,TRACKING,5.44451212,5.449768254442549,90.01320500110663,-29.524538158947244,1.4892501929667494,0.0,104.10900000000224,-51.75,0.0,103.25900000000223,71.74000000000001
CRUISE,TRACKING,5.44911517,5.451295533941042,90.02209281054824,-29.415878504743596,1.4891169245568774,0.0,104.10900000000224,-51.75,0.0,103.25900000000223,71.76
CRUISE,TRACKING,5.45134492,5.453684643021836,90.03099826579358,-29.307172765078523,1.4889902125307921,0.0,104.10900000000224,-51.75,0.0,103.25900000000223,71.78
CRUISE,TRACKING,5.45134492,5.455955928797659,90.03992067341042,-29.198422309186984,1.4888677406087159,0.0,104.10900000000224,-51.75,0.0,103.25900000000223,71.80000000000001
CRUISE,TRACKING,5.45352817,5.457324909062141,90.0488589033796,-29.089644085765393,1.4887480083568176,0.0,104.10900000000224,-51.75,0.0,103.25900000000223,71.82000000000001
CRUISE,TRACKING,5.45775896,5.459272740476146,90.05781326987776,-28.980828850693115,1.4886295184057714,0.0,104.10900000000224,-51.75,0.0,103.25900000000223,71.84
CRUISE,TRACKING,5.4598084,5.461918730504527,90.06678477669676,-28.871962685085354,1.4885148325142663,0.0,104.10900000000224,-51.75,0.0,103.25900000000223,71.86
CRUISE,TRACKING,5.46181508,5.463690421775941,90.07577153792307,-28.763058719339444,1.4884064677250237,0.0,104.10900000000224,-51.75,0.0,103.25900000000223,71.88000000000001
CRUISE,TRACKING,5.4637799,5.465479699437516,90.08477247232923,-28.65412504124032,1.488302372844631,0.0,104.10900000000224,-51.75,0.0,103.25900000000223,71.9
CRUISE,TRACKING,5.46570374,5.467247766274919,90.09378765852377,-28.545155148158603,1.4882009226583974,0.0,104.10900000000224,-51.75,0.0,103.25900000000223,71.92
CRUISE,TRACKING,5.46570374,5.469004964095169,90.10281671284191,-28.436150718727323,1.4881008474649808,0.0,104.10900000000224,-51.75,0.0,103.25900000000223,71.94
CRUISE,TRACKING,5.46943184,5.47139378857198,90.11186048594435,-28.327106437075248,1.4880046834178375,0.0,104.10900000000224,-51.75,0.0,103.25900000000223,71.96000000000001
CRUISE,TRACKING,5.46943184,5.472983742085983,90.12091714350049,-28.218025562731388,1.4879143856156145,0.0,104.10900000000224,-51.75,0.0,103.25900000000223,71.98
CRUISE,TRACKING,5.47300601,5.474888620085581,90.12998703509606,-28.108907343901137,1.4878283408733153,0.0,104.10900000000224,-51.75,0.0,103.25900000000223,72.001
CRUISE,TRACKING,5.47300601,5.476680645747887,90.13906917637316,-27.999753168024643,1.4877449509411642,0.0,104.10900000000224,-51.75,0.0,103.25900000000223,72.02000000000001
CRUISE,TRACKING,5.47473738,5.478414007685006,90.1481629402555,-27.89056495386886,1.4876630090789222,0.0,104.10900000000224,-51.75,0.0,103.25900000000223,72.04100000000001
CRUISE,TRACKING,5.4780925,5.479545695459805,90.15726896866848,-27.781355188261273,1.4875852928170041,0.0,104.10900000000224,-51.75,0.0,103.25900000000223,72.06
CRUISE,TRACKING,5.4780925,5.481282966174197,90.1663855239064,-27.672111683137548,1.4875130535813934,0.0,104.10900000000224,-51.75,0.0,103.25900000000223,72.081
CRUISE,TRACKING,5.47971775,5.482893867102641,90.17551100933495,-27.56283775134457,1.4874442407719004,0.0,104.10900000000224,-51.75,0.0,103.25900000000223,72.10000000000001
CRUISE,TRACKING,5.48283475,5.484499731965131,90.18464661129087,-27.453530771503186,1.4873780800113174,0.0,104.10900000000224,-51.75,0.0,103.25900000000223,72.12100000000001
CRUISE,TRACKING,5.48436039,5.485555723714043,90.19379202087752,-27.34420346811666,1.4873164853645584,0.0,104.10900000000224,-51.75,0.0,103.25900000000223,72.141
CRUISE,TRACKING,5.48436039,5.487179988687229,90.2029460260969,-27.234844512238947,1.4872602796213732,0.0,104.10900000000224,-51.75,0.0,103.25900000000223,72.16000000000001
CRUISE,TRACKING,5.4858237,5.488713568998894,90.2121082036616,-27.125455357687954,1.4872078012758574,0.0,104.10900000000224,-51.75,0.0,103.25900000000223,72.18
CRUISE,TRACKING,5.48871979,5.490082909224839,90.2212781997052,-27.016038346642052,1.4871580519376995,0.0,104.10900000000224,-51.75,0.0,103.25900000000223,72.2
CRUISE,TRACKING,5.48871979,5.491397445613707,90.2304557239729,-26.906595621515812,1.4871102595056849,0.0,104.10900000000224,-51.75,0.0,103.25900000000223,72.22
CRUISE,TRACKING,5.49012332,5.492831691880303,90.23964054312081,-26.797128013570223,1.487063771481366,0.0,104.10900000000224,-51.75,0.0,103.25900000000223,72.24000000000001
CRUISE,TRACKING,5.49149758,5.494442714913612,90.24883330987164,-26.68762682847296,1.4870204137850118,0.0,104.10900000000224,-51.75,0.0,103.25900000000223,72.26
CRUISE,TRACKING,5.49297774,5.4956185817409375,90.25803254222076,-26.578102378899217,1.4869818771786123,0.0,104.10900000000224,-51.75,0.0,103.25900000000223,72.28
CRUISE,TRACKING,5.49545357,5.4968035237992545,90.26723777470615,-26.468554451382676,1.4869468549605216,0.0,104.10900000000224,-51.75,0.0,103.25900000000223,72.30000000000001
CRUISE,TRACKING,5.49671402,5.497967505963293,90.27644857079744,-26.35898422542135,1.486914428293129,0.0,104.10900000000224,-51.75,0.0,103.25900000000223,72.32000000000001
CRUISE,TRACKING,5.49671402,5.4991667094758,90.2856649204164,-26.249389491838404,1.486883955611658,0.0,104.10900000000224,-51.75,0.0,103.25900000000223,72.34
CRUISE,TRACKING,5.49795075,5.49963309186628,90.29488792916426,-26.13978601701441,1.486859942221411,0.0,104.10900000000224,-51.75,0.0,103.25900000000223,72.36
CRUISE,TRACKING,5.49916168,5.501032883771467,90.30411459133028,-26.030155175596448,1.4868439350103244,0.0,104.10900000000224,-51.75,0.0,103.25900000000223,72.38000000000001
CRUISE,TRACKING,5.50150838,5.502329285465568,90.313344230681,-25.92049818285221,1.4868332451961888,0.0,104.10900000000224,-51.75,0.0,103.25900000000223,72.4
CRUISE,TRACKING,5.50264515,5.503548831126086,90.32257645262173,-25.810816666519507,1.4868261064070258,0.0,104.10900000000224,-51.75,0.0,103.25900000000223,72.42
CRUISE,TRACKING,5.5037582,5.504709467152952,90.33181097491594,-25.7011118626793,1.4868213365317249,0.0,104.10900000000224,-51.75,0.0,103.25900000000223,72.44
CRUISE,TRACKING,5.50484803,5.505823335795309,90.34104756438126,-25.5913847516043,1.4868181336295156,0.0,104.10900000000224,-51.75,0.0,103.25900000000223,72.46000000000001
CRUISE,TRACKING,5.50484803,5.5069001671584665,90.35028614021103,-25.481636101830134,1.4868159935109728,0.0,104.10900000000224,-51.75,0.0,103.25900000000223,72.48
CRUISE,TRACKING,5.50695996,5.507944389903708,90.35952658893423,-25.371866579342775,1.4868145634082073,0.0,104.10900000000224,-51.75,0.0,103.25900000000223,72.5
CRUISE,TRACKING,5.507983,5.50895985244253,90.36876882339452,-25.262076771936474,1.4868136079416265,0.0,104.10900000000224,-51.75,0.0,103.25900000000223,72.52000000000001
CRUISE,TRACKING,5.507983,5.509980746888547,90.37801277539718,-25.152266800920202,1.486812957436144,0.0,104.10900000000224,-51.75,0.0,103.25900000000223,72.54
CRUISE,TRACKING,5.5089847,5.510934747797675,90.38725838827557,-25.042437534538642,1.486812518370095,0.0,104.10900000000224,-51.75,0.0,103.25900000000223,72.56
CRUISE,TRACKING,5.5099655,5.511870667803702,90.39650561220532,-24.93258959709343,1.4868122258776753,0.0,104.10900000000224,-51.75,0.0,103.25900000000223,72.58
CRUISE,TRACKING,5.51092584,5.512788325455518,90.40575440352572,-24.82272335272674,1.4868120315758198,0.0,104.10900000000224,-51.75,0.0,103.25900000000223,72.60000000000001
CRUISE,TRACKING,5.51186615,5.5143153390709365,90.41500575689727,-24.712828131288465,1.4868153075751078,0.0,104.10900000000224,-51.75,0.0,103.25900000000223,72.62
CRUISE,TRACKING,5.51368832,5.515075023186612,90.42425774489718,-24.602917335330243,1.4868253541931273,0.0,104.10900000000224,-51.75,0.0,103.25900000000223,72.64
CRUISE,TRACKING,5.51368832,5.515874803761683,90.43350961426103,-24.492990188587708,1.4868415491667513,0.0,104.10900000000224,-51.75,0.0,103.25900000000223,72.66000000000001
CRUISE,TRACKING,5.514571,5.5160391889020195,90.44276052123588,-24.38305719805283,1.4868634230239384,0.0,104.10900000000224,-51.75,0.0,103.25900000000223,72.68
CRUISE,TRACKING,5.51543526,5.516907606048874,90.45200999754341,-24.273108996952907,1.486889725947922,0.0,104.10900000000224,-51.75,0.0,103.25900000000223,72.7
CRUISE,TRACKING,5.51711007,5.517774942855662,90.4612576388811,-24.16314310683327,1.486919722527385,0.0,104.10900000000224,-51.75,0.0,103.25900000000223,72.72
CRUISE,TRACKING,5.51711007,5.518619202056813,90.47050304690019,-24.053159988469734,1.4869529645178994,0.0,104.10900000000224,-51.75,0.0,103.25900000000223,72.74000000000001
CRUISE,TRACKING,5.51871574,5.5193892570053125,90.47974594667939,-23.943161171183313,1.4869894123526648,0.0,104.10900000000224,-51.75,0.0,103.25900000000223,72.76
CRUISE,TRACKING,5.51949354,5.519737244598866,90.48898589536621,-23.833154666431586,1.4870295474418993,0.0,104.10900000000224,-51.75,0.0,103.25900000000223,72.78
CRUISE,TRACKING,5.52023922,5.5205696275980705,90.49822231078659,-23.723131427988463,1.4870726128120373,0.0,104.10900000000224,-51.75,0.0,103.25900000000223,72.80000000000001
CRUISE,TRACKING,5.52023922,5.5212809472979485,90.50745500110034,-23.613094135393666,1.4871180732906966,0.0,104.10900000000224,-51.75,0.0,103.25900000000223,72.82000000000001
CRUISE,TRACKING,5.52171504,5.521987501164063,90.51668379947618,-23.503041689115143,1.4871659987852288,0.0,104.10900000000224,-51.75,0.0,103.25900000000223,72.84
CRUISE,TRACKING,5.52243025,5.522812917232321,90.5259086221298,-23.39297425232422,1.487216725331024,0.0,104.10900000000224,-51.75,0.0,103.25900000000223,72.86
CRUISE,TRACKING,5.52243025,5.523783148551572,90.53512955732081,-23.28288560654107,1.4872707633892293,0.0,104.10900000000224,-51.75,0.0,103.25900000000223,72.88000000000001
CRUISE,TRACKING,5.52380195,5.524963207584274,90.54434537596084,-23.172774275100444,1.4873274673508858,0.0,104.10900000000224,-51.75,0.0,103.25900000000223,72.9
CRUISE,TRACKING,5.52380195,5.525652928447363,90.55355591646892,-23.06264712044324,1.4873865049956982,0.0,104.10900000000224,-51.75,0.0,103.25900000000223,72.92
CRUISE,TRACKING,5.52513073,5.5263159358133995,90.56276093228179,-22.952505987122922,1.4874480915631065,0.0,104.10900000000224,-51.75,0.0,103.25900000000223,72.94
CRUISE,TRACKING,5.52577469,5.526964965015701,90.57196017070704,-22.842350610427754,1.48751234943559,0.0,104.10900000000224,-51.75,0.0,103.25900000000223,72.96000000000001
CRUISE,TRACKING,5.52577469,5.527147193331595,90.58115319817976,-22.732191052045163,1.4875795334832222,0.0,104.10900000000224,-51.75,0.0,103.25900000000223,72.98
CRUISE,TRACKING,5.52702261,5.527750227845819,90.59033896049522,-22.622019872023053,1.4876490310077124,0.0,104.10900000000224,-51.75,0.0,103.25900000000223,73.0
CRUISE,TRACKING,5.52762712,5.528334819171279,90.59951788829929,-22.511835458767493,1.4877212421269677,0.0,104.10900000000224,-51.75,0.0,103.25900000000223,73.02000000000001
CRUISE,TRACKING,5.52762712,5.528910971104362,90.608689477536,-22.40163928582621,1.487796248074432,0.0,104.10900000000224,-51.75,0.0,103.25900000000223,73.04
CRUISE,TRACKING,5.52879856,5.529186161073719,90.6178533463169,-22.291435699095487,1.4878739558803267,0.0,104.10900000000224,-51.75,0.0,103.25900000000223,73.061
CRUISE,TRACKING,5.52936602,5.529734718498278,90.62700943470446,-22.181220769217887,1.4879540838733476,0.0,104.10900000000224,-51.75,0.0,103.25900000000223,73.08
CRUISE,TRACKING,5.52936602,5.530271094655423,90.63615745442462,-22.07099438102076,1.4880367055819648,0.0,104.10900000000224,-51.75,0.0,103.25900000000223,73.10000000000001
CRUISE,TRACKING,5.52992164,5.530581676082636,90.64529708787408,-21.960759485891572,1.4881220525619407,0.0,104.10900000000224,-51.75,0.0,103.25900000000223,73.12
CRUISE,TRACKING,5.53046567,5.530818419992682,90.65442804358624,-21.850521522457964,1.4882106496736818,0.0,104.10900000000224,-51.75,0.0,103.25900000000223,73.14
CRUISE,TRACKING,5.53099835,5.531329500061212,90.66354986641049,-21.74027254120409,1.4883022361295712,0.0,104.10900000000224,-51.75,0.0,103.25900000000223,73.161
CRUISE,TRACKING,5.53151992,5.531924927522033,90.6726621606361,-21.63001077574437,1.4883961860835944,0.0,104.10900000000224,-51.75,0.0,103.25900000000223,73.18
CRUISE,TRACKING,5.53255564,5.532353138669964,90.68176477987274,-21.51973950082955,1.4884922555085172,0.0,104.10900000000224,-51.75,0.0,103.25900000000223,73.2
CRUISE,TRACKING,5.53302076,5.533286346720294,90.69085872032957,-21.409453185698926,1.488591167606149,0.0,104.10900000000224,-51.75,0.0,103.25900000000223,73.22
CRUISE,TRACKING,5.53350015,5.534359339037311,90.69994286030824,-21.299141767887754,1.4886927611010523,0.0,104.10900000000224,-51.75,0.0,103.25900000000223,73.24000000000001
CRUISE,TRACKING,5.53396903,5.535078742859021,90.70901622255418,-21.188812941083,1.4887964403906082,0.0,104.10900000000224,-51.75,0.0,103.25900000000223,73.26100000000001
CRUISE,TRACKING,5.53442862,5.535580090260203,90.7180788724589,-21.078473131014757,1.4889018626661192,0.0,104.10900000000224,-51.75,0.0,103.25900000000223,73.28
CRUISE,TRACKING,5.53487862,5.536062932117699,90.72713057521109,-20.968122647596793,1.4890094429311287,0.0,104.10900000000224,-51.75,0.0,103.25900000000223,73.302
CRUISE,TRACKING,5.53487862,5.536515361447189,90.73617109599947,-20.85776171699861,1.489119674766759,0.0,104.10900000000224,-51.75,0.0,103.25900000000223,73.32000000000001
CRUISE,TRACKING,5.53575066,5.5364638899825405,90.74519984969326,-20.74740205166503,1.489233309873965,0.0,104.10900000000224,-51.75,0.0,103.25900000000223,73.34
CRUISE,TRACKING,5.53617309,5.537090937002132,90.75421621407487,-20.637028073998483,1.4893487565732355,0.0,104.10900000000224,-51.75,0.0,103.25900000000223,73.361
CRUISE,TRACKING,5.53617309,5.53742642898986,90.763220289227,-20.526646817726714,1.4894654475076587,0.0,104.10900000000224,-51.75,0.0,103.25900000000223,73.38000000000001
CRUISE,TRACKING,5.53699169,5.53740012740646,90.77221098998494,-20.416261344193156,1.4895837956326707,0.0,104.10900000000224,-51.75,0.0,103.25900000000223,73.4
CRUISE,TRACKING,5.53699169,5.53739252207449,90.78118894553792,-20.305877422208436,1.4897047669508159,0.0,104.10900000000224,-51.75,0.0,103.25900000000223,73.42
CRUISE,TRACKING,5.53738823,5.5378179764948,90.79015406418453,-20.19548432854471,1.4898285866127525,0.0,104.10900000000224,-51.75,0.0,103.25900000000223,73.44
CRUISE,TRACKING,5.53815666,5.538013438590056,90.79910568086052,-20.085086350654386,1.4899547700075295,0.0,104.10900000000224,-51.75,0.0,103.25900000000223,73.46000000000001
CRUISE,TRACKING,5.5385289,5.5380857294335915,90.80804392488946,-19.974685449964127,1.4900828009728118,0.0,104.10900000000224,-51.75,0.0,103.25900000000223,73.48
CRUISE,TRACKING,5.5385289,5.53838919778192,90.81696854399169,-19.864278418399085,1.4902131521066975,0.0,104.10900000000224,-51.75,0.0,103.25900000000223,73.5
CRUISE,TRACKING,5.53925023,5.53865502781163,90.82587924386222,-19.75386516928074,1.4903463666448837,0.0,104.10900000000224,-51.75,0.0,103.25900000000223,73.52000000000001
CRUISE,TRACKING,5.53959966,5.538941508399401,90.83477568340543,-19.643444930182152,1.4904831516779935,0.0,104.10900000000224,-51.75,0.0,103.25900000000223,73.54
CRUISE,TRACKING,5.53994179,5.539566405156062,90.84365759124647,-19.533011092958038,1.4906221134776259,0.0,104.10900000000224,-51.75,0.0,103.25900000000223,73.56
CRUISE,TRACKING,5.54027678,5.5409630158986865,90.8525262817437,-19.422557239824144,1.4907623349938794,0.0,104.10900000000224,-51.75,0.0,103.25900000000223,73.58
CRUISE,TRACKING,5.54027678,5.5418243641206555,90.86138008194516,-19.312078562010413,1.4909039378821263,0.0,104.10900000000224,-51.75,0.0,103.25900000000223,73.60000000000001
CRUISE,TRACKING,5.54060479,5.542237544269068,90.87021878916471,-19.201586845377403,1.49104807112499,0.0,104.10900000000224,-51.75,0.0,103.25900000000223,73.62
CRUISE,TRACKING,5.54092596,5.542614453870228,90.87904200710464,-19.091086111799104,1.4911956030618947,0.0,104.10900000000224,-51.75,0.0,103.25900000000223,73.64
CRUISE,TRACKING,5.54124042,5.542605011065299,90.88784875516693,-18.9805843952302,1.4913451965569011,0.0,104.10900000000224,-51.75,0.0,103.25900000000223,73.66000000000001
CRUISE,TRACKING,5.54184981,5.542797806135925,90.89663955880484,-18.870076006428082,1.4914955332178552,0.0,104.10900000000224,-51.75,0.0,103.25900000000223,73.68
CRUISE,TRACKING,5.542145,5.543011807781155,90.90541384097283,-18.759564211567604,1.4916474565745623,0.0,104.10900000000224,-51.75,0.0,103.25900000000223,73.7
CRUISE,TRACKING,5.542145,5.543213580512628,90.9141713247295,-18.649047146137853,1.491801888059065,0.0,104.10900000000224,-51.75,0.0,103.25900000000223,73.72
CRUISE,TRACKING,5.54243403,5.543436301724182,90.9229116204665,-18.53852427551396,1.4919596671965536,0.0,104.10900000000224,-51.75,0.0,103.25900000000223,73.74000000000001
CRUISE,TRACKING,5.54299413,5.542480516405049,90.93163320270743,-18.428006868301846,1.492119177650046,0.0,104.10900000000224,-51.75,0.0,103.25900000000223,73.76
CRUISE,TRACKING,5.54299413,5.542826610467659,90.9403376684538,-18.317492730766734,1.492279442215051,0.0,104.10900000000224,-51.75,0.0,103.25900000000223,73.78
CRUISE,TRACKING,5.54326545,5.5431569447507725,90.9490248872612,-18.20697043157377,1.4924412377872924,0.0,104.10900000000224,-51.75,0.0,103.25900000000223,73.80000000000001
CRUISE,TRACKING,5.54379123,5.5434458594044465,90.95769465164234,-18.096440239685485,1.4926056052991188,0.0,104.10900000000224,-51.75,0.0,103.25900000000223,73.821
CRUISE,TRACKING,5.54379123,5.543395184358825,90.96634611942405,-17.985911313556656,1.4927721846675335,0.0,104.10900000000224,-51.75,0.0,103.25900000000223,73.84
CRUISE,TRACKING,5.54404592,5.543657802337181,90.97497947313839,-17.875375124156612,1.4929393869213523,0.0,104.10900000000224,-51.75,0.0,103.25900000000223,73.86
CRUISE,TRACKING,5.5442901,5.543798623801544,90.98359480787722,-17.764834735534265,1.4931077132272366,0.0,104.10900000000224,-51.75,0.0,103.25900000000223,73.88000000000001
CRUISE,TRACKING,5.54477335,5.543952158659607,90.99219190211024,-17.654289966002437,1.4932781051934474,0.0,104.10900000000224,-51.75,0.0,103.25900000000223,73.902
CRUISE,TRACKING,5.54500755,5.544505543109598,91.00077221062116,-17.543737195195085,1.4934519953935559,0.0,104.10900000000224,-51.75,0.0,103.25900000000223,73.92
CRUISE,TRACKING,5.54523687,5.546029780074902,91.00933453044885,-17.433151915665466,1.493629485036252,0.0,104.10900000000224,-51.75,0.0,103.25900000000223,73.94
CRUISE,TRACKING,5.5454614,5.546512497201847,91.01787677077105,-17.322551281548527,1.4938084768515862,0.0,104.10900000000224,-51.75,0.0,103.25900000000223,73.96000000000001
CRUISE,TRACKING,5.54568125,5.546862293595822,91.02639974706827,-17.21194213868294,1.4939874999237228,0.0,104.10900000000224,-51.75,0.0,103.25900000000223,73.98
CRUISE,TRACKING,5.54568125,5.547178573687447,91.03490335970716,-17.10132497839796,1.4941678823257225,0.0,104.10900000000224,-51.75,0.0,103.25900000000223,74.0
CRUISE,TRACKING,5.54610728,5.547514478977781,91.04338742702757,-16.990699387569638,1.494350830109914,0.0,104.10900000000224,-51.75,0.0,103.25900000000223,74.02000000000001
CRUISE,TRACKING,5.54631366,5.547109563595623,91.05185139491323,-16.880080520354742,1.4945377819694792,0.0,104.10900000000224,-51.75,0.0,103.25900000000223,74.04100000000001
CRUISE,TRACKING,5.54631366,5.547553646819482,91.06029421059823,-16.76945172652794,1.4947260696247957,0.0,104.10900000000224,-51.75,0.0,103.25900000000223,74.06
CRUISE,TRACKING,5.54651573,5.547798073244185,91.06871662398908,-16.65881622318867,1.4949140195775774,0.0,104.10900000000224,-51.75,0.0,103.25900000000223,74.08
CRUISE,TRACKING,5.54690731,5.547691589073956,91.077116831351,-16.548179452105582,1.4951025871928565,0.0,104.10900000000224,-51.75,0.0,103.25900000000223,74.10000000000001
CRUISE,TRACKING,5.54709699,5.5466097121295554,91.08549568045868,-16.437563418518955,1.4952940495641256,0.0,104.10900000000224,-51.75,0.0,103.25900000000223,74.12
CRUISE,TRACKING,5.54728272,5.54685134187387,91.09385354913022,-16.326941153308326,1.4954891754049593,0.0,104.10900000000224,-51.75,0.0,103.25900000000223,74.14
CRUISE,TRACKING,5.54746458,5.546776711246923,91.10218920101117,-16.21631900003977,1.495685739013247,0.0,104.10900000000224,-51.75,0.0,103.25900000000223,74.16000000000001
CRUISE,TRACKING,5.54764264,5.54680412358357,91.11050362404899,-16.105694403837884,1.4958818929022955,0.0,104.10900000000224,-51.75,0.0,103.25900000000223,74.18
CRUISE,TRACKING,5.54781698,5.546856406120449,91.1187967285145,-15.995067974924924,1.496079210146953,0.0,104.10900000000224,-51.75,0.0,103.25900000000223,74.2
CRUISE,TRACKING,5.54798769,5.54688027691373,91.12706832231373,-15.884439631603286,1.4962791012098622,0.0,104.10900000000224,-51.75,0.0,103.25900000000223,74.22
CRUISE,TRACKING,5.54815484,5.546941376529441,91.13531796378567,-15.773808586206838,1.4964827843006954,0.0,104.10900000000224,-51.75,0.0,103.25900000000223,74.241
CRUISE,TRACKING,5.5483185,5.547609263242714,91.14354486392031,-15.6631622227831,1.4966875734338234,0.0,104.10900000000224,-51.75,0.0,103.25900000000223,74.26
CRUISE,TRACKING,5.5483185,5.548554061221615,91.15175192196398,-15.552504272274254,1.4968923589112393,0.0,104.10900000000224,-51.75,0.0,103.25900000000223,74.28
CRUISE,TRACKING,5.54847874,5.549953619611794,91.15993696439827,-15.441810256348344,1.4970973985567777,0.0,104.10900000000224,-51.75,0.0,103.25900000000223,74.30000000000001
CRUISE,TRACKING,5.54863565,5.550263532036661,91.16809967342817,-15.331105381480487,1.4973047657323972,0.0,104.10900000000224,-51.75,0.0,103.25900000000223,74.32000000000001
CRUISE,TRACKING,5.54878928,5.550522438214272,91.17623963237962,-15.220393426045428,1.497515869184973,0.0,104.10900000000224,-51.75,0.0,103.25900000000223,74.34
CRUISE,TRACKING,5.5489397,5.550118487936325,91.18435546810421,-15.109688071096057,1.4977283535133465,0.0,104.10900000000224,-51.75,0.0,103.25900000000223,74.36
CRUISE,TRACKING,5.5492312,5.55042714257746,91.19244829246824,-14.99897514926894,1.4979398475794352,0.0,104.10900000000224,-51.75,0.0,103.25900000000223,74.38000000000001
CRUISE,TRACKING,5.5492312,5.550437087544337,91.20051786155776,-14.888260326768062,1.4981521848745762,0.0,104.10900000000224,-51.75,0.0,103.25900000000223,74.40100000000001
CRUISE,TRACKING,5.54951067,5.5504350933738795,91.20856360235953,-14.777544177795873,1.498366803020412,0.0,104.10900000000224,-51.75,0.0,103.25900000000223,74.42
CRUISE,TRACKING,5.54964605,5.550480411913253,91.21658524226807,-14.666825531686056,1.498585102330155,0.0,104.10900000000224,-51.75,0.0,103.25900000000223,74.44
CRUISE,TRACKING,5.5497786,5.54927573413242,91.22458101399782,-14.556117244482229,1.4988077158783055,0.0,104.10900000000224,-51.75,0.0,103.25900000000223,74.46000000000001
CRUISE,TRACKING,5.5497786,5.549351118274145,91.23255203985391,-14.445416013293423,1.499035604392251,0.0,104.10900000000224,-51.75,0.0,103.25900000000223,74.48
CRUISE,TRACKING,5.54990838,5.54947822689814,91.24049774947642,-14.33471034736179,1.4992688464121888,0.0,104.10900000000224,-51.75,0.0,103.25900000000223,74.5
CRUISE,TRACKING,5.55015989,5.549649892089946,91.24841758847872,-14.223999257293082,1.4995080679390302,0.0,104.10900000000224,-51.75,0.0,103.25900000000223,74.52000000000001
CRUISE,TRACKING,5.55028172,5.548573880998819,91.25631072757488,-14.113305467988702,1.4997544979826847,0.0,104.10900000000224,-51.75,0.0,103.25900000000223,74.54100000000001
CRUISE,TRACKING,5.55028172,5.54895658158851,91.26417597098946,-14.002606225142998,1.5000061072813187,0.0,104.10900000000224,-51.75,0.0,103.25900000000223,74.56
CRUISE,TRACKING,5.55051782,5.548973625400094,91.27201338255486,-13.891904452372897,1.5002617542383927,0.0,104.10900000000224,-51.75,0.0,103.25900000000223,74.581
CRUISE,TRACKING,5.55063218,5.5490031606204155,91.27982245645237,-13.781200185482327,1.50052222210315,0.0,104.10900000000224,-51.75,0.0,103.25900000000223,74.60000000000001
CRUISE,TRACKING,5.55063218,5.549385266119622,91.28760475688573,-13.670490586680028,1.5007892950918005,0.0,104.10900000000224,-51.75,0.0,103.25900000000223,74.62
CRUISE,TRACKING,5.55085381,5.551766186394529,91.29535900019754,-13.55973485453737,1.5010625709103316,0.0,104.10900000000224,-51.75,0.0,103.25900000000223,74.64
CRUISE,TRACKING,5.55085381,5.552645699508827,91.30308233228943,-13.448952089686266,1.5013398691380517,0.0,104.10900000000224,-51.75,0.0,103.25900000000223,74.66000000000001
CRUISE,TRACKING,5.55096116,5.553085792501953,91.31077537473841,-13.33815682722655,1.5016210231996903,0.0,104.10900000000224,-51.75,0.0,103.25900000000223,74.68
CRUISE,TRACKING,5.55116706,5.5530380031624205,91.31843693810409,-13.22736008170607,1.501907063131304,0.0,104.10900000000224,-51.75,0.0,103.25900000000223,74.7
CRUISE,TRACKING,5.55126783,5.553569234318377,91.32606727278755,-13.116550661955564,1.5021990750006302,0.0,104.10900000000224,-51.75,0.0,103.25900000000223,74.72
CRUISE,TRACKING,5.55136449,5.552495884927396,91.33366462173386,-13.00575675303133,1.5024984840779856,0.0,104.10900000000224,-51.75,0.0,103.25900000000223,74.74000000000001
CRUISE,TRACKING,5.55136449,5.553043522480221,91.34122800184885,-12.894954286671698,1.50280069553756,0.0,104.10900000000224,-51.75,0.0,103.25900000000223,74.76
CRUISE,TRACKING,5.55146115,5.552967228547448,91.34875776153828,-12.784150841545637,1.5031041402266259,0.0,104.10900000000224,-51.75,0.0,103.25900000000223,74.78
CRUISE,TRACKING,5.5516485,5.552851094929238,91.3562519350814,-12.673346738971352,1.5034098740457038,0.0,104.10900000000224,-51.75,0.0,103.25900000000223,74.80000000000001
CRUISE,TRACKING,5.5516485,5.550758208213693,91.36371095875337,-12.562577470098532,1.5037205587609916,0.0,104.10900000000224,-51.75,0.0,103.25900000000223,74.82000000000001
CRUISE,TRACKING,5.55182816,5.550913883349305,91.37113545632963,-12.45180710942571,1.5040371862252857,0.0,104.10900000000224,-51.75,0.0,103.25900000000223,74.84
CRUISE,TRACKING,5.55182816,5.550599629059123,91.37852418794638,-12.341040576557905,1.5043584392505027,0.0,104.10900000000224,-51.75,0.0,103.25900000000223,74.86
CRUISE,TRACKING,5.55199863,5.550425774291506,91.38587719676103,-12.230273802959484,1.5046817408303506,0.0,104.10900000000224,-51.75,0.0,103.25900000000223,74.88000000000001
CRUISE,TRACKING,5.55208207,5.550247818803699,91.39319455800855,-12.119510658811938,1.5050076596844644,0.0,104.10900000000224,-51.75,0.0,103.25900000000223,74.90100000000001
CRUISE,TRACKING,5.55208207,5.550133033584954,91.40047592203054,-12.008747679166976,1.5053379868502936,0.0,104.10900000000224,-51.75,0.0,103.25900000000223,74.92
CRUISE,TRACKING,5.55224379,5.550076469704229,91.40772060393493,-11.897983642295097,1.5056742929413585,0.0,104.10900000000224,-51.75,0.0,103.25900000000223,74.94
CRUISE,TRACKING,5.55232215,5.550779281924755,91.41492724238155,-11.787202753400706,1.506013209180354,0.0,104.10900000000224,-51.75,0.0,103.25900000000223,74.961
CRUISE,TRACKING,5.55232215,5.551451157169491,91.42210051030666,-11.676412312608573,1.5063538343372769,0.0,104.10900000000224,-51.75,0.0,103.25900000000223,74.98
CRUISE,TRACKING,5.552474,5.554466639643374,91.42923656820584,-11.565558216537594,1.506695787391097,0.0,104.10900000000224,-51.75,0.0,103.25900000000223,75.0
CRUISE,TRACKING,5.552474,5.554827131465792,91.4363349006105,-11.454688269427283,1.5070418882528855,0.0,104.10900000000224,-51.75,0.0,103.25900000000223,75.02000000000001
CRUISE,TRACKING,5.55261958,5.555043131876232,91.44339484594924,-11.343811225490299,1.5073939914559893,0.0,104.10900000000224,-51.75,0.0,103.25900000000223,75.04
CRUISE,TRACKING,5.55261958,5.554583401330769,91.45041489598368,-11.232941089454574,1.5077499427237238,0.0,104.10900000000224,-51.75,0.0,103.25900000000223,75.06
CRUISE,TRACKING,5.5526901,5.554591712670009,91.45739548571117,-11.1220683499166,1.5081064189975117,0.0,104.10900000000224,-51.75,0.0,103.25900000000223,75.08
CRUISE,TRACKING,5.55275915,5.554463049081952,91.46433652009972,-11.011196402190237,1.5084643703492988,0.0,104.10900000000224,-51.75,0.0,103.25900000000223,75.10000000000001
CRUISE,TRACKING,5.55289295,5.554338348546036,91.47123725206548,-10.900324961976244,1.508825860910965,0.0,104.10900000000224,-51.75,0.0,103.25900000000223,75.12
CRUISE,TRACKING,5.55295777,5.554294285539128,91.47809744227139,-10.78945218401097,1.5091928943168056,0.0,104.10900000000224,-51.75,0.0,103.25900000000223,75.14
CRUISE,TRACKING,5.55295777,5.555413040452397,91.48490946016503,-10.678564148674374,1.5095404624542395,0.0,104.10900000000224,-51.75,0.0,103.25900000000223,75.16000000000001
CRUISE,TRACKING,5.55308338,5.554445101944401,91.49168625938808,-10.56767683874507,1.5098479853378077,0.0,104.10900000000224,-51.75,0.0,103.25900000000223,75.18
CRUISE,TRACKING,5.55308338,5.55377318691105,91.49843193341212,-10.456802782102667,1.5101281479127195,0.0,104.10900000000224,-51.75,0.0,103.25900000000223,75.2
CRUISE,TRACKING,5.55314422,5.553246712332151,91.5051486839089,-10.34593873134676,1.510389753621054,0.0,104.10900000000224,-51.75,0.0,103.25900000000223,75.22200000000001
CRUISE,TRACKING,5.55326213,5.5527161107987295,91.51183805474241,-10.2350841497706,1.5106401107022283,0.0,104.10900000000224,-51.75,0.0,103.25900000000223,75.24000000000001
CRUISE,TRACKING,5.55331924,5.55252122907706,91.51850122848613,-10.124233128014051,1.510884963344119,0.0,104.10900000000224,-51.75,0.0,103.25900000000223,75.26
CRUISE,TRACKING,5.55331924,5.552371874515396,91.5251375209268,-10.013383803596676,1.5111268750856706,0.0,104.10900000000224,-51.75,0.0,103.25900000000223,75.28
CRUISE,TRACKING,5.55342993,5.552248319416069,91.53174696755204,-9.902535655264243,1.5113680575671653,0.0,104.10900000000224,-51.75,0.0,103.25900000000223,75.30000000000001
CRUISE,TRACKING,5.55348354,5.552241768686597,91.5383314470037,-9.79168782145821,1.5116113649996177,0.0,104.10900000000224,-51.75,0.0,103.25900000000223,75.32000000000001
CRUISE,TRACKING,5.55353604,5.554487998936492,91.54489032101418,-9.680804977244009,1.5118578943014525,0.0,104.10900000000224,-51.75,0.0,103.25900000000223,75.34
CRUISE,TRACKING,5.55353604,5.558497850127727,91.5514258618959,-9.569856348326965,1.5121263232953888,0.0,104.10900000000224,-51.75,0.0,103.25900000000223,75.36
CRUISE,TRACKING,5.55358744,5.558833395021135,91.55792909559995,-9.458863866632374,1.5124394577202311,0.0,104.10900000000224,-51.75,0.0,103.25900000000223,75.38000000000001
CRUISE,TRACKING,5.55363777,5.558363017515591,91.56439495546448,-9.347879933544931,1.5127889456157226,0.0,104.10900000000224,-51.75,0.0,103.25900000000223,75.4
CRUISE,TRACKING,5.5537353,5.558141647206347,91.57082009444292,-9.236899102700677,1.5131684559157792,0.0,104.10900000000224,-51.75,0.0,103.25900000000223,75.42
CRUISE,TRACKING,5.5537353,5.554410045788392,91.57720180136387,-9.12596559016018,1.5135765245107033,0.0,104.10900000000224,-51.75,0.0,103.25900000000223,75.44
CRUISE,TRACKING,5.55378254,5.555564231608803,91.58353404956611,-9.01503683472496,1.5139964920079243,0.0,104.10900000000224,-51.75,0.0,103.25900000000223,75.46000000000001
CRUISE,TRACKING,5.5538288,5.5559801862518405,91.58982020481939,-8.904095589394045,1.5144139420533629,0.0,104.10900000000224,-51.75,0.0,103.25900000000223,75.48
CRUISE,TRACKING,5.55391845,5.55575477116211,91.59605780291464,-8.793155212143297,1.5148316375806679,0.0,104.10900000000224,-51.75,0.0,103.25900000000223,75.5
CRUISE,TRACKING,5.55391845,5.5523403925061245,91.6022471624454,-8.682265151319694,1.515253229284379,0.0,104.10900000000224,-51.75,0.0,103.25900000000223,75.52000000000001
CRUISE,TRACKING,5.55400439,5.552491947083398,91.60838964307825,-8.571384259544658,1.515680843745019,0.0,104.10900000000224,-51.75,0.0,103.25900000000223,75.54
CRUISE,TRACKING,5.55400439,5.552538813580308,91.6144832877714,-8.460499941751246,1.5161083545203673,0.0,104.10900000000224,-51.75,0.0,103.25900000000223,75.56
CRUISE,TRACKING,5.55408678,5.55222305644404,91.62053025629248,-8.349619627973176,1.516531299146479,0.0,104.10900000000224,-51.75,0.0,103.25900000000223,75.58
CRUISE,TRACKING,5.55412669,5.5519881172443,91.62653078760869,-8.23874200647356,1.5169534446734223,0.0,104.10900000000224,-51.75,0.0,103.25900000000223,75.60000000000001
CRUISE,TRACKING,5.55416577,5.551750685235792,91.6324847511409,-8.127867033300188,1.5173779270933585,0.0,104.10900000000224,-51.75,0.0,103.25900000000223,75.62
CRUISE,TRACKING,5.55416577,5.551588936896537,91.63839162848738,-8.01699311865929,1.5178072296846195,0.0,104.10900000000224,-51.75,0.0,103.25900000000223,75.64
CRUISE,TRACKING,5.5542415,5.546047983115629,91.64425492784528,-7.906193785657678,1.5182664151229364,0.0,104.10900000000224,-51.75,0.0,103.25900000000223,75.66000000000001
CRUISE,TRACKING,5.55427819,5.548497895065502,91.65006844755509,-7.795398331184557,1.518788538655255,0.0,104.10900000000224,-51.75,0.0,103.25900000000223,75.68
CRUISE,TRACKING,5.55427819,5.554047367043773,91.6558208217381,-7.6844817243132635,1.5193577392975834,0.0,104.10900000000224,-51.75,0.0,103.25900000000223,75.7
CRUISE,TRACKING,5.55434928,5.560428013905681,91.66150746353529,-7.573450848532965,1.5199651777925336,0.0,104.10900000000224,-51.75,0.0,103.25900000000223,75.721
CRUISE,TRACKING,5.55434928,5.560295552549125,91.66712449349275,-7.462382493973344,1.5206053710050795,0.0,104.10900000000224,-51.75,0.0,103.25900000000223,75.74000000000001
CRUISE,TRACKING,5.55438371,5.55927396043813,91.67266795373092,-7.351332025774336,1.5212694950908763,0.0,104.10900000000224,-51.75,0.0,103.25900000000223,75.76
CRUISE,TRACKING,5.55441743,5.5587485907332015,91.67813671487248,-7.240284518406829,1.521950040533532,0.0,104.10900000000224,-51.75,0.0,103.25900000000223,75.78
CRUISE,TRACKING,5.55445045,5.556727835363772,91.68352780908148,-7.129282325524537,1.522645817118218,0.0,104.10900000000224,-51.75,0.0,103.25900000000223,75.80000000000001
CRUISE,TRACKING,5.55448277,5.556878446273204,91.68883966147747,-7.018274438135629,1.5233553707765946,0.0,104.10900000000224,-51.75,0.0,103.25900000000223,75.82000000000001
CRUISE,TRACKING,5.55451442,5.55705273219817,91.69407219253353,-6.907259160665416,1.5240785326342832,0.0,104.10900000000224,-51.75,0.0,103.25900000000223,75.84
CRUISE,TRACKING,5.55457576,5.558441811519493,91.69921235240226,-6.796224907271547,1.5247646577460496,0.0,104.10900000000224,-51.75,0.0,103.25900000000223,75.86
CRUISE,TRACKING,5.55460547,5.559161822028883,91.70428255119066,-6.6851475069292166,1.5253493993741218,0.0,104.10900000000224,-51.75,0.0,103.25900000000223,75.881
CRUISE,TRACKING,5.55463456,5.557459137664758,91.70929447399482,-6.57410182201169,1.5258616905538938,0.0,104.10900000000224,-51.75,0.0,103.25900000000223,75.9
CRUISE,TRACKING,5.55466305,5.556167109661875,91.71425430128376,-6.463082242935594,1.5263223380717994,0.0,104.10900000000224,-51.75,0.0,103.25900000000223,75.92
CRUISE,TRACKING,5.55466305,5.555149464764992,91.7191664669013,-6.352082948634885,1.5267467362892462,0.0,104.10900000000224,-51.75,0.0,103.25900000000223,75.94
CRUISE,TRACKING,5.55469094,5.553700260782954,91.72403601206418,-6.241112909651188,1.527151952968696,0.0,104.10900000000224,-51.75,0.0,103.25900000000223,75.96000000000001
CRUISE,TRACKING,5.55474499,5.553388333273583,91.7288610608432,-6.130148798195473,1.5275481894743719,0.0,104.10900000000224,-51.75,0.0,103.25900000000223,75.98
CRUISE,TRACKING,5.55477117,5.553113190042062,91.73364218053561,-6.019188830923873,1.5279393840015218,0.0,104.10900000000224,-51.75,0.0,103.25900000000223,76.0
CRUISE,TRACKING,5.5547968,5.55285232810799,91.73838155684712,-5.908233327018602,1.528330047090684,0.0,104.10900000000224,-51.75,0.0,103.25900000000223,76.02000000000001
CRUISE,TRACKING,5.5548219,5.556186563871364,91.7430792354601,-5.797236549289313,1.5287229886948515,0.0,104.10900000000224,-51.75,0.0,103.25900000000223,76.04
CRUISE,TRACKING,5.5548219,5.556415962477416,91.74773267262326,-5.686205918859629,1.5291151447087847,0.0,104.10900000000224,-51.75,0.0,103.25900000000223,76.06
CRUISE,TRACKING,5.55487054,5.556736518967736,91.7523429990942,-5.575167312318424,1.5295043779185296,0.0,104.10900000000224,-51.75,0.0,103.25900000000223,76.08
CRUISE,TRACKING,5.5548941,5.5569683569048935,91.7569103432571,-5.464121614925527,1.5298937300428916,0.0,104.10900000000224,-51.75,0.0,103.25900000000223,76.10000000000001
CRUISE,TRACKING,5.5548941,5.557242240613849,91.76143456940922,-5.353068595526531,1.5302855970070914,0.0,104.10900000000224,-51.75,0.0,103.25900000000223,76.12
CRUISE,TRACKING,5.55493976,5.556468144808066,91.76591515042614,-5.24202671171891,1.5306823749834386,0.0,104.10900000000224,-51.75,0.0,103.25900000000223,76.14
CRUISE,TRACKING,5.55496188,5.556332156643264,91.77035067929809,-5.130989425876656,1.5310787088510824,0.0,104.10900000000224,-51.75,0.0,103.25900000000223,76.16000000000001
CRUISE,TRACKING,5.55496188,5.556699859692676,91.77474279939622,-5.019942979845013,1.5314699912962904,0.0,104.10900000000224,-51.75,0.0,103.25900000000223,76.18
CRUISE,TRACKING,5.55500474,5.55667793726385,91.7790902948357,-4.908894583547213,1.531860608305876,0.0,104.10900000000224,-51.75,0.0,103.25900000000223,76.20100000000001
CRUISE,TRACKING,5.55500474,5.5532578310180885,91.78339292859148,-4.797892596572613,1.532253720323349,0.0,104.10900000000224,-51.75,0.0,103.25900000000223,76.22
CRUISE,TRACKING,5.5550454,5.553456572216094,91.78765192981409,-4.686904563727773,1.532650061064635,0.0,104.10900000000224,-51.75,0.0,103.25900000000223,76.24000000000001
CRUISE,TRACKING,5.55506531,5.553805703761781,91.79186610418814,-4.575908119662527,1.5330446278143628,0.0,104.10900000000224,-51.75,0.0,103.25900000000223,76.26
CRUISE,TRACKING,5.55508481,5.553472535871603,91.79603713326505,-4.464916221408684,1.5334334307727622,0.0,104.10900000000224,-51.75,0.0,103.25900000000223,76.28
CRUISE,TRACKING,5.55508481,5.553226284998526,91.80016541657245,-4.353928164440671,1.5338201826534903,0.0,104.10900000000224,-51.75,0.0,103.25900000000223,76.30000000000001
CRUISE,TRACKING,5.55512259,5.552985044113587,91.8042509509932,-4.242943750778661,1.534207907242358,0.0,104.10900000000224,-51.75,0.0,103.25900000000223,76.32000000000001
CRUISE,TRACKING,5.5551409,5.552809667047408,91.80829342617882,-4.131961600127279,1.5345990793283337,0.0,104.10900000000224,-51.75,0.0,103.25900000000223,76.34
CRUISE,TRACKING,5.5551409,5.553918953572144,91.81229267681972,-4.02095519018993,1.534988966746528,0.0,104.10900000000224,-51.75,0.0,103.25900000000223,76.36
CRUISE,TRACKING,5.55515882,5.553797731571686,91.81625044816747,-3.90995093209004,1.535373716122865,0.0,104.10900000000224,-51.75,0.0,103.25900000000223,76.38000000000001
CRUISE,TRACKING,5.55519355,5.557081909610161,91.8201663610901,-3.7988841468446215,1.535756085816388,0.0,104.10900000000224,-51.75,0.0,103.25900000000223,76.4
CRUISE,TRACKING,5.55519355,5.557357630620616,91.82403999294088,-3.6878044253489732,1.5361393692426177,0.0,104.10900000000224,-51.75,0.0,103.25900000000223,76.42
CRUISE,TRACKING,5.55521037,5.557563034694242,91.82787104204348,-3.576718786546354,1.5365260361593664,0.0,104.10900000000224,-51.75,0.0,103.25900000000223,76.44
CRUISE,TRACKING,5.55524297,5.556475654754234,91.83165833047649,-3.4656539371203703,1.5369113714327738,0.0,104.10900000000224,-51.75,0.0,103.25900000000223,76.46000000000001
CRUISE,TRACKING,5.55524297,5.55683982738954,91.83540339040356,-3.354581099698029,1.5372908129592409,0.0,104.10900000000224,-51.75,0.0,103.25900000000223,76.48
CRUISE,TRACKING,5.55525877,5.5571310223083215,91.83910666132897,-3.243500522242476,1.5376680656623576,0.0,104.10900000000224,-51.75,0.0,103.25900000000223,76.5
CRUISE,TRACKING,5.55527423,5.556995446316968,91.84276792436972,-3.1324212334196613,1.5380461174852535,0.0,104.10900000000224,-51.75,0.0,103.25900000000223,76.52000000000001
CRUISE,TRACKING,5.55528937,5.556857709489639,91.84638694341128,-3.0213436528437825,1.5384273487348372,0.0,104.10900000000224,-51.75,0.0,103.25900000000223,76.54
CRUISE,TRACKING,5.55531871,5.555374332144018,91.84996149253159,-2.910283046442336,1.538806514124067,0.0,104.10900000000224,-51.75,0.0,103.25900000000223,76.56
CRUISE,TRACKING,5.55531871,5.553816111798103,91.85349401927398,-2.7992620818382394,1.5391798359949906,0.0,104.10900000000224,-51.75,0.0,103.25900000000223,76.58
CRUISE,TRACKING,5.55533292,5.553550418574654,91.85698546667113,-2.6882456383104016,1.539550922842915,0.0,104.10900000000224,-51.75,0.0,103.25900000000223,76.60000000000001
CRUISE,TRACKING,5.55534684,5.553704775045071,91.86043587760356,-2.577224890387842,1.539922712936308,0.0,104.10900000000224,-51.75,0.0,103.25900000000223,76.62
CRUISE,TRACKING,5.55536046,5.553468029201459,91.86384498005697,-2.466203316491653,1.5402975504772882,0.0,104.10900000000224,-51.75,0.0,103.25900000000223,76.64
CRUISE,TRACKING,5.55538687,5.554265037331084,91.867212573416,-2.3551692431397395,1.5406707449148187,0.0,104.10900000000224,-51.75,0.0,103.25900000000223,76.66000000000001
CRUISE,TRACKING,5.55539966,5.5539354679713435,91.87053901144932,-2.2441395058191915,1.5410377181644415,0.0,104.10900000000224,-51.75,0.0,103.25900000000223,76.68
CRUISE,TRACKING,5.55539966,5.55366213586262,91.87382469140863,-2.1331145361218478,1.5414021739186474,0.0,104.10900000000224,-51.75,0.0,103.25900000000223,76.7
CRUISE,TRACKING,5.55542445,5.553463027498164,91.87707098537123,-2.022093078533548,1.5417676045075128,0.0,104.10900000000224,-51.75,0.0,103.25900000000223,76.72
CRUISE,TRACKING,5.55543645,5.556520300115142,91.88027773615445,-1.9110343593513923,1.5421360331498704,0.0,104.10900000000224,-51.75,0.0,103.25900000000223,76.74000000000001
CRUISE,TRACKING,5.55544821,5.5565519786793605,91.88344294042815,-1.7999487670548113,1.542502338146698,0.0,104.10900000000224,-51.75,0.0,103.25900000000223,76.76100000000001
CRUISE,TRACKING,5.55545972,5.556914808580756,91.88656799958059,-1.6888552971171984,1.5428624831222044,0.0,104.10900000000224,-51.75,0.0,103.25900000000223,76.78
CRUISE,TRACKING,5.55545972,5.557159468795109,91.88965336349773,-1.5777553380692428,1.5432199674347444,0.0,104.10900000000224,-51.75,0.0,103.25900000000223,76.80000000000001
CRUISE,TRACKING,5.55548203,5.557426887868188,91.89269918973764,-1.4666485436107473,1.5435776124681577,0.0,104.10900000000224,-51.75,0.0,103.25900000000223,76.82000000000001
CRUISE,TRACKING,5.55548203,5.556992025164531,91.89570523896569,-1.3555483719082457,1.5439379705608012,0.0,104.10900000000224,-51.75,0.0,103.25900000000223,76.84
CRUISE,TRACKING,5.55550341,5.5565682220468045,91.89867067465019,-1.2444570014519676,1.5442964066631595,0.0,104.10900000000224,-51.75,0.0,103.25900000000223,76.86
CRUISE,TRACKING,5.55551377,5.5569210206659925,91.90159683920615,-1.1333579813656058,1.544648623891937,0.0,104.10900000000224,-51.75,0.0,103.25900000000223,76.88000000000001
CRUISE,TRACKING,5.55552392,5.557183399033487,91.90448274867242,-1.022252235923408,1.544997559948857,0.0,104.10900000000224,-51.75,0.0,103.25900000000223,76.90100000000001
CRUISE,TRACKING,5.55553385,5.553942242412907,91.9073297331539,-0.9111884075462263,1.54534675014749,0.0,104.10900000000224,-51.75,0.0,103.25900000000223,76.92
CRUISE,TRACKING,5.55554357,5.5541106815950725,91.91013790994975,-0.800141496715252,1.545698444194865,0.0,104.10900000000224,-51.75,0.0,103.25900000000223,76.94
CRUISE,TRACKING,5.55554357,5.554535843789043,91.91290651696482,-0.6890852460662139,1.546048029115484,0.0,104.10900000000224,-51.75,0.0,103.25900000000223,76.96000000000001
CRUISE,TRACKING,5.55555309,5.554211442715952,91.91563685496764,-0.5780337243114906,1.5463914436336526,0.0,104.10900000000224,-51.75,0.0,103.25900000000223,76.98
CRUISE,TRACKING,5.55557155,5.5539871421423594,91.91832941584607,-0.46698625330013843,1.546732141702586,0.0,104.10900000000224,-51.75,0.0,103.25900000000223,77.0
CRUISE,TRACKING,5.55557155,5.553756319839115,91.92098426114255,-0.3559428490401598,1.5470728651637127,0.0,104.10900000000224,-51.75,0.0,103.25900000000223,77.02000000000001
CRUISE,TRACKING,5.55558048,5.553582305445482,91.9236012441988,-0.2449020734892667,1.5474158396545852,0.0,104.10900000000224,-51.75,0.0,103.25900000000223,77.04
CRUISE,TRACKING,5.55558923,5.554640641849283,91.92618036398869,-0.13383903666725583,1.5477568071557157,0.0,104.10900000000224,-51.75,0.0,103.25900000000223,77.06
CRUISE,TRACKING,5.55560619,5.554421431294682,91.92872270105354,-0.02277978395926405,1.5480917490936175,0.0,104.10900000000224,-51.75,0.0,103.25900000000223,77.08
CRUISE,TRACKING,5.55561441,5.557153295763062,91.93122839791918,0.08832925305570818,1.548423682599594,0.0,104.10900000000224,-51.75,0.0,103.25900000000223,77.101
CRUISE,TRACKING,5.55561441,5.557399271340284,91.93369736483477,0.19944976966210454,1.548755470760717,0.0,104.10900000000224,-51.75,0.0,103.25900000000223,77.12
CRUISE,TRACKING,5.55562245,5.557581688548997,91.93612945296388,0.3105750584830135,1.549089419302235,0.0,104.10900000000224,-51.75,0.0,103.25900000000223,77.14
CRUISE,TRACKING,5.55563804,5.5657525875250915,91.93852732929327,0.42180978863396745,1.549457766119252,0.0,104.10900000000224,-51.75,0.0,103.25900000000223,77.16000000000001
CRUISE,TRACKING,5.55563804,5.573998437127535,91.94088192017722,0.533221547107713,1.5499753132261374,0.0,104.10900000000224,-51.75,0.0,103.25900000000223,77.18
CRUISE,TRACKING,5.55564559,5.569026552786278,91.94316748852061,0.6446189130216666,1.550707653778491,0.0,104.10900000000224,-51.75,0.0,103.25900000000223,77.2
CRUISE,TRACKING,5.55566022,5.563845538191644,91.94535699345411,0.7559035372839159,1.5516108450408312,0.0,104.10900000000224,-51.75,0.0,103.25900000000223,77.22
CRUISE,TRACKING,5.55566731,5.559998405628421,91.9474372585846,0.8671055894507237,1.552642590957416,0.0,104.10900000000224,-51.75,0.0,103.25900000000223,77.24000000000001
CRUISE,TRACKING,5.55567425,5.55850015633673,91.94939511905046,0.9782565932007657,1.553735905505395,0.0,104.10900000000224,-51.75,0.0,103.25900000000223,77.26
CRUISE,TRACKING,5.55568105,5.5506821640868145,91.95123117987427,1.0892741018714263,1.5548333374182601,0.0,104.10900000000224,-51.75,0.0,103.25900000000223,77.28
CRUISE,TRACKING,5.55568105,5.5506171321429,91.95294510992339,1.2002740800514855,1.5559360511177176,0.0,104.10900000000224,-51.75,0.0,103.25900000000223,77.30000000000001
CRUISE,TRACKING,5.5556877,5.550440108559212,91.95453637458662,1.3112721104577911,1.5570424024227967,0.0,104.10900000000224,-51.75,0.0,103.25900000000223,77.32000000000001
CRUISE,TRACKING,5.55569422,5.550246445555071,91.9560046784302,1.4222681359197464,1.558150642819258,0.0,104.10900000000224,-51.75,0.0,103.25900000000223,77.34
CRUISE,TRACKING,5.55570684,5.555444700255898,91.95735161252462,1.5333535200318518,1.5592366539640174,0.0,104.10900000000224,-51.75,0.0,103.25900000000223,77.36
CRUISE,TRACKING,5.55570684,5.554229660064221,91.95858067762464,1.6444381264843304,1.5602732634474696,0.0,104.10900000000224,-51.75,0.0,103.25900000000223,77.38000000000001
CRUISE,TRACKING,5.55571895,5.553479745500013,91.95969644657299,1.7555070596061415,1.5612733693776526,0.0,104.10900000000224,-51.75,0.0,103.25900000000223,77.4
CRUISE,TRACKING,5.55572481,5.552993916419262,91.96070288228583,1.8665664022585942,1.5622458410465139,0.0,104.10900000000224,-51.75,0.0,103.25900000000223,77.42
CRUISE,TRACKING,5.55573055,5.55603334891421,91.9616030416807,1.977653339791599,1.5631974849174444,0.0,104.10900000000224,-51.75,0.0,103.25900000000223,77.44
CRUISE,TRACKING,5.55573055,5.555126305271492,91.96239836746494,2.0887612202274,1.5641141723749,0.0,104.10900000000224,-51.75,0.0,103.25900000000223,77.46000000000001
CRUISE,TRACKING,5.55574168,5.556264719534237,91.96309474114025,2.1998775207810923,1.5649806273534996,0.0,104.10900000000224,-51.75,0.0,103.25900000000223,77.48
CRUISE,TRACKING,5.55574706,5.557014141992555,91.96369700181911,2.3110110773742183,1.5658096242968715,0.0,104.10900000000224,-51.75,0.0,103.25900000000223,77.5
CRUISE,TRACKING,5.55574706,5.557523793839601,91.96420875807456,2.422156510668856,1.5666101536323933,0.0,104.10900000000224,-51.75,0.0,103.25900000000223,77.52000000000001
CRUISE,TRACKING,5.55575234,5.557924012688877,91.96463279531318,2.5333111874708183,1.5673885183358827,0.0,104.10900000000224,-51.75,0.0,103.25900000000223,77.54
CRUISE,TRACKING,5.55575751,5.554893643038534,91.9649715875909,2.6444238525243624,1.568133679393384,0.0,104.10900000000224,-51.75,0.0,103.25900000000223,77.56
CRUISE,TRACKING,5.55576257,5.5558790792921915,91.96523011589842,2.7555351221020077,1.568834059660488,0.0,104.10900000000224,-51.75,0.0,103.25900000000223,77.58
CRUISE,TRACKING,5.55576752,5.556521005812188,91.96541263196936,2.8666609354688912,1.5695009164521805,0.0,104.10900000000224,-51.75,0.0,103.25900000000223,77.60000000000001
CRUISE,TRACKING,5.55577237,5.554588331966709,91.9655224248679,2.977764630701011,1.5701418148034554,0.0,104.10900000000224,-51.75,0.0,103.25900000000223,77.62
CRUISE,TRACKING,5.55578177,5.5542641451924375,91.9655621716174,3.088851366880915,1.5707629508053915,0.0,104.10900000000224,-51.75,0.0,103.25900000000223,77.64
CRUISE,TRACKING,5.55578177,5.556246145948735,91.96553421564104,3.199961990650165,1.571354989635651,0.0,104.10900000000224,-51.75,0.0,103.25900000000223,77.66000000000001
CRUISE,TRACKING,5.55579078,5.556003226219364,91.96544262731976,3.3110872221378185,1.5719080969967443,0.0,104.10900000000224,-51.75,0.0,103.25900000000223,77.68
CRUISE,TRACKING,5.55579514,5.5554380988246725,91.9652912178512,3.4221998799757403,1.5724317848574894,0.0,104.10900000000224,-51.75,0.0,103.25900000000223,77.7
CRUISE,TRACKING,5.55579514,5.555085253077339,91.96508288755508,3.5333044572211225,1.5729326929332998,0.0,104.10900000000224,-51.75,0.0,103.25900000000223,77.72
CRUISE,TRACKING,5.55579942,5.554812213859196,91.96481990769534,3.6444028159821937,1.5734155900338875,0.0,104.10900000000224,-51.75,0.0,103.25900000000223,77.74000000000001
CRUISE,TRACKING,5.5558077,5.556946446477178,91.96450429798148,3.7555374568840736,1.5738730293486027,0.0,104.10900000000224,-51.75,0.0,103.25900000000223,77.76100000000001
CRUISE,TRACKING,5.5558077,5.556246923382413,91.96413973823292,3.8666663626148168,1.5742969964604026,0.0,104.10900000000224,-51.75,0.0,103.25900000000223,77.78
CRUISE,TRACKING,5.55581564,5.555854902568317,91.9637294991381,3.9777828230110255,1.5746956292688814,0.0,104.10900000000224,-51.75,0.0,103.25900000000223,77.80000000000001
CRUISE,TRACKING,5.55581564,5.5561494810488385,91.96327604197282,4.088902225173329,1.5750745686572007,0.0,104.10900000000224,-51.75,0.0,103.25900000000223,77.82000000000001
CRUISE,TRACKING,5.55581948,5.554287347899785,91.96278154718631,4.199988672898921,1.5754272873175954,0.0,104.10900000000224,-51.75,0.0,103.25900000000223,77.84
CRUISE,TRACKING,5.55582686,5.5552340823926265,91.96224968012201,4.311087828934383,1.5757490429252214,0.0,104.10900000000224,-51.75,0.0,103.25900000000223,77.86
CRUISE,TRACKING,5.55583047,5.555623192238446,91.96168304692094,4.422195868447772,1.576048669990585,0.0,104.10900000000224,-51.75,0.0,103.25900000000223,77.881
CRUISE,TRACKING,5.555834,5.555900909979234,91.96108406822646,4.533309950465851,1.5763311081558107,0.0,104.10900000000224,-51.75,0.0,103.25900000000223,77.9
CRUISE,TRACKING,5.55583747,5.55608238016273,91.96045448023722,4.644427961011336,1.5765997962276723,0.0,104.10900000000224,-51.75,0.0,103.25900000000223,77.92
CRUISE,TRACKING,5.55583747,5.556225226907179,91.95979566987592,4.755549009755274,1.5768572291374703,0.0,104.10900000000224,-51.75,0.0,103.25900000000223,77.94000000000001
CRUISE,TRACKING,5.55584418,5.556703327364296,91.9591088440034,4.866677476788275,1.577097448196028,0.0,104.10900000000224,-51.75,0.0,103.25900000000223,77.96000000000001
CRUISE,TRACKING,5.55584418,5.55649689276207,91.95839675753274,4.977807990921312,1.5773151632858293,0.0,104.10900000000224,-51.75,0.0,103.25900000000223,77.98
CRUISE,TRACKING,5.55585061,5.556207878968026,91.95766162493736,5.088932041880284,1.5775155840177244,0.0,104.10900000000224,-51.75,0.0,103.25900000000223,78.0
CRUISE,TRACKING,5.55585061,5.556035396751899,91.95690500373165,5.200051945099373,1.5777021742709274,0.0,104.10900000000224,-51.75,0.0,103.25900000000223,78.02000000000001
CRUISE,TRACKING,5.55585678,5.555897516044616,91.9561282896474,5.3111687149643725,1.5778774197199292,0.0,104.10900000000224,-51.75,0.0,103.25900000000223,78.04
CRUISE,TRACKING,5.55585678,5.5570435885820295,91.9553326500127,5.422306136617188,1.5780370498291925,0.0,104.10900000000224,-51.75,0.0,103.25900000000223,78.06
CRUISE,TRACKING,5.55586269,5.556672904900595,91.9545203983444,5.5334392842224425,1.5781771182293665,0.0,104.10900000000224,-51.75,0.0,103.25900000000223,78.08
CRUISE,TRACKING,5.55586269,5.556431904249858,91.9536934582726,5.644567137975832,1.5783019208701865,0.0,104.10900000000224,-51.75,0.0,103.25900000000223,78.10000000000001
CRUISE,TRACKING,5.55586556,5.556289012182501,91.95285334063423,5.755691386254184,1.5784145443375965,0.0,104.10900000000224,-51.75,0.0,103.25900000000223,78.12
CRUISE,TRACKING,5.55587111,5.556041119495617,91.9520012771681,5.866811617785884,1.5785170895365577,0.0,104.10900000000224,-51.75,0.0,103.25900000000223,78.14
CRUISE,TRACKING,5.55587111,5.5547165258916715,91.95113830152559,5.977903908649088,1.578606332263937,0.0,104.10900000000224,-51.75,0.0,103.25900000000223,78.16000000000001
CRUISE,TRACKING,5.55587643,5.55500941084823,91.95026633119774,6.088998509177002,1.5786795886274771,0.0,104.10900000000224,-51.75,0.0,103.25900000000223,78.18
CRUISE,TRACKING,5.55587901,5.555193956959717,91.94938693776209,6.200097213570073,1.5787403313744768,0.0,104.10900000000224,-51.75,0.0,103.25900000000223,78.2
CRUISE,TRACKING,5.55588153,5.555309058704289,91.94850134167358,6.31119847870493,1.5787908207961323,0.0,104.10900000000224,-51.75,0.0,103.25900000000223,78.22
CRUISE,TRACKING,5.55588153,5.555402971078749,91.94761058237022,6.422301816861742,1.5788327333209082,0.0,104.10900000000224,-51.75,0.0,103.25900000000223,78.24000000000001
CRUISE,TRACKING,5.555884,5.554923261059862,91.94671558681785,6.533395871560672,1.5788646160055264,0.0,104.10900000000224,-51.75,0.0,103.25900000000223,78.26
CRUISE,TRACKING,5.55588874,5.555246561785133,91.94581771282121,6.644495729279753,1.5788859109049453,0.0,104.10900000000224,-51.75,0.0,103.25900000000223,78.28
CRUISE,TRACKING,5.55588874,5.555482845392694,91.94491792205729,6.755600576953694,1.578900127988423,0.0,104.10900000000224,-51.75,0.0,103.25900000000223,78.30000000000001
CRUISE,TRACKING,5.55589333,5.556183718513157,91.94401685029058,6.866717586389047,1.5789096473990645,0.0,104.10900000000224,-51.75,0.0,103.25900000000223,78.32000000000001
CRUISE,TRACKING,5.55589333,5.556825625830886,91.94311492505143,6.977849465585703,1.5789123064922368,0.0,104.10900000000224,-51.75,0.0,103.25900000000223,78.34
CRUISE,TRACKING,5.55589774,5.557044350003047,91.94221327367298,7.088988531189842,1.578902633851926,0.0,104.10900000000224,-51.75,0.0,103.25900000000223,78.361
CRUISE,TRACKING,5.55589774,5.556724499760073,91.94131339986501,7.200121577508055,1.5788806832683517,0.0,104.10900000000224,-51.75,0.0,103.25900000000223,78.38000000000001
CRUISE,TRACKING,5.55589987,5.556788304662809,91.94041652063088,7.311252753589808,1.5788489397241128,0.0,104.10900000000224,-51.75,0.0,103.25900000000223,78.4
CRUISE,TRACKING,5.55590196,5.556769158063805,91.93952362693518,7.422385647511451,1.5788090451621046,0.0,104.10900000000224,-51.75,0.0,103.25900000000223,78.42
CRUISE,TRACKING,5.55590601,5.556701272494654,91.93863555334138,7.533517051224996,1.5787622681718843,0.0,104.10900000000224,-51.75,0.0,103.25900000000223,78.44000000000001
CRUISE,TRACKING,5.55590797,5.556945703710877,91.93775300396696,7.644653421674858,1.578708176845825,0.0,104.10900000000224,-51.75,0.0,103.25900000000223,78.46000000000001
CRUISE,TRACKING,5.55590989,5.55677828321086,91.93687690822783,7.755787165589458,1.5786463128184134,0.0,104.10900000000224,-51.75,0.0,103.25900000000223,78.48
CRUISE,TRACKING,5.55590989,5.555162806143313,91.93600805462246,7.866896640159402,1.5785779610627957,0.0,104.10900000000224,-51.75,0.0,103.25900000000223,78.5
CRUISE,TRACKING,5.55591361,5.555084727750584,91.93514721285538,7.9779942507408,1.5785040483012507,0.0,104.10900000000224,-51.75,0.0,103.25900000000223,78.52000000000001
CRUISE,TRACKING,5.55591541,5.555120695843491,91.93429486101027,8.089092739544235,1.5784252639719187,0.0,104.10900000000224,-51.75,0.0,103.25900000000223,78.54
CRUISE,TRACKING,5.55591541,5.554982485921666,91.93345150825861,8.200188512398547,1.5783413557409978,0.0,104.10900000000224,-51.75,0.0,103.25900000000223,78.56
CRUISE,TRACKING,5.55591718,5.5556161682442555,91.932617786544,8.311291235627092,1.578252089676461,0.0,104.10900000000224,-51.75,0.0,103.25900000000223,78.58
CRUISE,TRACKING,5.5559206,5.55581575536052,91.93179424222274,8.422405236847043,1.5781582977446547,0.0,104.10900000000224,-51.75,0.0,103.25900000000223,78.60000000000001
CRUISE,TRACKING,5.55592225,5.555771098335306,91.93098134149876,8.53351840817021,1.578060495427923,0.0,104.10900000000224,-51.75,0.0,103.25900000000223,78.62
CRUISE,TRACKING,5.55592225,5.555730912080109,91.9301795123754,8.644630798969857,1.5779589893184076,0.0,104.10900000000224,-51.75,0.0,103.25900000000223,78.64
CRUISE,TRACKING,5.55592387,5.55592152631429,91.92938915143763,8.755745184832827,1.5778538590099611,0.0,104.10900000000224,-51.75,0.0,103.25900000000223,78.66000000000001
CRUISE,TRACKING,5.55592546,5.556180207945706,91.92861062353728,8.86686539759445,1.577745191108238,0.0,104.10900000000224,-51.75,0.0,103.25900000000223,78.68
CRUISE,TRACKING,5.55592702,5.5562306550085445,91.9278443159649,8.977986866921782,1.5776334087286612,0.0,104.10900000000224,-51.75,0.0,103.25900000000223,78.7
CRUISE,TRACKING,5.55592854,5.556252476988916,91.92709057835253,9.089108914801125,1.5775187463998275,0.0,104.10900000000224,-51.75,0.0,103.25900000000223,78.72
CRUISE,TRACKING,5.55593149,5.556282081752368,91.926349672659,9.200231552143523,1.5774012182280805,0.0,104.10900000000224,-51.75,0.0,103.25900000000223,78.74000000000001
CRUISE,TRACKING,5.55593292,5.556712617382072,91.9256219591785,9.311362391722747,1.5772812622367103,0.0,104.10900000000224,-51.75,0.0,103.25900000000223,78.76
CRUISE,TRACKING,5.55593292,5.556778662852746,91.92490768472885,9.422495972526567,1.5771589969524242,0.0,104.10900000000224,-51.75,0.0,103.25900000000223,78.78
CRUISE,TRACKING,5.55593432,5.556712479012669,91.92420713181302,9.533628316460325,1.577034510176002,0.0,104.10900000000224,-51.75,0.0,103.25900000000223,78.80000000000001
CRUISE,TRACKING,5.555937,5.556739934661015,91.92352050602382,9.644761238722577,1.5769081804458667,0.0,104.10900000000224,-51.75,0.0,103.25900000000223,78.82000000000001
CRUISE,TRACKING,5.55593832,5.5556353453883345,91.92284802140446,9.755882924077541,1.5767798716854358,0.0,104.10900000000224,-51.75,0.0,103.25900000000223,78.84
CRUISE,TRACKING,5.5559396,5.5552468499302075,91.92218997116743,9.866985743811917,1.576650246000469,0.0,104.10900000000224,-51.75,0.0,103.25900000000223,78.86
CRUISE,TRACKING,5.55594086,5.555214645121888,91.92154642944726,9.978088080522765,1.5765199367198202,0.0,104.10900000000224,-51.75,0.0,103.25900000000223,78.881
CRUISE,TRACKING,5.5559421,5.5551930955283115,91.92091741402918,10.089190031338289,1.576388650382889,0.0,104.10900000000224,-51.75,0.0,103.25900000000223,78.90100000000001
CRUISE,TRACKING,5.5559421,5.555164796666694,91.92030304432521,10.200291465171105,1.5762561570753135,0.0,104.10900000000224,-51.75,0.0,103.25900000000223,78.92
CRUISE,TRACKING,5.55594449,5.555403206766846,91.91970346749433,10.311397759212682,1.5761222588065722,0.0,104.10900000000224,-51.75,0.0,103.25900000000223,78.94000000000001
CRUISE,TRACKING,5.55594449,5.555314964999481,91.91911883418966,10.422502661525947,1.575987792559465,0.0,104.10900000000224,-51.75,0.0,103.25900000000223,78.96000000000001
CRUISE,TRACKING,5.55594678,5.555284356688043,91.91854911967035,10.533606919922228,1.5758535495465296,0.0,104.10900000000224,-51.75,0.0,103.25900000000223,78.98
CRUISE,TRACKING,5.55594678,5.555320172637429,91.91799432551163,10.644711978769017,1.575719058528426,0.0,104.10900000000224,-51.75,0.0,103.25900000000223,79.0
CRUISE,TRACKING,5.55594789,5.55655140607452,91.91745448023912,10.755832247367893,1.5755839515904477,0.0,104.10900000000224,-51.75,0.0,103.25900000000223,79.02000000000001
CRUISE,TRACKING,5.55595004,5.55654256906061,91.91692960218748,10.866961676462507,1.5754479152897536,0.0,104.10900000000224,-51.75,0.0,103.25900000000223,79.04
CRUISE,TRACKING,5.55595004,5.556606148206648,91.91641986863748,10.978092524367895,1.5753114872751897,0.0,104.10900000000224,-51.75,0.0,103.25900000000223,79.06
CRUISE,TRACKING,5.5559521,5.556629384912813,91.91592528241664,11.089223964412781,1.575175189261429,0.0,104.10900000000224,-51.75,0.0,103.25900000000223,79.08
CRUISE,TRACKING,5.5559521,5.556678766119829,91.9154458533766,11.200355311008506,1.5750384488073375,0.0,104.10900000000224,-51.75,0.0,103.25900000000223,79.10000000000001
CRUISE,TRACKING,5.55595408,5.556687553167717,91.91498166190719,11.311488187521944,1.574901002309027,0.0,104.10900000000224,-51.75,0.0,103.25900000000223,79.12
CRUISE,TRACKING,5.55595504,5.556708653969857,91.91453277602427,11.422621537715377,1.5747629097031317,0.0,104.10900000000224,-51.75,0.0,103.25900000000223,79.14
CRUISE,TRACKING,5.55595598,5.556587054599753,91.91409926488735,11.53375246293322,1.5746247135496423,0.0,104.10900000000224,-51.75,0.0,103.25900000000223,79.16000000000001
CRUISE,TRACKING,5.55595598,5.5566236571846375,91.91368108237157,11.644884096025871,1.5744869521239901,0.0,104.10900000000224,-51.75,0.0,103.25900000000223,79.18
CRUISE,TRACKING,5.55595779,5.555263684671351,91.91327820192302,11.755993354788032,1.5743492357000692,0.0,104.10900000000224,-51.75,0.0,103.25900000000223,79.2
CRUISE,TRACKING,5.55595779,5.555241654879935,91.91289072807596,11.867097482526455,1.5742113199885432,0.0,104.10900000000224,-51.75,0.0,103.25900000000223,79.22
CRUISE,TRACKING,5.55595867,5.555229158361818,91.91251859767972,11.978201387588461,1.574072991250377,0.0,104.10900000000224,-51.75,0.0,103.25900000000223,79.24000000000001
CRUISE,TRACKING,5.55596038,5.555341579724141,91.9121618407212,12.089307666229056,1.5739347832878183,0.0,104.10900000000224,-51.75,0.0,103.25900000000223,79.26
CRUISE,TRACKING,5.55596121,5.555320262860789,91.91182040460833,12.20041364398276,1.5737972731304397,0.0,104.10900000000224,-51.75,0.0,103.25900000000223,79.28
CRUISE,TRACKING,5.55596202,5.55529421682728,91.91149422193709,12.311519102079405,1.5736601657121962,0.0,104.10900000000224,-51.75,0.0,103.25900000000223,79.30000000000001
CRUISE,TRACKING,5.55596281,5.5552800547731405,91.91118326275821,12.42262427756817,1.573523198820861,0.0,104.10900000000224,-51.75,0.0,103.25900000000223,79.32000000000001
CRUISE,TRACKING,5.55596358,5.5552881371181195,91.91088752037918,12.533729642472366,1.5733862194909032,0.0,104.10900000000224,-51.75,0.0,103.25900000000223,79.34
CRUISE,TRACKING,5.55596434,5.555586901529961,91.9106069850457,12.644839290408354,1.5732498302781543,0.0,104.10900000000224,-51.75,0.0,103.25900000000223,79.36
CRUISE,TRACKING,5.55596509,5.55656042003415,91.91034151966181,12.755970017772398,1.5731145799405901,0.0,104.10900000000224,-51.75,0.0,103.25900000000223,79.38000000000001
CRUISE,TRACKING,5.55596509,5.5565828874062655,91.91009099401653,12.867101279201453,1.5729801017322114,0.0,104.10900000000224,-51.75,0.0,103.25900000000223,79.4
CRUISE,TRACKING,5.55596653,5.556596311645247,91.9098553807928,12.978232873878447,1.5728461894858314,0.0,104.10900000000224,-51.75,0.0,103.25900000000223,79.42
CRUISE,TRACKING,5.55596723,5.556596163619399,91.90963462420397,13.089364515267008,1.572712748043703,0.0,104.10900000000224,-51.75,0.0,103.25900000000223,79.441
CRUISE,TRACKING,5.55596791,5.556469560798604,91.90942865725037,13.2004935851822,1.5725803904486653,0.0,104.10900000000224,-51.75,0.0,103.25900000000223,79.46000000000001
CRUISE,TRACKING,5.55596858,5.556501267370506,91.90923731003502,13.311623237565371,1.5724496264495722,0.0,104.10900000000224,-51.75,0.0,103.25900000000223,79.48
CRUISE,TRACKING,5.55596858,5.55651884794221,91.90906042682391,13.422753317246467,1.5723200878095103,0.0,104.10900000000224,-51.75,0.0,103.25900000000223,79.5
CRUISE,TRACKING,5.55596988,5.556523671840114,91.90889788436361,13.533883543508946,1.5721915671779687,0.0,104.10900000000224,-51.75,0.0,103.25900000000223,79.52000000000001
CRUISE,TRACKING,5.55596988,5.555817065417872,91.90874957562039,13.645006734350556,1.5720639736067088,0.0,104.10900000000224,-51.75,0.0,103.25900000000223,79.54
CRUISE,TRACKING,5.55597051,5.5555541445613095,91.90861539332893,13.756117946264487,1.5719379655537926,0.0,104.10900000000224,-51.75,0.0,103.25900000000223,79.56
CRUISE,TRACKING,5.55597112,5.5555212901483815,91.90849510102264,13.867228603441095,1.5718140753576293,0.0,104.10900000000224,-51.75,0.0,103.25900000000223,79.58
CRUISE,TRACKING,5.55597172,5.555501765870309,91.9083884812956,13.978338830338442,1.5716919171191965,0.0,104.10900000000224,-51.75,0.0,103.25900000000223,79.60000000000001
CRUISE,TRACKING,5.55597231,5.555500409356732,91.90829535404916,14.089449009708174,1.5715712882830626,0.0,104.10900000000224,-51.75,0.0,103.25900000000223,79.62
CRUISE,TRACKING,5.55597346,5.55550600667876,91.90821555362484,14.200559298336952,1.5714521297847295,0.0,104.10900000000224,-51.75,0.0,103.25900000000223,79.64
CRUISE,TRACKING,5.55597346,5.555641284948845,91.90814889647073,14.311672369601585,1.5713350587448733,0.0,104.10900000000224,-51.75,0.0,103.25900000000223,79.66000000000001
CRUISE,TRACKING,5.55597401,5.555612762371011,91.90809510392137,14.422784959935525,1.5712205943106712,0.0,104.10900000000224,-51.75,0.0,103.25900000000223,79.68
CRUISE,TRACKING,5.55597455,5.555597306356055,91.90805390881879,14.533897186567124,1.5711083374795338,0.0,104.10900000000224,-51.75,0.0,103.25900000000223,79.70100000000001
CRUISE,TRACKING,5.55597508,5.556347258798824,91.90802507894801,14.645018259503034,1.5709980899866427,0.0,104.10900000000224,-51.75,0.0,103.25900000000223,79.72
CRUISE,TRACKING,5.55597611,5.548227074653491,91.9080084066193,14.755999316655076,1.5708899637297988,0.0,104.10900000000224,-51.75,0.0,103.25900000000223,79.74000000000001
CRUISE,TRACKING,5.54786239,5.534526155002473,91.90800360891973,14.866732017429493,1.5707846378213264,0.0,104.10900000000224,-51.75,0.0,103.25900000000223,79.76
CRUISE,TRACKING,5.53428922,5.5207146841732655,91.9080102804815,14.977188607244825,1.5706825891449356,0.0,104.10900000000224,-51.75,0.0,103.25900000000223,79.78
CRUISE,TRACKING,5.52044893,5.506783543446477,91.90802802609832,15.087366381748755,1.5705834017854161,0.0,104.10900000000224,-51.75,0.0,103.25900000000223,79.80000000000001
CRUISE,TRACKING,5.50650351,5.4928309990908915,91.90805648769249,15.197265072162967,1.5704868785399062,0.0,104.10900000000224,-51.75,0.0,103.25900000000223,79.82000000000001
CRUISE,TRACKING,5.50650351,5.44973498454591,91.90809518575979,15.306560049073724,1.5703933297393626,0.0,104.10900000000224,-51.75,0.0,103.25900000000223,79.84
CRUISE,TRACKING,5.43556212,5.389207277969574,91.90814337504447,15.414645385270504,1.5703037292097997,0.0,104.10900000000224,-51.75,0.0,103.25900000000223,79.86
CRUISE,TRACKING,5.43556212,5.329233397394046,91.90820038759082,15.521529484058606,1.5702183272268546,0.0,104.10900000000224,-51.75,0.0,103.25900000000223,79.88000000000001
CRUISE,TRACKING,5.37556212,5.269243332041611,91.90826559436131,15.627213842048846,1.570136642136188,0.0,104.10900000000224,-51.75,0.0,103.25900000000223,79.9
CRUISE,TRACKING,5.31556212,5.209236634240627,91.90833842227923,15.731698095137393,1.570058401673075,0.0,104.10900000000224,-51.75,0.0,103.25900000000223,79.92
CRUISE,TRACKING,5.25556212,5.149231736215566,91.90841833160341,15.834982266182662,1.5699834422138335,0.0,104.10900000000224,-51.75,0.0,103.25900000000223,79.94000000000001
CRUISE,TRACKING,5.19556212,5.088980440161304,91.90850480075858,15.937062739516307,1.5699120059492346,0.0,104.10900000000224,-51.75,0.0,103.25900000000223,79.96000000000001
CRUISE,TRACKING,5.07556212,5.028954625698463,91.90859727975571,16.037942285209585,1.5698442337930962,0.0,104.10900000000224,-51.75,0.0,103.25900000000223,79.98100000000001
CRUISE,TRACKING,5.01556212,4.9689478432418115,91.90869525755856,16.1376216308951,1.5697797203592143,0.0,104.10900000000224,-51.75,0.0,103.25900000000223,80.001
CRUISE,TRACKING,5.01556212,4.908954213419094,91.9087982662075,16.236101042608365,1.5697182420106481,0.0,104.10900000000224,-51.75,0.0,103.25900000000223,80.02000000000001
CRUISE,TRACKING,4.89556212,4.849529187743667,91.90890586674062,16.333390227778303,1.5696596328461898,0.0,104.10900000000224,-51.75,0.0,103.25900000000223,80.04
CRUISE,TRACKING,4.83556212,4.789552512071532,91.90901764029672,16.429481765944406,1.5696039982395533,0.0,104.10900000000224,-51.75,0.0,103.25900000000223,80.06
CRUISE,TRACKING,4.77556212,4.729505669114335,91.90913315945198,16.524372352384688,1.5695513689824347,0.0,104.10900000000224,-51.75,0.0,103.25900000000223,80.08
CRUISE,TRACKING,4.77556212,4.6694755176333524,91.90925202820448,16.618062276105253,1.5695014273350816,0.0,104.10900000000224,-51.75,0.0,103.25900000000223,80.10000000000001
CRUISE,TRACKING,4.65556212,4.6094540027815425,91.90937388493906,16.710551734854622,1.569453992296692,0.0,104.10900000000224,-51.75,0.0,103.25900000000223,80.12
CRUISE,TRACKING,4.65556212,4.549431242491337,91.9094983900431,16.80184078867941,1.569408964850614,0.0,104.10900000000224,-51.75,0.0,103.25900000000223,80.14
CRUISE,TRACKING,4.59556212,4.4894333825084765,91.9096252108405,16.89192980201057,1.5693662846977459,0.0,104.10900000000224,-51.75,0.0,103.25900000000223,80.16000000000001
CRUISE,TRACKING,4.53556212,4.429400018930375,91.90975403442098,16.980818127950542,1.5693258965752988,0.0,104.10900000000224,-51.75,0.0,103.25900000000223,80.18
CRUISE,TRACKING,4.47556212,4.369376468410738,91.9098845728384,17.068505940396427,1.5692875780102868,0.0,104.10900000000224,-51.75,0.0,103.25900000000223,80.2
CRUISE,TRACKING,4.35556212,4.309362004743584,91.91001655797174,17.154993439731424,1.5692512056031998,0.0,104.10900000000224,-51.75,0.0,103.25900000000223,80.22
CRUISE,TRACKING,4.35556212,4.249346625233785,91.91014973705485,17.240280614089993,1.5692167030811952,0.0,104.10900000000224,-51.75,0.0,103.25900000000223,80.24000000000001
CRUISE,TRACKING,4.29556212,4.189313848817946,91.91028387002547,17.324367357349075,1.5691840183175358,0.0,104.10900000000224,-51.75,0.0,103.25900000000223,80.26
CRUISE,TRACKING,4.23556212,4.129114293003257,91.91041872764706,17.407249307700837,1.5691530786927972,0.0,104.10900000000224,-51.75,0.0,103.25900000000223,80.28
CRUISE,TRACKING,4.11556212,4.069114719793014,91.91055409658883,17.488931282425828,1.5691237421230742,0.0,104.10900000000224,-51.75,0.0,103.25900000000223,80.30000000000001
CRUISE,TRACKING,4.11556212,4.009108825306071,91.91068977909032,17.56941314927428,1.5690959179573867,0.0,104.10900000000224,-51.75,0.0,103.25900000000223,80.32000000000001
CRUISE,TRACKING,3.99556212,3.9491028248532483,91.91082558874811,17.648694899579223,1.5690695596727264,0.0,104.10900000000224,-51.75,0.0,103.25900000000223,80.34
CRUISE,TRACKING,3.99556212,3.8890983954739413,91.9109613478247,17.726776564976564,1.5690446182361746,0.0,104.10900000000224,-51.75,0.0,103.25900000000223,80.36
CRUISE,TRACKING,3.87556212,3.8290951167298934,91.91109688786469,17.803658170645917,1.5690210351544283,0.0,104.10900000000224,-51.75,0.0,103.25900000000223,80.38000000000001
CRUISE,TRACKING,3.81556212,3.7696463096465838,91.91123200490475,17.879351588824335,1.569001784367043,0.0,104.10900000000224,-51.75,0.0,103.25900000000223,80.4
CRUISE,TRACKING,3.75556212,3.709446724915139,91.91136615848468,17.95384129590784,1.5689891233234337,0.0,104.10900000000224,-51.75,0.0,103.25900000000223,80.42
CRUISE,TRACKING,3.75556212,3.649315720183339,91.91149891165959,18.027128076292563,1.5689808072133729,0.0,104.10900000000224,-51.75,0.0,103.25900000000223,80.44000000000001
CRUISE,TRACKING,3.63556212,3.5892297722461444,91.91162998256206,18.099212937134144,1.5689753461777918,0.0,104.10900000000224,-51.75,0.0,103.25900000000223,80.46000000000001
CRUISE,TRACKING,3.57556212,3.5291734474703613,91.91175918881737,18.170096540264144,1.5689717610197933,0.0,104.10900000000224,-51.75,0.0,103.25900000000223,80.48
CRUISE,TRACKING,3.51556212,3.469142242527485,91.91188641248395,18.239779377197504,1.5689694079698644,0.0,104.10900000000224,-51.75,0.0,103.25900000000223,80.5
CRUISE,TRACKING,3.51556212,3.4091210752186143,91.9120115773186,18.308261824139894,1.5689678639444335,0.0,104.10900000000224,-51.75,0.0,103.25900000000223,80.52000000000001
CRUISE,TRACKING,3.39556212,3.3491006711837774,91.91213463403567,18.375543816235258,1.5689668509753258,0.0,104.10900000000224,-51.75,0.0,103.25900000000223,80.54
CRUISE,TRACKING,3.33556212,3.289087374173516,91.91225555071762,18.441625512459623,1.5689661867365863,0.0,104.10900000000224,-51.75,0.0,103.25900000000223,80.56
CRUISE,TRACKING,3.27556212,3.2320787416717587,91.91237441130626,18.50656401088517,1.568965750954739,0.0,104.10900000000224,-51.75,0.0,103.25900000000223,80.58
CRUISE,TRACKING,3.27556212,3.1720731134644935,91.9124911037688,18.570305391465222,1.5689654653792926,0.0,104.10900000000224,-51.75,0.0,103.25900000000223,80.60000000000001
CRUISE,TRACKING,3.21856212,3.112069447508765,91.91260561408023,18.632846691965415,1.5689652783337418,0.0,104.10900000000224,-51.75,0.0,103.25900000000223,80.62
CRUISE,TRACKING,3.15856212,3.0520670457800656,91.91271793670417,18.694187940802923,1.5689651558743207,0.0,104.10900000000224,-51.75,0.0,103.25900000000223,80.64
CRUISE,TRACKING,3.09856212,2.99206545092819,91.91282806806669,18.754329156167298,1.5689650757361744,0.0,104.10900000000224,-51.75,0.0,103.25900000000223,80.66000000000001
CRUISE,TRACKING,2.97856212,2.9320644003202787,91.91293600586727,18.813270349926707,1.568965023343183,0.0,104.10900000000224,-51.75,0.0,103.25900000000223,80.68
CRUISE,TRACKING,2.91856212,2.872063981481366,91.91304174861742,18.871011533518462,1.5689649891119077,0.0,104.10900000000224,-51.75,0.0,103.25900000000223,80.7
CRUISE,TRACKING,2.85856212,2.8120640348249757,91.91314529535242,18.927552719148697,1.5689649667416274,0.0,104.10900000000224,-51.75,0.0,103.25900000000223,80.72
CRUISE,TRACKING,2.79856212,2.7520640678683845,91.91324664547065,18.982893907567284,1.5689649521300753,0.0,104.10900000000224,-51.75,0.0,103.25900000000223,80.74000000000001
CRUISE,TRACKING,2.73856212,2.6920640744001703,91.9133457985849,19.037035098263864,1.56896494259134,0.0,104.10900000000224,-51.75,0.0,103.25900000000223,80.76
CRUISE,TRACKING,2.73856212,2.6320640528224537,91.9134427544485,19.089976290681516,1.568964936366382,0.0,104.10900000000224,-51.75,0.0,103.25900000000223,80.78
CRUISE,TRACKING,2.61856212,2.572064003885981,91.91353751290391,19.141717484267136,1.568964932304619,0.0,104.10900000000224,-51.75,0.0,103.25900000000223,80.80000000000001
CRUISE,TRACKING,2.61856212,2.5120639705491787,91.91363007385084,19.192258678935538,1.5689649296545827,0.0,104.10900000000224,-51.75,0.0,103.25900000000223,80.82000000000001
CRUISE,TRACKING,2.55856212,2.4520639854741004,91.91372043722765,19.241599875834364,1.568964927925965,0.0,104.10900000000224,-51.75,0.0,103.25900000000223,80.84
CRUISE,TRACKING,2.43856212,2.3920639921588025,91.91380860299428,19.289741074921633,1.5689649267983643,0.0,104.10900000000224,-51.75,0.0,103.25900000000223,80.86
CRUISE,TRACKING,2.37856212,2.33206399003146,91.91389457112541,19.33668227602297,1.5689649260627663,0.0,104.10900000000224,-51.75,0.0,103.25900000000223,80.88000000000001
CRUISE,TRACKING,2.37856212,2.2720639817793957,91.91397834160526,19.382423478988965,1.568964925583,0.0,104.10900000000224,-51.75,0.0,103.25900000000223,80.9
CRUISE,TRACKING,2.31856212,2.212064045478096,91.91405991442683,19.426964684852482,1.5689649252716877,0.0,104.10900000000224,-51.75,0.0,103.25900000000223,80.92
CRUISE,TRACKING,2.25856212,2.1520640998234284,91.91413928958498,19.470305893918958,1.5689649250716626,0.0,104.10900000000224,-51.75,0.0,103.25900000000223,80.94000000000001
CRUISE,GOAL_REACHED,2.13856212,2.092064134351037,91.91421646707526,19.51244710578589,1.5689649249451831,0.0,104.10900000000224,-51.75,0.0,103.25900000000223,80.96000000000001
CRUISE,GOAL_REACHED,2.13856212,2.0320641506004287,91.91429144689472,19.55338832007929,1.568964924867658,0.0,104.10900000000224,-51.75,0.0,103.25900000000223,80.98
CRUISE,GOAL_REACHED,2.01856212,1.972064150312151,91.91436422904131,19.59312953645991,1.5689649248230482,0.0,104.10900000000224,-51.75,0.0,103.25900000000223,81.0
CRUISE,GOAL_REACHED,1.95856212,1.9120641354214096,91.91443481351351,19.6316707546255,1.5689649248008708,0.0,104.10900000000224,-51.75,0.0,103.25900000000223,81.02000000000001
CRUISE,GOAL_REACHED,1.95856212,1.8520641078800903,91.91450320031029,19.669011974313396,1.5689649247942359,0.0,104.10900000000224,-51.75,0.0,103.25900000000223,81.04
CRUISE,GOAL_REACHED,1.83856212,1.7920640697082835,91.91456938943072,19.70515319530108,1.56896492479859,0.0,104.10900000000224,-51.75,0.0,103.25900000000223,81.06
CRUISE,GOAL_REACHED,1.77856212,1.7320640228333457,91.91463338087412,19.740094417404787,1.5689649248108797,0.0,104.10900000000224,-51.75,0.0,103.25900000000223,81.08
CRUISE,GOAL_REACHED,1.77856212,1.672063969081372,91.91469517463977,19.773835640478044,1.5689649248290332,0.0,104.10900000000224,-51.75,0.0,103.25900000000223,81.10000000000001
CRUISE,GOAL_REACHED,1.71856212,1.6120639187654937,91.91475477072697,19.80637686449531,1.5689649248513973,0.0,104.10900000000224,-51.75,0.0,103.25900000000223,81.12
CRUISE,GOAL_REACHED,1.59856212,1.5520639183361116,91.91481216913309,19.837718090303728,1.56896492487469,0.0,104.10900000000224,-51.75,0.0,103.25900000000223,81.14
CRUISE,GOAL_REACHED,1.59856212,1.4920639154595983,91.91486736985723,19.867859318084044,1.5689649248975812,0.0,104.10900000000224,-51.75,0.0,103.25900000000223,81.16000000000001
CRUISE,GOAL_REACHED,1.53856212,1.4320639095980763,91.91492037289916,19.896800547773783,1.5689649249195718,0.0,104.10900000000224,-51.75,0.0,103.25900000000223,81.18
CRUISE,GOAL_REACHED,1.47856212,1.3720639013104001,91.91497117825872,19.924541779321718,1.5689649249403077,0.0,104.10900000000224,-51.75,0.0,103.25900000000223,81.2
CRUISE,GOAL_REACHED,1.41856212,1.3120638910982143,91.91501978593583,19.951083012686755,1.568964924959537,0.0,104.10900000000224,-51.75,0.0,103.25900000000223,81.22
CRUISE,GOAL_REACHED,1.29856212,1.2520638794333212,91.91506619593041,19.9764242478377,1.5689649249770874,0.0,104.10900000000224,-51.75,0.0,103.25900000000223,81.242
CRUISE,GOAL_REACHED,1.23856212,1.1920638667587484,91.91511040824246,20.00056548475205,1.5689649249928415,0.0,104.10900000000224,-51.75,0.0,103.25900000000223,81.26100000000001
CRUISE,GOAL_REACHED,1.23856212,1.132063853445754,91.91515242287197,20.023506723415206,1.5689649250067212,0.0,104.10900000000224,-51.75,0.0,103.25900000000223,81.28
CRUISE,GOAL_REACHED,1.11856212,1.0720638398506825,91.91519223981902,20.04524796381996,1.5689649250186841,0.0,104.10900000000224,-51.75,0.0,103.25900000000223,81.301
CRUISE,GOAL_REACHED,1.05856212,1.0120638262779955,91.91522985908364,20.0657892059652,1.5689649250287125,0.0,104.10900000000224,-51.75,0.0,103.25900000000223,81.32100000000001
CRUISE,GOAL_REACHED,1.05856212,0.952063812987762,91.91526528066593,20.085130449855384,1.568964925036808,0.0,104.10900000000224,-51.75,0.0,103.25900000000223,81.34
CRUISE,GOAL_REACHED,0.938562121,0.8920638002151631,91.91529850456598,20.1032716954997,1.5689649250429927,0.0,104.10900000000224,-51.75,0.0,103.25900000000223,81.36
CRUISE,GOAL_REACHED,0.878562121,0.8320637881453055,91.91532953078394,20.120212942911294,1.5689649250473,0.0,104.10900000000224,-51.75,0.0,103.25900000000223,81.38000000000001
CRUISE,GOAL_REACHED,0.878562121,0.7720637769551032,91.91535835931988,20.13595419210689,1.5689649250497746,0.0,104.10900000000224,-51.75,0.0,103.25900000000223,81.4
CRUISE,GOAL_REACHED,0.758562121,0.7120637667532776,91.91538499017396,20.150495443105736,1.5689649250504685,0.0,104.10900000000224,-51.75,0.0,103.25900000000223,81.42
CRUISE,GOAL_REACHED,0.698562121,0.6520637576641753,91.91540942334632,20.16383669592959,1.568964925049442,0.0,104.10900000000224,-51.75,0.0,103.25900000000223,81.441
CRUISE,GOAL_REACHED,0.638562121,0.5920637497634619,91.91543165883705,20.175977950601826,1.5689649250467586,0.0,104.10900000000224,-51.75,0.0,103.25900000000223,81.46000000000001
CRUISE,GOAL_REACHED,0.638562121,0.5320637431246859,91.91545169664631,20.1869192071473,1.5689649250424913,0.0,104.10900000000224,-51.75,0.0,103.25900000000223,81.48
CRUISE,GOAL_REACHED,0.518562121,0.47206373779651134,91.91546953677421,20.196660465592018,1.5689649250367101,0.0,104.10900000000224,-51.75,0.0,103.25900000000223,81.501
CRUISE,GOAL_REACHED,0.518562121,0.412063733798839,91.91548517922088,20.20520172596251,1.5689649250294924,0.0,104.10900000000224,-51.75,0.0,103.25900000000223,81.52000000000001
CRUISE,GOAL_REACHED,0.458562121,0.35206373115475864,91.91549862398647,20.21254298828582,1.5689649250209106,0.0,104.10900000000224,-51.75,0.0,103.25900000000223,81.54
CRUISE,GOAL_REACHED,0.338562121,0.2920637298809706,91.91550987107105,20.21868425258918,1.5689649250110442,0.0,104.10900000000224,-51.75,0.0,103.25900000000223,81.56
CRUISE,GOAL_REACHED,0.278562121,0.23206372995651145,91.91551892047478,20.223625518899738,1.5689649249999664,0.0,104.10900000000224,-51.75,0.0,103.25900000000223,81.58
CRUISE,GOAL_REACHED,0.278562121,0.1720637313682335,91.91552577219774,20.22736678724432,1.5689649249877529,0.0,104.10900000000224,-51.75,0.0,103.25900000000223,81.60000000000001
CRUISE,GOAL_REACHED,0.158562121,0.11206373408380184,91.91553042624001,20.229908057649205,1.5689649249744793,0.0,104.10900000000224,-51.75,0.0,103.25900000000223,81.62
CRUISE,GOAL_REACHED,0.0985621206,0.05206373807978169,91.91553288260171,20.231249330140038,1.5689649249602164,0.0,104.10900000000224,-51.75,0.0,103.25900000000223,81.64
CRUISE,GOAL_REACHED,0.0985621206,0.0008127484264016071,91.91553330153214,20.231478094646004,1.5689649249512134,0.0,104.10900000000224,-51.75,0.0,103.25900000000223,81.66000000000001
CRUISE,GOAL_REACHED,0.0385621206,0.0,91.91553330153214,20.231478094646004,1.5689649249512134,0.0,104.10900000000224,-51.75,0.0,103.25900000000223,81.68
CRUISE,GOAL_REACHED,0.0,0.0,91.91553330153214,20.231478094646004,1.5689649249512134,0.0,104.10900000000224,-51.75,0.0,103.25900000000223,81.7
CRUISE,GOAL_REACHED,0.0,0.0,91.91553330153214,20.231478094646004,1.5689649249512134,0.0,104.10900000000224,-51.75,0.0,103.25900000000223,81.721
CRUISE,GOAL_REACHED,0.0,0.0,91.91553330153214,20.231478094646004,1.5689649249512134,0.0,104.10900000000224,-51.75,0.0,103.25900000000223,81.74000000000001
CRUISE,GOAL_REACHED,0.0,0.0,91.91553330153214,20.231478094646004,1.5689649249512134,0.0,104.10900000000224,-51.75,0.0,103.25900000000223,81.76
CRUISE,GOAL_REACHED,0.0,0.0,91.91553330153214,20.231478094646004,1.5689649249512134,0.0,104.10900000000224,-51.75,0.0,103.25900000000223,81.78
CRUISE,GOAL_REACHED,0.0,0.0,91.91553330153214,20.231478094646004,1.5689649249512134,0.0,104.10900000000224,-51.75,0.0,103.25900000000223,81.80300000000001
CRUISE,GOAL_REACHED,0.0,0.0,91.91553330153214,20.231478094646004,1.5689649249512134,0.0,104.10900000000224,-51.75,0.0,103.25900000000223,81.82000000000001
CRUISE,GOAL_REACHED,0.0,0.0,91.91553330153214,20.231478094646004,1.5689649249512134,0.0,104.10900000000224,-51.75,0.0,103.25900000000223,81.84
CRUISE,GOAL_REACHED,0.0,0.0,91.91553330153214,20.231478094646004,1.5689649249512134,0.0,104.10900000000224,-51.75,0.0,103.25900000000223,81.86
CRUISE,GOAL_REACHED,0.0,0.0,91.91553330153214,20.231478094646004,1.5689649249512134,0.0,104.10900000000224,-51.75,0.0,103.25900000000223,81.88000000000001
CRUISE,GOAL_REACHED,0.0,0.0,91.91553330153214,20.231478094646004,1.5689649249512134,0.0,104.10900000000224,-51.75,0.0,103.25900000000223,81.9
CRUISE,GOAL_REACHED,0.0,0.0,91.91553330153214,20.231478094646004,1.5689649249512134,0.0,104.10900000000224,-51.75,0.0,103.25900000000223,81.92
CRUISE,GOAL_REACHED,0.0,0.0,91.91553330153214,20.231478094646004,1.5689649249512134,0.0,104.10900000000224,-51.75,0.0,103.25900000000223,81.94000000000001
CRUISE,GOAL_REACHED,0.0,0.0,91.91553330153214,20.231478094646004,1.5689649249512134,0.0,104.10900000000224,-51.75,0.0,103.25900000000223,81.96000000000001
CRUISE,GOAL_REACHED,0.0,0.0,91.91553330153214,20.231478094646004,1.5689649249512134,0.0,104.10900000000224,-51.75,0.0,103.25900000000223,81.98
CRUISE,GOAL_REACHED,0.0,0.0,91.91553330153214,20.231478094646004,1.5689649249512134,0.0,104.10900000000224,-51.75,0.0,103.25900000000223,82.0
CRUISE,GOAL_REACHED,0.0,0.0,91.91553330153214,20.231478094646004,1.5689649249512134,0.0,104.10900000000224,-51.75,0.0,103.25900000000223,82.02000000000001
CRUISE,GOAL_REACHED,0.0,0.0,91.91553330153214,20.231478094646004,1.5689649249512134,0.0,104.10900000000224,-51.75,0.0,103.25900000000223,82.04
CRUISE,GOAL_REACHED,0.0,0.0,91.91553330153214,20.231478094646004,1.5689649249512134,0.0,104.10900000000224,-51.75,0.0,103.25900000000223,82.06
CRUISE,GOAL_REACHED,0.0,0.0,91.91553330153214,20.231478094646004,1.5689649249512134,0.0,104.10900000000224,-51.75,0.0,103.25900000000223,82.08
CRUISE,GOAL_REACHED,0.0,0.0,91.91553330153214,20.231478094646004,1.5689649249512134,0.0,104.10900000000224,-51.75,0.0,103.25900000000223,82.10000000000001
CRUISE,GOAL_REACHED,0.0,0.0,91.91553330153214,20.231478094646004,1.5689649249512134,0.0,104.10900000000224,-51.75,0.0,103.25900000000223,82.12
CRUISE,GOAL_REACHED,0.0,0.0,91.91553330153214,20.231478094646004,1.5689649249512134,0.0,104.10900000000224,-51.75,0.0,103.25900000000223,82.14
CRUISE,GOAL_REACHED,0.0,0.0,91.91553330153214,20.231478094646004,1.5689649249512134,0.0,104.10900000000224,-51.75,0.0,103.25900000000223,82.16000000000001
CRUISE,GOAL_REACHED,0.0,0.0,91.91553330153214,20.231478094646004,1.5689649249512134,0.0,104.10900000000224,-51.75,0.0,103.25900000000223,82.18
CRUISE,GOAL_REACHED,0.0,0.0,91.91553330153214,20.231478094646004,1.5689649249512134,0.0,104.10900000000224,-51.75,0.0,103.25900000000223,82.2
CRUISE,GOAL_REACHED,0.0,0.0,91.91553330153214,20.231478094646004,1.5689649249512134,0.0,104.10900000000224,-51.75,0.0,103.25900000000223,82.22
CRUISE,GOAL_REACHED,0.0,0.0,91.91553330153214,20.231478094646004,1.5689649249512134,0.0,104.10900000000224,-51.75,0.0,103.25900000000223,82.24000000000001
CRUISE,GOAL_REACHED,0.0,0.0,91.91553330153214,20.231478094646004,1.5689649249512134,0.0,104.10900000000224,-51.75,0.0,103.25900000000223,82.26
CRUISE,GOAL_REACHED,0.0,0.0,91.91553330153214,20.231478094646004,1.5689649249512134,0.0,104.10900000000224,-51.75,0.0,103.25900000000223,82.28
CRUISE,GOAL_REACHED,0.0,0.0,91.91553330153214,20.231478094646004,1.5689649249512134,0.0,104.10900000000224,-51.75,0.0,103.25900000000223,82.30000000000001
CRUISE,GOAL_REACHED,0.0,0.0,91.91553330153214,20.231478094646004,1.5689649249512134,0.0,104.10900000000224,-51.75,0.0,103.25900000000223,82.32000000000001
CRUISE,GOAL_REACHED,0.0,0.0,91.91553330153214,20.231478094646004,1.5689649249512134,0.0,104.10900000000224,-51.75,0.0,103.25900000000223,82.34
CRUISE,GOAL_REACHED,0.0,0.0,91.91553330153214,20.231478094646004,1.5689649249512134,0.0,104.10900000000224,-51.75,0.0,103.25900000000223,82.361
CRUISE,GOAL_REACHED,0.0,0.0,91.91553330153214,20.231478094646004,1.5689649249512134,0.0,104.10900000000224,-51.75,0.0,103.25900000000223,82.38000000000001
CRUISE,GOAL_REACHED,0.0,0.0,91.91553330153214,20.231478094646004,1.5689649249512134,0.0,104.10900000000224,-51.75,0.0,103.25900000000223,82.4
CRUISE,GOAL_REACHED,0.0,0.0,91.91553330153214,20.231478094646004,1.5689649249512134,0.0,104.10900000000224,-51.75,0.0,103.25900000000223,82.42
CRUISE,GOAL_REACHED,0.0,0.0,91.91553330153214,20.231478094646004,1.5689649249512134,0.0,104.10900000000224,-51.75,0.0,103.25900000000223,82.44000000000001
CRUISE,GOAL_REACHED,0.0,0.0,91.91553330153214,20.231478094646004,1.5689649249512134,0.0,104.10900000000224,-51.75,0.0,103.25900000000223,82.46000000000001
CRUISE,GOAL_REACHED,0.0,0.0,91.91553330153214,20.231478094646004,1.5689649249512134,0.0,104.10900000000224,-51.75,0.0,103.25900000000223,82.48
CRUISE,GOAL_REACHED,0.0,0.0,91.91553330153214,20.231478094646004,1.5689649249512134,0.0,104.10900000000224,-51.75,0.0,103.25900000000223,82.5
CRUISE,GOAL_REACHED,0.0,0.0,91.91553330153214,20.231478094646004,1.5689649249512134,0.0,104.10900000000224,-51.75,0.0,103.25900000000223,82.52000000000001
CRUISE,GOAL_REACHED,0.0,0.0,91.91553330153214,20.231478094646004,1.5689649249512134,0.0,104.10900000000224,-51.75,0.0,103.25900000000223,82.54
CRUISE,GOAL_REACHED,0.0,0.0,91.91553330153214,20.231478094646004,1.5689649249512134,0.0,104.10900000000224,-51.75,0.0,103.25900000000223,82.56
CRUISE,GOAL_REACHED,0.0,0.0,91.91553330153214,20.231478094646004,1.5689649249512134,0.0,104.10900000000224,-51.75,0.0,103.25900000000223,82.58
CRUISE,GOAL_REACHED,0.0,0.0,91.91553330153214,20.231478094646004,1.5689649249512134,0.0,104.10900000000224,-51.75,0.0,103.25900000000223,82.60000000000001
CRUISE,GOAL_REACHED,0.0,0.0,91.91553330153214,20.231478094646004,1.5689649249512134,0.0,104.10900000000224,-51.75,0.0,103.25900000000223,82.62
CRUISE,GOAL_REACHED,0.0,0.0,91.91553330153214,20.231478094646004,1.5689649249512134,0.0,104.10900000000224,-51.75,0.0,103.25900000000223,82.64
CRUISE,GOAL_REACHED,0.0,0.0,91.91553330153214,20.231478094646004,1.5689649249512134,0.0,104.10900000000224,-51.75,0.0,103.25900000000223,82.66000000000001
CRUISE,GOAL_REACHED,0.0,0.0,91.91553330153214,20.231478094646004,1.5689649249512134,0.0,104.10900000000224,-51.75,0.0,103.25900000000223,82.68
CRUISE,GOAL_REACHED,0.0,0.0,91.91553330153214,20.231478094646004,1.5689649249512134,0.0,104.10900000000224,-51.75,0.0,103.25900000000223,82.7
CRUISE,GOAL_REACHED,0.0,0.0,91.91553330153214,20.231478094646004,1.5689649249512134,0.0,104.10900000000224,-51.75,0.0,103.25900000000223,82.72
CRUISE,GOAL_REACHED,0.0,0.0,91.91553330153214,20.231478094646004,1.5689649249512134,0.0,104.10900000000224,-51.75,0.0,103.25900000000223,82.74000000000001
CRUISE,GOAL_REACHED,0.0,0.0,91.91553330153214,20.231478094646004,1.5689649249512134,0.0,104.10900000000224,-51.75,0.0,103.25900000000223,82.76
CRUISE,GOAL_REACHED,0.0,0.0,91.91553330153214,20.231478094646004,1.5689649249512134,0.0,104.10900000000224,-51.75,0.0,103.25900000000223,82.78
CRUISE,GOAL_REACHED,0.0,0.0,91.91553330153214,20.231478094646004,1.5689649249512134,0.0,104.10900000000224,-51.75,0.0,103.25900000000223,82.80000000000001
CRUISE,GOAL_REACHED,0.0,0.0,91.91553330153214,20.231478094646004,1.5689649249512134,0.0,104.10900000000224,-51.75,0.0,103.25900000000223,82.82000000000001
CRUISE,GOAL_REACHED,0.0,0.0,91.91553330153214,20.231478094646004,1.5689649249512134,0.0,104.10900000000224,-51.75,0.0,103.25900000000223,82.84
CRUISE,GOAL_REACHED,0.0,0.0,91.91553330153214,20.231478094646004,1.5689649249512134,0.0,104.10900000000224,-51.75,0.0,103.25900000000223,82.86
CRUISE,GOAL_REACHED,0.0,0.0,91.91553330153214,20.231478094646004,1.5689649249512134,0.0,104.10900000000224,-51.75,0.0,103.25900000000223,82.88000000000001
CRUISE,GOAL_REACHED,0.0,0.0,91.91553330153214,20.231478094646004,1.5689649249512134,0.0,104.10900000000224,-51.75,0.0,103.25900000000223,82.9
CRUISE,GOAL_REACHED,0.0,0.0,91.91553330153214,20.231478094646004,1.5689649249512134,0.0,104.10900000000224,-51.75,0.0,103.25900000000223,82.92
CRUISE,GOAL_REACHED,0.0,0.0,91.91553330153214,20.231478094646004,1.5689649249512134,0.0,104.10900000000224,-51.75,0.0,103.25900000000223,82.94000000000001
CRUISE,GOAL_REACHED,0.0,0.0,91.91553330153214,20.231478094646004,1.5689649249512134,0.0,104.10900000000224,-51.75,0.0,103.25900000000223,82.96000000000001
CRUISE,GOAL_REACHED,0.0,0.0,91.91553330153214,20.231478094646004,1.5689649249512134,0.0,104.10900000000224,-51.75,0.0,103.25900000000223,82.98
CRUISE,GOAL_REACHED,0.0,0.0,91.91553330153214,20.231478094646004,1.5689649249512134,0.0,104.10900000000224,-51.75,0.0,103.25900000000223,83.0
CRUISE,GOAL_REACHED,0.0,0.0,91.91553330153214,20.231478094646004,1.5689649249512134,0.0,104.10900000000224,-51.75,0.0,103.25900000000223,83.021
CRUISE,GOAL_REACHED,0.0,0.0,91.91553330153214,20.231478094646004,1.5689649249512134,0.0,104.10900000000224,-51.75,0.0,103.25900000000223,83.04
CRUISE,GOAL_REACHED,0.0,0.0,91.91553330153214,20.231478094646004,1.5689649249512134,0.0,104.10900000000224,-51.75,0.0,103.25900000000223,83.06
CRUISE,GOAL_REACHED,0.0,0.0,91.91553330153214,20.231478094646004,1.5689649249512134,0.0,104.10900000000224,-51.75,0.0,103.25900000000223,83.08
CRUISE,GOAL_REACHED,0.0,0.0,91.91553330153214,20.231478094646004,1.5689649249512134,0.0,104.10900000000224,-51.75,0.0,103.25900000000223,83.10000000000001
CRUISE,GOAL_REACHED,0.0,0.0,91.91553330153214,20.231478094646004,1.5689649249512134,0.0,104.10900000000224,-51.75,0.0,103.25900000000223,83.12
CRUISE,GOAL_REACHED,0.0,0.0,91.91553330153214,20.231478094646004,1.5689649249512134,0.0,104.10900000000224,-51.75,0.0,103.25900000000223,83.14
CRUISE,GOAL_REACHED,0.0,0.0,91.91553330153214,20.231478094646004,1.5689649249512134,0.0,104.10900000000224,-51.75,0.0,103.25900000000223,83.16000000000001
CRUISE,GOAL_REACHED,0.0,0.0,91.91553330153214,20.231478094646004,1.5689649249512134,0.0,104.10900000000224,-51.75,0.0,103.25900000000223,83.18
CRUISE,GOAL_REACHED,0.0,0.0,91.91553330153214,20.231478094646004,1.5689649249512134,0.0,104.10900000000224,-51.75,0.0,103.25900000000223,83.2
CRUISE,GOAL_REACHED,0.0,0.0,91.91553330153214,20.231478094646004,1.5689649249512134,0.0,104.10900000000224,-51.75,0.0,103.25900000000223,83.22
CRUISE,GOAL_REACHED,0.0,0.0,91.91553330153214,20.231478094646004,1.5689649249512134,0.0,104.10900000000224,-51.75,0.0,103.25900000000223,83.24000000000001
CRUISE,GOAL_REACHED,0.0,0.0,91.91553330153214,20.231478094646004,1.5689649249512134,0.0,104.10900000000224,-51.75,0.0,103.25900000000223,83.26
CRUISE,GOAL_REACHED,0.0,0.0,91.91553330153214,20.231478094646004,1.5689649249512134,0.0,104.10900000000224,-51.75,0.0,103.25900000000223,83.28
CRUISE,GOAL_REACHED,0.0,0.0,91.91553330153214,20.231478094646004,1.5689649249512134,0.0,104.10900000000224,-51.75,0.0,103.25900000000223,83.301
CRUISE,GOAL_REACHED,0.0,0.0,91.91553330153214,20.231478094646004,1.5689649249512134,0.0,104.10900000000224,-51.75,0.0,103.25900000000223,83.32000000000001
CRUISE,GOAL_REACHED,0.0,0.0,91.91553330153214,20.231478094646004,1.5689649249512134,0.0,104.10900000000224,-51.75,0.0,103.25900000000223,83.34
CRUISE,GOAL_REACHED,0.0,0.0,91.91553330153214,20.231478094646004,1.5689649249512134,0.0,104.10900000000224,-51.75,0.0,103.25900000000223,83.361
CRUISE,GOAL_REACHED,0.0,0.0,91.91553330153214,20.231478094646004,1.5689649249512134,0.0,104.10900000000224,-51.75,0.0,103.25900000000223,83.38000000000001
CRUISE,GOAL_REACHED,0.0,0.0,91.91553330153214,20.231478094646004,1.5689649249512134,0.0,104.10900000000224,-51.75,0.0,103.25900000000223,83.4
CRUISE,GOAL_REACHED,0.0,0.0,91.91553330153214,20.231478094646004,1.5689649249512134,0.0,104.10900000000224,-51.75,0.0,103.25900000000223,83.42
CRUISE,GOAL_REACHED,0.0,0.0,91.91553330153214,20.231478094646004,1.5689649249512134,0.0,104.10900000000224,-51.75,0.0,103.25900000000223,83.44000000000001
CRUISE,GOAL_REACHED,0.0,0.0,91.91553330153214,20.231478094646004,1.5689649249512134,0.0,104.10900000000224,-51.75,0.0,103.25900000000223,83.46000000000001
CRUISE,GOAL_REACHED,0.0,0.0,91.91553330153214,20.231478094646004,1.5689649249512134,0.0,104.10900000000224,-51.75,0.0,103.25900000000223,83.48
CRUISE,GOAL_REACHED,0.0,0.0,91.91553330153214,20.231478094646004,1.5689649249512134,0.0,104.10900000000224,-51.75,0.0,103.25900000000223,83.5
CRUISE,GOAL_REACHED,0.0,0.0,91.91553330153214,20.231478094646004,1.5689649249512134,0.0,104.10900000000224,-51.75,0.0,103.25900000000223,83.52000000000001
CRUISE,GOAL_REACHED,0.0,0.0,91.91553330153214,20.231478094646004,1.5689649249512134,0.0,104.10900000000224,-51.75,0.0,103.25900000000223,83.54
CRUISE,GOAL_REACHED,0.0,0.0,91.91553330153214,20.231478094646004,1.5689649249512134,0.0,104.10900000000224,-51.75,0.0,103.25900000000223,83.56
CRUISE,GOAL_REACHED,0.0,0.0,91.91553330153214,20.231478094646004,1.5689649249512134,0.0,104.10900000000224,-51.75,0.0,103.25900000000223,83.58
CRUISE,GOAL_REACHED,0.0,0.0,91.91553330153214,20.231478094646004,1.5689649249512134,0.0,104.10900000000224,-51.75,0.0,103.25900000000223,83.60000000000001
CRUISE,GOAL_REACHED,0.0,0.0,91.91553330153214,20.231478094646004,1.5689649249512134,0.0,104.10900000000224,-51.75,0.0,103.25900000000223,83.62
CRUISE,GOAL_REACHED,0.0,0.0,91.91553330153214,20.231478094646004,1.5689649249512134,0.0,104.10900000000224,-51.75,0.0,103.25900000000223,83.64
CRUISE,GOAL_REACHED,0.0,0.0,91.91553330153214,20.231478094646004,1.5689649249512134,0.0,104.10900000000224,-51.75,0.0,103.25900000000223,83.66000000000001
CRUISE,GOAL_REACHED,0.0,0.0,91.91553330153214,20.231478094646004,1.5689649249512134,0.0,104.10900000000224,-51.75,0.0,103.25900000000223,83.68
CRUISE,GOAL_REACHED,0.0,0.0,91.91553330153214,20.231478094646004,1.5689649249512134,0.0,104.10900000000224,-51.75,0.0,103.25900000000223,83.7
CRUISE,GOAL_REACHED,0.0,0.0,91.91553330153214,20.231478094646004,1.5689649249512134,0.0,104.10900000000224,-51.75,0.0,103.25900000000223,83.721
CRUISE,GOAL_REACHED,0.0,0.0,91.91553330153214,20.231478094646004,1.5689649249512134,0.0,104.10900000000224,-51.75,0.0,103.25900000000223,83.74000000000001
CRUISE,GOAL_REACHED,0.0,0.0,91.91553330153214,20.231478094646004,1.5689649249512134,0.0,104.10900000000224,-51.75,0.0,103.25900000000223,83.76
CRUISE,GOAL_REACHED,0.0,0.0,91.91553330153214,20.231478094646004,1.5689649249512134,0.0,104.10900000000224,-51.75,0.0,103.25900000000223,83.781
CRUISE,GOAL_REACHED,0.0,0.0,91.91553330153214,20.231478094646004,1.5689649249512134,0.0,104.10900000000224,-51.75,0.0,103.25900000000223,83.80000000000001
CRUISE,GOAL_REACHED,0.0,0.0,91.91553330153214,20.231478094646004,1.5689649249512134,0.0,104.10900000000224,-51.75,0.0,103.25900000000223,83.82000000000001
CRUISE,GOAL_REACHED,0.0,0.0,91.91553330153214,20.231478094646004,1.5689649249512134,0.0,104.10900000000224,-51.75,0.0,103.25900000000223,83.84
CRUISE,GOAL_REACHED,0.0,0.0,91.91553330153214,20.231478094646004,1.5689649249512134,0.0,104.10900000000224,-51.75,0.0,103.25900000000223,83.86
CRUISE,GOAL_REACHED,0.0,0.0,91.91553330153214,20.231478094646004,1.5689649249512134,0.0,104.10900000000224,-51.75,0.0,103.25900000000223,83.88000000000001
CRUISE,GOAL_REACHED,0.0,0.0,91.91553330153214,20.231478094646004,1.5689649249512134,0.0,104.10900000000224,-51.75,0.0,103.25900000000223,83.9
CRUISE,GOAL_REACHED,0.0,0.0,91.91553330153214,20.231478094646004,1.5689649249512134,0.0,104.10900000000224,-51.75,0.0,103.25900000000223,83.921
CRUISE,GOAL_REACHED,0.0,0.0,91.91553330153214,20.231478094646004,1.5689649249512134,0.0,104.10900000000224,-51.75,0.0,103.25900000000223,83.94000000000001
CRUISE,GOAL_REACHED,0.0,0.0,91.91553330153214,20.231478094646004,1.5689649249512134,0.0,104.10900000000224,-51.75,0.0,103.25900000000223,83.96000000000001
CRUISE,GOAL_REACHED,0.0,0.0,91.91553330153214,20.231478094646004,1.5689649249512134,0.0,104.10900000000224,-51.75,0.0,103.25900000000223,83.98
CRUISE,GOAL_REACHED,0.0,0.0,91.91553330153214,20.231478094646004,1.5689649249512134,0.0,104.10900000000224,-51.75,0.0,103.25900000000223,84.0
CRUISE,GOAL_REACHED,0.0,0.0,91.91553330153214,20.231478094646004,1.5689649249512134,0.0,104.10900000000224,-51.75,0.0,103.25900000000223,84.02000000000001
CRUISE,GOAL_REACHED,0.0,0.0,91.91553330153214,20.231478094646004,1.5689649249512134,0.0,104.10900000000224,-51.75,0.0,103.25900000000223,84.04
CRUISE,GOAL_REACHED,0.0,0.0,91.91553330153214,20.231478094646004,1.5689649249512134,0.0,104.10900000000224,-51.75,0.0,103.25900000000223,84.06
CRUISE,GOAL_REACHED,0.0,0.0,91.91553330153214,20.231478094646004,1.5689649249512134,0.0,104.10900000000224,-51.75,0.0,103.25900000000223,84.08
CRUISE,GOAL_REACHED,0.0,0.0,91.91553330153214,20.231478094646004,1.5689649249512134,0.0,104.10900000000224,-51.75,0.0,103.25900000000223,84.10000000000001
CRUISE,GOAL_REACHED,0.0,0.0,91.91553330153214,20.231478094646004,1.5689649249512134,0.0,104.10900000000224,-51.75,0.0,103.25900000000223,84.12
CRUISE,GOAL_REACHED,0.0,0.0,91.91553330153214,20.231478094646004,1.5689649249512134,0.0,104.10900000000224,-51.75,0.0,103.25900000000223,84.14
CRUISE,GOAL_REACHED,0.0,0.0,91.91553330153214,20.231478094646004,1.5689649249512134,0.0,104.10900000000224,-51.75,0.0,103.25900000000223,84.16000000000001
CRUISE,GOAL_REACHED,0.0,0.0,91.91553330153214,20.231478094646004,1.5689649249512134,0.0,104.10900000000224,-51.75,0.0,103.25900000000223,84.18
CRUISE,GOAL_REACHED,0.0,0.0,91.91553330153214,20.231478094646004,1.5689649249512134,0.0,104.10900000000224,-51.75,0.0,103.25900000000223,84.2
CRUISE,GOAL_REACHED,0.0,0.0,91.91553330153214,20.231478094646004,1.5689649249512134,0.0,104.10900000000224,-51.75,0.0,103.25900000000223,84.22
CRUISE,GOAL_REACHED,0.0,0.0,91.91553330153214,20.231478094646004,1.5689649249512134,0.0,104.10900000000224,-51.75,0.0,103.25900000000223,84.24000000000001
CRUISE,GOAL_REACHED,0.0,0.0,91.91553330153214,20.231478094646004,1.5689649249512134,0.0,104.10900000000224,-51.75,0.0,103.25900000000223,84.26
CRUISE,GOAL_REACHED,0.0,0.0,91.91553330153214,20.231478094646004,1.5689649249512134,0.0,104.10900000000224,-51.75,0.0,103.25900000000223,84.28
CRUISE,GOAL_REACHED,0.0,0.0,91.91553330153214,20.231478094646004,1.5689649249512134,0.0,104.10900000000224,-51.75,0.0,103.25900000000223,84.30000000000001
CRUISE,GOAL_REACHED,0.0,0.0,91.91553330153214,20.231478094646004,1.5689649249512134,0.0,104.10900000000224,-51.75,0.0,103.25900000000223,84.32000000000001
CRUISE,GOAL_REACHED,0.0,0.0,91.91553330153214,20.231478094646004,1.5689649249512134,0.0,104.10900000000224,-51.75,0.0,103.25900000000223,84.34
CRUISE,GOAL_REACHED,0.0,0.0,91.91553330153214,20.231478094646004,1.5689649249512134,0.0,104.10900000000224,-51.75,0.0,103.25900000000223,84.36
CRUISE,GOAL_REACHED,0.0,0.0,91.91553330153214,20.231478094646004,1.5689649249512134,0.0,104.10900000000224,-51.75,0.0,103.25900000000223,84.38000000000001
CRUISE,GOAL_REACHED,0.0,0.0,91.91553330153214,20.231478094646004,1.5689649249512134,0.0,104.10900000000224,-51.75,0.0,103.25900000000223,84.4
CRUISE,GOAL_REACHED,0.0,0.0,91.91553330153214,20.231478094646004,1.5689649249512134,0.0,104.10900000000224,-51.75,0.0,103.25900000000223,84.42
CRUISE,GOAL_REACHED,0.0,0.0,91.91553330153214,20.231478094646004,1.5689649249512134,0.0,104.10900000000224,-51.75,0.0,103.25900000000223,84.44000000000001
CRUISE,GOAL_REACHED,0.0,0.0,91.91553330153214,20.231478094646004,1.5689649249512134,0.0,104.10900000000224,-51.75,0.0,103.25900000000223,84.46000000000001
CRUISE,GOAL_REACHED,0.0,0.0,91.91553330153214,20.231478094646004,1.5689649249512134,0.0,104.10900000000224,-51.75,0.0,103.25900000000223,84.48
CRUISE,GOAL_REACHED,0.0,0.0,91.91553330153214,20.231478094646004,1.5689649249512134,0.0,104.10900000000224,-51.75,0.0,103.25900000000223,84.5
CRUISE,GOAL_REACHED,0.0,0.0,91.91553330153214,20.231478094646004,1.5689649249512134,0.0,104.10900000000224,-51.75,0.0,103.25900000000223,84.52000000000001
CRUISE,GOAL_REACHED,0.0,0.0,91.91553330153214,20.231478094646004,1.5689649249512134,0.0,104.10900000000224,-51.75,0.0,103.25900000000223,84.54
CRUISE,GOAL_REACHED,0.0,0.0,91.91553330153214,20.231478094646004,1.5689649249512134,0.0,104.10900000000224,-51.75,0.0,103.25900000000223,84.56
CRUISE,GOAL_REACHED,0.0,0.0,91.91553330153214,20.231478094646004,1.5689649249512134,0.0,104.10900000000224,-51.75,0.0,103.25900000000223,84.58
CRUISE,GOAL_REACHED,0.0,0.0,91.91553330153214,20.231478094646004,1.5689649249512134,0.0,104.10900000000224,-51.75,0.0,103.25900000000223,84.60000000000001
CRUISE,GOAL_REACHED,0.0,0.0,91.91553330153214,20.231478094646004,1.5689649249512134,0.0,104.10900000000224,-51.75,0.0,103.25900000000223,84.62
CRUISE,GOAL_REACHED,0.0,0.0,91.91553330153214,20.231478094646004,1.5689649249512134,0.0,104.10900000000224,-51.75,0.0,103.25900000000223,84.64
CRUISE,GOAL_REACHED,0.0,0.0,91.91553330153214,20.231478094646004,1.5689649249512134,0.0,104.10900000000224,-51.75,0.0,103.25900000000223,84.66000000000001
CRUISE,GOAL_REACHED,0.0,0.0,91.91553330153214,20.231478094646004,1.5689649249512134,0.0,104.10900000000224,-51.75,0.0,103.25900000000223,84.68100000000001
CRUISE,GOAL_REACHED,0.0,0.0,91.91553330153214,20.231478094646004,1.5689649249512134,0.0,104.10900000000224,-51.75,0.0,103.25900000000223,84.7
CRUISE,GOAL_REACHED,0.0,0.0,91.91553330153214,20.231478094646004,1.5689649249512134,0.0,104.10900000000224,-51.75,0.0,103.25900000000223,84.72
CRUISE,GOAL_REACHED,0.0,0.0,91.91553330153214,20.231478094646004,1.5689649249512134,0.0,104.10900000000224,-51.75,0.0,103.25900000000223,84.74000000000001
CRUISE,GOAL_REACHED,0.0,0.0,91.91553330153214,20.231478094646004,1.5689649249512134,0.0,104.10900000000224,-51.75,0.0,103.25900000000223,84.76
CRUISE,GOAL_REACHED,0.0,0.0,91.91553330153214,20.231478094646004,1.5689649249512134,0.0,104.10900000000224,-51.75,0.0,103.25900000000223,84.78
CRUISE,GOAL_REACHED,0.0,0.0,91.91553330153214,20.231478094646004,1.5689649249512134,0.0,104.10900000000224,-51.75,0.0,103.25900000000223,84.80000000000001
CRUISE,GOAL_REACHED,0.0,0.0,91.91553330153214,20.231478094646004,1.5689649249512134,0.0,104.10900000000224,-51.75,0.0,103.25900000000223,84.82000000000001
CRUISE,GOAL_REACHED,0.0,0.0,91.91553330153214,20.231478094646004,1.5689649249512134,0.0,104.10900000000224,-51.75,0.0,103.25900000000223,84.84
CRUISE,GOAL_REACHED,0.0,0.0,91.91553330153214,20.231478094646004,1.5689649249512134,0.0,104.10900000000224,-51.75,0.0,103.25900000000223,84.86
CRUISE,GOAL_REACHED,0.0,0.0,91.91553330153214,20.231478094646004,1.5689649249512134,0.0,104.10900000000224,-51.75,0.0,103.25900000000223,84.88000000000001
CRUISE,GOAL_REACHED,0.0,0.0,91.91553330153214,20.231478094646004,1.5689649249512134,0.0,104.10900000000224,-51.75,0.0,103.25900000000223,84.9
CRUISE,GOAL_REACHED,0.0,0.0,91.91553330153214,20.231478094646004,1.5689649249512134,0.0,104.10900000000224,-51.75,0.0,103.25900000000223,84.92
CRUISE,GOAL_REACHED,0.0,0.0,91.91553330153214,20.231478094646004,1.5689649249512134,0.0,104.10900000000224,-51.75,0.0,103.25900000000223,84.94000000000001
CRUISE,GOAL_REACHED,0.0,0.0,91.91553330153214,20.231478094646004,1.5689649249512134,0.0,104.10900000000224,-51.75,0.0,103.25900000000223,84.96000000000001
CRUISE,GOAL_REACHED,0.0,0.0,91.91553330153214,20.231478094646004,1.5689649249512134,0.0,104.10900000000224,-51.75,0.0,103.25900000000223,84.98
CRUISE,GOAL_REACHED,0.0,0.0,91.91553330153214,20.231478094646004,1.5689649249512134,0.0,104.10900000000224,-51.75,0.0,103.25900000000223,85.0
CRUISE,GOAL_REACHED,0.0,0.0,91.91553330153214,20.231478094646004,1.5689649249512134,0.0,104.10900000000224,-51.75,0.0,103.25900000000223,85.02000000000001
CRUISE,GOAL_REACHED,0.0,0.0,91.91553330153214,20.231478094646004,1.5689649249512134,0.0,104.10900000000224,-51.75,0.0,103.25900000000223,85.04
CRUISE,GOAL_REACHED,0.0,0.0,91.91553330153214,20.231478094646004,1.5689649249512134,0.0,104.10900000000224,-51.75,0.0,103.25900000000223,85.06
CRUISE,GOAL_REACHED,0.0,0.0,91.91553330153214,20.231478094646004,1.5689649249512134,0.0,104.10900000000224,-51.75,0.0,103.25900000000223,85.08
CRUISE,GOAL_REACHED,0.0,0.0,91.91553330153214,20.231478094646004,1.5689649249512134,0.0,104.10900000000224,-51.75,0.0,103.25900000000223,85.10000000000001
CRUISE,GOAL_REACHED,0.0,0.0,91.91553330153214,20.231478094646004,1.5689649249512134,0.0,104.10900000000224,-51.75,0.0,103.25900000000223,85.12
CRUISE,GOAL_REACHED,0.0,0.0,91.91553330153214,20.231478094646004,1.5689649249512134,0.0,104.10900000000224,-51.75,0.0,103.25900000000223,85.14
CRUISE,GOAL_REACHED,0.0,0.0,91.91553330153214,20.231478094646004,1.5689649249512134,0.0,104.10900000000224,-51.75,0.0,103.25900000000223,85.16000000000001
CRUISE,GOAL_REACHED,0.0,0.0,91.91553330153214,20.231478094646004,1.5689649249512134,0.0,104.10900000000224,-51.75,0.0,103.25900000000223,85.18
CRUISE,GOAL_REACHED,0.0,0.0,91.91553330153214,20.231478094646004,1.5689649249512134,0.0,104.10900000000224,-51.75,0.0,103.25900000000223,85.2
CRUISE,GOAL_REACHED,0.0,0.0,91.91553330153214,20.231478094646004,1.5689649249512134,0.0,104.10900000000224,-51.75,0.0,103.25900000000223,85.22
CRUISE,GOAL_REACHED,0.0,0.0,91.91553330153214,20.231478094646004,1.5689649249512134,0.0,104.10900000000224,-51.75,0.0,103.25900000000223,85.24000000000001
CRUISE,GOAL_REACHED,0.0,0.0,91.91553330153214,20.231478094646004,1.5689649249512134,0.0,104.10900000000224,-51.75,0.0,103.25900000000223,85.26
CRUISE,GOAL_REACHED,0.0,0.0,91.91553330153214,20.231478094646004,1.5689649249512134,0.0,104.10900000000224,-51.75,0.0,103.25900000000223,85.28
CRUISE,GOAL_REACHED,0.0,0.0,91.91553330153214,20.231478094646004,1.5689649249512134,0.0,104.10900000000224,-51.75,0.0,103.25900000000223,85.30000000000001
CRUISE,GOAL_REACHED,0.0,0.0,91.91553330153214,20.231478094646004,1.5689649249512134,0.0,104.10900000000224,-51.75,0.0,103.25900000000223,85.32000000000001
CRUISE,GOAL_REACHED,0.0,0.0,91.91553330153214,20.231478094646004,1.5689649249512134,0.0,104.10900000000224,-51.75,0.0,103.25900000000223,85.34
CRUISE,GOAL_REACHED,0.0,0.0,91.91553330153214,20.231478094646004,1.5689649249512134,0.0,104.10900000000224,-51.75,0.0,103.25900000000223,85.36
CRUISE,GOAL_REACHED,0.0,0.0,91.91553330153214,20.231478094646004,1.5689649249512134,0.0,104.10900000000224,-51.75,0.0,103.25900000000223,85.38000000000001
CRUISE,GOAL_REACHED,0.0,0.0,91.91553330153214,20.231478094646004,1.5689649249512134,0.0,104.10900000000224,-51.75,0.0,103.25900000000223,85.4
CRUISE,GOAL_REACHED,0.0,0.0,91.91553330153214,20.231478094646004,1.5689649249512134,0.0,104.10900000000224,-51.75,0.0,103.25900000000223,85.42
CRUISE,GOAL_REACHED,0.0,0.0,91.91553330153214,20.231478094646004,1.5689649249512134,0.0,104.10900000000224,-51.75,0.0,103.25900000000223,85.44000000000001
CRUISE,GOAL_REACHED,0.0,0.0,91.91553330153214,20.231478094646004,1.5689649249512134,0.0,104.10900000000224,-51.75,0.0,103.25900000000223,85.46000000000001
CRUISE,GOAL_REACHED,0.0,0.0,91.91553330153214,20.231478094646004,1.5689649249512134,0.0,104.10900000000224,-51.75,0.0,103.25900000000223,85.48
CRUISE,GOAL_REACHED,0.0,0.0,91.91553330153214,20.231478094646004,1.5689649249512134,0.0,104.10900000000224,-51.75,0.0,103.25900000000223,85.5
CRUISE,GOAL_REACHED,0.0,0.0,91.91553330153214,20.231478094646004,1.5689649249512134,0.0,104.10900000000224,-51.75,0.0,103.25900000000223,85.52000000000001
CRUISE,GOAL_REACHED,0.0,0.0,91.91553330153214,20.231478094646004,1.5689649249512134,0.0,104.10900000000224,-51.75,0.0,103.25900000000223,85.54
CRUISE,GOAL_REACHED,0.0,0.0,91.91553330153214,20.231478094646004,1.5689649249512134,0.0,104.10900000000224,-51.75,0.0,103.25900000000223,85.56
CRUISE,GOAL_REACHED,0.0,0.0,91.91553330153214,20.231478094646004,1.5689649249512134,0.0,104.10900000000224,-51.75,0.0,103.25900000000223,85.58
CRUISE,GOAL_REACHED,0.0,0.0,91.91553330153214,20.231478094646004,1.5689649249512134,0.0,104.10900000000224,-51.75,0.0,103.25900000000223,85.60000000000001
CRUISE,GOAL_REACHED,0.0,0.0,91.91553330153214,20.231478094646004,1.5689649249512134,0.0,104.10900000000224,-51.75,0.0,103.25900000000223,85.62
CRUISE,GOAL_REACHED,0.0,0.0,91.91553330153214,20.231478094646004,1.5689649249512134,0.0,104.10900000000224,-51.75,0.0,103.25900000000223,85.64
CRUISE,GOAL_REACHED,0.0,0.0,91.91553330153214,20.231478094646004,1.5689649249512134,0.0,104.10900000000224,-51.75,0.0,103.25900000000223,85.66000000000001
CRUISE,GOAL_REACHED,0.0,0.0,91.91553330153214,20.231478094646004,1.5689649249512134,0.0,104.10900000000224,-51.75,0.0,103.25900000000223,85.68100000000001
CRUISE,GOAL_REACHED,0.0,0.0,91.91553330153214,20.231478094646004,1.5689649249512134,0.0,104.10900000000224,-51.75,0.0,103.25900000000223,85.7
CRUISE,GOAL_REACHED,0.0,0.0,91.91553330153214,20.231478094646004,1.5689649249512134,0.0,104.10900000000224,-51.75,0.0,103.25900000000223,85.72
CRUISE,GOAL_REACHED,0.0,0.0,91.91553330153214,20.231478094646004,1.5689649249512134,0.0,104.10900000000224,-51.75,0.0,103.25900000000223,85.74000000000001
CRUISE,GOAL_REACHED,0.0,0.0,91.91553330153214,20.231478094646004,1.5689649249512134,0.0,104.10900000000224,-51.75,0.0,103.25900000000223,85.76
CRUISE,GOAL_REACHED,0.0,0.0,91.91553330153214,20.231478094646004,1.5689649249512134,0.0,104.10900000000224,-51.75,0.0,103.25900000000223,85.78
CRUISE,GOAL_REACHED,0.0,0.0,91.91553330153214,20.231478094646004,1.5689649249512134,0.0,104.10900000000224,-51.75,0.0,103.25900000000223,85.80000000000001
CRUISE,GOAL_REACHED,0.0,0.0,91.91553330153214,20.231478094646004,1.5689649249512134,0.0,104.10900000000224,-51.75,0.0,103.25900000000223,85.82000000000001
CRUISE,GOAL_REACHED,0.0,0.0,91.91553330153214,20.231478094646004,1.5689649249512134,0.0,104.10900000000224,-51.75,0.0,103.25900000000223,85.84
CRUISE,GOAL_REACHED,0.0,0.0,91.91553330153214,20.231478094646004,1.5689649249512134,0.0,104.10900000000224,-51.75,0.0,103.25900000000223,85.86
CRUISE,GOAL_REACHED,0.0,0.0,91.91553330153214,20.231478094646004,1.5689649249512134,0.0,104.10900000000224,-51.75,0.0,103.25900000000223,85.88000000000001
CRUISE,GOAL_REACHED,0.0,0.0,91.91553330153214,20.231478094646004,1.5689649249512134,0.0,104.10900000000224,-51.75,0.0,103.25900000000223,85.9
CRUISE,GOAL_REACHED,0.0,0.0,91.91553330153214,20.231478094646004,1.5689649249512134,0.0,104.10900000000224,-51.75,0.0,103.25900000000223,85.92
CRUISE,GOAL_REACHED,0.0,0.0,91.91553330153214,20.231478094646004,1.5689649249512134,0.0,104.10900000000224,-51.75,0.0,103.25900000000223,85.94000000000001
CRUISE,GOAL_REACHED,0.0,0.0,91.91553330153214,20.231478094646004,1.5689649249512134,0.0,104.10900000000224,-51.75,0.0,103.25900000000223,85.96000000000001
CRUISE,GOAL_REACHED,0.0,0.0,91.91553330153214,20.231478094646004,1.5689649249512134,0.0,104.10900000000224,-51.75,0.0,103.25900000000223,85.98
CRUISE,GOAL_REACHED,0.0,0.0,91.91553330153214,20.231478094646004,1.5689649249512134,0.0,104.10900000000224,-51.75,0.0,103.25900000000223,86.0
CRUISE,GOAL_REACHED,0.0,0.0,91.91553330153214,20.231478094646004,1.5689649249512134,0.0,104.10900000000224,-51.75,0.0,103.25900000000223,86.02000000000001
CRUISE,GOAL_REACHED,0.0,0.0,91.91553330153214,20.231478094646004,1.5689649249512134,0.0,104.10900000000224,-51.75,0.0,103.25900000000223,86.04
CRUISE,GOAL_REACHED,0.0,0.0,91.91553330153214,20.231478094646004,1.5689649249512134,0.0,104.10900000000224,-51.75,0.0,103.25900000000223,86.06
CRUISE,GOAL_REACHED,0.0,0.0,91.91553330153214,20.231478094646004,1.5689649249512134,0.0,104.10900000000224,-51.75,0.0,103.25900000000223,86.08
CRUISE,GOAL_REACHED,0.0,0.0,91.91553330153214,20.231478094646004,1.5689649249512134,0.0,104.10900000000224,-51.75,0.0,103.25900000000223,86.10000000000001
CRUISE,GOAL_REACHED,0.0,0.0,91.91553330153214,20.231478094646004,1.5689649249512134,0.0,104.10900000000224,-51.75,0.0,103.25900000000223,86.12100000000001
CRUISE,GOAL_REACHED,0.0,0.0,91.91553330153214,20.231478094646004,1.5689649249512134,0.0,104.10900000000224,-51.75,0.0,103.25900000000223,86.14
CRUISE,GOAL_REACHED,0.0,0.0,91.91553330153214,20.231478094646004,1.5689649249512134,0.0,104.10900000000224,-51.75,0.0,103.25900000000223,86.16000000000001
CRUISE,GOAL_REACHED,0.0,0.0,91.91553330153214,20.231478094646004,1.5689649249512134,0.0,104.10900000000224,-51.75,0.0,103.25900000000223,86.18
CRUISE,GOAL_REACHED,0.0,0.0,91.91553330153214,20.231478094646004,1.5689649249512134,0.0,104.10900000000224,-51.75,0.0,103.25900000000223,86.2
CRUISE,GOAL_REACHED,0.0,0.0,91.91553330153214,20.231478094646004,1.5689649249512134,0.0,104.10900000000224,-51.75,0.0,103.25900000000223,86.22
CRUISE,GOAL_REACHED,0.0,0.0,91.91553330153214,20.231478094646004,1.5689649249512134,0.0,104.10900000000224,-51.75,0.0,103.25900000000223,86.24000000000001
CRUISE,GOAL_REACHED,0.0,0.0,91.91553330153214,20.231478094646004,1.5689649249512134,0.0,104.10900000000224,-51.75,0.0,103.25900000000223,86.26
CRUISE,GOAL_REACHED,0.0,0.0,91.91553330153214,20.231478094646004,1.5689649249512134,0.0,104.10900000000224,-51.75,0.0,103.25900000000223,86.28
CRUISE,GOAL_REACHED,0.0,0.0,91.91553330153214,20.231478094646004,1.5689649249512134,0.0,104.10900000000224,-51.75,0.0,103.25900000000223,86.30000000000001
CRUISE,GOAL_REACHED,0.0,0.0,91.91553330153214,20.231478094646004,1.5689649249512134,0.0,104.10900000000224,-51.75,0.0,103.25900000000223,86.32000000000001
CRUISE,GOAL_REACHED,0.0,0.0,91.91553330153214,20.231478094646004,1.5689649249512134,0.0,104.10900000000224,-51.75,0.0,103.25900000000223,86.34
CRUISE,GOAL_REACHED,0.0,0.0,91.91553330153214,20.231478094646004,1.5689649249512134,0.0,104.10900000000224,-51.75,0.0,103.25900000000223,86.36
CRUISE,GOAL_REACHED,0.0,0.0,91.91553330153214,20.231478094646004,1.5689649249512134,0.0,104.10900000000224,-51.75,0.0,103.25900000000223,86.381
CRUISE,GOAL_REACHED,0.0,0.0,91.91553330153214,20.231478094646004,1.5689649249512134,0.0,104.10900000000224,-51.75,0.0,103.25900000000223,86.40100000000001
CRUISE,GOAL_REACHED,0.0,0.0,91.91553330153214,20.231478094646004,1.5689649249512134,0.0,104.10900000000224,-51.75,0.0,103.25900000000223,86.42
CRUISE,GOAL_REACHED,0.0,0.0,91.91553330153214,20.231478094646004,1.5689649249512134,0.0,104.10900000000224,-51.75,0.0,103.25900000000223,86.44000000000001
CRUISE,GOAL_REACHED,0.0,0.0,91.91553330153214,20.231478094646004,1.5689649249512134,0.0,104.10900000000224,-51.75,0.0,103.25900000000223,86.46000000000001
CRUISE,GOAL_REACHED,0.0,0.0,91.91553330153214,20.231478094646004,1.5689649249512134,0.0,104.10900000000224,-51.75,0.0,103.25900000000223,86.48
CRUISE,GOAL_REACHED,0.0,0.0,91.91553330153214,20.231478094646004,1.5689649249512134,0.0,104.10900000000224,-51.75,0.0,103.25900000000223,86.501
CRUISE,GOAL_REACHED,0.0,0.0,91.91553330153214,20.231478094646004,1.5689649249512134,0.0,104.10900000000224,-51.75,0.0,103.25900000000223,86.52000000000001
CRUISE,GOAL_REACHED,0.0,0.0,91.91553330153214,20.231478094646004,1.5689649249512134,0.0,104.10900000000224,-51.75,0.0,103.25900000000223,86.54
CRUISE,GOAL_REACHED,0.0,0.0,91.91553330153214,20.231478094646004,1.5689649249512134,0.0,104.10900000000224,-51.75,0.0,103.25900000000223,86.56
CRUISE,GOAL_REACHED,0.0,0.0,91.91553330153214,20.231478094646004,1.5689649249512134,0.0,104.10900000000224,-51.75,0.0,103.25900000000223,86.58
CRUISE,GOAL_REACHED,0.0,0.0,91.91553330153214,20.231478094646004,1.5689649249512134,0.0,104.10900000000224,-51.75,0.0,103.25900000000223,86.60000000000001
CRUISE,GOAL_REACHED,0.0,0.0,91.91553330153214,20.231478094646004,1.5689649249512134,0.0,104.10900000000224,-51.75,0.0,103.25900000000223,86.62100000000001
CRUISE,GOAL_REACHED,0.0,0.0,91.91553330153214,20.231478094646004,1.5689649249512134,0.0,104.10900000000224,-51.75,0.0,103.25900000000223,86.64
CRUISE,GOAL_REACHED,0.0,0.0,91.91553330153214,20.231478094646004,1.5689649249512134,0.0,104.10900000000224,-51.75,0.0,103.25900000000223,86.66000000000001
CRUISE,GOAL_REACHED,0.0,0.0,91.91553330153214,20.231478094646004,1.5689649249512134,0.0,104.10900000000224,-51.75,0.0,103.25900000000223,86.68
CRUISE,GOAL_REACHED,0.0,0.0,91.91553330153214,20.231478094646004,1.5689649249512134,0.0,104.10900000000224,-51.75,0.0,103.25900000000223,86.7
CRUISE,GOAL_REACHED,0.0,0.0,91.91553330153214,20.231478094646004,1.5689649249512134,0.0,104.10900000000224,-51.75,0.0,103.25900000000223,86.72
CRUISE,GOAL_REACHED,0.0,0.0,91.91553330153214,20.231478094646004,1.5689649249512134,0.0,104.10900000000224,-51.75,0.0,103.25900000000223,86.74000000000001
CRUISE,GOAL_REACHED,0.0,0.0,91.91553330153214,20.231478094646004,1.5689649249512134,0.0,104.10900000000224,-51.75,0.0,103.25900000000223,86.76
CRUISE,GOAL_REACHED,0.0,0.0,91.91553330153214,20.231478094646004,1.5689649249512134,0.0,104.10900000000224,-51.75,0.0,103.25900000000223,86.78
CRUISE,GOAL_REACHED,0.0,0.0,91.91553330153214,20.231478094646004,1.5689649249512134,0.0,104.10900000000224,-51.75,0.0,103.25900000000223,86.80000000000001
CRUISE,GOAL_REACHED,0.0,0.0,91.91553330153214,20.231478094646004,1.5689649249512134,0.0,104.10900000000224,-51.75,0.0,103.25900000000223,86.82000000000001
CRUISE,GOAL_REACHED,0.0,0.0,91.91553330153214,20.231478094646004,1.5689649249512134,0.0,104.10900000000224,-51.75,0.0,103.25900000000223,86.84
CRUISE,GOAL_REACHED,0.0,0.0,91.91553330153214,20.231478094646004,1.5689649249512134,0.0,104.10900000000224,-51.75,0.0,103.25900000000223,86.86
CRUISE,GOAL_REACHED,0.0,0.0,91.91553330153214,20.231478094646004,1.5689649249512134,0.0,104.10900000000224,-51.75,0.0,103.25900000000223,86.88000000000001
CRUISE,GOAL_REACHED,0.0,0.0,91.91553330153214,20.231478094646004,1.5689649249512134,0.0,104.10900000000224,-51.75,0.0,103.25900000000223,86.9
CRUISE,GOAL_REACHED,0.0,0.0,91.91553330153214,20.231478094646004,1.5689649249512134,0.0,104.10900000000224,-51.75,0.0,103.25900000000223,86.92
CRUISE,GOAL_REACHED,0.0,0.0,91.91553330153214,20.231478094646004,1.5689649249512134,0.0,104.10900000000224,-51.75,0.0,103.25900000000223,86.94000000000001
CRUISE,GOAL_REACHED,0.0,0.0,91.91553330153214,20.231478094646004,1.5689649249512134,0.0,104.10900000000224,-51.75,0.0,103.25900000000223,86.96000000000001
CRUISE,GOAL_REACHED,0.0,0.0,91.91553330153214,20.231478094646004,1.5689649249512134,0.0,104.10900000000224,-51.75,0.0,103.25900000000223,86.98
CRUISE,GOAL_REACHED,0.0,0.0,91.91553330153214,20.231478094646004,1.5689649249512134,0.0,104.10900000000224,-51.75,0.0,103.25900000000223,87.0
CRUISE,GOAL_REACHED,0.0,0.0,91.91553330153214,20.231478094646004,1.5689649249512134,0.0,104.10900000000224,-51.75,0.0,103.25900000000223,87.02000000000001
CRUISE,GOAL_REACHED,0.0,0.0,91.91553330153214,20.231478094646004,1.5689649249512134,0.0,104.10900000000224,-51.75,0.0,103.25900000000223,87.04
CRUISE,GOAL_REACHED,0.0,0.0,91.91553330153214,20.231478094646004,1.5689649249512134,0.0,104.10900000000224,-51.75,0.0,103.25900000000223,87.06
CRUISE,GOAL_REACHED,0.0,0.0,91.91553330153214,20.231478094646004,1.5689649249512134,0.0,104.10900000000224,-51.75,0.0,103.25900000000223,87.08000000000001
CRUISE,GOAL_REACHED,0.0,0.0,91.91553330153214,20.231478094646004,1.5689649249512134,0.0,104.10900000000224,-51.75,0.0,103.25900000000223,87.10000000000001
CRUISE,GOAL_REACHED,0.0,0.0,91.91553330153214,20.231478094646004,1.5689649249512134,0.0,104.10900000000224,-51.75,0.0,103.25900000000223,87.12
CRUISE,GOAL_REACHED,0.0,0.0,91.91553330153214,20.231478094646004,1.5689649249512134,0.0,104.10900000000224,-51.75,0.0,103.25900000000223,87.14
CRUISE,GOAL_REACHED,0.0,0.0,91.91553330153214,20.231478094646004,1.5689649249512134,0.0,104.10900000000224,-51.75,0.0,103.25900000000223,87.16000000000001
CRUISE,GOAL_REACHED,0.0,0.0,91.91553330153214,20.231478094646004,1.5689649249512134,0.0,104.10900000000224,-51.75,0.0,103.25900000000223,87.18
CRUISE,GOAL_REACHED,0.0,0.0,91.91553330153214,20.231478094646004,1.5689649249512134,0.0,104.10900000000224,-51.75,0.0,103.25900000000223,87.2
CRUISE,GOAL_REACHED,0.0,0.0,91.91553330153214,20.231478094646004,1.5689649249512134,0.0,104.10900000000224,-51.75,0.0,103.25900000000223,87.22
CRUISE,GOAL_REACHED,0.0,0.0,91.91553330153214,20.231478094646004,1.5689649249512134,0.0,104.10900000000224,-51.75,0.0,103.25900000000223,87.24000000000001
CRUISE,GOAL_REACHED,0.0,0.0,91.91553330153214,20.231478094646004,1.5689649249512134,0.0,104.10900000000224,-51.75,0.0,103.25900000000223,87.26
CRUISE,GOAL_REACHED,0.0,0.0,91.91553330153214,20.231478094646004,1.5689649249512134,0.0,104.10900000000224,-51.75,0.0,103.25900000000223,87.281
CRUISE,GOAL_REACHED,0.0,0.0,91.91553330153214,20.231478094646004,1.5689649249512134,0.0,104.10900000000224,-51.75,0.0,103.25900000000223,87.30000000000001
CRUISE,GOAL_REACHED,0.0,0.0,91.91553330153214,20.231478094646004,1.5689649249512134,0.0,104.10900000000224,-51.75,0.0,103.25900000000223,87.32000000000001
CRUISE,GOAL_REACHED,0.0,0.0,91.91553330153214,20.231478094646004,1.5689649249512134,0.0,104.10900000000224,-51.75,0.0,103.25900000000223,87.34
CRUISE,GOAL_REACHED,0.0,0.0,91.91553330153214,20.231478094646004,1.5689649249512134,0.0,104.10900000000224,-51.75,0.0,103.25900000000223,87.36
CRUISE,GOAL_REACHED,0.0,0.0,91.91553330153214,20.231478094646004,1.5689649249512134,0.0,104.10900000000224,-51.75,0.0,103.25900000000223,87.38000000000001
CRUISE,GOAL_REACHED,0.0,0.0,91.91553330153214,20.231478094646004,1.5689649249512134,0.0,104.10900000000224,-51.75,0.0,103.25900000000223,87.4
CRUISE,GOAL_REACHED,0.0,0.0,91.91553330153214,20.231478094646004,1.5689649249512134,0.0,104.10900000000224,-51.75,0.0,103.25900000000223,87.42
CRUISE,GOAL_REACHED,0.0,0.0,91.91553330153214,20.231478094646004,1.5689649249512134,0.0,104.10900000000224,-51.75,0.0,103.25900000000223,87.44000000000001
CRUISE,GOAL_REACHED,0.0,0.0,91.91553330153214,20.231478094646004,1.5689649249512134,0.0,104.10900000000224,-51.75,0.0,103.25900000000223,87.46000000000001
CRUISE,GOAL_REACHED,0.0,0.0,91.91553330153214,20.231478094646004,1.5689649249512134,0.0,104.10900000000224,-51.75,0.0,103.25900000000223,87.48
CRUISE,GOAL_REACHED,0.0,0.0,91.91553330153214,20.231478094646004,1.5689649249512134,0.0,104.10900000000224,-51.75,0.0,103.25900000000223,87.501
CRUISE,GOAL_REACHED,0.0,0.0,91.91553330153214,20.231478094646004,1.5689649249512134,0.0,104.10900000000224,-51.75,0.0,103.25900000000223,87.52000000000001
CRUISE,GOAL_REACHED,0.0,0.0,91.91553330153214,20.231478094646004,1.5689649249512134,0.0,104.10900000000224,-51.75,0.0,103.25900000000223,87.54
CRUISE,GOAL_REACHED,0.0,0.0,91.91553330153214,20.231478094646004,1.5689649249512134,0.0,104.10900000000224,-51.75,0.0,103.25900000000223,87.56
CRUISE,GOAL_REACHED,0.0,0.0,91.91553330153214,20.231478094646004,1.5689649249512134,0.0,104.10900000000224,-51.75,0.0,103.25900000000223,87.58000000000001
CRUISE,GOAL_REACHED,0.0,0.0,91.91553330153214,20.231478094646004,1.5689649249512134,0.0,104.10900000000224,-51.75,0.0,103.25900000000223,87.601
CRUISE,GOAL_REACHED,0.0,0.0,91.91553330153214,20.231478094646004,1.5689649249512134,0.0,104.10900000000224,-51.75,0.0,103.25900000000223,87.62
CRUISE,GOAL_REACHED,0.0,0.0,91.91553330153214,20.231478094646004,1.5689649249512134,0.0,104.10900000000224,-51.75,0.0,103.25900000000223,87.64
CRUISE,GOAL_REACHED,0.0,0.0,91.91553330153214,20.231478094646004,1.5689649249512134,0.0,104.10900000000224,-51.75,0.0,103.25900000000223,87.66000000000001
CRUISE,GOAL_REACHED,0.0,0.0,91.91553330153214,20.231478094646004,1.5689649249512134,0.0,104.10900000000224,-51.75,0.0,103.25900000000223,87.68100000000001
CRUISE,GOAL_REACHED,0.0,0.0,91.91553330153214,20.231478094646004,1.5689649249512134,0.0,104.10900000000224,-51.75,0.0,103.25900000000223,87.7
CRUISE,GOAL_REACHED,0.0,0.0,91.91553330153214,20.231478094646004,1.5689649249512134,0.0,104.10900000000224,-51.75,0.0,103.25900000000223,87.72
CRUISE,GOAL_REACHED,0.0,0.0,91.91553330153214,20.231478094646004,1.5689649249512134,0.0,104.10900000000224,-51.75,0.0,103.25900000000223,87.741
CRUISE,GOAL_REACHED,0.0,0.0,91.91553330153214,20.231478094646004,1.5689649249512134,0.0,104.10900000000224,-51.75,0.0,103.25900000000223,87.76
CRUISE,GOAL_REACHED,0.0,0.0,91.91553330153214,20.231478094646004,1.5689649249512134,0.0,104.10900000000224,-51.75,0.0,103.25900000000223,87.78
CRUISE,GOAL_REACHED,0.0,0.0,91.91553330153214,20.231478094646004,1.5689649249512134,0.0,104.10900000000224,-51.75,0.0,103.25900000000223,87.80000000000001
CRUISE,GOAL_REACHED,0.0,0.0,91.91553330153214,20.231478094646004,1.5689649249512134,0.0,104.10900000000224,-51.75,0.0,103.25900000000223,87.82000000000001
CRUISE,GOAL_REACHED,0.0,0.0,91.91553330153214,20.231478094646004,1.5689649249512134,0.0,104.10900000000224,-51.75,0.0,103.25900000000223,87.84
CRUISE,GOAL_REACHED,0.0,0.0,91.91553330153214,20.231478094646004,1.5689649249512134,0.0,104.10900000000224,-51.75,0.0,103.25900000000223,87.86
CRUISE,GOAL_REACHED,0.0,0.0,91.91553330153214,20.231478094646004,1.5689649249512134,0.0,104.10900000000224,-51.75,0.0,103.25900000000223,87.88000000000001
CRUISE,GOAL_REACHED,0.0,0.0,91.91553330153214,20.231478094646004,1.5689649249512134,0.0,104.10900000000224,-51.75,0.0,103.25900000000223,87.9
CRUISE,GOAL_REACHED,0.0,0.0,91.91553330153214,20.231478094646004,1.5689649249512134,0.0,104.10900000000224,-51.75,0.0,103.25900000000223,87.92
CRUISE,GOAL_REACHED,0.0,0.0,91.91553330153214,20.231478094646004,1.5689649249512134,0.0,104.10900000000224,-51.75,0.0,103.25900000000223,87.94000000000001
CRUISE,GOAL_REACHED,0.0,0.0,91.91553330153214,20.231478094646004,1.5689649249512134,0.0,104.10900000000224,-51.75,0.0,103.25900000000223,87.96000000000001
CRUISE,GOAL_REACHED,0.0,0.0,91.91553330153214,20.231478094646004,1.5689649249512134,0.0,104.10900000000224,-51.75,0.0,103.25900000000223,87.98
CRUISE,GOAL_REACHED,0.0,0.0,91.91553330153214,20.231478094646004,1.5689649249512134,0.0,104.10900000000224,-51.75,0.0,103.25900000000223,88.0
CRUISE,GOAL_REACHED,0.0,0.0,91.91553330153214,20.231478094646004,1.5689649249512134,0.0,104.10900000000224,-51.75,0.0,103.25900000000223,88.02000000000001
CRUISE,GOAL_REACHED,0.0,0.0,91.91553330153214,20.231478094646004,1.5689649249512134,0.0,104.10900000000224,-51.75,0.0,103.25900000000223,88.04
CRUISE,GOAL_REACHED,0.0,0.0,91.91553330153214,20.231478094646004,1.5689649249512134,0.0,104.10900000000224,-51.75,0.0,103.25900000000223,88.06
CRUISE,GOAL_REACHED,0.0,0.0,91.91553330153214,20.231478094646004,1.5689649249512134,0.0,104.10900000000224,-51.75,0.0,103.25900000000223,88.08000000000001
CRUISE,GOAL_REACHED,0.0,0.0,91.91553330153214,20.231478094646004,1.5689649249512134,0.0,104.10900000000224,-51.75,0.0,103.25900000000223,88.10000000000001
CRUISE,GOAL_REACHED,0.0,0.0,91.91553330153214,20.231478094646004,1.5689649249512134,0.0,104.10900000000224,-51.75,0.0,103.25900000000223,88.12
CRUISE,GOAL_REACHED,0.0,0.0,91.91553330153214,20.231478094646004,1.5689649249512134,0.0,104.10900000000224,-51.75,0.0,103.25900000000223,88.14
CRUISE,GOAL_REACHED,0.0,0.0,91.91553330153214,20.231478094646004,1.5689649249512134,0.0,104.10900000000224,-51.75,0.0,103.25900000000223,88.16000000000001
CRUISE,GOAL_REACHED,0.0,0.0,91.91553330153214,20.231478094646004,1.5689649249512134,0.0,104.10900000000224,-51.75,0.0,103.25900000000223,88.18
CRUISE,GOAL_REACHED,0.0,0.0,91.91553330153214,20.231478094646004,1.5689649249512134,0.0,104.10900000000224,-51.75,0.0,103.25900000000223,88.2
CRUISE,GOAL_REACHED,0.0,0.0,91.91553330153214,20.231478094646004,1.5689649249512134,0.0,104.10900000000224,-51.75,0.0,103.25900000000223,88.22
CRUISE,GOAL_REACHED,0.0,0.0,91.91553330153214,20.231478094646004,1.5689649249512134,0.0,104.10900000000224,-51.75,0.0,103.25900000000223,88.24000000000001
CRUISE,GOAL_REACHED,0.0,0.0,91.91553330153214,20.231478094646004,1.5689649249512134,0.0,104.10900000000224,-51.75,0.0,103.25900000000223,88.26
CRUISE,GOAL_REACHED,0.0,0.0,91.91553330153214,20.231478094646004,1.5689649249512134,0.0,104.10900000000224,-51.75,0.0,103.25900000000223,88.28
CRUISE,GOAL_REACHED,0.0,0.0,91.91553330153214,20.231478094646004,1.5689649249512134,0.0,104.10900000000224,-51.75,0.0,103.25900000000223,88.301
CRUISE,GOAL_REACHED,0.0,0.0,91.91553330153214,20.231478094646004,1.5689649249512134,0.0,104.10900000000224,-51.75,0.0,103.25900000000223,88.32000000000001
CRUISE,GOAL_REACHED,0.0,0.0,91.91553330153214,20.231478094646004,1.5689649249512134,0.0,104.10900000000224,-51.75,0.0,103.25900000000223,88.34100000000001
CRUISE,GOAL_REACHED,0.0,0.0,91.91553330153214,20.231478094646004,1.5689649249512134,0.0,104.10900000000224,-51.75,0.0,103.25900000000223,88.36
CRUISE,GOAL_REACHED,0.0,0.0,91.91553330153214,20.231478094646004,1.5689649249512134,0.0,104.10900000000224,-51.75,0.0,103.25900000000223,88.38000000000001
CRUISE,GOAL_REACHED,0.0,0.0,91.91553330153214,20.231478094646004,1.5689649249512134,0.0,104.10900000000224,-51.75,0.0,103.25900000000223,88.4
CRUISE,GOAL_REACHED,0.0,0.0,91.91553330153214,20.231478094646004,1.5689649249512134,0.0,104.10900000000224,-51.75,0.0,103.25900000000223,88.42
CRUISE,GOAL_REACHED,0.0,0.0,91.91553330153214,20.231478094646004,1.5689649249512134,0.0,104.10900000000224,-51.75,0.0,103.25900000000223,88.44000000000001
CRUISE,GOAL_REACHED,0.0,0.0,91.91553330153214,20.231478094646004,1.5689649249512134,0.0,104.10900000000224,-51.75,0.0,103.25900000000223,88.46000000000001
CRUISE,GOAL_REACHED,0.0,0.0,91.91553330153214,20.231478094646004,1.5689649249512134,0.0,104.10900000000224,-51.75,0.0,103.25900000000223,88.48
CRUISE,GOAL_REACHED,0.0,0.0,91.91553330153214,20.231478094646004,1.5689649249512134,0.0,104.10900000000224,-51.75,0.0,103.25900000000223,88.5
CRUISE,GOAL_REACHED,0.0,0.0,91.91553330153214,20.231478094646004,1.5689649249512134,0.0,104.10900000000224,-51.75,0.0,103.25900000000223,88.52000000000001
CRUISE,GOAL_REACHED,0.0,0.0,91.91553330153214,20.231478094646004,1.5689649249512134,0.0,104.10900000000224,-51.75,0.0,103.25900000000223,88.54
CRUISE,GOAL_REACHED,0.0,0.0,91.91553330153214,20.231478094646004,1.5689649249512134,0.0,104.10900000000224,-51.75,0.0,103.25900000000223,88.56
CRUISE,GOAL_REACHED,0.0,0.0,91.91553330153214,20.231478094646004,1.5689649249512134,0.0,104.10900000000224,-51.75,0.0,103.25900000000223,88.581
CRUISE,GOAL_REACHED,0.0,0.0,91.91553330153214,20.231478094646004,1.5689649249512134,0.0,104.10900000000224,-51.75,0.0,103.25900000000223,88.60000000000001
CRUISE,GOAL_REACHED,0.0,0.0,91.91553330153214,20.231478094646004,1.5689649249512134,0.0,104.10900000000224,-51.75,0.0,103.25900000000223,88.62
CRUISE,GOAL_REACHED,0.0,0.0,91.91553330153214,20.231478094646004,1.5689649249512134,0.0,104.10900000000224,-51.75,0.0,103.25900000000223,88.641
CRUISE,GOAL_REACHED,0.0,0.0,91.91553330153214,20.231478094646004,1.5689649249512134,0.0,104.10900000000224,-51.75,0.0,103.25900000000223,88.66000000000001
CRUISE,GOAL_REACHED,0.0,0.0,91.91553330153214,20.231478094646004,1.5689649249512134,0.0,104.10900000000224,-51.75,0.0,103.25900000000223,88.68
CRUISE,GOAL_REACHED,0.0,0.0,91.91553330153214,20.231478094646004,1.5689649249512134,0.0,104.10900000000224,-51.75,0.0,103.25900000000223,88.7
CRUISE,GOAL_REACHED,0.0,0.0,91.91553330153214,20.231478094646004,1.5689649249512134,0.0,104.10900000000224,-51.75,0.0,103.25900000000223,88.72
CRUISE,GOAL_REACHED,0.0,0.0,91.91553330153214,20.231478094646004,1.5689649249512134,0.0,104.10900000000224,-51.75,0.0,103.25900000000223,88.74000000000001
CRUISE,GOAL_REACHED,0.0,0.0,91.91553330153214,20.231478094646004,1.5689649249512134,0.0,104.10900000000224,-51.75,0.0,103.25900000000223,88.76100000000001
CRUISE,GOAL_REACHED,0.0,0.0,91.91553330153214,20.231478094646004,1.5689649249512134,0.0,104.10900000000224,-51.75,0.0,103.25900000000223,88.78
CRUISE,GOAL_REACHED,0.0,0.0,91.91553330153214,20.231478094646004,1.5689649249512134,0.0,104.10900000000224,-51.75,0.0,103.25900000000223,88.80000000000001
CRUISE,GOAL_REACHED,0.0,0.0,91.91553330153214,20.231478094646004,1.5689649249512134,0.0,104.10900000000224,-51.75,0.0,103.25900000000223,88.82000000000001
CRUISE,GOAL_REACHED,0.0,0.0,91.91553330153214,20.231478094646004,1.5689649249512134,0.0,104.10900000000224,-51.75,0.0,103.25900000000223,88.84
CRUISE,GOAL_REACHED,0.0,0.0,91.91553330153214,20.231478094646004,1.5689649249512134,0.0,104.10900000000224,-51.75,0.0,103.25900000000223,88.86
CRUISE,GOAL_REACHED,0.0,0.0,91.91553330153214,20.231478094646004,1.5689649249512134,0.0,104.10900000000224,-51.75,0.0,103.25900000000223,88.88000000000001
CRUISE,GOAL_REACHED,0.0,0.0,91.91553330153214,20.231478094646004,1.5689649249512134,0.0,104.10900000000224,-51.75,0.0,103.25900000000223,88.9
CRUISE,GOAL_REACHED,0.0,0.0,91.91553330153214,20.231478094646004,1.5689649249512134,0.0,104.10900000000224,-51.75,0.0,103.25900000000223,88.92
CRUISE,GOAL_REACHED,0.0,0.0,91.91553330153214,20.231478094646004,1.5689649249512134,0.0,104.10900000000224,-51.75,0.0,103.25900000000223,88.94000000000001
CRUISE,GOAL_REACHED,0.0,0.0,91.91553330153214,20.231478094646004,1.5689649249512134,0.0,104.10900000000224,-51.75,0.0,103.25900000000223,88.961
CRUISE,GOAL_REACHED,0.0,0.0,91.91553330153214,20.231478094646004,1.5689649249512134,0.0,104.10900000000224,-51.75,0.0,103.25900000000223,88.98
CRUISE,GOAL_REACHED,0.0,0.0,91.91553330153214,20.231478094646004,1.5689649249512134,0.0,104.10900000000224,-51.75,0.0,103.25900000000223,89.0
CRUISE,GOAL_REACHED,0.0,0.0,91.91553330153214,20.231478094646004,1.5689649249512134,0.0,104.10900000000224,-51.75,0.0,103.25900000000223,89.02000000000001
CRUISE,GOAL_REACHED,0.0,0.0,91.91553330153214,20.231478094646004,1.5689649249512134,0.0,104.10900000000224,-51.75,0.0,103.25900000000223,89.04
CRUISE,GOAL_REACHED,0.0,0.0,91.91553330153214,20.231478094646004,1.5689649249512134,0.0,104.10900000000224,-51.75,0.0,103.25900000000223,89.06
CRUISE,GOAL_REACHED,0.0,0.0,91.91553330153214,20.231478094646004,1.5689649249512134,0.0,104.10900000000224,-51.75,0.0,103.25900000000223,89.08000000000001
CRUISE,GOAL_REACHED,0.0,0.0,91.91553330153214,20.231478094646004,1.5689649249512134,0.0,104.10900000000224,-51.75,0.0,103.25900000000223,89.10000000000001
CRUISE,GOAL_REACHED,0.0,0.0,91.91553330153214,20.231478094646004,1.5689649249512134,0.0,104.10900000000224,-51.75,0.0,103.25900000000223,89.12
CRUISE,GOAL_REACHED,0.0,0.0,91.91553330153214,20.231478094646004,1.5689649249512134,0.0,104.10900000000224,-51.75,0.0,103.25900000000223,89.14
CRUISE,GOAL_REACHED,0.0,0.0,91.91553330153214,20.231478094646004,1.5689649249512134,0.0,104.10900000000224,-51.75,0.0,103.25900000000223,89.16000000000001
CRUISE,GOAL_REACHED,0.0,0.0,91.91553330153214,20.231478094646004,1.5689649249512134,0.0,104.10900000000224,-51.75,0.0,103.25900000000223,89.18
CRUISE,GOAL_REACHED,0.0,0.0,91.91553330153214,20.231478094646004,1.5689649249512134,0.0,104.10900000000224,-51.75,0.0,103.25900000000223,89.2
CRUISE,GOAL_REACHED,0.0,0.0,91.91553330153214,20.231478094646004,1.5689649249512134,0.0,104.10900000000224,-51.75,0.0,103.25900000000223,89.22
CRUISE,GOAL_REACHED,0.0,0.0,91.91553330153214,20.231478094646004,1.5689649249512134,0.0,104.10900000000224,-51.75,0.0,103.25900000000223,89.24000000000001
CRUISE,GOAL_REACHED,0.0,0.0,91.91553330153214,20.231478094646004,1.5689649249512134,0.0,104.10900000000224,-51.75,0.0,103.25900000000223,89.26100000000001
CRUISE,GOAL_REACHED,0.0,0.0,91.91553330153214,20.231478094646004,1.5689649249512134,0.0,104.10900000000224,-51.75,0.0,103.25900000000223,89.28
CRUISE,GOAL_REACHED,0.0,0.0,91.91553330153214,20.231478094646004,1.5689649249512134,0.0,104.10900000000224,-51.75,0.0,103.25900000000223,89.30000000000001
CRUISE,GOAL_REACHED,0.0,0.0,91.91553330153214,20.231478094646004,1.5689649249512134,0.0,104.10900000000224,-51.75,0.0,103.25900000000223,89.32000000000001
CRUISE,GOAL_REACHED,0.0,0.0,91.91553330153214,20.231478094646004,1.5689649249512134,0.0,104.10900000000224,-51.75,0.0,103.25900000000223,89.34
CRUISE,GOAL_REACHED,0.0,0.0,91.91553330153214,20.231478094646004,1.5689649249512134,0.0,104.10900000000224,-51.75,0.0,103.25900000000223,89.36
CRUISE,GOAL_REACHED,0.0,0.0,91.91553330153214,20.231478094646004,1.5689649249512134,0.0,104.10900000000224,-51.75,0.0,103.25900000000223,89.38000000000001
CRUISE,GOAL_REACHED,0.0,0.0,91.91553330153214,20.231478094646004,1.5689649249512134,0.0,104.10900000000224,-51.75,0.0,103.25900000000223,89.4
CRUISE,GOAL_REACHED,0.0,0.0,91.91553330153214,20.231478094646004,1.5689649249512134,0.0,104.10900000000224,-51.75,0.0,103.25900000000223,89.42
CRUISE,GOAL_REACHED,0.0,0.0,91.91553330153214,20.231478094646004,1.5689649249512134,0.0,104.10900000000224,-51.75,0.0,103.25900000000223,89.44000000000001
CRUISE,GOAL_REACHED,0.0,0.0,91.91553330153214,20.231478094646004,1.5689649249512134,0.0,104.10900000000224,-51.75,0.0,103.25900000000223,89.46000000000001
CRUISE,GOAL_REACHED,0.0,0.0,91.91553330153214,20.231478094646004,1.5689649249512134,0.0,104.10900000000224,-51.75,0.0,103.25900000000223,89.48
CRUISE,GOAL_REACHED,0.0,0.0,91.91553330153214,20.231478094646004,1.5689649249512134,0.0,104.10900000000224,-51.75,0.0,103.25900000000223,89.5
CRUISE,GOAL_REACHED,0.0,0.0,91.91553330153214,20.231478094646004,1.5689649249512134,0.0,104.10900000000224,-51.75,0.0,103.25900000000223,89.52000000000001
CRUISE,GOAL_REACHED,0.0,0.0,91.91553330153214,20.231478094646004,1.5689649249512134,0.0,104.10900000000224,-51.75,0.0,103.25900000000223,89.54
CRUISE,GOAL_REACHED,0.0,0.0,91.91553330153214,20.231478094646004,1.5689649249512134,0.0,104.10900000000224,-51.75,0.0,103.25900000000223,89.56
CRUISE,GOAL_REACHED,0.0,0.0,91.91553330153214,20.231478094646004,1.5689649249512134,0.0,104.10900000000224,-51.75,0.0,103.25900000000223,89.58000000000001
CRUISE,GOAL_REACHED,0.0,0.0,91.91553330153214,20.231478094646004,1.5689649249512134,0.0,104.10900000000224,-51.75,0.0,103.25900000000223,89.60000000000001
CRUISE,GOAL_REACHED,0.0,0.0,91.91553330153214,20.231478094646004,1.5689649249512134,0.0,104.10900000000224,-51.75,0.0,103.25900000000223,89.62
CRUISE,GOAL_REACHED,0.0,0.0,91.91553330153214,20.231478094646004,1.5689649249512134,0.0,104.10900000000224,-51.75,0.0,103.25900000000223,89.64
CRUISE,GOAL_REACHED,0.0,0.0,91.91553330153214,20.231478094646004,1.5689649249512134,0.0,104.10900000000224,-51.75,0.0,103.25900000000223,89.66000000000001
CRUISE,GOAL_REACHED,0.0,0.0,91.91553330153214,20.231478094646004,1.5689649249512134,0.0,104.10900000000224,-51.75,0.0,103.25900000000223,89.68
CRUISE,GOAL_REACHED,0.0,0.0,91.91553330153214,20.231478094646004,1.5689649249512134,0.0,104.10900000000224,-51.75,0.0,103.25900000000223,89.7
CRUISE,GOAL_REACHED,0.0,0.0,91.91553330153214,20.231478094646004,1.5689649249512134,0.0,104.10900000000224,-51.75,0.0,103.25900000000223,89.72
CRUISE,GOAL_REACHED,0.0,0.0,91.91553330153214,20.231478094646004,1.5689649249512134,0.0,104.10900000000224,-51.75,0.0,103.25900000000223,89.74000000000001
CRUISE,GOAL_REACHED,0.0,0.0,91.91553330153214,20.231478094646004,1.5689649249512134,0.0,104.10900000000224,-51.75,0.0,103.25900000000223,89.76
CRUISE,GOAL_REACHED,0.0,0.0,91.91553330153214,20.231478094646004,1.5689649249512134,0.0,104.10900000000224,-51.75,0.0,103.25900000000223,89.78
CRUISE,GOAL_REACHED,0.0,0.0,91.91553330153214,20.231478094646004,1.5689649249512134,0.0,104.10900000000224,-51.75,0.0,103.25900000000223,89.80000000000001
CRUISE,GOAL_REACHED,0.0,0.0,91.91553330153214,20.231478094646004,1.5689649249512134,0.0,104.10900000000224,-51.75,0.0,103.25900000000223,89.82000000000001
CRUISE,GOAL_REACHED,0.0,0.0,91.91553330153214,20.231478094646004,1.5689649249512134,0.0,104.10900000000224,-51.75,0.0,103.25900000000223,89.84
CRUISE,GOAL_REACHED,0.0,0.0,91.91553330153214,20.231478094646004,1.5689649249512134,0.0,104.10900000000224,-51.75,0.0,103.25900000000223,89.86
CRUISE,GOAL_REACHED,0.0,0.0,91.91553330153214,20.231478094646004,1.5689649249512134,0.0,104.10900000000224,-51.75,0.0,103.25900000000223,89.88000000000001
CRUISE,GOAL_REACHED,0.0,0.0,91.91553330153214,20.231478094646004,1.5689649249512134,0.0,104.10900000000224,-51.75,0.0,103.25900000000223,89.9
CRUISE,GOAL_REACHED,0.0,0.0,91.91553330153214,20.231478094646004,1.5689649249512134,0.0,104.10900000000224,-51.75,0.0,103.25900000000223,89.92
CRUISE,GOAL_REACHED,0.0,0.0,91.91553330153214,20.231478094646004,1.5689649249512134,0.0,104.10900000000224,-51.75,0.0,103.25900000000223,89.94000000000001
CRUISE,GOAL_REACHED,0.0,0.0,91.91553330153214,20.231478094646004,1.5689649249512134,0.0,104.10900000000224,-51.75,0.0,103.25900000000223,89.96000000000001
CRUISE,GOAL_REACHED,0.0,0.0,91.91553330153214,20.231478094646004,1.5689649249512134,0.0,104.10900000000224,-51.75,0.0,103.25900000000223,89.98
CRUISE,GOAL_REACHED,0.0,0.0,91.91553330153214,20.231478094646004,1.5689649249512134,0.0,104.10900000000224,-51.75,0.0,103.25900000000223,90.0
CRUISE,GOAL_REACHED,0.0,0.0,91.91553330153214,20.231478094646004,1.5689649249512134,0.0,104.10900000000224,-51.75,0.0,103.25900000000223,90.02000000000001
CRUISE,GOAL_REACHED,0.0,0.0,91.91553330153214,20.231478094646004,1.5689649249512134,0.0,104.10900000000224,-51.75,0.0,103.25900000000223,90.04
CRUISE,GOAL_REACHED,0.0,0.0,91.91553330153214,20.231478094646004,1.5689649249512134,0.0,104.10900000000224,-51.75,0.0,103.25900000000223,90.06
CRUISE,GOAL_REACHED,0.0,0.0,91.91553330153214,20.231478094646004,1.5689649249512134,0.0,104.10900000000224,-51.75,0.0,103.25900000000223,90.08000000000001
CRUISE,GOAL_REACHED,0.0,0.0,91.91553330153214,20.231478094646004,1.5689649249512134,0.0,104.10900000000224,-51.75,0.0,103.25900000000223,90.101
CRUISE,GOAL_REACHED,0.0,0.0,91.91553330153214,20.231478094646004,1.5689649249512134,0.0,104.10900000000224,-51.75,0.0,103.25900000000223,90.12
CRUISE,GOAL_REACHED,0.0,0.0,91.91553330153214,20.231478094646004,1.5689649249512134,0.0,104.10900000000224,-51.75,0.0,103.25900000000223,90.14
CRUISE,GOAL_REACHED,0.0,0.0,91.91553330153214,20.231478094646004,1.5689649249512134,0.0,104.10900000000224,-51.75,0.0,103.25900000000223,90.16000000000001
CRUISE,GOAL_REACHED,0.0,0.0,91.91553330153214,20.231478094646004,1.5689649249512134,0.0,104.10900000000224,-51.75,0.0,103.25900000000223,90.18
CRUISE,GOAL_REACHED,0.0,0.0,91.91553330153214,20.231478094646004,1.5689649249512134,0.0,104.10900000000224,-51.75,0.0,103.25900000000223,90.2
CRUISE,GOAL_REACHED,0.0,0.0,91.91553330153214,20.231478094646004,1.5689649249512134,0.0,104.10900000000224,-51.75,0.0,103.25900000000223,90.22
CRUISE,GOAL_REACHED,0.0,0.0,91.91553330153214,20.231478094646004,1.5689649249512134,0.0,104.10900000000224,-51.75,0.0,103.25900000000223,90.24000000000001
CRUISE,GOAL_REACHED,0.0,0.0,91.91553330153214,20.231478094646004,1.5689649249512134,0.0,104.10900000000224,-51.75,0.0,103.25900000000223,90.26
CRUISE,GOAL_REACHED,0.0,0.0,91.91553330153214,20.231478094646004,1.5689649249512134,0.0,104.10900000000224,-51.75,0.0,103.25900000000223,90.28
CRUISE,GOAL_REACHED,0.0,0.0,91.91553330153214,20.231478094646004,1.5689649249512134,0.0,104.10900000000224,-51.75,0.0,103.25900000000223,90.30000000000001
CRUISE,GOAL_REACHED,0.0,0.0,91.91553330153214,20.231478094646004,1.5689649249512134,0.0,104.10900000000224,-51.75,0.0,103.25900000000223,90.32000000000001
CRUISE,GOAL_REACHED,0.0,0.0,91.91553330153214,20.231478094646004,1.5689649249512134,0.0,104.10900000000224,-51.75,0.0,103.25900000000223,90.34
CRUISE,GOAL_REACHED,0.0,0.0,91.91553330153214,20.231478094646004,1.5689649249512134,0.0,104.10900000000224,-51.75,0.0,103.25900000000223,90.36
CRUISE,GOAL_REACHED,0.0,0.0,91.91553330153214,20.231478094646004,1.5689649249512134,0.0,104.10900000000224,-51.75,0.0,103.25900000000223,90.381
CRUISE,GOAL_REACHED,0.0,0.0,91.91553330153214,20.231478094646004,1.5689649249512134,0.0,104.10900000000224,-51.75,0.0,103.25900000000223,90.4
CRUISE,GOAL_REACHED,0.0,0.0,91.91553330153214,20.231478094646004,1.5689649249512134,0.0,104.10900000000224,-51.75,0.0,103.25900000000223,90.42
CRUISE,GOAL_REACHED,0.0,0.0,91.91553330153214,20.231478094646004,1.5689649249512134,0.0,104.10900000000224,-51.75,0.0,103.25900000000223,90.44000000000001
CRUISE,GOAL_REACHED,0.0,0.0,91.91553330153214,20.231478094646004,1.5689649249512134,0.0,104.10900000000224,-51.75,0.0,103.25900000000223,90.46100000000001
CRUISE,GOAL_REACHED,0.0,0.0,91.91553330153214,20.231478094646004,1.5689649249512134,0.0,104.10900000000224,-51.75,0.0,103.25900000000223,90.48
CRUISE,GOAL_REACHED,0.0,0.0,91.91553330153214,20.231478094646004,1.5689649249512134,0.0,104.10900000000224,-51.75,0.0,103.25900000000223,90.5
CRUISE,GOAL_REACHED,0.0,0.0,91.91553330153214,20.231478094646004,1.5689649249512134,0.0,104.10900000000224,-51.75,0.0,103.25900000000223,90.52000000000001
CRUISE,GOAL_REACHED,0.0,0.0,91.91553330153214,20.231478094646004,1.5689649249512134,0.0,104.10900000000224,-51.75,0.0,103.25900000000223,90.54
CRUISE,GOAL_REACHED,0.0,0.0,91.91553330153214,20.231478094646004,1.5689649249512134,0.0,104.10900000000224,-51.75,0.0,103.25900000000223,90.56
CRUISE,GOAL_REACHED,0.0,0.0,91.91553330153214,20.231478094646004,1.5689649249512134,0.0,104.10900000000224,-51.75,0.0,103.25900000000223,90.58000000000001
CRUISE,GOAL_REACHED,0.0,0.0,91.91553330153214,20.231478094646004,1.5689649249512134,0.0,104.10900000000224,-51.75,0.0,103.25900000000223,90.60000000000001
CRUISE,GOAL_REACHED,0.0,0.0,91.91553330153214,20.231478094646004,1.5689649249512134,0.0,104.10900000000224,-51.75,0.0,103.25900000000223,90.62
CRUISE,GOAL_REACHED,0.0,0.0,91.91553330153214,20.231478094646004,1.5689649249512134,0.0,104.10900000000224,-51.75,0.0,103.25900000000223,90.64
CRUISE,GOAL_REACHED,0.0,0.0,91.91553330153214,20.231478094646004,1.5689649249512134,0.0,104.10900000000224,-51.75,0.0,103.25900000000223,90.66000000000001
CRUISE,GOAL_REACHED,0.0,0.0,91.91553330153214,20.231478094646004,1.5689649249512134,0.0,104.10900000000224,-51.75,0.0,103.25900000000223,90.68
CRUISE,GOAL_REACHED,0.0,0.0,91.91553330153214,20.231478094646004,1.5689649249512134,0.0,104.10900000000224,-51.75,0.0,103.25900000000223,90.7
CRUISE,GOAL_REACHED,0.0,0.0,91.91553330153214,20.231478094646004,1.5689649249512134,0.0,104.10900000000224,-51.75,0.0,103.25900000000223,90.72
CRUISE,GOAL_REACHED,0.0,0.0,91.91553330153214,20.231478094646004,1.5689649249512134,0.0,104.10900000000224,-51.75,0.0,103.25900000000223,90.74000000000001
CRUISE,GOAL_REACHED,0.0,0.0,91.91553330153214,20.231478094646004,1.5689649249512134,0.0,104.10900000000224,-51.75,0.0,103.25900000000223,90.76
CRUISE,GOAL_REACHED,0.0,0.0,91.91553330153214,20.231478094646004,1.5689649249512134,0.0,104.10900000000224,-51.75,0.0,103.25900000000223,90.78
CRUISE,GOAL_REACHED,0.0,0.0,91.91553330153214,20.231478094646004,1.5689649249512134,0.0,104.10900000000224,-51.75,0.0,103.25900000000223,90.80000000000001
CRUISE,GOAL_REACHED,0.0,0.0,91.91553330153214,20.231478094646004,1.5689649249512134,0.0,104.10900000000224,-51.75,0.0,103.25900000000223,90.82000000000001
CRUISE,GOAL_REACHED,0.0,0.0,91.91553330153214,20.231478094646004,1.5689649249512134,0.0,104.10900000000224,-51.75,0.0,103.25900000000223,90.84
CRUISE,GOAL_REACHED,0.0,0.0,91.91553330153214,20.231478094646004,1.5689649249512134,0.0,104.10900000000224,-51.75,0.0,103.25900000000223,90.86
CRUISE,GOAL_REACHED,0.0,0.0,91.91553330153214,20.231478094646004,1.5689649249512134,0.0,104.10900000000224,-51.75,0.0,103.25900000000223,90.88000000000001
CRUISE,GOAL_REACHED,0.0,0.0,91.91553330153214,20.231478094646004,1.5689649249512134,0.0,104.10900000000224,-51.75,0.0,103.25900000000223,90.9
CRUISE,GOAL_REACHED,0.0,0.0,91.91553330153214,20.231478094646004,1.5689649249512134,0.0,104.10900000000224,-51.75,0.0,103.25900000000223,90.92
CRUISE,GOAL_REACHED,0.0,0.0,91.91553330153214,20.231478094646004,1.5689649249512134,0.0,104.10900000000224,-51.75,0.0,103.25900000000223,90.94000000000001
CRUISE,GOAL_REACHED,0.0,0.0,91.91553330153214,20.231478094646004,1.5689649249512134,0.0,104.10900000000224,-51.75,0.0,103.25900000000223,90.96000000000001
CRUISE,GOAL_REACHED,0.0,0.0,91.91553330153214,20.231478094646004,1.5689649249512134,0.0,104.10900000000224,-51.75,0.0,103.25900000000223,90.98
CRUISE,GOAL_REACHED,0.0,0.0,91.91553330153214,20.231478094646004,1.5689649249512134,0.0,104.10900000000224,-51.75,0.0,103.25900000000223,91.0
CRUISE,GOAL_REACHED,0.0,0.0,91.91553330153214,20.231478094646004,1.5689649249512134,0.0,104.10900000000224,-51.75,0.0,103.25900000000223,91.02000000000001
CRUISE,GOAL_REACHED,0.0,0.0,91.91553330153214,20.231478094646004,1.5689649249512134,0.0,104.10900000000224,-51.75,0.0,103.25900000000223,91.04
CRUISE,GOAL_REACHED,0.0,0.0,91.91553330153214,20.231478094646004,1.5689649249512134,0.0,104.10900000000224,-51.75,0.0,103.25900000000223,91.06
CRUISE,GOAL_REACHED,0.0,0.0,91.91553330153214,20.231478094646004,1.5689649249512134,0.0,104.10900000000224,-51.75,0.0,103.25900000000223,91.08000000000001
CRUISE,GOAL_REACHED,0.0,0.0,91.91553330153214,20.231478094646004,1.5689649249512134,0.0,104.10900000000224,-51.75,0.0,103.25900000000223,91.10000000000001
CRUISE,GOAL_REACHED,0.0,0.0,91.91553330153214,20.231478094646004,1.5689649249512134,0.0,104.10900000000224,-51.75,0.0,103.25900000000223,91.12
CRUISE,GOAL_REACHED,0.0,0.0,91.91553330153214,20.231478094646004,1.5689649249512134,0.0,104.10900000000224,-51.75,0.0,103.25900000000223,91.141
CRUISE,GOAL_REACHED,0.0,0.0,91.91553330153214,20.231478094646004,1.5689649249512134,0.0,104.10900000000224,-51.75,0.0,103.25900000000223,91.16000000000001
CRUISE,GOAL_REACHED,0.0,0.0,91.91553330153214,20.231478094646004,1.5689649249512134,0.0,104.10900000000224,-51.75,0.0,103.25900000000223,91.18
CRUISE,GOAL_REACHED,0.0,0.0,91.91553330153214,20.231478094646004,1.5689649249512134,0.0,104.10900000000224,-51.75,0.0,103.25900000000223,91.2
CRUISE,GOAL_REACHED,0.0,0.0,91.91553330153214,20.231478094646004,1.5689649249512134,0.0,104.10900000000224,-51.75,0.0,103.25900000000223,91.22200000000001
CRUISE,GOAL_REACHED,0.0,0.0,91.91553330153214,20.231478094646004,1.5689649249512134,0.0,104.10900000000224,-51.75,0.0,103.25900000000223,91.24000000000001
CRUISE,GOAL_REACHED,0.0,0.0,91.91553330153214,20.231478094646004,1.5689649249512134,0.0,104.10900000000224,-51.75,0.0,103.25900000000223,91.26
CRUISE,GOAL_REACHED,0.0,0.0,91.91553330153214,20.231478094646004,1.5689649249512134,0.0,104.10900000000224,-51.75,0.0,103.25900000000223,91.281
CRUISE,GOAL_REACHED,0.0,0.0,91.91553330153214,20.231478094646004,1.5689649249512134,0.0,104.10900000000224,-51.75,0.0,103.25900000000223,91.30000000000001
CRUISE,GOAL_REACHED,0.0,0.0,91.91553330153214,20.231478094646004,1.5689649249512134,0.0,104.10900000000224,-51.75,0.0,103.25900000000223,91.32000000000001
CRUISE,GOAL_REACHED,0.0,0.0,91.91553330153214,20.231478094646004,1.5689649249512134,0.0,104.10900000000224,-51.75,0.0,103.25900000000223,91.34
CRUISE,GOAL_REACHED,0.0,0.0,91.91553330153214,20.231478094646004,1.5689649249512134,0.0,104.10900000000224,-51.75,0.0,103.25900000000223,91.36
CRUISE,GOAL_REACHED,0.0,0.0,91.91553330153214,20.231478094646004,1.5689649249512134,0.0,104.10900000000224,-51.75,0.0,103.25900000000223,91.38000000000001
CRUISE,GOAL_REACHED,0.0,0.0,91.91553330153214,20.231478094646004,1.5689649249512134,0.0,104.10900000000224,-51.75,0.0,103.25900000000223,91.4
CRUISE,GOAL_REACHED,0.0,0.0,91.91553330153214,20.231478094646004,1.5689649249512134,0.0,104.10900000000224,-51.75,0.0,103.25900000000223,91.42
CRUISE,GOAL_REACHED,0.0,0.0,91.91553330153214,20.231478094646004,1.5689649249512134,0.0,104.10900000000224,-51.75,0.0,103.25900000000223,91.44000000000001
CRUISE,GOAL_REACHED,0.0,0.0,91.91553330153214,20.231478094646004,1.5689649249512134,0.0,104.10900000000224,-51.75,0.0,103.25900000000223,91.46000000000001
CRUISE,GOAL_REACHED,0.0,0.0,91.91553330153214,20.231478094646004,1.5689649249512134,0.0,104.10900000000224,-51.75,0.0,103.25900000000223,91.48
CRUISE,GOAL_REACHED,0.0,0.0,91.91553330153214,20.231478094646004,1.5689649249512134,0.0,104.10900000000224,-51.75,0.0,103.25900000000223,91.5
CRUISE,GOAL_REACHED,0.0,0.0,91.91553330153214,20.231478094646004,1.5689649249512134,0.0,104.10900000000224,-51.75,0.0,103.25900000000223,91.52000000000001
CRUISE,GOAL_REACHED,0.0,0.0,91.91553330153214,20.231478094646004,1.5689649249512134,0.0,104.10900000000224,-51.75,0.0,103.25900000000223,91.54
CRUISE,GOAL_REACHED,0.0,0.0,91.91553330153214,20.231478094646004,1.5689649249512134,0.0,104.10900000000224,-51.75,0.0,103.25900000000223,91.56
CRUISE,GOAL_REACHED,0.0,0.0,91.91553330153214,20.231478094646004,1.5689649249512134,0.0,104.10900000000224,-51.75,0.0,103.25900000000223,91.58000000000001
CRUISE,GOAL_REACHED,0.0,0.0,91.91553330153214,20.231478094646004,1.5689649249512134,0.0,104.10900000000224,-51.75,0.0,103.25900000000223,91.601
CRUISE,GOAL_REACHED,0.0,0.0,91.91553330153214,20.231478094646004,1.5689649249512134,0.0,104.10900000000224,-51.75,0.0,103.25900000000223,91.62
CRUISE,GOAL_REACHED,0.0,0.0,91.91553330153214,20.231478094646004,1.5689649249512134,0.0,104.10900000000224,-51.75,0.0,103.25900000000223,91.64
CRUISE,GOAL_REACHED,0.0,0.0,91.91553330153214,20.231478094646004,1.5689649249512134,0.0,104.10900000000224,-51.75,0.0,103.25900000000223,91.66000000000001
CRUISE,GOAL_REACHED,0.0,0.0,91.91553330153214,20.231478094646004,1.5689649249512134,0.0,104.10900000000224,-51.75,0.0,103.25900000000223,91.68
CRUISE,GOAL_REACHED,0.0,0.0,91.91553330153214,20.231478094646004,1.5689649249512134,0.0,104.10900000000224,-51.75,0.0,103.25900000000223,91.70100000000001
CRUISE,GOAL_REACHED,0.0,0.0,91.91553330153214,20.231478094646004,1.5689649249512134,0.0,104.10900000000224,-51.75,0.0,103.25900000000223,91.72
CRUISE,GOAL_REACHED,0.0,0.0,91.91553330153214,20.231478094646004,1.5689649249512134,0.0,104.10900000000224,-51.75,0.0,103.25900000000223,91.741
CRUISE,GOAL_REACHED,0.0,0.0,91.91553330153214,20.231478094646004,1.5689649249512134,0.0,104.10900000000224,-51.75,0.0,103.25900000000223,91.76
CRUISE,GOAL_REACHED,0.0,0.0,91.91553330153214,20.231478094646004,1.5689649249512134,0.0,104.10900000000224,-51.75,0.0,103.25900000000223,91.78
CRUISE,GOAL_REACHED,0.0,0.0,91.91553330153214,20.231478094646004,1.5689649249512134,0.0,104.10900000000224,-51.75,0.0,103.25900000000223,91.80000000000001
CRUISE,GOAL_REACHED,0.0,0.0,91.91553330153214,20.231478094646004,1.5689649249512134,0.0,104.10900000000224,-51.75,0.0,103.25900000000223,91.82000000000001
CRUISE,GOAL_REACHED,0.0,0.0,91.91553330153214,20.231478094646004,1.5689649249512134,0.0,104.10900000000224,-51.75,0.0,103.25900000000223,91.84
CRUISE,GOAL_REACHED,0.0,0.0,91.91553330153214,20.231478094646004,1.5689649249512134,0.0,104.10900000000224,-51.75,0.0,103.25900000000223,91.86
CRUISE,GOAL_REACHED,0.0,0.0,91.91553330153214,20.231478094646004,1.5689649249512134,0.0,104.10900000000224,-51.75,0.0,103.25900000000223,91.88000000000001
CRUISE,GOAL_REACHED,0.0,0.0,91.91553330153214,20.231478094646004,1.5689649249512134,0.0,104.10900000000224,-51.75,0.0,103.25900000000223,91.9
CRUISE,GOAL_REACHED,0.0,0.0,91.91553330153214,20.231478094646004,1.5689649249512134,0.0,104.10900000000224,-51.75,0.0,103.25900000000223,91.92
CRUISE,GOAL_REACHED,0.0,0.0,91.91553330153214,20.231478094646004,1.5689649249512134,0.0,104.10900000000224,-51.75,0.0,103.25900000000223,91.94000000000001
CRUISE,GOAL_REACHED,0.0,0.0,91.91553330153214,20.231478094646004,1.5689649249512134,0.0,104.10900000000224,-51.75,0.0,103.25900000000223,91.96000000000001
CRUISE,GOAL_REACHED,0.0,0.0,91.91553330153214,20.231478094646004,1.5689649249512134,0.0,104.10900000000224,-51.75,0.0,103.25900000000223,91.98
CRUISE,GOAL_REACHED,0.0,0.0,91.91553330153214,20.231478094646004,1.5689649249512134,0.0,104.10900000000224,-51.75,0.0,103.25900000000223,92.0
CRUISE,GOAL_REACHED,0.0,0.0,91.91553330153214,20.231478094646004,1.5689649249512134,0.0,104.10900000000224,-51.75,0.0,103.25900000000223,92.02000000000001
CRUISE,GOAL_REACHED,0.0,0.0,91.91553330153214,20.231478094646004,1.5689649249512134,0.0,104.10900000000224,-51.75,0.0,103.25900000000223,92.04
CRUISE,GOAL_REACHED,0.0,0.0,91.91553330153214,20.231478094646004,1.5689649249512134,0.0,104.10900000000224,-51.75,0.0,103.25900000000223,92.06
CRUISE,GOAL_REACHED,0.0,0.0,91.91553330153214,20.231478094646004,1.5689649249512134,0.0,104.10900000000224,-51.75,0.0,103.25900000000223,92.08000000000001
CRUISE,GOAL_REACHED,0.0,0.0,91.91553330153214,20.231478094646004,1.5689649249512134,0.0,104.10900000000224,-51.75,0.0,103.25900000000223,92.10000000000001
CRUISE,GOAL_REACHED,0.0,0.0,91.91553330153214,20.231478094646004,1.5689649249512134,0.0,104.10900000000224,-51.75,0.0,103.25900000000223,92.12
CRUISE,GOAL_REACHED,0.0,0.0,91.91553330153214,20.231478094646004,1.5689649249512134,0.0,104.10900000000224,-51.75,0.0,103.25900000000223,92.14
CRUISE,GOAL_REACHED,0.0,0.0,91.91553330153214,20.231478094646004,1.5689649249512134,0.0,104.10900000000224,-51.75,0.0,103.25900000000223,92.16000000000001
CRUISE,GOAL_REACHED,0.0,0.0,91.91553330153214,20.231478094646004,1.5689649249512134,0.0,104.10900000000224,-51.75,0.0,103.25900000000223,92.18100000000001
CRUISE,GOAL_REACHED,0.0,0.0,91.91553330153214,20.231478094646004,1.5689649249512134,0.0,104.10900000000224,-51.75,0.0,103.25900000000223,92.2
CRUISE,GOAL_REACHED,0.0,0.0,91.91553330153214,20.231478094646004,1.5689649249512134,0.0,104.10900000000224,-51.75,0.0,103.25900000000223,92.22
CRUISE,GOAL_REACHED,0.0,0.0,91.91553330153214,20.231478094646004,1.5689649249512134,0.0,104.10900000000224,-51.75,0.0,103.25900000000223,92.24000000000001
CRUISE,GOAL_REACHED,0.0,0.0,91.91553330153214,20.231478094646004,1.5689649249512134,0.0,104.10900000000224,-51.75,0.0,103.25900000000223,92.26
CRUISE,GOAL_REACHED,0.0,0.0,91.91553330153214,20.231478094646004,1.5689649249512134,0.0,104.10900000000224,-51.75,0.0,103.25900000000223,92.28
CRUISE,GOAL_REACHED,0.0,0.0,91.91553330153214,20.231478094646004,1.5689649249512134,0.0,104.10900000000224,-51.75,0.0,103.25900000000223,92.30000000000001
CRUISE,GOAL_REACHED,0.0,0.0,91.91553330153214,20.231478094646004,1.5689649249512134,0.0,104.10900000000224,-51.75,0.0,103.25900000000223,92.32000000000001
CRUISE,GOAL_REACHED,0.0,0.0,91.91553330153214,20.231478094646004,1.5689649249512134,0.0,104.10900000000224,-51.75,0.0,103.25900000000223,92.34
CRUISE,GOAL_REACHED,0.0,0.0,91.91553330153214,20.231478094646004,1.5689649249512134,0.0,104.10900000000224,-51.75,0.0,103.25900000000223,92.36
CRUISE,GOAL_REACHED,0.0,0.0,91.91553330153214,20.231478094646004,1.5689649249512134,0.0,104.10900000000224,-51.75,0.0,103.25900000000223,92.38000000000001
CRUISE,GOAL_REACHED,0.0,0.0,91.91553330153214,20.231478094646004,1.5689649249512134,0.0,104.10900000000224,-51.75,0.0,103.25900000000223,92.4
CRUISE,GOAL_REACHED,0.0,0.0,91.91553330153214,20.231478094646004,1.5689649249512134,0.0,104.10900000000224,-51.75,0.0,103.25900000000223,92.42
CRUISE,GOAL_REACHED,0.0,0.0,91.91553330153214,20.231478094646004,1.5689649249512134,0.0,104.10900000000224,-51.75,0.0,103.25900000000223,92.44000000000001
CRUISE,GOAL_REACHED,0.0,0.0,91.91553330153214,20.231478094646004,1.5689649249512134,0.0,104.10900000000224,-51.75,0.0,103.25900000000223,92.46000000000001
CRUISE,GOAL_REACHED,0.0,0.0,91.91553330153214,20.231478094646004,1.5689649249512134,0.0,104.10900000000224,-51.75,0.0,103.25900000000223,92.48
CRUISE,GOAL_REACHED,0.0,0.0,91.91553330153214,20.231478094646004,1.5689649249512134,0.0,104.10900000000224,-51.75,0.0,103.25900000000223,92.5
CRUISE,GOAL_REACHED,0.0,0.0,91.91553330153214,20.231478094646004,1.5689649249512134,0.0,104.10900000000224,-51.75,0.0,103.25900000000223,92.52000000000001
CRUISE,GOAL_REACHED,0.0,0.0,91.91553330153214,20.231478094646004,1.5689649249512134,0.0,104.10900000000224,-51.75,0.0,103.25900000000223,92.54
CRUISE,GOAL_REACHED,0.0,0.0,91.91553330153214,20.231478094646004,1.5689649249512134,0.0,104.10900000000224,-51.75,0.0,103.25900000000223,92.56
CRUISE,GOAL_REACHED,0.0,0.0,91.91553330153214,20.231478094646004,1.5689649249512134,0.0,104.10900000000224,-51.75,0.0,103.25900000000223,92.58000000000001
CRUISE,GOAL_REACHED,0.0,0.0,91.91553330153214,20.231478094646004,1.5689649249512134,0.0,104.10900000000224,-51.75,0.0,103.25900000000223,92.60000000000001
CRUISE,GOAL_REACHED,0.0,0.0,91.91553330153214,20.231478094646004,1.5689649249512134,0.0,104.10900000000224,-51.75,0.0,103.25900000000223,92.62400000000001
CRUISE,GOAL_REACHED,0.0,0.0,91.91553330153214,20.231478094646004,1.5689649249512134,0.0,104.10900000000224,-51.75,0.0,103.25900000000223,92.64
CRUISE,GOAL_REACHED,0.0,0.0,91.91553330153214,20.231478094646004,1.5689649249512134,0.0,104.10900000000224,-51.75,0.0,103.25900000000223,92.66000000000001
CRUISE,GOAL_REACHED,0.0,0.0,91.91553330153214,20.231478094646004,1.5689649249512134,0.0,104.10900000000224,-51.75,0.0,103.25900000000223,92.68
CRUISE,GOAL_REACHED,0.0,0.0,91.91553330153214,20.231478094646004,1.5689649249512134,0.0,104.10900000000224,-51.75,0.0,103.25900000000223,92.70100000000001
CRUISE,GOAL_REACHED,0.0,0.0,91.91553330153214,20.231478094646004,1.5689649249512134,0.0,104.10900000000224,-51.75,0.0,103.25900000000223,92.72
CRUISE,GOAL_REACHED,0.0,0.0,91.91553330153214,20.231478094646004,1.5689649249512134,0.0,104.10900000000224,-51.75,0.0,103.25900000000223,92.74000000000001
CRUISE,GOAL_REACHED,0.0,0.0,91.91553330153214,20.231478094646004,1.5689649249512134,0.0,104.10900000000224,-51.75,0.0,103.25900000000223,92.76
CRUISE,GOAL_REACHED,0.0,0.0,91.91553330153214,20.231478094646004,1.5689649249512134,0.0,104.10900000000224,-51.75,0.0,103.25900000000223,92.78
CRUISE,GOAL_REACHED,0.0,0.0,91.91553330153214,20.231478094646004,1.5689649249512134,0.0,104.10900000000224,-51.75,0.0,103.25900000000223,92.80000000000001
CRUISE,GOAL_REACHED,0.0,0.0,91.91553330153214,20.231478094646004,1.5689649249512134,0.0,104.10900000000224,-51.75,0.0,103.25900000000223,92.82100000000001
CRUISE,GOAL_REACHED,0.0,0.0,91.91553330153214,20.231478094646004,1.5689649249512134,0.0,104.10900000000224,-51.75,0.0,103.25900000000223,92.84
CRUISE,GOAL_REACHED,0.0,0.0,91.91553330153214,20.231478094646004,1.5689649249512134,0.0,104.10900000000224,-51.75,0.0,103.25900000000223,92.86
CRUISE,GOAL_REACHED,0.0,0.0,91.91553330153214,20.231478094646004,1.5689649249512134,0.0,104.10900000000224,-51.75,0.0,103.25900000000223,92.88000000000001
CRUISE,GOAL_REACHED,0.0,0.0,91.91553330153214,20.231478094646004,1.5689649249512134,0.0,104.10900000000224,-51.75,0.0,103.25900000000223,92.9
CRUISE,GOAL_REACHED,0.0,0.0,91.91553330153214,20.231478094646004,1.5689649249512134,0.0,104.10900000000224,-51.75,0.0,103.25900000000223,92.92
CRUISE,GOAL_REACHED,0.0,0.0,91.91553330153214,20.231478094646004,1.5689649249512134,0.0,104.10900000000224,-51.75,0.0,103.25900000000223,92.94000000000001
CRUISE,GOAL_REACHED,0.0,0.0,91.91553330153214,20.231478094646004,1.5689649249512134,0.0,104.10900000000224,-51.75,0.0,103.25900000000223,92.96000000000001
CRUISE,GOAL_REACHED,0.0,0.0,91.91553330153214,20.231478094646004,1.5689649249512134,0.0,104.10900000000224,-51.75,0.0,103.25900000000223,92.98
CRUISE,GOAL_REACHED,0.0,0.0,91.91553330153214,20.231478094646004,1.5689649249512134,0.0,104.10900000000224,-51.75,0.0,103.25900000000223,93.0
CRUISE,GOAL_REACHED,0.0,0.0,91.91553330153214,20.231478094646004,1.5689649249512134,0.0,104.10900000000224,-51.75,0.0,103.25900000000223,93.02000000000001
CRUISE,GOAL_REACHED,0.0,0.0,91.91553330153214,20.231478094646004,1.5689649249512134,0.0,104.10900000000224,-51.75,0.0,103.25900000000223,93.04
CRUISE,GOAL_REACHED,0.0,0.0,91.91553330153214,20.231478094646004,1.5689649249512134,0.0,104.10900000000224,-51.75,0.0,103.25900000000223,93.06
CRUISE,GOAL_REACHED,0.0,0.0,91.91553330153214,20.231478094646004,1.5689649249512134,0.0,104.10900000000224,-51.75,0.0,103.25900000000223,93.08000000000001
CRUISE,GOAL_REACHED,0.0,0.0,91.91553330153214,20.231478094646004,1.5689649249512134,0.0,104.10900000000224,-51.75,0.0,103.25900000000223,93.10000000000001
CRUISE,GOAL_REACHED,0.0,0.0,91.91553330153214,20.231478094646004,1.5689649249512134,0.0,104.10900000000224,-51.75,0.0,103.25900000000223,93.12
CRUISE,GOAL_REACHED,0.0,0.0,91.91553330153214,20.231478094646004,1.5689649249512134,0.0,104.10900000000224,-51.75,0.0,103.25900000000223,93.14
CRUISE,GOAL_REACHED,0.0,0.0,91.91553330153214,20.231478094646004,1.5689649249512134,0.0,104.10900000000224,-51.75,0.0,103.25900000000223,93.16000000000001
CRUISE,GOAL_REACHED,0.0,0.0,91.91553330153214,20.231478094646004,1.5689649249512134,0.0,104.10900000000224,-51.75,0.0,103.25900000000223,93.18
CRUISE,GOAL_REACHED,0.0,0.0,91.91553330153214,20.231478094646004,1.5689649249512134,0.0,104.10900000000224,-51.75,0.0,103.25900000000223,93.2
CRUISE,GOAL_REACHED,0.0,0.0,91.91553330153214,20.231478094646004,1.5689649249512134,0.0,104.10900000000224,-51.75,0.0,103.25900000000223,93.22
CRUISE,GOAL_REACHED,0.0,0.0,91.91553330153214,20.231478094646004,1.5689649249512134,0.0,104.10900000000224,-51.75,0.0,103.25900000000223,93.24000000000001
CRUISE,GOAL_REACHED,0.0,0.0,91.91553330153214,20.231478094646004,1.5689649249512134,0.0,104.10900000000224,-51.75,0.0,103.25900000000223,93.26
CRUISE,GOAL_REACHED,0.0,0.0,91.91553330153214,20.231478094646004,1.5689649249512134,0.0,104.10900000000224,-51.75,0.0,103.25900000000223,93.28
CRUISE,GOAL_REACHED,0.0,0.0,91.91553330153214,20.231478094646004,1.5689649249512134,0.0,104.10900000000224,-51.75,0.0,103.25900000000223,93.30000000000001
CRUISE,GOAL_REACHED,0.0,0.0,91.91553330153214,20.231478094646004,1.5689649249512134,0.0,104.10900000000224,-51.75,0.0,103.25900000000223,93.32000000000001
CRUISE,GOAL_REACHED,0.0,0.0,91.91553330153214,20.231478094646004,1.5689649249512134,0.0,104.10900000000224,-51.75,0.0,103.25900000000223,93.34
CRUISE,GOAL_REACHED,0.0,0.0,91.91553330153214,20.231478094646004,1.5689649249512134,0.0,104.10900000000224,-51.75,0.0,103.25900000000223,93.36
CRUISE,GOAL_REACHED,0.0,0.0,91.91553330153214,20.231478094646004,1.5689649249512134,0.0,104.10900000000224,-51.75,0.0,103.25900000000223,93.38000000000001
CRUISE,GOAL_REACHED,0.0,0.0,91.91553330153214,20.231478094646004,1.5689649249512134,0.0,104.10900000000224,-51.75,0.0,103.25900000000223,93.4
CRUISE,GOAL_REACHED,0.0,0.0,91.91553330153214,20.231478094646004,1.5689649249512134,0.0,104.10900000000224,-51.75,0.0,103.25900000000223,93.42
CRUISE,GOAL_REACHED,0.0,0.0,91.91553330153214,20.231478094646004,1.5689649249512134,0.0,104.10900000000224,-51.75,0.0,103.25900000000223,93.44000000000001
CRUISE,GOAL_REACHED,0.0,0.0,91.91553330153214,20.231478094646004,1.5689649249512134,0.0,104.10900000000224,-51.75,0.0,103.25900000000223,93.46000000000001
CRUISE,GOAL_REACHED,0.0,0.0,91.91553330153214,20.231478094646004,1.5689649249512134,0.0,104.10900000000224,-51.75,0.0,103.25900000000223,93.48
CRUISE,GOAL_REACHED,0.0,0.0,91.91553330153214,20.231478094646004,1.5689649249512134,0.0,104.10900000000224,-51.75,0.0,103.25900000000223,93.5
CRUISE,GOAL_REACHED,0.0,0.0,91.91553330153214,20.231478094646004,1.5689649249512134,0.0,104.10900000000224,-51.75,0.0,103.25900000000223,93.52000000000001
CRUISE,GOAL_REACHED,0.0,0.0,91.91553330153214,20.231478094646004,1.5689649249512134,0.0,104.10900000000224,-51.75,0.0,103.25900000000223,93.54
CRUISE,GOAL_REACHED,0.0,0.0,91.91553330153214,20.231478094646004,1.5689649249512134,0.0,104.10900000000224,-51.75,0.0,103.25900000000223,93.56
CRUISE,GOAL_REACHED,0.0,0.0,91.91553330153214,20.231478094646004,1.5689649249512134,0.0,104.10900000000224,-51.75,0.0,103.25900000000223,93.58000000000001
CRUISE,GOAL_REACHED,0.0,0.0,91.91553330153214,20.231478094646004,1.5689649249512134,0.0,104.10900000000224,-51.75,0.0,103.25900000000223,93.60000000000001
CRUISE,GOAL_REACHED,0.0,0.0,91.91553330153214,20.231478094646004,1.5689649249512134,0.0,104.10900000000224,-51.75,0.0,103.25900000000223,93.62
CRUISE,GOAL_REACHED,0.0,0.0,91.91553330153214,20.231478094646004,1.5689649249512134,0.0,104.10900000000224,-51.75,0.0,103.25900000000223,93.64
CRUISE,GOAL_REACHED,0.0,0.0,91.91553330153214,20.231478094646004,1.5689649249512134,0.0,104.10900000000224,-51.75,0.0,103.25900000000223,93.66000000000001
CRUISE,GOAL_REACHED,0.0,0.0,91.91553330153214,20.231478094646004,1.5689649249512134,0.0,104.10900000000224,-51.75,0.0,103.25900000000223,93.68
CRUISE,GOAL_REACHED,0.0,0.0,91.91553330153214,20.231478094646004,1.5689649249512134,0.0,104.10900000000224,-51.75,0.0,103.25900000000223,93.7
CRUISE,GOAL_REACHED,0.0,0.0,91.91553330153214,20.231478094646004,1.5689649249512134,0.0,104.10900000000224,-51.75,0.0,103.25900000000223,93.72
CRUISE,GOAL_REACHED,0.0,0.0,91.91553330153214,20.231478094646004,1.5689649249512134,0.0,104.10900000000224,-51.75,0.0,103.25900000000223,93.74000000000001
CRUISE,GOAL_REACHED,0.0,0.0,91.91553330153214,20.231478094646004,1.5689649249512134,0.0,104.10900000000224,-51.75,0.0,103.25900000000223,93.76
CRUISE,GOAL_REACHED,0.0,0.0,91.91553330153214,20.231478094646004,1.5689649249512134,0.0,104.10900000000224,-51.75,0.0,103.25900000000223,93.78
CRUISE,GOAL_REACHED,0.0,0.0,91.91553330153214,20.231478094646004,1.5689649249512134,0.0,104.10900000000224,-51.75,0.0,103.25900000000223,93.80000000000001
CRUISE,GOAL_REACHED,0.0,0.0,91.91553330153214,20.231478094646004,1.5689649249512134,0.0,104.10900000000224,-51.75,0.0,103.25900000000223,93.82000000000001
CRUISE,GOAL_REACHED,0.0,0.0,91.91553330153214,20.231478094646004,1.5689649249512134,0.0,104.10900000000224,-51.75,0.0,103.25900000000223,93.84
CRUISE,GOAL_REACHED,0.0,0.0,91.91553330153214,20.231478094646004,1.5689649249512134,0.0,104.10900000000224,-51.75,0.0,103.25900000000223,93.86
CRUISE,GOAL_REACHED,0.0,0.0,91.91553330153214,20.231478094646004,1.5689649249512134,0.0,104.10900000000224,-51.75,0.0,103.25900000000223,93.88000000000001
CRUISE,GOAL_REACHED,0.0,0.0,91.91553330153214,20.231478094646004,1.5689649249512134,0.0,104.10900000000224,-51.75,0.0,103.25900000000223,93.9
CRUISE,GOAL_REACHED,0.0,0.0,91.91553330153214,20.231478094646004,1.5689649249512134,0.0,104.10900000000224,-51.75,0.0,103.25900000000223,93.92
CRUISE,GOAL_REACHED,0.0,0.0,91.91553330153214,20.231478094646004,1.5689649249512134,0.0,104.10900000000224,-51.75,0.0,103.25900000000223,93.94000000000001
CRUISE,GOAL_REACHED,0.0,0.0,91.91553330153214,20.231478094646004,1.5689649249512134,0.0,104.10900000000224,-51.75,0.0,103.25900000000223,93.96000000000001
CRUISE,GOAL_REACHED,0.0,0.0,91.91553330153214,20.231478094646004,1.5689649249512134,0.0,104.10900000000224,-51.75,0.0,103.25900000000223,93.98
CRUISE,GOAL_REACHED,0.0,0.0,91.91553330153214,20.231478094646004,1.5689649249512134,0.0,104.10900000000224,-51.75,0.0,103.25900000000223,94.0
CRUISE,GOAL_REACHED,0.0,0.0,91.91553330153214,20.231478094646004,1.5689649249512134,0.0,104.10900000000224,-51.75,0.0,103.25900000000223,94.02000000000001
CRUISE,GOAL_REACHED,0.0,0.0,91.91553330153214,20.231478094646004,1.5689649249512134,0.0,104.10900000000224,-51.75,0.0,103.25900000000223,94.04
CRUISE,GOAL_REACHED,0.0,0.0,91.91553330153214,20.231478094646004,1.5689649249512134,0.0,104.10900000000224,-51.75,0.0,103.25900000000223,94.06
CRUISE,GOAL_REACHED,0.0,0.0,91.91553330153214,20.231478094646004,1.5689649249512134,0.0,104.10900000000224,-51.75,0.0,103.25900000000223,94.08000000000001
CRUISE,GOAL_REACHED,0.0,0.0,91.91553330153214,20.231478094646004,1.5689649249512134,0.0,104.10900000000224,-51.75,0.0,103.25900000000223,94.10000000000001
CRUISE,GOAL_REACHED,0.0,0.0,91.91553330153214,20.231478094646004,1.5689649249512134,0.0,104.10900000000224,-51.75,0.0,103.25900000000223,94.12
CRUISE,GOAL_REACHED,0.0,0.0,91.91553330153214,20.231478094646004,1.5689649249512134,0.0,104.10900000000224,-51.75,0.0,103.25900000000223,94.14
CRUISE,GOAL_REACHED,0.0,0.0,91.91553330153214,20.231478094646004,1.5689649249512134,0.0,104.10900000000224,-51.75,0.0,103.25900000000223,94.16000000000001
CRUISE,GOAL_REACHED,0.0,0.0,91.91553330153214,20.231478094646004,1.5689649249512134,0.0,104.10900000000224,-51.75,0.0,103.25900000000223,94.18
CRUISE,GOAL_REACHED,0.0,0.0,91.91553330153214,20.231478094646004,1.5689649249512134,0.0,104.10900000000224,-51.75,0.0,103.25900000000223,94.2
CRUISE,GOAL_REACHED,0.0,0.0,91.91553330153214,20.231478094646004,1.5689649249512134,0.0,104.10900000000224,-51.75,0.0,103.25900000000223,94.22
CRUISE,GOAL_REACHED,0.0,0.0,91.91553330153214,20.231478094646004,1.5689649249512134,0.0,104.10900000000224,-51.75,0.0,103.25900000000223,94.24000000000001
CRUISE,GOAL_REACHED,0.0,0.0,91.91553330153214,20.231478094646004,1.5689649249512134,0.0,104.10900000000224,-51.75,0.0,103.25900000000223,94.26
CRUISE,GOAL_REACHED,0.0,0.0,91.91553330153214,20.231478094646004,1.5689649249512134,0.0,104.10900000000224,-51.75,0.0,103.25900000000223,94.28
CRUISE,GOAL_REACHED,0.0,0.0,91.91553330153214,20.231478094646004,1.5689649249512134,0.0,104.10900000000224,-51.75,0.0,103.25900000000223,94.30000000000001
CRUISE,GOAL_REACHED,0.0,0.0,91.91553330153214,20.231478094646004,1.5689649249512134,0.0,104.10900000000224,-51.75,0.0,103.25900000000223,94.32000000000001
CRUISE,GOAL_REACHED,0.0,0.0,91.91553330153214,20.231478094646004,1.5689649249512134,0.0,104.10900000000224,-51.75,0.0,103.25900000000223,94.34
CRUISE,GOAL_REACHED,0.0,0.0,91.91553330153214,20.231478094646004,1.5689649249512134,0.0,104.10900000000224,-51.75,0.0,103.25900000000223,94.36
CRUISE,GOAL_REACHED,0.0,0.0,91.91553330153214,20.231478094646004,1.5689649249512134,0.0,104.10900000000224,-51.75,0.0,103.25900000000223,94.38000000000001
CRUISE,GOAL_REACHED,0.0,0.0,91.91553330153214,20.231478094646004,1.5689649249512134,0.0,104.10900000000224,-51.75,0.0,103.25900000000223,94.4
CRUISE,GOAL_REACHED,0.0,0.0,91.91553330153214,20.231478094646004,1.5689649249512134,0.0,104.10900000000224,-51.75,0.0,103.25900000000223,94.42
CRUISE,GOAL_REACHED,0.0,0.0,91.91553330153214,20.231478094646004,1.5689649249512134,0.0,104.10900000000224,-51.75,0.0,103.25900000000223,94.44000000000001
CRUISE,GOAL_REACHED,0.0,0.0,91.91553330153214,20.231478094646004,1.5689649249512134,0.0,104.10900000000224,-51.75,0.0,103.25900000000223,94.46000000000001
CRUISE,GOAL_REACHED,0.0,0.0,91.91553330153214,20.231478094646004,1.5689649249512134,0.0,104.10900000000224,-51.75,0.0,103.25900000000223,94.48
CRUISE,GOAL_REACHED,0.0,0.0,91.91553330153214,20.231478094646004,1.5689649249512134,0.0,104.10900000000224,-51.75,0.0,103.25900000000223,94.5
CRUISE,GOAL_REACHED,0.0,0.0,91.91553330153214,20.231478094646004,1.5689649249512134,0.0,104.10900000000224,-51.75,0.0,103.25900000000223,94.52000000000001
CRUISE,GOAL_REACHED,0.0,0.0,91.91553330153214,20.231478094646004,1.5689649249512134,0.0,104.10900000000224,-51.75,0.0,103.25900000000223,94.54
CRUISE,GOAL_REACHED,0.0,0.0,91.91553330153214,20.231478094646004,1.5689649249512134,0.0,104.10900000000224,-51.75,0.0,103.25900000000223,94.56
CRUISE,GOAL_REACHED,0.0,0.0,91.91553330153214,20.231478094646004,1.5689649249512134,0.0,104.10900000000224,-51.75,0.0,103.25900000000223,94.58000000000001
CRUISE,GOAL_REACHED,0.0,0.0,91.91553330153214,20.231478094646004,1.5689649249512134,0.0,104.10900000000224,-51.75,0.0,103.25900000000223,94.60000000000001
CRUISE,GOAL_REACHED,0.0,0.0,91.91553330153214,20.231478094646004,1.5689649249512134,0.0,104.10900000000224,-51.75,0.0,103.25900000000223,94.62
CRUISE,GOAL_REACHED,0.0,0.0,91.91553330153214,20.231478094646004,1.5689649249512134,0.0,104.10900000000224,-51.75,0.0,103.25900000000223,94.64
CRUISE,GOAL_REACHED,0.0,0.0,91.91553330153214,20.231478094646004,1.5689649249512134,0.0,104.10900000000224,-51.75,0.0,103.25900000000223,94.66000000000001
CRUISE,GOAL_REACHED,0.0,0.0,91.91553330153214,20.231478094646004,1.5689649249512134,0.0,104.10900000000224,-51.75,0.0,103.25900000000223,94.68
CRUISE,GOAL_REACHED,0.0,0.0,91.91553330153214,20.231478094646004,1.5689649249512134,0.0,104.10900000000224,-51.75,0.0,103.25900000000223,94.7
CRUISE,GOAL_REACHED,0.0,0.0,91.91553330153214,20.231478094646004,1.5689649249512134,0.0,104.10900000000224,-51.75,0.0,103.25900000000223,94.72
CRUISE,GOAL_REACHED,0.0,0.0,91.91553330153214,20.231478094646004,1.5689649249512134,0.0,104.10900000000224,-51.75,0.0,103.25900000000223,94.74000000000001
CRUISE,GOAL_REACHED,0.0,0.0,91.91553330153214,20.231478094646004,1.5689649249512134,0.0,104.10900000000224,-51.75,0.0,103.25900000000223,94.76
CRUISE,GOAL_REACHED,0.0,0.0,91.91553330153214,20.231478094646004,1.5689649249512134,0.0,104.10900000000224,-51.75,0.0,103.25900000000223,94.78
CRUISE,GOAL_REACHED,0.0,0.0,91.91553330153214,20.231478094646004,1.5689649249512134,0.0,104.10900000000224,-51.75,0.0,103.25900000000223,94.80000000000001
CRUISE,GOAL_REACHED,0.0,0.0,91.91553330153214,20.231478094646004,1.5689649249512134,0.0,104.10900000000224,-51.75,0.0,103.25900000000223,94.82000000000001
CRUISE,GOAL_REACHED,0.0,0.0,91.91553330153214,20.231478094646004,1.5689649249512134,0.0,104.10900000000224,-51.75,0.0,103.25900000000223,94.84100000000001
CRUISE,GOAL_REACHED,0.0,0.0,91.91553330153214,20.231478094646004,1.5689649249512134,0.0,104.10900000000224,-51.75,0.0,103.25900000000223,94.86
CRUISE,GOAL_REACHED,0.0,0.0,91.91553330153214,20.231478094646004,1.5689649249512134,0.0,104.10900000000224,-51.75,0.0,103.25900000000223,94.88000000000001
CRUISE,GOAL_REACHED,0.0,0.0,91.91553330153214,20.231478094646004,1.5689649249512134,0.0,104.10900000000224,-51.75,0.0,103.25900000000223,94.9
CRUISE,GOAL_REACHED,0.0,0.0,91.91553330153214,20.231478094646004,1.5689649249512134,0.0,104.10900000000224,-51.75,0.0,103.25900000000223,94.92
CRUISE,GOAL_REACHED,0.0,0.0,91.91553330153214,20.231478094646004,1.5689649249512134,0.0,104.10900000000224,-51.75,0.0,103.25900000000223,94.94000000000001
CRUISE,GOAL_REACHED,0.0,0.0,91.91553330153214,20.231478094646004,1.5689649249512134,0.0,104.10900000000224,-51.75,0.0,103.25900000000223,94.96000000000001
CRUISE,GOAL_REACHED,0.0,0.0,91.91553330153214,20.231478094646004,1.5689649249512134,0.0,104.10900000000224,-51.75,0.0,103.25900000000223,94.98
CRUISE,GOAL_REACHED,0.0,0.0,91.91553330153214,20.231478094646004,1.5689649249512134,0.0,104.10900000000224,-51.75,0.0,103.25900000000223,95.0
CRUISE,GOAL_REACHED,0.0,0.0,91.91553330153214,20.231478094646004,1.5689649249512134,0.0,104.10900000000224,-51.75,0.0,103.25900000000223,95.02000000000001
CRUISE,GOAL_REACHED,0.0,0.0,91.91553330153214,20.231478094646004,1.5689649249512134,0.0,104.10900000000224,-51.75,0.0,103.25900000000223,95.04
CRUISE,GOAL_REACHED,0.0,0.0,91.91553330153214,20.231478094646004,1.5689649249512134,0.0,104.10900000000224,-51.75,0.0,103.25900000000223,95.06
CRUISE,GOAL_REACHED,0.0,0.0,91.91553330153214,20.231478094646004,1.5689649249512134,0.0,104.10900000000224,-51.75,0.0,103.25900000000223,95.08000000000001
CRUISE,GOAL_REACHED,0.0,0.0,91.91553330153214,20.231478094646004,1.5689649249512134,0.0,104.10900000000224,-51.75,0.0,103.25900000000223,95.10000000000001
CRUISE,GOAL_REACHED,0.0,0.0,91.91553330153214,20.231478094646004,1.5689649249512134,0.0,104.10900000000224,-51.75,0.0,103.25900000000223,95.12
CRUISE,GOAL_REACHED,0.0,0.0,91.91553330153214,20.231478094646004,1.5689649249512134,0.0,104.10900000000224,-51.75,0.0,103.25900000000223,95.14
CRUISE,GOAL_REACHED,0.0,0.0,91.91553330153214,20.231478094646004,1.5689649249512134,0.0,104.10900000000224,-51.75,0.0,103.25900000000223,95.16000000000001
CRUISE,GOAL_REACHED,0.0,0.0,91.91553330153214,20.231478094646004,1.5689649249512134,0.0,104.10900000000224,-51.75,0.0,103.25900000000223,95.18
CRUISE,GOAL_REACHED,0.0,0.0,91.91553330153214,20.231478094646004,1.5689649249512134,0.0,104.10900000000224,-51.75,0.0,103.25900000000223,95.2
CRUISE,GOAL_REACHED,0.0,0.0,91.91553330153214,20.231478094646004,1.5689649249512134,0.0,104.10900000000224,-51.75,0.0,103.25900000000223,95.221
CRUISE,GOAL_REACHED,0.0,0.0,91.91553330153214,20.231478094646004,1.5689649249512134,0.0,104.10900000000224,-51.75,0.0,103.25900000000223,95.241
CRUISE,GOAL_REACHED,0.0,0.0,91.91553330153214,20.231478094646004,1.5689649249512134,0.0,104.10900000000224,-51.75,0.0,103.25900000000223,95.26
CRUISE,GOAL_REACHED,0.0,0.0,91.91553330153214,20.231478094646004,1.5689649249512134,0.0,104.10900000000224,-51.75,0.0,103.25900000000223,95.28
CRUISE,GOAL_REACHED,0.0,0.0,91.91553330153214,20.231478094646004,1.5689649249512134,0.0,104.10900000000224,-51.75,0.0,103.25900000000223,95.301
CRUISE,GOAL_REACHED,0.0,0.0,91.91553330153214,20.231478094646004,1.5689649249512134,0.0,104.10900000000224,-51.75,0.0,103.25900000000223,95.32000000000001
CRUISE,GOAL_REACHED,0.0,0.0,91.91553330153214,20.231478094646004,1.5689649249512134,0.0,104.10900000000224,-51.75,0.0,103.25900000000223,95.34
CRUISE,GOAL_REACHED,0.0,0.0,91.91553330153214,20.231478094646004,1.5689649249512134,0.0,104.10900000000224,-51.75,0.0,103.25900000000223,95.36
CRUISE,GOAL_REACHED,0.0,0.0,91.91553330153214,20.231478094646004,1.5689649249512134,0.0,104.10900000000224,-51.75,0.0,103.25900000000223,95.38000000000001
CRUISE,GOAL_REACHED,0.0,0.0,91.91553330153214,20.231478094646004,1.5689649249512134,0.0,104.10900000000224,-51.75,0.0,103.25900000000223,95.4
CRUISE,GOAL_REACHED,0.0,0.0,91.91553330153214,20.231478094646004,1.5689649249512134,0.0,104.10900000000224,-51.75,0.0,103.25900000000223,95.42
CRUISE,GOAL_REACHED,0.0,0.0,91.91553330153214,20.231478094646004,1.5689649249512134,0.0,104.10900000000224,-51.75,0.0,103.25900000000223,95.44000000000001
CRUISE,GOAL_REACHED,0.0,0.0,91.91553330153214,20.231478094646004,1.5689649249512134,0.0,104.10900000000224,-51.75,0.0,103.25900000000223,95.46100000000001
CRUISE,GOAL_REACHED,0.0,0.0,91.91553330153214,20.231478094646004,1.5689649249512134,0.0,104.10900000000224,-51.75,0.0,103.25900000000223,95.48
CRUISE,GOAL_REACHED,0.0,0.0,91.91553330153214,20.231478094646004,1.5689649249512134,0.0,104.10900000000224,-51.75,0.0,103.25900000000223,95.5
CRUISE,GOAL_REACHED,0.0,0.0,91.91553330153214,20.231478094646004,1.5689649249512134,0.0,104.10900000000224,-51.75,0.0,103.25900000000223,95.52000000000001
CRUISE,GOAL_REACHED,0.0,0.0,91.91553330153214,20.231478094646004,1.5689649249512134,0.0,104.10900000000224,-51.75,0.0,103.25900000000223,95.54
CRUISE,GOAL_REACHED,0.0,0.0,91.91553330153214,20.231478094646004,1.5689649249512134,0.0,104.10900000000224,-51.75,0.0,103.25900000000223,95.56
CRUISE,GOAL_REACHED,0.0,0.0,91.91553330153214,20.231478094646004,1.5689649249512134,0.0,104.10900000000224,-51.75,0.0,103.25900000000223,95.58000000000001
CRUISE,GOAL_REACHED,0.0,0.0,91.91553330153214,20.231478094646004,1.5689649249512134,0.0,104.10900000000224,-51.75,0.0,103.25900000000223,95.60000000000001
CRUISE,GOAL_REACHED,0.0,0.0,91.91553330153214,20.231478094646004,1.5689649249512134,0.0,104.10900000000224,-51.75,0.0,103.25900000000223,95.62
CRUISE,GOAL_REACHED,0.0,0.0,91.91553330153214,20.231478094646004,1.5689649249512134,0.0,104.10900000000224,-51.75,0.0,103.25900000000223,95.64
CRUISE,GOAL_REACHED,0.0,0.0,91.91553330153214,20.231478094646004,1.5689649249512134,0.0,104.10900000000224,-51.75,0.0,103.25900000000223,95.66000000000001
CRUISE,GOAL_REACHED,0.0,0.0,91.91553330153214,20.231478094646004,1.5689649249512134,0.0,104.10900000000224,-51.75,0.0,103.25900000000223,95.68
CRUISE,GOAL_REACHED,0.0,0.0,91.91553330153214,20.231478094646004,1.5689649249512134,0.0,104.10900000000224,-51.75,0.0,103.25900000000223,95.7
CRUISE,GOAL_REACHED,0.0,0.0,91.91553330153214,20.231478094646004,1.5689649249512134,0.0,104.10900000000224,-51.75,0.0,103.25900000000223,95.72
CRUISE,GOAL_REACHED,0.0,0.0,91.91553330153214,20.231478094646004,1.5689649249512134,0.0,104.10900000000224,-51.75,0.0,103.25900000000223,95.74000000000001
CRUISE,GOAL_REACHED,0.0,0.0,91.91553330153214,20.231478094646004,1.5689649249512134,0.0,104.10900000000224,-51.75,0.0,103.25900000000223,95.76
CRUISE,GOAL_REACHED,0.0,0.0,91.91553330153214,20.231478094646004,1.5689649249512134,0.0,104.10900000000224,-51.75,0.0,103.25900000000223,95.78
CRUISE,GOAL_REACHED,0.0,0.0,91.91553330153214,20.231478094646004,1.5689649249512134,0.0,104.10900000000224,-51.75,0.0,103.25900000000223,95.801
CRUISE,GOAL_REACHED,0.0,0.0,91.91553330153214,20.231478094646004,1.5689649249512134,0.0,104.10900000000224,-51.75,0.0,103.25900000000223,95.82100000000001
CRUISE,GOAL_REACHED,0.0,0.0,91.91553330153214,20.231478094646004,1.5689649249512134,0.0,104.10900000000224,-51.75,0.0,103.25900000000223,95.84
CRUISE,GOAL_REACHED,0.0,0.0,91.91553330153214,20.231478094646004,1.5689649249512134,0.0,104.10900000000224,-51.75,0.0,103.25900000000223,95.86
CRUISE,GOAL_REACHED,0.0,0.0,91.91553330153214,20.231478094646004,1.5689649249512134,0.0,104.10900000000224,-51.75,0.0,103.25900000000223,95.88000000000001
CRUISE,GOAL_REACHED,0.0,0.0,91.91553330153214,20.231478094646004,1.5689649249512134,0.0,104.10900000000224,-51.75,0.0,103.25900000000223,95.9
CRUISE,GOAL_REACHED,0.0,0.0,91.91553330153214,20.231478094646004,1.5689649249512134,0.0,104.10900000000224,-51.75,0.0,103.25900000000223,95.92
CRUISE,GOAL_REACHED,0.0,0.0,91.91553330153214,20.231478094646004,1.5689649249512134,0.0,104.10900000000224,-51.75,0.0,103.25900000000223,95.94000000000001
CRUISE,GOAL_REACHED,0.0,0.0,91.91553330153214,20.231478094646004,1.5689649249512134,0.0,104.10900000000224,-51.75,0.0,103.25900000000223,95.96100000000001
CRUISE,GOAL_REACHED,0.0,0.0,91.91553330153214,20.231478094646004,1.5689649249512134,0.0,104.10900000000224,-51.75,0.0,103.25900000000223,95.98
CRUISE,GOAL_REACHED,0.0,0.0,91.91553330153214,20.231478094646004,1.5689649249512134,0.0,104.10900000000224,-51.75,0.0,103.25900000000223,96.0
CRUISE,GOAL_REACHED,0.0,0.0,91.91553330153214,20.231478094646004,1.5689649249512134,0.0,104.10900000000224,-51.75,0.0,103.25900000000223,96.021
CRUISE,GOAL_REACHED,0.0,0.0,91.91553330153214,20.231478094646004,1.5689649249512134,0.0,104.10900000000224,-51.75,0.0,103.25900000000223,96.04
CRUISE,GOAL_REACHED,0.0,0.0,91.91553330153214,20.231478094646004,1.5689649249512134,0.0,104.10900000000224,-51.75,0.0,103.25900000000223,96.06
CRUISE,GOAL_REACHED,0.0,0.0,91.91553330153214,20.231478094646004,1.5689649249512134,0.0,104.10900000000224,-51.75,0.0,103.25900000000223,96.08000000000001
CRUISE,GOAL_REACHED,0.0,0.0,91.91553330153214,20.231478094646004,1.5689649249512134,0.0,104.10900000000224,-51.75,0.0,103.25900000000223,96.101
CRUISE,GOAL_REACHED,0.0,0.0,91.91553330153214,20.231478094646004,1.5689649249512134,0.0,104.10900000000224,-51.75,0.0,103.25900000000223,96.12
CRUISE,GOAL_REACHED,0.0,0.0,91.91553330153214,20.231478094646004,1.5689649249512134,0.0,104.10900000000224,-51.75,0.0,103.25900000000223,96.14
CRUISE,GOAL_REACHED,0.0,0.0,91.91553330153214,20.231478094646004,1.5689649249512134,0.0,104.10900000000224,-51.75,0.0,103.25900000000223,96.16000000000001
CRUISE,GOAL_REACHED,0.0,0.0,91.91553330153214,20.231478094646004,1.5689649249512134,0.0,104.10900000000224,-51.75,0.0,103.25900000000223,96.18
CRUISE,GOAL_REACHED,0.0,0.0,91.91553330153214,20.231478094646004,1.5689649249512134,0.0,104.10900000000224,-51.75,0.0,103.25900000000223,96.2
CRUISE,GOAL_REACHED,0.0,0.0,91.91553330153214,20.231478094646004,1.5689649249512134,0.0,104.10900000000224,-51.75,0.0,103.25900000000223,96.22000000000001
CRUISE,GOAL_REACHED,0.0,0.0,91.91553330153214,20.231478094646004,1.5689649249512134,0.0,104.10900000000224,-51.75,0.0,103.25900000000223,96.24000000000001
CRUISE,GOAL_REACHED,0.0,0.0,91.91553330153214,20.231478094646004,1.5689649249512134,0.0,104.10900000000224,-51.75,0.0,103.25900000000223,96.26
CRUISE,GOAL_REACHED,0.0,0.0,91.91553330153214,20.231478094646004,1.5689649249512134,0.0,104.10900000000224,-51.75,0.0,103.25900000000223,96.28
CRUISE,GOAL_REACHED,0.0,0.0,91.91553330153214,20.231478094646004,1.5689649249512134,0.0,104.10900000000224,-51.75,0.0,103.25900000000223,96.30000000000001
CRUISE,GOAL_REACHED,0.0,0.0,91.91553330153214,20.231478094646004,1.5689649249512134,0.0,104.10900000000224,-51.75,0.0,103.25900000000223,96.32000000000001
CRUISE,GOAL_REACHED,0.0,0.0,91.91553330153214,20.231478094646004,1.5689649249512134,0.0,104.10900000000224,-51.75,0.0,103.25900000000223,96.34
CRUISE,GOAL_REACHED,0.0,0.0,91.91553330153214,20.231478094646004,1.5689649249512134,0.0,104.10900000000224,-51.75,0.0,103.25900000000223,96.36
CRUISE,GOAL_REACHED,0.0,0.0,91.91553330153214,20.231478094646004,1.5689649249512134,0.0,104.10900000000224,-51.75,0.0,103.25900000000223,96.38000000000001
CRUISE,GOAL_REACHED,0.0,0.0,91.91553330153214,20.231478094646004,1.5689649249512134,0.0,104.10900000000224,-51.75,0.0,103.25900000000223,96.4
CRUISE,GOAL_REACHED,0.0,0.0,91.91553330153214,20.231478094646004,1.5689649249512134,0.0,104.10900000000224,-51.75,0.0,103.25900000000223,96.42
CRUISE,GOAL_REACHED,0.0,0.0,91.91553330153214,20.231478094646004,1.5689649249512134,0.0,104.10900000000224,-51.75,0.0,103.25900000000223,96.44000000000001
CRUISE,GOAL_REACHED,0.0,0.0,91.91553330153214,20.231478094646004,1.5689649249512134,0.0,104.10900000000224,-51.75,0.0,103.25900000000223,96.46000000000001
CRUISE,GOAL_REACHED,0.0,0.0,91.91553330153214,20.231478094646004,1.5689649249512134,0.0,104.10900000000224,-51.75,0.0,103.25900000000223,96.48
CRUISE,GOAL_REACHED,0.0,0.0,91.91553330153214,20.231478094646004,1.5689649249512134,0.0,104.10900000000224,-51.75,0.0,103.25900000000223,96.5
CRUISE,GOAL_REACHED,0.0,0.0,91.91553330153214,20.231478094646004,1.5689649249512134,0.0,104.10900000000224,-51.75,0.0,103.25900000000223,96.52000000000001
CRUISE,GOAL_REACHED,0.0,0.0,91.91553330153214,20.231478094646004,1.5689649249512134,0.0,104.10900000000224,-51.75,0.0,103.25900000000223,96.54
CRUISE,GOAL_REACHED,0.0,0.0,91.91553330153214,20.231478094646004,1.5689649249512134,0.0,104.10900000000224,-51.75,0.0,103.25900000000223,96.56
CRUISE,GOAL_REACHED,0.0,0.0,91.91553330153214,20.231478094646004,1.5689649249512134,0.0,104.10900000000224,-51.75,0.0,103.25900000000223,96.58000000000001
CRUISE,GOAL_REACHED,0.0,0.0,91.91553330153214,20.231478094646004,1.5689649249512134,0.0,104.10900000000224,-51.75,0.0,103.25900000000223,96.60000000000001
CRUISE,GOAL_REACHED,0.0,0.0,91.91553330153214,20.231478094646004,1.5689649249512134,0.0,104.10900000000224,-51.75,0.0,103.25900000000223,96.62
CRUISE,GOAL_REACHED,0.0,0.0,91.91553330153214,20.231478094646004,1.5689649249512134,0.0,104.10900000000224,-51.75,0.0,103.25900000000223,96.64
CRUISE,GOAL_REACHED,0.0,0.0,91.91553330153214,20.231478094646004,1.5689649249512134,0.0,104.10900000000224,-51.75,0.0,103.25900000000223,96.66000000000001
CRUISE,GOAL_REACHED,0.0,0.0,91.91553330153214,20.231478094646004,1.5689649249512134,0.0,104.10900000000224,-51.75,0.0,103.25900000000223,96.68100000000001
CRUISE,GOAL_REACHED,0.0,0.0,91.91553330153214,20.231478094646004,1.5689649249512134,0.0,104.10900000000224,-51.75,0.0,103.25900000000223,96.7
CRUISE,GOAL_REACHED,0.0,0.0,91.91553330153214,20.231478094646004,1.5689649249512134,0.0,104.10900000000224,-51.75,0.0,103.25900000000223,96.72000000000001
CRUISE,GOAL_REACHED,0.0,0.0,91.91553330153214,20.231478094646004,1.5689649249512134,0.0,104.10900000000224,-51.75,0.0,103.25900000000223,96.74000000000001
CRUISE,GOAL_REACHED,0.0,0.0,91.91553330153214,20.231478094646004,1.5689649249512134,0.0,104.10900000000224,-51.75,0.0,103.25900000000223,96.76
CRUISE,GOAL_REACHED,0.0,0.0,91.91553330153214,20.231478094646004,1.5689649249512134,0.0,104.10900000000224,-51.75,0.0,103.25900000000223,96.78
CRUISE,GOAL_REACHED,0.0,0.0,91.91553330153214,20.231478094646004,1.5689649249512134,0.0,104.10900000000224,-51.75,0.0,103.25900000000223,96.80000000000001
CRUISE,GOAL_REACHED,0.0,0.0,91.91553330153214,20.231478094646004,1.5689649249512134,0.0,104.10900000000224,-51.75,0.0,103.25900000000223,96.82000000000001
CRUISE,GOAL_REACHED,0.0,0.0,91.91553330153214,20.231478094646004,1.5689649249512134,0.0,104.10900000000224,-51.75,0.0,103.25900000000223,96.84
CRUISE,GOAL_REACHED,0.0,0.0,91.91553330153214,20.231478094646004,1.5689649249512134,0.0,104.10900000000224,-51.75,0.0,103.25900000000223,96.86
CRUISE,GOAL_REACHED,0.0,0.0,91.91553330153214,20.231478094646004,1.5689649249512134,0.0,104.10900000000224,-51.75,0.0,103.25900000000223,96.88000000000001
CRUISE,GOAL_REACHED,0.0,0.0,91.91553330153214,20.231478094646004,1.5689649249512134,0.0,104.10900000000224,-51.75,0.0,103.25900000000223,96.90100000000001
CRUISE,GOAL_REACHED,0.0,0.0,91.91553330153214,20.231478094646004,1.5689649249512134,0.0,104.10900000000224,-51.75,0.0,103.25900000000223,96.92
CRUISE,GOAL_REACHED,0.0,0.0,91.91553330153214,20.231478094646004,1.5689649249512134,0.0,104.10900000000224,-51.75,0.0,103.25900000000223,96.94000000000001
CRUISE,GOAL_REACHED,0.0,0.0,91.91553330153214,20.231478094646004,1.5689649249512134,0.0,104.10900000000224,-51.75,0.0,103.25900000000223,96.96000000000001
CRUISE,GOAL_REACHED,0.0,0.0,91.91553330153214,20.231478094646004,1.5689649249512134,0.0,104.10900000000224,-51.75,0.0,103.25900000000223,96.98
CRUISE,GOAL_REACHED,0.0,0.0,91.91553330153214,20.231478094646004,1.5689649249512134,0.0,104.10900000000224,-51.75,0.0,103.25900000000223,97.0
CRUISE,GOAL_REACHED,0.0,0.0,91.91553330153214,20.231478094646004,1.5689649249512134,0.0,104.10900000000224,-51.75,0.0,103.25900000000223,97.02000000000001
CRUISE,GOAL_REACHED,0.0,0.0,91.91553330153214,20.231478094646004,1.5689649249512134,0.0,104.10900000000224,-51.75,0.0,103.25900000000223,97.04
CRUISE,GOAL_REACHED,0.0,0.0,91.91553330153214,20.231478094646004,1.5689649249512134,0.0,104.10900000000224,-51.75,0.0,103.25900000000223,97.06
CRUISE,GOAL_REACHED,0.0,0.0,91.91553330153214,20.231478094646004,1.5689649249512134,0.0,104.10900000000224,-51.75,0.0,103.25900000000223,97.08000000000001
CRUISE,GOAL_REACHED,0.0,0.0,91.91553330153214,20.231478094646004,1.5689649249512134,0.0,104.10900000000224,-51.75,0.0,103.25900000000223,97.10000000000001
CRUISE,GOAL_REACHED,0.0,0.0,91.91553330153214,20.231478094646004,1.5689649249512134,0.0,104.10900000000224,-51.75,0.0,103.25900000000223,97.12
CRUISE,GOAL_REACHED,0.0,0.0,91.91553330153214,20.231478094646004,1.5689649249512134,0.0,104.10900000000224,-51.75,0.0,103.25900000000223,97.14
CRUISE,GOAL_REACHED,0.0,0.0,91.91553330153214,20.231478094646004,1.5689649249512134,0.0,104.10900000000224,-51.75,0.0,103.25900000000223,97.16000000000001
CRUISE,GOAL_REACHED,0.0,0.0,91.91553330153214,20.231478094646004,1.5689649249512134,0.0,104.10900000000224,-51.75,0.0,103.25900000000223,97.18
CRUISE,GOAL_REACHED,0.0,0.0,91.91553330153214,20.231478094646004,1.5689649249512134,0.0,104.10900000000224,-51.75,0.0,103.25900000000223,97.2
CRUISE,GOAL_REACHED,0.0,0.0,91.91553330153214,20.231478094646004,1.5689649249512134,0.0,104.10900000000224,-51.75,0.0,103.25900000000223,97.221
CRUISE,GOAL_REACHED,0.0,0.0,91.91553330153214,20.231478094646004,1.5689649249512134,0.0,104.10900000000224,-51.75,0.0,103.25900000000223,97.24000000000001
CRUISE,GOAL_REACHED,0.0,0.0,91.91553330153214,20.231478094646004,1.5689649249512134,0.0,104.10900000000224,-51.75,0.0,103.25900000000223,97.26
CRUISE,GOAL_REACHED,0.0,0.0,91.91553330153214,20.231478094646004,1.5689649249512134,0.0,104.10900000000224,-51.75,0.0,103.25900000000223,97.28
CRUISE,GOAL_REACHED,0.0,0.0,91.91553330153214,20.231478094646004,1.5689649249512134,0.0,104.10900000000224,-51.75,0.0,103.25900000000223,97.30000000000001
CRUISE,GOAL_REACHED,0.0,0.0,91.91553330153214,20.231478094646004,1.5689649249512134,0.0,104.10900000000224,-51.75,0.0,103.25900000000223,97.32000000000001
CRUISE,GOAL_REACHED,0.0,0.0,91.91553330153214,20.231478094646004,1.5689649249512134,0.0,104.10900000000224,-51.75,0.0,103.25900000000223,97.34
CRUISE,GOAL_REACHED,0.0,0.0,91.91553330153214,20.231478094646004,1.5689649249512134,0.0,104.10900000000224,-51.75,0.0,103.25900000000223,97.36
CRUISE,GOAL_REACHED,0.0,0.0,91.91553330153214,20.231478094646004,1.5689649249512134,0.0,104.10900000000224,-51.75,0.0,103.25900000000223,97.38000000000001
CRUISE,GOAL_REACHED,0.0,0.0,91.91553330153214,20.231478094646004,1.5689649249512134,0.0,104.10900000000224,-51.75,0.0,103.25900000000223,97.4
CRUISE,GOAL_REACHED,0.0,0.0,91.91553330153214,20.231478094646004,1.5689649249512134,0.0,104.10900000000224,-51.75,0.0,103.25900000000223,97.42
CRUISE,GOAL_REACHED,0.0,0.0,91.91553330153214,20.231478094646004,1.5689649249512134,0.0,104.10900000000224,-51.75,0.0,103.25900000000223,97.44000000000001
CRUISE,GOAL_REACHED,0.0,0.0,91.91553330153214,20.231478094646004,1.5689649249512134,0.0,104.10900000000224,-51.75,0.0,103.25900000000223,97.46000000000001
CRUISE,GOAL_REACHED,0.0,0.0,91.91553330153214,20.231478094646004,1.5689649249512134,0.0,104.10900000000224,-51.75,0.0,103.25900000000223,97.48100000000001
CRUISE,GOAL_REACHED,0.0,0.0,91.91553330153214,20.231478094646004,1.5689649249512134,0.0,104.10900000000224,-51.75,0.0,103.25900000000223,97.5
CRUISE,GOAL_REACHED,0.0,0.0,91.91553330153214,20.231478094646004,1.5689649249512134,0.0,104.10900000000224,-51.75,0.0,103.25900000000223,97.52000000000001
CRUISE,GOAL_REACHED,0.0,0.0,91.91553330153214,20.231478094646004,1.5689649249512134,0.0,104.10900000000224,-51.75,0.0,103.25900000000223,97.54
CRUISE,GOAL_REACHED,0.0,0.0,91.91553330153214,20.231478094646004,1.5689649249512134,0.0,104.10900000000224,-51.75,0.0,103.25900000000223,97.56
CRUISE,GOAL_REACHED,0.0,0.0,91.91553330153214,20.231478094646004,1.5689649249512134,0.0,104.10900000000224,-51.75,0.0,103.25900000000223,97.58000000000001
CRUISE,GOAL_REACHED,0.0,0.0,91.91553330153214,20.231478094646004,1.5689649249512134,0.0,104.10900000000224,-51.75,0.0,103.25900000000223,97.60000000000001
CRUISE,GOAL_REACHED,0.0,0.0,91.91553330153214,20.231478094646004,1.5689649249512134,0.0,104.10900000000224,-51.75,0.0,103.25900000000223,97.62
CRUISE,GOAL_REACHED,0.0,0.0,91.91553330153214,20.231478094646004,1.5689649249512134,0.0,104.10900000000224,-51.75,0.0,103.25900000000223,97.64
CRUISE,GOAL_REACHED,0.0,0.0,91.91553330153214,20.231478094646004,1.5689649249512134,0.0,104.10900000000224,-51.75,0.0,103.25900000000223,97.661
CRUISE,GOAL_REACHED,0.0,0.0,91.91553330153214,20.231478094646004,1.5689649249512134,0.0,104.10900000000224,-51.75,0.0,103.25900000000223,97.68
CRUISE,GOAL_REACHED,0.0,0.0,91.91553330153214,20.231478094646004,1.5689649249512134,0.0,104.10900000000224,-51.75,0.0,103.25900000000223,97.70100000000001
CRUISE,GOAL_REACHED,0.0,0.0,91.91553330153214,20.231478094646004,1.5689649249512134,0.0,104.10900000000224,-51.75,0.0,103.25900000000223,97.72000000000001
CRUISE,GOAL_REACHED,0.0,0.0,91.91553330153214,20.231478094646004,1.5689649249512134,0.0,104.10900000000224,-51.75,0.0,103.25900000000223,97.74000000000001
CRUISE,GOAL_REACHED,0.0,0.0,91.91553330153214,20.231478094646004,1.5689649249512134,0.0,104.10900000000224,-51.75,0.0,103.25900000000223,97.76
CRUISE,GOAL_REACHED,0.0,0.0,91.91553330153214,20.231478094646004,1.5689649249512134,0.0,104.10900000000224,-51.75,0.0,103.25900000000223,97.78
CRUISE,GOAL_REACHED,0.0,0.0,91.91553330153214,20.231478094646004,1.5689649249512134,0.0,104.10900000000224,-51.75,0.0,103.25900000000223,97.80000000000001
CRUISE,GOAL_REACHED,0.0,0.0,91.91553330153214,20.231478094646004,1.5689649249512134,0.0,104.10900000000224,-51.75,0.0,103.25900000000223,97.82000000000001
CRUISE,GOAL_REACHED,0.0,0.0,91.91553330153214,20.231478094646004,1.5689649249512134,0.0,104.10900000000224,-51.75,0.0,103.25900000000223,97.84
CRUISE,GOAL_REACHED,0.0,0.0,91.91553330153214,20.231478094646004,1.5689649249512134,0.0,104.10900000000224,-51.75,0.0,103.25900000000223,97.86
CRUISE,GOAL_REACHED,0.0,0.0,91.91553330153214,20.231478094646004,1.5689649249512134,0.0,104.10900000000224,-51.75,0.0,103.25900000000223,97.881
CRUISE,GOAL_REACHED,0.0,0.0,91.91553330153214,20.231478094646004,1.5689649249512134,0.0,104.10900000000224,-51.75,0.0,103.25900000000223,97.90100000000001
CRUISE,GOAL_REACHED,0.0,0.0,91.91553330153214,20.231478094646004,1.5689649249512134,0.0,104.10900000000224,-51.75,0.0,103.25900000000223,97.92
CRUISE,GOAL_REACHED,0.0,0.0,91.91553330153214,20.231478094646004,1.5689649249512134,0.0,104.10900000000224,-51.75,0.0,103.25900000000223,97.941
CRUISE,GOAL_REACHED,0.0,0.0,91.91553330153214,20.231478094646004,1.5689649249512134,0.0,104.10900000000224,-51.75,0.0,103.25900000000223,97.96000000000001
CRUISE,GOAL_REACHED,0.0,0.0,91.91553330153214,20.231478094646004,1.5689649249512134,0.0,104.10900000000224,-51.75,0.0,103.25900000000223,97.98
CRUISE,GOAL_REACHED,0.0,0.0,91.91553330153214,20.231478094646004,1.5689649249512134,0.0,104.10900000000224,-51.75,0.0,103.25900000000223,98.0
CRUISE,GOAL_REACHED,0.0,0.0,91.91553330153214,20.231478094646004,1.5689649249512134,0.0,104.10900000000224,-51.75,0.0,103.25900000000223,98.02000000000001
CRUISE,GOAL_REACHED,0.0,0.0,91.91553330153214,20.231478094646004,1.5689649249512134,0.0,104.10900000000224,-51.75,0.0,103.25900000000223,98.04
CRUISE,GOAL_REACHED,0.0,0.0,91.91553330153214,20.231478094646004,1.5689649249512134,0.0,104.10900000000224,-51.75,0.0,103.25900000000223,98.06
CRUISE,GOAL_REACHED,0.0,0.0,91.91553330153214,20.231478094646004,1.5689649249512134,0.0,104.10900000000224,-51.75,0.0,103.25900000000223,98.08000000000001
CRUISE,GOAL_REACHED,0.0,0.0,91.91553330153214,20.231478094646004,1.5689649249512134,0.0,104.10900000000224,-51.75,0.0,103.25900000000223,98.10000000000001
CRUISE,GOAL_REACHED,0.0,0.0,91.91553330153214,20.231478094646004,1.5689649249512134,0.0,104.10900000000224,-51.75,0.0,103.25900000000223,98.12
CRUISE,GOAL_REACHED,0.0,0.0,91.91553330153214,20.231478094646004,1.5689649249512134,0.0,104.10900000000224,-51.75,0.0,103.25900000000223,98.14
CRUISE,GOAL_REACHED,0.0,0.0,91.91553330153214,20.231478094646004,1.5689649249512134,0.0,104.10900000000224,-51.75,0.0,103.25900000000223,98.16000000000001
CRUISE,GOAL_REACHED,0.0,0.0,91.91553330153214,20.231478094646004,1.5689649249512134,0.0,104.10900000000224,-51.75,0.0,103.25900000000223,98.18
CRUISE,GOAL_REACHED,0.0,0.0,91.91553330153214,20.231478094646004,1.5689649249512134,0.0,104.10900000000224,-51.75,0.0,103.25900000000223,98.2
CRUISE,GOAL_REACHED,0.0,0.0,91.91553330153214,20.231478094646004,1.5689649249512134,0.0,104.10900000000224,-51.75,0.0,103.25900000000223,98.22000000000001
CRUISE,GOAL_REACHED,0.0,0.0,91.91553330153214,20.231478094646004,1.5689649249512134,0.0,104.10900000000224,-51.75,0.0,103.25900000000223,98.24000000000001
CRUISE,GOAL_REACHED,0.0,0.0,91.91553330153214,20.231478094646004,1.5689649249512134,0.0,104.10900000000224,-51.75,0.0,103.25900000000223,98.26
CRUISE,GOAL_REACHED,0.0,0.0,91.91553330153214,20.231478094646004,1.5689649249512134,0.0,104.10900000000224,-51.75,0.0,103.25900000000223,98.28
CRUISE,GOAL_REACHED,0.0,0.0,91.91553330153214,20.231478094646004,1.5689649249512134,0.0,104.10900000000224,-51.75,0.0,103.25900000000223,98.30000000000001
CRUISE,GOAL_REACHED,0.0,0.0,91.91553330153214,20.231478094646004,1.5689649249512134,0.0,104.10900000000224,-51.75,0.0,103.25900000000223,98.32100000000001
CRUISE,GOAL_REACHED,0.0,0.0,91.91553330153214,20.231478094646004,1.5689649249512134,0.0,104.10900000000224,-51.75,0.0,103.25900000000223,98.34
CRUISE,GOAL_REACHED,0.0,0.0,91.91553330153214,20.231478094646004,1.5689649249512134,0.0,104.10900000000224,-51.75,0.0,103.25900000000223,98.36
CRUISE,GOAL_REACHED,0.0,0.0,91.91553330153214,20.231478094646004,1.5689649249512134,0.0,104.10900000000224,-51.75,0.0,103.25900000000223,98.38000000000001
CRUISE,GOAL_REACHED,0.0,0.0,91.91553330153214,20.231478094646004,1.5689649249512134,0.0,104.10900000000224,-51.75,0.0,103.25900000000223,98.40100000000001
CRUISE,GOAL_REACHED,0.0,0.0,91.91553330153214,20.231478094646004,1.5689649249512134,0.0,104.10900000000224,-51.75,0.0,103.25900000000223,98.42
CRUISE,GOAL_REACHED,0.0,0.0,91.91553330153214,20.231478094646004,1.5689649249512134,0.0,104.10900000000224,-51.75,0.0,103.25900000000223,98.44000000000001
CRUISE,GOAL_REACHED,0.0,0.0,91.91553330153214,20.231478094646004,1.5689649249512134,0.0,104.10900000000224,-51.75,0.0,103.25900000000223,98.46000000000001
CRUISE,GOAL_REACHED,0.0,0.0,91.91553330153214,20.231478094646004,1.5689649249512134,0.0,104.10900000000224,-51.75,0.0,103.25900000000223,98.48
CRUISE,GOAL_REACHED,0.0,0.0,91.91553330153214,20.231478094646004,1.5689649249512134,0.0,104.10900000000224,-51.75,0.0,103.25900000000223,98.5
CRUISE,GOAL_REACHED,0.0,0.0,91.91553330153214,20.231478094646004,1.5689649249512134,0.0,104.10900000000224,-51.75,0.0,103.25900000000223,98.52000000000001
CRUISE,GOAL_REACHED,0.0,0.0,91.91553330153214,20.231478094646004,1.5689649249512134,0.0,104.10900000000224,-51.75,0.0,103.25900000000223,98.54
CRUISE,GOAL_REACHED,0.0,0.0,91.91553330153214,20.231478094646004,1.5689649249512134,0.0,104.10900000000224,-51.75,0.0,103.25900000000223,98.56
CRUISE,GOAL_REACHED,0.0,0.0,91.91553330153214,20.231478094646004,1.5689649249512134,0.0,104.10900000000224,-51.75,0.0,103.25900000000223,98.58000000000001
CRUISE,GOAL_REACHED,0.0,0.0,91.91553330153214,20.231478094646004,1.5689649249512134,0.0,104.10900000000224,-51.75,0.0,103.25900000000223,98.60000000000001
CRUISE,GOAL_REACHED,0.0,0.0,91.91553330153214,20.231478094646004,1.5689649249512134,0.0,104.10900000000224,-51.75,0.0,103.25900000000223,98.62100000000001
CRUISE,GOAL_REACHED,0.0,0.0,91.91553330153214,20.231478094646004,1.5689649249512134,0.0,104.10900000000224,-51.75,0.0,103.25900000000223,98.64
CRUISE,GOAL_REACHED,0.0,0.0,91.91553330153214,20.231478094646004,1.5689649249512134,0.0,104.10900000000224,-51.75,0.0,103.25900000000223,98.66000000000001
CRUISE,GOAL_REACHED,0.0,0.0,91.91553330153214,20.231478094646004,1.5689649249512134,0.0,104.10900000000224,-51.75,0.0,103.25900000000223,98.68
CRUISE,GOAL_REACHED,0.0,0.0,91.91553330153214,20.231478094646004,1.5689649249512134,0.0,104.10900000000224,-51.75,0.0,103.25900000000223,98.7
CRUISE,GOAL_REACHED,0.0,0.0,91.91553330153214,20.231478094646004,1.5689649249512134,0.0,104.10900000000224,-51.75,0.0,103.25900000000223,98.72000000000001
CRUISE,GOAL_REACHED,0.0,0.0,91.91553330153214,20.231478094646004,1.5689649249512134,0.0,104.10900000000224,-51.75,0.0,103.25900000000223,98.74000000000001
CRUISE,GOAL_REACHED,0.0,0.0,91.91553330153214,20.231478094646004,1.5689649249512134,0.0,104.10900000000224,-51.75,0.0,103.25900000000223,98.76
CRUISE,GOAL_REACHED,0.0,0.0,91.91553330153214,20.231478094646004,1.5689649249512134,0.0,104.10900000000224,-51.75,0.0,103.25900000000223,98.78
CRUISE,GOAL_REACHED,0.0,0.0,91.91553330153214,20.231478094646004,1.5689649249512134,0.0,104.10900000000224,-51.75,0.0,103.25900000000223,98.80000000000001
CRUISE,GOAL_REACHED,0.0,0.0,91.91553330153214,20.231478094646004,1.5689649249512134,0.0,104.10900000000224,-51.75,0.0,103.25900000000223,98.82000000000001
CRUISE,GOAL_REACHED,0.0,0.0,91.91553330153214,20.231478094646004,1.5689649249512134,0.0,104.10900000000224,-51.75,0.0,103.25900000000223,98.84
CRUISE,GOAL_REACHED,0.0,0.0,91.91553330153214,20.231478094646004,1.5689649249512134,0.0,104.10900000000224,-51.75,0.0,103.25900000000223,98.86
CRUISE,GOAL_REACHED,0.0,0.0,91.91553330153214,20.231478094646004,1.5689649249512134,0.0,104.10900000000224,-51.75,0.0,103.25900000000223,98.88000000000001
CRUISE,GOAL_REACHED,0.0,0.0,91.91553330153214,20.231478094646004,1.5689649249512134,0.0,104.10900000000224,-51.75,0.0,103.25900000000223,98.90100000000001
