behavior,crossing_ids,ctrl_state,ctrl_v,ego_v,ego_x,ego_y,ego_yaw,lead_car_v,lead_car_x,lead_car_y,lead_car_yaw,perc_count,perc_near_x,t
,-,NO_PATH,7.91265688e-19,0.0,29.99999999999999,-51.75,-2.987141537818687e-23,0.0,45.0,-51.75,0.0,7,43.280475561549835,9.89
,-,NO_PATH,7.91265688e-19,0.0,29.99999999999999,-51.75,-2.987141537818687e-23,0.0,45.0,-51.75,0.0,7,43.280475561549835,9.891
,-,NO_PATH,7.91265688e-19,0.0,29.99999999999999,-51.75,-2.987141537818687e-23,0.0,45.0,-51.75,0.0,7,43.280475561549835,9.891
,-,NO_PATH,7.91265688e-19,0.0,29.99999999999999,-51.75,-2.987141537818687e-23,0.0,45.0,-51.75,0.0,7,43.280475561549835,9.892000000000001
,-,NO_PATH,7.91265688e-19,0.0,29.99999999999999,-51.75,-2.987141537818687e-23,0.0,45.0,-51.75,0.0,7,43.280475561549835,9.892000000000001
,-,NO_PATH,7.91265688e-19,0.0,29.99999999999999,-51.75,-2.987141537818687e-23,0.0,45.0,-51.75,0.0,7,43.280475561549835,9.892000000000001
,-,NO_PATH,7.91265688e-19,0.0,29.99999999999999,-51.75,-2.987141537818687e-23,0.0,45.0,-51.75,0.0,7,43.280475561549835,9.892000000000001
,-,NO_PATH,7.91265688e-19,0.0,29.99999999999999,-51.75,-2.987141537818687e-23,0.0,45.0,-51.75,0.0,7,43.280475561549835,9.892000000000001
,-,NO_PATH,7.91265688e-19,0.0,29.99999999999999,-51.75,-2.987141537818687e-23,0.0,45.0,-51.75,0.0,7,43.280475561549835,9.893
,-,NO_PATH,7.91265688e-19,0.0,29.99999999999999,-51.75,-2.987141537818687e-23,0.0,45.0,-51.75,0.0,7,43.280475561549835,9.893
,-,NO_PATH,7.91265688e-19,0.0,29.99999999999999,-51.75,-2.987141537818687e-23,0.0,45.0,-51.75,0.0,7,43.280475561549835,9.9
,-,NO_PATH,2.46976701e-19,0.0,29.99999999999999,-51.75,-2.987141537818687e-23,0.0,45.0,-51.75,0.0,7,43.280475561549835,9.92
,-,NO_PATH,1.18432128e-18,0.0,29.99999999999999,-51.75,-2.987141537818687e-23,0.0,45.0,-51.75,0.0,7,43.27964256467411,9.940000000000001
,-,NO_PATH,8.67153361e-19,0.0,29.99999999999999,-51.75,-2.987141537818687e-23,0.0,45.0,-51.75,0.0,7,43.27964256467411,9.96
,-,NO_PATH,9.0732228e-19,0.0,29.99999999999999,-51.75,-2.987141537818687e-23,0.0,45.0,-51.75,0.0,7,43.27964256467411,9.981
,-,NO_PATH,9.0732228e-19,0.0,29.99999999999999,-51.75,-2.987141537818687e-23,0.0,45.0,-51.75,0.0,7,43.27964256467411,10.0
,-,NO_PATH,3.03043092e-19,0.0,29.99999999999999,-51.75,-2.987141537818687e-23,0.0,45.0,-51.75,0.0,7,43.27964256467411,10.020000000000001
,-,NO_PATH,3.03043092e-19,0.0,29.99999999999999,-51.75,-2.987141537818687e-23,0.0,45.0,-51.75,0.0,7,43.28039171686623,10.040000000000001
,-,NO_PATH,8.50361599e-19,0.0,29.99999999999999,-51.75,-2.987141537818687e-23,0.0,45.0,-51.75,0.0,7,43.28039171686623,10.06
,-,NO_PATH,9.43613914e-19,0.0,29.99999999999999,-51.75,-2.987141537818687e-23,0.0,45.0,-51.75,0.0,7,43.28039171686623,10.08
,-,NO_PATH,3.54236243e-19,0.0,29.99999999999999,-51.75,-2.987141537818687e-23,0.0,45.0,-51.75,0.0,7,43.28039171686623,10.100000000000001
,-,NO_PATH,3.54236243e-19,0.0,29.99999999999999,-51.75,-2.987141537818687e-23,0.0,45.0,-51.75,0.0,7,43.28039171686623,10.120000000000001
,-,NO_PATH,4.060827e-19,0.0,29.99999999999999,-51.75,-2.987141537818687e-23,0.0,45.0,-51.75,0.0,7,43.28025611925886,10.14
,-,NO_PATH,3.07614359e-19,0.0,29.99999999999999,-51.75,-2.987141537818687e-23,0.0,45.0,-51.75,0.0,7,43.28025611925886,10.16
,-,NO_PATH,5.93490133e-19,0.0,29.99999999999999,-51.75,-2.987141537818687e-23,0.0,45.0,-51.75,0.0,7,43.28025611925886,10.180000000000001
,-,NO_PATH,6.78924216e-19,0.0,29.99999999999999,-51.75,-2.987141537818687e-23,0.0,45.0,-51.75,0.0,7,43.28025611925886,10.200000000000001
,-,NO_PATH,6.78924216e-19,0.0,29.99999999999999,-51.75,-2.987141537818687e-23,0.0,45.0,-51.75,0.0,7,43.28025611925886,10.221
,-,NO_PATH,7.58140378e-19,0.0,29.99999999999999,-51.75,-2.987141537818687e-23,0.0,45.0,-51.75,0.0,7,43.28019100941076,10.24
,-,NO_PATH,-1.75968522e-19,0.0,29.99999999999999,-51.75,-2.987141537818687e-23,0.0,45.0,-51.75,0.0,7,43.28019100941076,10.26
,-,NO_PATH,2.71014347e-19,0.0,29.99999999999999,-51.75,-2.987141537818687e-23,0.0,45.0,-51.75,0.0,7,43.28019100941076,10.280000000000001
,-,NO_PATH,1.08708883e-18,0.0,29.99999999999999,-51.75,-2.987141537818687e-23,0.0,45.0,-51.75,0.0,7,43.28019100941076,10.3
,-,NO_PATH,1.08708883e-18,0.0,29.99999999999999,-51.75,-2.987141537818687e-23,0.0,45.0,-51.75,0.0,7,43.28019100941076,10.32
,-,NO_PATH,1.97878584e-19,0.0,29.99999999999999,-51.75,-2.987141537818687e-23,0.0,45.0,-51.75,0.0,7,43.28091310349148,10.34
,-,NO_PATH,6.53780468e-19,0.0,29.99999999999999,-51.75,-2.987141537818687e-23,0.0,45.0,-51.75,0.0,7,43.28091310349148,10.360000000000001
,-,NO_PATH,2.8263832e-19,0.0,29.99999999999999,-51.75,-2.987141537818687e-23,0.0,45.0,-51.75,0.0,7,43.28091310349148,10.38
,-,NO_PATH,8.53819323e-20,0.0,29.99999999999999,-51.75,-2.987141537818687e-23,0.0,45.0,-51.75,0.0,7,43.28091310349148,10.4
,-,NO_PATH,8.53819323e-20,0.0,29.99999999999999,-51.75,-2.987141537818687e-23,0.0,45.0,-51.75,0.0,7,43.28091310349148,10.42
,-,NO_PATH,7.95718538e-19,0.0,29.99999999999999,-51.75,-2.987141537818687e-23,0.0,45.0,-51.75,0.0,7,43.2820230112486,10.440000000000001
,-,NO_PATH,3.85862637e-19,0.0,29.99999999999999,-51.75,-2.987141537818687e-23,0.0,45.0,-51.75,0.0,7,43.2820230112486,10.46
,-,NO_PATH,4.8039615e-19,0.0,29.99999999999999,-51.75,-2.987141537818687e-23,0.0,45.0,-51.75,0.0,7,43.2820230112486,10.48
,-,NO_PATH,1.95286658e-19,0.0,29.99999999999999,-51.75,-2.987141537818687e-23,0.0,45.0,-51.75,0.0,7,43.2820230112486,10.5
,-,NO_PATH,1.95286658e-19,0.0,29.99999999999999,-51.75,-2.987141537818687e-23,0.0,45.0,-51.75,0.0,7,43.28262028032226,10.520000000000001
,-,NO_PATH,5.68700018e-19,0.0,29.99999999999999,-51.75,-2.987141537818687e-23,0.0,45.0,-51.75,0.0,7,43.28262028032226,10.540000000000001
,-,NO_PATH,9.44424344e-19,0.0,29.99999999999999,-51.75,-2.987141537818687e-23,0.0,45.0,-51.75,0.0,7,43.28262028032226,10.56
,-,NO_PATH,2.09129408e-19,0.0,29.99999999999999,-51.75,-2.987141537818687e-23,0.0,45.0,-51.75,0.0,7,43.28262028032226,10.58
,-,NO_PATH,2.09129408e-19,0.0,29.99999999999999,-51.75,-2.987141537818687e-23,0.0,45.0,-51.75,0.0,7,43.28262028032226,10.600000000000001
,-,NO_PATH,4.28607614e-20,0.0,29.99999999999999,-51.75,-2.987141537818687e-23,0.0,45.0,-51.75,0.0,7,43.28262028032226,10.620000000000001
,-,NO_PATH,4.28607614e-20,0.0,29.99999999999999,-51.75,-2.987141537818687e-23,0.0,45.0,-51.75,0.0,7,43.28318314970473,10.64
,-,NO_PATH,1.65188909e-19,0.0,29.99999999999999,-51.75,-2.987141537818687e-23,0.0,45.0,-51.75,0.0,7,43.28318314970473,10.66
,-,NO_PATH,1.65188909e-19,0.0,29.99999999999999,-51.75,-2.987141537818687e-23,0.0,45.0,-51.75,0.0,7,43.28318314970473,10.680000000000001
,-,NO_PATH,1.40861769e-18,0.0,29.99999999999999,-51.75,-2.987141537818687e-23,0.0,45.0,-51.75,0.0,7,43.28318314970473,10.700000000000001
,-,NO_PATH,6.5730017e-19,0.0,29.99999999999999,-51.75,-2.987141537818687e-23,0.0,45.0,-51.75,0.0,7,43.28318314970473,10.72
,-,NO_PATH,4.44548907e-19,0.0,29.99999999999999,-51.75,-2.987141537818687e-23,0.0,45.0,-51.75,0.0,7,43.28267624087186,10.741000000000001
,-,NO_PATH,1.06717796e-18,0.0,29.99999999999999,-51.75,-2.987141537818687e-23,0.0,45.0,-51.75,0.0,7,43.28267624087186,10.76
,-,NO_PATH,1.06717796e-18,0.0,29.99999999999999,-51.75,-2.987141537818687e-23,0.0,45.0,-51.75,0.0,7,43.28267624087186,10.780000000000001
,-,NO_PATH,7.9382216e-19,0.0,29.99999999999999,-51.75,-2.987141537818687e-23,0.0,45.0,-51.75,0.0,7,43.28267624087186,10.8
,-,NO_PATH,5.23262274e-19,0.0,29.99999999999999,-51.75,-2.987141537818687e-23,0.0,45.0,-51.75,0.0,7,43.28267624087186,10.82
,-,NO_PATH,5.23262274e-19,0.0,29.99999999999999,-51.75,-2.987141537818687e-23,0.0,45.0,-51.75,0.0,7,43.28320471952156,10.84
,-,NO_PATH,1.32506299e-19,0.0,29.99999999999999,-51.75,-2.987141537818687e-23,0.0,45.0,-51.75,0.0,7,43.28320471952156,10.860000000000001
,-,NO_PATH,3.87285003e-19,0.0,29.99999999999999,-51.75,-2.987141537818687e-23,0.0,45.0,-51.75,0.0,7,43.28320471952156,10.88
,-,NO_PATH,5.28116442e-19,0.0,29.99999999999999,-51.75,-2.987141537818687e-23,0.0,45.0,-51.75,0.0,7,43.28320471952156,10.9
,-,NO_PATH,9.94575091e-19,0.0,29.99999999999999,-51.75,-2.987141537818687e-23,0.0,45.0,-51.75,0.0,7,43.28320471952156,10.92
,-,NO_PATH,4.97271384e-19,0.0,29.99999999999999,-51.75,-2.987141537818687e-23,0.0,45.0,-51.75,0.0,7,43.28320471952156,10.940000000000001
,-,NO_PATH,-1.22202252e-19,0.0,29.99999999999999,-51.75,-2.987141537818687e-23,0.0,45.0,-51.75,0.0,7,43.28628992601551,10.96
,-,NO_PATH,-1.22202252e-19,0.0,29.99999999999999,-51.75,-2.987141537818687e-23,0.0,45.0,-51.75,0.0,7,43.28628992601551,10.98
,-,NO_PATH,2.14152599e-19,0.0,29.99999999999999,-51.75,-2.987141537818687e-23,0.0,45.0,-51.75,0.0,7,43.28628992601551,11.0
,-,NO_PATH,2.14152599e-19,0.0,29.99999999999999,-51.75,-2.987141537818687e-23,0.0,45.0,-51.75,0.0,7,43.28628992601551,11.020000000000001
,-,NO_PATH,1.25409086e-18,0.0,29.99999999999999,-51.75,-2.987141537818687e-23,0.0,45.0,-51.75,0.0,7,43.28628992601551,11.040000000000001
,-,NO_PATH,5.33895936e-19,0.0,29.99999999999999,-51.75,-2.987141537818687e-23,0.0,45.0,-51.75,0.0,7,43.287047549200416,11.06
,-,NO_PATH,6.06547967e-19,0.0,29.99999999999999,-51.75,-2.987141537818687e-23,0.0,45.0,-51.75,0.0,7,43.287047549200416,11.08
,-,NO_PATH,9.10648322e-19,0.0,29.99999999999999,-51.75,-2.987141537818687e-23,0.0,45.0,-51.75,0.0,7,43.287047549200416,11.100000000000001
,-,NO_PATH,8.22348885e-19,0.0,29.99999999999999,-51.75,-2.987141537818687e-23,0.0,45.0,-51.75,0.0,7,43.287047549200416,11.120000000000001
,-,NO_PATH,8.22348885e-19,0.0,29.99999999999999,-51.75,-2.987141537818687e-23,0.0,45.0,-51.75,0.0,7,43.287047549200416,11.14
,-,NO_PATH,8.407652e-19,0.0,29.99999999999999,-51.75,-2.987141537818687e-23,0.0,45.0,-51.75,0.0,7,43.28685390828921,11.16
,-,NO_PATH,8.407652e-19,0.0,29.99999999999999,-51.75,-2.987141537818687e-23,0.0,45.0,-51.75,0.0,7,43.28685390828921,11.180000000000001
,-,NO_PATH,6.70783512e-19,0.0,29.99999999999999,-51.75,-2.987141537818687e-23,0.0,45.0,-51.75,0.0,7,43.28685390828921,11.200000000000001
,-,NO_PATH,7.30987788e-19,0.0,29.99999999999999,-51.75,-2.987141537818687e-23,0.0,45.0,-51.75,0.0,7,43.28685390828921,11.22
,-,NO_PATH,7.30987788e-19,0.0,29.99999999999999,-51.75,-2.987141537818687e-23,0.0,45.0,-51.75,0.0,7,43.28722664077324,11.24
,-,NO_PATH,-3.23525269e-19,0.0,29.99999999999999,-51.75,-2.987141537818687e-23,0.0,45.0,-51.75,0.0,7,43.28722664077324,11.260000000000002
,-,NO_PATH,9.1897514e-19,0.0,29.99999999999999,-51.75,-2.987141537818687e-23,0.0,45.0,-51.75,0.0,7,43.28722664077324,11.280000000000001
,-,NO_PATH,9.1897514e-19,0.0,29.99999999999999,-51.75,-2.987141537818687e-23,0.0,45.0,-51.75,0.0,7,43.28722664077324,11.3
,-,NO_PATH,1.84411505e-19,0.0,29.99999999999999,-51.75,-2.987141537818687e-23,0.0,45.0,-51.75,0.0,7,43.28722664077324,11.32
,-,NO_PATH,7.75743407e-19,0.0,29.99999999999999,-51.75,-2.987141537818687e-23,0.0,45.0,-51.75,0.0,7,43.28758362483602,11.34
,-,NO_PATH,5.50984129e-19,0.0,29.99999999999999,-51.75,-2.987141537818687e-23,0.0,45.0,-51.75,0.0,7,43.28758362483602,11.360000000000001
,-,NO_PATH,4.49597917e-19,0.0,29.99999999999999,-51.75,-2.987141537818687e-23,0.0,45.0,-51.75,0.0,7,43.28758362483602,11.38
,-,NO_PATH,4.49597917e-19,0.0,29.99999999999999,-51.75,-2.987141537818687e-23,0.0,45.0,-51.75,0.0,7,43.28758362483602,11.401000000000002
,-,NO_PATH,9.36192299e-20,0.0,29.99999999999999,-51.75,-2.987141537818687e-23,0.0,45.0,-51.75,0.0,7,43.28758362483602,11.42
,-,NO_PATH,4.65376332e-19,0.0,29.99999999999999,-51.75,-2.987141537818687e-23,0.0,45.0,-51.75,0.0,7,43.28520082042128,11.440000000000001
,-,NO_PATH,2.45283303e-19,0.0,29.99999999999999,-51.75,-2.987141537818687e-23,0.0,45.0,-51.75,0.0,7,43.28520082042128,11.46
,-,NO_PATH,5.13448907e-19,0.0,29.99999999999999,-51.75,-2.987141537818687e-23,0.0,45.0,-51.75,0.0,7,43.28520082042128,11.48
,-,NO_PATH,3.94555629e-19,0.0,29.99999999999999,-51.75,-2.987141537818687e-23,0.0,45.0,-51.75,0.0,7,43.28520082042128,11.5
,-,NO_PATH,2.90849549e-19,0.0,29.99999999999999,-51.75,-2.987141537818687e-23,0.0,45.0,-51.75,0.0,7,43.28520082042128,11.520000000000001
,-,NO_PATH,7.76189771e-19,0.0,29.99999999999999,-51.75,-2.987141537818687e-23,0.0,45.0,-51.75,0.0,7,43.28520082042128,11.540000000000001
,-,NO_PATH,7.76189771e-19,0.0,29.99999999999999,-51.75,-2.987141537818687e-23,0.0,45.0,-51.75,0.0,7,43.28456143406877,11.56
,-,NO_PATH,6.12040686e-19,0.0,29.99999999999999,-51.75,-2.987141537818687e-23,0.0,45.0,-51.75,0.0,7,43.28456143406877,11.58
,-,NO_PATH,2.78210023e-19,0.0,29.99999999999999,-51.75,-2.987141537818687e-23,0.0,45.0,-51.75,0.0,7,43.28456143406877,11.600000000000001
,-,NO_PATH,-6.44324139e-20,0.0,29.99999999999999,-51.75,-2.987141537818687e-23,0.0,45.0,-51.75,0.0,7,43.28456143406877,11.620000000000001
,-,NO_PATH,7.25490135e-19,0.0,29.99999999999999,-51.75,-2.987141537818687e-23,0.0,45.0,-51.75,0.0,7,43.28462439095407,11.64
,-,NO_PATH,7.25490135e-19,0.0,29.99999999999999,-51.75,-2.987141537818687e-23,0.0,45.0,-51.75,0.0,7,43.28462439095407,11.66
,-,NO_PATH,1.80300886e-19,0.0,29.99999999999999,-51.75,-2.987141537818687e-23,0.0,45.0,-51.75,0.0,7,43.28462439095407,11.680000000000001
,-,NO_PATH,1.2607027e-18,0.0,29.99999999999999,-51.75,-2.987141537818687e-23,0.0,45.0,-51.75,0.0,7,43.28462439095407,11.700000000000001
,-,NO_PATH,1.2607027e-18,0.0,29.99999999999999,-51.75,-2.987141537818687e-23,0.0,45.0,-51.75,0.0,7,43.28462439095407,11.72
,-,NO_PATH,1.01205748e-18,0.0,29.99999999999999,-51.75,-2.987141537818687e-23,0.0,45.0,-51.75,0.0,7,43.284535071809444,11.74
,-,NO_PATH,1.01205748e-18,0.0,29.99999999999999,-51.75,-2.987141537818687e-23,0.0,45.0,-51.75,0.0,7,43.284535071809444,11.760000000000002
,-,NO_PATH,5.38877986e-19,0.0,29.99999999999999,-51.75,-2.987141537818687e-23,0.0,45.0,-51.75,0.0,7,43.284535071809444,11.780000000000001
,-,NO_PATH,1.05020327e-18,0.0,29.99999999999999,-51.75,-2.987141537818687e-23,0.0,45.0,-51.75,0.0,7,43.284535071809444,11.8
,-,NO_PATH,1.05020327e-18,0.0,29.99999999999999,-51.75,-2.987141537818687e-23,0.0,45.0,-51.75,0.0,7,43.284535071809444,11.82
,-,NO_PATH,1.11186714e-18,0.0,29.99999999999999,-51.75,-2.987141537818687e-23,0.0,45.0,-51.75,0.0,7,43.284535071809444,11.84
,-,NO_PATH,4.48181224e-19,0.0,29.99999999999999,-51.75,-2.987141537818687e-23,0.0,45.0,-51.75,0.0,7,43.284728012792584,11.860000000000001
,-,NO_PATH,5.03336961e-19,0.0,29.99999999999999,-51.75,-2.987141537818687e-23,0.0,45.0,-51.75,0.0,7,43.284728012792584,11.88
,-,NO_PATH,7.77732004e-19,0.0,29.99999999999999,-51.75,-2.987141537818687e-23,0.0,45.0,-51.75,0.0,7,43.284728012792584,11.9
,-,NO_PATH,7.77732004e-19,0.0,29.99999999999999,-51.75,-2.987141537818687e-23,0.0,45.0,-51.75,0.0,7,43.284728012792584,11.92
,-,NO_PATH,8.89503079e-19,0.0,29.99999999999999,-51.75,-2.987141537818687e-23,0.0,45.0,-51.75,0.0,7,43.28409012783523,11.940000000000001
,-,NO_PATH,9.3295764e-19,0.0,29.99999999999999,-51.75,-2.987141537818687e-23,0.0,45.0,-51.75,0.0,7,43.28409012783523,11.96
,-,NO_PATH,1.69124373e-19,0.0,29.99999999999999,-51.75,-2.987141537818687e-23,0.0,45.0,-51.75,0.0,7,43.28409012783523,11.981
,-,NO_PATH,1.78360262e-19,0.0,29.99999999999999,-51.75,-2.987141537818687e-23,0.0,45.0,-51.75,0.0,7,43.28409012783523,12.0
,-,NO_PATH,1.78360262e-19,0.0,29.99999999999999,-51.75,-2.987141537818687e-23,0.0,45.0,-51.75,0.0,7,43.28409012783523,12.020000000000001
,-,NO_PATH,3.32601207e-19,0.0,29.99999999999999,-51.75,-2.987141537818687e-23,0.0,45.0,-51.75,0.0,7,43.284978835217714,12.040000000000001
,-,NO_PATH,3.4651676e-19,0.0,29.99999999999999,-51.75,-2.987141537818687e-23,0.0,45.0,-51.75,0.0,7,43.284978835217714,12.061
,-,NO_PATH,9.8289157e-19,0.0,29.99999999999999,-51.75,-2.987141537818687e-23,0.0,45.0,-51.75,0.0,7,43.284978835217714,12.08
,-,NO_PATH,9.8289157e-19,0.0,29.99999999999999,-51.75,-2.987141537818687e-23,0.0,45.0,-51.75,0.0,7,43.284978835217714,12.100000000000001
,-,NO_PATH,5.03350945e-19,0.0,29.99999999999999,-51.75,-2.987141537818687e-23,0.0,45.0,-51.75,0.0,7,43.284978835217714,12.120000000000001
,-,NO_PATH,1.12867237e-19,0.0,29.99999999999999,-51.75,-2.987141537818687e-23,0.0,45.0,-51.75,0.0,7,43.28512230675532,12.14
,-,NO_PATH,1.12867237e-19,0.0,29.99999999999999,-51.75,-2.987141537818687e-23,0.0,45.0,-51.75,0.0,7,43.28512230675532,12.16
,-,NO_PATH,1.49383268e-18,0.0,29.99999999999999,-51.75,-2.987141537818687e-23,0.0,45.0,-51.75,0.0,7,43.28512230675532,12.180000000000001
,-,NO_PATH,5.25410198e-19,0.0,29.99999999999999,-51.75,-2.987141537818687e-23,0.0,45.0,-51.75,0.0,7,43.28512230675532,12.200000000000001
,-,NO_PATH,9.4670155e-19,0.0,29.99999999999999,-51.75,-2.987141537818687e-23,0.0,45.0,-51.75,0.0,7,43.28512230675532,12.22
,-,NO_PATH,2.53137229e-19,0.0,29.99999999999999,-51.75,-2.987141537818687e-23,0.0,45.0,-51.75,0.0,7,43.28377312835826,12.24
,-,NO_PATH,-2.58179977e-19,0.0,29.99999999999999,-51.75,-2.987141537818687e-23,0.0,45.0,-51.75,0.0,7,43.28377312835826,12.260000000000002
,-,NO_PATH,-2.58179977e-19,0.0,29.99999999999999,-51.75,-2.987141537818687e-23,0.0,45.0,-51.75,0.0,7,43.28377312835826,12.280000000000001
,-,NO_PATH,2.97890579e-19,0.0,29.99999999999999,-51.75,-2.987141537818687e-23,0.0,45.0,-51.75,0.0,7,43.28377312835826,12.3
,-,NO_PATH,1.14852412e-19,0.0,29.99999999999999,-51.75,-2.987141537818687e-23,0.0,45.0,-51.75,0.0,7,43.28377312835826,12.32
,-,NO_PATH,2.05118088e-20,0.0,29.99999999999999,-51.75,-2.987141537818687e-23,0.0,45.0,-51.75,0.0,7,43.28388854105607,12.340000000000002
,-,NO_PATH,6.79827627e-19,0.0,29.99999999999999,-51.75,-2.987141537818687e-23,0.0,45.0,-51.75,0.0,7,43.28388854105607,12.361
,-,NO_PATH,4.36598066e-20,0.0,29.99999999999999,-51.75,-2.987141537818687e-23,0.0,45.0,-51.75,0.0,7,43.28388854105607,12.38
,-,NO_PATH,4.36598066e-20,0.0,29.99999999999999,-51.75,-2.987141537818687e-23,0.0,45.0,-51.75,0.0,7,43.28388854105607,12.4
,-,NO_PATH,3.43115616e-19,0.0,29.99999999999999,-51.75,-2.987141537818687e-23,0.0,45.0,-51.75,0.0,7,43.28388854105607,12.42
,-,NO_PATH,1.65785991e-19,0.0,29.99999999999999,-51.75,-2.987141537818687e-23,0.0,45.0,-51.75,0.0,7,43.28313779898518,12.440000000000001
,-,NO_PATH,1.74924174e-19,0.0,29.99999999999999,-51.75,-2.987141537818687e-23,0.0,45.0,-51.75,0.0,7,43.28313779898518,12.46
,-,NO_PATH,2.43249425e-19,0.0,29.99999999999999,-51.75,-2.987141537818687e-23,0.0,45.0,-51.75,0.0,7,43.28313779898518,12.48
,-,NO_PATH,2.43249425e-19,0.0,29.99999999999999,-51.75,-2.987141537818687e-23,0.0,45.0,-51.75,0.0,7,43.28313779898518,12.5
,-,NO_PATH,1.09330096e-18,0.0,29.99999999999999,-51.75,-2.987141537818687e-23,0.0,45.0,-51.75,0.0,7,43.28313779898518,12.520000000000001
,-,NO_PATH,1.90744054e-19,0.0,29.99999999999999,-51.75,-2.987141537818687e-23,0.0,45.0,-51.75,0.0,7,43.2827850083218,12.540000000000001
,-,NO_PATH,8.34674667e-19,0.0,29.99999999999999,-51.75,-2.987141537818687e-23,0.0,45.0,-51.75,0.0,7,43.2827850083218,12.56
,-,NO_PATH,3.63751308e-19,0.0,29.99999999999999,-51.75,-2.987141537818687e-23,0.0,45.0,-51.75,0.0,7,43.2827850083218,12.58
,-,NO_PATH,3.63751308e-19,0.0,29.99999999999999,-51.75,-2.987141537818687e-23,0.0,45.0,-51.75,0.0,7,43.2827850083218,12.600000000000001
,-,NO_PATH,1.02261451e-18,0.0,29.99999999999999,-51.75,-2.987141537818687e-23,0.0,45.0,-51.75,0.0,7,43.2827850083218,12.620000000000001
,-,NO_PATH,1.39824179e-20,0.0,29.99999999999999,-51.75,-2.987141537818687e-23,0.0,45.0,-51.75,0.0,7,43.2827850083218,12.64
,-,NO_PATH,1.0155429e-18,0.0,29.99999999999999,-51.75,-2.987141537818687e-23,0.0,45.0,-51.75,0.0,7,43.28189749782061,12.66
,-,NO_PATH,1.0155429e-18,0.0,29.99999999999999,-51.75,-2.987141537818687e-23,0.0,45.0,-51.75,0.0,7,43.28189749782061,12.680000000000001
,-,NO_PATH,4.5807986e-19,0.0,29.99999999999999,-51.75,-2.987141537818687e-23,0.0,45.0,-51.75,0.0,7,43.28189749782061,12.700000000000001
,-,NO_PATH,5.16583662e-19,0.0,29.99999999999999,-51.75,-2.987141537818687e-23,0.0,45.0,-51.75,0.0,7,43.28189749782061,12.72
,-,NO_PATH,5.16583662e-19,0.0,29.99999999999999,-51.75,-2.987141537818687e-23,0.0,45.0,-51.75,0.0,7,43.28082692287767,12.74
,-,NO_PATH,3.63126701e-19,0.0,29.99999999999999,-51.75,-2.987141537818687e-23,0.0,45.0,-51.75,0.0,7,43.28082692287767,12.760000000000002
,-,NO_PATH,2.73611898e-19,0.0,29.99999999999999,-51.75,-2.987141537818687e-23,0.0,45.0,-51.75,0.0,7,43.28082692287767,12.780000000000001
,-,NO_PATH,5.98602494e-19,0.0,29.99999999999999,-51.75,-2.987141537818687e-23,0.0,45.0,-51.75,0.0,7,43.28082692287767,12.8
,-,NO_PATH,4.09177366e-19,0.0,29.99999999999999,-51.75,-2.987141537818687e-23,0.0,45.0,-51.75,0.0,7,43.28082692287767,12.82
,-,NO_PATH,4.09177366e-19,0.0,29.99999999999999,-51.75,-2.987141537818687e-23,0.0,45.0,-51.75,0.0,7,43.27905737339962,12.840000000000002
,-,NO_PATH,3.66290344e-19,0.0,29.99999999999999,-51.75,-2.987141537818687e-23,0.0,45.0,-51.75,0.0,7,43.27905737339962,12.860000000000001
,-,NO_PATH,3.66290344e-19,0.0,29.99999999999999,-51.75,-2.987141537818687e-23,0.0,45.0,-51.75,0.0,7,43.27905737339962,12.88
,-,NO_PATH,6.67587209e-19,0.0,29.99999999999999,-51.75,-2.987141537818687e-23,0.0,45.0,-51.75,0.0,7,43.27905737339962,12.9
,-,NO_PATH,-3.58306717e-19,0.0,29.99999999999999,-51.75,-2.987141537818687e-23,0.0,45.0,-51.75,0.0,7,43.27905737339962,12.92
,-,NO_PATH,1.47949087e-18,0.0,29.99999999999999,-51.75,-2.987141537818687e-23,0.0,45.0,-51.75,0.0,7,43.27855492107988,12.940000000000001
,-,NO_PATH,5.25597842e-19,0.0,29.99999999999999,-51.75,-2.987141537818687e-23,0.0,45.0,-51.75,0.0,7,43.27855492107988,12.96
,-,NO_PATH,5.25597842e-19,0.0,29.99999999999999,-51.75,-2.987141537818687e-23,0.0,45.0,-51.75,0.0,7,43.27855492107988,12.98
,-,NO_PATH,8.85941045e-19,0.0,29.99999999999999,-51.75,-2.987141537818687e-23,0.0,45.0,-51.75,0.0,7,43.27855492107988,13.0
,-,NO_PATH,8.85941045e-19,0.0,29.99999999999999,-51.75,-2.987141537818687e-23,0.0,45.0,-51.75,0.0,7,43.27855492107988,13.020000000000001
,-,NO_PATH,6.00380475e-19,0.0,29.99999999999999,-51.75,-2.987141537818687e-23,0.0,45.0,-51.75,0.0,7,43.27887209790555,13.040000000000001
,-,NO_PATH,6.00380475e-19,0.0,29.99999999999999,-51.75,-2.987141537818687e-23,0.0,45.0,-51.75,0.0,7,43.27887209790555,13.06
,-,NO_PATH,-1.95347118e-19,0.0,29.99999999999999,-51.75,-2.987141537818687e-23,0.0,45.0,-51.75,0.0,7,43.27887209790555,13.08
,-,NO_PATH,4.60663394e-19,0.0,29.99999999999999,-51.75,-2.987141537818687e-23,0.0,45.0,-51.75,0.0,7,43.27887209790555,13.100000000000001
,-,NO_PATH,4.60663394e-19,0.0,29.99999999999999,-51.75,-2.987141537818687e-23,0.0,45.0,-51.75,0.0,7,43.27887209790555,13.120000000000001
,-,NO_PATH,9.72956109e-19,0.0,29.99999999999999,-51.75,-2.987141537818687e-23,0.0,45.0,-51.75,0.0,7,43.27887209790555,13.14
,-,NO_PATH,9.58482337e-19,0.0,29.99999999999999,-51.75,-2.987141537818687e-23,0.0,45.0,-51.75,0.0,7,43.27835572237582,13.16
,-,NO_PATH,9.58482337e-19,0.0,29.99999999999999,-51.75,-2.987141537818687e-23,0.0,45.0,-51.75,0.0,7,43.27835572237582,13.180000000000001
,-,NO_PATH,4.97282103e-19,0.0,29.99999999999999,-51.75,-2.987141537818687e-23,0.0,45.0,-51.75,0.0,7,43.27835572237582,13.200000000000001
,-,NO_PATH,3.70013942e-19,0.0,29.99999999999999,-51.75,-2.987141537818687e-23,0.0,45.0,-51.75,0.0,7,43.27835572237582,13.22
,-,NO_PATH,3.70013942e-19,0.0,29.99999999999999,-51.75,-2.987141537818687e-23,0.0,45.0,-51.75,0.0,7,43.27795337691712,13.24
,-,NO_PATH,-2.75812443e-19,0.0,29.99999999999999,-51.75,-2.987141537818687e-23,0.0,45.0,-51.75,0.0,7,43.27795337691712,13.260000000000002
,-,NO_PATH,9.43183748e-19,0.0,29.99999999999999,-51.75,-2.987141537818687e-23,0.0,45.0,-51.75,0.0,7,43.27795337691712,13.280000000000001
,-,NO_PATH,1.81025455e-19,0.0,29.99999999999999,-51.75,-2.987141537818687e-23,0.0,45.0,-51.75,0.0,7,43.27795337691712,13.3
,-,NO_PATH,1.81025455e-19,0.0,29.99999999999999,-51.75,-2.987141537818687e-23,0.0,45.0,-51.75,0.0,7,43.27795337691712,13.32
,-,NO_PATH,5.21427146e-19,0.0,29.99999999999999,-51.75,-2.987141537818687e-23,0.0,45.0,-51.75,0.0,7,43.27721860561212,13.340000000000002
,-,NO_PATH,6.7945357e-19,0.0,29.99999999999999,-51.75,-2.987141537818687e-23,0.0,45.0,-51.75,0.0,7,43.27721860561212,13.361
,-,NO_PATH,6.7945357e-19,0.0,29.99999999999999,-51.75,-2.987141537818687e-23,0.0,45.0,-51.75,0.0,7,43.27721860561212,13.38
,-,NO_PATH,3.35654378e-19,0.0,29.99999999999999,-51.75,-2.987141537818687e-23,0.0,45.0,-51.75,0.0,7,43.27721860561212,13.4
,-,NO_PATH,1.19620571e-18,0.0,29.99999999999999,-51.75,-2.987141537818687e-23,0.0,45.0,-51.75,0.0,7,43.27721860561212,13.420000000000002
,-,NO_PATH,1.19620571e-18,0.0,29.99999999999999,-51.75,-2.987141537818687e-23,0.0,45.0,-51.75,0.0,7,43.27975752118901,13.440000000000001
,-,NO_PATH,6.09727663e-19,0.0,29.99999999999999,-51.75,-2.987141537818687e-23,0.0,45.0,-51.75,0.0,7,43.27975752118901,13.46
,-,NO_PATH,6.09727663e-19,0.0,29.99999999999999,-51.75,-2.987141537818687e-23,0.0,45.0,-51.75,0.0,7,43.27975752118901,13.48
,-,NO_PATH,3.79685888e-19,0.0,29.99999999999999,-51.75,-2.987141537818687e-23,0.0,45.0,-51.75,0.0,7,43.27975752118901,13.5
,-,NO_PATH,3.79685888e-19,0.0,29.99999999999999,-51.75,-2.987141537818687e-23,0.0,45.0,-51.75,0.0,7,43.27975752118901,13.520000000000001
,-,NO_PATH,1.06886929e-18,0.0,29.99999999999999,-51.75,-2.987141537818687e-23,0.0,45.0,-51.75,0.0,7,43.28143260907216,13.540000000000001
,-,NO_PATH,4.81147736e-19,0.0,29.99999999999999,-51.75,-2.987141537818687e-23,0.0,45.0,-51.75,0.0,7,43.28143260907216,13.56
,-,NO_PATH,5.62753232e-19,0.0,29.99999999999999,-51.75,-2.987141537818687e-23,0.0,45.0,-51.75,0.0,7,43.28143260907216,13.581000000000001
,-,NO_PATH,4.75790521e-19,0.0,29.99999999999999,-51.75,-2.987141537818687e-23,0.0,45.0,-51.75,0.0,7,43.28143260907216,13.600000000000001
,-,NO_PATH,5.24355862e-19,0.0,29.99999999999999,-51.75,-2.987141537818687e-23,0.0,45.0,-51.75,0.0,7,43.28143260907216,13.620000000000001
,-,NO_PATH,5.85348772e-19,0.0,29.99999999999999,-51.75,-2.987141537818687e-23,0.0,45.0,-51.75,0.0,7,43.28191158228811,13.641
,-,NO_PATH,5.85348772e-19,0.0,29.99999999999999,-51.75,-2.987141537818687e-23,0.0,45.0,-51.75,0.0,7,43.28191158228811,13.66
,-,NO_PATH,1.48577191e-19,0.0,29.99999999999999,-51.75,-2.987141537818687e-23,0.0,45.0,-51.75,0.0,7,43.28191158228811,13.680000000000001
,-,NO_PATH,1.48577191e-19,0.0,29.99999999999999,-51.75,-2.987141537818687e-23,0.0,45.0,-51.75,0.0,7,43.28191158228811,13.700000000000001
,-,NO_PATH,7.96424522e-20,0.0,29.99999999999999,-51.75,-2.987141537818687e-23,0.0,45.0,-51.75,0.0,7,43.283030571437784,13.72
,-,NO_PATH,7.96424522e-20,0.0,29.99999999999999,-51.75,-2.987141537818687e-23,0.0,45.0,-51.75,0.0,7,43.283030571437784,13.74
,-,NO_PATH,1.29388124e-19,0.0,29.99999999999999,-51.75,-2.987141537818687e-23,0.0,45.0,-51.75,0.0,7,43.283030571437784,13.760000000000002
,-,NO_PATH,6.63811412e-19,0.0,29.99999999999999,-51.75,-2.987141537818687e-23,0.0,45.0,-51.75,0.0,7,43.283030571437784,13.780000000000001
,-,NO_PATH,6.63811412e-19,0.0,29.99999999999999,-51.75,-2.987141537818687e-23,0.0,45.0,-51.75,0.0,7,43.283030571437784,13.8
,-,NO_PATH,1.21401531e-18,0.0,29.99999999999999,-51.75,-2.987141537818687e-23,0.0,45.0,-51.75,0.0,7,43.283030571437784,13.82
,-,NO_PATH,4.8555001e-19,0.0,29.99999999999999,-51.75,-2.987141537818687e-23,0.0,45.0,-51.75,0.0,7,43.28405143659623,13.840000000000002
,-,NO_PATH,4.69283627e-19,0.0,29.99999999999999,-51.75,-2.987141537818687e-23,0.0,45.0,-51.75,0.0,7,43.28405143659623,13.861
,-,NO_PATH,4.69283627e-19,0.0,29.99999999999999,-51.75,-2.987141537818687e-23,0.0,45.0,-51.75,0.0,7,43.28405143659623,13.88
,-,NO_PATH,5.41299856e-19,0.0,29.99999999999999,-51.75,-2.987141537818687e-23,0.0,45.0,-51.75,0.0,7,43.28405143659623,13.9
,-,NO_PATH,-8.27600709e-19,0.0,29.99999999999999,-51.75,-2.987141537818687e-23,0.0,45.0,-51.75,0.0,7,43.28405143659623,13.920000000000002
,-,NO_PATH,7.72739278e-19,0.0,29.99999999999999,-51.75,-2.987141537818687e-23,0.0,45.0,-51.75,0.0,7,43.28409137093095,13.940000000000001
,-,NO_PATH,7.72739278e-19,0.0,29.99999999999999,-51.75,-2.987141537818687e-23,0.0,45.0,-51.75,0.0,7,43.28409137093095,13.96
,-,NO_PATH,8.54360597e-19,0.0,29.99999999999999,-51.75,-2.987141537818687e-23,0.0,45.0,-51.75,0.0,7,43.28409137093095,13.98
,-,NO_PATH,1.75810187e-19,0.0,29.99999999999999,-51.75,-2.987141537818687e-23,0.0,45.0,-51.75,0.0,7,43.28409137093095,14.0
,-,NO_PATH,5.48835641e-19,0.0,29.99999999999999,-51.75,-2.987141537818687e-23,0.0,45.0,-51.75,0.0,7,43.28409137093095,14.020000000000001
,-,NO_PATH,5.48835641e-19,0.0,29.99999999999999,-51.75,-2.987141537818687e-23,0.0,45.0,-51.75,0.0,7,43.28343351592845,14.040000000000001
,-,NO_PATH,4.67405926e-19,0.0,29.99999999999999,-51.75,-2.987141537818687e-23,0.0,45.0,-51.75,0.0,7,43.28343351592845,14.06
,-,NO_PATH,4.67405926e-19,0.0,29.99999999999999,-51.75,-2.987141537818687e-23,0.0,45.0,-51.75,0.0,7,43.28343351592845,14.08
,-,NO_PATH,-1.88133381e-19,0.0,29.99999999999999,-51.75,-2.987141537818687e-23,0.0,45.0,-51.75,0.0,7,43.28343351592845,14.100000000000001
,-,NO_PATH,-1.88133381e-19,0.0,29.99999999999999,-51.75,-2.987141537818687e-23,0.0,45.0,-51.75,0.0,7,43.28343351592845,14.120000000000001
,-,NO_PATH,3.28322532e-19,0.0,29.99999999999999,-51.75,-2.987141537818687e-23,0.0,45.0,-51.75,0.0,7,43.28285428823518,14.14
,-,NO_PATH,3.28322532e-19,0.0,29.99999999999999,-51.75,-2.987141537818687e-23,0.0,45.0,-51.75,0.0,7,43.28285428823518,14.16
,-,NO_PATH,1.04830064e-18,0.0,29.99999999999999,-51.75,-2.987141537818687e-23,0.0,45.0,-51.75,0.0,7,43.28285428823518,14.180000000000001
,-,NO_PATH,4.07389867e-19,0.0,29.99999999999999,-51.75,-2.987141537818687e-23,0.0,45.0,-51.75,0.0,7,43.28285428823518,14.200000000000001
,-,NO_PATH,4.18525834e-19,0.0,29.99999999999999,-51.75,-2.987141537818687e-23,0.0,45.0,-51.75,0.0,7,43.28285428823518,14.22
,-,NO_PATH,2.92775766e-19,0.0,29.99999999999999,-51.75,-2.987141537818687e-23,0.0,45.0,-51.75,0.0,7,43.28362630676357,14.24
,-,NO_PATH,4.30339491e-19,0.0,29.99999999999999,-51.75,-2.987141537818687e-23,0.0,45.0,-51.75,0.0,7,43.28362630676357,14.260000000000002
,-,NO_PATH,4.30339491e-19,0.0,29.99999999999999,-51.75,-2.987141537818687e-23,0.0,45.0,-51.75,0.0,7,43.28362630676357,14.280000000000001
,-,NO_PATH,4.09133104e-19,0.0,29.99999999999999,-51.75,-2.987141537818687e-23,0.0,45.0,-51.75,0.0,7,43.28362630676357,14.3
,-,NO_PATH,3.22591473e-19,0.0,29.99999999999999,-51.75,-2.987141537818687e-23,0.0,45.0,-51.75,0.0,7,43.28362630676357,14.32
,-,NO_PATH,7.83338927e-19,0.0,29.99999999999999,-51.75,-2.987141537818687e-23,0.0,45.0,-51.75,0.0,7,43.28446759026929,14.340000000000002
,-,NO_PATH,7.83338927e-19,0.0,29.99999999999999,-51.75,-2.987141537818687e-23,0.0,45.0,-51.75,0.0,7,43.28446759026929,14.360000000000001
,-,NO_PATH,4.32263086e-19,0.0,29.99999999999999,-51.75,-2.987141537818687e-23,0.0,45.0,-51.75,0.0,7,43.28446759026929,14.38
,-,NO_PATH,1.07322146e-18,0.0,29.99999999999999,-51.75,-2.987141537818687e-23,0.0,45.0,-51.75,0.0,7,43.28446759026929,14.4
,-,NO_PATH,3.30329845e-19,0.0,29.99999999999999,-51.75,-2.987141537818687e-23,0.0,45.0,-51.75,0.0,7,43.28446759026929,14.421000000000001
,-,NO_PATH,9.7747668e-19,0.0,29.99999999999999,-51.75,-2.987141537818687e-23,0.0,45.0,-51.75,0.0,7,43.28443462218444,14.440000000000001
,-,NO_PATH,6.36976886e-19,0.0,29.99999999999999,-51.75,-2.987141537818687e-23,0.0,45.0,-51.75,0.0,7,43.28443462218444,14.46
,-,NO_PATH,4.84409104e-20,0.0,29.99999999999999,-51.75,-2.987141537818687e-23,0.0,45.0,-51.75,0.0,7,43.28443462218444,14.48
,-,NO_PATH,9.66999403e-19,0.0,29.99999999999999,-51.75,-2.987141537818687e-23,0.0,45.0,-51.75,0.0,7,43.28443462218444,14.500000000000002
,-,NO_PATH,9.66999403e-19,0.0,29.99999999999999,-51.75,-2.987141537818687e-23,0.0,45.0,-51.75,0.0,7,43.28443462218444,14.520000000000001
,-,NO_PATH,3.57730889e-19,0.0,29.99999999999999,-51.75,-2.987141537818687e-23,0.0,45.0,-51.75,0.0,7,43.28601168159083,14.540000000000001
,-,NO_PATH,3.57730889e-19,0.0,29.99999999999999,-51.75,-2.987141537818687e-23,0.0,45.0,-51.75,0.0,7,43.28601168159083,14.56
,-,NO_PATH,3.5446187e-19,0.0,29.99999999999999,-51.75,-2.987141537818687e-23,0.0,45.0,-51.75,0.0,7,43.28601168159083,14.58
,-,NO_PATH,1.7311835e-19,0.0,29.99999999999999,-51.75,-2.987141537818687e-23,0.0,45.0,-51.75,0.0,7,43.28601168159083,14.601
,-,NO_PATH,3.77609149e-19,0.0,29.99999999999999,-51.75,-2.987141537818687e-23,0.0,45.0,-51.75,0.0,7,43.28601168159083,14.620000000000001
,-,NO_PATH,3.77609149e-19,0.0,29.99999999999999,-51.75,-2.987141537818687e-23,0.0,45.0,-51.75,0.0,7,43.28661178410332,14.641000000000002
,-,NO_PATH,-1.7046238e-19,0.0,29.99999999999999,-51.75,-2.987141537818687e-23,0.0,45.0,-51.75,0.0,7,43.28661178410332,14.66
,-,NO_PATH,-1.7046238e-19,0.0,29.99999999999999,-51.75,-2.987141537818687e-23,0.0,45.0,-51.75,0.0,7,43.28661178410332,14.680000000000001
,-,NO_PATH,7.26533937e-19,0.0,29.99999999999999,-51.75,-2.987141537818687e-23,0.0,45.0,-51.75,0.0,7,43.28661178410332,14.700000000000001
,-,NO_PATH,7.26533937e-19,0.0,29.99999999999999,-51.75,-2.987141537818687e-23,0.0,45.0,-51.75,0.0,7,43.28661178410332,14.72
,-,NO_PATH,4.1114837e-19,0.0,29.99999999999999,-51.75,-2.987141537818687e-23,0.0,45.0,-51.75,0.0,7,43.28661178410332,14.74
,-,NO_PATH,4.1114837e-19,0.0,29.99999999999999,-51.75,-2.987141537818687e-23,0.0,45.0,-51.75,0.0,7,43.28700713284538,14.760000000000002
,-,NO_PATH,5.7311591e-19,0.0,29.99999999999999,-51.75,-2.987141537818687e-23,0.0,45.0,-51.75,0.0,7,43.28700713284538,14.780000000000001
,-,NO_PATH,1.13097313e-18,0.0,29.99999999999999,-51.75,-2.987141537818687e-23,0.0,45.0,-51.75,0.0,7,43.28700713284538,14.8
,-,NO_PATH,8.22978719e-19,0.0,29.99999999999999,-51.75,-2.987141537818687e-23,0.0,45.0,-51.75,0.0,7,43.28700713284538,14.82
,-,NO_PATH,8.22978719e-19,0.0,29.99999999999999,-51.75,-2.987141537818687e-23,0.0,45.0,-51.75,0.0,7,43.28557692893857,14.840000000000002
,-,NO_PATH,7.09871156e-19,0.0,29.99999999999999,-51.75,-2.987141537818687e-23,0.0,45.0,-51.75,0.0,7,43.28557692893857,14.860000000000001
,-,NO_PATH,7.09871156e-19,0.0,29.99999999999999,-51.75,-2.987141537818687e-23,0.0,45.0,-51.75,0.0,7,43.28557692893857,14.88
,-,NO_PATH,1.2158963e-18,0.0,29.99999999999999,-51.75,-2.987141537818687e-23,0.0,45.0,-51.75,0.0,7,43.28557692893857,14.9
,-,NO_PATH,1.06070081e-18,0.0,29.99999999999999,-51.75,-2.987141537818687e-23,0.0,45.0,-51.75,0.0,7,43.28557692893857,14.920000000000002
,-,NO_PATH,1.25980416e-18,0.0,29.99999999999999,-51.75,-2.987141537818687e-23,0.0,45.0,-51.75,0.0,7,43.2850540380172,14.940000000000001
,-,NO_PATH,1.25980416e-18,0.0,29.99999999999999,-51.75,-2.987141537818687e-23,0.0,45.0,-51.75,0.0,7,43.2850540380172,14.96
,-,NO_PATH,2.20348935e-19,0.0,29.99999999999999,-51.75,-2.987141537818687e-23,0.0,45.0,-51.75,0.0,7,43.2850540380172,14.98
,-,NO_PATH,2.20348935e-19,0.0,29.99999999999999,-51.75,-2.987141537818687e-23,0.0,45.0,-51.75,0.0,7,43.2850540380172,15.000000000000002
,-,NO_PATH,4.28853856e-19,0.0,29.99999999999999,-51.75,-2.987141537818687e-23,0.0,45.0,-51.75,0.0,7,43.2850540380172,15.020000000000001
,-,NO_PATH,6.70131479e-19,0.0,29.99999999999999,-51.75,-2.987141537818687e-23,0.0,45.0,-51.75,0.0,7,43.28653546700133,15.040000000000001
,-,NO_PATH,1.97932752e-19,0.0,29.99999999999999,-51.75,-2.987141537818687e-23,0.0,45.0,-51.75,0.0,7,43.28653546700133,15.06
,-,NO_PATH,4.91956703e-19,0.0,29.99999999999999,-51.75,-2.987141537818687e-23,0.0,45.0,-51.75,0.0,7,43.28653546700133,15.08
,-,NO_PATH,4.49079828e-19,0.0,29.99999999999999,-51.75,-2.987141537818687e-23,0.0,45.0,-51.75,0.0,7,43.28653546700133,15.101
,-,NO_PATH,5.56529243e-19,0.0,29.99999999999999,-51.75,-2.987141537818687e-23,0.0,45.0,-51.75,0.0,7,43.28653546700133,15.120000000000001
,-,NO_PATH,5.56529243e-19,0.0,29.99999999999999,-51.75,-2.987141537818687e-23,0.0,45.0,-51.75,0.0,7,43.2856770153664,15.14
,-,NO_PATH,1.16855906e-19,0.0,29.99999999999999,-51.75,-2.987141537818687e-23,0.0,45.0,-51.75,0.0,7,43.2856770153664,15.16
,-,NO_PATH,4.72553956e-19,0.0,29.99999999999999,-51.75,-2.987141537818687e-23,0.0,45.0,-51.75,0.0,7,43.2856770153664,15.180000000000001
,-,NO_PATH,4.72553956e-19,0.0,29.99999999999999,-51.75,-2.987141537818687e-23,0.0,45.0,-51.75,0.0,7,43.2856770153664,15.200000000000001
,-,NO_PATH,3.13363222e-19,0.0,29.99999999999999,-51.75,-2.987141537818687e-23,0.0,45.0,-51.75,0.0,7,43.2856770153664,15.221
,-,NO_PATH,3.13363222e-19,0.0,29.99999999999999,-51.75,-2.987141537818687e-23,0.0,45.0,-51.75,0.0,7,43.28558604091056,15.24
,-,NO_PATH,-2.83091865e-19,0.0,29.99999999999999,-51.75,-2.987141537818687e-23,0.0,45.0,-51.75,0.0,7,43.28558604091056,15.260000000000002
,-,NO_PATH,8.58527731e-20,0.0,29.99999999999999,-51.75,-2.987141537818687e-23,0.0,45.0,-51.75,0.0,7,43.28558604091056,15.281
,-,NO_PATH,8.58527731e-20,0.0,29.99999999999999,-51.75,-2.987141537818687e-23,0.0,45.0,-51.75,0.0,7,43.28558604091056,15.3
,-,NO_PATH,-1.14090581e-19,0.0,29.99999999999999,-51.75,-2.987141537818687e-23,0.0,45.0,-51.75,0.0,7,43.28558604091056,15.32
,-,NO_PATH,-1.14090581e-19,0.0,29.99999999999999,-51.75,-2.987141537818687e-23,0.0,45.0,-51.75,0.0,7,43.28558604091056,15.340000000000002
,-,NO_PATH,3.75903567e-19,0.0,29.99999999999999,-51.75,-2.987141537818687e-23,0.0,45.0,-51.75,0.0,7,43.28554088833471,15.360000000000001
,-,NO_PATH,1.13434056e-18,0.0,29.99999999999999,-51.75,-2.987141537818687e-23,0.0,45.0,-51.75,0.0,7,43.28554088833471,15.38
,-,NO_PATH,1.13434056e-18,0.0,29.99999999999999,-51.75,-2.987141537818687e-23,0.0,45.0,-51.75,0.0,7,43.28554088833471,15.4
,-,NO_PATH,1.17332899e-18,0.0,29.99999999999999,-51.75,-2.987141537818687e-23,0.0,45.0,-51.75,0.0,7,43.28554088833471,15.420000000000002
,-,NO_PATH,-1.33777706e-19,0.0,29.99999999999999,-51.75,-2.987141537818687e-23,0.0,45.0,-51.75,0.0,7,43.28612849290829,15.440000000000001
,-,NO_PATH,6.53476024e-19,0.0,29.99999999999999,-51.75,-2.987141537818687e-23,0.0,45.0,-51.75,0.0,7,43.28612849290829,15.461
,-,NO_PATH,5.00937378e-19,0.0,29.99999999999999,-51.75,-2.987141537818687e-23,0.0,45.0,-51.75,0.0,7,43.28612849290829,15.48
,-,NO_PATH,6.97294927e-19,0.0,29.99999999999999,-51.75,-2.987141537818687e-23,0.0,45.0,-51.75,0.0,7,43.28612849290829,15.500000000000002
,-,NO_PATH,3.3562498e-19,0.0,29.99999999999999,-51.75,-2.987141537818687e-23,0.0,45.0,-51.75,0.0,7,43.28612849290829,15.520000000000001
,-,NO_PATH,9.99932323e-19,0.0,29.99999999999999,-51.75,-2.987141537818687e-23,0.0,45.0,-51.75,0.0,7,43.286665100130435,15.540000000000001
,-,NO_PATH,-2.22550886e-20,0.0,29.99999999999999,-51.75,-2.987141537818687e-23,0.0,45.0,-51.75,0.0,7,43.286665100130435,15.561000000000002
,-,NO_PATH,3.20413352e-19,0.0,29.99999999999999,-51.75,-2.987141537818687e-23,0.0,45.0,-51.75,0.0,7,43.286665100130435,15.580000000000002
,-,NO_PATH,3.20413352e-19,0.0,29.99999999999999,-51.75,-2.987141537818687e-23,0.0,45.0,-51.75,0.0,7,43.286665100130435,15.600000000000001
,-,NO_PATH,-4.08026204e-19,0.0,29.99999999999999,-51.75,-2.987141537818687e-23,0.0,45.0,-51.75,0.0,7,43.286665100130435,15.620000000000001
,-,NO_PATH,2.35485475e-19,0.0,29.99999999999999,-51.75,-2.987141537818687e-23,0.0,45.0,-51.75,0.0,7,43.286665100130435,15.64
,-,NO_PATH,2.35485475e-19,0.0,29.99999999999999,-51.75,-2.987141537818687e-23,0.0,45.0,-51.75,0.0,7,43.28690352183132,15.66
,-,NO_PATH,1.516023e-18,0.0,29.99999999999999,-51.75,-2.987141537818687e-23,0.0,45.0,-51.75,0.0,7,43.28690352183132,15.680000000000001
,-,NO_PATH,1.516023e-18,0.0,29.99999999999999,-51.75,-2.987141537818687e-23,0.0,45.0,-51.75,0.0,7,43.28690352183132,15.700000000000001
,-,NO_PATH,7.41584474e-19,0.0,29.99999999999999,-51.75,-2.987141537818687e-23,0.0,45.0,-51.75,0.0,7,43.28690352183132,15.72
,-,NO_PATH,1.67197942e-19,0.0,29.99999999999999,-51.75,-2.987141537818687e-23,0.0,45.0,-51.75,0.0,7,43.28715134809635,15.74
,-,NO_PATH,5.92224735e-19,0.0,29.99999999999999,-51.75,-2.987141537818687e-23,0.0,45.0,-51.75,0.0,7,43.28715134809635,15.760000000000002
,-,NO_PATH,3.64991883e-19,0.0,29.99999999999999,-51.75,-2.987141537818687e-23,0.0,45.0,-51.75,0.0,7,43.28715134809635,15.780000000000001
,-,NO_PATH,1.96140574e-19,0.0,29.99999999999999,-51.75,-2.987141537818687e-23,0.0,45.0,-51.75,0.0,7,43.28715134809635,15.8
,-,NO_PATH,2.61226889e-19,0.0,29.99999999999999,-51.75,-2.987141537818687e-23,0.0,45.0,-51.75,0.0,7,43.28715134809635,15.82
,-,NO_PATH,7.60650003e-19,0.0,29.99999999999999,-51.75,-2.987141537818687e-23,0.0,45.0,-51.75,0.0,7,43.2849229481238,15.840000000000002
,-,NO_PATH,7.60650003e-19,0.0,29.99999999999999,-51.75,-2.987141537818687e-23,0.0,45.0,-51.75,0.0,7,43.2849229481238,15.860000000000001
,-,NO_PATH,7.3060146e-19,0.0,29.99999999999999,-51.75,-2.987141537818687e-23,0.0,45.0,-51.75,0.0,7,43.2849229481238,15.88
,-,NO_PATH,-3.5571308e-20,0.0,29.99999999999999,-51.75,-2.987141537818687e-23,0.0,45.0,-51.75,0.0,7,43.2849229481238,15.901000000000002
,-,NO_PATH,-3.95929949e-20,0.0,29.99999999999999,-51.75,-2.987141537818687e-23,0.0,45.0,-51.75,0.0,7,43.2849229481238,15.920000000000002
,-,NO_PATH,9.89569925e-19,0.0,29.99999999999999,-51.75,-2.987141537818687e-23,0.0,45.0,-51.75,0.0,7,43.28325280770641,15.940000000000001
,-,NO_PATH,1.2288219e-18,0.0,29.99999999999999,-51.75,-2.987141537818687e-23,0.0,45.0,-51.75,0.0,7,43.28325280770641,15.96
,-,NO_PATH,1.2288219e-18,0.0,29.99999999999999,-51.75,-2.987141537818687e-23,0.0,45.0,-51.75,0.0,7,43.28325280770641,15.98
,-,NO_PATH,9.52560019e-19,0.0,29.99999999999999,-51.75,-2.987141537818687e-23,0.0,45.0,-51.75,0.0,7,43.28325280770641,16.0
,-,NO_PATH,1.91455144e-19,0.0,29.99999999999999,-51.75,-2.987141537818687e-23,0.0,45.0,-51.75,0.0,7,43.28325280770641,16.02
,-,NO_PATH,2.20409536e-20,0.0,29.99999999999999,-51.75,-2.987141537818687e-23,0.0,45.0,-51.75,0.0,7,43.28476196673702,16.040000000000003
,-,NO_PATH,1.20740265e-18,0.0,29.99999999999999,-51.75,-2.987141537818687e-23,0.0,45.0,-51.75,0.0,7,43.28476196673702,16.060000000000002
,-,NO_PATH,1.20740265e-18,0.0,29.99999999999999,-51.75,-2.987141537818687e-23,0.0,45.0,-51.75,0.0,7,43.28476196673702,16.080000000000002
,-,NO_PATH,2.19921019e-19,0.0,29.99999999999999,-51.75,-2.987141537818687e-23,0.0,45.0,-51.75,0.0,7,43.28476196673702,16.1
,-,NO_PATH,2.19921019e-19,0.0,29.99999999999999,-51.75,-2.987141537818687e-23,0.0,45.0,-51.75,0.0,7,43.28476196673702,16.121000000000002
,-,NO_PATH,6.44208378e-19,0.0,29.99999999999999,-51.75,-2.987141537818687e-23,0.0,45.0,-51.75,0.0,7,43.285092476170384,16.14
,-,NO_PATH,6.44208378e-19,0.0,29.99999999999999,-51.75,-2.987141537818687e-23,0.0,45.0,-51.75,0.0,7,43.285092476170384,16.16
,-,NO_PATH,8.7168992e-19,0.0,29.99999999999999,-51.75,-2.987141537818687e-23,0.0,45.0,-51.75,0.0,7,43.285092476170384,16.18
,-,NO_PATH,1.51166926e-19,0.0,29.99999999999999,-51.75,-2.987141537818687e-23,0.0,45.0,-51.75,0.0,7,43.285092476170384,16.2
,-,NO_PATH,1.15220462e-18,0.0,29.99999999999999,-51.75,-2.987141537818687e-23,0.0,45.0,-51.75,0.0,7,43.285092476170384,16.221
,-,NO_PATH,1.15220462e-18,0.0,29.99999999999999,-51.75,-2.987141537818687e-23,0.0,45.0,-51.75,0.0,7,43.28383959057633,16.240000000000002
,-,NO_PATH,4.20458841e-19,0.0,29.99999999999999,-51.75,-2.987141537818687e-23,0.0,45.0,-51.75,0.0,7,43.28383959057633,16.26
,-,NO_PATH,9.02910794e-19,0.0,29.99999999999999,-51.75,-2.987141537818687e-23,0.0,45.0,-51.75,0.0,7,43.28383959057633,16.28
,-,NO_PATH,6.90137216e-19,0.0,29.99999999999999,-51.75,-2.987141537818687e-23,0.0,45.0,-51.75,0.0,7,43.28383959057633,16.3
,-,NO_PATH,7.53249624e-20,0.0,29.99999999999999,-51.75,-2.987141537818687e-23,0.0,45.0,-51.75,0.0,7,43.28383959057633,16.32
,-,NO_PATH,7.53249624e-20,0.0,29.99999999999999,-51.75,-2.987141537818687e-23,0.0,45.0,-51.75,0.0,7,43.28383959057633,16.34
,-,NO_PATH,1.06808081e-18,0.0,29.99999999999999,-51.75,-2.987141537818687e-23,0.0,45.0,-51.75,0.0,7,43.28416989602791,16.36
,-,NO_PATH,5.67050025e-19,0.0,29.99999999999999,-51.75,-2.987141537818687e-23,0.0,45.0,-51.75,0.0,7,43.28416989602791,16.380000000000003
,-,NO_PATH,5.39582807e-19,0.0,29.99999999999999,-51.75,-2.987141537818687e-23,0.0,45.0,-51.75,0.0,7,43.28416989602791,16.400000000000002
,-,NO_PATH,7.26599586e-19,0.0,29.99999999999999,-51.75,-2.987141537818687e-23,0.0,45.0,-51.75,0.0,7,43.28416989602791,16.42
,-,NO_PATH,5.12644428e-19,0.0,29.99999999999999,-51.75,-2.987141537818687e-23,0.0,45.0,-51.75,0.0,7,43.28416989602791,16.44
,-,NO_PATH,3.34400826e-19,0.0,29.99999999999999,-51.75,-2.987141537818687e-23,0.0,45.0,-51.75,0.0,7,43.28519294366773,16.46
,-,NO_PATH,8.94701545e-19,0.0,29.99999999999999,-51.75,-2.987141537818687e-23,0.0,45.0,-51.75,0.0,7,43.28519294366773,16.48
,-,NO_PATH,3.27662522e-19,0.0,29.99999999999999,-51.75,-2.987141537818687e-23,0.0,45.0,-51.75,0.0,7,43.28519294366773,16.501
,-,NO_PATH,3.27662522e-19,0.0,29.99999999999999,-51.75,-2.987141537818687e-23,0.0,45.0,-51.75,0.0,7,43.28519294366773,16.52
,-,NO_PATH,6.23379853e-19,0.0,29.99999999999999,-51.75,-2.987141537818687e-23,0.0,45.0,-51.75,0.0,7,43.285288880575266,16.540000000000003
,-,NO_PATH,1.02075898e-18,0.0,29.99999999999999,-51.75,-2.987141537818687e-23,0.0,45.0,-51.75,0.0,7,43.285288880575266,16.560000000000002
,-,NO_PATH,1.02075898e-18,0.0,29.99999999999999,-51.75,-2.987141537818687e-23,0.0,45.0,-51.75,0.0,7,43.285288880575266,16.580000000000002
,-,NO_PATH,9.89901468e-19,0.0,29.99999999999999,-51.75,-2.987141537818687e-23,0.0,45.0,-51.75,0.0,7,43.285288880575266,16.6
,-,NO_PATH,6.68650483e-19,0.0,29.99999999999999,-51.75,-2.987141537818687e-23,0.0,45.0,-51.75,0.0,7,43.285288880575266,16.62
,-,NO_PATH,7.10729296e-19,0.0,29.99999999999999,-51.75,-2.987141537818687e-23,0.0,45.0,-51.75,0.0,7,43.28301488790799,16.64
,-,NO_PATH,3.4139213e-19,0.0,29.99999999999999,-51.75,-2.987141537818687e-23,0.0,45.0,-51.75,0.0,7,43.28301488790799,16.66
,-,NO_PATH,3.4139213e-19,0.0,29.99999999999999,-51.75,-2.987141537818687e-23,0.0,45.0,-51.75,0.0,7,43.28301488790799,16.68
,-,NO_PATH,8.77774734e-19,0.0,29.99999999999999,-51.75,-2.987141537818687e-23,0.0,45.0,-51.75,0.0,7,43.28301488790799,16.7
,-,NO_PATH,3.53875248e-19,0.0,29.99999999999999,-51.75,-2.987141537818687e-23,0.0,45.0,-51.75,0.0,7,43.28301488790799,16.720000000000002
,-,NO_PATH,3.53875248e-19,0.0,29.99999999999999,-51.75,-2.987141537818687e-23,0.0,45.0,-51.75,0.0,7,43.28301488790799,16.740000000000002
,-,NO_PATH,-1.24468162e-19,0.0,29.99999999999999,-51.75,-2.987141537818687e-23,0.0,45.0,-51.75,0.0,7,43.28354378406951,16.76
,-,NO_PATH,2.4245767e-19,0.0,29.99999999999999,-51.75,-2.987141537818687e-23,0.0,45.0,-51.75,0.0,7,43.28354378406951,16.78
,-,NO_PATH,7.82922787e-19,0.0,29.99999999999999,-51.75,-2.987141537818687e-23,0.0,45.0,-51.75,0.0,7,43.28354378406951,16.801000000000002
,-,NO_PATH,1.05422856e-18,0.0,29.99999999999999,-51.75,-2.987141537818687e-23,0.0,45.0,-51.75,0.0,7,43.28354378406951,16.82
,-,NO_PATH,-6.69637737e-19,0.0,29.99999999999999,-51.75,-2.987141537818687e-23,0.0,45.0,-51.75,0.0,7,43.28486441151633,16.84
,-,NO_PATH,-6.69637737e-19,0.0,29.99999999999999,-51.75,-2.987141537818687e-23,0.0,45.0,-51.75,0.0,7,43.28486441151633,16.86
,-,NO_PATH,8.98546817e-19,0.0,29.99999999999999,-51.75,-2.987141537818687e-23,0.0,45.0,-51.75,0.0,7,43.28486441151633,16.881
,-,NO_PATH,8.63595342e-19,0.0,29.99999999999999,-51.75,-2.987141537818687e-23,0.0,45.0,-51.75,0.0,7,43.28486441151633,16.901
,-,NO_PATH,8.63595342e-19,0.0,29.99999999999999,-51.75,-2.987141537818687e-23,0.0,45.0,-51.75,0.0,7,43.28486441151633,16.92
,-,NO_PATH,6.35405983e-19,0.0,29.99999999999999,-51.75,-2.987141537818687e-23,0.0,45.0,-51.75,0.0,7,43.28486441151633,16.94
,-,NO_PATH,6.35405983e-19,0.0,29.99999999999999,-51.75,-2.987141537818687e-23,0.0,45.0,-51.75,0.0,7,43.28535670170299,16.96
,-,NO_PATH,7.53590444e-19,0.0,29.99999999999999,-51.75,-2.987141537818687e-23,0.0,45.0,-51.75,0.0,7,43.28535670170299,16.98
,-,NO_PATH,7.53590444e-19,0.0,29.99999999999999,-51.75,-2.987141537818687e-23,0.0,45.0,-51.75,0.0,7,43.28535670170299,17.0
,-,NO_PATH,7.53151335e-19,0.0,29.99999999999999,-51.75,-2.987141537818687e-23,0.0,45.0,-51.75,0.0,7,43.28535670170299,17.02
,-,NO_PATH,2.44810417e-19,0.0,29.99999999999999,-51.75,-2.987141537818687e-23,0.0,45.0,-51.75,0.0,7,43.28484100221714,17.040000000000003
,-,NO_PATH,6.72547677e-19,0.0,29.99999999999999,-51.75,-2.987141537818687e-23,0.0,45.0,-51.75,0.0,7,43.28484100221714,17.060000000000002
,-,NO_PATH,6.12409276e-19,0.0,29.99999999999999,-51.75,-2.987141537818687e-23,0.0,45.0,-51.75,0.0,7,43.28484100221714,17.080000000000002
,-,NO_PATH,2.59564851e-19,0.0,29.99999999999999,-51.75,-2.987141537818687e-23,0.0,45.0,-51.75,0.0,7,43.28484100221714,17.1
,-,NO_PATH,8.15761961e-19,0.0,29.99999999999999,-51.75,-2.987141537818687e-23,0.0,45.0,-51.75,0.0,7,43.28484100221714,17.12
,-,NO_PATH,8.15761961e-19,0.0,29.99999999999999,-51.75,-2.987141537818687e-23,0.0,45.0,-51.75,0.0,7,43.284445135644596,17.14
,-,NO_PATH,5.83150349e-19,0.0,29.99999999999999,-51.75,-2.987141537818687e-23,0.0,45.0,-51.75,0.0,7,43.284445135644596,17.16
,-,NO_PATH,1.04121586e-18,0.0,29.99999999999999,-51.75,-2.987141537818687e-23,0.0,45.0,-51.75,0.0,7,43.284445135644596,17.18
,-,NO_PATH,1.04121586e-18,0.0,29.99999999999999,-51.75,-2.987141537818687e-23,0.0,45.0,-51.75,0.0,7,43.284445135644596,17.200000000000003
,-,NO_PATH,2.95577126e-19,0.0,29.99999999999999,-51.75,-2.987141537818687e-23,0.0,45.0,-51.75,0.0,7,43.284445135644596,17.220000000000002
,-,NO_PATH,2.95577126e-19,0.0,29.99999999999999,-51.75,-2.987141537818687e-23,0.0,45.0,-51.75,0.0,7,43.28476648058121,17.240000000000002
,-,NO_PATH,3.1126983e-19,0.0,29.99999999999999,-51.75,-2.987141537818687e-23,0.0,45.0,-51.75,0.0,7,43.28476648058121,17.26
,-,NO_PATH,3.1126983e-19,0.0,29.99999999999999,-51.75,-2.987141537818687e-23,0.0,45.0,-51.75,0.0,7,43.28476648058121,17.28
,-,NO_PATH,2.72838832e-20,0.0,29.99999999999999,-51.75,-2.987141537818687e-23,0.0,45.0,-51.75,0.0,7,43.28476648058121,17.301000000000002
,-,NO_PATH,-2.978434e-19,0.0,29.99999999999999,-51.75,-2.987141537818687e-23,0.0,45.0,-51.75,0.0,7,43.28476648058121,17.32
,-,NO_PATH,1.06104853e-18,0.0,29.99999999999999,-51.75,-2.987141537818687e-23,0.0,45.0,-51.75,0.0,7,43.28494567080468,17.34
,-,NO_PATH,1.40355673e-18,0.0,29.99999999999999,-51.75,-2.987141537818687e-23,0.0,45.0,-51.75,0.0,7,43.28494567080468,17.36
,-,NO_PATH,7.69650577e-19,0.0,29.99999999999999,-51.75,-2.987141537818687e-23,0.0,45.0,-51.75,0.0,7,43.28494567080468,17.380000000000003
,-,NO_PATH,2.75381493e-19,0.0,29.99999999999999,-51.75,-2.987141537818687e-23,0.0,45.0,-51.75,0.0,7,43.28494567080468,17.400000000000002
,-,NO_PATH,2.75381493e-19,0.0,29.99999999999999,-51.75,-2.987141537818687e-23,0.0,45.0,-51.75,0.0,7,43.28494567080468,17.42
,-,NO_PATH,4.23300122e-19,0.0,29.99999999999999,-51.75,-2.987141537818687e-23,0.0,45.0,-51.75,0.0,7,43.28453760018529,17.44
,-,NO_PATH,9.21780158e-19,0.0,29.99999999999999,-51.75,-2.987141537818687e-23,0.0,45.0,-51.75,0.0,7,43.28453760018529,17.46
,-,NO_PATH,9.21780158e-19,0.0,29.99999999999999,-51.75,-2.987141537818687e-23,0.0,45.0,-51.75,0.0,7,43.28453760018529,17.48
,-,NO_PATH,7.83889869e-19,0.0,29.99999999999999,-51.75,-2.987141537818687e-23,0.0,45.0,-51.75,0.0,7,43.28453760018529,17.5
,-,NO_PATH,-2.60938711e-19,0.0,29.99999999999999,-51.75,-2.987141537818687e-23,0.0,45.0,-51.75,0.0,7,43.28453760018529,17.521
,-,NO_PATH,2.38438023e-19,0.0,29.99999999999999,-51.75,-2.987141537818687e-23,0.0,45.0,-51.75,0.0,7,43.28424983167212,17.540000000000003
,-,NO_PATH,2.38438023e-19,0.0,29.99999999999999,-51.75,-2.987141537818687e-23,0.0,45.0,-51.75,0.0,7,43.28424983167212,17.560000000000002
,-,NO_PATH,6.26605808e-20,0.0,29.99999999999999,-51.75,-2.987141537818687e-23,0.0,45.0,-51.75,0.0,7,43.28424983167212,17.580000000000002
,-,NO_PATH,4.47762628e-19,0.0,29.99999999999999,-51.75,-2.987141537818687e-23,0.0,45.0,-51.75,0.0,7,43.28424983167212,17.601000000000003
,-,NO_PATH,4.47762628e-19,0.0,29.99999999999999,-51.75,-2.987141537818687e-23,0.0,45.0,-51.75,0.0,7,43.28424983167212,17.62
,-,NO_PATH,7.58851568e-19,0.0,29.99999999999999,-51.75,-2.987141537818687e-23,0.0,45.0,-51.75,0.0,7,43.28424983167212,17.64
,-,NO_PATH,1.11516613e-18,0.0,29.99999999999999,-51.75,-2.987141537818687e-23,0.0,45.0,-51.75,0.0,7,43.283752344928864,17.66
,-,NO_PATH,1.12312463e-18,0.0,29.99999999999999,-51.75,-2.987141537818687e-23,0.0,45.0,-51.75,0.0,7,43.283752344928864,17.68
,-,NO_PATH,9.86668281e-19,0.0,29.99999999999999,-51.75,-2.987141537818687e-23,0.0,45.0,-51.75,0.0,7,43.283752344928864,17.700000000000003
,-,NO_PATH,2.62579548e-19,0.0,29.99999999999999,-51.75,-2.987141537818687e-23,0.0,45.0,-51.75,0.0,7,43.283752344928864,17.720000000000002
,-,NO_PATH,9.95852041e-19,0.0,29.99999999999999,-51.75,-2.987141537818687e-23,0.0,45.0,-51.75,0.0,7,43.28382969202175,17.740000000000002
,-,NO_PATH,9.95852041e-19,0.0,29.99999999999999,-51.75,-2.987141537818687e-23,0.0,45.0,-51.75,0.0,7,43.28382969202175,17.76
,-,NO_PATH,2.85991994e-19,0.0,29.99999999999999,-51.75,-2.987141537818687e-23,0.0,45.0,-51.75,0.0,7,43.28382969202175,17.78
,-,NO_PATH,2.85991994e-19,0.0,29.99999999999999,-51.75,-2.987141537818687e-23,0.0,45.0,-51.75,0.0,7,43.28382969202175,17.8
,-,NO_PATH,3.16682183e-19,0.0,29.99999999999999,-51.75,-2.987141537818687e-23,0.0,45.0,-51.75,0.0,7,43.28382969202175,17.82
,-,NO_PATH,-4.31489327e-19,0.0,29.99999999999999,-51.75,-2.987141537818687e-23,0.0,45.0,-51.75,0.0,7,43.28377121246082,17.84
,-,NO_PATH,8.61860871e-19,0.0,29.99999999999999,-51.75,-2.987141537818687e-23,0.0,45.0,-51.75,0.0,7,43.28377121246082,17.86
,-,NO_PATH,-1.1454639e-19,0.0,29.99999999999999,-51.75,-2.987141537818687e-23,0.0,45.0,-51.75,0.0,7,43.28377121246082,17.880000000000003
,-,NO_PATH,-1.1454639e-19,0.0,29.99999999999999,-51.75,-2.987141537818687e-23,0.0,45.0,-51.75,0.0,7,43.28377121246082,17.900000000000002
,-,NO_PATH,3.01921244e-19,0.0,29.99999999999999,-51.75,-2.987141537818687e-23,0.0,45.0,-51.75,0.0,7,43.28377121246082,17.92
,-,NO_PATH,6.54670854e-19,0.0,29.99999999999999,-51.75,-2.987141537818687e-23,0.0,45.0,-51.75,0.0,7,43.28377121246082,17.94
,-,NO_PATH,6.54670854e-19,0.0,29.99999999999999,-51.75,-2.987141537818687e-23,0.0,45.0,-51.75,0.0,7,43.283031710021106,17.96
,-,NO_PATH,-2.40211087e-19,0.0,29.99999999999999,-51.75,-2.987141537818687e-23,0.0,45.0,-51.75,0.0,7,43.283031710021106,17.98
,-,NO_PATH,-3.42886752e-20,0.0,29.99999999999999,-51.75,-2.987141537818687e-23,0.0,45.0,-51.75,0.0,7,43.283031710021106,18.0
,-,NO_PATH,6.88283725e-19,0.0,29.99999999999999,-51.75,-2.987141537818687e-23,0.0,45.0,-51.75,0.0,7,43.283031710021106,18.02
,-,NO_PATH,6.88283725e-19,0.0,29.99999999999999,-51.75,-2.987141537818687e-23,0.0,45.0,-51.75,0.0,7,43.283031710021106,18.041
,-,NO_PATH,1.55249619e-20,0.0,29.99999999999999,-51.75,-2.987141537818687e-23,0.0,45.0,-51.75,0.0,7,43.282776489252335,18.060000000000002
,-,NO_PATH,1.48318594e-19,0.0,29.99999999999999,-51.75,-2.987141537818687e-23,0.0,45.0,-51.75,0.0,7,43.282776489252335,18.080000000000002
,-,NO_PATH,1.48318594e-19,0.0,29.99999999999999,-51.75,-2.987141537818687e-23,0.0,45.0,-51.75,0.0,7,43.282776489252335,18.1
,-,NO_PATH,4.39926173e-19,0.0,29.99999999999999,-51.75,-2.987141537818687e-23,0.0,45.0,-51.75,0.0,7,43.282776489252335,18.12
,-,NO_PATH,5.27833022e-19,0.0,29.99999999999999,-51.75,-2.987141537818687e-23,0.0,45.0,-51.75,0.0,7,43.282776489252335,18.14
,-,NO_PATH,2.5989002e-19,0.0,29.99999999999999,-51.75,-2.987141537818687e-23,0.0,45.0,-51.75,0.0,7,43.28446606909785,18.16
,-,NO_PATH,-4.99772017e-19,0.0,29.99999999999999,-51.75,-2.987141537818687e-23,0.0,45.0,-51.75,0.0,7,43.28446606909785,18.18
,-,NO_PATH,5.68748667e-20,0.0,29.99999999999999,-51.75,-2.987141537818687e-23,0.0,45.0,-51.75,0.0,7,43.28446606909785,18.200000000000003
,-,NO_PATH,5.68748667e-20,0.0,29.99999999999999,-51.75,-2.987141537818687e-23,0.0,45.0,-51.75,0.0,7,43.28446606909785,18.220000000000002
,-,NO_PATH,5.15828433e-19,0.0,29.99999999999999,-51.75,-2.987141537818687e-23,0.0,45.0,-51.75,0.0,7,43.28537212871548,18.240000000000002
,-,NO_PATH,5.15828433e-19,0.0,29.99999999999999,-51.75,-2.987141537818687e-23,0.0,45.0,-51.75,0.0,7,43.28537212871548,18.26
,-,NO_PATH,5.03819768e-20,0.0,29.99999999999999,-51.75,-2.987141537818687e-23,0.0,45.0,-51.75,0.0,7,43.28537212871548,18.28
,-,NO_PATH,5.03819768e-20,0.0,29.99999999999999,-51.75,-2.987141537818687e-23,0.0,45.0,-51.75,0.0,7,43.28537212871548,18.3
,-,NO_PATH,4.87373819e-19,0.0,29.99999999999999,-51.75,-2.987141537818687e-23,0.0,45.0,-51.75,0.0,7,43.28537212871548,18.32
,-,NO_PATH,5.89399074e-19,0.0,29.99999999999999,-51.75,-2.987141537818687e-23,0.0,45.0,-51.75,0.0,7,43.285458415637166,18.34
,-,NO_PATH,3.20273796e-19,0.0,29.99999999999999,-51.75,-2.987141537818687e-23,0.0,45.0,-51.75,0.0,7,43.285458415637166,18.36
,-,NO_PATH,5.09146365e-19,0.0,29.99999999999999,-51.75,-2.987141537818687e-23,0.0,45.0,-51.75,0.0,7,43.285458415637166,18.380000000000003
,-,NO_PATH,3.21161247e-19,0.0,29.99999999999999,-51.75,-2.987141537818687e-23,0.0,45.0,-51.75,0.0,7,43.285458415637166,18.400000000000002
,-,NO_PATH,-6.91534403e-20,0.0,29.99999999999999,-51.75,-2.987141537818687e-23,0.0,45.0,-51.75,0.0,7,43.285458415637166,18.42
,-,NO_PATH,2.72479053e-19,0.0,29.99999999999999,-51.75,-2.987141537818687e-23,0.0,45.0,-51.75,0.0,7,43.28648320874762,18.44
,-,NO_PATH,2.72479053e-19,0.0,29.99999999999999,-51.75,-2.987141537818687e-23,0.0,45.0,-51.75,0.0,7,43.28648320874762,18.46
,-,NO_PATH,-2.07483279e-19,0.0,29.99999999999999,-51.75,-2.987141537818687e-23,0.0,45.0,-51.75,0.0,7,43.28648320874762,18.48
,-,NO_PATH,8.45447053e-19,0.0,29.99999999999999,-51.75,-2.987141537818687e-23,0.0,45.0,-51.75,0.0,7,43.28648320874762,18.5
,-,NO_PATH,9.422983e-19,0.0,29.99999999999999,-51.75,-2.987141537818687e-23,0.0,45.0,-51.75,0.0,7,43.28648320874762,18.52
,-,NO_PATH,5.80262341e-19,0.0,29.99999999999999,-51.75,-2.987141537818687e-23,0.0,45.0,-51.75,0.0,7,43.28648320874762,18.540000000000003
,-,NO_PATH,5.80262341e-19,0.0,29.99999999999999,-51.75,-2.987141537818687e-23,0.0,45.0,-51.75,0.0,7,43.28608471517866,18.560000000000002
,-,NO_PATH,3.40103823e-19,0.0,29.99999999999999,-51.75,-2.987141537818687e-23,0.0,45.0,-51.75,0.0,7,43.28608471517866,18.580000000000002
,-,NO_PATH,-4.93563208e-20,0.0,29.99999999999999,-51.75,-2.987141537818687e-23,0.0,45.0,-51.75,0.0,7,43.28608471517866,18.6
,-,NO_PATH,-4.93563208e-20,0.0,29.99999999999999,-51.75,-2.987141537818687e-23,0.0,45.0,-51.75,0.0,7,43.28608471517866,18.62
,-,NO_PATH,2.41234848e-19,0.0,29.99999999999999,-51.75,-2.987141537818687e-23,0.0,45.0,-51.75,0.0,7,43.28608471517866,18.64
,-,NO_PATH,-1.37816709e-19,0.0,29.99999999999999,-51.75,-2.987141537818687e-23,0.0,45.0,-51.75,0.0,7,43.286299039354276,18.66
,-,NO_PATH,5.12025391e-19,0.0,29.99999999999999,-51.75,-2.987141537818687e-23,0.0,45.0,-51.75,0.0,7,43.286299039354276,18.68
,-,NO_PATH,6.69963044e-19,0.0,29.99999999999999,-51.75,-2.987141537818687e-23,0.0,45.0,-51.75,0.0,7,43.286299039354276,18.700000000000003
,-,NO_PATH,6.69963044e-19,0.0,29.99999999999999,-51.75,-2.987141537818687e-23,0.0,45.0,-51.75,0.0,7,43.286299039354276,18.720000000000002
,-,NO_PATH,4.96096081e-19,0.0,29.99999999999999,-51.75,-2.987141537818687e-23,0.0,45.0,-51.75,0.0,7,43.28541560096179,18.740000000000002
,-,NO_PATH,4.96096081e-19,0.0,29.99999999999999,-51.75,-2.987141537818687e-23,0.0,45.0,-51.75,0.0,7,43.28541560096179,18.76
,-,NO_PATH,3.81905957e-19,0.0,29.99999999999999,-51.75,-2.987141537818687e-23,0.0,45.0,-51.75,0.0,7,43.28541560096179,18.78
,-,NO_PATH,3.81905957e-19,0.0,29.99999999999999,-51.75,-2.987141537818687e-23,0.0,45.0,-51.75,0.0,7,43.28541560096179,18.8
,-,NO_PATH,4.75609241e-19,0.0,29.99999999999999,-51.75,-2.987141537818687e-23,0.0,45.0,-51.75,0.0,7,43.285595873712744,18.82
,-,NO_PATH,4.75609241e-19,0.0,29.99999999999999,-51.75,-2.987141537818687e-23,0.0,45.0,-51.75,0.0,7,43.285595873712744,18.84
,-,NO_PATH,-3.90942941e-19,0.0,29.99999999999999,-51.75,-2.987141537818687e-23,0.0,45.0,-51.75,0.0,7,43.285595873712744,18.86
,-,NO_PATH,1.10773767e-18,0.0,29.99999999999999,-51.75,-2.987141537818687e-23,0.0,45.0,-51.75,0.0,7,43.285595873712744,18.880000000000003
,-,NO_PATH,1.10773767e-18,0.0,29.99999999999999,-51.75,-2.987141537818687e-23,0.0,45.0,-51.75,0.0,7,43.285595873712744,18.900000000000002
,-,NO_PATH,7.19972705e-19,0.0,29.99999999999999,-51.75,-2.987141537818687e-23,0.0,45.0,-51.75,0.0,7,43.285595873712744,18.92
,-,NO_PATH,-2.0917786e-19,0.0,29.99999999999999,-51.75,-2.987141537818687e-23,0.0,45.0,-51.75,0.0,7,43.287157055261375,18.94
,-,NO_PATH,2.46317811e-20,0.0,29.99999999999999,-51.75,-2.987141537818687e-23,0.0,45.0,-51.75,0.0,7,43.287157055261375,18.96
,-,NO_PATH,2.46317811e-20,0.0,29.99999999999999,-51.75,-2.987141537818687e-23,0.0,45.0,-51.75,0.0,7,43.287157055261375,18.98
,-,NO_PATH,1.86823608e-19,0.0,29.99999999999999,-51.75,-2.987141537818687e-23,0.0,45.0,-51.75,0.0,7,43.287157055261375,19.0
,-,NO_PATH,3.1057831e-19,0.0,29.99999999999999,-51.75,-2.987141537818687e-23,0.0,45.0,-51.75,0.0,7,43.287157055261375,19.02
,-,NO_PATH,4.07449299e-19,0.0,29.99999999999999,-51.75,-2.987141537818687e-23,0.0,45.0,-51.75,0.0,7,43.287316479415075,19.040000000000003
,-,NO_PATH,1.21970881e-18,0.0,29.99999999999999,-51.75,-2.987141537818687e-23,0.0,45.0,-51.75,0.0,7,43.287316479415075,19.060000000000002
,-,NO_PATH,1.21982949e-19,0.0,29.99999999999999,-51.75,-2.987141537818687e-23,0.0,45.0,-51.75,0.0,7,43.287316479415075,19.080000000000002
,-,NO_PATH,9.80458383e-19,0.0,29.99999999999999,-51.75,-2.987141537818687e-23,0.0,45.0,-51.75,0.0,7,43.287316479415075,19.1
,-,NO_PATH,9.80458383e-19,0.0,29.99999999999999,-51.75,-2.987141537818687e-23,0.0,45.0,-51.75,0.0,7,43.287316479415075,19.12
,-,NO_PATH,3.78061472e-19,0.0,29.99999999999999,-51.75,-2.987141537818687e-23,0.0,45.0,-51.75,0.0,7,43.287316479415075,19.14
,-,NO_PATH,3.78061472e-19,0.0,29.99999999999999,-51.75,-2.987141537818687e-23,0.0,45.0,-51.75,0.0,7,43.28486143986689,19.16
,-,NO_PATH,6.60608231e-19,0.0,29.99999999999999,-51.75,-2.987141537818687e-23,0.0,45.0,-51.75,0.0,7,43.28486143986689,19.18
,-,NO_PATH,1.03856472e-18,0.0,29.99999999999999,-51.75,-2.987141537818687e-23,0.0,45.0,-51.75,0.0,7,43.28486143986689,19.200000000000003
,-,NO_PATH,2.92540029e-19,0.0,29.99999999999999,-51.75,-2.987141537818687e-23,0.0,45.0,-51.75,0.0,7,43.28486143986689,19.220000000000002
,-,NO_PATH,2.92540029e-19,0.0,29.99999999999999,-51.75,-2.987141537818687e-23,0.0,45.0,-51.75,0.0,7,43.282350156614385,19.240000000000002
,-,NO_PATH,6.9011352e-19,0.0,29.99999999999999,-51.75,-2.987141537818687e-23,0.0,45.0,-51.75,0.0,7,43.282350156614385,19.26
,-,NO_PATH,6.9011352e-19,0.0,29.99999999999999,-51.75,-2.987141537818687e-23,0.0,45.0,-51.75,0.0,7,43.282350156614385,19.28
,-,NO_PATH,2.7894193e-19,0.0,29.99999999999999,-51.75,-2.987141537818687e-23,0.0,45.0,-51.75,0.0,7,43.282350156614385,19.301000000000002
,-,NO_PATH,2.72594298e-19,0.0,29.99999999999999,-51.75,-2.987141537818687e-23,0.0,45.0,-51.75,0.0,7,43.282350156614385,19.32
,-,NO_PATH,2.72594298e-19,0.0,29.99999999999999,-51.75,-2.987141537818687e-23,0.0,45.0,-51.75,0.0,7,43.28079052330773,19.34
,-,NO_PATH,7.46609134e-19,0.0,29.99999999999999,-51.75,-2.987141537818687e-23,0.0,45.0,-51.75,0.0,7,43.28079052330773,19.36
,-,NO_PATH,6.1613942e-19,0.0,29.99999999999999,-51.75,-2.987141537818687e-23,0.0,45.0,-51.75,0.0,7,43.28079052330773,19.380000000000003
,-,NO_PATH,6.1613942e-19,0.0,29.99999999999999,-51.75,-2.987141537818687e-23,0.0,45.0,-51.75,0.0,7,43.28079052330773,19.400000000000002
,-,NO_PATH,3.01240504e-19,0.0,29.99999999999999,-51.75,-2.987141537818687e-23,0.0,45.0,-51.75,0.0,7,43.28079052330773,19.42
,-,NO_PATH,2.03560427e-19,0.0,29.99999999999999,-51.75,-2.987141537818687e-23,0.0,45.0,-51.75,0.0,7,43.28176969304186,19.44
,-,NO_PATH,3.5955072e-19,0.0,29.99999999999999,-51.75,-2.987141537818687e-23,0.0,45.0,-51.75,0.0,7,43.28176969304186,19.46
,-,NO_PATH,3.5955072e-19,0.0,29.99999999999999,-51.75,-2.987141537818687e-23,0.0,45.0,-51.75,0.0,7,43.28176969304186,19.48
,-,NO_PATH,6.8914586e-19,0.0,29.99999999999999,-51.75,-2.987141537818687e-23,0.0,45.0,-51.75,0.0,7,43.28176969304186,19.5
,-,NO_PATH,6.8914586e-19,0.0,29.99999999999999,-51.75,-2.987141537818687e-23,0.0,45.0,-51.75,0.0,7,43.28176969304186,19.52
,-,NO_PATH,6.61613102e-19,0.0,29.99999999999999,-51.75,-2.987141537818687e-23,0.0,45.0,-51.75,0.0,7,43.282969250571725,19.540000000000003
,-,NO_PATH,3.02112324e-19,0.0,29.99999999999999,-51.75,-2.987141537818687e-23,0.0,45.0,-51.75,0.0,7,43.282969250571725,19.560000000000002
,-,NO_PATH,4.76628412e-19,0.0,29.99999999999999,-51.75,-2.987141537818687e-23,0.0,45.0,-51.75,0.0,7,43.282969250571725,19.580000000000002
,-,NO_PATH,4.30522545e-19,0.0,29.99999999999999,-51.75,-2.987141537818687e-23,0.0,45.0,-51.75,0.0,7,43.282969250571725,19.6
,-,NO_PATH,2.26561372e-19,0.0,29.99999999999999,-51.75,-2.987141537818687e-23,0.0,45.0,-51.75,0.0,7,43.284121977883714,19.62
,-,NO_PATH,1.48035678e-19,0.0,29.99999999999999,-51.75,-2.987141537818687e-23,0.0,45.0,-51.75,0.0,7,43.284121977883714,19.64
,-,NO_PATH,2.82367924e-20,0.0,29.99999999999999,-51.75,-2.987141537818687e-23,0.0,45.0,-51.75,0.0,7,43.284121977883714,19.66
,-,NO_PATH,2.82367924e-20,0.0,29.99999999999999,-51.75,-2.987141537818687e-23,0.0,45.0,-51.75,0.0,7,43.284121977883714,19.68
,-,NO_PATH,-2.78001602e-19,0.0,29.99999999999999,-51.75,-2.987141537818687e-23,0.0,45.0,-51.75,0.0,7,43.284121977883714,19.700000000000003
,-,NO_PATH,-2.78001602e-19,0.0,29.99999999999999,-51.75,-2.987141537818687e-23,0.0,45.0,-51.75,0.0,7,43.284121977883714,19.720000000000002
,-,NO_PATH,3.97914282e-19,0.0,29.99999999999999,-51.75,-2.987141537818687e-23,0.0,45.0,-51.75,0.0,7,43.28289355558405,19.740000000000002
,-,NO_PATH,4.88623055e-19,0.0,29.99999999999999,-51.75,-2.987141537818687e-23,0.0,45.0,-51.75,0.0,7,43.28289355558405,19.761000000000003
,-,NO_PATH,4.88623055e-19,0.0,29.99999999999999,-51.75,-2.987141537818687e-23,0.0,45.0,-51.75,0.0,7,43.28289355558405,19.78
,-,NO_PATH,2.43613419e-19,0.0,29.99999999999999,-51.75,-2.987141537818687e-23,0.0,45.0,-51.75,0.0,7,43.28289355558405,19.8
,-,NO_PATH,-1.05162491e-19,0.0,29.99999999999999,-51.75,-2.987141537818687e-23,0.0,45.0,-51.75,0.0,7,43.28289355558405,19.82
,-,NO_PATH,-1.05162491e-19,0.0,29.99999999999999,-51.75,-2.987141537818687e-23,0.0,45.0,-51.75,0.0,7,43.28306407270516,19.84
,-,NO_PATH,3.70335429e-19,0.0,29.99999999999999,-51.75,-2.987141537818687e-23,0.0,45.0,-51.75,0.0,7,43.28306407270516,19.860000000000003
,-,NO_PATH,1.25714997e-18,0.0,29.99999999999999,-51.75,-2.987141537818687e-23,0.0,45.0,-51.75,0.0,7,43.28306407270516,19.880000000000003
,-,NO_PATH,5.97201644e-19,0.0,29.99999999999999,-51.75,-2.987141537818687e-23,0.0,45.0,-51.75,0.0,7,43.28306407270516,19.900000000000002
,-,NO_PATH,7.39664775e-19,0.0,29.99999999999999,-51.75,-2.987141537818687e-23,0.0,45.0,-51.75,0.0,7,43.28306407270516,19.92
,-,NO_PATH,3.20574706e-19,0.0,29.99999999999999,-51.75,-2.987141537818687e-23,0.0,45.0,-51.75,0.0,7,43.283040944317584,19.94
,-,NO_PATH,9.19904938e-19,0.0,29.99999999999999,-51.75,-2.987141537818687e-23,0.0,45.0,-51.75,0.0,7,43.283040944317584,19.96
,-,NO_PATH,5.79138397e-20,0.0,29.99999999999999,-51.75,-2.987141537818687e-23,0.0,45.0,-51.75,0.0,7,43.283040944317584,19.98
,-,NO_PATH,8.70491815e-21,0.0,29.99999999999999,-51.75,-2.987141537818687e-23,0.0,45.0,-51.75,0.0,7,43.283040944317584,20.0
,-,NO_PATH,8.70491815e-21,0.0,29.99999999999999,-51.75,-2.987141537818687e-23,0.0,45.0,-51.75,0.0,7,43.283040944317584,20.02
,-,NO_PATH,9.47316068e-19,0.0,29.99999999999999,-51.75,-2.987141537818687e-23,0.0,45.0,-51.75,0.0,7,43.283040944317584,20.041
,-,NO_PATH,9.47316068e-19,0.0,29.99999999999999,-51.75,-2.987141537818687e-23,0.0,45.0,-51.75,0.0,7,43.28274828009216,20.061
,-,NO_PATH,3.31125377e-19,0.0,29.99999999999999,-51.75,-2.987141537818687e-23,0.0,45.0,-51.75,0.0,7,43.28274828009216,20.080000000000002
,-,NO_PATH,3.31125377e-19,0.0,29.99999999999999,-51.75,-2.987141537818687e-23,0.0,45.0,-51.75,0.0,7,43.28274828009216,20.1
,-,NO_PATH,4.30875317e-19,0.0,29.99999999999999,-51.75,-2.987141537818687e-23,0.0,45.0,-51.75,0.0,7,43.28274828009216,20.12
,-,NO_PATH,4.30875317e-19,0.0,29.99999999999999,-51.75,-2.987141537818687e-23,0.0,45.0,-51.75,0.0,7,43.28274828009216,20.14
,-,NO_PATH,1.03799926e-19,0.0,29.99999999999999,-51.75,-2.987141537818687e-23,0.0,45.0,-51.75,0.0,7,43.283470841531006,20.16
,-,NO_PATH,1.03799926e-19,0.0,29.99999999999999,-51.75,-2.987141537818687e-23,0.0,45.0,-51.75,0.0,7,43.283470841531006,20.18
,-,NO_PATH,1.16076128e-19,0.0,29.99999999999999,-51.75,-2.987141537818687e-23,0.0,45.0,-51.75,0.0,7,43.283470841531006,20.200000000000003
,-,NO_PATH,1.16076128e-19,0.0,29.99999999999999,-51.75,-2.987141537818687e-23,0.0,45.0,-51.75,0.0,7,43.283470841531006,20.220000000000002
,-,NO_PATH,1.12448027e-18,0.0,29.99999999999999,-51.75,-2.987141537818687e-23,0.0,45.0,-51.75,0.0,7,43.2850957950518,20.240000000000002
,-,NO_PATH,8.08636418e-19,0.0,29.99999999999999,-51.75,-2.987141537818687e-23,0.0,45.0,-51.75,0.0,7,43.2850957950518,20.26
,-,NO_PATH,7.50535633e-20,0.0,29.99999999999999,-51.75,-2.987141537818687e-23,0.0,45.0,-51.75,0.0,7,43.2850957950518,20.28
,-,NO_PATH,7.68604308e-19,0.0,29.99999999999999,-51.75,-2.987141537818687e-23,0.0,45.0,-51.75,0.0,7,43.2850957950518,20.3
,-,NO_PATH,7.48639858e-19,0.0,29.99999999999999,-51.75,-2.987141537818687e-23,0.0,45.0,-51.75,0.0,7,43.2850957950518,20.32
,-,NO_PATH,3.7390678e-19,0.0,29.99999999999999,-51.75,-2.987141537818687e-23,0.0,45.0,-51.75,0.0,7,43.28486182255363,20.34
,-,NO_PATH,3.78737235e-19,0.0,29.99999999999999,-51.75,-2.987141537818687e-23,0.0,45.0,-51.75,0.0,7,43.28486182255363,20.360000000000003
,-,NO_PATH,1.64027872e-19,0.0,29.99999999999999,-51.75,-2.987141537818687e-23,0.0,45.0,-51.75,0.0,7,43.28486182255363,20.380000000000003
,-,NO_PATH,1.02419266e-18,0.0,29.99999999999999,-51.75,-2.987141537818687e-23,0.0,45.0,-51.75,0.0,7,43.28486182255363,20.400000000000002
,-,NO_PATH,1.02419266e-18,0.0,29.99999999999999,-51.75,-2.987141537818687e-23,0.0,45.0,-51.75,0.0,7,43.28486182255363,20.42
,-,NO_PATH,2.95875717e-19,0.0,29.99999999999999,-51.75,-2.987141537818687e-23,0.0,45.0,-51.75,0.0,7,43.28486182255363,20.44
,-,NO_PATH,5.51881326e-19,0.0,29.99999999999999,-51.75,-2.987141537818687e-23,0.0,45.0,-51.75,0.0,7,43.282697826376285,20.46
,-,NO_PATH,9.43975135e-19,0.0,29.99999999999999,-51.75,-2.987141537818687e-23,0.0,45.0,-51.75,0.0,7,43.282697826376285,20.48
,-,NO_PATH,-5.30588662e-20,0.0,29.99999999999999,-51.75,-2.987141537818687e-23,0.0,45.0,-51.75,0.0,7,43.282697826376285,20.5
,-,NO_PATH,4.33161174e-19,0.0,29.99999999999999,-51.75,-2.987141537818687e-23,0.0,45.0,-51.75,0.0,7,43.282697826376285,20.52
,-,NO_PATH,4.33161174e-19,0.0,29.99999999999999,-51.75,-2.987141537818687e-23,0.0,45.0,-51.75,0.0,7,43.282976291217395,20.540000000000003
,-,NO_PATH,6.58265517e-19,0.0,29.99999999999999,-51.75,-2.987141537818687e-23,0.0,45.0,-51.75,0.0,7,43.282976291217395,20.560000000000002
,-,NO_PATH,6.58265517e-19,0.0,29.99999999999999,-51.75,-2.987141537818687e-23,0.0,45.0,-51.75,0.0,7,43.282976291217395,20.580000000000002
,-,NO_PATH,5.13658942e-19,0.0,29.99999999999999,-51.75,-2.987141537818687e-23,0.0,45.0,-51.75,0.0,7,43.282976291217395,20.6
,-,NO_PATH,3.4003331e-19,0.0,29.99999999999999,-51.75,-2.987141537818687e-23,0.0,45.0,-51.75,0.0,7,43.282976291217395,20.62
,-,NO_PATH,3.4003331e-19,0.0,29.99999999999999,-51.75,-2.987141537818687e-23,0.0,45.0,-51.75,0.0,7,43.2838782648039,20.64
,-,NO_PATH,6.47307918e-19,0.0,29.99999999999999,-51.75,-2.987141537818687e-23,0.0,45.0,-51.75,0.0,7,43.2838782648039,20.66
,-,NO_PATH,3.53350367e-19,0.0,29.99999999999999,-51.75,-2.987141537818687e-23,0.0,45.0,-51.75,0.0,7,43.2838782648039,20.68
,-,NO_PATH,4.64645521e-19,0.0,29.99999999999999,-51.75,-2.987141537818687e-23,0.0,45.0,-51.75,0.0,7,43.2838782648039,20.700000000000003
,-,NO_PATH,5.96559687e-19,0.0,29.99999999999999,-51.75,-2.987141537818687e-23,0.0,45.0,-51.75,0.0,7,43.2838782648039,20.720000000000002
,-,NO_PATH,5.96559687e-19,0.0,29.99999999999999,-51.75,-2.987141537818687e-23,0.0,45.0,-51.75,0.0,7,43.28341005761721,20.740000000000002
,-,NO_PATH,1.01531329e-18,0.0,29.99999999999999,-51.75,-2.987141537818687e-23,0.0,45.0,-51.75,0.0,7,43.28341005761721,20.76
,-,NO_PATH,4.33118446e-19,0.0,29.99999999999999,-51.75,-2.987141537818687e-23,0.0,45.0,-51.75,0.0,7,43.28341005761721,20.78
,-,NO_PATH,4.33118446e-19,0.0,29.99999999999999,-51.75,-2.987141537818687e-23,0.0,45.0,-51.75,0.0,7,43.28341005761721,20.8
,-,NO_PATH,2.2521748e-19,0.0,29.99999999999999,-51.75,-2.987141537818687e-23,0.0,45.0,-51.75,0.0,7,43.28341005761721,20.821
,-,NO_PATH,2.2521748e-19,0.0,29.99999999999999,-51.75,-2.987141537818687e-23,0.0,45.0,-51.75,0.0,7,43.28245947008137,20.84
,-,NO_PATH,-1.48868561e-19,0.0,29.99999999999999,-51.75,-2.987141537818687e-23,0.0,45.0,-51.75,0.0,7,43.28245947008137,20.860000000000003
,-,NO_PATH,2.93535061e-19,0.0,29.99999999999999,-51.75,-2.987141537818687e-23,0.0,45.0,-51.75,0.0,7,43.28245947008137,20.880000000000003
,-,NO_PATH,2.55931061e-19,0.0,29.99999999999999,-51.75,-2.987141537818687e-23,0.0,45.0,-51.75,0.0,7,43.28245947008137,20.900000000000002
,-,NO_PATH,1.20282868e-19,0.0,29.99999999999999,-51.75,-2.987141537818687e-23,0.0,45.0,-51.75,0.0,7,43.28245947008137,20.92
,-,NO_PATH,1.20282868e-19,0.0,29.99999999999999,-51.75,-2.987141537818687e-23,0.0,45.0,-51.75,0.0,7,43.28245947008137,20.94
,-,NO_PATH,1.57440445e-19,0.0,29.99999999999999,-51.75,-2.987141537818687e-23,0.0,45.0,-51.75,0.0,7,43.28328917692324,20.96
,-,NO_PATH,3.85452394e-19,0.0,29.99999999999999,-51.75,-2.987141537818687e-23,0.0,45.0,-51.75,0.0,7,43.28328917692324,20.981
,-,NO_PATH,8.71597372e-19,0.0,29.99999999999999,-51.75,-2.987141537818687e-23,0.0,45.0,-51.75,0.0,7,43.28328917692324,21.0
,-,NO_PATH,8.98044941e-19,0.0,29.99999999999999,-51.75,-2.987141537818687e-23,0.0,45.0,-51.75,0.0,7,43.28328917692324,21.02
,-,NO_PATH,8.98044941e-19,0.0,29.99999999999999,-51.75,-2.987141537818687e-23,0.0,45.0,-51.75,0.0,7,43.28328917692324,21.040000000000003
,-,NO_PATH,3.52007537e-19,0.0,29.99999999999999,-51.75,-2.987141537818687e-23,0.0,45.0,-51.75,0.0,7,43.283954278146545,21.060000000000002
,-,NO_PATH,1.11757992e-18,0.0,29.99999999999999,-51.75,-2.987141537818687e-23,0.0,45.0,-51.75,0.0,7,43.283954278146545,21.081000000000003
,-,NO_PATH,1.11757992e-18,0.0,29.99999999999999,-51.75,-2.987141537818687e-23,0.0,45.0,-51.75,0.0,7,43.283954278146545,21.1
,-,NO_PATH,-8.51959025e-20,0.0,29.99999999999999,-51.75,-2.987141537818687e-23,0.0,45.0,-51.75,0.0,7,43.283954278146545,21.12
,-,NO_PATH,1.21628911e-19,0.0,29.99999999999999,-51.75,-2.987141537818687e-23,0.0,45.0,-51.75,0.0,7,43.28361155438752,21.14
,-,NO_PATH,1.21628911e-19,0.0,29.99999999999999,-51.75,-2.987141537818687e-23,0.0,45.0,-51.75,0.0,7,43.28361155438752,21.16
,-,NO_PATH,8.21511582e-19,0.0,29.99999999999999,-51.75,-2.987141537818687e-23,0.0,45.0,-51.75,0.0,7,43.28361155438752,21.18
,-,NO_PATH,8.21511582e-19,0.0,29.99999999999999,-51.75,-2.987141537818687e-23,0.0,45.0,-51.75,0.0,7,43.28361155438752,21.200000000000003
,-,NO_PATH,6.92037856e-19,0.0,29.99999999999999,-51.75,-2.987141537818687e-23,0.0,45.0,-51.75,0.0,7,43.28361155438752,21.220000000000002
,-,NO_PATH,6.92037856e-19,0.0,29.99999999999999,-51.75,-2.987141537818687e-23,0.0,45.0,-51.75,0.0,7,43.28460363564206,21.240000000000002
,-,NO_PATH,7.02499724e-19,0.0,29.99999999999999,-51.75,-2.987141537818687e-23,0.0,45.0,-51.75,0.0,7,43.28460363564206,21.26
,-,NO_PATH,7.02499724e-19,0.0,29.99999999999999,-51.75,-2.987141537818687e-23,0.0,45.0,-51.75,0.0,7,43.28460363564206,21.28
,-,NO_PATH,2.38976601e-19,0.0,29.99999999999999,-51.75,-2.987141537818687e-23,0.0,45.0,-51.75,0.0,7,43.28460363564206,21.3
,-,NO_PATH,9.37836012e-19,0.0,29.99999999999999,-51.75,-2.987141537818687e-23,0.0,45.0,-51.75,0.0,7,43.28460363564206,21.32
,-,NO_PATH,9.77874331e-19,0.0,29.99999999999999,-51.75,-2.987141537818687e-23,0.0,45.0,-51.75,0.0,7,43.28483005476278,21.34
,-,NO_PATH,-1.0057147e-20,0.0,29.99999999999999,-51.75,-2.987141537818687e-23,0.0,45.0,-51.75,0.0,7,43.28483005476278,21.360000000000003
,-,NO_PATH,5.63846637e-20,0.0,29.99999999999999,-51.75,-2.987141537818687e-23,0.0,45.0,-51.75,0.0,7,43.28483005476278,21.380000000000003
,-,NO_PATH,5.63846637e-20,0.0,29.99999999999999,-51.75,-2.987141537818687e-23,0.0,45.0,-51.75,0.0,7,43.28483005476278,21.400000000000002
,-,NO_PATH,6.22150143e-19,0.0,29.99999999999999,-51.75,-2.987141537818687e-23,0.0,45.0,-51.75,0.0,7,43.28483005476278,21.42
,-,NO_PATH,2.81313856e-19,0.0,29.99999999999999,-51.75,-2.987141537818687e-23,0.0,45.0,-51.75,0.0,7,43.28594742642317,21.44
,-,NO_PATH,2.81313856e-19,0.0,29.99999999999999,-51.75,-2.987141537818687e-23,0.0,45.0,-51.75,0.0,7,43.28594742642317,21.46
,-,NO_PATH,5.36916416e-19,0.0,29.99999999999999,-51.75,-2.987141537818687e-23,0.0,45.0,-51.75,0.0,7,43.28594742642317,21.48
,-,NO_PATH,-1.24343666e-19,0.0,29.99999999999999,-51.75,-2.987141537818687e-23,0.0,45.0,-51.75,0.0,7,43.28594742642317,21.5
,-,NO_PATH,-1.24343666e-19,0.0,29.99999999999999,-51.75,-2.987141537818687e-23,0.0,45.0,-51.75,0.0,7,43.28594742642317,21.52
,-,NO_PATH,7.41396212e-19,0.0,29.99999999999999,-51.75,-2.987141537818687e-23,0.0,45.0,-51.75,0.0,7,43.28581798637897,21.540000000000003
,-,NO_PATH,7.41396212e-19,0.0,29.99999999999999,-51.75,-2.987141537818687e-23,0.0,45.0,-51.75,0.0,7,43.28581798637897,21.560000000000002
,-,NO_PATH,1.89636743e-19,0.0,29.99999999999999,-51.75,-2.987141537818687e-23,0.0,45.0,-51.75,0.0,7,43.28581798637897,21.580000000000002
,-,NO_PATH,4.95797689e-19,0.0,29.99999999999999,-51.75,-2.987141537818687e-23,0.0,45.0,-51.75,0.0,7,43.28581798637897,21.6
,-,NO_PATH,2.04210312e-19,0.0,29.99999999999999,-51.75,-2.987141537818687e-23,0.0,45.0,-51.75,0.0,7,43.28581798637897,21.621000000000002
,-,NO_PATH,2.04210312e-19,0.0,29.99999999999999,-51.75,-2.987141537818687e-23,0.0,45.0,-51.75,0.0,7,43.28581798637897,21.64
,-,NO_PATH,1.06146729e-18,0.0,29.99999999999999,-51.75,-2.987141537818687e-23,0.0,45.0,-51.75,0.0,7,43.28448026065645,21.66
,-,NO_PATH,1.06146729e-18,0.0,29.99999999999999,-51.75,-2.987141537818687e-23,0.0,45.0,-51.75,0.0,7,43.28448026065645,21.68
,-,NO_PATH,5.53581939e-19,0.0,29.99999999999999,-51.75,-2.987141537818687e-23,0.0,45.0,-51.75,0.0,7,43.28448026065645,21.700000000000003
,-,NO_PATH,-1.23049551e-19,0.0,29.99999999999999,-51.75,-2.987141537818687e-23,0.0,45.0,-51.75,0.0,7,43.28448026065645,21.720000000000002
,-,NO_PATH,3.57798311e-19,0.0,29.99999999999999,-51.75,-2.987141537818687e-23,0.0,45.0,-51.75,0.0,7,43.28365526205881,21.740000000000002
,-,NO_PATH,7.72174539e-19,0.0,29.99999999999999,-51.75,-2.987141537818687e-23,0.0,45.0,-51.75,0.0,7,43.28365526205881,21.76
,-,NO_PATH,7.72174539e-19,0.0,29.99999999999999,-51.75,-2.987141537818687e-23,0.0,45.0,-51.75,0.0,7,43.28365526205881,21.78
,-,NO_PATH,-5.53574875e-20,0.0,29.99999999999999,-51.75,-2.987141537818687e-23,0.0,45.0,-51.75,0.0,7,43.28365526205881,21.8
,-,NO_PATH,1.38387126e-18,0.0,29.99999999999999,-51.75,-2.987141537818687e-23,0.0,45.0,-51.75,0.0,7,43.28365526205881,21.821
,-,NO_PATH,-4.89268857e-22,0.0,29.99999999999999,-51.75,-2.987141537818687e-23,0.0,45.0,-51.75,0.0,7,43.28375282597693,21.84
,-,NO_PATH,4.70933339e-19,0.0,29.99999999999999,-51.75,-2.987141537818687e-23,0.0,45.0,-51.75,0.0,7,43.28375282597693,21.860000000000003
,-,NO_PATH,4.70933339e-19,0.0,29.99999999999999,-51.75,-2.987141537818687e-23,0.0,45.0,-51.75,0.0,7,43.28375282597693,21.880000000000003
,-,NO_PATH,6.62714717e-19,0.0,29.99999999999999,-51.75,-2.987141537818687e-23,0.0,45.0,-51.75,0.0,7,43.28375282597693,21.900000000000002
,-,NO_PATH,5.26866761e-19,0.0,29.99999999999999,-51.75,-2.987141537818687e-23,0.0,45.0,-51.75,0.0,7,43.28375282597693,21.92
,-,NO_PATH,9.29511638e-19,0.0,29.99999999999999,-51.75,-2.987141537818687e-23,0.0,45.0,-51.75,0.0,7,43.284846166005494,21.94
,-,NO_PATH,9.29511638e-19,0.0,29.99999999999999,-51.75,-2.987141537818687e-23,0.0,45.0,-51.75,0.0,7,43.284846166005494,21.96
,-,NO_PATH,8.34684752e-20,0.0,29.99999999999999,-51.75,-2.987141537818687e-23,0.0,45.0,-51.75,0.0,7,43.284846166005494,21.98
,-,NO_PATH,7.69536264e-19,0.0,29.99999999999999,-51.75,-2.987141537818687e-23,0.0,45.0,-51.75,0.0,7,43.284846166005494,22.0
,-,NO_PATH,7.69536264e-19,0.0,29.99999999999999,-51.75,-2.987141537818687e-23,0.0,45.0,-51.75,0.0,7,43.284846166005494,22.020000000000003
,-,NO_PATH,8.90167472e-19,0.0,29.99999999999999,-51.75,-2.987141537818687e-23,0.0,45.0,-51.75,0.0,7,43.28388296594652,22.040000000000003
,-,NO_PATH,9.20943271e-19,0.0,29.99999999999999,-51.75,-2.987141537818687e-23,0.0,45.0,-51.75,0.0,7,43.28388296594652,22.060000000000002
,-,NO_PATH,9.20943271e-19,0.0,29.99999999999999,-51.75,-2.987141537818687e-23,0.0,45.0,-51.75,0.0,7,43.28388296594652,22.080000000000002
,-,NO_PATH,4.13187198e-19,0.0,29.99999999999999,-51.75,-2.987141537818687e-23,0.0,45.0,-51.75,0.0,7,43.28388296594652,22.101000000000003
,-,NO_PATH,4.13187198e-19,0.0,29.99999999999999,-51.75,-2.987141537818687e-23,0.0,45.0,-51.75,0.0,7,43.28388296594652,22.12
,-,NO_PATH,1.75706413e-19,0.0,29.99999999999999,-51.75,-2.987141537818687e-23,0.0,45.0,-51.75,0.0,7,43.28316228325922,22.14
,-,NO_PATH,1.1243212e-19,0.0,29.99999999999999,-51.75,-2.987141537818687e-23,0.0,45.0,-51.75,0.0,7,43.28316228325922,22.16
,-,NO_PATH,2.88019726e-19,0.0,29.99999999999999,-51.75,-2.987141537818687e-23,0.0,45.0,-51.75,0.0,7,43.28316228325922,22.182000000000002
,-,NO_PATH,1.04741544e-18,0.0,29.99999999999999,-51.75,-2.987141537818687e-23,0.0,45.0,-51.75,0.0,7,43.28316228325922,22.200000000000003
,-,NO_PATH,1.04741544e-18,0.0,29.99999999999999,-51.75,-2.987141537818687e-23,0.0,45.0,-51.75,0.0,7,43.28250349037016,22.220000000000002
,-,NO_PATH,9.85061394e-19,0.0,29.99999999999999,-51.75,-2.987141537818687e-23,0.0,45.0,-51.75,0.0,7,43.28250349037016,22.240000000000002
,-,NO_PATH,-1.57251224e-19,0.0,29.99999999999999,-51.75,-2.987141537818687e-23,0.0,45.0,-51.75,0.0,7,43.28250349037016,22.26
,-,NO_PATH,7.32899267e-19,0.0,29.99999999999999,-51.75,-2.987141537818687e-23,0.0,45.0,-51.75,0.0,7,43.28250349037016,22.28
,-,NO_PATH,1.02840574e-18,0.0,29.99999999999999,-51.75,-2.987141537818687e-23,0.0,45.0,-51.75,0.0,7,43.28250349037016,22.3
,-,NO_PATH,1.02840574e-18,0.0,29.99999999999999,-51.75,-2.987141537818687e-23,0.0,45.0,-51.75,0.0,7,43.28250349037016,22.32
,-,NO_PATH,7.17120733e-19,0.0,29.99999999999999,-51.75,-2.987141537818687e-23,0.0,45.0,-51.75,0.0,7,43.28250349037016,22.34
,-,NO_PATH,7.05025916e-19,0.0,29.99999999999999,-51.75,-2.987141537818687e-23,0.0,45.0,-51.75,0.0,7,43.281984553749204,22.360000000000003
,-,NO_PATH,7.14104692e-19,0.0,29.99999999999999,-51.75,-2.987141537818687e-23,0.0,45.0,-51.75,0.0,7,43.281984553749204,22.380000000000003
,-,NO_PATH,8.86511967e-19,0.0,29.99999999999999,-51.75,-2.987141537818687e-23,0.0,45.0,-51.75,0.0,7,43.281984553749204,22.400000000000002
,-,NO_PATH,5.26717993e-19,0.0,29.99999999999999,-51.75,-2.987141537818687e-23,0.0,45.0,-51.75,0.0,7,43.281984553749204,22.42
,-,NO_PATH,5.26717993e-19,0.0,29.99999999999999,-51.75,-2.987141537818687e-23,0.0,45.0,-51.75,0.0,7,43.281984553749204,22.441000000000003
,-,NO_PATH,2.9896016e-19,0.0,29.99999999999999,-51.75,-2.987141537818687e-23,0.0,45.0,-51.75,0.0,7,43.28118828034074,22.46
,-,NO_PATH,2.9896016e-19,0.0,29.99999999999999,-51.75,-2.987141537818687e-23,0.0,45.0,-51.75,0.0,7,43.28118828034074,22.48
,-,NO_PATH,2.26544356e-19,0.0,29.99999999999999,-51.75,-2.987141537818687e-23,0.0,45.0,-51.75,0.0,7,43.28118828034074,22.5
,-,NO_PATH,2.24514584e-19,0.0,29.99999999999999,-51.75,-2.987141537818687e-23,0.0,45.0,-51.75,0.0,7,43.28118828034074,22.520000000000003
,-,NO_PATH,4.36459786e-19,0.0,29.99999999999999,-51.75,-2.987141537818687e-23,0.0,45.0,-51.75,0.0,7,43.28058609898782,22.540000000000003
,-,NO_PATH,2.48792159e-19,0.0,29.99999999999999,-51.75,-2.987141537818687e-23,0.0,45.0,-51.75,0.0,7,43.28058609898782,22.560000000000002
,-,NO_PATH,9.65032147e-19,0.0,29.99999999999999,-51.75,-2.987141537818687e-23,0.0,45.0,-51.75,0.0,7,43.28058609898782,22.580000000000002
,-,NO_PATH,9.65032147e-19,0.0,29.99999999999999,-51.75,-2.987141537818687e-23,0.0,45.0,-51.75,0.0,7,43.28058609898782,22.6
,-,NO_PATH,1.13035164e-18,0.0,29.99999999999999,-51.75,-2.987141537818687e-23,0.0,45.0,-51.75,0.0,7,43.28058609898782,22.62
,-,NO_PATH,2.03908545e-19,0.0,29.99999999999999,-51.75,-2.987141537818687e-23,0.0,45.0,-51.75,0.0,7,43.28193114695289,22.64
,-,NO_PATH,9.74618967e-20,0.0,29.99999999999999,-51.75,-2.987141537818687e-23,0.0,45.0,-51.75,0.0,7,43.28193114695289,22.66
,-,NO_PATH,4.48022904e-19,0.0,29.99999999999999,-51.75,-2.987141537818687e-23,0.0,45.0,-51.75,0.0,7,43.28193114695289,22.68
,-,NO_PATH,5.70097496e-19,0.0,29.99999999999999,-51.75,-2.987141537818687e-23,0.0,45.0,-51.75,0.0,7,43.28193114695289,22.700000000000003
,-,NO_PATH,5.70097496e-19,0.0,29.99999999999999,-51.75,-2.987141537818687e-23,0.0,45.0,-51.75,0.0,7,43.28193114695289,22.720000000000002
,-,NO_PATH,1.62236234e-19,0.0,29.99999999999999,-51.75,-2.987141537818687e-23,0.0,45.0,-51.75,0.0,7,43.28165837027752,22.740000000000002
,-,NO_PATH,-1.27992214e-19,0.0,29.99999999999999,-51.75,-2.987141537818687e-23,0.0,45.0,-51.75,0.0,7,43.28165837027752,22.76
,-,NO_PATH,-1.27992214e-19,0.0,29.99999999999999,-51.75,-2.987141537818687e-23,0.0,45.0,-51.75,0.0,7,43.28165837027752,22.78
,-,NO_PATH,4.90587883e-19,0.0,29.99999999999999,-51.75,-2.987141537818687e-23,0.0,45.0,-51.75,0.0,7,43.28165837027752,22.8
,-,NO_PATH,8.13052227e-19,0.0,29.99999999999999,-51.75,-2.987141537818687e-23,0.0,45.0,-51.75,0.0,7,43.28165837027752,22.82
,-,NO_PATH,8.8609927e-19,0.0,29.99999999999999,-51.75,-2.987141537818687e-23,0.0,45.0,-51.75,0.0,7,43.28366749536056,22.84
,-,NO_PATH,5.00199648e-19,0.0,29.99999999999999,-51.75,-2.987141537818687e-23,0.0,45.0,-51.75,0.0,7,43.28366749536056,22.861
,-,NO_PATH,5.00199648e-19,0.0,29.99999999999999,-51.75,-2.987141537818687e-23,0.0,45.0,-51.75,0.0,7,43.28366749536056,22.880000000000003
,-,NO_PATH,8.82402677e-19,0.0,29.99999999999999,-51.75,-2.987141537818687e-23,0.0,45.0,-51.75,0.0,7,43.28366749536056,22.900000000000002
,-,NO_PATH,3.93261229e-20,0.0,29.99999999999999,-51.75,-2.987141537818687e-23,0.0,45.0,-51.75,0.0,7,43.28366749536056,22.92
,-,NO_PATH,3.93261229e-20,0.0,29.99999999999999,-51.75,-2.987141537818687e-23,0.0,45.0,-51.75,0.0,7,43.28366749536056,22.94
,-,NO_PATH,9.24380182e-19,0.0,29.99999999999999,-51.75,-2.987141537818687e-23,0.0,45.0,-51.75,0.0,7,43.28366631159818,22.96
,-,NO_PATH,1.16715172e-18,0.0,29.99999999999999,-51.75,-2.987141537818687e-23,0.0,45.0,-51.75,0.0,7,43.28366631159818,22.98
,-,NO_PATH,1.16715172e-18,0.0,29.99999999999999,-51.75,-2.987141537818687e-23,0.0,45.0,-51.75,0.0,7,43.28366631159818,23.0
,-,NO_PATH,7.50103423e-19,0.0,29.99999999999999,-51.75,-2.987141537818687e-23,0.0,45.0,-51.75,0.0,7,43.28366631159818,23.021
,-,NO_PATH,6.45510698e-19,0.0,29.99999999999999,-51.75,-2.987141537818687e-23,0.0,45.0,-51.75,0.0,7,43.283714944608676,23.040000000000003
,-,NO_PATH,5.39713109e-19,0.0,29.99999999999999,-51.75,-2.987141537818687e-23,0.0,45.0,-51.75,0.0,7,43.283714944608676,23.060000000000002
,-,NO_PATH,5.39713109e-19,0.0,29.99999999999999,-51.75,-2.987141537818687e-23,0.0,45.0,-51.75,0.0,7,43.283714944608676,23.080000000000002
,-,NO_PATH,4.83320894e-19,0.0,29.99999999999999,-51.75,-2.987141537818687e-23,0.0,45.0,-51.75,0.0,7,43.283714944608676,23.1
,-,NO_PATH,1.02658283e-18,0.0,29.99999999999999,-51.75,-2.987141537818687e-23,0.0,45.0,-51.75,0.0,7,43.283714944608676,23.12
,-,NO_PATH,1.02658283e-18,0.0,29.99999999999999,-51.75,-2.987141537818687e-23,0.0,45.0,-51.75,0.0,7,43.28366347993785,23.14
,-,NO_PATH,1.05403649e-18,0.0,29.99999999999999,-51.75,-2.987141537818687e-23,0.0,45.0,-51.75,0.0,7,43.28366347993785,23.16
,-,NO_PATH,1.05403649e-18,0.0,29.99999999999999,-51.75,-2.987141537818687e-23,0.0,45.0,-51.75,0.0,7,43.28366347993785,23.18
,-,NO_PATH,7.714306e-19,0.0,29.99999999999999,-51.75,-2.987141537818687e-23,0.0,45.0,-51.75,0.0,7,43.28366347993785,23.200000000000003
,-,NO_PATH,3.50763074e-19,0.0,29.99999999999999,-51.75,-2.987141537818687e-23,0.0,45.0,-51.75,0.0,7,43.28366347993785,23.220000000000002
,-,NO_PATH,3.65794861e-19,0.0,29.99999999999999,-51.75,-2.987141537818687e-23,0.0,45.0,-51.75,0.0,7,43.28491310585889,23.240000000000002
,-,NO_PATH,3.65794861e-19,0.0,29.99999999999999,-51.75,-2.987141537818687e-23,0.0,45.0,-51.75,0.0,7,43.28491310585889,23.26
,-,NO_PATH,6.3994172e-19,0.0,29.99999999999999,-51.75,-2.987141537818687e-23,0.0,45.0,-51.75,0.0,7,43.28491310585889,23.28
,-,NO_PATH,3.00349376e-19,0.0,29.99999999999999,-51.75,-2.987141537818687e-23,0.0,45.0,-51.75,0.0,7,43.28491310585889,23.3
,-,NO_PATH,2.14646771e-19,0.0,29.99999999999999,-51.75,-2.987141537818687e-23,0.0,45.0,-51.75,0.0,7,43.28491310585889,23.32
,-,NO_PATH,2.449733e-19,0.0,29.99999999999999,-51.75,-2.987141537818687e-23,0.0,45.0,-51.75,0.0,7,43.28527720766288,23.34
,-,NO_PATH,5.12249481e-19,0.0,29.99999999999999,-51.75,-2.987141537818687e-23,0.0,45.0,-51.75,0.0,7,43.28527720766288,23.360000000000003
,-,NO_PATH,2.62836718e-19,0.0,29.99999999999999,-51.75,-2.987141537818687e-23,0.0,45.0,-51.75,0.0,7,43.28527720766288,23.380000000000003
,-,NO_PATH,2.62836718e-19,0.0,29.99999999999999,-51.75,-2.987141537818687e-23,0.0,45.0,-51.75,0.0,7,43.28527720766288,23.400000000000002
,-,NO_PATH,6.12242715e-19,0.0,29.99999999999999,-51.75,-2.987141537818687e-23,0.0,45.0,-51.75,0.0,7,43.28527720766288,23.42
,-,NO_PATH,2.28858094e-19,0.0,29.99999999999999,-51.75,-2.987141537818687e-23,0.0,45.0,-51.75,0.0,7,43.28647314300963,23.44
,-,NO_PATH,1.22923994e-18,0.0,29.99999999999999,-51.75,-2.987141537818687e-23,0.0,45.0,-51.75,0.0,7,43.28647314300963,23.46
,-,NO_PATH,4.93615514e-19,0.0,29.99999999999999,-51.75,-2.987141537818687e-23,0.0,45.0,-51.75,0.0,7,43.28647314300963,23.48
,-,NO_PATH,7.90651658e-19,0.0,29.99999999999999,-51.75,-2.987141537818687e-23,0.0,45.0,-51.75,0.0,7,43.28647314300963,23.5
,-,NO_PATH,7.44338284e-19,0.0,29.99999999999999,-51.75,-2.987141537818687e-23,0.0,45.0,-51.75,0.0,7,43.28647314300963,23.520000000000003
,-,NO_PATH,7.44338284e-19,0.0,29.99999999999999,-51.75,-2.987141537818687e-23,0.0,45.0,-51.75,0.0,7,43.285067334215576,23.540000000000003
,-,NO_PATH,8.20802692e-19,0.0,29.99999999999999,-51.75,-2.987141537818687e-23,0.0,45.0,-51.75,0.0,7,43.285067334215576,23.560000000000002
,-,NO_PATH,3.1959328e-19,0.0,29.99999999999999,-51.75,-2.987141537818687e-23,0.0,45.0,-51.75,0.0,7,43.285067334215576,23.580000000000002
,-,NO_PATH,-3.88929609e-20,0.0,29.99999999999999,-51.75,-2.987141537818687e-23,0.0,45.0,-51.75,0.0,7,43.285067334215576,23.6
,-,NO_PATH,7.82872916e-19,0.0,29.99999999999999,-51.75,-2.987141537818687e-23,0.0,45.0,-51.75,0.0,7,43.285067334215576,23.62
,-,NO_PATH,6.4924791e-19,0.0,29.99999999999999,-51.75,-2.987141537818687e-23,0.0,45.0,-51.75,0.0,7,43.285067334215576,23.64
,-,NO_PATH,6.4924791e-19,0.0,29.99999999999999,-51.75,-2.987141537818687e-23,0.0,45.0,-51.75,0.0,7,43.28444885244356,23.66
,-,NO_PATH,1.03236006e-18,0.0,29.99999999999999,-51.75,-2.987141537818687e-23,0.0,45.0,-51.75,0.0,7,43.28444885244356,23.68
,-,NO_PATH,1.03236006e-18,0.0,29.99999999999999,-51.75,-2.987141537818687e-23,0.0,45.0,-51.75,0.0,7,43.28444885244356,23.700000000000003
,-,NO_PATH,1.34612027e-18,0.0,29.99999999999999,-51.75,-2.987141537818687e-23,0.0,45.0,-51.75,0.0,7,43.28444885244356,23.720000000000002
,-,NO_PATH,-2.61669368e-20,0.0,29.99999999999999,-51.75,-2.987141537818687e-23,0.0,45.0,-51.75,0.0,7,43.28444885244356,23.740000000000002
,-,NO_PATH,6.01918977e-19,0.0,29.99999999999999,-51.75,-2.987141537818687e-23,0.0,45.0,-51.75,0.0,7,43.28505587662544,23.76
,-,NO_PATH,-4.32026614e-20,0.0,29.99999999999999,-51.75,-2.987141537818687e-23,0.0,45.0,-51.75,0.0,7,43.28505587662544,23.78
,-,NO_PATH,-4.32026614e-20,0.0,29.99999999999999,-51.75,-2.987141537818687e-23,0.0,45.0,-51.75,0.0,7,43.28505587662544,23.8
,-,NO_PATH,1.21575704e-18,0.0,29.99999999999999,-51.75,-2.987141537818687e-23,0.0,45.0,-51.75,0.0,7,43.28505587662544,23.82
,-,NO_PATH,5.3106591e-19,0.0,29.99999999999999,-51.75,-2.987141537818687e-23,0.0,45.0,-51.75,0.0,7,43.28376597873578,23.84
,-,NO_PATH,5.3106591e-19,0.0,29.99999999999999,-51.75,-2.987141537818687e-23,0.0,45.0,-51.75,0.0,7,43.28376597873578,23.860000000000003
,-,NO_PATH,3.67014356e-19,0.0,29.99999999999999,-51.75,-2.987141537818687e-23,0.0,45.0,-51.75,0.0,7,43.28376597873578,23.880000000000003
,-,NO_PATH,3.67014356e-19,0.0,29.99999999999999,-51.75,-2.987141537818687e-23,0.0,45.0,-51.75,0.0,7,43.28376597873578,23.900000000000002
,-,NO_PATH,2.56709536e-19,0.0,29.99999999999999,-51.75,-2.987141537818687e-23,0.0,45.0,-51.75,0.0,7,43.28376597873578,23.92
,-,NO_PATH,2.56709536e-19,0.0,29.99999999999999,-51.75,-2.987141537818687e-23,0.0,45.0,-51.75,0.0,7,43.28302986762112,23.94
,-,NO_PATH,1.13452418e-18,0.0,29.99999999999999,-51.75,-2.987141537818687e-23,0.0,45.0,-51.75,0.0,7,43.28302986762112,23.96
,-,NO_PATH,1.19386216e-18,0.0,29.99999999999999,-51.75,-2.987141537818687e-23,0.0,45.0,-51.75,0.0,7,43.28302986762112,23.98
,-,NO_PATH,5.00995974e-19,0.0,29.99999999999999,-51.75,-2.987141537818687e-23,0.0,45.0,-51.75,0.0,7,43.28302986762112,24.0
,-,NO_PATH,8.4817825e-19,0.0,29.99999999999999,-51.75,-2.987141537818687e-23,0.0,45.0,-51.75,0.0,7,43.28302986762112,24.020000000000003
,-,NO_PATH,7.70512463e-19,0.0,29.99999999999999,-51.75,-2.987141537818687e-23,0.0,45.0,-51.75,0.0,7,43.28302986762112,24.040000000000003
,-,NO_PATH,7.70512463e-19,0.0,29.99999999999999,-51.75,-2.987141537818687e-23,0.0,45.0,-51.75,0.0,7,43.28348705198917,24.060000000000002
,-,NO_PATH,1.31144852e-19,0.0,29.99999999999999,-51.75,-2.987141537818687e-23,0.0,45.0,-51.75,0.0,7,43.28348705198917,24.080000000000002
,-,NO_PATH,4.02760668e-19,0.0,29.99999999999999,-51.75,-2.987141537818687e-23,0.0,45.0,-51.75,0.0,7,43.28348705198917,24.1
,-,NO_PATH,3.40989759e-19,0.0,29.99999999999999,-51.75,-2.987141537818687e-23,0.0,45.0,-51.75,0.0,7,43.28348705198917,24.12
,-,NO_PATH,-4.94803285e-20,0.0,29.99999999999999,-51.75,-2.987141537818687e-23,0.0,45.0,-51.75,0.0,7,43.284189973003436,24.14
,-,NO_PATH,-8.20029909e-20,0.0,29.99999999999999,-51.75,-2.987141537818687e-23,0.0,45.0,-51.75,0.0,7,43.284189973003436,24.16
,-,NO_PATH,4.44646406e-19,0.0,29.99999999999999,-51.75,-2.987141537818687e-23,0.0,45.0,-51.75,0.0,7,43.284189973003436,24.180000000000003
,-,NO_PATH,-8.13947043e-19,0.0,29.99999999999999,-51.75,-2.987141537818687e-23,0.0,45.0,-51.75,0.0,7,43.284189973003436,24.200000000000003
,-,NO_PATH,-8.13947043e-19,0.0,29.99999999999999,-51.75,-2.987141537818687e-23,0.0,45.0,-51.75,0.0,7,43.284189973003436,24.220000000000002
,-,NO_PATH,6.92769364e-19,0.0,29.99999999999999,-51.75,-2.987141537818687e-23,0.0,45.0,-51.75,0.0,7,43.28360505504284,24.240000000000002
,-,NO_PATH,6.47914424e-19,0.0,29.99999999999999,-51.75,-2.987141537818687e-23,0.0,45.0,-51.75,0.0,7,43.28360505504284,24.26
,-,NO_PATH,1.00886309e-18,0.0,29.99999999999999,-51.75,-2.987141537818687e-23,0.0,45.0,-51.75,0.0,7,43.28360505504284,24.28
,-,NO_PATH,7.58651096e-19,0.0,29.99999999999999,-51.75,-2.987141537818687e-23,0.0,45.0,-51.75,0.0,7,43.28360505504284,24.3
,-,NO_PATH,7.58651096e-19,0.0,29.99999999999999,-51.75,-2.987141537818687e-23,0.0,45.0,-51.75,0.0,7,43.28360505504284,24.322000000000003
,-,NO_PATH,4.27537207e-19,0.0,29.99999999999999,-51.75,-2.987141537818687e-23,0.0,45.0,-51.75,0.0,7,43.28360505504284,24.34
,-,NO_PATH,5.83604964e-19,0.0,29.99999999999999,-51.75,-2.987141537818687e-23,0.0,45.0,-51.75,0.0,7,43.284511493944485,24.360000000000003
,-,NO_PATH,1.13419276e-18,0.0,29.99999999999999,-51.75,-2.987141537818687e-23,0.0,45.0,-51.75,0.0,7,43.284511493944485,24.380000000000003
,-,NO_PATH,1.28389246e-19,0.0,29.99999999999999,-51.75,-2.987141537818687e-23,0.0,45.0,-51.75,0.0,7,43.284511493944485,24.400000000000002
,-,NO_PATH,5.19205348e-19,0.0,29.99999999999999,-51.75,-2.987141537818687e-23,0.0,45.0,-51.75,0.0,7,43.284511493944485,24.421000000000003
,-,NO_PATH,5.19205348e-19,0.0,29.99999999999999,-51.75,-2.987141537818687e-23,0.0,45.0,-51.75,0.0,7,43.28344415062339,24.44
,-,NO_PATH,7.2387373e-19,0.0,29.99999999999999,-51.75,-2.987141537818687e-23,0.0,45.0,-51.75,0.0,7,43.28344415062339,24.46
,-,NO_PATH,1.91367328e-19,0.0,29.99999999999999,-51.75,-2.987141537818687e-23,0.0,45.0,-51.75,0.0,7,43.28344415062339,24.48
,-,NO_PATH,2.24279786e-19,0.0,29.99999999999999,-51.75,-2.987141537818687e-23,0.0,45.0,-51.75,0.0,7,43.28344415062339,24.5
,-,NO_PATH,1.85661342e-20,0.0,29.99999999999999,-51.75,-2.987141537818687e-23,0.0,45.0,-51.75,0.0,7,43.28344415062339,24.521
,-,NO_PATH,-1.73088404e-20,0.0,29.99999999999999,-51.75,-2.987141537818687e-23,0.0,45.0,-51.75,0.0,7,43.28344415062339,24.540000000000003
,-,NO_PATH,-2.28057547e-19,0.0,29.99999999999999,-51.75,-2.987141537818687e-23,0.0,45.0,-51.75,0.0,7,43.28472660679931,24.560000000000002
,-,NO_PATH,4.72910993e-19,0.0,29.99999999999999,-51.75,-2.987141537818687e-23,0.0,45.0,-51.75,0.0,7,43.28472660679931,24.580000000000002
,-,NO_PATH,6.79666817e-20,0.0,29.99999999999999,-51.75,-2.987141537818687e-23,0.0,45.0,-51.75,0.0,7,43.28472660679931,24.601000000000003
,-,NO_PATH,6.79666817e-20,0.0,29.99999999999999,-51.75,-2.987141537818687e-23,0.0,45.0,-51.75,0.0,7,43.28472660679931,24.625
,-,NO_PATH,2.05777698e-19,0.0,29.99999999999999,-51.75,-2.987141537818687e-23,0.0,45.0,-51.75,0.0,7,43.28418734961023,24.64
,-,NO_PATH,2.05777698e-19,0.0,29.99999999999999,-51.75,-2.987141537818687e-23,0.0,45.0,-51.75,0.0,7,43.28418734961023,24.66
,-,NO_PATH,3.54462083e-19,0.0,29.99999999999999,-51.75,-2.987141537818687e-23,0.0,45.0,-51.75,0.0,7,43.28418734961023,24.680000000000003
,-,NO_PATH,3.54462083e-19,0.0,29.99999999999999,-51.75,-2.987141537818687e-23,0.0,45.0,-51.75,0.0,7,43.28418734961023,24.700000000000003
,-,NO_PATH,1.66179736e-19,0.0,29.99999999999999,-51.75,-2.987141537818687e-23,0.0,45.0,-51.75,0.0,7,43.28418734961023,24.720000000000002
,-,NO_PATH,6.02575548e-19,0.0,29.99999999999999,-51.75,-2.987141537818687e-23,0.0,45.0,-51.75,0.0,7,43.28407929880852,24.740000000000002
,-,NO_PATH,9.17235349e-19,0.0,29.99999999999999,-51.75,-2.987141537818687e-23,0.0,45.0,-51.75,0.0,7,43.28407929880852,24.76
,-,NO_PATH,5.46233692e-19,0.0,29.99999999999999,-51.75,-2.987141537818687e-23,0.0,45.0,-51.75,0.0,7,43.28407929880852,24.78
,-,NO_PATH,-1.99155298e-19,0.0,29.99999999999999,-51.75,-2.987141537818687e-23,0.0,45.0,-51.75,0.0,7,43.28407929880852,24.8
,-,NO_PATH,9.18300154e-19,0.0,29.99999999999999,-51.75,-2.987141537818687e-23,0.0,45.0,-51.75,0.0,7,43.28407929880852,24.821
,-,NO_PATH,1.56353089e-19,0.0,29.99999999999999,-51.75,-2.987141537818687e-23,0.0,45.0,-51.75,0.0,7,43.28413338365226,24.84
,-,NO_PATH,6.04814493e-19,0.0,29.99999999999999,-51.75,-2.987141537818687e-23,0.0,45.0,-51.75,0.0,7,43.28413338365226,24.860000000000003
,-,NO_PATH,1.10581751e-18,0.0,29.99999999999999,-51.75,-2.987141537818687e-23,0.0,45.0,-51.75,0.0,7,43.28413338365226,24.880000000000003
,-,NO_PATH,4.34886877e-19,0.0,29.99999999999999,-51.75,-2.987141537818687e-23,0.0,45.0,-51.75,0.0,7,43.28413338365226,24.900000000000002
,-,NO_PATH,-3.10666363e-19,0.0,29.99999999999999,-51.75,-2.987141537818687e-23,0.0,45.0,-51.75,0.0,7,43.28413338365226,24.921000000000003
,-,NO_PATH,-3.10666363e-19,0.0,29.99999999999999,-51.75,-2.987141537818687e-23,0.0,45.0,-51.75,0.0,7,43.283312777324184,24.94
,-,NO_PATH,-4.69109803e-19,0.0,29.99999999999999,-51.75,-2.987141537818687e-23,0.0,45.0,-51.75,0.0,7,43.283312777324184,24.96
,-,NO_PATH,-4.69109803e-19,0.0,29.99999999999999,-51.75,-2.987141537818687e-23,0.0,45.0,-51.75,0.0,7,43.283312777324184,24.98
,-,NO_PATH,8.50073858e-19,0.0,29.99999999999999,-51.75,-2.987141537818687e-23,0.0,45.0,-51.75,0.0,7,43.283312777324184,25.0
,-,NO_PATH,1.93313361e-19,0.0,29.99999999999999,-51.75,-2.987141537818687e-23,0.0,45.0,-51.75,0.0,7,43.283312777324184,25.021
,-,NO_PATH,4.89118626e-19,0.0,29.99999999999999,-51.75,-2.987141537818687e-23,0.0,45.0,-51.75,0.0,7,43.282326790904214,25.041
,-,NO_PATH,4.89118626e-19,0.0,29.99999999999999,-51.75,-2.987141537818687e-23,0.0,45.0,-51.75,0.0,7,43.282326790904214,25.060000000000002
,-,NO_PATH,3.9143657e-19,0.0,29.99999999999999,-51.75,-2.987141537818687e-23,0.0,45.0,-51.75,0.0,7,43.282326790904214,25.080000000000002
,-,NO_PATH,6.24234356e-19,0.0,29.99999999999999,-51.75,-2.987141537818687e-23,0.0,45.0,-51.75,0.0,7,43.282326790904214,25.101000000000003
,-,NO_PATH,4.74389487e-19,0.0,29.99999999999999,-51.75,-2.987141537818687e-23,0.0,45.0,-51.75,0.0,7,43.282326790904214,25.12
,-,NO_PATH,9.2443323e-19,0.0,29.99999999999999,-51.75,-2.987141537818687e-23,0.0,45.0,-51.75,0.0,7,43.282326790904214,25.14
,-,NO_PATH,9.2443323e-19,0.0,29.99999999999999,-51.75,-2.987141537818687e-23,0.0,45.0,-51.75,0.0,7,43.280874315934426,25.16
,-,NO_PATH,-3.84819805e-19,0.0,29.99999999999999,-51.75,-2.987141537818687e-23,0.0,45.0,-51.75,0.0,7,43.280874315934426,25.180000000000003
,-,NO_PATH,6.31361588e-19,0.0,29.99999999999999,-51.75,-2.987141537818687e-23,0.0,45.0,-51.75,0.0,7,43.280874315934426,25.200000000000003
,-,NO_PATH,3.40277256e-19,0.0,29.99999999999999,-51.75,-2.987141537818687e-23,0.0,45.0,-51.75,0.0,7,43.280874315934426,25.220000000000002
,-,NO_PATH,5.26527717e-19,0.0,29.99999999999999,-51.75,-2.987141537818687e-23,0.0,45.0,-51.75,0.0,7,43.281610307113056,25.240000000000002
,-,NO_PATH,5.26527717e-19,0.0,29.99999999999999,-51.75,-2.987141537818687e-23,0.0,45.0,-51.75,0.0,7,43.281610307113056,25.26
,-,NO_PATH,4.00815021e-19,0.0,29.99999999999999,-51.75,-2.987141537818687e-23,0.0,45.0,-51.75,0.0,7,43.281610307113056,25.28
,-,NO_PATH,4.00815021e-19,0.0,29.99999999999999,-51.75,-2.987141537818687e-23,0.0,45.0,-51.75,0.0,7,43.281610307113056,25.3
,-,NO_PATH,2.6434389e-20,0.0,29.99999999999999,-51.75,-2.987141537818687e-23,0.0,45.0,-51.75,0.0,7,43.281610307113056,25.32
,-,NO_PATH,-5.89697677e-20,0.0,29.99999999999999,-51.75,-2.987141537818687e-23,0.0,45.0,-51.75,0.0,7,43.281610307113056,25.34
,-,NO_PATH,-5.89697677e-20,0.0,29.99999999999999,-51.75,-2.987141537818687e-23,0.0,45.0,-51.75,0.0,7,43.28187877941104,25.360000000000003
,-,NO_PATH,3.01318453e-19,0.0,29.99999999999999,-51.75,-2.987141537818687e-23,0.0,45.0,-51.75,0.0,7,43.28187877941104,25.380000000000003
,-,NO_PATH,5.05530319e-19,0.0,29.99999999999999,-51.75,-2.987141537818687e-23,0.0,45.0,-51.75,0.0,7,43.28187877941104,25.400000000000002
,-,NO_PATH,5.05530319e-19,0.0,29.99999999999999,-51.75,-2.987141537818687e-23,0.0,45.0,-51.75,0.0,7,43.28187877941104,25.42
,-,NO_PATH,8.16262141e-19,0.0,29.99999999999999,-51.75,-2.987141537818687e-23,0.0,45.0,-51.75,0.0,7,43.28150825113103,25.44
,-,NO_PATH,8.16262141e-19,0.0,29.99999999999999,-51.75,-2.987141537818687e-23,0.0,45.0,-51.75,0.0,7,43.28150825113103,25.46
,-,NO_PATH,2.18678783e-19,0.0,29.99999999999999,-51.75,-2.987141537818687e-23,0.0,45.0,-51.75,0.0,7,43.28150825113103,25.48
,-,NO_PATH,2.18678783e-19,0.0,29.99999999999999,-51.75,-2.987141537818687e-23,0.0,45.0,-51.75,0.0,7,43.28150825113103,25.5
,-,NO_PATH,5.83873093e-19,0.0,29.99999999999999,-51.75,-2.987141537818687e-23,0.0,45.0,-51.75,0.0,7,43.28150825113103,25.522000000000002
,-,NO_PATH,9.0157847e-19,0.0,29.99999999999999,-51.75,-2.987141537818687e-23,0.0,45.0,-51.75,0.0,7,43.2827390725165,25.541
,-,NO_PATH,-1.73284315e-20,0.0,29.99999999999999,-51.75,-2.987141537818687e-23,0.0,45.0,-51.75,0.0,7,43.2827390725165,25.561
,-,NO_PATH,8.87856193e-19,0.0,29.99999999999999,-51.75,-2.987141537818687e-23,0.0,45.0,-51.75,0.0,7,43.2827390725165,25.580000000000002
,-,NO_PATH,7.52421655e-19,0.0,29.99999999999999,-51.75,-2.987141537818687e-23,0.0,45.0,-51.75,0.0,7,43.2827390725165,25.6
,-,NO_PATH,3.89417558e-20,0.0,29.99999999999999,-51.75,-2.987141537818687e-23,0.0,45.0,-51.75,0.0,7,43.2827390725165,25.62
,-,NO_PATH,-1.99607117e-20,0.0,29.99999999999999,-51.75,-2.987141537818687e-23,0.0,45.0,-51.75,0.0,7,43.28240160711873,25.64
,-,NO_PATH,9.40872172e-19,0.0,29.99999999999999,-51.75,-2.987141537818687e-23,0.0,45.0,-51.75,0.0,7,43.28240160711873,25.66
,-,NO_PATH,1.01661573e-18,0.0,29.99999999999999,-51.75,-2.987141537818687e-23,0.0,45.0,-51.75,0.0,7,43.28240160711873,25.680000000000003
,-,NO_PATH,4.87158504e-19,0.0,29.99999999999999,-51.75,-2.987141537818687e-23,0.0,45.0,-51.75,0.0,7,43.28240160711873,25.701
,-,NO_PATH,4.87158504e-19,0.0,29.99999999999999,-51.75,-2.987141537818687e-23,0.0,45.0,-51.75,0.0,7,43.28240160711873,25.720000000000002
,-,NO_PATH,1.21073215e-18,0.0,29.99999999999999,-51.75,-2.987141537818687e-23,0.0,45.0,-51.75,0.0,7,43.28240160711873,25.741000000000003
,-,NO_PATH,5.91747176e-19,0.0,29.99999999999999,-51.75,-2.987141537818687e-23,0.0,45.0,-51.75,0.0,7,43.28214946012997,25.76
,-,NO_PATH,5.40416258e-19,0.0,29.99999999999999,-51.75,-2.987141537818687e-23,0.0,45.0,-51.75,0.0,7,43.28214946012997,25.78
,-,NO_PATH,7.0748706e-19,0.0,29.99999999999999,-51.75,-2.987141537818687e-23,0.0,45.0,-51.75,0.0,7,43.28214946012997,25.8
,-,NO_PATH,7.0748706e-19,0.0,29.99999999999999,-51.75,-2.987141537818687e-23,0.0,45.0,-51.75,0.0,7,43.28214946012997,25.82
,-,NO_PATH,1.26564832e-19,0.0,29.99999999999999,-51.75,-2.987141537818687e-23,0.0,45.0,-51.75,0.0,7,43.283310643535735,25.84
,-,NO_PATH,7.35453009e-19,0.0,29.99999999999999,-51.75,-2.987141537818687e-23,0.0,45.0,-51.75,0.0,7,43.283310643535735,25.860000000000003
,-,NO_PATH,7.54086217e-19,0.0,29.99999999999999,-51.75,-2.987141537818687e-23,0.0,45.0,-51.75,0.0,7,43.283310643535735,25.880000000000003
,-,NO_PATH,3.70664105e-19,0.0,29.99999999999999,-51.75,-2.987141537818687e-23,0.0,45.0,-51.75,0.0,7,43.283310643535735,25.900000000000002
,-,NO_PATH,1.02321981e-18,0.0,29.99999999999999,-51.75,-2.987141537818687e-23,0.0,45.0,-51.75,0.0,7,43.283310643535735,25.92
,-,NO_PATH,2.17139607e-19,0.0,29.99999999999999,-51.75,-2.987141537818687e-23,0.0,45.0,-51.75,0.0,7,43.28419863496429,25.94
,-,NO_PATH,2.17139607e-19,0.0,29.99999999999999,-51.75,-2.987141537818687e-23,0.0,45.0,-51.75,0.0,7,43.28419863496429,25.96
,-,NO_PATH,3.40687924e-20,0.0,29.99999999999999,-51.75,-2.987141537818687e-23,0.0,45.0,-51.75,0.0,7,43.28419863496429,25.98
,-,NO_PATH,3.12234769e-19,0.0,29.99999999999999,-51.75,-2.987141537818687e-23,0.0,45.0,-51.75,0.0,7,43.28419863496429,26.001
,-,NO_PATH,2.02029158e-20,0.0,29.99999999999999,-51.75,-2.987141537818687e-23,0.0,45.0,-51.75,0.0,7,43.28419863496429,26.020000000000003
,-,NO_PATH,7.8272888e-19,0.0,29.99999999999999,-51.75,-2.987141537818687e-23,0.0,45.0,-51.75,0.0,7,43.28304122541663,26.040000000000003
,-,NO_PATH,-6.89067092e-20,0.0,29.99999999999999,-51.75,-2.987141537818687e-23,0.0,45.0,-51.75,0.0,7,43.28304122541663,26.060000000000002
,-,NO_PATH,7.22560135e-19,0.0,29.99999999999999,-51.75,-2.987141537818687e-23,0.0,45.0,-51.75,0.0,7,43.28304122541663,26.080000000000002
,-,NO_PATH,5.72720449e-19,0.0,29.99999999999999,-51.75,-2.987141537818687e-23,0.0,45.0,-51.75,0.0,7,43.28304122541663,26.1
,-,NO_PATH,4.61107663e-19,0.0,29.99999999999999,-51.75,-2.987141537818687e-23,0.0,45.0,-51.75,0.0,7,43.28304122541663,26.121000000000002
,-,NO_PATH,1.51723975e-19,0.0,29.99999999999999,-51.75,-2.987141537818687e-23,0.0,45.0,-51.75,0.0,7,43.28304122541663,26.14
,-,NO_PATH,1.51723975e-19,0.0,29.99999999999999,-51.75,-2.987141537818687e-23,0.0,45.0,-51.75,0.0,7,43.28365701299658,26.16
,-,NO_PATH,1.06620326e-18,0.0,29.99999999999999,-51.75,-2.987141537818687e-23,0.0,45.0,-51.75,0.0,7,43.28365701299658,26.180000000000003
,-,NO_PATH,1.06620326e-18,0.0,29.99999999999999,-51.75,-2.987141537818687e-23,0.0,45.0,-51.75,0.0,7,43.28365701299658,26.200000000000003
,-,NO_PATH,-1.38257005e-20,0.0,29.99999999999999,-51.75,-2.987141537818687e-23,0.0,45.0,-51.75,0.0,7,43.28365701299658,26.221
,-,NO_PATH,6.07266741e-19,0.0,29.99999999999999,-51.75,-2.987141537818687e-23,0.0,45.0,-51.75,0.0,7,43.28349854996605,26.240000000000002
,-,NO_PATH,6.07266741e-19,0.0,29.99999999999999,-51.75,-2.987141537818687e-23,0.0,45.0,-51.75,0.0,7,43.28349854996605,26.26
,-,NO_PATH,8.7894695e-19,0.0,29.99999999999999,-51.75,-2.987141537818687e-23,0.0,45.0,-51.75,0.0,7,43.28349854996605,26.28
,-,NO_PATH,8.7894695e-19,0.0,29.99999999999999,-51.75,-2.987141537818687e-23,0.0,45.0,-51.75,0.0,7,43.28349854996605,26.3
,-,NO_PATH,-6.48228302e-19,0.0,29.99999999999999,-51.75,-2.987141537818687e-23,0.0,45.0,-51.75,0.0,7,43.28349854996605,26.32
,-,NO_PATH,-6.48228302e-19,0.0,29.99999999999999,-51.75,-2.987141537818687e-23,0.0,45.0,-51.75,0.0,7,43.28255330762471,26.340000000000003
,-,NO_PATH,3.70735273e-19,0.0,29.99999999999999,-51.75,-2.987141537818687e-23,0.0,45.0,-51.75,0.0,7,43.28255330762471,26.360000000000003
,-,NO_PATH,6.59165486e-19,0.0,29.99999999999999,-51.75,-2.987141537818687e-23,0.0,45.0,-51.75,0.0,7,43.28255330762471,26.381
,-,NO_PATH,3.33904279e-19,0.0,29.99999999999999,-51.75,-2.987141537818687e-23,0.0,45.0,-51.75,0.0,7,43.28255330762471,26.401000000000003
,-,NO_PATH,1.28008465e-19,0.0,29.99999999999999,-51.75,-2.987141537818687e-23,0.0,45.0,-51.75,0.0,7,43.28255330762471,26.421000000000003
,-,NO_PATH,1.28008465e-19,0.0,29.99999999999999,-51.75,-2.987141537818687e-23,0.0,45.0,-51.75,0.0,7,43.28319892154462,26.44
,-,NO_PATH,6.30420291e-19,0.0,29.99999999999999,-51.75,-2.987141537818687e-23,0.0,45.0,-51.75,0.0,7,43.28319892154462,26.46
,-,NO_PATH,1.62262494e-19,0.0,29.99999999999999,-51.75,-2.987141537818687e-23,0.0,45.0,-51.75,0.0,7,43.28319892154462,26.48
,-,NO_PATH,5.93984173e-19,0.0,29.99999999999999,-51.75,-2.987141537818687e-23,0.0,45.0,-51.75,0.0,7,43.28319892154462,26.5
,-,NO_PATH,5.93984173e-19,0.0,29.99999999999999,-51.75,-2.987141537818687e-23,0.0,45.0,-51.75,0.0,7,43.28319892154462,26.522000000000002
,-,NO_PATH,9.78846889e-19,0.0,29.99999999999999,-51.75,-2.987141537818687e-23,0.0,45.0,-51.75,0.0,7,43.282322292851326,26.541
,-,NO_PATH,1.1472422e-18,0.0,29.99999999999999,-51.75,-2.987141537818687e-23,0.0,45.0,-51.75,0.0,7,43.282322292851326,26.560000000000002
,-,NO_PATH,-2.57577831e-19,0.0,29.99999999999999,-51.75,-2.987141537818687e-23,0.0,45.0,-51.75,0.0,7,43.282322292851326,26.580000000000002
,-,NO_PATH,6.33347089e-19,0.0,29.99999999999999,-51.75,-2.987141537818687e-23,0.0,45.0,-51.75,0.0,7,43.282322292851326,26.601000000000003
,-,NO_PATH,4.84440763e-19,0.0,29.99999999999999,-51.75,-2.987141537818687e-23,0.0,45.0,-51.75,0.0,7,43.282322292851326,26.621000000000002
,-,NO_PATH,4.84440763e-19,0.0,29.99999999999999,-51.75,-2.987141537818687e-23,0.0,45.0,-51.75,0.0,7,43.28164771708715,26.64
,-,NO_PATH,8.98274687e-19,0.0,29.99999999999999,-51.75,-2.987141537818687e-23,0.0,45.0,-51.75,0.0,7,43.28164771708715,26.66
,-,NO_PATH,8.98274687e-19,0.0,29.99999999999999,-51.75,-2.987141537818687e-23,0.0,45.0,-51.75,0.0,7,43.28164771708715,26.680000000000003
,-,NO_PATH,1.77369972e-19,0.0,29.99999999999999,-51.75,-2.987141537818687e-23,0.0,45.0,-51.75,0.0,7,43.28164771708715,26.701
,-,NO_PATH,1.77369972e-19,0.0,29.99999999999999,-51.75,-2.987141537818687e-23,0.0,45.0,-51.75,0.0,7,43.28164771708715,26.720000000000002
,-,NO_PATH,4.11806781e-19,0.0,29.99999999999999,-51.75,-2.987141537818687e-23,0.0,45.0,-51.75,0.0,7,43.28300368227037,26.740000000000002
,-,NO_PATH,6.33740315e-19,0.0,29.99999999999999,-51.75,-2.987141537818687e-23,0.0,45.0,-51.75,0.0,7,43.28300368227037,26.76
,-,NO_PATH,3.71697728e-19,0.0,29.99999999999999,-51.75,-2.987141537818687e-23,0.0,45.0,-51.75,0.0,7,43.28300368227037,26.781000000000002
,-,NO_PATH,9.13827754e-19,0.0,29.99999999999999,-51.75,-2.987141537818687e-23,0.0,45.0,-51.75,0.0,7,43.28300368227037,26.8
,-,NO_PATH,8.2671827e-19,0.0,29.99999999999999,-51.75,-2.987141537818687e-23,0.0,45.0,-51.75,0.0,7,43.28300368227037,26.822000000000003
,-,NO_PATH,7.52011276e-19,0.0,29.99999999999999,-51.75,-2.987141537818687e-23,0.0,45.0,-51.75,0.0,7,43.282587754426366,26.840000000000003
,-,NO_PATH,1.13432263e-19,0.0,29.99999999999999,-51.75,-2.987141537818687e-23,0.0,45.0,-51.75,0.0,7,43.282587754426366,26.860000000000003
,-,NO_PATH,9.3336788e-19,0.0,29.99999999999999,-51.75,-2.987141537818687e-23,0.0,45.0,-51.75,0.0,7,43.282587754426366,26.880000000000003
,-,NO_PATH,5.38418449e-19,0.0,29.99999999999999,-51.75,-2.987141537818687e-23,0.0,45.0,-51.75,0.0,7,43.282587754426366,26.900000000000002
,-,NO_PATH,6.9614893e-19,0.0,29.99999999999999,-51.75,-2.987141537818687e-23,0.0,45.0,-51.75,0.0,7,43.282587754426366,26.921000000000003
,-,NO_PATH,6.9614893e-19,0.0,29.99999999999999,-51.75,-2.987141537818687e-23,0.0,45.0,-51.75,0.0,7,43.282845354275736,26.94
,-,NO_PATH,7.31303832e-19,0.0,29.99999999999999,-51.75,-2.987141537818687e-23,0.0,45.0,-51.75,0.0,7,43.282845354275736,26.96
,-,NO_PATH,2.44894631e-19,0.0,29.99999999999999,-51.75,-2.987141537818687e-23,0.0,45.0,-51.75,0.0,7,43.282845354275736,26.98
,-,NO_PATH,5.58085873e-19,0.0,29.99999999999999,-51.75,-2.987141537818687e-23,0.0,45.0,-51.75,0.0,7,43.282845354275736,27.0
,-,NO_PATH,3.93936864e-19,0.0,29.99999999999999,-51.75,-2.987141537818687e-23,0.0,45.0,-51.75,0.0,7,43.282845354275736,27.021
,-,NO_PATH,3.93936864e-19,0.0,29.99999999999999,-51.75,-2.987141537818687e-23,0.0,45.0,-51.75,0.0,7,43.282845354275736,27.040000000000003
,-,NO_PATH,5.1885438e-19,0.0,29.99999999999999,-51.75,-2.987141537818687e-23,0.0,45.0,-51.75,0.0,7,43.282962517754974,27.060000000000002
,-,NO_PATH,5.1885438e-19,0.0,29.99999999999999,-51.75,-2.987141537818687e-23,0.0,45.0,-51.75,0.0,7,43.282962517754974,27.080000000000002
,-,NO_PATH,6.96495254e-19,0.0,29.99999999999999,-51.75,-2.987141537818687e-23,0.0,45.0,-51.75,0.0,7,43.282962517754974,27.1
,-,NO_PATH,8.96633636e-19,0.0,29.99999999999999,-51.75,-2.987141537818687e-23,0.0,45.0,-51.75,0.0,7,43.282962517754974,27.12
,-,NO_PATH,-6.50396836e-19,0.0,29.99999999999999,-51.75,-2.987141537818687e-23,0.0,45.0,-51.75,0.0,7,43.2837192994219,27.14
,-,NO_PATH,-6.50396836e-19,0.0,29.99999999999999,-51.75,-2.987141537818687e-23,0.0,45.0,-51.75,0.0,7,43.2837192994219,27.16
,-,NO_PATH,2.47046691e-19,0.0,29.99999999999999,-51.75,-2.987141537818687e-23,0.0,45.0,-51.75,0.0,7,43.2837192994219,27.180000000000003
,-,NO_PATH,3.00679975e-19,0.0,29.99999999999999,-51.75,-2.987141537818687e-23,0.0,45.0,-51.75,0.0,7,43.2837192994219,27.200000000000003
,-,NO_PATH,3.00679975e-19,0.0,29.99999999999999,-51.75,-2.987141537818687e-23,0.0,45.0,-51.75,0.0,7,43.2837192994219,27.220000000000002
,-,NO_PATH,4.98376578e-19,0.0,29.99999999999999,-51.75,-2.987141537818687e-23,0.0,45.0,-51.75,0.0,7,43.284257189543226,27.240000000000002
,-,NO_PATH,9.08152431e-19,0.0,29.99999999999999,-51.75,-2.987141537818687e-23,0.0,45.0,-51.75,0.0,7,43.284257189543226,27.261000000000003
,-,NO_PATH,9.08318102e-20,0.0,29.99999999999999,-51.75,-2.987141537818687e-23,0.0,45.0,-51.75,0.0,7,43.284257189543226,27.28
,-,NO_PATH,5.86271752e-20,0.0,29.99999999999999,-51.75,-2.987141537818687e-23,0.0,45.0,-51.75,0.0,7,43.284257189543226,27.3
,-,NO_PATH,5.86271752e-20,0.0,29.99999999999999,-51.75,-2.987141537818687e-23,0.0,45.0,-51.75,0.0,7,43.284257189543226,27.321
,-,NO_PATH,3.6230042e-19,0.0,29.99999999999999,-51.75,-2.987141537818687e-23,0.0,45.0,-51.75,0.0,7,43.284257189543226,27.341
,-,NO_PATH,5.82291086e-20,0.0,29.99999999999999,-51.75,-2.987141537818687e-23,0.0,45.0,-51.75,0.0,7,43.28389349460028,27.360000000000003
,-,NO_PATH,7.6084237e-19,0.0,29.99999999999999,-51.75,-2.987141537818687e-23,0.0,45.0,-51.75,0.0,7,43.28389349460028,27.380000000000003
,-,NO_PATH,7.6084237e-19,0.0,29.99999999999999,-51.75,-2.987141537818687e-23,0.0,45.0,-51.75,0.0,7,43.28389349460028,27.400000000000002
,-,NO_PATH,7.04330206e-19,0.0,29.99999999999999,-51.75,-2.987141537818687e-23,0.0,45.0,-51.75,0.0,7,43.28389349460028,27.42
,-,NO_PATH,7.04330206e-19,0.0,29.99999999999999,-51.75,-2.987141537818687e-23,0.0,45.0,-51.75,0.0,7,43.28363881938832,27.44
,-,NO_PATH,-2.32111121e-19,0.0,29.99999999999999,-51.75,-2.987141537818687e-23,0.0,45.0,-51.75,0.0,7,43.28363881938832,27.46
,-,NO_PATH,-2.32111121e-19,0.0,29.99999999999999,-51.75,-2.987141537818687e-23,0.0,45.0,-51.75,0.0,7,43.28363881938832,27.48
,-,NO_PATH,5.87183774e-19,0.0,29.99999999999999,-51.75,-2.987141537818687e-23,0.0,45.0,-51.75,0.0,7,43.28363881938832,27.5
,-,NO_PATH,8.17759768e-19,0.0,29.99999999999999,-51.75,-2.987141537818687e-23,0.0,45.0,-51.75,0.0,7,43.28363881938832,27.520000000000003
,-,NO_PATH,3.88507992e-19,0.0,29.99999999999999,-51.75,-2.987141537818687e-23,0.0,45.0,-51.75,0.0,7,43.283857378954266,27.540000000000003
,-,NO_PATH,3.34641289e-19,0.0,29.99999999999999,-51.75,-2.987141537818687e-23,0.0,45.0,-51.75,0.0,7,43.283857378954266,27.560000000000002
,-,NO_PATH,3.42126067e-19,0.0,29.99999999999999,-51.75,-2.987141537818687e-23,0.0,45.0,-51.75,0.0,7,43.283857378954266,27.580000000000002
,-,NO_PATH,7.27136037e-19,0.0,29.99999999999999,-51.75,-2.987141537818687e-23,0.0,45.0,-51.75,0.0,7,43.283857378954266,27.6
,-,NO_PATH,2.51598263e-19,0.0,29.99999999999999,-51.75,-2.987141537818687e-23,0.0,45.0,-51.75,0.0,7,43.28368645530176,27.62
,-,NO_PATH,2.51598263e-19,0.0,29.99999999999999,-51.75,-2.987141537818687e-23,0.0,45.0,-51.75,0.0,7,43.28368645530176,27.64
,-,NO_PATH,5.34900911e-19,0.0,29.99999999999999,-51.75,-2.987141537818687e-23,0.0,45.0,-51.75,0.0,7,43.28368645530176,27.66
,-,NO_PATH,1.14857524e-18,0.0,29.99999999999999,-51.75,-2.987141537818687e-23,0.0,45.0,-51.75,0.0,7,43.28368645530176,27.681
,-,NO_PATH,1.14857524e-18,0.0,29.99999999999999,-51.75,-2.987141537818687e-23,0.0,45.0,-51.75,0.0,7,43.28368645530176,27.700000000000003
,-,NO_PATH,8.75701621e-19,0.0,29.99999999999999,-51.75,-2.987141537818687e-23,0.0,45.0,-51.75,0.0,7,43.28368645530176,27.721
,-,NO_PATH,6.91492894e-19,0.0,29.99999999999999,-51.75,-2.987141537818687e-23,0.0,45.0,-51.75,0.0,7,43.28477988458705,27.740000000000002
,-,NO_PATH,6.91492894e-19,0.0,29.99999999999999,-51.75,-2.987141537818687e-23,0.0,45.0,-51.75,0.0,7,43.28477988458705,27.76
,-,NO_PATH,1.16672585e-18,0.0,29.99999999999999,-51.75,-2.987141537818687e-23,0.0,45.0,-51.75,0.0,7,43.28477988458705,27.78
,-,NO_PATH,4.94900546e-19,0.0,29.99999999999999,-51.75,-2.987141537818687e-23,0.0,45.0,-51.75,0.0,7,43.28477988458705,27.8
,-,NO_PATH,1.52739942e-19,0.0,29.99999999999999,-51.75,-2.987141537818687e-23,0.0,45.0,-51.75,0.0,7,43.28477988458705,27.82
,-,NO_PATH,6.92277707e-19,0.0,29.99999999999999,-51.75,-2.987141537818687e-23,0.0,45.0,-51.75,0.0,7,43.28542216316589,27.840000000000003
,-,NO_PATH,6.92277707e-19,0.0,29.99999999999999,-51.75,-2.987141537818687e-23,0.0,45.0,-51.75,0.0,7,43.28542216316589,27.860000000000003
,-,NO_PATH,1.96669178e-19,0.0,29.99999999999999,-51.75,-2.987141537818687e-23,0.0,45.0,-51.75,0.0,7,43.28542216316589,27.880000000000003
,-,NO_PATH,2.10702786e-19,0.0,29.99999999999999,-51.75,-2.987141537818687e-23,0.0,45.0,-51.75,0.0,7,43.28542216316589,27.900000000000002
,-,NO_PATH,8.340155e-19,0.0,29.99999999999999,-51.75,-2.987141537818687e-23,0.0,45.0,-51.75,0.0,7,43.28542216316589,27.92
,-,NO_PATH,8.340155e-19,0.0,29.99999999999999,-51.75,-2.987141537818687e-23,0.0,45.0,-51.75,0.0,7,43.28506688705947,27.94
,-,NO_PATH,3.93337652e-19,0.0,29.99999999999999,-51.75,-2.987141537818687e-23,0.0,45.0,-51.75,0.0,7,43.28506688705947,27.961000000000002
,-,NO_PATH,3.93337652e-19,0.0,29.99999999999999,-51.75,-2.987141537818687e-23,0.0,45.0,-51.75,0.0,7,43.28506688705947,27.98
,-,NO_PATH,3.17437002e-19,0.0,29.99999999999999,-51.75,-2.987141537818687e-23,0.0,45.0,-51.75,0.0,7,43.28506688705947,28.001
,-,NO_PATH,8.3390778e-19,0.0,29.99999999999999,-51.75,-2.987141537818687e-23,0.0,45.0,-51.75,0.0,7,43.28506688705947,28.020000000000003
,-,NO_PATH,2.86918718e-19,0.0,29.99999999999999,-51.75,-2.987141537818687e-23,0.0,45.0,-51.75,0.0,7,43.28506688705947,28.040000000000003
,-,NO_PATH,5.07124835e-19,0.0,29.99999999999999,-51.75,-2.987141537818687e-23,0.0,45.0,-51.75,0.0,7,43.285363111444354,28.060000000000002
,-,NO_PATH,5.07124835e-19,0.0,29.99999999999999,-51.75,-2.987141537818687e-23,0.0,45.0,-51.75,0.0,7,43.285363111444354,28.080000000000002
,-,NO_PATH,1.39829844e-18,0.0,29.99999999999999,-51.75,-2.987141537818687e-23,0.0,45.0,-51.75,0.0,7,43.285363111444354,28.1
,-,NO_PATH,2.18174783e-19,0.0,29.99999999999999,-51.75,-2.987141537818687e-23,0.0,45.0,-51.75,0.0,7,43.285363111444354,28.12
,-,NO_PATH,2.18174783e-19,0.0,29.99999999999999,-51.75,-2.987141537818687e-23,0.0,45.0,-51.75,0.0,7,43.28468075190793,28.14
,-,NO_PATH,3.1550611e-20,0.0,29.99999999999999,-51.75,-2.987141537818687e-23,0.0,45.0,-51.75,0.0,7,43.28468075190793,28.16
,-,NO_PATH,5.04985987e-19,0.0,29.99999999999999,-51.75,-2.987141537818687e-23,0.0,45.0,-51.75,0.0,7,43.28468075190793,28.180000000000003
,-,NO_PATH,6.3616145e-19,0.0,29.99999999999999,-51.75,-2.987141537818687e-23,0.0,45.0,-51.75,0.0,7,43.28468075190793,28.200000000000003
,-,NO_PATH,5.0700033e-19,0.0,29.99999999999999,-51.75,-2.987141537818687e-23,0.0,45.0,-51.75,0.0,7,43.28468075190793,28.220000000000002
,-,NO_PATH,4.88189779e-20,0.0,29.99999999999999,-51.75,-2.987141537818687e-23,0.0,45.0,-51.75,0.0,7,43.28468075190793,28.240000000000002
,-,NO_PATH,4.88189779e-20,0.0,29.99999999999999,-51.75,-2.987141537818687e-23,0.0,45.0,-51.75,0.0,7,43.285023079441224,28.261000000000003
,-,NO_PATH,9.83541073e-19,0.0,29.99999999999999,-51.75,-2.987141537818687e-23,0.0,45.0,-51.75,0.0,7,43.285023079441224,28.28
,-,NO_PATH,9.83541073e-19,0.0,29.99999999999999,-51.75,-2.987141537818687e-23,0.0,45.0,-51.75,0.0,7,43.285023079441224,28.301000000000002
,-,NO_PATH,9.00507142e-19,0.0,29.99999999999999,-51.75,-2.987141537818687e-23,0.0,45.0,-51.75,0.0,7,43.285023079441224,28.32
,-,NO_PATH,8.12094822e-19,0.0,29.99999999999999,-51.75,-2.987141537818687e-23,0.0,45.0,-51.75,0.0,7,43.285023079441224,28.340000000000003
,-,NO_PATH,5.16803961e-19,0.0,29.99999999999999,-51.75,-2.987141537818687e-23,0.0,45.0,-51.75,0.0,7,43.28494478722092,28.360000000000003
,-,NO_PATH,1.09206871e-18,0.0,29.99999999999999,-51.75,-2.987141537818687e-23,0.0,45.0,-51.75,0.0,7,43.28494478722092,28.380000000000003
,-,NO_PATH,5.39277693e-19,0.0,29.99999999999999,-51.75,-2.987141537818687e-23,0.0,45.0,-51.75,0.0,7,43.28494478722092,28.400000000000002
,-,NO_PATH,3.39286829e-19,0.0,29.99999999999999,-51.75,-2.987141537818687e-23,0.0,45.0,-51.75,0.0,7,43.28494478722092,28.421000000000003
,-,NO_PATH,4.19482347e-19,0.0,29.99999999999999,-51.75,-2.987141537818687e-23,0.0,45.0,-51.75,0.0,7,43.28494478722092,28.44
,-,NO_PATH,9.68900344e-19,0.0,29.99999999999999,-51.75,-2.987141537818687e-23,0.0,45.0,-51.75,0.0,7,43.28481224976575,28.46
,-,NO_PATH,9.68900344e-19,0.0,29.99999999999999,-51.75,-2.987141537818687e-23,0.0,45.0,-51.75,0.0,7,43.28481224976575,28.48
,-,NO_PATH,3.69192088e-19,0.0,29.99999999999999,-51.75,-2.987141537818687e-23,0.0,45.0,-51.75,0.0,7,43.28481224976575,28.501
,-,NO_PATH,-6.52640552e-20,0.0,29.99999999999999,-51.75,-2.987141537818687e-23,0.0,45.0,-51.75,0.0,7,43.28481224976575,28.520000000000003
,-,NO_PATH,4.27811939e-19,0.0,29.99999999999999,-51.75,-2.987141537818687e-23,0.0,45.0,-51.75,0.0,7,43.28412221538231,28.541
,-,NO_PATH,5.02400061e-19,0.0,29.99999999999999,-51.75,-2.987141537818687e-23,0.0,45.0,-51.75,0.0,7,43.28412221538231,28.560000000000002
,-,NO_PATH,6.46593574e-19,0.0,29.99999999999999,-51.75,-2.987141537818687e-23,0.0,45.0,-51.75,0.0,7,43.28412221538231,28.580000000000002
,-,NO_PATH,7.17499934e-19,0.0,29.99999999999999,-51.75,-2.987141537818687e-23,0.0,45.0,-51.75,0.0,7,43.28412221538231,28.6
,-,NO_PATH,7.17499934e-19,0.0,29.99999999999999,-51.75,-2.987141537818687e-23,0.0,45.0,-51.75,0.0,7,43.28412221538231,28.62
,-,NO_PATH,4.68674064e-19,0.0,29.99999999999999,-51.75,-2.987141537818687e-23,0.0,45.0,-51.75,0.0,7,43.28452423669863,28.64
,-,NO_PATH,2.53940523e-20,0.0,29.99999999999999,-51.75,-2.987141537818687e-23,0.0,45.0,-51.75,0.0,7,43.28452423669863,28.66
,-,NO_PATH,2.40988501e-19,0.0,29.99999999999999,-51.75,-2.987141537818687e-23,0.0,45.0,-51.75,0.0,7,43.28452423669863,28.680000000000003
,-,NO_PATH,2.40988501e-19,0.0,29.99999999999999,-51.75,-2.987141537818687e-23,0.0,45.0,-51.75,0.0,7,43.28452423669863,28.700000000000003
,-,NO_PATH,2.81438081e-19,0.0,29.99999999999999,-51.75,-2.987141537818687e-23,0.0,45.0,-51.75,0.0,7,43.28452423669863,28.720000000000002
,-,NO_PATH,8.19706407e-19,0.0,29.99999999999999,-51.75,-2.987141537818687e-23,0.0,45.0,-51.75,0.0,7,43.28519471421734,28.741000000000003
,-,NO_PATH,8.87612211e-19,0.0,29.99999999999999,-51.75,-2.987141537818687e-23,0.0,45.0,-51.75,0.0,7,43.28519471421734,28.761000000000003
,-,NO_PATH,4.69632809e-19,0.0,29.99999999999999,-51.75,-2.987141537818687e-23,0.0,45.0,-51.75,0.0,7,43.28519471421734,28.78
,-,NO_PATH,9.40876979e-19,0.0,29.99999999999999,-51.75,-2.987141537818687e-23,0.0,45.0,-51.75,0.0,7,43.28519471421734,28.8
,-,NO_PATH,9.40876979e-19,0.0,29.99999999999999,-51.75,-2.987141537818687e-23,0.0,45.0,-51.75,0.0,7,43.28519471421734,28.82
,-,NO_PATH,8.49617142e-19,0.0,29.99999999999999,-51.75,-2.987141537818687e-23,0.0,45.0,-51.75,0.0,7,43.28311646868188,28.841
,-,NO_PATH,2.53626834e-19,0.0,29.99999999999999,-51.75,-2.987141537818687e-23,0.0,45.0,-51.75,0.0,7,43.28311646868188,28.860000000000003
,-,NO_PATH,2.15708093e-20,0.0,29.99999999999999,-51.75,-2.987141537818687e-23,0.0,45.0,-51.75,0.0,7,43.28311646868188,28.880000000000003
,-,NO_PATH,6.22630619e-19,0.0,29.99999999999999,-51.75,-2.987141537818687e-23,0.0,45.0,-51.75,0.0,7,43.28311646868188,28.902
,-,NO_PATH,5.20714101e-19,0.0,29.99999999999999,-51.75,-2.987141537818687e-23,0.0,45.0,-51.75,0.0,7,43.28311646868188,28.92
,-,NO_PATH,5.20714101e-19,0.0,29.99999999999999,-51.75,-2.987141537818687e-23,0.0,45.0,-51.75,0.0,7,43.28311646868188,28.94
,-,NO_PATH,3.14363396e-19,0.0,29.99999999999999,-51.75,-2.987141537818687e-23,0.0,45.0,-51.75,0.0,7,43.283614597297195,28.96
,-,NO_PATH,5.49026804e-19,0.0,29.99999999999999,-51.75,-2.987141537818687e-23,0.0,45.0,-51.75,0.0,7,43.283614597297195,28.981
,-,NO_PATH,5.47890781e-19,0.0,29.99999999999999,-51.75,-2.987141537818687e-23,0.0,45.0,-51.75,0.0,7,43.283614597297195,29.001
,-,NO_PATH,1.35162336e-19,0.0,29.99999999999999,-51.75,-2.987141537818687e-23,0.0,45.0,-51.75,0.0,7,43.283614597297195,29.021
,-,NO_PATH,1.35162336e-19,0.0,29.99999999999999,-51.75,-2.987141537818687e-23,0.0,45.0,-51.75,0.0,7,43.284180984204134,29.040000000000003
,-,NO_PATH,6.68782592e-19,0.0,29.99999999999999,-51.75,-2.987141537818687e-23,0.0,45.0,-51.75,0.0,7,43.284180984204134,29.060000000000002
,-,NO_PATH,6.68782592e-19,0.0,29.99999999999999,-51.75,-2.987141537818687e-23,0.0,45.0,-51.75,0.0,7,43.284180984204134,29.080000000000002
,-,NO_PATH,9.40986878e-19,0.0,29.99999999999999,-51.75,-2.987141537818687e-23,0.0,45.0,-51.75,0.0,7,43.284180984204134,29.101000000000003
,-,NO_PATH,3.44233368e-19,0.0,29.99999999999999,-51.75,-2.987141537818687e-23,0.0,45.0,-51.75,0.0,7,43.284180984204134,29.12
,-,NO_PATH,3.44233368e-19,0.0,29.99999999999999,-51.75,-2.987141537818687e-23,0.0,45.0,-51.75,0.0,7,43.284180984204134,29.14
,-,NO_PATH,3.57889181e-19,0.0,29.99999999999999,-51.75,-2.987141537818687e-23,0.0,45.0,-51.75,0.0,7,43.28470379590195,29.16
,-,NO_PATH,3.57889181e-19,0.0,29.99999999999999,-51.75,-2.987141537818687e-23,0.0,45.0,-51.75,0.0,7,43.28470379590195,29.180000000000003
,-,NO_PATH,4.63124542e-19,0.0,29.99999999999999,-51.75,-2.987141537818687e-23,0.0,45.0,-51.75,0.0,7,43.28470379590195,29.200000000000003
,-,NO_PATH,4.63124542e-19,0.0,29.99999999999999,-51.75,-2.987141537818687e-23,0.0,45.0,-51.75,0.0,7,43.28470379590195,29.220000000000002
,-,NO_PATH,6.0744835e-19,0.0,29.99999999999999,-51.75,-2.987141537818687e-23,0.0,45.0,-51.75,0.0,7,43.28458506114747,29.240000000000002
,-,NO_PATH,6.0744835e-19,0.0,29.99999999999999,-51.75,-2.987141537818687e-23,0.0,45.0,-51.75,0.0,7,43.28458506114747,29.26
,-,NO_PATH,1.76932109e-19,0.0,29.99999999999999,-51.75,-2.987141537818687e-23,0.0,45.0,-51.75,0.0,7,43.28458506114747,29.28
,-,NO_PATH,9.3022242e-20,0.0,29.99999999999999,-51.75,-2.987141537818687e-23,0.0,45.0,-51.75,0.0,7,43.28458506114747,29.302000000000003
,-,NO_PATH,2.13833972e-19,0.0,29.99999999999999,-51.75,-2.987141537818687e-23,0.0,45.0,-51.75,0.0,7,43.28458506114747,29.32
,-,NO_PATH,7.43103691e-19,0.0,29.99999999999999,-51.75,-2.987141537818687e-23,0.0,45.0,-51.75,0.0,7,43.28458506114747,29.341
,-,NO_PATH,7.43103691e-19,0.0,29.99999999999999,-51.75,-2.987141537818687e-23,0.0,45.0,-51.75,0.0,7,43.284569676454325,29.360000000000003
,-,NO_PATH,4.33648819e-19,0.0,29.99999999999999,-51.75,-2.987141537818687e-23,0.0,45.0,-51.75,0.0,7,43.284569676454325,29.380000000000003
,-,NO_PATH,2.55815636e-19,0.0,29.99999999999999,-51.75,-2.987141537818687e-23,0.0,45.0,-51.75,0.0,7,43.284569676454325,29.400000000000002
,-,NO_PATH,-1.22023122e-21,0.0,29.99999999999999,-51.75,-2.987141537818687e-23,0.0,45.0,-51.75,0.0,7,43.284569676454325,29.42
,-,NO_PATH,-1.22023122e-21,0.0,29.99999999999999,-51.75,-2.987141537818687e-23,0.0,45.0,-51.75,0.0,7,43.28568075008033,29.44
,-,NO_PATH,1.17412773e-18,0.0,29.99999999999999,-51.75,-2.987141537818687e-23,0.0,45.0,-51.75,0.0,7,43.28568075008033,29.46
,-,NO_PATH,1.17412773e-18,0.0,29.99999999999999,-51.75,-2.987141537818687e-23,0.0,45.0,-51.75,0.0,7,43.28568075008033,29.48
,-,NO_PATH,1.82562429e-19,0.0,29.99999999999999,-51.75,-2.987141537818687e-23,0.0,45.0,-51.75,0.0,7,43.28568075008033,29.500000000000004
,-,NO_PATH,-1.15859346e-19,0.0,29.99999999999999,-51.75,-2.987141537818687e-23,0.0,45.0,-51.75,0.0,7,43.28665621398598,29.520000000000003
,-,NO_PATH,2.82443551e-19,0.0,29.99999999999999,-51.75,-2.987141537818687e-23,0.0,45.0,-51.75,0.0,7,43.28665621398598,29.540000000000003
,-,NO_PATH,2.82443551e-19,0.0,29.99999999999999,-51.75,-2.987141537818687e-23,0.0,45.0,-51.75,0.0,7,43.28665621398598,29.560000000000002
,-,NO_PATH,-1.65793846e-19,0.0,29.99999999999999,-51.75,-2.987141537818687e-23,0.0,45.0,-51.75,0.0,7,43.28665621398598,29.580000000000002
,-,NO_PATH,2.23823463e-19,0.0,29.99999999999999,-51.75,-2.987141537818687e-23,0.0,45.0,-51.75,0.0,7,43.28665621398598,29.601000000000003
,-,NO_PATH,3.02121353e-19,0.0,29.99999999999999,-51.75,-2.987141537818687e-23,0.0,45.0,-51.75,0.0,7,43.28665621398598,29.624000000000002
,-,NO_PATH,4.76298349e-19,0.0,29.99999999999999,-51.75,-2.987141537818687e-23,0.0,45.0,-51.75,0.0,7,43.2858133588965,29.641000000000002
,-,NO_PATH,4.76298349e-19,0.0,29.99999999999999,-51.75,-2.987141537818687e-23,0.0,45.0,-51.75,0.0,7,43.2858133588965,29.66
,-,NO_PATH,6.06131851e-19,0.0,29.99999999999999,-51.75,-2.987141537818687e-23,0.0,45.0,-51.75,0.0,7,43.2858133588965,29.680000000000003
,-,NO_PATH,6.06131851e-19,0.0,29.99999999999999,-51.75,-2.987141537818687e-23,0.0,45.0,-51.75,0.0,7,43.2858133588965,29.700000000000003
,-,NO_PATH,2.61056711e-19,0.0,29.99999999999999,-51.75,-2.987141537818687e-23,0.0,45.0,-51.75,0.0,7,43.2858133588965,29.720000000000002
,-,NO_PATH,9.0619391e-19,0.0,29.99999999999999,-51.75,-2.987141537818687e-23,0.0,45.0,-51.75,0.0,7,43.2858133588965,29.740000000000002
,-,NO_PATH,-9.00594734e-20,0.0,29.99999999999999,-51.75,-2.987141537818687e-23,0.0,45.0,-51.75,0.0,7,43.28529680680853,29.76
,-,NO_PATH,1.34320006e-19,0.0,29.99999999999999,-51.75,-2.987141537818687e-23,0.0,45.0,-51.75,0.0,7,43.28529680680853,29.78
,-,NO_PATH,8.02712108e-19,0.0,29.99999999999999,-51.75,-2.987141537818687e-23,0.0,45.0,-51.75,0.0,7,43.28529680680853,29.8
,-,NO_PATH,5.68432409e-19,0.0,29.99999999999999,-51.75,-2.987141537818687e-23,0.0,45.0,-51.75,0.0,7,43.28529680680853,29.82
,-,NO_PATH,8.38147251e-19,0.0,29.99999999999999,-51.75,-2.987141537818687e-23,0.0,45.0,-51.75,0.0,7,43.28534049604341,29.840000000000003
,-,NO_PATH,8.38147251e-19,0.0,29.99999999999999,-51.75,-2.987141537818687e-23,0.0,45.0,-51.75,0.0,7,43.28534049604341,29.860000000000003
,-,NO_PATH,4.75773395e-19,0.0,29.99999999999999,-51.75,-2.987141537818687e-23,0.0,45.0,-51.75,0.0,7,43.28534049604341,29.880000000000003
,-,NO_PATH,3.30818678e-19,0.0,29.99999999999999,-51.75,-2.987141537818687e-23,0.0,45.0,-51.75,0.0,7,43.28534049604341,29.900000000000002
,-,NO_PATH,3.30818678e-19,0.0,29.99999999999999,-51.75,-2.987141537818687e-23,0.0,45.0,-51.75,0.0,7,43.28534049604341,29.92
,-,NO_PATH,6.23124066e-19,0.0,29.99999999999999,-51.75,-2.987141537818687e-23,0.0,45.0,-51.75,0.0,7,43.28566216318667,29.94
,-,NO_PATH,4.6003348e-19,0.0,29.99999999999999,-51.75,-2.987141537818687e-23,0.0,45.0,-51.75,0.0,7,43.28566216318667,29.96
,-,NO_PATH,8.06983743e-19,0.0,29.99999999999999,-51.75,-2.987141537818687e-23,0.0,45.0,-51.75,0.0,7,43.28566216318667,29.98
,-,NO_PATH,1.16743344e-19,0.0,29.99999999999999,-51.75,-2.987141537818687e-23,0.0,45.0,-51.75,0.0,7,43.28566216318667,30.000000000000004
,-,NO_PATH,5.08928358e-19,0.0,29.99999999999999,-51.75,-2.987141537818687e-23,0.0,45.0,-51.75,0.0,7,43.28566216318667,30.020000000000003
,-,NO_PATH,1.07101375e-18,0.0,29.99999999999999,-51.75,-2.987141537818687e-23,0.0,45.0,-51.75,0.0,7,43.286439253129316,30.040000000000003
,-,NO_PATH,1.07101375e-18,0.0,29.99999999999999,-51.75,-2.987141537818687e-23,0.0,45.0,-51.75,0.0,7,43.286439253129316,30.060000000000002
,-,NO_PATH,4.15696666e-19,0.0,29.99999999999999,-51.75,-2.987141537818687e-23,0.0,45.0,-51.75,0.0,7,43.286439253129316,30.080000000000002
,-,NO_PATH,4.99526021e-19,0.0,29.99999999999999,-51.75,-2.987141537818687e-23,0.0,45.0,-51.75,0.0,7,43.286439253129316,30.1
,-,NO_PATH,5.24334194e-19,0.0,29.99999999999999,-51.75,-2.987141537818687e-23,0.0,45.0,-51.75,0.0,7,43.286439253129316,30.12
,-,NO_PATH,3.28806398e-20,0.0,29.99999999999999,-51.75,-2.987141537818687e-23,0.0,45.0,-51.75,0.0,7,43.286439253129316,30.14
,-,NO_PATH,-4.40208879e-20,0.0,29.99999999999999,-51.75,-2.987141537818687e-23,0.0,45.0,-51.75,0.0,7,43.28657274164649,30.16
,-,NO_PATH,-1.70204172e-19,0.0,29.99999999999999,-51.75,-2.987141537818687e-23,0.0,45.0,-51.75,0.0,7,43.28657274164649,30.180000000000003
,-,NO_PATH,-1.70204172e-19,0.0,29.99999999999999,-51.75,-2.987141537818687e-23,0.0,45.0,-51.75,0.0,7,43.28657274164649,30.200000000000003
,-,NO_PATH,1.41770858e-18,0.0,29.99999999999999,-51.75,-2.987141537818687e-23,0.0,45.0,-51.75,0.0,7,43.28657274164649,30.220000000000002
,-,NO_PATH,1.41770858e-18,0.0,29.99999999999999,-51.75,-2.987141537818687e-23,0.0,45.0,-51.75,0.0,7,43.28657274164649,30.240000000000002
,-,NO_PATH,-1.2227473e-19,0.0,29.99999999999999,-51.75,-2.987141537818687e-23,0.0,45.0,-51.75,0.0,7,43.286175320257236,30.26
,-,NO_PATH,9.00548284e-19,0.0,29.99999999999999,-51.75,-2.987141537818687e-23,0.0,45.0,-51.75,0.0,7,43.286175320257236,30.28
,-,NO_PATH,9.00548284e-19,0.0,29.99999999999999,-51.75,-2.987141537818687e-23,0.0,45.0,-51.75,0.0,7,43.286175320257236,30.3
,-,NO_PATH,9.47424816e-20,0.0,29.99999999999999,-51.75,-2.987141537818687e-23,0.0,45.0,-51.75,0.0,7,43.286175320257236,30.32
,-,NO_PATH,7.42566796e-19,0.0,29.99999999999999,-51.75,-2.987141537818687e-23,0.0,45.0,-51.75,0.0,7,43.286175320257236,30.340000000000003
,-,NO_PATH,-1.12511682e-19,0.0,29.99999999999999,-51.75,-2.987141537818687e-23,0.0,45.0,-51.75,0.0,7,43.28662202985293,30.361
,-,NO_PATH,3.64595619e-19,0.0,29.99999999999999,-51.75,-2.987141537818687e-23,0.0,45.0,-51.75,0.0,7,43.28662202985293,30.380000000000003
,-,NO_PATH,7.62745276e-19,0.0,29.99999999999999,-51.75,-2.987141537818687e-23,0.0,45.0,-51.75,0.0,7,43.28662202985293,30.400000000000002
,-,NO_PATH,8.86406466e-19,0.0,29.99999999999999,-51.75,-2.987141537818687e-23,0.0,45.0,-51.75,0.0,7,43.28662202985293,30.42
,-,NO_PATH,8.39910338e-19,0.0,29.99999999999999,-51.75,-2.987141537818687e-23,0.0,45.0,-51.75,0.0,7,43.28877942752926,30.44
,-,NO_PATH,6.93538683e-19,0.0,29.99999999999999,-51.75,-2.987141537818687e-23,0.0,45.0,-51.75,0.0,7,43.28877942752926,30.46
,-,NO_PATH,6.93538683e-19,0.0,29.99999999999999,-51.75,-2.987141537818687e-23,0.0,45.0,-51.75,0.0,7,43.28877942752926,30.48
,-,NO_PATH,8.71755534e-19,0.0,29.99999999999999,-51.75,-2.987141537818687e-23,0.0,45.0,-51.75,0.0,7,43.28877942752926,30.500000000000004
,-,NO_PATH,5.75121377e-19,0.0,29.99999999999999,-51.75,-2.987141537818687e-23,0.0,45.0,-51.75,0.0,7,43.28877942752926,30.520000000000003
,-,NO_PATH,9.03260199e-19,0.0,29.99999999999999,-51.75,-2.987141537818687e-23,0.0,45.0,-51.75,0.0,7,43.28961982061793,30.540000000000003
,-,NO_PATH,6.62079771e-19,0.0,29.99999999999999,-51.75,-2.987141537818687e-23,0.0,45.0,-51.75,0.0,7,43.28961982061793,30.560000000000002
,-,NO_PATH,2.76617513e-19,0.0,29.99999999999999,-51.75,-2.987141537818687e-23,0.0,45.0,-51.75,0.0,7,43.28961982061793,30.580000000000002
,-,NO_PATH,1.3652892e-18,0.0,29.99999999999999,-51.75,-2.987141537818687e-23,0.0,45.0,-51.75,0.0,7,43.28961982061793,30.6
,-,NO_PATH,-1.94805412e-19,0.0,29.99999999999999,-51.75,-2.987141537818687e-23,0.0,45.0,-51.75,0.0,7,43.28961982061793,30.62
,-,NO_PATH,3.89416712e-19,0.0,29.99999999999999,-51.75,-2.987141537818687e-23,0.0,45.0,-51.75,0.0,7,43.28761624753092,30.64
,-,NO_PATH,1.16563884e-18,0.0,29.99999999999999,-51.75,-2.987141537818687e-23,0.0,45.0,-51.75,0.0,7,43.28761624753092,30.66
,-,NO_PATH,2.85437939e-19,0.0,29.99999999999999,-51.75,-2.987141537818687e-23,0.0,45.0,-51.75,0.0,7,43.28761624753092,30.680000000000003
,-,NO_PATH,2.85437939e-19,0.0,29.99999999999999,-51.75,-2.987141537818687e-23,0.0,45.0,-51.75,0.0,7,43.28761624753092,30.700000000000003
,-,NO_PATH,5.54956421e-19,0.0,29.99999999999999,-51.75,-2.987141537818687e-23,0.0,45.0,-51.75,0.0,7,43.28761624753092,30.721000000000004
,-,NO_PATH,-8.38895693e-20,0.0,29.99999999999999,-51.75,-2.987141537818687e-23,0.0,45.0,-51.75,0.0,7,43.287411258416135,30.741000000000003
,-,NO_PATH,-8.38895693e-20,0.0,29.99999999999999,-51.75,-2.987141537818687e-23,0.0,45.0,-51.75,0.0,7,43.287411258416135,30.76
,-,NO_PATH,9.96585807e-19,0.0,29.99999999999999,-51.75,-2.987141537818687e-23,0.0,45.0,-51.75,0.0,7,43.287411258416135,30.78
,-,NO_PATH,4.44588984e-19,0.0,29.99999999999999,-51.75,-2.987141537818687e-23,0.0,45.0,-51.75,0.0,7,43.287411258416135,30.8
,-,NO_PATH,2.94615823e-19,0.0,29.99999999999999,-51.75,-2.987141537818687e-23,0.0,45.0,-51.75,0.0,7,43.287411258416135,30.82
,-,NO_PATH,4.74985804e-19,0.0,29.99999999999999,-51.75,-2.987141537818687e-23,0.0,45.0,-51.75,0.0,7,43.287536489751204,30.840000000000003
,-,NO_PATH,6.09867517e-19,0.0,29.99999999999999,-51.75,-2.987141537818687e-23,0.0,45.0,-51.75,0.0,7,43.287536489751204,30.860000000000003
,-,NO_PATH,6.73760951e-19,0.0,29.99999999999999,-51.75,-2.987141537818687e-23,0.0,45.0,-51.75,0.0,7,43.287536489751204,30.880000000000003
,-,NO_PATH,7.24366045e-19,0.0,29.99999999999999,-51.75,-2.987141537818687e-23,0.0,45.0,-51.75,0.0,7,43.287536489751204,30.900000000000002
,-,NO_PATH,7.24366045e-19,0.0,29.99999999999999,-51.75,-2.987141537818687e-23,0.0,45.0,-51.75,0.0,7,43.287536489751204,30.922
,-,NO_PATH,6.8484259e-19,0.0,29.99999999999999,-51.75,-2.987141537818687e-23,0.0,45.0,-51.75,0.0,7,43.287536489751204,30.94
,-,NO_PATH,5.2223049e-19,0.0,29.99999999999999,-51.75,-2.987141537818687e-23,0.0,45.0,-51.75,0.0,7,43.2881033790408,30.96
,-,NO_PATH,5.2223049e-19,0.0,29.99999999999999,-51.75,-2.987141537818687e-23,0.0,45.0,-51.75,0.0,7,43.2881033790408,30.98
,-,NO_PATH,3.17697299e-19,0.0,29.99999999999999,-51.75,-2.987141537818687e-23,0.0,45.0,-51.75,0.0,7,43.2881033790408,31.000000000000004
,-,NO_PATH,3.17697299e-19,0.0,29.99999999999999,-51.75,-2.987141537818687e-23,0.0,45.0,-51.75,0.0,7,43.2881033790408,31.020000000000003
,-,NO_PATH,3.50268382e-19,0.0,29.99999999999999,-51.75,-2.987141537818687e-23,0.0,45.0,-51.75,0.0,7,43.28836194591611,31.040000000000003
,-,NO_PATH,4.88148814e-19,0.0,29.99999999999999,-51.75,-2.987141537818687e-23,0.0,45.0,-51.75,0.0,7,43.28836194591611,31.060000000000002
,-,NO_PATH,2.58826416e-19,0.0,29.99999999999999,-51.75,-2.987141537818687e-23,0.0,45.0,-51.75,0.0,7,43.28836194591611,31.080000000000002
,-,NO_PATH,5.43544131e-19,0.0,29.99999999999999,-51.75,-2.987141537818687e-23,0.0,45.0,-51.75,0.0,7,43.28836194591611,31.1
,-,NO_PATH,6.99478716e-19,0.0,29.99999999999999,-51.75,-2.987141537818687e-23,0.0,45.0,-51.75,0.0,7,43.28836194591611,31.12
,-,NO_PATH,6.99478716e-19,0.0,29.99999999999999,-51.75,-2.987141537818687e-23,0.0,45.0,-51.75,0.0,7,43.289335328792895,31.14
,-,NO_PATH,5.37961766e-19,0.0,29.99999999999999,-51.75,-2.987141537818687e-23,0.0,45.0,-51.75,0.0,7,43.289335328792895,31.160000000000004
,-,NO_PATH,7.00767759e-19,0.0,29.99999999999999,-51.75,-2.987141537818687e-23,0.0,45.0,-51.75,0.0,7,43.289335328792895,31.180000000000003
,-,NO_PATH,7.00767759e-19,0.0,29.99999999999999,-51.75,-2.987141537818687e-23,0.0,45.0,-51.75,0.0,7,43.289335328792895,31.200000000000003
,-,NO_PATH,6.83282795e-20,0.0,29.99999999999999,-51.75,-2.987141537818687e-23,0.0,45.0,-51.75,0.0,7,43.289335328792895,31.220000000000002
,-,NO_PATH,9.9198114e-21,0.0,29.99999999999999,-51.75,-2.987141537818687e-23,0.0,45.0,-51.75,0.0,7,43.2889064984402,31.240000000000002
,-,NO_PATH,9.9198114e-21,0.0,29.99999999999999,-51.75,-2.987141537818687e-23,0.0,45.0,-51.75,0.0,7,43.2889064984402,31.26
,-,NO_PATH,1.52098123e-19,0.0,29.99999999999999,-51.75,-2.987141537818687e-23,0.0,45.0,-51.75,0.0,7,43.2889064984402,31.28
,-,NO_PATH,1.52098123e-19,0.0,29.99999999999999,-51.75,-2.987141537818687e-23,0.0,45.0,-51.75,0.0,7,43.2889064984402,31.3
,-,NO_PATH,7.32358006e-19,0.0,29.99999999999999,-51.75,-2.987141537818687e-23,0.0,45.0,-51.75,0.0,7,43.2889064984402,31.32
,-,NO_PATH,2.04659052e-19,0.0,29.99999999999999,-51.75,-2.987141537818687e-23,0.0,45.0,-51.75,0.0,7,43.288650318715305,31.340000000000003
,-,NO_PATH,5.38907475e-19,0.0,29.99999999999999,-51.75,-2.987141537818687e-23,0.0,45.0,-51.75,0.0,7,43.288650318715305,31.360000000000003
,-,NO_PATH,4.44432533e-19,0.0,29.99999999999999,-51.75,-2.987141537818687e-23,0.0,45.0,-51.75,0.0,7,43.288650318715305,31.380000000000003
,-,NO_PATH,1.20958514e-19,0.0,29.99999999999999,-51.75,-2.987141537818687e-23,0.0,45.0,-51.75,0.0,7,43.288650318715305,31.400000000000002
,-,NO_PATH,7.34096324e-19,0.0,29.99999999999999,-51.75,-2.987141537818687e-23,0.0,45.0,-51.75,0.0,7,43.288650318715305,31.42
,-,NO_PATH,7.34096324e-19,0.0,29.99999999999999,-51.75,-2.987141537818687e-23,0.0,45.0,-51.75,0.0,7,43.28824351364659,31.44
,-,NO_PATH,-7.29043953e-19,0.0,29.99999999999999,-51.75,-2.987141537818687e-23,0.0,45.0,-51.75,0.0,7,43.28824351364659,31.461000000000002
,-,NO_PATH,1.04908614e-18,0.0,29.99999999999999,-51.75,-2.987141537818687e-23,0.0,45.0,-51.75,0.0,7,43.28824351364659,31.48
,-,NO_PATH,3.6069651e-19,0.0,29.99999999999999,-51.75,-2.987141537818687e-23,0.0,45.0,-51.75,0.0,7,43.28824351364659,31.500000000000004
,-,NO_PATH,4.60054269e-19,0.0,29.99999999999999,-51.75,-2.987141537818687e-23,0.0,45.0,-51.75,0.0,7,43.28824351364659,31.520000000000003
,-,NO_PATH,2.48451559e-19,0.0,29.99999999999999,-51.75,-2.987141537818687e-23,0.0,45.0,-51.75,0.0,7,43.28806434725933,31.540000000000003
,-,NO_PATH,3.97090652e-19,0.0,29.99999999999999,-51.75,-2.987141537818687e-23,0.0,45.0,-51.75,0.0,7,43.28806434725933,31.560000000000002
,-,NO_PATH,3.97090652e-19,0.0,29.99999999999999,-51.75,-2.987141537818687e-23,0.0,45.0,-51.75,0.0,7,43.28806434725933,31.580000000000002
,-,NO_PATH,7.16812469e-19,0.0,29.99999999999999,-51.75,-2.987141537818687e-23,0.0,45.0,-51.75,0.0,7,43.28806434725933,31.6
,-,NO_PATH,7.66871296e-19,0.0,29.99999999999999,-51.75,-2.987141537818687e-23,0.0,45.0,-51.75,0.0,7,43.28806434725933,31.62
,-,NO_PATH,7.66871296e-19,0.0,29.99999999999999,-51.75,-2.987141537818687e-23,0.0,45.0,-51.75,0.0,7,43.28884157188948,31.64
,-,NO_PATH,8.82776477e-19,0.0,29.99999999999999,-51.75,-2.987141537818687e-23,0.0,45.0,-51.75,0.0,7,43.28884157188948,31.660000000000004
,-,NO_PATH,2.07359761e-19,0.0,29.99999999999999,-51.75,-2.987141537818687e-23,0.0,45.0,-51.75,0.0,7,43.28884157188948,31.680000000000003
,-,NO_PATH,2.35567942e-19,0.0,29.99999999999999,-51.75,-2.987141537818687e-23,0.0,45.0,-51.75,0.0,7,43.28884157188948,31.700000000000003
,-,NO_PATH,8.33231074e-19,0.0,29.99999999999999,-51.75,-2.987141537818687e-23,0.0,45.0,-51.75,0.0,7,43.28884157188948,31.720000000000002
,-,NO_PATH,9.3285704e-19,0.0,29.99999999999999,-51.75,-2.987141537818687e-23,0.0,45.0,-51.75,0.0,7,43.28870696040497,31.740000000000002
,-,NO_PATH,9.3285704e-19,0.0,29.99999999999999,-51.75,-2.987141537818687e-23,0.0,45.0,-51.75,0.0,7,43.28870696040497,31.76
,-,NO_PATH,-1.61524477e-19,0.0,29.99999999999999,-51.75,-2.987141537818687e-23,0.0,45.0,-51.75,0.0,7,43.28870696040497,31.78
,-,NO_PATH,9.5875504e-19,0.0,29.99999999999999,-51.75,-2.987141537818687e-23,0.0,45.0,-51.75,0.0,7,43.28870696040497,31.8
,-,NO_PATH,9.5875504e-19,0.0,29.99999999999999,-51.75,-2.987141537818687e-23,0.0,45.0,-51.75,0.0,7,43.28903224861214,31.82
,-,NO_PATH,4.08348458e-19,0.0,29.99999999999999,-51.75,-2.987141537818687e-23,0.0,45.0,-51.75,0.0,7,43.28903224861214,31.840000000000003
,-,NO_PATH,4.08348458e-19,0.0,29.99999999999999,-51.75,-2.987141537818687e-23,0.0,45.0,-51.75,0.0,7,43.28903224861214,31.860000000000003
,-,NO_PATH,5.89148249e-19,0.0,29.99999999999999,-51.75,-2.987141537818687e-23,0.0,45.0,-51.75,0.0,7,43.28903224861214,31.880000000000003
,-,NO_PATH,5.77595144e-19,0.0,29.99999999999999,-51.75,-2.987141537818687e-23,0.0,45.0,-51.75,0.0,7,43.28903224861214,31.900000000000002
,-,NO_PATH,-1.38303126e-20,0.0,29.99999999999999,-51.75,-2.987141537818687e-23,0.0,45.0,-51.75,0.0,7,43.28903224861214,31.92
,-,NO_PATH,-1.38303126e-20,0.0,29.99999999999999,-51.75,-2.987141537818687e-23,0.0,45.0,-51.75,0.0,7,43.28833368308452,31.94
,-,NO_PATH,5.28063832e-19,0.0,29.99999999999999,-51.75,-2.987141537818687e-23,0.0,45.0,-51.75,0.0,7,43.28833368308452,31.96
,-,NO_PATH,4.40730673e-19,0.0,29.99999999999999,-51.75,-2.987141537818687e-23,0.0,45.0,-51.75,0.0,7,43.28833368308452,31.98
,-,NO_PATH,4.26535392e-19,0.0,29.99999999999999,-51.75,-2.987141537818687e-23,0.0,45.0,-51.75,0.0,7,43.28833368308452,32.0
,-,NO_PATH,4.47264691e-19,0.0,29.99999999999999,-51.75,-2.987141537818687e-23,0.0,45.0,-51.75,0.0,7,43.28833368308452,32.02
,-,NO_PATH,1.30083497e-18,0.0,29.99999999999999,-51.75,-2.987141537818687e-23,0.0,45.0,-51.75,0.0,7,43.28801180001716,32.04
,-,NO_PATH,7.17567922e-19,0.0,29.99999999999999,-51.75,-2.987141537818687e-23,0.0,45.0,-51.75,0.0,7,43.28801180001716,32.06
,-,NO_PATH,1.2518058e-19,0.0,29.99999999999999,-51.75,-2.987141537818687e-23,0.0,45.0,-51.75,0.0,7,43.28801180001716,32.080000000000005
,-,NO_PATH,9.46709653e-20,0.0,29.99999999999999,-51.75,-2.987141537818687e-23,0.0,45.0,-51.75,0.0,7,43.28801180001716,32.1
,-,NO_PATH,9.46709653e-20,0.0,29.99999999999999,-51.75,-2.987141537818687e-23,0.0,45.0,-51.75,0.0,7,43.28801180001716,32.125
,-,NO_PATH,9.76261755e-20,0.0,29.99999999999999,-51.75,-2.987141537818687e-23,0.0,45.0,-51.75,0.0,7,43.28820027953266,32.14
,-,NO_PATH,2.5675796e-19,0.0,29.99999999999999,-51.75,-2.987141537818687e-23,0.0,45.0,-51.75,0.0,7,43.28820027953266,32.160000000000004
,-,NO_PATH,6.47288243e-20,0.0,29.99999999999999,-51.75,-2.987141537818687e-23,0.0,45.0,-51.75,0.0,7,43.28820027953266,32.18
,-,NO_PATH,4.26640387e-19,0.0,29.99999999999999,-51.75,-2.987141537818687e-23,0.0,45.0,-51.75,0.0,7,43.28820027953266,32.2
,-,NO_PATH,4.22618636e-19,0.0,29.99999999999999,-51.75,-2.987141537818687e-23,0.0,45.0,-51.75,0.0,7,43.28820027953266,32.22
,-,NO_PATH,4.49827477e-19,0.0,29.99999999999999,-51.75,-2.987141537818687e-23,0.0,45.0,-51.75,0.0,7,43.28764292159017,32.24
,-,NO_PATH,4.49827477e-19,0.0,29.99999999999999,-51.75,-2.987141537818687e-23,0.0,45.0,-51.75,0.0,7,43.28764292159017,32.260000000000005
,-,NO_PATH,1.24588685e-18,0.0,29.99999999999999,-51.75,-2.987141537818687e-23,0.0,45.0,-51.75,0.0,7,43.28764292159017,32.28
,-,NO_PATH,7.88887638e-19,0.0,29.99999999999999,-51.75,-2.987141537818687e-23,0.0,45.0,-51.75,0.0,7,43.28764292159017,32.300000000000004
,-,NO_PATH,3.69805473e-19,0.0,29.99999999999999,-51.75,-2.987141537818687e-23,0.0,45.0,-51.75,0.0,7,43.28764292159017,32.32
,-,NO_PATH,4.62962761e-19,0.0,29.99999999999999,-51.75,-2.987141537818687e-23,0.0,45.0,-51.75,0.0,7,43.286709979757,32.34
,-,NO_PATH,9.50519492e-19,0.0,29.99999999999999,-51.75,-2.987141537818687e-23,0.0,45.0,-51.75,0.0,7,43.286709979757,32.36
,-,NO_PATH,3.3152273e-19,0.0,29.99999999999999,-51.75,-2.987141537818687e-23,0.0,45.0,-51.75,0.0,7,43.286709979757,32.38
,-,NO_PATH,3.3152273e-19,0.0,29.99999999999999,-51.75,-2.987141537818687e-23,0.0,45.0,-51.75,0.0,7,43.286709979757,32.4
,-,NO_PATH,1.09055443e-18,0.0,29.99999999999999,-51.75,-2.987141537818687e-23,0.0,45.0,-51.75,0.0,7,43.286709979757,32.42
,-,NO_PATH,3.67874564e-19,0.0,29.99999999999999,-51.75,-2.987141537818687e-23,0.0,45.0,-51.75,0.0,7,43.286709979757,32.440000000000005
,-,NO_PATH,-4.63028406e-19,0.0,29.99999999999999,-51.75,-2.987141537818687e-23,0.0,45.0,-51.75,0.0,7,43.287005153601335,32.46
,-,NO_PATH,1.07798529e-19,0.0,29.99999999999999,-51.75,-2.987141537818687e-23,0.0,45.0,-51.75,0.0,7,43.287005153601335,32.480000000000004
,-,NO_PATH,8.50748535e-19,0.0,29.99999999999999,-51.75,-2.987141537818687e-23,0.0,45.0,-51.75,0.0,7,43.287005153601335,32.5
,-,NO_PATH,6.87759161e-19,0.0,29.99999999999999,-51.75,-2.987141537818687e-23,0.0,45.0,-51.75,0.0,7,43.287005153601335,32.52
,-,NO_PATH,6.87759161e-19,0.0,29.99999999999999,-51.75,-2.987141537818687e-23,0.0,45.0,-51.75,0.0,7,43.287005153601335,32.54
,-,NO_PATH,2.90679544e-19,0.0,29.99999999999999,-51.75,-2.987141537818687e-23,0.0,45.0,-51.75,0.0,7,43.28678275869977,32.56
,-,NO_PATH,1.32454834e-18,0.0,29.99999999999999,-51.75,-2.987141537818687e-23,0.0,45.0,-51.75,0.0,7,43.28678275869977,32.581
,-,NO_PATH,1.32454834e-18,0.0,29.99999999999999,-51.75,-2.987141537818687e-23,0.0,45.0,-51.75,0.0,7,43.28678275869977,32.6
,-,NO_PATH,2.06531649e-19,0.0,29.99999999999999,-51.75,-2.987141537818687e-23,0.0,45.0,-51.75,0.0,7,43.28678275869977,32.620000000000005
,-,NO_PATH,4.9006743e-20,0.0,29.99999999999999,-51.75,-2.987141537818687e-23,0.0,45.0,-51.75,0.0,7,43.28522976492112,32.64
,-,NO_PATH,4.9006743e-20,0.0,29.99999999999999,-51.75,-2.987141537818687e-23,0.0,45.0,-51.75,0.0,7,43.28522976492112,32.660000000000004
,-,NO_PATH,7.3407662e-21,0.0,29.99999999999999,-51.75,-2.987141537818687e-23,0.0,45.0,-51.75,0.0,7,43.28522976492112,32.68
,-,NO_PATH,4.71339169e-20,0.0,29.99999999999999,-51.75,-2.987141537818687e-23,0.0,45.0,-51.75,0.0,7,43.28522976492112,32.7
,-,NO_PATH,-3.67664272e-20,0.0,29.99999999999999,-51.75,-2.987141537818687e-23,0.0,45.0,-51.75,0.0,7,43.28522976492112,32.72
,-,NO_PATH,6.94739585e-19,0.0,29.99999999999999,-51.75,-2.987141537818687e-23,0.0,45.0,-51.75,0.0,7,43.28630962125092,32.74
,-,NO_PATH,6.94739585e-19,0.0,29.99999999999999,-51.75,-2.987141537818687e-23,0.0,45.0,-51.75,0.0,7,43.28630962125092,32.760000000000005
,-,NO_PATH,6.83817503e-19,0.0,29.99999999999999,-51.75,-2.987141537818687e-23,0.0,45.0,-51.75,0.0,7,43.28630962125092,32.78
,-,NO_PATH,1.14505856e-19,0.0,29.99999999999999,-51.75,-2.987141537818687e-23,0.0,45.0,-51.75,0.0,7,43.28630962125092,32.801
,-,NO_PATH,1.14505856e-19,0.0,29.99999999999999,-51.75,-2.987141537818687e-23,0.0,45.0,-51.75,0.0,7,43.28630962125092,32.82
,-,NO_PATH,8.64028992e-19,0.0,29.99999999999999,-51.75,-2.987141537818687e-23,0.0,45.0,-51.75,0.0,7,43.28630962125092,32.84
,-,NO_PATH,4.65941998e-19,0.0,29.99999999999999,-51.75,-2.987141537818687e-23,0.0,45.0,-51.75,0.0,7,43.28593504839977,32.86
,-,NO_PATH,4.65941998e-19,0.0,29.99999999999999,-51.75,-2.987141537818687e-23,0.0,45.0,-51.75,0.0,7,43.28593504839977,32.88
,-,NO_PATH,4.69499449e-19,0.0,29.99999999999999,-51.75,-2.987141537818687e-23,0.0,45.0,-51.75,0.0,7,43.28593504839977,32.9
,-,NO_PATH,4.69499449e-19,0.0,29.99999999999999,-51.75,-2.987141537818687e-23,0.0,45.0,-51.75,0.0,7,43.28593504839977,32.92
,-,NO_PATH,3.51696742e-19,0.0,29.99999999999999,-51.75,-2.987141537818687e-23,0.0,45.0,-51.75,0.0,7,43.285969245470945,32.940000000000005
,-,NO_PATH,8.28554359e-19,0.0,29.99999999999999,-51.75,-2.987141537818687e-23,0.0,45.0,-51.75,0.0,7,43.285969245470945,32.96
,-,NO_PATH,8.28554359e-19,0.0,29.99999999999999,-51.75,-2.987141537818687e-23,0.0,45.0,-51.75,0.0,7,43.285969245470945,32.980000000000004
,-,NO_PATH,9.61777457e-19,0.0,29.99999999999999,-51.75,-2.987141537818687e-23,0.0,45.0,-51.75,0.0,7,43.285969245470945,33.001000000000005
,-,NO_PATH,5.44004427e-19,0.0,29.99999999999999,-51.75,-2.987141537818687e-23,0.0,45.0,-51.75,0.0,7,43.285969245470945,33.02
,-,NO_PATH,9.84141524e-19,0.0,29.99999999999999,-51.75,-2.987141537818687e-23,0.0,45.0,-51.75,0.0,7,43.285362578714256,33.04
,-,NO_PATH,9.84141524e-19,0.0,29.99999999999999,-51.75,-2.987141537818687e-23,0.0,45.0,-51.75,0.0,7,43.285362578714256,33.06
,-,NO_PATH,1.08566847e-18,0.0,29.99999999999999,-51.75,-2.987141537818687e-23,0.0,45.0,-51.75,0.0,7,43.285362578714256,33.080000000000005
,-,NO_PATH,1.08566847e-18,0.0,29.99999999999999,-51.75,-2.987141537818687e-23,0.0,45.0,-51.75,0.0,7,43.285362578714256,33.1
,-,NO_PATH,6.53820872e-19,0.0,29.99999999999999,-51.75,-2.987141537818687e-23,0.0,45.0,-51.75,0.0,7,43.285362578714256,33.120000000000005
,-,NO_PATH,7.55156786e-19,0.0,29.99999999999999,-51.75,-2.987141537818687e-23,0.0,45.0,-51.75,0.0,7,43.28510820949127,33.141000000000005
,-,NO_PATH,3.29916962e-19,0.0,29.99999999999999,-51.75,-2.987141537818687e-23,0.0,45.0,-51.75,0.0,7,43.28510820949127,33.160000000000004
,-,NO_PATH,-7.44891588e-20,0.0,29.99999999999999,-51.75,-2.987141537818687e-23,0.0,45.0,-51.75,0.0,7,43.28510820949127,33.181000000000004
,-,NO_PATH,2.50410815e-19,0.0,29.99999999999999,-51.75,-2.987141537818687e-23,0.0,45.0,-51.75,0.0,7,43.28510820949127,33.2
,-,NO_PATH,4.38102694e-19,0.0,29.99999999999999,-51.75,-2.987141537818687e-23,0.0,45.0,-51.75,0.0,7,43.28510820949127,33.22
,-,NO_PATH,2.56681723e-19,0.0,29.99999999999999,-51.75,-2.987141537818687e-23,0.0,45.0,-51.75,0.0,7,43.28510820949127,33.24
,-,NO_PATH,4.98448458e-19,0.0,29.99999999999999,-51.75,-2.987141537818687e-23,0.0,45.0,-51.75,0.0,7,43.28520701802152,33.260000000000005
,-,NO_PATH,1.07725355e-18,0.0,29.99999999999999,-51.75,-2.987141537818687e-23,0.0,45.0,-51.75,0.0,7,43.28520701802152,33.28
,-,NO_PATH,-2.24324882e-19,0.0,29.99999999999999,-51.75,-2.987141537818687e-23,0.0,45.0,-51.75,0.0,7,43.28520701802152,33.301
,-,NO_PATH,5.81021719e-19,0.0,29.99999999999999,-51.75,-2.987141537818687e-23,0.0,45.0,-51.75,0.0,7,43.28520701802152,33.32
,-,NO_PATH,9.56873473e-19,0.0,29.99999999999999,-51.75,-2.987141537818687e-23,0.0,45.0,-51.75,0.0,7,43.28520701802152,33.34
,-,NO_PATH,9.56873473e-19,0.0,29.99999999999999,-51.75,-2.987141537818687e-23,0.0,45.0,-51.75,0.0,7,43.28595292962866,33.36
,-,NO_PATH,3.92747068e-19,0.0,29.99999999999999,-51.75,-2.987141537818687e-23,0.0,45.0,-51.75,0.0,7,43.28595292962866,33.38
,-,NO_PATH,6.81669061e-19,0.0,29.99999999999999,-51.75,-2.987141537818687e-23,0.0,45.0,-51.75,0.0,7,43.28595292962866,33.4
,-,NO_PATH,6.81669061e-19,0.0,29.99999999999999,-51.75,-2.987141537818687e-23,0.0,45.0,-51.75,0.0,7,43.28595292962866,33.42
,-,NO_PATH,4.50466598e-19,0.0,29.99999999999999,-51.75,-2.987141537818687e-23,0.0,45.0,-51.75,0.0,7,43.28686038359846,33.440000000000005
,-,NO_PATH,6.0690936e-19,0.0,29.99999999999999,-51.75,-2.987141537818687e-23,0.0,45.0,-51.75,0.0,7,43.28686038359846,33.46
,-,NO_PATH,7.60746793e-19,0.0,29.99999999999999,-51.75,-2.987141537818687e-23,0.0,45.0,-51.75,0.0,7,43.28686038359846,33.480000000000004
,-,NO_PATH,1.56196539e-19,0.0,29.99999999999999,-51.75,-2.987141537818687e-23,0.0,45.0,-51.75,0.0,7,43.28686038359846,33.5
,-,NO_PATH,7.96376497e-19,0.0,29.99999999999999,-51.75,-2.987141537818687e-23,0.0,45.0,-51.75,0.0,7,43.28686038359846,33.521
,-,NO_PATH,2.1136764e-21,0.0,29.99999999999999,-51.75,-2.987141537818687e-23,0.0,45.0,-51.75,0.0,7,43.28686038359846,33.54
,-,NO_PATH,2.93983244e-19,0.0,29.99999999999999,-51.75,-2.987141537818687e-23,0.0,45.0,-51.75,0.0,7,43.286384635980795,33.56
,-,NO_PATH,2.93983244e-19,0.0,29.99999999999999,-51.75,-2.987141537818687e-23,0.0,45.0,-51.75,0.0,7,43.286384635980795,33.580000000000005
,-,NO_PATH,5.92425325e-19,0.0,29.99999999999999,-51.75,-2.987141537818687e-23,0.0,45.0,-51.75,0.0,7,43.286384635980795,33.6
,-,NO_PATH,-1.54470267e-20,0.0,29.99999999999999,-51.75,-2.987141537818687e-23,0.0,45.0,-51.75,0.0,7,43.286384635980795,33.620000000000005
,-,NO_PATH,4.15462167e-19,0.0,29.99999999999999,-51.75,-2.987141537818687e-23,0.0,45.0,-51.75,0.0,7,43.28677598261691,33.641000000000005
,-,NO_PATH,4.15462167e-19,0.0,29.99999999999999,-51.75,-2.987141537818687e-23,0.0,45.0,-51.75,0.0,7,43.28677598261691,33.660000000000004
,-,NO_PATH,-1.81903667e-19,0.0,29.99999999999999,-51.75,-2.987141537818687e-23,0.0,45.0,-51.75,0.0,7,43.28677598261691,33.68
,-,NO_PATH,-3.94218536e-19,0.0,29.99999999999999,-51.75,-2.987141537818687e-23,0.0,45.0,-51.75,0.0,7,43.28677598261691,33.7
,-,NO_PATH,6.65190935e-19,0.0,29.99999999999999,-51.75,-2.987141537818687e-23,0.0,45.0,-51.75,0.0,7,43.28677598261691,33.72
,-,NO_PATH,1.0896962e-18,0.0,29.99999999999999,-51.75,-2.987141537818687e-23,0.0,45.0,-51.75,0.0,7,43.28669646810911,33.74
,-,NO_PATH,1.0896962e-18,0.0,29.99999999999999,-51.75,-2.987141537818687e-23,0.0,45.0,-51.75,0.0,7,43.28669646810911,33.760000000000005
,-,NO_PATH,1.22729745e-18,0.0,29.99999999999999,-51.75,-2.987141537818687e-23,0.0,45.0,-51.75,0.0,7,43.28669646810911,33.781
,-,NO_PATH,4.14074948e-19,0.0,29.99999999999999,-51.75,-2.987141537818687e-23,0.0,45.0,-51.75,0.0,7,43.28669646810911,33.800000000000004
,-,NO_PATH,2.72577508e-19,0.0,29.99999999999999,-51.75,-2.987141537818687e-23,0.0,45.0,-51.75,0.0,7,43.28669646810911,33.821000000000005
,-,NO_PATH,3.42585156e-19,0.0,29.99999999999999,-51.75,-2.987141537818687e-23,0.0,45.0,-51.75,0.0,7,43.28696405603268,33.84
,-,NO_PATH,3.42585156e-19,0.0,29.99999999999999,-51.75,-2.987141537818687e-23,0.0,45.0,-51.75,0.0,7,43.28696405603268,33.86
,-,NO_PATH,1.02097706e-18,0.0,29.99999999999999,-51.75,-2.987141537818687e-23,0.0,45.0,-51.75,0.0,7,43.28696405603268,33.88
,-,NO_PATH,8.00300557e-19,0.0,29.99999999999999,-51.75,-2.987141537818687e-23,0.0,45.0,-51.75,0.0,7,43.28696405603268,33.9
,-,NO_PATH,8.00300557e-19,0.0,29.99999999999999,-51.75,-2.987141537818687e-23,0.0,45.0,-51.75,0.0,7,43.28696405603268,33.921
,-,NO_PATH,4.34461407e-19,0.0,29.99999999999999,-51.75,-2.987141537818687e-23,0.0,45.0,-51.75,0.0,7,43.28607312209273,33.940000000000005
,-,NO_PATH,5.44102324e-19,0.0,29.99999999999999,-51.75,-2.987141537818687e-23,0.0,45.0,-51.75,0.0,7,43.28607312209273,33.96
,-,NO_PATH,1.15978774e-18,0.0,29.99999999999999,-51.75,-2.987141537818687e-23,0.0,45.0,-51.75,0.0,7,43.28607312209273,33.980000000000004
,-,NO_PATH,5.48530777e-19,0.0,29.99999999999999,-51.75,-2.987141537818687e-23,0.0,45.0,-51.75,0.0,7,43.28607312209273,34.0
,-,NO_PATH,7.93776627e-20,0.0,29.99999999999999,-51.75,-2.987141537818687e-23,0.0,45.0,-51.75,0.0,7,43.28607312209273,34.02
,-,NO_PATH,7.14911028e-19,0.0,29.99999999999999,-51.75,-2.987141537818687e-23,0.0,45.0,-51.75,0.0,7,43.28661721310288,34.04
,-,NO_PATH,7.14911028e-19,0.0,29.99999999999999,-51.75,-2.987141537818687e-23,0.0,45.0,-51.75,0.0,7,43.28661721310288,34.06
,-,NO_PATH,1.36577776e-19,0.0,29.99999999999999,-51.75,-2.987141537818687e-23,0.0,45.0,-51.75,0.0,7,43.28661721310288,34.080000000000005
,-,NO_PATH,5.15954915e-19,0.0,29.99999999999999,-51.75,-2.987141537818687e-23,0.0,45.0,-51.75,0.0,7,43.28661721310288,34.1
,-,NO_PATH,5.15954915e-19,0.0,29.99999999999999,-51.75,-2.987141537818687e-23,0.0,45.0,-51.75,0.0,7,43.28661721310288,34.120000000000005
,-,NO_PATH,6.85714493e-19,0.0,29.99999999999999,-51.75,-2.987141537818687e-23,0.0,45.0,-51.75,0.0,7,43.28777717769238,34.14
,-,NO_PATH,3.19104613e-19,0.0,29.99999999999999,-51.75,-2.987141537818687e-23,0.0,45.0,-51.75,0.0,7,43.28777717769238,34.160000000000004
,-,NO_PATH,6.9457149e-19,0.0,29.99999999999999,-51.75,-2.987141537818687e-23,0.0,45.0,-51.75,0.0,7,43.28777717769238,34.18
,-,NO_PATH,7.61187442e-19,0.0,29.99999999999999,-51.75,-2.987141537818687e-23,0.0,45.0,-51.75,0.0,7,43.28777717769238,34.2
,-,NO_PATH,9.56866135e-20,0.0,29.99999999999999,-51.75,-2.987141537818687e-23,0.0,45.0,-51.75,0.0,7,43.28777717769238,34.22
,-,NO_PATH,8.64182033e-19,0.0,29.99999999999999,-51.75,-2.987141537818687e-23,0.0,45.0,-51.75,0.0,7,43.28939981215651,34.241
,-,NO_PATH,8.64182033e-19,0.0,29.99999999999999,-51.75,-2.987141537818687e-23,0.0,45.0,-51.75,0.0,7,43.28939981215651,34.260000000000005
,-,NO_PATH,5.22989926e-19,0.0,29.99999999999999,-51.75,-2.987141537818687e-23,0.0,45.0,-51.75,0.0,7,43.28939981215651,34.28
,-,NO_PATH,2.58009257e-19,0.0,29.99999999999999,-51.75,-2.987141537818687e-23,0.0,45.0,-51.75,0.0,7,43.28939981215651,34.300000000000004
,-,NO_PATH,2.58009257e-19,0.0,29.99999999999999,-51.75,-2.987141537818687e-23,0.0,45.0,-51.75,0.0,7,43.28939981215651,34.32
,-,NO_PATH,5.19576197e-20,0.0,29.99999999999999,-51.75,-2.987141537818687e-23,0.0,45.0,-51.75,0.0,7,43.28939981215651,34.34
,-,NO_PATH,5.19576197e-20,0.0,29.99999999999999,-51.75,-2.987141537818687e-23,0.0,45.0,-51.75,0.0,7,43.289985198943754,34.36
,-,NO_PATH,4.06557438e-19,0.0,29.99999999999999,-51.75,-2.987141537818687e-23,0.0,45.0,-51.75,0.0,7,43.289985198943754,34.38
,-,NO_PATH,1.06542467e-19,0.0,29.99999999999999,-51.75,-2.987141537818687e-23,0.0,45.0,-51.75,0.0,7,43.289985198943754,34.400000000000006
,-,NO_PATH,8.52260607e-19,0.0,29.99999999999999,-51.75,-2.987141537818687e-23,0.0,45.0,-51.75,0.0,7,43.289985198943754,34.42
,-,NO_PATH,6.89204822e-19,0.0,29.99999999999999,-51.75,-2.987141537818687e-23,0.0,45.0,-51.75,0.0,7,43.29035061199607,34.440000000000005
,-,NO_PATH,5.05365374e-19,0.0,29.99999999999999,-51.75,-2.987141537818687e-23,0.0,45.0,-51.75,0.0,7,43.29035061199607,34.46
,-,NO_PATH,6.16332866e-19,0.0,29.99999999999999,-51.75,-2.987141537818687e-23,0.0,45.0,-51.75,0.0,7,43.29035061199607,34.480000000000004
,-,NO_PATH,7.61309896e-19,0.0,29.99999999999999,-51.75,-2.987141537818687e-23,0.0,45.0,-51.75,0.0,7,43.29035061199607,34.5
,-,NO_PATH,7.61309896e-19,0.0,29.99999999999999,-51.75,-2.987141537818687e-23,0.0,45.0,-51.75,0.0,7,43.29035061199607,34.52
,-,NO_PATH,2.68385731e-19,0.0,29.99999999999999,-51.75,-2.987141537818687e-23,0.0,45.0,-51.75,0.0,7,43.29035061199607,34.54
,-,NO_PATH,3.56672224e-19,0.0,29.99999999999999,-51.75,-2.987141537818687e-23,0.0,45.0,-51.75,0.0,7,43.29134055440507,34.56
,-,NO_PATH,3.56672224e-19,0.0,29.99999999999999,-51.75,-2.987141537818687e-23,0.0,45.0,-51.75,0.0,7,43.29134055440507,34.580000000000005
,-,NO_PATH,3.83222591e-19,0.0,29.99999999999999,-51.75,-2.987141537818687e-23,0.0,45.0,-51.75,0.0,7,43.29134055440507,34.6
,-,NO_PATH,2.40489684e-19,0.0,29.99999999999999,-51.75,-2.987141537818687e-23,0.0,45.0,-51.75,0.0,7,43.29134055440507,34.620000000000005
,-,NO_PATH,2.40489684e-19,0.0,29.99999999999999,-51.75,-2.987141537818687e-23,0.0,45.0,-51.75,0.0,7,43.29134055440507,34.64
,-,NO_PATH,-2.03178086e-19,0.0,29.99999999999999,-51.75,-2.987141537818687e-23,0.0,45.0,-51.75,0.0,7,43.290193752491426,34.660000000000004
,-,NO_PATH,1.66396595e-19,0.0,29.99999999999999,-51.75,-2.987141537818687e-23,0.0,45.0,-51.75,0.0,7,43.290193752491426,34.68
,-,NO_PATH,1.66396595e-19,0.0,29.99999999999999,-51.75,-2.987141537818687e-23,0.0,45.0,-51.75,0.0,7,43.290193752491426,34.7
,-,NO_PATH,2.93778201e-19,0.0,29.99999999999999,-51.75,-2.987141537818687e-23,0.0,45.0,-51.75,0.0,7,43.290193752491426,34.72
,-,NO_PATH,7.68233897e-19,0.0,29.99999999999999,-51.75,-2.987141537818687e-23,0.0,45.0,-51.75,0.0,7,43.289601166154554,34.74
,-,NO_PATH,8.66343244e-20,0.0,29.99999999999999,-51.75,-2.987141537818687e-23,0.0,45.0,-51.75,0.0,7,43.289601166154554,34.760000000000005
,-,NO_PATH,8.66343244e-20,0.0,29.99999999999999,-51.75,-2.987141537818687e-23,0.0,45.0,-51.75,0.0,7,43.289601166154554,34.78
,-,NO_PATH,6.63341709e-20,0.0,29.99999999999999,-51.75,-2.987141537818687e-23,0.0,45.0,-51.75,0.0,7,43.289601166154554,34.800000000000004
,-,NO_PATH,6.94902563e-19,0.0,29.99999999999999,-51.75,-2.987141537818687e-23,0.0,45.0,-51.75,0.0,7,43.289601166154554,34.821000000000005
,-,NO_PATH,4.65241085e-19,0.0,29.99999999999999,-51.75,-2.987141537818687e-23,0.0,45.0,-51.75,0.0,7,43.289254546146246,34.84
,-,NO_PATH,4.65241085e-19,0.0,29.99999999999999,-51.75,-2.987141537818687e-23,0.0,45.0,-51.75,0.0,7,43.289254546146246,34.86
,-,NO_PATH,5.92284349e-19,0.0,29.99999999999999,-51.75,-2.987141537818687e-23,0.0,45.0,-51.75,0.0,7,43.289254546146246,34.88
,-,NO_PATH,5.92284349e-19,0.0,29.99999999999999,-51.75,-2.987141537818687e-23,0.0,45.0,-51.75,0.0,7,43.289254546146246,34.900000000000006
,-,NO_PATH,7.51299723e-19,0.0,29.99999999999999,-51.75,-2.987141537818687e-23,0.0,45.0,-51.75,0.0,7,43.289254546146246,34.92
,-,NO_PATH,3.53953327e-19,0.0,29.99999999999999,-51.75,-2.987141537818687e-23,0.0,45.0,-51.75,0.0,7,43.289254546146246,34.940000000000005
,-,NO_PATH,5.59905462e-19,0.0,29.99999999999999,-51.75,-2.987141537818687e-23,0.0,45.0,-51.75,0.0,7,43.288736422354816,34.96
,-,NO_PATH,5.59905462e-19,0.0,29.99999999999999,-51.75,-2.987141537818687e-23,0.0,45.0,-51.75,0.0,7,43.288736422354816,34.980000000000004
,-,NO_PATH,3.8356911e-19,0.0,29.99999999999999,-51.75,-2.987141537818687e-23,0.0,45.0,-51.75,0.0,7,43.288736422354816,35.0
,-,NO_PATH,3.8356911e-19,0.0,29.99999999999999,-51.75,-2.987141537818687e-23,0.0,45.0,-51.75,0.0,7,43.288736422354816,35.02
,-,NO_PATH,1.58887124e-19,0.0,29.99999999999999,-51.75,-2.987141537818687e-23,0.0,45.0,-51.75,0.0,7,43.288736422354816,35.04
,-,NO_PATH,1.19402998e-18,0.0,29.99999999999999,-51.75,-2.987141537818687e-23,0.0,45.0,-51.75,0.0,7,43.28863083616988,35.06
,-,NO_PATH,9.30739128e-20,0.0,29.99999999999999,-51.75,-2.987141537818687e-23,0.0,45.0,-51.75,0.0,7,43.28863083616988,35.080000000000005
,-,NO_PATH,-7.21685107e-20,0.0,29.99999999999999,-51.75,-2.987141537818687e-23,0.0,45.0,-51.75,0.0,7,43.28863083616988,35.1
,-,NO_PATH,-7.21685107e-20,0.0,29.99999999999999,-51.75,-2.987141537818687e-23,0.0,45.0,-51.75,0.0,7,43.28863083616988,35.120000000000005
,-,NO_PATH,7.34209964e-19,0.0,29.99999999999999,-51.75,-2.987141537818687e-23,0.0,45.0,-51.75,0.0,7,43.28781974918664,35.14
,-,NO_PATH,8.96549516e-19,0.0,29.99999999999999,-51.75,-2.987141537818687e-23,0.0,45.0,-51.75,0.0,7,43.28781974918664,35.160000000000004
,-,NO_PATH,8.96549516e-19,0.0,29.99999999999999,-51.75,-2.987141537818687e-23,0.0,45.0,-51.75,0.0,7,43.28781974918664,35.18
,-,NO_PATH,6.71219435e-19,0.0,29.99999999999999,-51.75,-2.987141537818687e-23,0.0,45.0,-51.75,0.0,7,43.28781974918664,35.2
,-,NO_PATH,2.09965118e-19,0.0,29.99999999999999,-51.75,-2.987141537818687e-23,0.0,45.0,-51.75,0.0,7,43.28781974918664,35.22
,-,NO_PATH,7.84561033e-19,0.0,29.99999999999999,-51.75,-2.987141537818687e-23,0.0,45.0,-51.75,0.0,7,43.285852349676496,35.24
,-,NO_PATH,4.35194263e-19,0.0,29.99999999999999,-51.75,-2.987141537818687e-23,0.0,45.0,-51.75,0.0,7,43.285852349676496,35.260000000000005
,-,NO_PATH,5.35663071e-19,0.0,29.99999999999999,-51.75,-2.987141537818687e-23,0.0,45.0,-51.75,0.0,7,43.285852349676496,35.28
,-,NO_PATH,3.4647316e-19,0.0,29.99999999999999,-51.75,-2.987141537818687e-23,0.0,45.0,-51.75,0.0,7,43.285852349676496,35.300000000000004
,-,NO_PATH,3.4647316e-19,0.0,29.99999999999999,-51.75,-2.987141537818687e-23,0.0,45.0,-51.75,0.0,7,43.285852349676496,35.32
,-,NO_PATH,2.43227652e-19,0.0,29.99999999999999,-51.75,-2.987141537818687e-23,0.0,45.0,-51.75,0.0,7,43.285852349676496,35.34
,-,NO_PATH,9.4935274e-19,0.0,29.99999999999999,-51.75,-2.987141537818687e-23,0.0,45.0,-51.75,0.0,7,43.28410845398217,35.36
,-,NO_PATH,1.25008027e-18,0.0,29.99999999999999,-51.75,-2.987141537818687e-23,0.0,45.0,-51.75,0.0,7,43.28410845398217,35.381
,-,NO_PATH,1.25008027e-18,0.0,29.99999999999999,-51.75,-2.987141537818687e-23,0.0,45.0,-51.75,0.0,7,43.28410845398217,35.400000000000006
,-,NO_PATH,6.50756417e-19,0.0,29.99999999999999,-51.75,-2.987141537818687e-23,0.0,45.0,-51.75,0.0,7,43.28410845398217,35.421
,-,NO_PATH,-3.26405525e-20,0.0,29.99999999999999,-51.75,-2.987141537818687e-23,0.0,45.0,-51.75,0.0,7,43.28272469385192,35.440000000000005
,-,NO_PATH,1.05895078e-18,0.0,29.99999999999999,-51.75,-2.987141537818687e-23,0.0,45.0,-51.75,0.0,7,43.28272469385192,35.46
,-,NO_PATH,1.05895078e-18,0.0,29.99999999999999,-51.75,-2.987141537818687e-23,0.0,45.0,-51.75,0.0,7,43.28272469385192,35.480000000000004
,-,NO_PATH,5.07796991e-19,0.0,29.99999999999999,-51.75,-2.987141537818687e-23,0.0,45.0,-51.75,0.0,7,43.28272469385192,35.5
,-,NO_PATH,8.73169722e-19,0.0,29.99999999999999,-51.75,-2.987141537818687e-23,0.0,45.0,-51.75,0.0,7,43.28272469385192,35.52
,-,NO_PATH,3.70138996e-19,0.0,29.99999999999999,-51.75,-2.987141537818687e-23,0.0,45.0,-51.75,0.0,7,43.28306746691223,35.54
,-,NO_PATH,3.70138996e-19,0.0,29.99999999999999,-51.75,-2.987141537818687e-23,0.0,45.0,-51.75,0.0,7,43.28306746691223,35.56
,-,NO_PATH,3.61229671e-19,0.0,29.99999999999999,-51.75,-2.987141537818687e-23,0.0,45.0,-51.75,0.0,7,43.28306746691223,35.580000000000005
,-,NO_PATH,1.24762949e-18,0.0,29.99999999999999,-51.75,-2.987141537818687e-23,0.0,45.0,-51.75,0.0,7,43.28306746691223,35.6
,-,NO_PATH,1.24762949e-18,0.0,29.99999999999999,-51.75,-2.987141537818687e-23,0.0,45.0,-51.75,0.0,7,43.28306746691223,35.620000000000005
,-,NO_PATH,2.6145511e-19,0.0,29.99999999999999,-51.75,-2.987141537818687e-23,0.0,45.0,-51.75,0.0,7,43.28204098501397,35.64
,-,NO_PATH,2.6145511e-19,0.0,29.99999999999999,-51.75,-2.987141537818687e-23,0.0,45.0,-51.75,0.0,7,43.28204098501397,35.660000000000004
,-,NO_PATH,9.21541062e-19,0.0,29.99999999999999,-51.75,-2.987141537818687e-23,0.0,45.0,-51.75,0.0,7,43.28204098501397,35.68
,-,NO_PATH,6.79607355e-19,0.0,29.99999999999999,-51.75,-2.987141537818687e-23,0.0,45.0,-51.75,0.0,7,43.28204098501397,35.7
,-,NO_PATH,6.79607355e-19,0.0,29.99999999999999,-51.75,-2.987141537818687e-23,0.0,45.0,-51.75,0.0,7,43.28204098501397,35.72
,-,NO_PATH,3.56789634e-19,0.0,29.99999999999999,-51.75,-2.987141537818687e-23,0.0,45.0,-51.75,0.0,7,43.28151802537116,35.74
,-,NO_PATH,-3.14699477e-20,0.0,29.99999999999999,-51.75,-2.987141537818687e-23,0.0,45.0,-51.75,0.0,7,43.28151802537116,35.760000000000005
,-,NO_PATH,-1.61384781e-19,0.0,29.99999999999999,-51.75,-2.987141537818687e-23,0.0,45.0,-51.75,0.0,7,43.28151802537116,35.78
,-,NO_PATH,-2.33624371e-19,0.0,29.99999999999999,-51.75,-2.987141537818687e-23,0.0,45.0,-51.75,0.0,7,43.28151802537116,35.800000000000004
,-,NO_PATH,5.80153262e-19,0.0,29.99999999999999,-51.75,-2.987141537818687e-23,0.0,45.0,-51.75,0.0,7,43.28151802537116,35.82
,-,NO_PATH,5.80153262e-19,0.0,29.99999999999999,-51.75,-2.987141537818687e-23,0.0,45.0,-51.75,0.0,7,43.281588085642035,35.84
,-,NO_PATH,3.47572958e-19,0.0,29.99999999999999,-51.75,-2.987141537818687e-23,0.0,45.0,-51.75,0.0,7,43.281588085642035,35.86
,-,NO_PATH,2.48676681e-19,0.0,29.99999999999999,-51.75,-2.987141537818687e-23,0.0,45.0,-51.75,0.0,7,43.281588085642035,35.88
,-,NO_PATH,5.93216656e-19,0.0,29.99999999999999,-51.75,-2.987141537818687e-23,0.0,45.0,-51.75,0.0,7,43.281588085642035,35.900000000000006
,-,NO_PATH,1.32102357e-18,0.0,29.99999999999999,-51.75,-2.987141537818687e-23,0.0,45.0,-51.75,0.0,7,43.281588085642035,35.92
,-,NO_PATH,1.32102357e-18,0.0,29.99999999999999,-51.75,-2.987141537818687e-23,0.0,45.0,-51.75,0.0,7,43.2809487878194,35.940000000000005
,-,NO_PATH,2.48720438e-19,0.0,29.99999999999999,-51.75,-2.987141537818687e-23,0.0,45.0,-51.75,0.0,7,43.2809487878194,35.96
,-,NO_PATH,1.8606237e-19,0.0,29.99999999999999,-51.75,-2.987141537818687e-23,0.0,45.0,-51.75,0.0,7,43.2809487878194,35.980000000000004
,-,NO_PATH,2.93403404e-19,0.0,29.99999999999999,-51.75,-2.987141537818687e-23,0.0,45.0,-51.75,0.0,7,43.2809487878194,36.0
,-,NO_PATH,2.93403404e-19,0.0,29.99999999999999,-51.75,-2.987141537818687e-23,0.0,45.0,-51.75,0.0,7,43.2809487878194,36.02
,-,NO_PATH,7.57098417e-19,0.0,29.99999999999999,-51.75,-2.987141537818687e-23,0.0,45.0,-51.75,0.0,7,43.2818444216381,36.04
,-,NO_PATH,9.40169735e-19,0.0,29.99999999999999,-51.75,-2.987141537818687e-23,0.0,45.0,-51.75,0.0,7,43.2818444216381,36.06
,-,NO_PATH,4.60566014e-19,0.0,29.99999999999999,-51.75,-2.987141537818687e-23,0.0,45.0,-51.75,0.0,7,43.2818444216381,36.080000000000005
,-,NO_PATH,5.04638077e-19,0.0,29.99999999999999,-51.75,-2.987141537818687e-23,0.0,45.0,-51.75,0.0,7,43.2818444216381,36.1
,-,NO_PATH,5.04638077e-19,0.0,29.99999999999999,-51.75,-2.987141537818687e-23,0.0,45.0,-51.75,0.0,7,43.2818444216381,36.120000000000005
,-,NO_PATH,2.39113997e-19,0.0,29.99999999999999,-51.75,-2.987141537818687e-23,0.0,45.0,-51.75,0.0,7,43.28354994279866,36.14
,-,NO_PATH,2.98926373e-19,0.0,29.99999999999999,-51.75,-2.987141537818687e-23,0.0,45.0,-51.75,0.0,7,43.28354994279866,36.160000000000004
,-,NO_PATH,2.98926373e-19,0.0,29.99999999999999,-51.75,-2.987141537818687e-23,0.0,45.0,-51.75,0.0,7,43.28354994279866,36.18
,-,NO_PATH,-2.38956358e-19,0.0,29.99999999999999,-51.75,-2.987141537818687e-23,0.0,45.0,-51.75,0.0,7,43.28354994279866,36.2
,-,NO_PATH,2.05831035e-19,0.0,29.99999999999999,-51.75,-2.987141537818687e-23,0.0,45.0,-51.75,0.0,7,43.28354994279866,36.22
,-,NO_PATH,2.05831035e-19,0.0,29.99999999999999,-51.75,-2.987141537818687e-23,0.0,45.0,-51.75,0.0,7,43.2846158446981,36.241
,-,NO_PATH,7.82540215e-19,0.0,29.99999999999999,-51.75,-2.987141537818687e-23,0.0,45.0,-51.75,0.0,7,43.2846158446981,36.260000000000005
,-,NO_PATH,3.33861871e-19,0.0,29.99999999999999,-51.75,-2.987141537818687e-23,0.0,45.0,-51.75,0.0,7,43.2846158446981,36.28
,-,NO_PATH,3.33861871e-19,0.0,29.99999999999999,-51.75,-2.987141537818687e-23,0.0,45.0,-51.75,0.0,7,43.2846158446981,36.300000000000004
,-,NO_PATH,1.10833146e-18,0.0,29.99999999999999,-51.75,-2.987141537818687e-23,0.0,45.0,-51.75,0.0,7,43.2846158446981,36.32
,-,NO_PATH,-8.24690542e-20,0.0,29.99999999999999,-51.75,-2.987141537818687e-23,0.0,45.0,-51.75,0.0,7,43.2846158446981,36.34
,-,NO_PATH,-8.24690542e-20,0.0,29.99999999999999,-51.75,-2.987141537818687e-23,0.0,45.0,-51.75,0.0,7,43.28390453560578,36.36
,-,NO_PATH,6.39150394e-19,0.0,29.99999999999999,-51.75,-2.987141537818687e-23,0.0,45.0,-51.75,0.0,7,43.28390453560578,36.38
,-,NO_PATH,6.26095558e-19,0.0,29.99999999999999,-51.75,-2.987141537818687e-23,0.0,45.0,-51.75,0.0,7,43.28390453560578,36.401
,-,NO_PATH,3.10432459e-19,0.0,29.99999999999999,-51.75,-2.987141537818687e-23,0.0,45.0,-51.75,0.0,7,43.28390453560578,36.42
,-,NO_PATH,3.10432459e-19,0.0,29.99999999999999,-51.75,-2.987141537818687e-23,0.0,45.0,-51.75,0.0,7,43.284595392143785,36.440000000000005
,-,NO_PATH,1.55061682e-19,0.0,29.99999999999999,-51.75,-2.987141537818687e-23,0.0,45.0,-51.75,0.0,7,43.284595392143785,36.46
,-,NO_PATH,1.55061682e-19,0.0,29.99999999999999,-51.75,-2.987141537818687e-23,0.0,45.0,-51.75,0.0,7,43.284595392143785,36.480000000000004
,-,NO_PATH,5.81706232e-19,0.0,29.99999999999999,-51.75,-2.987141537818687e-23,0.0,45.0,-51.75,0.0,7,43.284595392143785,36.5
,-,NO_PATH,1.36698373e-19,0.0,29.99999999999999,-51.75,-2.987141537818687e-23,0.0,45.0,-51.75,0.0,7,43.284595392143785,36.52
,-,NO_PATH,1.36698373e-19,0.0,29.99999999999999,-51.75,-2.987141537818687e-23,0.0,45.0,-51.75,0.0,7,43.284894241045656,36.54
,-,NO_PATH,4.79230946e-19,0.0,29.99999999999999,-51.75,-2.987141537818687e-23,0.0,45.0,-51.75,0.0,7,43.284894241045656,36.56
,-,NO_PATH,-6.16596041e-19,0.0,29.99999999999999,-51.75,-2.987141537818687e-23,0.0,45.0,-51.75,0.0,7,43.284894241045656,36.580000000000005
,-,NO_PATH,2.94907873e-19,0.0,29.99999999999999,-51.75,-2.987141537818687e-23,0.0,45.0,-51.75,0.0,7,43.284894241045656,36.6
,-,NO_PATH,2.94907873e-19,0.0,29.99999999999999,-51.75,-2.987141537818687e-23,0.0,45.0,-51.75,0.0,7,43.284894241045656,36.620000000000005
,-,NO_PATH,4.03988589e-19,0.0,29.99999999999999,-51.75,-2.987141537818687e-23,0.0,45.0,-51.75,0.0,7,43.2849720131067,36.64
,-,NO_PATH,4.03988589e-19,0.0,29.99999999999999,-51.75,-2.987141537818687e-23,0.0,45.0,-51.75,0.0,7,43.2849720131067,36.660000000000004
,-,NO_PATH,-1.26819635e-19,0.0,29.99999999999999,-51.75,-2.987141537818687e-23,0.0,45.0,-51.75,0.0,7,43.2849720131067,36.68
,-,NO_PATH,6.40983146e-19,0.0,29.99999999999999,-51.75,-2.987141537818687e-23,0.0,45.0,-51.75,0.0,7,43.2849720131067,36.7
,-,NO_PATH,1.14093718e-18,0.0,29.99999999999999,-51.75,-2.987141537818687e-23,0.0,45.0,-51.75,0.0,7,43.2849720131067,36.72
,-,NO_PATH,1.36090694e-18,0.0,29.99999999999999,-51.75,-2.987141537818687e-23,0.0,45.0,-51.75,0.0,7,43.285809122073495,36.74
,-,NO_PATH,4.57728429e-19,0.0,29.99999999999999,-51.75,-2.987141537818687e-23,0.0,45.0,-51.75,0.0,7,43.285809122073495,36.760000000000005
,-,NO_PATH,4.57728429e-19,0.0,29.99999999999999,-51.75,-2.987141537818687e-23,0.0,45.0,-51.75,0.0,7,43.285809122073495,36.78
,-,NO_PATH,8.78029359e-19,0.0,29.99999999999999,-51.75,-2.987141537818687e-23,0.0,45.0,-51.75,0.0,7,43.285809122073495,36.800000000000004
,-,NO_PATH,8.78029359e-19,0.0,29.99999999999999,-51.75,-2.987141537818687e-23,0.0,45.0,-51.75,0.0,7,43.285809122073495,36.82
,-,NO_PATH,8.51457341e-19,0.0,29.99999999999999,-51.75,-2.987141537818687e-23,0.0,45.0,-51.75,0.0,7,43.28647406546002,36.84
,-,NO_PATH,9.20441479e-19,0.0,29.99999999999999,-51.75,-2.987141537818687e-23,0.0,45.0,-51.75,0.0,7,43.28647406546002,36.86
,-,NO_PATH,9.20441479e-19,0.0,29.99999999999999,-51.75,-2.987141537818687e-23,0.0,45.0,-51.75,0.0,7,43.28647406546002,36.88
,-,NO_PATH,9.53698462e-19,0.0,29.99999999999999,-51.75,-2.987141537818687e-23,0.0,45.0,-51.75,0.0,7,43.28647406546002,36.900000000000006
,-,NO_PATH,2.16142668e-19,0.0,29.99999999999999,-51.75,-2.987141537818687e-23,0.0,45.0,-51.75,0.0,7,43.28647406546002,36.922000000000004
,-,NO_PATH,7.41757793e-19,0.0,29.99999999999999,-51.75,-2.987141537818687e-23,0.0,45.0,-51.75,0.0,7,43.28556105844717,36.940000000000005
,-,NO_PATH,2.57405641e-19,0.0,29.99999999999999,-51.75,-2.987141537818687e-23,0.0,45.0,-51.75,0.0,7,43.28556105844717,36.96
,-,NO_PATH,2.57405641e-19,0.0,29.99999999999999,-51.75,-2.987141537818687e-23,0.0,45.0,-51.75,0.0,7,43.28556105844717,36.980000000000004
,-,NO_PATH,3.96918548e-19,0.0,29.99999999999999,-51.75,-2.987141537818687e-23,0.0,45.0,-51.75,0.0,7,43.28556105844717,37.0
,-,NO_PATH,3.04833493e-19,0.0,29.99999999999999,-51.75,-2.987141537818687e-23,0.0,45.0,-51.75,0.0,7,43.28556105844717,37.02
,-,NO_PATH,6.65930807e-19,0.0,29.99999999999999,-51.75,-2.987141537818687e-23,0.0,45.0,-51.75,0.0,7,43.28613949940706,37.04
,-,NO_PATH,1.3273205e-18,0.0,29.99999999999999,-51.75,-2.987141537818687e-23,0.0,45.0,-51.75,0.0,7,43.28613949940706,37.06
,-,NO_PATH,9.54679592e-19,0.0,29.99999999999999,-51.75,-2.987141537818687e-23,0.0,45.0,-51.75,0.0,7,43.28613949940706,37.080000000000005
,-,NO_PATH,9.54679592e-19,0.0,29.99999999999999,-51.75,-2.987141537818687e-23,0.0,45.0,-51.75,0.0,7,43.28613949940706,37.1
FOLLOW,-,NO_PATH,2.75516948e-19,0.0,29.99999999999999,-51.75,-2.987141537818687e-23,0.0,45.0,-51.75,0.0,7,43.28613949940706,37.121
FOLLOW,-,TRACKING,7.63906126e-19,0.0,29.99999999999999,-51.75,-2.987141537818687e-23,0.0,45.0,-51.75,0.0,7,43.286458440870554,37.14
FOLLOW,-,TRACKING,3.79634969e-19,0.02159931250176328,30.0002834862508,-51.75,2.274817103415187e-13,0.0,45.0,-51.75,0.0,7,43.286458440870554,37.160000000000004
FOLLOW,-,TRACKING,3.79634969e-19,0.04724923615562204,30.001079972501998,-51.75,1.0188445819792259e-12,0.0,45.0,-51.75,0.0,7,43.286458440870554,37.18
FOLLOW,-,TRACKING,0.0539999998,0.0772492361559074,30.00247495722512,-51.75,2.404855019222757e-12,0.0,45.0,-51.75,0.0,7,43.286458440870554,37.2
FOLLOW,-,TRACKING,0.0839999998,0.10724923615654802,30.004469941948244,-51.75,4.387003915125691e-12,0.0,45.0,-51.75,0.0,7,43.286458440870554,37.22
FOLLOW,-,TRACKING,0.0839999998,0.13724923615576756,30.00706492667136,-51.75,6.9652910347467494e-12,0.0,45.0,-51.75,0.0,7,43.287726955016645,37.24
FOLLOW,-,TRACKING,0.144,0.16724923615605292,30.01025991139449,-51.75,1.0139717934603297e-11,0.0,45.0,-51.75,0.0,7,43.287726955016645,37.260000000000005
FOLLOW,-,TRACKING,0.174,0.19724923615669354,30.014054896117614,-51.74999999999989,1.3910288162403105e-11,0.0,45.0,-51.75,0.0,7,43.287726955016645,37.28
FOLLOW,-,TRACKING,0.174,0.22724923615591308,30.01844988084073,-51.74999999999975,1.8277008956099934e-11,0.0,45.0,-51.75,0.0,7,43.287726955016645,37.300000000000004
FOLLOW,-,TRACKING,0.204,0.25724923615584316,30.023444865563853,-51.74999999999961,2.323989295393949e-11,0.0,45.0,-51.75,0.0,7,43.287726955016645,37.32
FOLLOW,-,TRACKING,0.234,0.2872492361564838,30.029039850286978,-51.74999999999945,2.879895805831675e-11,0.0,45.0,-51.75,0.0,7,43.28684957320033,37.34
FOLLOW,-,TRACKING,0.294,0.3172492361560586,30.035234835010097,-51.74999999999917,3.495423382045242e-11,0.0,45.0,-51.75,0.0,7,43.28684957320033,37.36
FOLLOW,-,TRACKING,0.324,0.3472492361556334,30.04202981973322,-51.749999999998884,4.170575604345459e-11,0.0,45.0,-51.75,0.0,7,43.28684957320033,37.38
FOLLOW,-,TRACKING,0.354,0.37724923615627404,30.049424804456343,-51.74999999999846,4.905357477007753e-11,0.0,45.0,-51.75,0.0,7,43.28684957320033,37.400000000000006
FOLLOW,-,TRACKING,0.354,0.4072492361562041,30.057419789179463,-51.74999999999797,5.699775549505599e-11,0.0,45.0,-51.75,0.0,7,43.28684957320033,37.42
FOLLOW,-,TRACKING,0.414,0.43724923615577893,30.066014773902584,-51.74999999999738,6.553838111730495e-11,0.0,45.0,-51.75,0.0,7,43.28798802245653,37.441
FOLLOW,-,TRACKING,0.444,0.46724923615641956,30.07520975862571,-51.74999999999666,7.467555313641675e-11,0.0,45.0,-51.75,0.0,7,43.28798802245653,37.46
FOLLOW,-,TRACKING,0.444,0.49724923615634964,30.085004743348833,-51.7499999999958,8.440939653745893e-11,0.0,45.0,-51.75,0.0,7,43.28798802245653,37.480000000000004
FOLLOW,-,TRACKING,0.474,0.5272492361559245,30.095399728071953,-51.74999999999478,9.47400622414476e-11,0.0,45.0,-51.75,0.0,7,43.28798802245653,37.5
FOLLOW,-,TRACKING,0.504,0.5572492361562098,30.10639471279508,-51.749999999993584,1.0566773024774694e-10,0.0,45.0,-51.75,0.0,7,43.28798802245653,37.52
FOLLOW,-,TRACKING,0.534,0.5872492361564952,30.1179896975182,-51.74999999999221,1.1719261490713088e-10,0.0,45.0,-51.75,0.0,7,43.28798802245653,37.54
FOLLOW,-,TRACKING,0.564,0.6172492361557147,30.13018468224132,-51.74999999999061,1.2931496027909618e-10,0.0,45.0,-51.75,0.0,7,43.287392945549264,37.56
FOLLOW,-,TRACKING,0.594,0.6472492361563553,30.14297966696445,-51.74999999998877,1.420350530038879e-10,0.0,45.0,-51.75,0.0,7,43.287392945549264,37.580000000000005
FOLLOW,-,TRACKING,0.654,0.6772492361566407,30.156374651687575,-51.749999999986684,1.553532186981433e-10,0.0,45.0,-51.75,0.0,7,43.287392945549264,37.6
FOLLOW,-,TRACKING,0.654,0.707249236155505,30.170369636410687,-51.74999999998431,1.6926982554417232e-10,0.0,45.0,-51.75,0.0,7,43.287392945549264,37.621
FOLLOW,-,TRACKING,0.714,0.7372492361561456,30.184964621133815,-51.74999999998163,1.8378529531596867e-10,0.0,45.0,-51.75,0.0,7,43.288553151465045,37.64
FOLLOW,-,TRACKING,0.744,0.7672492361567862,30.20015960585694,-51.74999999997863,1.9890008961944713e-10,0.0,45.0,-51.75,0.0,7,43.288553151465045,37.660000000000004
FOLLOW,-,TRACKING,0.744,0.7972492361556505,30.215954590580054,-51.74999999997526,2.1461472573264987e-10,0.0,45.0,-51.75,0.0,7,43.288553151465045,37.68
FOLLOW,-,TRACKING,0.804,0.8272492361562911,30.232349575303182,-51.749999999971514,2.3092976837116472e-10,0.0,45.0,-51.75,0.0,7,43.288553151465045,37.7
FOLLOW,-,TRACKING,0.834,0.8572492361565764,30.249344560026305,-51.74999999996735,2.478458435729827e-10,0.0,45.0,-51.75,0.0,7,43.288553151465045,37.721000000000004
FOLLOW,-,TRACKING,0.834,0.887249236155796,30.26693954474942,-51.74999999996274,2.6536362163054256e-10,0.0,45.0,-51.75,0.0,7,43.287498627351525,37.74
FOLLOW,-,TRACKING,0.864,0.9172492361560813,30.285134529472543,-51.74999999995766,2.834838292981636e-10,0.0,45.0,-51.75,0.0,7,43.287498627351525,37.760000000000005
FOLLOW,-,TRACKING,0.924,0.9472492361563667,30.303929514195666,-51.74999999995206,3.0220724498483604e-10,0.0,45.0,-51.75,0.0,7,43.287498627351525,37.78
FOLLOW,-,TRACKING,0.924,0.9772492361559415,30.323324498918783,-51.749999999945935,3.215346919447046e-10,0.0,45.0,-51.75,0.0,7,43.287498627351525,37.800000000000004
FOLLOW,-,TRACKING,0.984,1.0072492361558716,30.343319483641906,-51.749999999939234,3.4146704091098937e-10,0.0,45.0,-51.75,0.0,7,43.287498627351525,37.82
FOLLOW,-,TRACKING,0.984,1.0372492361565122,30.36391446836503,-51.74999999993192,3.620051960459431e-10,0.0,45.0,-51.75,0.0,7,43.28646458670333,37.84
FOLLOW,-,TRACKING,1.044,1.067249236156087,30.385109453088152,-51.74999999992397,3.831500942009982e-10,0.0,45.0,-51.75,0.0,7,43.28646458670333,37.86
FOLLOW,-,TRACKING,1.074,1.0972492361556618,30.40690443781127,-51.74999999991534,4.049027069046114e-10,0.0,45.0,-51.75,0.0,7,43.28646458670333,37.88
FOLLOW,-,TRACKING,1.074,1.1271838098984688,30.429298608339632,-51.749999999905995,4.27263194637562e-10,0.0,45.0,-51.75,0.0,7,43.28646458670333,37.900000000000006
FOLLOW,-,TRACKING,1.13348943,1.1537386681489181,30.452224883230418,-51.74999999989592,4.5016550828234836e-10,0.0,45.0,-51.75,0.0,7,43.28646458670333,37.92
FOLLOW,-,TRACKING,1.13348943,1.1821264902092565,30.47572025139005,-51.749999999885056,4.736474935777422e-10,0.0,45.0,-51.75,0.0,7,43.27236269486188,37.940000000000005
FOLLOW,-,TRACKING,1.18699163,1.2085167879892111,30.499742828698658,-51.7499999998734,4.976681572544504e-10,0.0,45.0,-51.75,0.0,7,43.27236269486188,37.96
FOLLOW,-,TRACKING,1.18699163,1.2349875599273474,30.524296405042165,-51.749999999860904,5.222320830215368e-10,0.0,45.0,-51.75,0.0,7,43.27236269486188,37.980000000000004
FOLLOW,-,TRACKING,1.21362076,1.2606217737051395,30.549364694841692,-51.74999999984754,5.473236933829841e-10,0.0,45.0,-51.75,0.0,7,43.27236269486188,38.001000000000005
FOLLOW,-,TRACKING,1.23945789,1.2854306744081612,30.57493155591978,-51.74999999983329,5.729274507813081e-10,0.0,45.0,-51.75,0.0,7,43.27236269486188,38.02
FOLLOW,-,TRACKING,1.28875646,1.3093906504909825,30.600980520127536,-51.749999999818115,5.990273622999039e-10,0.0,45.0,-51.75,0.0,8,43.272135351762785,38.04
FOLLOW,-,TRACKING,1.28875646,1.3330594480983393,30.627500789814032,-51.749999999801986,6.256129664465399e-10,0.0,45.0,-51.75,0.0,8,43.272135351762785,38.06
FOLLOW,-,TRACKING,1.33619764,1.3567324639517153,30.654497584004297,-51.749999999784855,6.526897191248663e-10,0.0,45.0,-51.75,0.0,8,43.272135351762785,38.080000000000005
FOLLOW,-,TRACKING,1.33619764,1.379638911030412,30.681955575568466,-51.7499999997667,6.802423284755115e-10,0.0,45.0,-51.75,0.0,8,43.272135351762785,38.1
FOLLOW,-,TRACKING,1.35941093,1.4017094426773014,30.709858841136544,-51.749999999747494,7.082547109478148e-10,0.0,45.0,-51.75,0.0,8,43.272135351762785,38.120000000000005
FOLLOW,-,TRACKING,1.3818678,1.4230039004583972,30.738191892440895,-51.749999999727216,7.3671101157511e-10,0.0,45.0,-51.75,0.0,8,43.271798302797414,38.141000000000005
FOLLOW,-,TRACKING,1.40355192,1.4442750832252216,30.76694686158923,-51.74999999970582,7.65602828123875e-10,0.0,45.0,-51.75,0.0,8,43.271798302797414,38.160000000000004
FOLLOW,-,TRACKING,1.42447252,1.4654972975513658,30.796130112421107,-51.74999999968328,7.949358610372241e-10,0.0,45.0,-51.75,0.0,8,43.271798302797414,38.18
FOLLOW,-,TRACKING,1.46694381,1.4859240877029833,30.825726284481128,-51.74999999965956,8.246937830783109e-10,0.0,45.0,-51.75,0.0,8,43.271798302797414,38.2
FOLLOW,-,TRACKING,1.46694381,1.5060352421279788,30.85573991098594,-51.749999999634596,8.548800455133739e-10,0.0,45.0,-51.75,0.0,8,43.2713379083585,38.22
FOLLOW,-,TRACKING,1.50646229,1.5242315484524482,30.88611434248359,-51.74999999960841,8.854363511229093e-10,0.0,45.0,-51.75,0.0,8,43.2713379083585,38.24
FOLLOW,-,TRACKING,1.50646229,1.5386150237887364,30.91681574451861,-51.749999999581036,9.163271124369399e-10,0.0,45.0,-51.75,0.0,8,43.2713379083585,38.260000000000005
FOLLOW,-,TRACKING,1.53861504,1.5517182341678648,30.947786173792146,-51.74999999955246,9.474922963826262e-10,0.0,45.0,-51.75,0.0,8,43.2713379083585,38.28
FOLLOW,-,TRACKING,1.55171823,1.564101469640633,30.979010747760157,-51.74999999952267,9.789150279107855e-10,0.0,45.0,-51.75,0.0,8,43.2713379083585,38.300000000000004
FOLLOW,-,TRACKING,1.55171823,1.5758491883133274,31.01047574379484,-51.74999999949166,1.010579487199163e-09,0.0,45.0,-51.75,0.0,8,43.2713379083585,38.32
FOLLOW,-,TRACKING,1.57584919,1.5869716900134279,31.042168191917618,-51.74999999945942,1.0424705217762263e-09,0.0,45.0,-51.75,0.0,8,43.27042813869179,38.34
FOLLOW,-,TRACKING,1.58697169,1.5992515310436772,31.074096697716044,-51.74999999942591,1.0745946170257e-09,0.0,45.0,-51.75,0.0,8,43.27042813869179,38.36
FOLLOW,-,TRACKING,1.58697169,1.6109311799965553,31.1062638781768,-51.7499999993911,1.1069521814548022e-09,0.0,45.0,-51.75,0.0,8,43.27042813869179,38.38
FOLLOW,-,TRACKING,1.61093118,1.622019189582602,31.138657552245412,-51.74999999935499,1.1395287256698125e-09,0.0,45.0,-51.75,0.0,8,43.27042813869179,38.401
FOLLOW,-,TRACKING,1.61093118,1.632488317902414,31.17126552937403,-51.74999999931756,1.1723097698179773e-09,0.0,45.0,-51.75,0.0,8,43.27042813869179,38.42
FOLLOW,-,TRACKING,1.63248832,1.6423463979968744,31.204074945753277,-51.7499999992788,1.2052802084515995e-09,0.0,45.0,-51.75,0.0,8,43.27046072789894,38.440000000000005
FOLLOW,-,TRACKING,1.63248832,1.6534543370738675,31.237097163325643,-51.749999999238675,1.2384493679958347e-09,0.0,45.0,-51.75,0.0,8,43.27046072789894,38.46
FOLLOW,-,TRACKING,1.65345434,1.6639743143933572,31.270334484437868,-51.74999999919714,1.2718175500153176e-09,0.0,45.0,-51.75,0.0,8,43.27046072789894,38.480000000000004
FOLLOW,-,TRACKING,1.66397431,1.67391480492185,31.30377469204062,-51.74999999915423,1.3053706249330805e-09,0.0,45.0,-51.75,0.0,8,43.27046072789894,38.501000000000005
FOLLOW,-,TRACKING,1.6739148,1.6832468903587028,31.337415132582997,-51.74999999910989,1.3391042377483084e-09,0.0,45.0,-51.75,0.0,8,43.27046072789894,38.521
FOLLOW,-,TRACKING,1.68324689,1.6919783372131292,31.37122480619983,-51.749999999064165,1.3729858229443693e-09,0.0,45.0,-51.75,0.0,8,43.27046072789894,38.54
FOLLOW,-,TRACKING,1.69197834,1.6966828454698657,31.405129824647496,-51.749999999017135,1.4069402006306782e-09,0.0,45.0,-51.75,0.0,8,43.268256967016896,38.56
FOLLOW,-,TRACKING,1.69668285,1.6996490151122146,31.439118371099998,-51.7499999989688,1.4409547218451544e-09,0.0,45.0,-51.75,0.0,8,43.268256967016896,38.580000000000005
FOLLOW,-,TRACKING,1.69668285,1.7025454974586296,31.473164986609504,-51.74999999891919,1.475003410322572e-09,0.0,45.0,-51.75,0.0,8,43.268256967016896,38.6
FOLLOW,-,TRACKING,1.7025455,1.7049263832902284,31.507253108633737,-51.749999998868326,1.5090695388581434e-09,0.0,45.0,-51.75,0.0,8,43.268256967016896,38.620000000000005
FOLLOW,-,TRACKING,1.70492638,1.7063965202005704,31.5413795681522,-51.749999998816214,1.543150110443317e-09,0.0,45.0,-51.75,0.0,8,43.26994877950855,38.64
FOLLOW,-,TRACKING,1.70492638,1.7099073246633623,31.575571680444273,-51.7499999987628,1.5772728080476835e-09,0.0,45.0,-51.75,0.0,8,43.26994877950855,38.660000000000004
FOLLOW,-,TRACKING,1.70639652,1.7129503258281886,31.60982605640776,-51.74999999870809,1.6114349229193022e-09,0.0,45.0,-51.75,0.0,8,43.26994877950855,38.68
FOLLOW,-,TRACKING,1.70990732,1.7155414375977784,31.644133201616704,-51.7499999986521,1.645627976304433e-09,0.0,45.0,-51.75,0.0,8,43.26994877950855,38.7
FOLLOW,-,TRACKING,1.71554144,1.7176371748419683,31.67848325257184,-51.74999999859483,1.6798434116061332e-09,0.0,45.0,-51.75,0.0,8,43.26994877950855,38.72
FOLLOW,-,TRACKING,1.71763717,1.7192442287370824,31.712866422220433,-51.74999999853631,1.7140730278899228e-09,0.0,45.0,-51.75,0.0,8,43.26947871854985,38.74
FOLLOW,-,TRACKING,1.71924423,1.722491909855961,31.74731101572038,-51.74999999847648,1.748346788287536e-09,0.0,45.0,-51.75,0.0,8,43.26947871854985,38.760000000000005
FOLLOW,-,TRACKING,1.72249191,1.7252742409894495,31.781809652129926,-51.749999998415355,1.7826593445073343e-09,0.0,45.0,-51.75,0.0,8,43.26947871854985,38.78
FOLLOW,-,TRACKING,1.72527424,1.7271054294063504,31.816349597408728,-51.749999998352955,1.8170002397674269e-09,0.0,45.0,-51.75,0.0,8,43.26947871854985,38.800000000000004
FOLLOW,-,TRACKING,1.72527424,1.728936617824317,31.85092616645588,-51.74999999828928,1.85136722296154e-09,0.0,45.0,-51.75,0.0,8,43.26947871854985,38.82
FOLLOW,-,TRACKING,1.72893662,1.7302812209294416,31.885530445586653,-51.74999999822436,1.8857539683756664e-09,0.0,45.0,-51.75,0.0,8,43.26921726986615,38.84
FOLLOW,-,TRACKING,1.72893662,1.726937270927209,31.920072881193555,-51.74999999815889,1.9204757782841046e-09,0.0,45.0,-51.75,0.0,8,43.26921726986615,38.86
FOLLOW,-,TRACKING,1.72693727,1.7231005925530951,31.954543405551807,-51.74999999809235,1.9551104665560936e-09,0.0,45.0,-51.75,0.0,8,43.26921726986615,38.88
FOLLOW,-,TRACKING,1.72693727,1.7187782450449163,31.988924617789568,-51.74999999802477,1.989641406219987e-09,0.0,45.0,-51.75,0.0,8,43.26921726986615,38.901
FOLLOW,-,TRACKING,1.71877825,1.714062482484735,32.02321230170911,-51.749999997956174,2.0240630972831136e-09,0.0,45.0,-51.75,0.0,8,43.26921726986615,38.92
FOLLOW,-,TRACKING,1.71877825,1.7089617541827806,32.057398741077634,-51.749999997886576,2.058367478469891e-09,0.0,45.0,-51.75,0.0,8,43.26889408265671,38.940000000000005
FOLLOW,-,TRACKING,1.71406248,1.7057864365206399,32.091517822165315,-51.749999997815934,2.092587983112906e-09,0.0,45.0,-51.75,0.0,8,43.26889408265671,38.96
FOLLOW,-,TRACKING,1.70896175,1.7022531601966762,32.125566953772974,-51.749999997744126,2.1266244490400863e-09,0.0,45.0,-51.75,0.0,8,43.26889408265671,38.980000000000004
FOLLOW,-,TRACKING,1.70225316,1.6983687046604246,32.159539098764,-51.74999999767114,2.1604467307025055e-09,0.0,45.0,-51.75,0.0,8,43.26889408265671,39.001000000000005
FOLLOW,-,TRACKING,1.70225316,1.6940931753097743,32.19343079103547,-51.749999997597165,2.1941737134960258e-09,0.0,45.0,-51.75,0.0,8,43.26889408265671,39.02
FOLLOW,-,TRACKING,1.69409318,1.6894323585489701,32.22722576221338,-51.74999999752227,2.227821237280813e-09,0.0,45.0,-51.75,0.0,8,43.24251901639879,39.04
FOLLOW,-,TRACKING,1.69409318,1.6866706139779808,32.26096193764387,-51.7499999974464,2.2614286621255865e-09,0.0,45.0,-51.75,0.0,8,43.24251901639879,39.06
FOLLOW,-,TRACKING,1.68667061,1.6835473687990543,32.29463613310067,-51.74999999736957,2.2949942050289635e-09,3.0000000000001137,45.051,-51.75,0.0,8,43.24251901639879,39.080000000000005
FOLLOW,-,TRACKING,1.68354737,1.6800694013738848,32.328241478834066,-51.749999997291795,2.3285121566063807e-09,3.0000000000001137,45.051,-51.75,0.0,8,43.24251901639879,39.1
FOLLOW,-,TRACKING,1.6800694,1.6761972825278804,32.36177017069411,-51.7499999972131,2.3619755855597335e-09,3.0000000000001137,45.111000000000004,-51.75,0.0,8,43.24251901639879,39.121
FOLLOW,-,TRACKING,1.6800694,1.6719368154767267,32.395214430107295,-51.74999999713352,2.395377305290549e-09,3.0000000000001137,45.17100000000001,-51.75,0.0,8,43.27726725692458,39.14
FOLLOW,-,TRACKING,1.67193682,1.6627116514413842,32.42848756848999,-51.74999999705327,2.428630930103134e-09,3.0000000000001137,45.23100000000001,-51.75,0.0,8,43.27726725692458,39.160000000000004
FOLLOW,-,TRACKING,1.66271165,1.6530857291087386,32.461560165740956,-51.74999999697244,2.4617068970712686e-09,3.0000000000001137,45.29100000000001,-51.75,0.0,8,43.27726725692458,39.18
FOLLOW,-,TRACKING,1.65308573,1.643065288774892,32.49444355850304,-51.749999996890445,2.494188971018788e-09,3.0000000000001137,45.35100000000001,-51.75,0.0,8,43.27726725692458,39.2
FOLLOW,-,TRACKING,1.65308573,1.6327493254451042,32.527121814355034,-51.749999996807404,2.5260898662692905e-09,3.0000000000001137,45.411000000000016,-51.75,0.0,8,43.27726725692458,39.220000000000006
FOLLOW,-,TRACKING,1.64306529,1.6221459782883585,32.559620963342745,-51.749999996723616,2.5576897507033554e-09,3.0000000000001137,45.47100000000002,-51.75,0.0,8,43.39843675532084,39.24
FOLLOW,-,TRACKING,1.62214598,1.6136711635539314,32.591910815997466,-51.749999996639495,2.5891912823755462e-09,3.0000000000001137,45.53100000000002,-51.75,0.0,8,43.39843675532084,39.260000000000005
FOLLOW,-,TRACKING,1.61367116,1.6049366874639759,32.624018024135054,-51.74999999655466,2.6203837721987636e-09,3.0000000000001137,45.651000000000025,-51.75,0.0,8,43.39843675532084,39.28
FOLLOW,-,TRACKING,1.61367116,1.5959482712233353,32.6559549607525,-51.749999996469164,2.6513211111511944e-09,3.0000000000001137,45.651000000000025,-51.75,0.0,8,43.39843675532084,39.300000000000004
FOLLOW,-,TRACKING,1.59594827,1.5866637537840234,32.687707380190275,-51.74999999638315,2.682048072480963e-09,3.0000000000001137,45.71100000000003,-51.75,0.0,8,43.39843675532084,39.32
FOLLOW,-,TRACKING,1.58666375,1.5770883573722472,32.71926945550943,-51.749999996296644,2.7125687397779397e-09,3.0000000000001137,45.77100000000003,-51.75,0.0,9,43.58706672817273,39.34
FOLLOW,-,TRACKING,1.58666375,1.5695693408019906,32.75067440440936,-51.74999999621012,2.7433284204954794e-09,3.0000000000001137,45.83100000000003,-51.75,0.0,9,43.58706672817273,39.36
FOLLOW,-,TRACKING,1.57708836,1.561783344264711,32.78192443452767,-51.74999999612291,2.7738097604467194e-09,3.0000000000001137,45.891000000000034,-51.75,0.0,9,43.58706672817273,39.38
FOLLOW,-,TRACKING,1.56956934,1.5537364668460896,32.81301430998207,-51.749999996035086,2.8040469534186795e-09,3.0000000000001137,45.951000000000036,-51.75,0.0,9,43.58706672817273,39.401
FOLLOW,-,TRACKING,1.56178334,1.5453873869830659,32.84393811071731,-51.74999999594672,2.8340699431979035e-09,3.0000000000001137,46.01100000000004,-51.75,0.0,9,43.58706672817273,39.42
FOLLOW,-,TRACKING,1.54538739,1.5367412151007898,32.87468987951231,-51.74999999585786,2.8638807691263825e-09,3.0000000000001137,46.07100000000004,-51.75,0.0,9,43.58706672817273,39.440000000000005
FOLLOW,-,TRACKING,1.53674122,1.5300784772804832,32.90530244175377,-51.74999999576895,2.893900139841373e-09,3.0000000000001137,46.191000000000045,-51.75,0.0,9,43.83243381970096,39.461000000000006
FOLLOW,-,TRACKING,1.53674122,1.5231419579748717,32.93577709498424,-51.749999995679566,2.9238034338136334e-09,3.0000000000001137,46.191000000000045,-51.75,0.0,9,43.83243381970096,39.480000000000004
FOLLOW,-,TRACKING,1.52314196,1.5159377446707367,32.96610846703211,-51.74999999558973,2.953588583854014e-09,3.0000000000001137,46.25100000000005,-51.75,0.0,9,43.83243381970096,39.5
FOLLOW,-,TRACKING,1.51593774,1.508425842558836,32.99629052410188,-51.749999995499465,2.983252553663872e-09,3.0000000000001137,46.31100000000005,-51.75,0.0,9,43.83243381970096,39.52
FOLLOW,-,TRACKING,1.50842584,1.500611377117167,33.026317199525614,-51.74999999540882,3.0127919561522262e-09,3.0000000000001137,46.37100000000005,-51.75,0.0,10,44.11397012836452,39.54
FOLLOW,-,TRACKING,1.50061138,1.4947153959141701,33.056226198630725,-51.74999999531771,3.042270282186035e-09,3.0000000000001137,46.49100000000006,-51.75,0.0,10,44.11397012836452,39.56
FOLLOW,-,TRACKING,1.4947154,1.4885395441694982,33.08600652036159,-51.749999995226226,3.0717048072548595e-09,3.0000000000001137,46.49100000000006,-51.75,0.0,10,44.11397012836452,39.580000000000005
FOLLOW,-,TRACKING,1.48853954,1.4820898906720004,33.11565867049846,-51.74999999513457,3.1012409221724963e-09,3.0000000000001137,46.61100000000006,-51.75,0.0,10,44.11397012836452,39.6
FOLLOW,-,TRACKING,1.48853954,1.4753275392536125,33.14517651178722,-51.749999995042785,3.1308850544951395e-09,3.0000000000001137,46.61100000000006,-51.75,0.0,10,44.11397012836452,39.620000000000005
FOLLOW,-,TRACKING,1.48208989,1.4682577122542284,33.174553879113475,-51.749999994950564,3.160396587550901e-09,3.0000000000001137,46.731000000000066,-51.75,0.0,10,44.11397012836452,39.64
FOLLOW,-,TRACKING,1.46825771,1.463048342145612,33.20382226734937,-51.74999999485782,3.1897857509256787e-09,3.0000000000001137,46.731000000000066,-51.75,0.0,10,44.428780122978935,39.660000000000004
FOLLOW,-,TRACKING,1.46825771,1.4575536478886875,33.232981332493715,-51.74999999476455,3.2190512445078557e-09,3.0000000000001137,46.79100000000007,-51.75,0.0,10,44.428780122978935,39.68
FOLLOW,-,TRACKING,1.45755365,1.4517796795630034,33.262025476961895,-51.74999999467078,3.2481866679502344e-09,3.0000000000001137,46.91100000000007,-51.75,0.0,10,44.428780122978935,39.704
FOLLOW,-,TRACKING,1.45177968,1.4456886726748053,33.29095461754466,-51.74999999457651,3.277191298535389e-09,3.0000000000001137,46.91100000000007,-51.75,0.0,10,44.428780122978935,39.720000000000006
FOLLOW,-,TRACKING,1.45177968,1.4392857748575238,33.3197505449958,-51.749999994481826,3.3060464036686174e-09,3.0000000000001137,46.971000000000075,-51.75,0.0,10,44.76115601853257,39.74
FOLLOW,-,TRACKING,1.44568867,1.4415206258817648,33.348577986673334,-51.74999999438619,3.3349166036022587e-09,3.0000000000001137,47.03100000000008,-51.75,0.0,10,44.76115601853257,39.760000000000005
FOLLOW,-,TRACKING,1.44152063,1.443496148439749,33.37744545759102,-51.74999999428955,3.3638099801096106e-09,3.0000000000001137,47.15100000000008,-51.75,0.0,10,44.76115601853257,39.78
FOLLOW,-,TRACKING,1.44349615,1.4452187414732975,33.406347886357224,-51.749999994191946,3.3927211633182934e-09,3.0000000000001137,47.211000000000084,-51.75,0.0,10,44.76115601853257,39.800000000000004
FOLLOW,-,TRACKING,1.44521874,1.4465136197927109,33.43527686321535,-51.749999994093386,3.4216415566390127e-09,3.0000000000001137,47.211000000000084,-51.75,0.0,10,44.76115601853257,39.82
FOLLOW,-,TRACKING,1.44651362,1.4473837999986472,33.464223668592,-51.74999999399391,3.4505624917166143e-09,3.0000000000001137,47.271000000000086,-51.75,0.0,10,44.76115601853257,39.84
FOLLOW,-,TRACKING,1.44651362,1.4497517329559173,33.49321546617938,-51.74999999389342,3.4795112491526077e-09,3.0000000000001137,47.33100000000009,-51.75,0.0,10,45.10610774750381,39.86
FOLLOW,-,TRACKING,1.4473838,1.451712629673807,33.522247295980875,-51.749999993791924,3.508483161935155e-09,3.0000000000001137,47.39100000000009,-51.75,0.0,10,45.10610774750381,39.88
FOLLOW,-,TRACKING,1.44975173,1.453273142743683,33.551311137014956,-51.74999999368946,3.537470665758534e-09,3.0000000000001137,47.45100000000009,-51.75,0.0,10,45.10610774750381,39.901
FOLLOW,-,TRACKING,1.45327314,1.4544010905694904,33.58039803030414,-51.749999993586044,3.566465431095311e-09,3.0000000000001137,47.511000000000095,-51.75,0.0,10,45.10610774750381,39.92
FOLLOW,-,TRACKING,1.45440109,1.4551024249982447,33.6094986757781,-51.749999993481715,3.5954589551121143e-09,3.0000000000001137,47.5710000000001,-51.75,0.0,10,45.45683608549984,39.940000000000005
FOLLOW,-,TRACKING,1.45440109,1.463659944988649,33.63874302520018,-51.749999993375994,3.624581508239911e-09,3.0000000000001137,47.6310000000001,-51.75,0.0,10,45.45683608549984,39.96
FOLLOW,-,TRACKING,1.45510242,1.471836707317209,33.66815319460869,-51.7499999932688,3.6538559675875146e-09,3.0000000000001137,47.6910000000001,-51.75,0.0,10,45.45683608549984,39.980000000000004
FOLLOW,-,TRACKING,1.47183671,1.4796397499374336,33.697721667378175,-51.74999999316015,3.6832758471287374e-09,3.0000000000001137,47.81100000000011,-51.75,0.0,10,45.45683608549984,40.0
FOLLOW,-,TRACKING,1.47963975,1.486908822791122,33.72743849476809,-51.74999999305006,3.7128323965059715e-09,3.0000000000001137,47.81100000000011,-51.75,0.0,10,45.45683608549984,40.02
FOLLOW,-,TRACKING,1.48690882,1.4936481034197868,33.75729275700149,-51.749999992938555,3.74251605637975e-09,3.0000000000001137,47.93100000000011,-51.75,0.0,10,45.8101689399109,40.04
FOLLOW,-,TRACKING,1.4936481,1.5016720880041134,33.787300550768016,-51.749999992825586,3.7723442565072664e-09,3.0000000000001137,47.93100000000011,-51.75,0.0,10,45.8101689399109,40.06
FOLLOW,-,TRACKING,1.4936481,1.509184696949717,33.81746166522769,-51.74999999271113,3.80231833609301e-09,3.0000000000001137,47.99100000000011,-51.75,0.0,10,45.8101689399109,40.080000000000005
FOLLOW,-,TRACKING,1.5091847,1.5161934412191158,33.84776548676168,-51.749999992595214,3.8324294099759045e-09,3.0000000000001137,48.11100000000012,-51.75,0.0,10,45.8101689399109,40.1
FOLLOW,-,TRACKING,1.51619344,1.5226693063112862,33.87820149026476,-51.74999999247787,3.862668791848994e-09,3.0000000000001137,48.11100000000012,-51.75,0.0,10,45.8101689399109,40.120000000000005
FOLLOW,-,TRACKING,1.51619344,1.5286191633592239,33.90875907107391,-51.749999992359136,3.8930277784452435e-09,3.0000000000001137,48.17100000000012,-51.75,0.0,11,46.160860088257294,40.14
FOLLOW,-,TRACKING,1.52266931,1.535903034081798,33.93945570869276,-51.74999999223892,3.923525636823786e-09,3.0000000000001137,48.23100000000012,-51.75,0.0,11,46.160860088257294,40.160000000000004
FOLLOW,-,TRACKING,1.53590303,1.5426824839934739,33.97029045767078,-51.74999999211723,3.954163380733194e-09,3.0000000000001137,48.291000000000125,-51.75,0.0,11,46.160860088257294,40.18
FOLLOW,-,TRACKING,1.54268248,1.5489650758269136,34.00125334302886,-51.74999999199409,3.984933069443468e-09,3.0000000000001137,48.35100000000013,-51.75,0.0,11,46.160860088257294,40.2
FOLLOW,-,TRACKING,1.54896508,1.554720919713759,34.032333735116545,-51.74999999186954,4.015826106325519e-09,3.0000000000001137,48.47100000000013,-51.75,0.0,11,46.160860088257294,40.220000000000006
FOLLOW,-,TRACKING,1.55472092,1.5599568681068376,34.06352092601881,-51.7499999917436,4.046833788346071e-09,3.0000000000001137,48.531000000000134,-51.75,0.0,11,46.50658812921071,40.24
FOLLOW,-,TRACKING,1.55472092,1.5725424692540457,34.09491249858476,-51.74999999161588,4.078055063110523e-09,3.0000000000001137,48.531000000000134,-51.75,0.0,11,46.50658812921071,40.260000000000005
FOLLOW,-,TRACKING,1.57254247,1.5846521986560447,34.126550548826806,-51.74999999148617,4.109533772937074e-09,3.0000000000001137,48.65100000000014,-51.75,0.0,11,46.50658812921071,40.28
FOLLOW,-,TRACKING,1.5846522,1.596293942540683,34.15842528779825,-51.74999999135451,4.1412621075340384e-09,3.0000000000001137,48.71100000000014,-51.75,0.0,11,46.50658812921071,40.300000000000004
FOLLOW,-,TRACKING,1.59629394,1.6073170267461023,34.19052543804624,-51.74999999122091,4.173230687494713e-09,3.0000000000001137,48.71100000000014,-51.75,0.0,11,46.50658812921071,40.32
FOLLOW,-,TRACKING,1.60731703,1.6177267532029305,34.222838599724135,-51.74999999108541,4.205428887761293e-09,3.0000000000001137,48.77100000000014,-51.75,0.0,11,46.50658812921071,40.34
FOLLOW,-,TRACKING,1.60731703,1.6293552108734843,34.25537467035869,-51.749999990947956,4.2378681576119615e-09,3.0000000000001137,48.831000000000145,-51.75,0.0,11,46.84798509347928,40.36
FOLLOW,-,TRACKING,1.61772675,1.6403905559130294,34.2881361930971,-51.74999999080851,4.27055247355223e-09,3.0000000000001137,48.89100000000015,-51.75,0.0,11,46.84798509347928,40.38
FOLLOW,-,TRACKING,1.62935521,1.650841218371113,34.32111135750554,-51.74999999066709,4.30347130904915e-09,3.0000000000001137,48.95100000000015,-51.75,0.0,11,46.84798509347928,40.400000000000006
FOLLOW,-,TRACKING,1.64039056,1.6606788282302887,34.35428756579153,-51.749999990523754,4.336613109031862e-09,3.0000000000001137,49.01100000000015,-51.75,0.0,11,46.84798509347928,40.42
FOLLOW,-,TRACKING,1.66067883,1.6699111777555231,34.3876526581986,-51.74999999037852,4.369966493187971e-09,3.0000000000001137,49.13100000000016,-51.75,0.0,11,47.18094944957542,40.441
FOLLOW,-,TRACKING,1.66067883,1.6859603202021844,34.42127886630403,-51.74999999023105,4.4036042340606156e-09,3.0000000000001137,49.13100000000016,-51.75,0.0,11,47.18094944957542,40.46
FOLLOW,-,TRACKING,1.68607704,1.7016204183065042,34.455223334037534,-51.749999990081065,4.437583939225637e-09,3.0000000000001137,49.19100000000016,-51.75,0.0,11,47.18094944957542,40.480000000000004
FOLLOW,-,TRACKING,1.70168091,1.7167315703431996,34.489489951227746,-51.74999998992852,4.471909717796084e-09,3.0000000000001137,49.25100000000016,-51.75,0.0,11,47.18094944957542,40.5
FOLLOW,-,TRACKING,1.70168091,1.731086153957051,34.5240356216227,-51.74999998977357,4.506538269141054e-09,3.0000000000001137,49.371000000000166,-51.75,0.0,11,47.18094944957542,40.521
FOLLOW,-,TRACKING,1.71673157,1.7447346060627922,34.55884782354812,-51.74999998961625,4.541456516250727e-09,3.0000000000001137,49.371000000000166,-51.75,0.0,12,47.509670582384494,40.54
FOLLOW,-,TRACKING,1.7310862,1.7592046090527447,34.593954874665954,-51.7499999894564,4.5766920227206294e-09,3.0000000000001137,49.43100000000017,-51.75,0.0,12,47.509670582384494,40.56
FOLLOW,-,TRACKING,1.75920466,1.7733709986757162,34.62934812435496,-51.74999998929402,4.61223495527445e-09,3.0000000000001137,49.49100000000017,-51.75,0.0,12,47.509670582384494,40.580000000000005
FOLLOW,-,TRACKING,1.75920466,1.7868794270185617,34.66501812207743,-51.74999998912912,4.648074310573045e-09,3.0000000000001137,49.611000000000175,-51.75,0.0,12,47.509670582384494,40.601
FOLLOW,-,TRACKING,1.78687943,1.7997094270604919,34.700950834089284,-51.74999998896174,4.684194109067344e-09,3.0000000000001137,49.611000000000175,-51.75,0.0,12,47.509670582384494,40.621
FOLLOW,-,TRACKING,1.79970943,1.8118621737492902,34.73713269665575,-51.749999988791906,4.720578496957092e-09,3.0000000000001137,49.73100000000018,-51.75,0.0,14,47.8329367982141,40.64
FOLLOW,-,TRACKING,1.79970943,1.8252776519524616,34.77357150355986,-51.749999988619535,4.757232795758059e-09,3.0000000000001137,49.79100000000018,-51.75,0.0,14,47.8329367982141,40.660000000000004
FOLLOW,-,TRACKING,1.82527765,1.8380407779631014,34.81027144448623,-51.7499999884446,4.794158430420713e-09,3.0000000000001137,49.79100000000018,-51.75,0.0,14,47.8329367982141,40.68
FOLLOW,-,TRACKING,1.83804078,1.849756597579244,34.84721484391501,-51.74999998826715,4.8313345670635626e-09,3.0000000000001137,49.851000000000184,-51.75,0.0,14,47.8329367982141,40.7
FOLLOW,-,TRACKING,1.8497566,1.8608644045478684,34.88434355011746,-51.74999998808742,4.868699424336896e-09,3.0000000000001137,49.97100000000019,-51.75,0.0,14,47.8329367982141,40.721000000000004
FOLLOW,-,TRACKING,1.8497566,1.8719876268768587,34.92174981252884,-51.74999998790496,4.906342420212066e-09,3.0000000000001137,49.97100000000019,-51.75,0.0,14,48.14964639575459,40.74
FOLLOW,-,TRACKING,1.86120411,1.8841315613784104,34.95937714216186,-51.74999998771999,4.944203163067999e-09,3.0000000000001137,50.03100000000019,-51.75,0.0,14,48.14964639575459,40.760000000000005
FOLLOW,-,TRACKING,1.87198763,1.895637543690043,34.997239839318,-51.74999998753239,4.9822924618560154e-09,3.0000000000001137,50.09100000000019,-51.75,0.0,14,48.14964639575459,40.78
FOLLOW,-,TRACKING,1.88413156,1.9065142343919206,35.03532510494149,-51.74999998734223,5.020593842896385e-09,3.0000000000001137,50.151000000000195,-51.75,0.0,14,48.14964639575459,40.800000000000004
FOLLOW,-,TRACKING,1.90651423,1.916730381047671,35.073619694333466,-51.749999987149536,5.059090453053408e-09,3.0000000000001137,50.2110000000002,-51.75,0.0,14,48.14964639575459,40.82
FOLLOW,-,TRACKING,1.90651423,1.9262944917883829,35.11211969463446,-51.74999998695429,5.0977749728984105e-09,3.0000000000001137,50.2710000000002,-51.75,0.0,15,48.46307855218732,40.84
FOLLOW,-,TRACKING,1.91673038,1.9480437279419505,35.150930569957524,-51.749999986755945,5.136750047118605e-09,3.0000000000001137,50.3310000000002,-51.75,0.0,15,48.46307855218732,40.86
FOLLOW,-,TRACKING,1.92629449,1.9780437279415253,35.190341444516356,-51.74999998655295,5.176302605537867e-09,3.0000000000001137,50.391000000000204,-51.75,0.0,15,48.46307855218732,40.88
FOLLOW,-,TRACKING,1.98479449,2.0080437279418106,35.230352319075195,-51.74999998634523,5.216429110627115e-09,3.0000000000001137,50.45100000000021,-51.75,0.0,15,48.46307855218732,40.900000000000006
FOLLOW,-,TRACKING,2.01479449,2.0380437279413854,35.270963193634024,-51.749999986132714,5.257126271816078e-09,3.0000000000001137,50.57100000000021,-51.75,0.0,15,48.46307855218732,40.922000000000004
FOLLOW,-,TRACKING,2.01479449,2.068043727941671,35.31217406819285,-51.74999998591532,5.298391140365267e-09,3.0000000000001137,50.57100000000021,-51.75,0.0,15,48.46307855218732,40.940000000000005
FOLLOW,-,TRACKING,2.07479449,2.098043727941956,35.35398494275169,-51.74999998569299,5.34022120230307e-09,3.0000000000001137,50.63100000000021,-51.75,0.0,15,48.46307855218732,40.96
FOLLOW,-,TRACKING,2.10479449,2.1280437279422415,35.39639581731053,-51.74999998546562,5.382614495580141e-09,3.0000000000001137,50.75100000000022,-51.75,0.0,14,48.7696111325864,40.981
FOLLOW,-,TRACKING,2.13479449,2.1580437279418163,35.43940669186936,-51.74999998523316,5.425569707425003e-09,3.0000000000001137,50.75100000000022,-51.75,0.0,14,48.7696111325864,41.0
FOLLOW,-,TRACKING,2.16479449,2.186543727940915,35.48298906719203,-51.74999998499566,5.4690578331262445e-09,3.0000000000001137,50.81100000000022,-51.75,0.0,14,48.7696111325864,41.02
FOLLOW,-,TRACKING,2.16479449,2.216543727941911,35.52716994175086,-51.74999998475293,5.513106092615201e-09,3.0000000000001137,50.87100000000022,-51.75,0.0,12,49.075180853460836,41.04
FOLLOW,-,TRACKING,2.19329449,2.2465437221718787,35.57195081625199,-51.74999998450459,5.5575160181020325e-09,3.0000000000001137,50.931000000000225,-51.75,0.0,12,49.075180853460836,41.06
FOLLOW,-,TRACKING,2.22329449,2.2765437047432613,35.61733169042047,-51.74999998424933,5.6013311347509276e-09,3.0000000000001137,50.99100000000023,-51.75,0.0,12,49.075180853460836,41.081
FOLLOW,-,TRACKING,2.28329449,2.3065436985859833,35.6633125644084,-51.749999983987806,5.645084762020341e-09,3.0000000000001137,51.11100000000023,-51.75,0.0,12,49.075180853460836,41.101
FOLLOW,-,TRACKING,2.31329449,2.3365437043636916,35.709893438451545,-51.74999998372109,5.689602812321906e-09,3.0000000000001137,51.171000000000234,-51.75,0.0,12,49.075180853460836,41.120000000000005
FOLLOW,-,TRACKING,2.34329449,2.3665437224750008,35.75707431279506,-51.74999998345023,5.735745129027445e-09,3.0000000000001137,51.171000000000234,-51.75,0.0,12,49.37710582632044,41.14
FOLLOW,-,TRACKING,2.34329449,2.396543727942202,35.8048551873539,-51.74999998317468,5.783220964687035e-09,3.0000000000001137,51.231000000000236,-51.75,0.0,12,49.37710582632044,41.160000000000004
FOLLOW,-,TRACKING,2.40329449,2.4265437279417768,35.85323606191273,-51.749999982893364,5.8312865159534385e-09,3.0000000000001137,51.35100000000024,-51.75,0.0,12,49.37710582632044,41.18
FOLLOW,-,TRACKING,2.40329449,2.4565437279413516,35.902216936471554,-51.7499999826062,5.879949235318642e-09,3.0000000000001137,51.35100000000024,-51.75,0.0,12,49.37710582632044,41.2
FOLLOW,-,TRACKING,2.46329449,2.4865437279423475,35.9517978110304,-51.74999998231309,5.929217133756229e-09,3.0000000000001137,51.41100000000024,-51.75,0.0,12,49.37710582632044,41.220000000000006
FOLLOW,-,TRACKING,2.49329449,2.5165437279412117,36.00197868558923,-51.74999998201397,5.979098550227012e-09,3.0000000000001137,51.471000000000245,-51.75,0.0,14,49.678600459074595,41.241
FOLLOW,-,TRACKING,2.52329449,2.546543727941497,36.05275956014806,-51.74999998170876,6.0296019760868005e-09,3.0000000000001137,51.59100000000025,-51.75,0.0,14,49.678600459074595,41.260000000000005
FOLLOW,-,TRACKING,2.52329449,2.576543727941072,36.104140434706885,-51.74999998139738,6.080735763629596e-09,3.0000000000001137,51.59100000000025,-51.75,0.0,14,49.678600459074595,41.28
FOLLOW,-,TRACKING,2.58329449,2.6065437279413572,36.156121309265714,-51.749999981079746,6.132507876412367e-09,3.0000000000001137,51.65100000000025,-51.75,0.0,14,49.678600459074595,41.300000000000004
FOLLOW,-,TRACKING,2.58329449,2.6365437279416426,36.20870218382454,-51.749999980755774,6.184925587730265e-09,3.0000000000001137,51.77100000000026,-51.75,0.0,14,49.678600459074595,41.32
FOLLOW,-,TRACKING,2.64329449,2.666543727941928,36.26188305838338,-51.74999998042537,6.237995200746167e-09,3.0000000000001137,51.83100000000026,-51.75,0.0,15,49.976871816912976,41.34
FOLLOW,-,TRACKING,2.64329449,2.6965437279422133,36.31566393294222,-51.74999998008845,6.291721727563297e-09,3.0000000000001137,51.83100000000026,-51.75,0.0,15,49.976871816912976,41.36
FOLLOW,-,TRACKING,2.70329449,2.726543727941788,36.37004480750105,-51.7499999797449,6.346108682486355e-09,3.0000000000001137,51.89100000000026,-51.75,0.0,15,49.976871816912976,41.38
FOLLOW,-,TRACKING,2.73329449,2.756543727941363,36.42502568205988,-51.74999997939464,6.401157780038873e-09,3.0000000000001137,52.011000000000266,-51.75,0.0,15,49.976871816912976,41.400000000000006
FOLLOW,-,TRACKING,2.76329449,2.786543700256061,36.480606556277635,-51.749999979039146,6.4580578470318535e-09,3.0000000000001137,52.07100000000027,-51.75,0.0,15,49.976871816912976,41.42
FOLLOW,-,TRACKING,2.79329449,2.8165436177658876,36.53678742910978,-51.74999997867893,6.517332259802959e-09,3.0000000000001137,52.13100000000027,-51.75,0.0,15,50.27797476043607,41.441
FOLLOW,-,TRACKING,2.79329449,2.8465435691202856,36.593568300654916,-51.749999978311834,6.577505591282696e-09,3.0000000000001137,52.13100000000027,-51.75,0.0,15,50.27797476043607,41.461000000000006
FOLLOW,-,TRACKING,2.85329449,2.876543586590685,36.650949172214865,-51.74999997793737,6.638311487020551e-09,3.0000000000001137,52.19100000000027,-51.75,0.0,15,50.27797476043607,41.480000000000004
FOLLOW,-,TRACKING,2.88329449,2.906543671133477,36.70893004513455,-51.74999997755507,6.699462175958531e-09,3.0000000000001137,52.31100000000028,-51.75,0.0,15,50.27797476043607,41.501000000000005
FOLLOW,-,TRACKING,2.88329449,2.9365437251264837,36.767510919429654,-51.74999997716265,6.759323110161395e-09,3.0000000000001137,52.37100000000028,-51.75,0.0,15,50.27797476043607,41.521
FOLLOW,-,TRACKING,2.91329449,2.9665437279419393,36.826691793988495,-51.74999997676146,6.818880909459926e-09,3.0000000000001137,52.37100000000028,-51.75,0.0,17,50.576953105002,41.54
FOLLOW,-,TRACKING,2.97329449,2.9965437279422247,36.886472668547334,-51.74999997635262,6.879041242861488e-09,3.0000000000001137,52.491000000000284,-51.75,0.0,17,50.576953105002,41.56
FOLLOW,-,TRACKING,2.97329449,3.026543727941089,36.94685354310616,-51.74999997593599,6.9397896472835095e-09,3.0000000000001137,52.491000000000284,-51.75,0.0,17,50.576953105002,41.580000000000005
FOLLOW,-,TRACKING,3.03329449,3.0565437279413743,37.007834417664995,-51.74999997551147,7.001111384168452e-09,3.0000000000001137,52.61100000000029,-51.75,0.0,17,50.576953105002,41.6
FOLLOW,-,TRACKING,3.03329449,3.08654372794237,37.06941529222383,-51.74999997507893,7.062992067523284e-09,3.0000000000001137,52.61100000000029,-51.75,0.0,17,50.576953105002,41.620000000000005
FOLLOW,-,TRACKING,3.09329449,3.1165437279412345,37.13159616678265,-51.74999997463822,7.125418262575021e-09,3.0000000000001137,52.67100000000029,-51.75,0.0,19,50.87418726606605,41.64
FOLLOW,-,TRACKING,3.09329449,3.1465437279400987,37.19437704134147,-51.74999997418924,7.18837812552498e-09,3.0000000000001137,52.73100000000029,-51.75,0.0,19,50.87418726606605,41.660000000000004
FOLLOW,-,TRACKING,3.15329449,3.1765437279425157,37.25775791590031,-51.74999997373186,7.251862087166327e-09,3.0000000000001137,52.791000000000295,-51.75,0.0,19,50.87418726606605,41.68
FOLLOW,-,TRACKING,3.18329449,3.20654372794138,37.321738790459136,-51.74999997326596,7.31586337485028e-09,3.0000000000001137,52.8510000000003,-51.75,0.0,19,50.87418726606605,41.7
FOLLOW,-,TRACKING,3.21329449,3.23654370262787,37.38631966475554,-51.749999972790214,7.379468642529419e-09,3.0000000000001137,52.9110000000003,-51.75,0.0,19,50.87418726606605,41.720000000000006
FOLLOW,-,TRACKING,3.24329449,3.266543547839973,37.45150053656085,-51.749999972302874,7.441377709061689e-09,3.0000000000001137,52.9710000000003,-51.75,0.0,19,51.17035040568783,41.74
FOLLOW,-,TRACKING,3.24329449,3.296543442829858,37.51728140583094,-51.74999997180625,7.503322246848768e-09,3.0000000000001137,53.031000000000304,-51.75,0.0,19,51.17035040568783,41.760000000000005
FOLLOW,-,TRACKING,3.27329449,3.326543430411988,37.5836622743821,-51.749999971300745,7.565669160627187e-09,3.0000000000001137,53.09100000000031,-51.75,0.0,19,51.17035040568783,41.78
FOLLOW,-,TRACKING,3.30329449,3.3565435145355593,37.650643144130875,-51.749999970786796,7.628808938432939e-09,3.0000000000001137,53.15100000000031,-51.75,0.0,19,51.17035040568783,41.800000000000004
FOLLOW,-,TRACKING,3.33329449,3.386543682830734,37.71822401688688,-51.749999970264966,7.693270010392818e-09,3.0000000000001137,53.21100000000031,-51.75,0.0,19,51.17035040568783,41.821000000000005
FOLLOW,-,TRACKING,3.39329449,3.4165437279405353,37.78640489139381,-51.74999996973742,7.760827959408324e-09,3.0000000000001137,53.331000000000316,-51.75,0.0,19,51.46870876552485,41.84
FOLLOW,-,TRACKING,3.42329449,3.4465437279422417,37.85518576595265,-51.74999996920079,7.829159845235195e-09,3.0000000000001137,53.39100000000032,-51.75,0.0,19,51.46870876552485,41.86
FOLLOW,-,TRACKING,3.42329449,3.4765437279418165,37.92456664051148,-51.74999996865476,7.898106728419689e-09,3.0000000000001137,53.45100000000032,-51.75,0.0,19,51.46870876552485,41.88
FOLLOW,-,TRACKING,3.45329449,3.506543727940681,37.9945475150703,-51.74999996809922,7.96769070541568e-09,3.0000000000001137,53.45100000000032,-51.75,0.0,19,51.46870876552485,41.900000000000006
FOLLOW,-,TRACKING,3.48329449,3.5365437279416767,38.06512838962914,-51.74999996753405,8.037932929516061e-09,3.0000000000001137,53.51100000000032,-51.75,0.0,19,51.46870876552485,41.92
FOLLOW,-,TRACKING,3.54329449,3.566543727941962,38.136309264187965,-51.749999966959166,8.108852397475912e-09,3.0000000000001137,53.571000000000325,-51.75,0.0,19,51.46870876552485,41.940000000000005
FOLLOW,-,TRACKING,3.57329449,3.595869587473288,38.208083397342115,-51.7499999663745,8.180457975112881e-09,3.0000000000001137,53.69100000000033,-51.75,0.0,18,51.765523345846916,41.96
FOLLOW,-,TRACKING,3.57329449,3.6197616407406485,38.28034397408396,-51.74999996578082,8.25265402756596e-09,3.0000000000001137,53.69100000000033,-51.75,0.0,18,51.765523345846916,41.980000000000004
FOLLOW,-,TRACKING,3.62197747,3.6417804733467563,38.353049046359004,-51.74999996518053,8.327046591184436e-09,3.0000000000001137,53.75100000000033,-51.75,0.0,18,51.765523345846916,42.0
FOLLOW,-,TRACKING,3.64358441,3.6629973326320453,38.42618235458481,-51.74999996457255,8.4028828781258e-09,3.0000000000001137,53.811000000000334,-51.75,0.0,18,51.765523345846916,42.02
FOLLOW,-,TRACKING,3.66444016,3.683447052048905,38.49972871626588,-51.749999963955894,8.479432482156645e-09,3.0000000000001137,53.871000000000336,-51.75,0.0,18,52.06213757823505,42.04
FOLLOW,-,TRACKING,3.68461916,3.7039013498151974,38.573681410711934,-51.749999963330396,8.556578727122752e-09,3.0000000000001137,53.99100000000034,-51.75,0.0,18,52.06213757823505,42.06
FOLLOW,-,TRACKING,3.70525705,3.7241513721973263,38.648042985185064,-51.74999996269518,8.633770290362592e-09,3.0000000000001137,53.99100000000034,-51.75,0.0,18,52.06213757823505,42.080000000000005
FOLLOW,-,TRACKING,3.72524831,3.7437474768609036,38.72280043528975,-51.74999996204981,8.710620581505978e-09,3.0000000000001137,54.111000000000345,-51.75,0.0,18,52.06213757823505,42.1
FOLLOW,-,TRACKING,3.7446047,3.7626518346677074,38.79794049377101,-51.749999961393236,8.786241253705078e-09,3.0000000000001137,54.17100000000035,-51.75,0.0,18,52.06213757823505,42.120000000000005
FOLLOW,-,TRACKING,3.7446047,3.7809181670660053,38.87345032127862,-51.74999996072768,8.862223649401015e-09,3.0000000000001137,54.17100000000035,-51.75,0.0,18,52.36149582643379,42.14
FOLLOW,-,TRACKING,3.76331527,3.7993686445190633,38.9493254125466,-51.74999996005309,8.938534657721616e-09,3.0000000000001137,54.23100000000035,-51.75,0.0,18,52.36149582643379,42.160000000000004
FOLLOW,-,TRACKING,3.78139117,3.81755269444497,39.02556845481566,-51.74999995936931,9.015149932049278e-09,3.0000000000001137,54.29100000000035,-51.75,0.0,18,52.36149582643379,42.18
FOLLOW,-,TRACKING,3.81800323,3.835074615481915,39.10216672634946,-51.749999958676355,9.092032858702715e-09,3.0000000000001137,54.351000000000354,-51.75,0.0,18,52.36149582643379,42.2
FOLLOW,-,TRACKING,3.81800323,3.851987523210454,39.1791081468218,-51.749999957974204,9.169152356957754e-09,3.0000000000001137,54.41100000000036,-51.75,0.0,18,52.36149582643379,42.221000000000004
FOLLOW,-,TRACKING,3.85219581,3.8682664299855674,39.256380262354035,-51.749999957262915,9.246483188667557e-09,3.0000000000001137,54.53100000000036,-51.75,0.0,18,52.66066959630911,42.24
FOLLOW,-,TRACKING,3.85219581,3.884476129991299,39.33397637104579,-51.749999956540286,9.322332450162384e-09,3.0000000000001137,54.53100000000036,-51.75,0.0,18,52.66066959630911,42.260000000000005
FOLLOW,-,TRACKING,3.86838554,3.9006880372895125,39.411896716058116,-51.74999995580789,9.397865509875626e-09,3.0000000000001137,54.59100000000036,-51.75,0.0,18,52.66066959630911,42.28
FOLLOW,-,TRACKING,3.88459749,3.9163898461048063,39.49013619758523,-51.749999955066286,9.473489197963933e-09,3.0000000000001137,54.651000000000366,-51.75,0.0,18,52.66066959630911,42.301
FOLLOW,-,TRACKING,3.91645452,3.9315229824090636,39.56868346147134,-51.74999995431587,9.549442855170477e-09,3.0000000000001137,54.77100000000037,-51.75,0.0,18,52.66066959630911,42.32
FOLLOW,-,TRACKING,3.93153073,3.946036438713918,39.64752662345929,-51.74999995355714,9.626081025933823e-09,3.0000000000001137,54.77100000000037,-51.75,0.0,18,52.96055365171687,42.341
FOLLOW,-,TRACKING,3.94603649,3.9611832290063376,39.72666631344491,-51.74999995279051,9.70379018261892e-09,3.0000000000001137,54.83100000000037,-51.75,0.0,18,52.96055365171687,42.36
FOLLOW,-,TRACKING,3.96119963,3.9758146196589905,39.80610394904536,-51.749999952016,9.782708444423583e-09,3.0000000000001137,54.95100000000038,-51.75,0.0,18,52.96055365171687,42.38
FOLLOW,-,TRACKING,3.96119963,3.9898337692541475,39.88581442739233,-51.74999995123257,9.861923645398977e-09,3.0000000000001137,54.95100000000038,-51.75,0.0,18,52.96055365171687,42.400000000000006
FOLLOW,-,TRACKING,3.97581468,4.003415646287323,39.96581499261887,-51.74999995044001,9.941485511954855e-09,3.0000000000001137,55.01100000000038,-51.75,0.0,18,52.96055365171687,42.42
FOLLOW,-,TRACKING,4.00341565,4.016396380112042,40.04608008701819,-51.74999994963855,1.0021398001960399e-08,3.0000000000001137,55.131000000000384,-51.75,0.0,18,53.259280624457446,42.440000000000005
FOLLOW,-,TRACKING,4.00341565,4.030086153323964,40.1266124054786,-51.749999948828126,1.010168786501181e-08,3.0000000000001137,55.131000000000384,-51.75,0.0,18,53.259280624457446,42.46
FOLLOW,-,TRACKING,4.01639638,4.043254323212153,40.207412971795904,-51.749999948008664,1.0182373152761409e-08,3.0000000000001137,55.191000000000386,-51.75,0.0,18,53.259280624457446,42.480000000000004
FOLLOW,-,TRACKING,4.03008616,4.055910323050682,40.288471266972714,-51.74999994718178,1.0264664961240745e-08,3.0000000000001137,55.31100000000039,-51.75,0.0,18,53.259280624457446,42.501000000000005
FOLLOW,-,TRACKING,4.04325432,4.068038558596498,40.369776874659564,-51.74999994634643,1.034779263858029e-08,3.0000000000001137,55.31100000000039,-51.75,0.0,18,53.259280624457446,42.52
FOLLOW,-,TRACKING,4.06803856,4.079648026269922,40.45131894934391,-51.749999945502196,1.043142777055952e-08,3.0000000000001137,55.37100000000039,-51.75,0.0,18,53.55945331061535,42.54
FOLLOW,-,TRACKING,4.07964803,4.09201320755912,40.53310191623215,-51.74999994464884,1.0515467410775882e-08,3.0000000000001137,55.4910000000004,-51.75,0.0,18,53.55945331061535,42.56
FOLLOW,-,TRACKING,4.07964803,4.103880571818763,40.615126579753074,-51.74999994378575,1.059953249963406e-08,3.0000000000001137,55.4910000000004,-51.75,0.0,18,53.55945331061535,42.580000000000005
FOLLOW,-,TRACKING,4.10388057,4.1152591590361,40.6973827278949,-51.74999994291257,1.0683263159825416e-08,3.0000000000001137,55.6110000000004,-51.75,0.0,18,53.55945331061535,42.6
FOLLOW,-,TRACKING,4.10388057,4.126132496281798,40.77986038558556,-51.749999942028886,1.0766267805151091e-08,3.0000000000001137,55.6110000000004,-51.75,0.0,18,53.858730679991986,42.620000000000005
FOLLOW,-,TRACKING,4.1261325,4.136509169121894,40.862539050301166,-51.74999994113614,1.0849447091126114e-08,3.0000000000001137,55.671000000000404,-51.75,0.0,18,53.858730679991986,42.64
FOLLOW,-,TRACKING,4.13650917,4.103277125071969,40.9448019269915,-51.74999994024097,1.093214519935417e-08,3.0000000000001137,55.73100000000041,-51.75,0.0,18,53.858730679991986,42.660000000000004
FOLLOW,-,TRACKING,4.10284369,4.068705830311359,41.02638243593985,-51.749999939346374,1.1014064742249415e-08,3.0000000000001137,55.79100000000041,-51.75,0.0,18,53.858730679991986,42.68
FOLLOW,-,TRACKING,4.06804587,4.033002103241046,41.10725792991398,-51.74999993845622,1.1097812003423835e-08,3.0000000000001137,55.91100000000041,-51.75,0.0,18,53.858730679991986,42.7
FOLLOW,-,TRACKING,4.06804587,3.9968864493999945,41.18741296793172,-51.749999937569704,1.1182654452145329e-08,3.0000000000001137,55.91100000000041,-51.75,0.0,18,53.858730679991986,42.720000000000006
FOLLOW,-,TRACKING,3.99593019,3.960538264147573,41.26684267413669,-51.74999993668563,1.1267582946448486e-08,3.0000000000001137,55.971000000000416,-51.75,0.0,18,54.15640884181492,42.74
FOLLOW,-,TRACKING,3.95951205,3.9282228815018527,41.34561204492375,-51.749999935802066,1.1351666692918372e-08,3.0000000000001137,56.09100000000042,-51.75,0.0,18,54.15640884181492,42.760000000000005
FOLLOW,-,TRACKING,3.92752469,3.8955878967925637,41.42370819617915,-51.74999993491982,1.1435282703179858e-08,3.0000000000001137,56.09100000000042,-51.75,0.0,18,54.15640884181492,42.78
FOLLOW,-,TRACKING,3.92752469,3.863291588768903,41.5011598590826,-51.74999993403839,1.1518197605791935e-08,3.0000000000001137,56.15100000000042,-51.75,0.0,18,54.15640884181492,42.800000000000004
FOLLOW,4377@10.573734,NO_PATH,3.86305987,3.8313121011448468,41.57799560026807,-51.74999993315728,1.1600166287956442e-08,3.0000000000001137,56.27100000000043,-51.75,0.0,18,54.456721273962835,42.82
FOLLOW,4377@10.573734,NO_PATH,3.86305987,3.7972448916718813,41.65413806341035,-51.74999993227734,1.1680953533974987e-08,3.0000000000001137,56.33100000000043,-51.75,0.0,18,54.456721273962835,42.84
FOLLOW,4377@10.573734,NO_PATH,3.79680568,3.753307560464237,41.72950421450349,-51.749999931403096,1.1763016844184221e-08,3.0000000000001137,56.33100000000043,-51.75,0.0,18,54.456721273962835,42.86
FOLLOW,4377@10.573734,NO_PATH,3.73980568,3.6933072381984298,41.80367036035006,-51.74999993053305,1.1841005278708862e-08,3.0000000000001137,56.451000000000434,-51.75,0.0,18,54.456721273962835,42.88
FOLLOW,4377@10.573734,NO_PATH,3.67980568,3.6333072034501877,41.87663650441906,-51.74999992966599,1.191354620775451e-08,3.0000000000001137,56.451000000000434,-51.75,0.0,18,54.456721273962835,42.900000000000006
FOLLOW,4377@10.274563,NO_PATH,3.67980568,3.573307203449617,41.94840264848806,-51.749999928808094,1.19849547772222e-08,3.0000000000001137,56.511000000000436,-51.75,0.0,18,54.456721273962835,42.92
FOLLOW,4377@10.274563,NO_PATH,3.55980568,3.513307203451178,42.01896879255707,-51.74999992795965,1.2055246380138232e-08,3.0000000000001137,56.63100000000044,-51.75,0.0,18,54.75681927077821,42.940000000000005
FOLLOW,4377@10.274563,NO_PATH,3.55980568,3.4533072859609613,42.08833493763639,-51.74999992711667,1.2121236252658598e-08,3.0000000000001137,56.63100000000044,-51.75,0.0,18,54.75681927077821,42.96
FOLLOW,4377@10.274563,NO_PATH,3.43980568,3.3963076101734666,42.15655808644695,-51.749999926278676,1.2182780901891021e-08,3.0000000000001137,56.751000000000445,-51.75,0.0,18,54.75681927077821,42.980000000000004
FOLLOW,4377@10.274563,NO_PATH,3.43980568,3.336307892486446,42.22358424298044,-51.749999925449266,1.2241685436826159e-08,3.0000000000001137,56.751000000000445,-51.75,0.0,18,54.75681927077821,43.0
FOLLOW,4377@10.573734,NO_PATH,3.38280568,3.2763080958147848,42.28941040398148,-51.74999992462957,1.2298567739065488e-08,3.0000000000001137,56.81100000000045,-51.75,0.0,18,54.75681927077821,43.022000000000006
FOLLOW,4377@10.573734,NO_PATH,3.32280568,3.216308217476894,42.35403656782482,-51.7499999238203,1.2353743584749888e-08,3.0000000000001137,56.87100000000045,-51.75,0.0,18,55.05743629692628,43.04
FOLLOW,4377@10.573734,NO_PATH,3.26280568,3.1563082587581452,42.417462732891934,-51.749999923022074,1.2407526612811721e-08,3.0000000000001137,56.93100000000045,-51.75,0.0,18,55.05743629692628,43.06
FOLLOW,4377@10.573734,NO_PATH,3.14280568,3.0963082242173816,42.4796888976397,-51.749999922235546,1.2460212821225926e-08,3.0000000000001137,57.05100000000046,-51.75,0.0,18,55.05743629692628,43.080000000000005
FOLLOW,4377@10.573734,NO_PATH,3.08280568,3.0363081211206127,42.540715060657945,-51.74999992146125,1.2512071698165599e-08,3.0000000000001137,57.05100000000046,-51.75,0.0,18,55.05743629692628,43.1
FOLLOW,4377@6.929665,NO_PATH,3.02280568,2.976307958702052,42.60054122071191,-51.749999920699665,1.2563337457304818e-08,3.0000000000001137,57.11100000000046,-51.75,0.0,18,55.05743629692628,43.120000000000005
FOLLOW,4377@6.929665,NO_PATH,2.96280568,2.9163077474329673,42.65916737677109,-51.74999991995121,1.2614203843251716e-08,3.0000000000001137,57.23100000000046,-51.75,0.0,18,55.355513974573284,43.14
FOLLOW,4377@6.929665,NO_PATH,2.90280568,2.856307498450406,42.71659352802508,-51.74999991921623,1.2664821778156404e-08,3.0000000000001137,57.23100000000046,-51.75,0.0,18,55.355513974573284,43.160000000000004
FOLLOW,4377@6.929665,NO_PATH,2.84280568,2.7963072710235797,42.77281967436849,-51.74999991849575,1.271585077298691e-08,3.0000000000001137,57.291000000000466,-51.75,0.0,18,55.355513974573284,43.18
FOLLOW,4377@6.929665,NO_PATH,2.78280568,2.736307203667821,42.827845818695664,-51.74999991779385,1.2770295032146968e-08,3.0000000000001137,57.35100000000047,-51.75,0.0,18,55.355513974573284,43.2
FOLLOW,4377@7.228836,NO_PATH,2.72280568,2.676307203448403,42.88167196276465,-51.74999991710546,1.2824401599351448e-08,3.0000000000001137,57.47100000000047,-51.75,0.0,18,55.355513974573284,43.220000000000006
FOLLOW,4377@7.228836,NO_PATH,2.66280568,2.6163072034499635,42.93429810683365,-51.74999991642955,1.2877264228948431e-08,3.0000000000001137,57.47100000000047,-51.75,0.0,17,55.65271856457855,43.24
FOLLOW,4377@7.228836,NO_PATH,2.60280568,2.5563072034501033,42.98572425090264,-51.74999991576633,1.292887878354489e-08,3.0000000000001137,57.531000000000475,-51.75,0.0,17,55.65271856457855,43.260000000000005
FOLLOW,4377@7.228836,NO_PATH,2.54280568,2.4963072034495326,43.035950394971636,-51.74999991511594,1.2979243096493695e-08,3.0000000000001137,57.65100000000048,-51.75,0.0,17,55.65271856457855,43.281000000000006
FOLLOW,4377@7.228836,NO_PATH,2.48280568,2.436307205924493,43.08497653906539,-51.74999991447871,1.3028443124654393e-08,3.0000000000001137,57.65100000000048,-51.75,0.0,17,55.65271856457855,43.300000000000004
FOLLOW,4377@7.528008,NO_PATH,2.48280568,2.3763072627289716,43.1328026840143,-51.74999991385866,1.3079375124415609e-08,3.0000000000001137,57.71100000000048,-51.75,0.0,17,55.65271856457855,43.32
FOLLOW,4377@7.528008,NO_PATH,2.42280568,2.31630738618378,43.17942883089569,-51.74999991325595,1.3132119695230281e-08,3.0000000000001137,57.771000000000484,-51.75,0.0,17,55.65271856457855,43.344
FOLLOW,4377@7.528008,NO_PATH,2.36280568,2.2563075446093706,43.22485498103335,-51.74999991266755,1.318436395644499e-08,3.0000000000001137,57.831000000000486,-51.75,0.0,17,55.95369417902424,43.36
FOLLOW,4377@7.528008,NO_PATH,2.24280568,2.196307672944897,43.26908113388805,-51.74999991209326,1.3235920248426799e-08,3.0000000000001137,57.89100000000049,-51.75,0.0,17,55.95369417902424,43.38
FOLLOW,4377@7.528008,NO_PATH,2.24280568,2.1363077717737156,43.31210728886566,-51.74999991153314,1.3286674103418877e-08,3.0000000000001137,57.95100000000049,-51.75,0.0,17,55.95369417902424,43.400000000000006
FOLLOW,4377@7.827179,NO_PATH,2.18280568,2.076307842330749,43.35393344539373,-51.74999991098723,1.3336515487148773e-08,3.0000000000001137,58.01100000000049,-51.75,0.0,17,55.95369417902424,43.42
FOLLOW,4377@7.827179,NO_PATH,2.06280568,2.0163078864221973,43.39455960293347,-51.74999991045553,1.338534106993162e-08,3.0000000000001137,58.1310000000005,-51.75,0.0,17,56.25558452107412,43.440000000000005
FOLLOW,4377@7.827179,NO_PATH,2.06280568,1.9563079062756117,43.433985760988584,-51.749999909938104,1.3433055902587601e-08,3.0000000000001137,58.1310000000005,-51.75,0.0,17,56.25558452107412,43.46
FOLLOW,4377@7.827179,NO_PATH,2.00280568,1.8963079043672342,43.47221191911102,-51.74999990943497,1.3479574634933365e-08,3.0000000000001137,58.1910000000005,-51.75,0.0,17,56.25558452107412,43.480000000000004
FOLLOW,4377@7.827179,NO_PATH,1.88280568,1.8363078833139928,43.50923807690491,-51.74999990894621,1.3524821900892822e-08,3.0000000000001137,58.311000000000504,-51.75,0.0,17,56.25558452107412,43.5
FOLLOW,4377@8.126350,NO_PATH,1.82280568,1.7763078458123975,43.545064234027414,-51.74999990847185,1.3568732823410341e-08,3.0000000000001137,58.311000000000504,-51.75,0.0,17,56.25558452107412,43.52
FOLLOW,4377@8.126350,NO_PATH,1.82280568,1.7163077945475895,43.57969039019023,-51.74999990801199,1.3611252886720055e-08,3.0000000000001137,58.37100000000051,-51.75,0.0,16,56.55683647515858,43.540000000000006
FOLLOW,4377@8.126350,NO_PATH,1.76280568,1.6563077320633117,43.61311654515629,-51.74999990756673,1.365233707041821e-08,3.0000000000001137,58.43100000000051,-51.75,0.0,16,56.55683647515858,43.56
FOLLOW,4377@8.126350,NO_PATH,1.64280568,1.596307660813068,43.64534269873838,-51.74999990713615,1.3691950693199385e-08,3.0000000000001137,58.55100000000051,-51.75,0.0,16,56.55683647515858,43.581
FOLLOW,4377@8.126350,NO_PATH,1.58280568,1.536307583064911,43.676368850795164,-51.74999990672037,1.3730067090581779e-08,3.0000000000001137,58.55100000000051,-51.75,0.0,16,56.55683647515858,43.6
FOLLOW,-,TRACKING,1.52280568,1.4763075008502826,43.706195001227655,-51.749999906319495,1.3766667806132411e-08,3.0000000000001137,58.67100000000052,-51.75,0.0,16,56.55683647515858,43.621
FOLLOW,-,TRACKING,1.46280568,1.4163074160322255,43.73482114997455,-51.74999990593364,1.3801741404619308e-08,3.0000000000001137,58.73100000000052,-51.75,0.0,15,56.85723271279404,43.64
FOLLOW,-,TRACKING,1.40280568,1.4155536708031493,43.763084232939526,-51.74999990554295,1.3829832665693435e-08,3.0000000000001137,58.79100000000052,-51.75,0.0,15,56.85723271279404,43.660000000000004
FOLLOW,-,TRACKING,1.41555367,1.434225211878726,43.791649514892164,-51.74999990514729,1.3858231014412522e-08,3.0000000000001137,58.79100000000052,-51.75,0.0,15,56.85723271279404,43.68
FOLLOW,-,TRACKING,1.41555367,1.4543753408425177,43.82061249568026,-51.7499999047453,1.388703306663229e-08,3.0000000000001137,58.851000000000525,-51.75,0.0,15,56.85723271279404,43.7
FOLLOW,-,TRACKING,1.43517343,1.4738947888908174,43.84996220958182,-51.74999990433711,1.3916229653271455e-08,3.0000000000001137,58.91100000000053,-51.75,0.0,15,56.85723271279404,43.720000000000006
FOLLOW,-,TRACKING,1.47561317,1.494021385995126,43.87972604830557,-51.7499999039223,1.3945849805307702e-08,3.0000000000001137,59.03100000000053,-51.75,0.0,14,57.15693864994411,43.74
FOLLOW,-,TRACKING,1.49483961,1.51658884401229,43.90990782595005,-51.749999903500786,1.3975899102816904e-08,3.0000000000001137,59.091000000000534,-51.75,0.0,14,57.15693864994411,43.760000000000005
FOLLOW,-,TRACKING,1.52333961,1.546588844011865,43.9406896028303,-51.74999990306998,1.4006560771834884e-08,3.0000000000001137,59.091000000000534,-51.75,0.0,14,57.15693864994411,43.78
FOLLOW,-,TRACKING,1.52333961,1.5765888440135714,43.972071379710556,-51.749999902629824,1.403783688015915e-08,3.0000000000001137,59.151000000000536,-51.75,0.0,14,57.15693864994411,43.800000000000004
FOLLOW,-,TRACKING,1.58333961,1.6065888440124358,44.0040531565908,-51.74999990218027,1.406972949436955e-08,3.0000000000001137,59.21100000000054,-51.75,0.0,14,57.15693864994411,43.82
FOLLOW,-,TRACKING,1.61333961,1.6365888440120107,44.03663493347105,-51.74999990172126,1.4102240613403487e-08,3.0000000000001137,59.27100000000054,-51.75,0.0,14,57.459059037114166,43.84
FOLLOW,-,TRACKING,1.61333961,1.6665888440130066,44.069816710351304,-51.749999901252735,1.413537213206902e-08,3.0000000000001137,59.391000000000545,-51.75,0.0,14,57.459059037114166,43.86
FOLLOW,-,TRACKING,1.64333961,1.6965888440125814,44.103598487231544,-51.74999990077465,1.4169125807709894e-08,3.0000000000001137,59.391000000000545,-51.75,0.0,14,57.459059037114166,43.88
FOLLOW,-,TRACKING,1.70333961,1.7265888440121562,44.137980264111796,-51.749999900286916,1.4203503196545207e-08,3.0000000000001137,59.51100000000055,-51.75,0.0,14,57.459059037114166,43.900000000000006
FOLLOW,-,TRACKING,1.73333961,1.749088844011482,44.17283454481126,-51.74999989979131,1.423837800697409e-08,3.0000000000001137,59.57100000000055,-51.75,0.0,14,57.459059037114166,43.92
FOLLOW,-,TRACKING,1.75583961,1.7790888440131885,44.20826632169152,-51.74999989928628,1.4273856101905127e-08,3.0000000000001137,59.631000000000554,-51.75,0.0,14,57.759054907799985,43.940000000000005
FOLLOW,-,TRACKING,1.78583961,1.8090888440127633,44.24429809857176,-51.74999989877145,1.4309960653177788e-08,3.0000000000001137,59.69100000000056,-51.75,0.0,14,57.759054907799985,43.961000000000006
FOLLOW,-,TRACKING,1.78583961,1.839088844012338,44.28092987545202,-51.74999989824675,1.4346691927255736e-08,3.0000000000001137,59.69100000000056,-51.75,0.0,14,57.759054907799985,43.980000000000004
FOLLOW,-,TRACKING,1.81583961,1.8690888440126234,44.31816165233227,-51.749999897712115,1.4384049732762633e-08,3.0000000000001137,59.81100000000056,-51.75,0.0,14,57.759054907799985,44.0
FOLLOW,-,TRACKING,1.84583961,1.8990888440129088,44.35599342921252,-51.74999989716746,1.4422033387663049e-08,3.0000000000001137,59.81100000000056,-51.75,0.0,14,57.759054907799985,44.02
FOLLOW,-,TRACKING,1.87583961,1.929088844011773,44.39442520609276,-51.749999896612735,1.4460641693309114e-08,3.0000000000001137,59.931000000000566,-51.75,0.0,12,58.06042428236976,44.040000000000006
FOLLOW,-,TRACKING,1.90583961,1.9590888395249806,44.43345698291249,-51.74999989604813,1.4500083898747995e-08,3.0000000000001137,59.931000000000566,-51.75,0.0,12,58.06042428236976,44.06
FOLLOW,-,TRACKING,1.96583961,1.9890888399004325,44.473088759697944,-51.749999895473444,1.4540266141578748e-08,3.0000000000001137,59.99100000000057,-51.75,0.0,12,58.06042428236976,44.080000000000005
FOLLOW,-,TRACKING,1.96583961,2.019088844011918,44.51332053656859,-51.749999894888056,1.4580769044101057e-08,3.0000000000001137,60.05100000000057,-51.75,0.0,12,58.06042428236976,44.1
FOLLOW,-,TRACKING,2.02583961,2.049088844012204,44.55415231344884,-51.749999894292216,1.4621852625283933e-08,3.0000000000001137,60.171000000000575,-51.75,0.0,12,58.06042428236976,44.120000000000005
FOLLOW,-,TRACKING,2.05583961,2.0790888440124893,44.59558409032908,-51.74999989368594,1.4663546336544984e-08,3.0000000000001137,60.171000000000575,-51.75,0.0,12,58.36145709926763,44.14
FOLLOW,-,TRACKING,2.05583961,2.109088844012064,44.637615867209334,-51.749999893069116,1.4705845645434927e-08,3.0000000000001137,60.23100000000058,-51.75,0.0,12,58.36145709926763,44.160000000000004
FOLLOW,-,TRACKING,2.08583961,2.1390888440123494,44.68024764408959,-51.74999989244167,1.4748745571472223e-08,3.0000000000001137,60.29100000000058,-51.75,0.0,12,58.36145709926763,44.18
FOLLOW,-,TRACKING,2.14583961,2.169088844012635,44.72347942096984,-51.74999989180351,1.4792240751684301e-08,3.0000000000001137,60.411000000000584,-51.75,0.0,12,58.36145709926763,44.2
FOLLOW,-,TRACKING,2.14583961,2.1990888440122096,44.76731119785009,-51.749999891154566,1.4836325546403386e-08,3.0000000000001137,60.411000000000584,-51.75,0.0,12,58.36145709926763,44.224000000000004
FOLLOW,-,TRACKING,2.17583961,2.229088844012495,44.81174297473034,-51.74999989049473,1.4880994157248845e-08,3.0000000000001137,60.53100000000059,-51.75,0.0,11,58.66066080856977,44.24
FOLLOW,-,TRACKING,2.20583961,2.2590888440120698,44.85677475161059,-51.749999889823926,1.492624077067499e-08,3.0000000000001137,60.53100000000059,-51.75,0.0,11,58.66066080856977,44.260000000000005
FOLLOW,-,TRACKING,2.26583961,2.289088844012355,44.902406528490836,-51.74999988914207,1.4972059690515998e-08,3.0000000000001137,60.65100000000059,-51.75,0.0,11,58.66066080856977,44.28
FOLLOW,-,TRACKING,2.26583961,2.3190888440126405,44.948638305371084,-51.749999888449075,1.501844549027817e-08,3.0000000000001137,60.65100000000059,-51.75,0.0,11,58.66066080856977,44.300000000000004
FOLLOW,-,TRACKING,2.29583961,2.3490888440122153,44.99547008225133,-51.74999988774484,1.5065393219985424e-08,3.0000000000001137,60.711000000000595,-51.75,0.0,11,58.66066080856977,44.32
FOLLOW,-,TRACKING,2.35583961,2.3790888440125006,45.04290185913158,-51.749999887029325,1.511289853737999e-08,3.0000000000001137,60.7710000000006,-51.75,0.0,10,58.95945548371148,44.34
FOLLOW,-,TRACKING,2.35583961,2.4090888440120755,45.090933636011826,-51.74999988630237,1.516095794978359e-08,3.0000000000001137,60.8310000000006,-51.75,0.0,10,58.95945548371148,44.36
FOLLOW,-,TRACKING,2.38583961,2.439088844012361,45.139565412892075,-51.74999988556391,1.520956890606722e-08,3.0000000000001137,60.8910000000006,-51.75,0.0,10,58.95945548371148,44.38
FOLLOW,-,TRACKING,2.44583961,2.469088844012646,45.18879718977232,-51.74999988481387,1.525873000980903e-08,3.0000000000001137,61.01100000000061,-51.75,0.0,10,58.95945548371148,44.400000000000006
FOLLOW,-,TRACKING,2.44583961,2.499088844012221,45.23862896665257,-51.74999988405216,1.5308441134414962e-08,3.0000000000001137,61.01100000000061,-51.75,0.0,10,58.95945548371148,44.42
FOLLOW,-,TRACKING,2.47583961,2.5290888196394694,45.289060743200885,-51.74999988327715,1.5357546321619037e-08,3.0000000000001137,61.07100000000061,-51.75,0.0,9,59.26030916529856,44.440000000000005
FOLLOW,-,TRACKING,2.53583961,2.559088783304731,45.34009251909957,-51.749999882488375,1.5405701574152694e-08,3.0000000000001137,61.13100000000061,-51.75,0.0,9,59.26030916529856,44.46
FOLLOW,-,TRACKING,2.56583961,2.589088761801151,45.39172429437787,-51.74999988168754,1.5454212420580097e-08,3.0000000000001137,61.251000000000616,-51.75,0.0,9,59.26030916529856,44.480000000000004
FOLLOW,-,TRACKING,2.59583961,2.6190887935733547,45.44395607002329,-51.74999988087498,1.5503372088380324e-08,3.0000000000001137,61.251000000000616,-51.75,0.0,9,59.26030916529856,44.5
FOLLOW,-,TRACKING,2.62583961,2.649088827313762,45.496787846423445,-51.749999880051945,1.5554208341067473e-08,3.0000000000001137,61.31100000000062,-51.75,0.0,9,59.26030916529856,44.52
FOLLOW,-,TRACKING,2.65583961,2.679088844012512,45.55021962328667,-51.749999879218976,1.5607238536154874e-08,3.0000000000001137,61.37100000000062,-51.75,0.0,9,59.559951479693495,44.540000000000006
FOLLOW,-,TRACKING,2.65583961,2.7090888440127974,45.60425140016693,-51.749999878373835,1.566091730631968e-08,3.0000000000001137,61.43100000000062,-51.75,0.0,9,59.559951479693495,44.56
FOLLOW,-,TRACKING,2.71583961,2.7390888440130827,45.65888317704718,-51.749999877516366,1.5715195807244218e-08,3.0000000000001137,61.491000000000625,-51.75,0.0,9,59.559951479693495,44.580000000000005
FOLLOW,-,TRACKING,2.74583961,2.7690888440126575,45.71411495392743,-51.74999987664649,1.5770085144108216e-08,3.0000000000001137,61.55100000000063,-51.75,0.0,9,59.559951479693495,44.6
FOLLOW,-,TRACKING,2.77583961,2.7990888440122323,45.76994673080768,-51.749999875764125,1.5825596650551488e-08,3.0000000000001137,61.67100000000063,-51.75,0.0,9,59.559951479693495,44.620000000000005
FOLLOW,-,TRACKING,2.80583961,2.8290888440125177,45.82637850768793,-51.749999874869175,1.588174153832733e-08,3.0000000000001137,61.67100000000063,-51.75,0.0,9,59.86071119619751,44.64
FOLLOW,-,TRACKING,2.80583961,2.8590888440120925,45.88341028456817,-51.749999873961556,1.593853046467836e-08,3.0000000000001137,61.731000000000634,-51.75,0.0,9,59.86071119619751,44.660000000000004
FOLLOW,-,TRACKING,2.83583961,2.8890888440116673,45.941042061448414,-51.74999987304118,1.599597308365337e-08,3.0000000000001137,61.791000000000636,-51.75,0.0,9,59.86071119619751,44.68
FOLLOW,-,TRACKING,2.89583961,2.919088844012663,45.99927383832866,-51.749999872107935,1.6054077617278868e-08,3.0000000000001137,61.91100000000064,-51.75,0.0,9,59.86071119619751,44.7
FOLLOW,-,TRACKING,2.89583961,2.949088844012238,46.05810561520891,-51.74999987116173,1.6112850437418844e-08,3.0000000000001137,61.91100000000064,-51.75,0.0,9,59.86071119619751,44.720000000000006
FOLLOW,-,TRACKING,2.92583961,2.9790888440125234,46.11753739208917,-51.74999987020246,1.6172295673605935e-08,3.0000000000001137,61.97100000000064,-51.75,0.0,8,60.15737819327281,44.74
FOLLOW,-,TRACKING,2.95583961,3.0090888221806726,46.1775691687413,-51.74999986923109,1.6233210193278765e-08,3.0000000000001137,62.031000000000645,-51.75,0.0,8,60.15737819327281,44.760000000000005
FOLLOW,-,TRACKING,3.01583961,3.039088709090976,46.23820094360908,-51.74999986824924,1.6296961922822707e-08,3.0000000000001137,62.15100000000065,-51.75,0.0,8,60.15737819327281,44.78
FOLLOW,-,TRACKING,3.04583961,3.069088625246508,46.299432716438766,-51.74999986725431,1.63617805252329e-08,3.0000000000001137,62.21100000000065,-51.75,0.0,8,60.15737819327281,44.801
FOLLOW,-,TRACKING,3.07583961,3.099088619578794,46.361264488758316,-51.749999866245744,1.642734592859005e-08,3.0000000000001137,62.21100000000065,-51.75,0.0,8,60.15737819327281,44.82
FOLLOW,-,TRACKING,3.10583961,3.129088695313698,46.423696262183604,-51.749999865222996,1.649332909084699e-08,3.0000000000001137,62.33100000000066,-51.75,0.0,8,60.45609230427911,44.84
FOLLOW,-,TRACKING,3.13583961,3.1590888193029802,46.48672803801435,-51.74999986418501,1.6559018839801716e-08,3.0000000000001137,62.33100000000066,-51.75,0.0,8,60.45609230427911,44.86
FOLLOW,-,TRACKING,3.13583961,3.1890888440130998,46.550359814879144,-51.74999986313001,1.6623107412965226e-08,3.0000000000001137,62.39100000000066,-51.75,0.0,8,60.45609230427911,44.88
FOLLOW,-,TRACKING,3.19583961,3.219088844012675,46.61459159175939,-51.749999862060854,1.6687748762348862e-08,3.0000000000001137,62.45100000000066,-51.75,0.0,8,60.45609230427911,44.900000000000006
FOLLOW,-,TRACKING,3.22583961,3.24908884401225,46.67942336863965,-51.74999986097749,1.6752978857363683e-08,3.0000000000001137,62.571000000000666,-51.75,0.0,8,60.45609230427911,44.921
FOLLOW,-,TRACKING,3.22583961,3.2790888440132457,46.74485514551991,-51.74999985987974,1.6818779506660853e-08,3.0000000000001137,62.571000000000666,-51.75,0.0,8,60.45609230427911,44.940000000000005
FOLLOW,-,TRACKING,3.25583961,3.3090888440128206,46.81088692240015,-51.74999985876752,1.68851330056285e-08,3.0000000000001137,62.63100000000067,-51.75,0.0,8,60.755770157911655,44.96
FOLLOW,-,TRACKING,3.31583961,3.339088844011685,46.877518699280394,-51.749999857640645,1.6952023012444094e-08,3.0000000000001137,62.69100000000067,-51.75,0.0,8,60.755770157911655,44.980000000000004
FOLLOW,-,TRACKING,3.34583961,3.3690888440126807,46.94475047616065,-51.74999985649902,1.701943546705562e-08,3.0000000000001137,62.75100000000067,-51.75,0.0,8,60.755770157911655,45.0
FOLLOW,-,TRACKING,3.34583961,3.399088844012966,47.0125822530409,-51.749999855342494,1.7087359426318606e-08,3.0000000000001137,62.811000000000675,-51.75,0.0,8,60.755770157911655,45.021
FOLLOW,-,TRACKING,3.40583961,3.4290888380212445,47.08101402986124,-51.74999985417065,1.7155578877575545e-08,3.0000000000001137,62.93100000000068,-51.75,0.0,6,61.05523560936149,45.040000000000006
FOLLOW,-,TRACKING,3.43583961,3.4590886852804212,47.15004580461814,-51.74999985298017,1.7221628930377532e-08,3.0000000000001137,62.99100000000068,-51.75,0.0,6,61.05523560936149,45.06
FOLLOW,-,TRACKING,3.46583961,3.4890885271906322,47.21967757582827,-51.74999985177356,1.7287374675278235e-08,3.0000000000001137,63.051000000000684,-51.75,0.0,6,61.05523560936149,45.080000000000005
FOLLOW,-,TRACKING,3.49583961,3.5190884732571712,47.28990934542749,-51.74999985055146,1.7353334402025293e-08,3.0000000000001137,63.051000000000684,-51.75,0.0,6,61.05523560936149,45.1
FOLLOW,-,TRACKING,3.52583961,3.549088530011347,47.36074111560364,-51.749999849314364,1.7419952394565163e-08,3.0000000000001137,63.17100000000069,-51.75,0.0,6,61.05523560936149,45.120000000000005
FOLLOW,-,TRACKING,3.52583961,3.5790886981260437,47.43217288858825,-51.74999984806275,1.7487685246974204e-08,3.0000000000001137,63.17100000000069,-51.75,0.0,6,61.35446869572222,45.14
FOLLOW,-,TRACKING,3.55583961,3.6090888422222642,47.5042046650492,-51.74999984679854,1.7558117172272266e-08,3.0000000000001137,63.23100000000069,-51.75,0.0,6,61.35446869572222,45.160000000000004
FOLLOW,-,TRACKING,3.58583961,3.6390888440124067,47.57683644192945,-51.74999984552014,1.763027314511293e-08,3.0000000000001137,63.29100000000069,-51.75,0.0,6,61.35446869572222,45.18
FOLLOW,-,TRACKING,3.61583961,3.6690888440134026,47.65006821880971,-51.749999844225904,1.770304003293686e-08,3.0000000000001137,63.351000000000695,-51.75,0.0,6,61.35446869572222,45.2
FOLLOW,-,TRACKING,3.64583961,3.699088844012267,47.723899995689955,-51.74999984291572,1.7776443946381778e-08,3.0000000000001137,63.4710000000007,-51.75,0.0,6,61.35446869572222,45.220000000000006
FOLLOW,-,TRACKING,3.70583961,3.7290888440125523,47.79833177257021,-51.74999984158949,1.7850509994027364e-08,3.0000000000001137,63.4710000000007,-51.75,0.0,6,61.35446869572222,45.24
FOLLOW,-,TRACKING,3.70583961,3.7590888440128376,47.87336354945046,-51.749999840247106,1.7925260633706585e-08,3.0000000000001137,63.5310000000007,-51.75,0.0,6,61.655538131182695,45.260000000000005
FOLLOW,-,TRACKING,3.73583961,3.7890888440124124,47.94899532633072,-51.74999983888844,1.80007141722877e-08,3.0000000000001137,63.65100000000071,-51.75,0.0,6,61.655538131182695,45.28
FOLLOW,-,TRACKING,3.76583961,3.819088829744289,48.02522710306829,-51.749999837514046,1.8077380914550158e-08,3.0000000000001137,63.65100000000071,-51.75,0.0,6,61.655538131182695,45.300000000000004
FOLLOW,-,TRACKING,3.79583961,3.84908858774864,48.102058876240726,-51.7499998361268,1.8157605859826115e-08,3.0000000000001137,63.71100000000071,-51.75,0.0,6,61.655538131182695,45.32
FOLLOW,-,TRACKING,3.85583961,3.87908839674438,48.17949064496887,-51.74999983472373,1.8239404356545567e-08,3.0000000000001137,63.77100000000071,-51.75,0.0,6,61.9573092275942,45.34
FOLLOW,-,TRACKING,3.88583961,3.9090883419092393,48.25752241190397,-51.749999833303896,1.8322242063426844e-08,3.0000000000001137,63.831000000000714,-51.75,0.0,6,61.9573092275942,45.36
FOLLOW,-,TRACKING,3.88583961,3.939088431208404,48.33615417990009,-51.749999831866376,1.840553930962131e-08,3.0000000000001137,63.891000000000716,-51.75,0.0,6,61.9573092275942,45.38
FOLLOW,-,TRACKING,3.94583961,3.9690886632371303,48.4153859518311,-51.749999830410246,1.8488707168599245e-08,3.0000000000001137,64.01100000000072,-51.75,0.0,6,61.9573092275942,45.400000000000006
FOLLOW,-,TRACKING,3.97583961,3.9990888439298544,48.49521772831314,-51.74999982893316,1.8570023011880462e-08,3.0000000000001137,64.01100000000072,-51.75,0.0,6,61.9573092275942,45.42
FOLLOW,-,TRACKING,4.00583961,4.029088844012563,48.5756495051934,-51.74999982743713,1.865096786636169e-08,3.0000000000001137,64.13100000000072,-51.75,0.0,6,61.9573092275942,45.441
FOLLOW,-,TRACKING,4.03583961,4.059088844012848,48.65668128207365,-51.74999982592332,1.8732487931364055e-08,3.0000000000001137,64.13100000000072,-51.75,0.0,6,62.25903531474967,45.46
FOLLOW,-,TRACKING,4.03583961,4.089088844012423,48.7383130589539,-51.74999982439154,1.8814548669216795e-08,3.0000000000001137,64.19100000000073,-51.75,0.0,6,62.25903531474967,45.480000000000004
FOLLOW,-,TRACKING,4.09583961,4.119088844012708,48.820544835834156,-51.7499998228416,1.8897118383206892e-08,3.0000000000001137,64.25100000000073,-51.75,0.0,6,62.25903531474967,45.5
FOLLOW,-,TRACKING,4.12583961,4.149088844012994,48.90337661271441,-51.74999982127334,1.898017068774582e-08,3.0000000000001137,64.31100000000073,-51.75,0.0,6,62.25903531474967,45.52
FOLLOW,-,TRACKING,4.15583961,4.179088786919749,48.986808389018876,-51.74999981968501,1.9062505768270746e-08,3.0000000000001137,64.37100000000073,-51.75,0.0,6,62.558360864122925,45.540000000000006
FOLLOW,-,TRACKING,4.18583961,4.2044647957496295,49.070793923103665,-51.749999818077676,1.9144182755512282e-08,3.0000000000001137,64.49100000000074,-51.75,0.0,6,62.558360864122925,45.56
FOLLOW,-,TRACKING,4.18583961,4.214911797044607,49.15505293059311,-51.74999981645901,1.922672120571565e-08,3.0000000000001137,64.49100000000074,-51.75,0.0,6,62.558360864122925,45.580000000000005
FOLLOW,-,TRACKING,4.2149118,4.224152093563305,49.23950278200945,-51.749999814829565,1.9309345028268873e-08,3.0000000000001137,64.55100000000074,-51.75,0.0,6,62.558360864122925,45.6
FOLLOW,-,TRACKING,4.2149118,4.232748066974779,49.324137255927,-51.74999981318963,1.939219503196366e-08,3.0000000000001137,64.61100000000074,-51.75,0.0,6,62.85701248505858,45.620000000000005
FOLLOW,-,TRACKING,4.22415209,4.2408755417326915,49.40892849607631,-51.74999981154002,1.9475511638998993e-08,3.0000000000001137,64.67100000000075,-51.75,0.0,6,62.85701248505858,45.64
FOLLOW,-,TRACKING,4.24087554,4.2498652518474955,49.49389435819294,-51.74999980988077,1.9559638488413585e-08,3.0000000000001137,64.73100000000075,-51.75,0.0,6,62.85701248505858,45.660000000000004
FOLLOW,-,TRACKING,4.24986525,4.2584173013580084,49.57903388756807,-51.74999980821133,1.9644227649117654e-08,3.0000000000001137,64.85100000000075,-51.75,0.0,6,62.85701248505858,45.68
FOLLOW,-,TRACKING,4.2584173,4.266539926135238,49.66433844620584,-51.74999980653149,1.9729026213091413e-08,3.0000000000001137,64.85100000000075,-51.75,0.0,6,62.85701248505858,45.7
FOLLOW,-,TRACKING,4.2584173,4.2742146827094984,49.749799187412364,-51.74999980484143,1.9814063323522174e-08,3.0000000000001137,64.97100000000076,-51.75,0.0,6,62.85701248505858,45.720000000000006
FOLLOW,-,TRACKING,4.27421468,4.281449119766023,49.8354069939384,-51.74999980314132,1.989936191519837e-08,3.0000000000001137,64.97100000000076,-51.75,0.0,6,63.15730616466156,45.74
FOLLOW,-,TRACKING,4.27421468,4.2894348976290075,49.92117027315721,-51.74999980143099,1.9984953954571405e-08,3.0000000000001137,65.09100000000076,-51.75,0.0,6,63.15730616466156,45.760000000000005
FOLLOW,-,TRACKING,4.28144912,4.297152330342868,50.00708951086619,-51.749999799711304,2.007157332893264e-08,3.0000000000001137,65.09100000000076,-51.75,0.0,6,63.15730616466156,45.78
FOLLOW,-,TRACKING,4.2894349,4.304455612945902,50.09315710095549,-51.74999979798178,2.0158806801421493e-08,3.0000000000001137,65.15100000000076,-51.75,0.0,6,63.15730616466156,45.800000000000004
FOLLOW,-,TRACKING,4.30445561,4.311328567631279,50.17934368232759,-51.749999796242676,2.0246407971995323e-08,3.0000000000001137,65.21100000000077,-51.75,0.0,6,63.15730616466156,45.82
FOLLOW,-,TRACKING,4.31132857,4.317775400267011,50.26568195026228,-51.74999979449294,2.0334189309715045e-08,3.0000000000001137,65.27100000000077,-51.75,0.0,6,63.45733622025409,45.84
FOLLOW,-,TRACKING,4.3177754,4.325153966484408,50.35216313074738,-51.74999979273286,2.042221912789984e-08,3.0000000000001137,65.33100000000077,-51.75,0.0,6,63.45733622025409,45.86
FOLLOW,-,TRACKING,4.32515397,4.332124440688291,50.43878576309458,-51.749999790961745,2.050998797752061e-08,3.0000000000001137,65.45100000000078,-51.75,0.0,6,63.45733622025409,45.88
FOLLOW,-,TRACKING,4.32515397,4.338694203276817,50.525541795001665,-51.74999978917949,2.059729784328242e-08,3.0000000000001137,65.45100000000078,-51.75,0.0,6,63.45733622025409,45.900000000000006
FOLLOW,-,TRACKING,4.3386942,4.344843496799201,50.61242291533865,-51.74999978738706,2.068469993174063e-08,3.0000000000001137,65.51100000000078,-51.75,0.0,6,63.45733622025409,45.92
FOLLOW,-,TRACKING,4.3386942,4.350579356574969,50.69942055611015,-51.74999978558451,2.0772144251338672e-08,3.0000000000001137,65.57100000000078,-51.75,0.0,6,63.45733622025409,45.940000000000005
FOLLOW,-,TRACKING,4.35057936,4.313951200919775,50.78593087543348,-51.749999783784446,2.08590565599299e-08,3.0000000000001137,65.69100000000078,-51.75,0.0,6,63.756482645809285,45.96
FOLLOW,-,TRACKING,4.35057936,4.275033488167424,50.871670180728444,-51.749999781998405,2.0949360710629766e-08,3.0000000000001137,65.69100000000078,-51.75,0.0,6,63.756482645809285,45.980000000000004
FOLLOW,-,TRACKING,4.2731242,4.235108995212756,50.95661753300404,-51.749999780222986,2.1040162818685405e-08,3.0000000000001137,65.75100000000079,-51.75,0.0,6,63.756482645809285,46.0
FOLLOW,-,TRACKING,4.2327638,4.194033473105919,51.04075052947037,-51.74999977845853,2.113126437234453e-08,3.0000000000001137,65.87100000000079,-51.75,0.0,6,63.756482645809285,46.021
FOLLOW,-,TRACKING,4.2327638,4.1529519867538065,51.12405718562488,-51.749999776704314,2.12218314276409e-08,3.0000000000001137,65.87100000000079,-51.75,0.0,6,64.0575470167873,46.040000000000006
FOLLOW,-,TRACKING,4.19121105,4.115312898232305,51.20657977824666,-51.74999977495813,2.131076172298459e-08,3.0000000000001137,65.9310000000008,-51.75,0.0,6,64.0575470167873,46.06
FOLLOW,-,TRACKING,4.11439843,4.079195795954861,51.28838074595034,-51.74999977321963,2.1398635808245242e-08,3.0000000000001137,66.0510000000008,-51.75,0.0,6,64.0575470167873,46.081
FOLLOW,-,TRACKING,4.11439843,4.042965925217602,51.369457934545196,-51.74999977148861,2.148513070979408e-08,3.0000000000001137,66.0510000000008,-51.75,0.0,6,64.0575470167873,46.101000000000006
FOLLOW,-,TRACKING,4.07825061,4.006553286318138,51.44980834420134,-51.74999976976507,2.1569977898389484e-08,3.0000000000001137,66.1110000000008,-51.75,0.0,6,64.35612953727083,46.120000000000005
FOLLOW,-,TRACKING,4.04198569,3.969931179595677,51.52942777069706,-51.74999976804899,2.1652914184207515e-08,3.0000000000001137,66.1710000000008,-51.75,0.0,6,64.35612953727083,46.14
FOLLOW,-,TRACKING,3.96882527,3.9368572488662332,51.60834960967515,-51.749999766336565,2.1731375999398443e-08,3.0000000000001137,66.2310000000008,-51.75,0.0,6,64.35612953727083,46.160000000000004
FOLLOW,-,TRACKING,3.96882527,3.904524867946436,51.686626254961496,-51.74999976463209,2.1809257689130537e-08,3.0000000000001137,66.2910000000008,-51.75,0.0,6,64.35612953727083,46.18
FOLLOW,-,TRACKING,3.90428974,3.8720353894099455,51.7642545200142,-51.749999762935836,2.1886586692683467e-08,3.0000000000001137,66.41100000000081,-51.75,0.0,6,64.35612953727083,46.201
FOLLOW,-,TRACKING,3.87178459,3.8393087595800077,51.84123046812257,-51.74999976124422,2.1960432449428738e-08,3.0000000000001137,66.41100000000081,-51.75,0.0,6,64.35612953727083,46.220000000000006
FOLLOW,-,TRACKING,3.87178459,3.806338822155909,51.91754920779621,-51.749999759559834,2.2032435370307222e-08,3.0000000000001137,66.47100000000081,-51.75,0.0,6,64.6564021796088,46.24
FOLLOW,-,TRACKING,3.80603896,3.7772941954585812,51.99324756083236,-51.749999757883764,2.2103886369393547e-08,3.0000000000001137,66.59100000000082,-51.75,0.0,6,64.6564021796088,46.260000000000005
FOLLOW,-,TRACKING,3.77729408,3.7483511801880818,52.06836903709631,-51.74999975621455,2.217433926790705e-08,3.0000000000001137,66.59100000000082,-51.75,0.0,6,64.6564021796088,46.28
FOLLOW,-,TRACKING,3.77729408,3.7192154058907088,52.142909726169684,-51.7499997545527,2.2244018326457896e-08,3.0000000000001137,66.71100000000082,-51.75,0.0,6,64.6564021796088,46.300000000000004
FOLLOW,-,TRACKING,3.71921522,3.689802056900505,52.21686492373839,-51.74999975289873,2.2313129687299098e-08,3.0000000000001137,66.77100000000083,-51.75,0.0,6,64.6564021796088,46.32
FOLLOW,-,TRACKING,3.68980184,3.6601147610696225,52.29022911355469,-51.749999751253185,2.2381885129942565e-08,3.0000000000001137,66.83100000000083,-51.75,0.0,6,64.95260630328761,46.34
FOLLOW,-,TRACKING,3.68980184,3.629699661162534,52.36299227725442,-51.749999749616634,2.2450459796955777e-08,3.0000000000001137,66.83100000000083,-51.75,0.0,6,64.95260630328761,46.36
FOLLOW,-,TRACKING,3.62965328,3.59899607736054,52.435143789699104,-51.7499997479897,2.251906791100774e-08,3.0000000000001137,66.89100000000083,-51.75,0.0,6,64.95260630328761,46.38
FOLLOW,-,TRACKING,3.62965328,3.5680279573860227,52.506678312564,-51.749999746372765,2.2587833863686617e-08,3.0000000000001137,66.95100000000083,-51.75,0.0,6,64.95260630328761,46.400000000000006
FOLLOW,-,TRACKING,3.59892279,3.536685193001433,52.57755946277095,-51.74999974476967,2.2658981764226188e-08,3.0000000000001137,67.01100000000083,-51.75,0.0,6,64.95260630328761,46.42
FOLLOW,-,TRACKING,3.5679283,3.5053475318996172,52.64784480313454,-51.74999974317517,2.2729618480101914e-08,3.0000000000001137,67.07100000000084,-51.75,0.0,6,65.24908197847095,46.440000000000005
FOLLOW,-,TRACKING,3.50519866,3.4769338846686546,52.7175311422896,-51.749999741589264,2.2799581400598238e-08,3.0000000000001137,67.13100000000084,-51.75,0.0,6,65.24908197847095,46.46
FOLLOW,-,TRACKING,3.47693382,3.4484655456410005,52.786650149725695,-51.74999974001148,2.2868992789388744e-08,3.0000000000001137,67.19100000000084,-51.75,0.0,6,65.24908197847095,46.480000000000004
FOLLOW,-,TRACKING,3.44846547,3.4197988424857337,52.855197808136474,-51.74999973844543,2.2940468307838857e-08,3.0000000000001137,67.25100000000084,-51.75,0.0,6,65.24908197847095,46.5
FOLLOW,-,TRACKING,3.41979876,3.390869679677878,52.9231695109149,-51.74999973688868,2.3012082854828705e-08,3.0000000000001137,67.37100000000085,-51.75,0.0,6,65.24908197847095,46.521
FOLLOW,-,TRACKING,3.41979876,3.3616821078616974,52.99056004863262,-51.74999973534116,2.3083634567229565e-08,3.0000000000001137,67.37100000000085,-51.75,0.0,6,65.24908197847095,46.540000000000006
FOLLOW,-,TRACKING,3.39086958,3.3364144690359874,53.05740776620654,-51.74999973380089,2.3154270401463584e-08,3.0000000000001137,67.43100000000085,-51.75,0.0,6,65.55270895564182,46.56
FOLLOW,-,TRACKING,3.33641447,3.310931595740386,53.12374776597484,-51.749999732267895,2.3224560452123757e-08,3.0000000000001137,67.49100000000085,-51.75,0.0,6,65.55270895564182,46.581
FOLLOW,-,TRACKING,3.33641447,3.28523916202741,53.189575803448676,-51.749999730742196,2.3294349116534706e-08,3.0000000000001137,67.55100000000085,-51.75,0.0,6,65.55270895564182,46.6
FOLLOW,-,TRACKING,3.3109316,3.2592589838579054,53.25488682667936,-51.74999972922379,2.336350289651083e-08,3.0000000000001137,67.61100000000086,-51.75,0.0,6,65.55270895564182,46.620000000000005
FOLLOW,-,TRACKING,3.28523916,3.232995171554621,53.31967512524641,-51.749999727712805,2.3431882873977978e-08,3.0000000000001137,67.67100000000086,-51.75,0.0,6,65.85284014610474,46.64
FOLLOW,-,TRACKING,3.25925898,3.2104505198944375,53.38398050890868,-51.74999972620732,2.349869394097351e-08,3.0000000000001137,67.73100000000086,-51.75,0.0,6,65.85284014610474,46.660000000000004
FOLLOW,-,TRACKING,3.23299517,3.187662929839519,53.44783208238018,-51.749999724707706,2.3564653482525637e-08,3.0000000000001137,67.79100000000086,-51.75,0.0,6,65.85284014610474,46.68
FOLLOW,-,TRACKING,3.18766293,3.1646385246091318,53.51122506032767,-51.74999972321369,2.3629357327711532e-08,3.0000000000001137,67.85100000000087,-51.75,0.0,6,65.85284014610474,46.7
FOLLOW,-,TRACKING,3.18766293,3.1413029081832637,53.5741304796895,-51.74999972172493,2.369190723721846e-08,3.0000000000001137,67.91100000000087,-51.75,0.0,6,65.85284014610474,46.720000000000006
FOLLOW,-,TRACKING,3.16463852,3.117660577409254,53.63658884192326,-51.74999972024294,2.375406086096505e-08,3.0000000000001137,67.97100000000087,-51.75,0.0,6,66.15549701179545,46.74
FOLLOW,-,TRACKING,3.14130291,3.0975562601582856,53.6986177075849,-51.74999971876737,2.381584668477379e-08,3.0000000000001137,68.03100000000087,-51.75,0.0,6,66.15549701179545,46.760000000000005
FOLLOW,-,TRACKING,3.11766058,3.0771845035388883,53.76024101032591,-51.74999971729773,2.3877296796629803e-08,3.0000000000001137,68.09100000000088,-51.75,0.0,6,66.15549701179545,46.78
FOLLOW,-,TRACKING,3.0771845,3.0565514171527757,53.82145348110688,-51.74999971583276,2.3937273778942667e-08,3.0000000000001137,68.15100000000088,-51.75,0.0,6,66.15549701179545,46.800000000000004
FOLLOW,-,TRACKING,3.0771845,3.0348510710396686,53.88226181887054,-51.749999714372244,2.399565459971616e-08,3.0000000000001137,68.21100000000088,-51.75,0.0,6,66.15549701179545,46.82
FOLLOW,-,TRACKING,3.05655142,3.013558160078134,53.94264063311534,-51.749999712918125,2.4053312127179202e-08,3.0000000000001137,68.27100000000088,-51.75,0.0,6,66.4561897875196,46.84
FOLLOW,-,TRACKING,3.01355816,2.995640939410294,54.002615968874494,-51.74999971147059,2.411082096467885e-08,3.0000000000001137,68.33100000000088,-51.75,0.0,6,66.4561897875196,46.86
FOLLOW,-,TRACKING,2.99564094,2.9774483087074093,54.062229298158705,-51.749999710028185,2.4167839458690437e-08,3.0000000000001137,68.45100000000089,-51.75,0.0,6,66.4561897875196,46.88
FOLLOW,-,TRACKING,2.97744831,2.958972238701563,54.12147509072253,-51.74999970859124,2.4224451968584915e-08,3.0000000000001137,68.51100000000089,-51.75,0.0,6,66.4561897875196,46.900000000000006
FOLLOW,-,TRACKING,2.95897224,2.9401450283117474,54.18034679728812,-51.74999970716007,2.428072427703246e-08,3.0000000000001137,68.5710000000009,-51.75,0.0,6,66.4561897875196,46.92
FOLLOW,-,TRACKING,2.95897224,2.9209714987317175,54.23883745733497,-51.749999705734915,2.4336659031128866e-08,3.0000000000001137,68.5710000000009,-51.75,0.0,6,66.75760497230446,46.940000000000005
FOLLOW,-,TRACKING,2.9209715,2.9050287244487554,54.296988700648825,-51.74999970431565,2.439292530581834e-08,3.0000000000001137,68.6910000000009,-51.75,0.0,6,66.75760497230446,46.96
FOLLOW,-,TRACKING,2.90502872,2.8887758998266126,54.35481674703667,-51.74999970290124,2.444905534324916e-08,3.0000000000001137,68.7510000000009,-51.75,0.0,6,66.75760497230446,46.980000000000004
FOLLOW,-,TRACKING,2.90502872,2.8722198122686398,54.41231549025703,-51.74999970149195,2.4505081671756187e-08,3.0000000000001137,68.7510000000009,-51.75,0.0,6,66.75760497230446,47.0
FOLLOW,-,TRACKING,2.8887759,2.855295211084297,54.4694779513644,-51.749999700088054,2.456102719734718e-08,3.0000000000001137,68.8110000000009,-51.75,0.0,6,66.75760497230446,47.022000000000006
FOLLOW,-,TRACKING,2.85529521,2.838007454982972,54.52629683586389,-51.74999969869113,2.4617960459525356e-08,3.0000000000001137,68.8710000000009,-51.75,0.0,6,67.05709690138464,47.040000000000006
FOLLOW,-,TRACKING,2.83800745,2.8238200344858915,54.58282836830124,-51.749999697298286,2.467477740984702e-08,3.0000000000001137,68.9310000000009,-51.75,0.0,6,67.05709690138464,47.06
FOLLOW,-,TRACKING,2.82382003,2.809304642291011,54.63905704549971,-51.749999695909665,2.4731245114732046e-08,3.0000000000001137,69.05100000000091,-51.75,0.0,6,67.05709690138464,47.080000000000005
FOLLOW,-,TRACKING,2.80930464,2.794468228677261,54.694990599696446,-51.74999969452511,2.4787364121870573e-08,3.0000000000001137,69.05100000000091,-51.75,0.0,6,67.05709690138464,47.1
FOLLOW,-,TRACKING,2.79446823,2.7792478016124282,54.750621886041756,-51.74999969314485,2.4843121992443194e-08,0.6000000000000227,69.08700000000091,-51.75,0.0,6,67.05709690138464,47.120000000000005
FOLLOW,-,TRACKING,2.7792478,2.7636491005580415,54.80594346839742,-51.74999969177,2.48991874407952e-08,0.0,69.08700000000091,-51.75,0.0,7,67.3512926111276,47.14
FOLLOW,-,TRACKING,2.7636491,2.751034899915084,54.86098463034517,-51.74999969039975,2.49555020123307e-08,0.0,69.08700000000091,-51.75,0.0,7,67.3512926111276,47.160000000000004
FOLLOW,-,TRACKING,2.7636491,2.738076667604617,54.91578096319382,-51.7499996890327,2.5011714168194503e-08,0.0,69.08700000000091,-51.75,0.0,7,67.3512926111276,47.18
FOLLOW,-,TRACKING,2.73807667,2.7247814902438,54.97031307817609,-51.74999968766933,2.5067761602997256e-08,0.0,69.08700000000091,-51.75,0.0,7,67.3512926111276,47.2
FOLLOW,-,TRACKING,2.72478149,2.7110888430001983,55.024573328478,-51.74999968631004,2.5123779098547406e-08,0.0,69.08700000000091,-51.75,0.0,7,67.3512926111276,47.223000000000006
FOLLOW,-,TRACKING,2.71108884,2.69700433131348,55.07855384873346,-51.74999968495493,2.517964300362773e-08,0.0,69.08700000000091,-51.75,0.0,7,67.55253534085968,47.24
FOLLOW,-,TRACKING,2.69700433,2.685800148135798,55.132285473190215,-51.7499996836025,2.5234813898774842e-08,0.0,69.08700000000091,-51.75,0.0,7,67.55253534085968,47.260000000000005
FOLLOW,-,TRACKING,2.69700433,2.67423750808149,55.185798483173045,-51.749999682252685,2.5289797346149353e-08,0.0,69.08700000000091,-51.75,0.0,7,67.55253534085968,47.28
FOLLOW,-,TRACKING,2.68580015,2.66232361980201,55.239074620475485,-51.74999968090596,2.534453932551619e-08,0.0,69.08700000000091,-51.75,0.0,7,67.55253534085968,47.300000000000004
FOLLOW,-,TRACKING,2.66232362,2.649999871329101,55.29210624578354,-51.749999679562364,2.5398947712265324e-08,0.0,69.08700000000091,-51.75,0.0,7,67.55253534085968,47.32
FOLLOW,-,TRACKING,2.64999987,2.6372720468259563,55.34488533453642,-51.74999967822211,2.545296990221063e-08,0.0,69.08700000000091,-51.75,0.0,7,67.68093371207144,47.34
FOLLOW,-,TRACKING,2.63727205,2.6273316114924232,55.39745373463533,-51.74999967688372,2.550627133660701e-08,0.0,69.08700000000091,-51.75,0.0,7,67.68093371207144,47.36
FOLLOW,-,TRACKING,2.63727205,2.617019789695974,55.449817383321886,-51.74999967554762,2.5559240695850306e-08,0.0,69.08700000000091,-51.75,0.0,7,67.68093371207144,47.38
FOLLOW,-,TRACKING,2.61701979,2.6063438918271236,55.50196897024396,-51.74999967421324,2.5611291562593828e-08,0.0,69.08700000000091,-51.75,0.0,7,67.68093371207144,47.400000000000006
FOLLOW,-,TRACKING,2.61701979,2.595246889839587,55.55390030169962,-51.749999672881586,2.566295318242013e-08,0.0,69.08700000000091,-51.75,0.0,7,67.68093371207144,47.42
FOLLOW,-,TRACKING,2.60634389,2.583734836953511,55.6056030525125,-51.749999671553155,2.5714424995433706e-08,0.0,69.08700000000091,-51.75,0.0,7,67.75165559539909,47.440000000000005
FOLLOW,-,TRACKING,2.59524689,2.5749270580490706,55.65711902149536,-51.749999670226956,2.5765754409238898e-08,0.0,69.08700000000091,-51.75,0.0,7,67.75165559539909,47.46
FOLLOW,-,TRACKING,2.58373484,2.565736291728627,55.70845251507543,-51.74999966890287,2.581695027590189e-08,0.0,69.08700000000091,-51.75,0.0,7,67.75165559539909,47.480000000000004
FOLLOW,-,TRACKING,2.57492706,2.556169941541953,55.759596184178484,-51.74999966758116,2.5868008389360737e-08,0.0,69.08700000000091,-51.75,0.0,7,67.75165559539909,47.5
FOLLOW,-,TRACKING,2.55616994,2.5461725142562845,55.81054162944082,-51.74999966626122,2.5918304753879578e-08,0.0,69.08700000000091,-51.75,0.0,7,67.75165559539909,47.52
FOLLOW,-,TRACKING,2.54617251,2.5351400448464294,55.861270566526215,-51.74999966494393,2.596807065044913e-08,0.0,69.08700000000091,-51.75,0.0,7,67.77795083568503,47.540000000000006
FOLLOW,-,TRACKING,2.54617251,2.5213678412114864,55.91173679313926,-51.749999663630355,2.6017129003590267e-08,0.0,69.08700000000091,-51.75,0.0,7,67.77795083568503,47.56
FOLLOW,-,TRACKING,2.52136784,2.5071655682879173,55.96192112573323,-51.749999662321216,2.606557506667526e-08,0.0,69.08700000000091,-51.75,0.0,7,67.77795083568503,47.580000000000005
FOLLOW,-,TRACKING,2.52136784,2.492552500015677,56.01181525197197,-51.74999966101702,2.6113567629416385e-08,0.0,69.08700000000091,-51.75,0.0,7,67.77795083568503,47.605000000000004
FOLLOW,-,TRACKING,2.4925525,2.4775825566933922,56.06141176448285,-51.749999659718064,2.6161147914292977e-08,0.0,69.08700000000091,-51.75,0.0,7,67.77795083568503,47.620000000000005
FOLLOW,-,TRACKING,2.47758256,2.4622636905888844,56.110703963524344,-51.749999658424706,2.620841355135227e-08,0.0,69.08700000000091,-51.75,0.0,7,67.77320822297527,47.64
FOLLOW,-,TRACKING,2.46226369,2.4497792371363407,56.159731980249724,-51.74999965713659,2.625590025310346e-08,0.0,69.08700000000091,-51.75,0.0,7,67.77320822297527,47.660000000000004
FOLLOW,-,TRACKING,2.46226369,2.4369809969044813,56.20850560106826,-51.74999965585291,2.6303190448676186e-08,0.0,69.08700000000091,-51.75,0.0,7,67.77320822297527,47.68
FOLLOW,-,TRACKING,2.436981,2.423875835802392,56.2570186530656,-51.7499996545739,2.6350303294880424e-08,0.0,69.08700000000091,-51.75,0.0,7,67.77320822297527,47.7
FOLLOW,-,TRACKING,2.42387584,2.4104064467138646,56.305264138094984,-51.74999965329981,2.639725469354207e-08,0.0,69.08700000000091,-51.75,0.0,7,67.77320822297527,47.720000000000006
FOLLOW,-,TRACKING,2.42387584,2.3965783507762244,56.35323485427468,-51.74999965203089,2.6444057294397742e-08,0.0,69.08700000000091,-51.75,0.0,8,67.74375291764639,47.74
FOLLOW,-,TRACKING,2.39657835,2.3854844502295696,56.400970925203474,-51.749999650766554,2.649109521018305e-08,0.0,69.08700000000091,-51.75,0.0,8,67.74375291764639,47.760000000000005
FOLLOW,-,TRACKING,2.39657835,2.374063611554789,56.44846846596878,-51.74999964950665,2.653816508767009e-08,0.0,69.08700000000091,-51.75,0.0,8,67.74375291764639,47.78
FOLLOW,-,TRACKING,2.38548445,2.3623227398132944,56.49574389023081,-51.74999964825132,2.6585695310608695e-08,0.0,69.08700000000091,-51.75,0.0,8,67.74375291764639,47.800000000000004
FOLLOW,-,TRACKING,2.36232274,2.350206373293418,56.5427786056993,-51.74999964700012,2.663295607916e-08,0.0,69.08700000000091,-51.75,0.0,8,67.74375291764639,47.821000000000005
FOLLOW,-,TRACKING,2.36232274,2.337720307359348,56.58956544853441,-51.74999964575326,2.667993537302103e-08,0.0,69.08700000000091,-51.75,0.0,8,67.7021920069564,47.84
FOLLOW,-,TRACKING,2.35020637,2.321504281518117,56.636047838577475,-51.74999964451229,2.6726572552341285e-08,0.0,69.08700000000091,-51.75,0.0,8,67.7021920069564,47.86
FOLLOW,-,TRACKING,2.32150428,2.3049084263178092,56.68220059068613,-51.74999964327793,2.677283957226642e-08,0.0,69.08700000000091,-51.75,0.0,8,67.7021920069564,47.88
FOLLOW,-,TRACKING,2.32150428,2.287640045302908,56.72801201067184,-51.74999964205053,2.6818722982800005e-08,0.0,69.08700000000091,-51.75,0.0,8,67.7021920069564,47.900000000000006
FOLLOW,-,TRACKING,2.28764005,2.2703716642844545,56.77347806313218,-51.74999964083069,2.6864549129823097e-08,0.0,69.08700000000091,-51.75,0.0,8,67.7021920069564,47.92
FOLLOW,-,TRACKING,2.28764005,2.2528118658904366,56.818594668594784,-51.74999963961955,2.691108984454339e-08,0.0,69.08700000000091,-51.75,0.0,8,67.65159571979324,47.940000000000005
FOLLOW,-,TRACKING,2.25281187,2.2312615151420805,56.86330831449018,-51.74999963841832,2.6958090034401635e-08,0.0,69.08700000000091,-51.75,0.0,8,67.65159571979324,47.96
FOLLOW,-,TRACKING,2.25281187,2.209406066327802,56.9075872934464,-51.74999963722696,2.700483836817014e-08,0.0,69.08700000000091,-51.75,0.0,8,67.65159571979324,47.980000000000004
FOLLOW,-,TRACKING,2.23126152,2.187251302324001,56.951425572693594,-51.749999636045665,2.705129168749649e-08,0.0,69.08700000000091,-51.75,0.0,8,67.65159571979324,48.0
FOLLOW,-,TRACKING,2.1872513,2.164877768407792,56.994818132220345,-51.749999634874534,2.709740668153045e-08,0.0,69.08700000000091,-51.75,0.0,8,67.60083799385266,48.02
FOLLOW,-,TRACKING,2.1872513,2.1422927845407007,57.03776068427963,-51.749999633713855,2.7143244055986947e-08,0.0,69.08700000000091,-51.75,0.0,8,67.60083799385266,48.040000000000006
FOLLOW,-,TRACKING,2.16487777,2.122778324000763,57.08028986642452,-51.74999963256188,2.7188253270197978e-08,0.0,69.08700000000091,-51.75,0.0,8,67.60083799385266,48.06
FOLLOW,-,TRACKING,2.14229278,2.1030908521240126,57.12242651040582,-51.749999631418774,2.7232937894037965e-08,0.0,69.08700000000091,-51.75,0.0,8,67.60083799385266,48.080000000000005
FOLLOW,-,TRACKING,2.12277832,2.0832364657294993,57.16416723507793,-51.74999963028457,2.727721687374424e-08,0.0,69.08700000000091,-51.75,0.0,8,67.60083799385266,48.1
FOLLOW,-,TRACKING,2.10309085,2.0631551304930444,57.205507921569414,-51.749999629159404,2.732106364267149e-08,0.0,69.08700000000091,-51.75,0.0,8,67.60083799385266,48.121
FOLLOW,-,TRACKING,2.08323647,2.04285140824112,57.246444090019736,-51.74999962804342,2.7364440664445315e-08,0.0,69.08700000000091,-51.75,0.0,8,67.5499399395654,48.14
FOLLOW,-,TRACKING,2.04285141,2.017996979660808,57.28691973615655,-51.749999626938795,2.7407741640878412e-08,0.0,69.08700000000091,-51.75,0.0,8,67.5499399395654,48.160000000000004
FOLLOW,-,TRACKING,2.04285141,1.992895577950549,57.326895576173065,-51.74999962584589,2.7450354367007125e-08,0.0,69.08700000000091,-51.75,0.0,8,67.5499399395654,48.18
FOLLOW,-,TRACKING,1.99289558,1.9675525081915173,57.36636672881932,-51.749999624764854,2.7492249715843176e-08,0.0,69.08700000000091,-51.75,0.0,8,67.5499399395654,48.2
FOLLOW,-,TRACKING,1.96755251,1.9420605617838764,57.405329381310004,-51.74999962369582,2.7533365557487334e-08,0.0,69.08700000000091,-51.75,0.0,8,67.5499399395654,48.220000000000006
FOLLOW,-,TRACKING,1.94206056,1.9164271369184864,57.44378063824424,-51.74999962263761,2.7572710271006744e-08,0.0,69.08700000000091,-51.75,0.0,8,67.50300059525587,48.24
FOLLOW,-,TRACKING,1.91642714,1.893921836554569,57.481755128838245,-51.7499996215896,2.761048266983349e-08,0.0,69.08700000000091,-51.75,0.0,8,67.50300059525587,48.260000000000005
FOLLOW,-,TRACKING,1.91642714,1.8713155184926227,57.51927830126441,-51.74999962055266,2.7647824652498196e-08,0.0,69.08700000000091,-51.75,0.0,8,67.50300059525587,48.28
FOLLOW,-,TRACKING,1.87131552,1.84861419275606,57.55634820728557,-51.749999619526896,2.768473618532787e-08,0.0,69.08700000000091,-51.75,0.0,8,67.50300059525587,48.300000000000004
FOLLOW,-,TRACKING,1.84861419,1.8257580007379208,57.59296222847551,-51.74999961851243,2.7721216087909374e-08,0.0,69.08700000000091,-51.75,0.0,8,67.50300059525587,48.32
FOLLOW,-,TRACKING,1.825758,1.8027513222946827,57.629117320064616,-51.74999961750941,2.775726229859251e-08,0.0,69.08700000000091,-51.75,0.0,8,67.50300059525587,48.34
FOLLOW,-,TRACKING,1.80275132,1.7744160663319524,57.66475400769926,-51.749999616519524,2.779281601517017e-08,0.0,69.08700000000091,-51.75,0.0,8,67.46163808296664,48.36000000000001
FOLLOW,-,TRACKING,1.774416,1.7458947289696884,57.69982212871994,-51.749999615544226,2.7827827093517768e-08,0.0,69.08700000000091,-51.75,0.0,8,67.46163808296664,48.38
FOLLOW,-,TRACKING,1.74589465,1.7171924135304555,57.73431801311783,-51.74999961458367,2.7862291355342234e-08,0.0,69.08700000000091,-51.75,0.0,8,67.46163808296664,48.400000000000006
FOLLOW,-,TRACKING,1.74589465,1.6884188513564884,57.768239138647445,-51.749999613637996,2.7896205429058567e-08,0.0,69.08700000000091,-51.75,0.0,8,67.46163808296664,48.42
FOLLOW,-,TRACKING,1.71719233,1.6595819343621092,57.80158415964107,-51.74999961270594,2.7928548893157964e-08,0.0,69.08700000000091,-51.75,0.0,8,67.46163808296664,48.440000000000005
FOLLOW,-,TRACKING,1.68841876,1.633919941752993,57.83438552918222,-51.74999961178685,2.7959478637052556e-08,0.0,69.08700000000091,-51.75,0.0,8,67.42555892721175,48.46
FOLLOW,-,TRACKING,1.65958184,1.608238270421936,57.866673443839424,-51.749999610880366,2.7989335766345963e-08,0.0,69.08700000000091,-51.75,0.0,8,67.42555892721175,48.480000000000004
FOLLOW,-,TRACKING,1.60823827,1.5819573799788602,57.89844113479964,-51.74999960998723,2.8018473279095293e-08,0.0,69.08700000000091,-51.75,0.0,8,67.42555892721175,48.5
FOLLOW,-,TRACKING,1.58195738,1.5561897274835703,57.929688854002414,-51.74999960910766,2.8047017838059548e-08,0.0,69.08700000000091,-51.75,0.0,8,67.42555892721175,48.52
FOLLOW,-,TRACKING,1.58195738,1.5303541186902694,57.96042047327504,-51.74999960824155,2.8074939627571183e-08,0.0,69.08700000000091,-51.75,0.0,8,67.39484264947077,48.540000000000006
FOLLOW,-,TRACKING,1.53035412,1.5074445685883122,57.990668656011806,-51.749999607388474,2.810261759727948e-08,0.0,69.08700000000091,-51.75,0.0,8,67.39484264947077,48.56
FOLLOW,-,TRACKING,1.50744457,1.4845026124561402,58.020458259262,-51.7499996065473,2.8129709796578203e-08,0.0,69.08700000000091,-51.75,0.0,8,67.39484264947077,48.580000000000005
FOLLOW,-,TRACKING,1.48450261,1.4615343299198005,58.0497887077613,-51.749999605718116,2.8156249066150442e-08,0.0,69.08700000000091,-51.75,0.0,8,67.39484264947077,48.6
FOLLOW,-,TRACKING,1.48450261,1.4384854507767388,58.078658823713354,-51.74999960490105,2.8182264232735655e-08,0.0,69.08700000000091,-51.75,0.0,8,67.39484264947077,48.622
FOLLOW,-,TRACKING,1.43848545,1.415360529264831,58.10706704974904,-51.74999960409622,2.8207787889957244e-08,0.0,69.08700000000091,-51.75,0.0,8,67.36979742861391,48.64
FOLLOW,-,TRACKING,1.41536053,1.385540531684626,58.13494107945131,-51.74999960330449,2.8231834746936593e-08,0.0,69.08700000000091,-51.75,0.0,8,67.36979742861391,48.660000000000004
FOLLOW,-,TRACKING,1.38554034,1.355595307873614,58.16221745490081,-51.74999960252896,2.825528353737745e-08,0.0,69.08700000000091,-51.75,0.0,8,67.36979742861391,48.68
FOLLOW,-,TRACKING,1.3555951,1.325536690275442,58.18889379163504,-51.7499996017698,2.8278163231787048e-08,0.0,69.08700000000091,-51.75,0.0,8,67.36979742861391,48.7
FOLLOW,-,TRACKING,1.32552996,1.2954888618040175,58.214968998440575,-51.74999960102713,2.830049946307273e-08,0.0,69.08700000000091,-51.75,0.0,8,67.36979742861391,48.720000000000006
FOLLOW,-,TRACKING,1.29548406,1.2654685747719443,58.24044354303706,-51.749999600300974,2.8322306302200076e-08,0.0,69.08700000000091,-51.75,0.0,8,67.35133308278319,48.74
FOLLOW,-,TRACKING,1.26546663,1.2384201124248764,58.2653474282661,-51.749999599591064,2.8343998794354646e-08,0.0,69.08700000000091,-51.75,0.0,8,67.35133308278319,48.760000000000005
FOLLOW,-,TRACKING,1.23842011,1.2114459562127424,58.28971113211685,-51.749999598896046,2.836524109861663e-08,0.0,69.08700000000091,-51.75,0.0,8,67.35133308278319,48.78
FOLLOW,-,TRACKING,1.21144596,1.184551155522229,58.31353622520109,-51.74999959821594,2.8386054269813935e-08,0.0,69.08700000000091,-51.75,0.0,8,67.35133308278319,48.800000000000004
FOLLOW,-,TRACKING,1.18455116,1.1576834290920603,58.33682371952692,-51.749999597550755,2.840643628566228e-08,0.0,69.08700000000091,-51.75,0.0,8,67.35133308278319,48.82
FOLLOW,-,TRACKING,1.15768343,1.1308480235946663,58.35957421425347,-51.74999959690053,2.8426395193918157e-08,0.0,69.08700000000091,-51.75,0.0,8,67.33682258973657,48.84
FOLLOW,-,TRACKING,1.15768343,1.1066785915943458,58.38181732456368,-51.74999959626478,2.844623922749215e-08,0.0,69.08700000000091,-51.75,0.0,8,67.33682258973657,48.86000000000001
FOLLOW,-,TRACKING,1.10667859,1.0825751547571374,58.403577771601036,-51.749999595642514,2.846571175647125e-08,0.0,69.08700000000091,-51.75,0.0,8,67.33682258973657,48.88
FOLLOW,-,TRACKING,1.10667859,1.0585442738609177,58.42485694778018,-51.749999595034225,2.8485235001334446e-08,0.0,69.08700000000091,-51.75,0.0,8,67.33682258973657,48.900000000000006
FOLLOW,-,TRACKING,1.08257515,1.0345393979278585,58.445655792213124,-51.749999594439984,2.850486157556385e-08,0.0,69.08700000000091,-51.75,0.0,8,67.33682258973657,48.92
FOLLOW,-,TRACKING,1.0345394,1.0105656223018402,58.46597490726312,-51.74999959385983,2.8524615121198476e-08,0.0,69.08700000000091,-51.75,0.0,8,67.32689161704926,48.940000000000005
FOLLOW,-,TRACKING,1.01056562,0.9781313010400086,58.48572689026752,-51.74999959329624,2.8544379788151845e-08,0.0,69.08700000000091,-51.75,0.0,8,67.32689161704926,48.96
FOLLOW,-,TRACKING,1.01056562,0.9453923011449208,58.504824432007524,-51.74999959275105,2.8563560333352542e-08,0.0,69.08700000000091,-51.75,0.0,8,67.32689161704926,48.980000000000004
FOLLOW,-,TRACKING,0.977860498,0.9126209362285922,58.52326683243853,-51.749999592224206,2.858207753787028e-08,0.0,69.08700000000091,-51.75,0.0,8,67.32689161704926,49.0
FOLLOW,-,TRACKING,0.912343188,0.8799829867342626,58.54105510793083,-51.749999591715714,2.859993272347676e-08,0.0,69.08700000000091,-51.75,0.0,8,67.32689161704926,49.02
FOLLOW,-,TRACKING,0.912343188,0.8475078248146419,58.55819240416695,-51.749999591225524,2.8617129405810192e-08,0.0,69.08700000000091,-51.75,0.0,8,67.31945138954832,49.040000000000006
FOLLOW,-,TRACKING,0.847261672,0.8180047176360008,58.57471008180692,-51.74999959075277,2.8633699420975736e-08,0.0,69.08700000000091,-51.75,0.0,8,67.31945138954832,49.06
FOLLOW,-,TRACKING,0.847261672,0.7889624163901489,58.59064476574546,-51.74999959029645,2.8649679903118657e-08,0.0,69.08700000000091,-51.75,0.0,8,67.31945138954832,49.080000000000005
FOLLOW,-,TRACKING,0.818004603,0.7601438658973337,58.60600084127596,-51.749999589856415,2.8665075637644176e-08,0.0,69.08700000000091,-51.75,0.0,8,67.31945138954832,49.1
FOLLOW,-,TRACKING,0.788962312,0.7314968274400259,58.62078226103091,-51.749999589432655,2.8679890991880803e-08,0.0,69.08700000000091,-51.75,0.0,8,67.31945138954832,49.121
FOLLOW,-,TRACKING,0.760143773,0.7030281746295942,58.63499252396052,-51.74999958902506,2.8694129882234985e-08,0.0,69.08700000000091,-51.75,0.0,8,67.31511506898676,49.14
FOLLOW,-,TRACKING,0.7030281,0.6764374188641399,58.648652602005924,-51.749999588633024,2.87078137217229e-08,0.0,69.08700000000091,-51.75,0.0,8,67.31511506898676,49.160000000000004
FOLLOW,-,TRACKING,0.676437419,0.6500534173078166,58.66178313980033,-51.74999958825602,2.8720963588383722e-08,0.0,69.08700000000091,-51.75,0.0,8,67.31511506898676,49.18
FOLLOW,-,TRACKING,0.650053417,0.6238840390999202,58.67438835831122,-51.74999958789394,2.8733584096429706e-08,0.0,69.08700000000091,-51.75,0.0,8,67.31511506898676,49.2
FOLLOW,-,TRACKING,0.623884039,0.597902965013475,58.68647226050753,-51.749999587546675,2.8745679628040267e-08,0.0,69.08700000000091,-51.75,0.0,8,67.31511506898676,49.220000000000006
FOLLOW,-,TRACKING,0.597902965,0.5721170221200113,58.69803868756592,-51.74999958721415,2.875725439089581e-08,0.0,69.08700000000091,-51.75,0.0,8,67.31511506898676,49.242000000000004
FOLLOW,-,TRACKING,0.572117022,0.548319393823249,58.70913526621427,-51.74999958689498,2.876835638610901e-08,0.0,69.08700000000091,-51.75,0.0,8,67.31330038454574,49.260000000000005
FOLLOW,-,TRACKING,0.572117022,0.5247425929510997,58.7197347444857,-51.74999958659001,2.87789586704669e-08,0.0,69.08700000000091,-51.75,0.0,8,67.31330038454574,49.28
FOLLOW,-,TRACKING,0.548319394,0.5013937736947583,58.72986542240358,-51.74999958629843,2.8789089864249315e-08,0.0,69.08700000000091,-51.75,0.0,8,67.31330038454574,49.300000000000004
FOLLOW,-,TRACKING,0.524742593,0.47824323070031494,58.73953150315051,-51.74999958602012,2.8798754463013305e-08,0.0,69.08700000000091,-51.75,0.0,8,67.31330038454574,49.32
FOLLOW,-,TRACKING,0.501393774,0.45529747243477925,58.74873703034998,-51.74999958575495,2.8807956787354855e-08,0.0,69.08700000000091,-51.75,0.0,8,67.31236986650013,49.34
FOLLOW,-,TRACKING,0.478243231,0.4342593918167382,58.75750653354449,-51.74999958550228,2.881672161933934e-08,0.0,69.08700000000091,-51.75,0.0,8,67.31236986650013,49.36000000000001
FOLLOW,-,TRACKING,0.455297472,0.4134469777525852,58.7658581705963,-51.749999585261584,2.88250673311812e-08,0.0,69.08700000000091,-51.75,0.0,8,67.31236986650013,49.38
FOLLOW,-,TRACKING,0.434259392,0.39286636392787966,58.7737965726519,-51.74999958503273,2.8832998776631275e-08,0.0,69.08700000000091,-51.75,0.0,8,67.31236986650013,49.400000000000006
FOLLOW,-,GOAL_REACHED,0.392866364,0.372489161094336,58.781326006670284,-51.74999958481558,2.8840520443625326e-08,0.0,69.08700000000091,-51.75,0.0,8,67.31236986650013,49.42100000000001
FOLLOW,-,GOAL_REACHED,0.372489161,0.35232029962628536,58.78845060496368,-51.7499995846101,2.8847636637407236e-08,0.0,69.08700000000091,-51.75,0.0,8,67.31275616328082,49.440000000000005
FOLLOW,-,GOAL_REACHED,0.3523203,0.30882182731417634,58.79492703998151,-51.74999958442324,2.8854104750451215e-08,0.0,69.08700000000091,-51.75,0.0,8,67.31275616328082,49.46
FOLLOW,-,GOAL_REACHED,0.2953203,0.24882182731573727,58.80020347652781,-51.749999584270974,2.8859373853731946e-08,0.0,69.08700000000091,-51.75,0.0,8,67.31275616328082,49.480000000000004
FOLLOW,-,GOAL_REACHED,0.2353203,0.188821827314456,58.8042799130741,-51.749999584153315,2.8863444315260152e-08,0.0,69.08700000000091,-51.75,0.0,8,67.31275616328082,49.5
FOLLOW,-,GOAL_REACHED,0.1753203,0.12882182731388528,58.80715634962039,-51.74999958407028,2.8866316430779096e-08,0.0,69.08700000000091,-51.75,0.0,8,67.31467105448021,49.52
FOLLOW,-,GOAL_REACHED,0.1753203,0.06882182731615673,58.8088327861667,-51.749999584021886,2.8867990408256164e-08,0.0,69.08700000000091,-51.75,0.0,8,67.31467105448021,49.540000000000006
FOLLOW,-,GOAL_REACHED,0.0553202999,0.00945746185223584,58.80931557905836,-51.749999584007945,2.886847268131079e-08,0.0,69.08700000000091,-51.75,0.0,8,67.31467105448021,49.56
FOLLOW,-,GOAL_REACHED,0.0,0.0,58.80931557905836,-51.749999584007945,2.886847268131079e-08,0.0,69.08700000000091,-51.75,0.0,8,67.31467105448021,49.580000000000005
FOLLOW,-,GOAL_REACHED,0.0,0.0,58.80931557905836,-51.749999584007945,2.886847268131079e-08,0.0,69.08700000000091,-51.75,0.0,8,67.31467105448021,49.6
FOLLOW,-,TRACKING,0.0,0.0,58.80931557905836,-51.749999584007945,2.886847268131079e-08,0.0,69.08700000000091,-51.75,0.0,8,67.31467105448021,49.621
FOLLOW,-,TRACKING,0.0,0.0,58.80931557905836,-51.749999584007945,2.886847268131079e-08,0.0,69.08700000000091,-51.75,0.0,8,67.31804403133056,49.64
FOLLOW,-,TRACKING,0.0,0.0,58.80931557905836,-51.749999584007945,2.886847268131079e-08,0.0,69.08700000000091,-51.75,0.0,8,67.31804403133056,49.660000000000004
FOLLOW,-,TRACKING,0.0,0.0,58.80931557905836,-51.749999584007945,2.886847268131079e-08,0.0,69.08700000000091,-51.75,0.0,8,67.31804403133056,49.68
FOLLOW,-,TRACKING,0.0,0.0,58.80931557905836,-51.749999584007945,2.886847268131079e-08,0.0,69.08700000000091,-51.75,0.0,8,67.31804403133056,49.701
FOLLOW,-,TRACKING,0.0,0.0,58.80931557905836,-51.749999584007945,2.886847268131079e-08,0.0,69.08700000000091,-51.75,0.0,8,67.31804403133056,49.720000000000006
FOLLOW,-,TRACKING,0.0,0.0,58.80931557905836,-51.749999584007945,2.886847268131079e-08,0.0,69.08700000000091,-51.75,0.0,8,67.31971030921066,49.74
FOLLOW,-,TRACKING,0.0,0.0,58.80931557905836,-51.749999584007945,2.886847268131079e-08,0.0,69.08700000000091,-51.75,0.0,8,67.31971030921066,49.760000000000005
FOLLOW,-,TRACKING,0.0,0.0,58.80931557905836,-51.749999584007945,2.886847268131079e-08,0.0,69.08700000000091,-51.75,0.0,8,67.31971030921066,49.78
FOLLOW,-,TRACKING,0.0,0.0,58.80931557905836,-51.749999584007945,2.886847268131079e-08,0.0,69.08700000000091,-51.75,0.0,8,67.31971030921066,49.800000000000004
FOLLOW,-,TRACKING,0.0,0.0,58.80931557905836,-51.749999584007945,2.886847268131079e-08,0.0,69.08700000000091,-51.75,0.0,8,67.31971030921066,49.82
FOLLOW,-,TRACKING,0.0,0.0,58.80931557905836,-51.749999584007945,2.886847268131079e-08,0.0,69.08700000000091,-51.75,0.0,8,67.32099391948329,49.84
FOLLOW,-,TRACKING,0.0,0.0,58.80931557905836,-51.749999584007945,2.886847268131079e-08,0.0,69.08700000000091,-51.75,0.0,8,67.32099391948329,49.86000000000001
FOLLOW,-,TRACKING,0.0,0.0,58.80931557905836,-51.749999584007945,2.886847268131079e-08,0.0,69.08700000000091,-51.75,0.0,8,67.32099391948329,49.88
FOLLOW,-,TRACKING,0.0,0.0,58.80931557905836,-51.749999584007945,2.886847268131079e-08,0.0,69.08700000000091,-51.75,0.0,8,67.32099391948329,49.900000000000006
FOLLOW,-,TRACKING,0.0,0.0,58.80931557905836,-51.749999584007945,2.886847268131079e-08,0.0,69.08700000000091,-51.75,0.0,8,67.32099391948329,49.92
FOLLOW,-,TRACKING,0.0,0.0,58.80931557905836,-51.749999584007945,2.886847268131079e-08,0.0,69.08700000000091,-51.75,0.0,8,67.32149991245889,49.940000000000005
FOLLOW,-,TRACKING,0.0,0.0,58.80931557905836,-51.749999584007945,2.886847268131079e-08,0.0,69.08700000000091,-51.75,0.0,8,67.32149991245889,49.96
FOLLOW,-,TRACKING,0.0,0.0,58.80931557905836,-51.749999584007945,2.886847268131079e-08,0.0,69.08700000000091,-51.75,0.0,8,67.32149991245889,49.980000000000004
FOLLOW,-,TRACKING,0.0,0.0,58.80931557905836,-51.749999584007945,2.886847268131079e-08,0.0,69.08700000000091,-51.75,0.0,8,67.32149991245889,50.0
FOLLOW,-,TRACKING,0.0,0.0,58.80931557905836,-51.749999584007945,2.886847268131079e-08,0.0,69.08700000000091,-51.75,0.0,8,67.32149991245889,50.02
FOLLOW,-,TRACKING,0.0,0.0,58.80931557905836,-51.749999584007945,2.886847268131079e-08,0.0,69.08700000000091,-51.75,0.0,8,67.32370836829068,50.040000000000006
FOLLOW,-,TRACKING,0.0,0.0,58.80931557905836,-51.749999584007945,2.886847268131079e-08,0.0,69.08700000000091,-51.75,0.0,8,67.32370836829068,50.061
FOLLOW,-,TRACKING,0.0,0.0,58.80931557905836,-51.749999584007945,2.886847268131079e-08,0.0,69.08700000000091,-51.75,0.0,8,67.32370836829068,50.080000000000005
FOLLOW,-,TRACKING,0.0,0.0,58.80931557905836,-51.749999584007945,2.886847268131079e-08,0.0,69.08700000000091,-51.75,0.0,8,67.32370836829068,50.1
FOLLOW,-,TRACKING,0.0,0.0,58.80931557905836,-51.749999584007945,2.886847268131079e-08,0.0,69.08700000000091,-51.75,0.0,8,67.32370836829068,50.120000000000005
FOLLOW,-,TRACKING,0.0,0.0,58.80931557905836,-51.749999584007945,2.886847268131079e-08,0.0,69.08700000000091,-51.75,0.0,8,67.32725622064059,50.14
FOLLOW,-,TRACKING,0.0,0.0,58.80931557905836,-51.749999584007945,2.886847268131079e-08,0.0,69.08700000000091,-51.75,0.0,8,67.32725622064059,50.160000000000004
FOLLOW,-,TRACKING,0.0,0.0,58.80931557905836,-51.749999584007945,2.886847268131079e-08,0.0,69.08700000000091,-51.75,0.0,8,67.32725622064059,50.18
FOLLOW,-,TRACKING,0.0,0.0,58.80931557905836,-51.749999584007945,2.886847268131079e-08,0.0,69.08700000000091,-51.75,0.0,8,67.32725622064059,50.204
FOLLOW,-,TRACKING,0.0,0.0,58.80931557905836,-51.749999584007945,2.886847268131079e-08,0.0,69.08700000000091,-51.75,0.0,8,67.32725622064059,50.224000000000004
FOLLOW,-,TRACKING,0.0,0.0,58.80931557905836,-51.749999584007945,2.886847268131079e-08,0.0,69.08700000000091,-51.75,0.0,8,67.32725622064059,50.24
FOLLOW,-,TRACKING,0.0,0.0,58.80931557905836,-51.749999584007945,2.886847268131079e-08,0.0,69.08700000000091,-51.75,0.0,8,67.3272639856387,50.260000000000005
FOLLOW,-,TRACKING,0.0,0.0,58.80931557905836,-51.749999584007945,2.886847268131079e-08,0.0,69.08700000000091,-51.75,0.0,8,67.3272639856387,50.28
FOLLOW,-,TRACKING,0.0,0.0,58.80931557905836,-51.749999584007945,2.886847268131079e-08,0.0,69.08700000000091,-51.75,0.0,8,67.3272639856387,50.300000000000004
FOLLOW,-,TRACKING,0.0,0.0,58.80931557905836,-51.749999584007945,2.886847268131079e-08,0.0,69.08700000000091,-51.75,0.0,8,67.3272639856387,50.32
FOLLOW,-,TRACKING,0.0,0.0,58.80931557905836,-51.749999584007945,2.886847268131079e-08,0.0,69.08700000000091,-51.75,0.0,8,67.3293112216487,50.34
FOLLOW,-,TRACKING,0.0,0.0,58.80931557905836,-51.749999584007945,2.886847268131079e-08,0.0,69.08700000000091,-51.75,0.0,8,67.3293112216487,50.36000000000001
FOLLOW,-,TRACKING,0.0,0.0,58.80931557905836,-51.749999584007945,2.886847268131079e-08,0.0,69.08700000000091,-51.75,0.0,8,67.3293112216487,50.381
FOLLOW,-,TRACKING,0.0,0.0,58.80931557905836,-51.749999584007945,2.886847268131079e-08,0.0,69.08700000000091,-51.75,0.0,8,67.3293112216487,50.400000000000006
FOLLOW,-,TRACKING,0.0,0.0,58.80931557905836,-51.749999584007945,2.886847268131079e-08,0.0,69.08700000000091,-51.75,0.0,8,67.3293112216487,50.42
FOLLOW,-,TRACKING,0.0,0.0,58.80931557905836,-51.749999584007945,2.886847268131079e-08,0.0,69.08700000000091,-51.75,0.0,8,67.33177581040039,50.440000000000005
FOLLOW,-,TRACKING,0.0,0.0,58.80931557905836,-51.749999584007945,2.886847268131079e-08,0.0,69.08700000000091,-51.75,0.0,8,67.33177581040039,50.46
FOLLOW,-,TRACKING,0.0,0.0,58.80931557905836,-51.749999584007945,2.886847268131079e-08,0.0,69.08700000000091,-51.75,0.0,8,67.33177581040039,50.480000000000004
FOLLOW,-,TRACKING,0.0,0.0,58.80931557905836,-51.749999584007945,2.886847268131079e-08,0.0,69.08700000000091,-51.75,0.0,8,67.33177581040039,50.5
FOLLOW,-,TRACKING,0.0,0.0,58.80931557905836,-51.749999584007945,2.886847268131079e-08,0.0,69.08700000000091,-51.75,0.0,8,67.33177581040039,50.52
FOLLOW,-,TRACKING,0.0,0.0,58.80931557905836,-51.749999584007945,2.886847268131079e-08,0.0,69.08700000000091,-51.75,0.0,8,67.33343089020637,50.540000000000006
FOLLOW,-,TRACKING,0.0,0.0,58.80931557905836,-51.749999584007945,2.886847268131079e-08,0.0,69.08700000000091,-51.75,0.0,8,67.33343089020637,50.561
FOLLOW,-,TRACKING,0.0,0.0,58.80931557905836,-51.749999584007945,2.886847268131079e-08,0.0,69.08700000000091,-51.75,0.0,8,67.33343089020637,50.580000000000005
FOLLOW,-,TRACKING,0.0,0.0,58.80931557905836,-51.749999584007945,2.886847268131079e-08,0.0,69.08700000000091,-51.75,0.0,8,67.33343089020637,50.6
FOLLOW,-,TRACKING,0.0,0.0,58.80931557905836,-51.749999584007945,2.886847268131079e-08,0.0,69.08700000000091,-51.75,0.0,8,67.33343089020637,50.620000000000005
FOLLOW,-,TRACKING,0.0,0.0,58.80931557905836,-51.749999584007945,2.886847268131079e-08,0.0,69.08700000000091,-51.75,0.0,8,67.33343089020637,50.64
FOLLOW,-,TRACKING,0.0,0.0,58.80931557905836,-51.749999584007945,2.886847268131079e-08,0.0,69.08700000000091,-51.75,0.0,8,67.33317255839562,50.660000000000004
FOLLOW,-,TRACKING,0.0,0.0,58.80931557905836,-51.749999584007945,2.886847268131079e-08,0.0,69.08700000000091,-51.75,0.0,8,67.33317255839562,50.68
FOLLOW,-,TRACKING,0.0,0.0,58.80931557905836,-51.749999584007945,2.886847268131079e-08,0.0,69.08700000000091,-51.75,0.0,8,67.33317255839562,50.7
FOLLOW,-,TRACKING,0.0,0.0,58.80931557905836,-51.749999584007945,2.886847268131079e-08,0.0,69.08700000000091,-51.75,0.0,8,67.33317255839562,50.720000000000006
FOLLOW,-,TRACKING,0.0,0.0,58.80931557905836,-51.749999584007945,2.886847268131079e-08,0.0,69.08700000000091,-51.75,0.0,8,67.33416763114266,50.74
FOLLOW,-,TRACKING,0.0,0.0,58.80931557905836,-51.749999584007945,2.886847268131079e-08,0.0,69.08700000000091,-51.75,0.0,8,67.33416763114266,50.760000000000005
FOLLOW,-,TRACKING,0.0,0.0,58.80931557905836,-51.749999584007945,2.886847268131079e-08,0.0,69.08700000000091,-51.75,0.0,8,67.33416763114266,50.78
FOLLOW,-,TRACKING,0.0,0.0,58.80931557905836,-51.749999584007945,2.886847268131079e-08,0.0,69.08700000000091,-51.75,0.0,8,67.33416763114266,50.800000000000004
FOLLOW,-,TRACKING,0.0,0.0,58.80931557905836,-51.749999584007945,2.886847268131079e-08,0.0,69.08700000000091,-51.75,0.0,8,67.33416763114266,50.82
FOLLOW,-,TRACKING,0.0,0.0,58.80931557905836,-51.749999584007945,2.886847268131079e-08,0.0,69.08700000000091,-51.75,0.0,8,67.33311679590997,50.84
FOLLOW,-,TRACKING,0.0,0.0,58.80931557905836,-51.749999584007945,2.886847268131079e-08,0.0,69.08700000000091,-51.75,0.0,8,67.33311679590997,50.86000000000001
FOLLOW,-,TRACKING,0.0,0.0,58.80931557905836,-51.749999584007945,2.886847268131079e-08,0.0,69.08700000000091,-51.75,0.0,8,67.33311679590997,50.88
FOLLOW,-,TRACKING,0.0,0.0,58.80931557905836,-51.749999584007945,2.886847268131079e-08,0.0,69.08700000000091,-51.75,0.0,8,67.33311679590997,50.900000000000006
FOLLOW,-,TRACKING,0.0,0.0,58.80931557905836,-51.749999584007945,2.886847268131079e-08,0.0,69.08700000000091,-51.75,0.0,8,67.33311679590997,50.92
FOLLOW,-,TRACKING,0.0,0.0,58.80931557905836,-51.749999584007945,2.886847268131079e-08,0.0,69.08700000000091,-51.75,0.0,8,67.33420209689068,50.940000000000005
FOLLOW,-,TRACKING,0.0,0.0,58.80931557905836,-51.749999584007945,2.886847268131079e-08,0.0,69.08700000000091,-51.75,0.0,8,67.33420209689068,50.96
FOLLOW,-,TRACKING,0.0,0.0,58.80931557905836,-51.749999584007945,2.886847268131079e-08,0.0,69.08700000000091,-51.75,0.0,8,67.33420209689068,50.980000000000004
FOLLOW,-,TRACKING,0.0,0.0,58.80931557905836,-51.749999584007945,2.886847268131079e-08,0.0,69.08700000000091,-51.75,0.0,8,67.33420209689068,51.0
FOLLOW,-,TRACKING,0.0,0.0,58.80931557905836,-51.749999584007945,2.886847268131079e-08,0.0,69.08700000000091,-51.75,0.0,8,67.33420209689068,51.02
FOLLOW,-,TRACKING,0.0,0.0,58.80931557905836,-51.749999584007945,2.886847268131079e-08,0.0,69.08700000000091,-51.75,0.0,8,67.33378652688225,51.040000000000006
FOLLOW,-,TRACKING,0.0,0.0,58.80931557905836,-51.749999584007945,2.886847268131079e-08,0.0,69.08700000000091,-51.75,0.0,8,67.33378652688225,51.06
FOLLOW,-,TRACKING,0.0,0.0,58.80931557905836,-51.749999584007945,2.886847268131079e-08,0.0,69.08700000000091,-51.75,0.0,8,67.33378652688225,51.080000000000005
FOLLOW,-,TRACKING,0.0,0.0,58.80931557905836,-51.749999584007945,2.886847268131079e-08,0.0,69.08700000000091,-51.75,0.0,8,67.33378652688225,51.101000000000006
FOLLOW,-,TRACKING,0.0,0.0,58.80931557905836,-51.749999584007945,2.886847268131079e-08,0.0,69.08700000000091,-51.75,0.0,8,67.33378652688225,51.120000000000005
FOLLOW,-,TRACKING,0.0,0.0,58.80931557905836,-51.749999584007945,2.886847268131079e-08,0.0,69.08700000000091,-51.75,0.0,8,67.33209444997625,51.14
FOLLOW,-,TRACKING,0.0,0.0,58.80931557905836,-51.749999584007945,2.886847268131079e-08,0.0,69.08700000000091,-51.75,0.0,8,67.33209444997625,51.162000000000006
FOLLOW,-,TRACKING,0.0,0.0,58.80931557905836,-51.749999584007945,2.886847268131079e-08,0.0,69.08700000000091,-51.75,0.0,8,67.33209444997625,51.18
FOLLOW,-,TRACKING,0.0,0.0,58.80931557905836,-51.749999584007945,2.886847268131079e-08,0.0,69.08700000000091,-51.75,0.0,8,67.33209444997625,51.201
FOLLOW,-,TRACKING,0.0,0.0,58.80931557905836,-51.749999584007945,2.886847268131079e-08,0.0,69.08700000000091,-51.75,0.0,8,67.33209444997625,51.220000000000006
FOLLOW,-,TRACKING,0.0,0.0,58.80931557905836,-51.749999584007945,2.886847268131079e-08,0.0,69.08700000000091,-51.75,0.0,8,67.33322577099874,51.24
FOLLOW,-,TRACKING,0.0,0.0,58.80931557905836,-51.749999584007945,2.886847268131079e-08,0.0,69.08700000000091,-51.75,0.0,8,67.33322577099874,51.260000000000005
FOLLOW,-,TRACKING,0.0,0.0,58.80931557905836,-51.749999584007945,2.886847268131079e-08,0.0,69.08700000000091,-51.75,0.0,8,67.33322577099874,51.28
FOLLOW,-,TRACKING,0.0,0.0,58.80931557905836,-51.749999584007945,2.886847268131079e-08,0.0,69.08700000000091,-51.75,0.0,8,67.33322577099874,51.301
FOLLOW,-,TRACKING,0.0,0.0,58.80931557905836,-51.749999584007945,2.886847268131079e-08,0.0,69.08700000000091,-51.75,0.0,8,67.33322577099874,51.32
FOLLOW,-,TRACKING,0.0,0.0,58.80931557905836,-51.749999584007945,2.886847268131079e-08,0.0,69.08700000000091,-51.75,0.0,8,67.33268983373252,51.341
FOLLOW,-,TRACKING,0.0,0.0,58.80931557905836,-51.749999584007945,2.886847268131079e-08,0.0,69.08700000000091,-51.75,0.0,8,67.33268983373252,51.36000000000001
FOLLOW,-,TRACKING,0.0,0.0,58.80931557905836,-51.749999584007945,2.886847268131079e-08,0.0,69.08700000000091,-51.75,0.0,8,67.33268983373252,51.38
FOLLOW,-,TRACKING,0.0,0.0,58.80931557905836,-51.749999584007945,2.886847268131079e-08,0.0,69.08700000000091,-51.75,0.0,8,67.33268983373252,51.400000000000006
FOLLOW,-,TRACKING,0.0,0.0,58.80931557905836,-51.749999584007945,2.886847268131079e-08,0.0,69.08700000000091,-51.75,0.0,8,67.33268983373252,51.42
FOLLOW,-,TRACKING,0.0,0.0,58.80931557905836,-51.749999584007945,2.886847268131079e-08,0.0,69.08700000000091,-51.75,0.0,8,67.33268983373252,51.440000000000005
FOLLOW,-,TRACKING,0.0,0.0,58.80931557905836,-51.749999584007945,2.886847268131079e-08,0.0,69.08700000000091,-51.75,0.0,8,67.33353033435206,51.46
FOLLOW,-,TRACKING,0.0,0.0,58.80931557905836,-51.749999584007945,2.886847268131079e-08,0.0,69.08700000000091,-51.75,0.0,8,67.33353033435206,51.480000000000004
FOLLOW,-,TRACKING,0.0,0.0,58.80931557905836,-51.749999584007945,2.886847268131079e-08,0.0,69.08700000000091,-51.75,0.0,8,67.33353033435206,51.5
FOLLOW,-,TRACKING,0.0,0.0,58.80931557905836,-51.749999584007945,2.886847268131079e-08,0.0,69.08700000000091,-51.75,0.0,8,67.33353033435206,51.52
FOLLOW,-,TRACKING,0.0,0.0,58.80931557905836,-51.749999584007945,2.886847268131079e-08,0.0,69.08700000000091,-51.75,0.0,8,67.33353033435206,51.540000000000006
FOLLOW,-,TRACKING,0.0,0.0,58.80931557905836,-51.749999584007945,2.886847268131079e-08,0.0,69.08700000000091,-51.75,0.0,8,67.33379007646784,51.56
FOLLOW,-,TRACKING,0.0,0.0,58.80931557905836,-51.749999584007945,2.886847268131079e-08,0.0,69.08700000000091,-51.75,0.0,8,67.33379007646784,51.580000000000005
FOLLOW,-,TRACKING,0.0,0.0,58.80931557905836,-51.749999584007945,2.886847268131079e-08,0.0,69.08700000000091,-51.75,0.0,8,67.33379007646784,51.6
FOLLOW,-,TRACKING,0.0,0.0,58.80931557905836,-51.749999584007945,2.886847268131079e-08,0.0,69.08700000000091,-51.75,0.0,8,67.33379007646784,51.620000000000005
FOLLOW,-,TRACKING,0.0,0.0,58.80931557905836,-51.749999584007945,2.886847268131079e-08,0.0,69.08700000000091,-51.75,0.0,8,67.33471553790442,51.64
FOLLOW,-,TRACKING,0.0,0.0,58.80931557905836,-51.749999584007945,2.886847268131079e-08,0.0,69.08700000000091,-51.75,0.0,8,67.33471553790442,51.660000000000004
FOLLOW,-,TRACKING,0.0,0.0,58.80931557905836,-51.749999584007945,2.886847268131079e-08,0.0,69.08700000000091,-51.75,0.0,8,67.33471553790442,51.68
FOLLOW,-,TRACKING,0.0,0.0,58.80931557905836,-51.749999584007945,2.886847268131079e-08,0.0,69.08700000000091,-51.75,0.0,8,67.33471553790442,51.701
FOLLOW,-,TRACKING,0.0,0.0,58.80931557905836,-51.749999584007945,2.886847268131079e-08,0.0,69.08700000000091,-51.75,0.0,8,67.33471553790442,51.720000000000006
FOLLOW,-,TRACKING,0.0,0.0,58.80931557905836,-51.749999584007945,2.886847268131079e-08,0.0,69.08700000000091,-51.75,0.0,8,67.33471553790442,51.74
FOLLOW,-,TRACKING,0.0,0.0,58.80931557905836,-51.749999584007945,2.886847268131079e-08,0.0,69.08700000000091,-51.75,0.0,8,67.33554350402646,51.760000000000005
FOLLOW,-,TRACKING,0.0,0.0,58.80931557905836,-51.749999584007945,2.886847268131079e-08,0.0,69.08700000000091,-51.75,0.0,8,67.33554350402646,51.78
FOLLOW,-,TRACKING,0.0,0.0,58.80931557905836,-51.749999584007945,2.886847268131079e-08,0.0,69.08700000000091,-51.75,0.0,8,67.33554350402646,51.800000000000004
FOLLOW,-,TRACKING,0.0,0.0,58.80931557905836,-51.749999584007945,2.886847268131079e-08,0.0,69.08700000000091,-51.75,0.0,8,67.33554350402646,51.82
FOLLOW,-,TRACKING,0.0,0.0,58.80931557905836,-51.749999584007945,2.886847268131079e-08,0.0,69.08700000000091,-51.75,0.0,8,67.33468303475564,51.84
FOLLOW,-,TRACKING,0.0,0.0,58.80931557905836,-51.749999584007945,2.886847268131079e-08,0.0,69.08700000000091,-51.75,0.0,8,67.33468303475564,51.86000000000001
FOLLOW,-,TRACKING,0.0,0.0,58.80931557905836,-51.749999584007945,2.886847268131079e-08,0.0,69.08700000000091,-51.75,0.0,8,67.33468303475564,51.88
FOLLOW,-,TRACKING,0.0,0.0,58.80931557905836,-51.749999584007945,2.886847268131079e-08,0.0,69.08700000000091,-51.75,0.0,8,67.33468303475564,51.900000000000006
FOLLOW,-,TRACKING,0.0,0.0,58.80931557905836,-51.749999584007945,2.886847268131079e-08,0.0,69.08700000000091,-51.75,0.0,8,67.33468303475564,51.92
FOLLOW,-,TRACKING,0.0,0.0,58.80931557905836,-51.749999584007945,2.886847268131079e-08,0.0,69.08700000000091,-51.75,0.0,8,67.33363578668546,51.940000000000005
FOLLOW,-,TRACKING,0.0,0.0,58.80931557905836,-51.749999584007945,2.886847268131079e-08,0.0,69.08700000000091,-51.75,0.0,8,67.33363578668546,51.96
FOLLOW,-,TRACKING,0.0,0.0,58.80931557905836,-51.749999584007945,2.886847268131079e-08,0.0,69.08700000000091,-51.75,0.0,8,67.33363578668546,51.980000000000004
FOLLOW,-,TRACKING,0.0,0.0,58.80931557905836,-51.749999584007945,2.886847268131079e-08,0.0,69.08700000000091,-51.75,0.0,8,67.33363578668546,52.001000000000005
FOLLOW,-,TRACKING,0.0,0.0,58.80931557905836,-51.749999584007945,2.886847268131079e-08,0.0,69.08700000000091,-51.75,0.0,8,67.33377040333775,52.02
FOLLOW,-,TRACKING,0.0,0.0,58.80931557905836,-51.749999584007945,2.886847268131079e-08,0.0,69.08700000000091,-51.75,0.0,8,67.33377040333775,52.040000000000006
FOLLOW,-,TRACKING,0.0,0.0,58.80931557905836,-51.749999584007945,2.886847268131079e-08,0.0,69.08700000000091,-51.75,0.0,8,67.33377040333775,52.06
FOLLOW,-,TRACKING,0.0,0.0,58.80931557905836,-51.749999584007945,2.886847268131079e-08,0.0,69.08700000000091,-51.75,0.0,8,67.33377040333775,52.080000000000005
FOLLOW,-,TRACKING,0.0,0.0,58.80931557905836,-51.749999584007945,2.886847268131079e-08,0.0,69.08700000000091,-51.75,0.0,8,67.33377040333775,52.1
FOLLOW,-,TRACKING,0.0,0.0,58.80931557905836,-51.749999584007945,2.886847268131079e-08,0.0,69.08700000000091,-51.75,0.0,8,67.33377040333775,52.120000000000005
FOLLOW,-,TRACKING,0.0,0.0,58.80931557905836,-51.749999584007945,2.886847268131079e-08,0.0,69.08700000000091,-51.75,0.0,8,67.33404587939187,52.14
FOLLOW,-,TRACKING,0.0,0.0,58.80931557905836,-51.749999584007945,2.886847268131079e-08,0.0,69.08700000000091,-51.75,0.0,8,67.33404587939187,52.160000000000004
FOLLOW,-,TRACKING,0.0,0.0,58.80931557905836,-51.749999584007945,2.886847268131079e-08,0.0,69.08700000000091,-51.75,0.0,8,67.33404587939187,52.18
FOLLOW,-,TRACKING,0.0,0.0,58.80931557905836,-51.749999584007945,2.886847268131079e-08,0.0,69.08700000000091,-51.75,0.0,8,67.33404587939187,52.201
FOLLOW,-,TRACKING,0.0,0.0,58.80931557905836,-51.749999584007945,2.886847268131079e-08,0.0,69.08700000000091,-51.75,0.0,8,67.33404587939187,52.220000000000006
FOLLOW,-,TRACKING,0.0,0.0,58.80931557905836,-51.749999584007945,2.886847268131079e-08,0.0,69.08700000000091,-51.75,0.0,8,67.33404587939187,52.24
FOLLOW,-,TRACKING,0.0,0.0,58.80931557905836,-51.749999584007945,2.886847268131079e-08,0.0,69.08700000000091,-51.75,0.0,8,67.3351364778992,52.261
FOLLOW,-,TRACKING,0.0,0.0,58.80931557905836,-51.749999584007945,2.886847268131079e-08,0.0,69.08700000000091,-51.75,0.0,8,67.3351364778992,52.28
FOLLOW,-,TRACKING,0.0,0.0,58.80931557905836,-51.749999584007945,2.886847268131079e-08,0.0,69.08700000000091,-51.75,0.0,8,67.3351364778992,52.300000000000004
FOLLOW,-,TRACKING,0.0,0.0,58.80931557905836,-51.749999584007945,2.886847268131079e-08,0.0,69.08700000000091,-51.75,0.0,8,67.3351364778992,52.32
FOLLOW,-,TRACKING,0.0,0.0,58.80931557905836,-51.749999584007945,2.886847268131079e-08,0.0,69.08700000000091,-51.75,0.0,8,67.33530550342404,52.34
FOLLOW,-,TRACKING,0.0,0.0,58.80931557905836,-51.749999584007945,2.886847268131079e-08,0.0,69.08700000000091,-51.75,0.0,8,67.33530550342404,52.36000000000001
FOLLOW,-,TRACKING,0.0,0.0,58.80931557905836,-51.749999584007945,2.886847268131079e-08,0.0,69.08700000000091,-51.75,0.0,8,67.33530550342404,52.38
FOLLOW,-,TRACKING,0.0,0.0,58.80931557905836,-51.749999584007945,2.886847268131079e-08,0.0,69.08700000000091,-51.75,0.0,8,67.33530550342404,52.400000000000006
FOLLOW,-,TRACKING,0.0,0.0,58.80931557905836,-51.749999584007945,2.886847268131079e-08,0.0,69.08700000000091,-51.75,0.0,8,67.33530550342404,52.42
FOLLOW,-,TRACKING,0.0,0.0,58.80931557905836,-51.749999584007945,2.886847268131079e-08,0.0,69.08700000000091,-51.75,0.0,8,67.33606802239385,52.441
FOLLOW,-,TRACKING,0.0,0.0,58.80931557905836,-51.749999584007945,2.886847268131079e-08,0.0,69.08700000000091,-51.75,0.0,8,67.33606802239385,52.46
FOLLOW,-,TRACKING,0.0,0.0,58.80931557905836,-51.749999584007945,2.886847268131079e-08,0.0,69.08700000000091,-51.75,0.0,8,67.33606802239385,52.480000000000004
FOLLOW,-,TRACKING,0.0,0.0,58.80931557905836,-51.749999584007945,2.886847268131079e-08,0.0,69.08700000000091,-51.75,0.0,8,67.33606802239385,52.5
FOLLOW,-,TRACKING,0.0,0.0,58.80931557905836,-51.749999584007945,2.886847268131079e-08,0.0,69.08700000000091,-51.75,0.0,8,67.33606802239385,52.52
FOLLOW,-,TRACKING,0.0,0.0,58.80931557905836,-51.749999584007945,2.886847268131079e-08,0.0,69.08700000000091,-51.75,0.0,8,67.33603897931378,52.540000000000006
FOLLOW,-,TRACKING,0.0,0.0,58.80931557905836,-51.749999584007945,2.886847268131079e-08,0.0,69.08700000000091,-51.75,0.0,8,67.33603897931378,52.56
FOLLOW,-,TRACKING,0.0,0.0,58.80931557905836,-51.749999584007945,2.886847268131079e-08,0.0,69.08700000000091,-51.75,0.0,8,67.33603897931378,52.580000000000005
FOLLOW,-,TRACKING,0.0,0.0,58.80931557905836,-51.749999584007945,2.886847268131079e-08,0.0,69.08700000000091,-51.75,0.0,8,67.33603897931378,52.6
FOLLOW,-,TRACKING,0.0,0.0,58.80931557905836,-51.749999584007945,2.886847268131079e-08,0.0,69.08700000000091,-51.75,0.0,8,67.33603897931378,52.620000000000005
FOLLOW,-,TRACKING,0.0,0.0,58.80931557905836,-51.749999584007945,2.886847268131079e-08,0.0,69.08700000000091,-51.75,0.0,8,67.33603897931378,52.64
FOLLOW,-,TRACKING,0.0,0.0,58.80931557905836,-51.749999584007945,2.886847268131079e-08,0.0,69.08700000000091,-51.75,0.0,8,67.33666427950197,52.660000000000004
FOLLOW,-,TRACKING,0.0,0.0,58.80931557905836,-51.749999584007945,2.886847268131079e-08,0.0,69.08700000000091,-51.75,0.0,8,67.33666427950197,52.68000000000001
FOLLOW,-,TRACKING,0.0,0.0,58.80931557905836,-51.749999584007945,2.886847268131079e-08,0.0,69.08700000000091,-51.75,0.0,8,67.33666427950197,52.701
FOLLOW,-,TRACKING,0.0,0.0,58.80931557905836,-51.749999584007945,2.886847268131079e-08,0.0,69.08700000000091,-51.75,0.0,8,67.33666427950197,52.720000000000006
FOLLOW,-,TRACKING,0.0,0.0,58.80931557905836,-51.749999584007945,2.886847268131079e-08,0.0,69.08700000000091,-51.75,0.0,8,67.3391413897805,52.74
FOLLOW,-,TRACKING,0.0,0.0,58.80931557905836,-51.749999584007945,2.886847268131079e-08,0.0,69.08700000000091,-51.75,0.0,8,67.3391413897805,52.760000000000005
FOLLOW,-,TRACKING,0.0,0.0,58.80931557905836,-51.749999584007945,2.886847268131079e-08,0.0,69.08700000000091,-51.75,0.0,8,67.3391413897805,52.78
FOLLOW,-,TRACKING,0.0,0.0,58.80931557905836,-51.749999584007945,2.886847268131079e-08,0.0,69.08700000000091,-51.75,0.0,8,67.3391413897805,52.800000000000004
FOLLOW,-,TRACKING,0.0,0.0,58.80931557905836,-51.749999584007945,2.886847268131079e-08,0.0,69.08700000000091,-51.75,0.0,8,67.3391413897805,52.82
FOLLOW,-,TRACKING,0.0,0.0,58.80931557905836,-51.749999584007945,2.886847268131079e-08,0.0,69.08700000000091,-51.75,0.0,8,67.33917418994334,52.84
FOLLOW,-,TRACKING,0.0,0.0,58.80931557905836,-51.749999584007945,2.886847268131079e-08,0.0,69.08700000000091,-51.75,0.0,8,67.33917418994334,52.86000000000001
FOLLOW,-,TRACKING,0.0,0.0,58.80931557905836,-51.749999584007945,2.886847268131079e-08,0.0,69.08700000000091,-51.75,0.0,8,67.33917418994334,52.88
FOLLOW,-,TRACKING,0.0,0.0,58.80931557905836,-51.749999584007945,2.886847268131079e-08,0.0,69.08700000000091,-51.75,0.0,8,67.33917418994334,52.900000000000006
FOLLOW,-,TRACKING,0.0,0.0,58.80931557905836,-51.749999584007945,2.886847268131079e-08,0.0,69.08700000000091,-51.75,0.0,8,67.33917418994334,52.92
FOLLOW,-,TRACKING,0.0,0.0,58.80931557905836,-51.749999584007945,2.886847268131079e-08,0.0,69.08700000000091,-51.75,0.0,8,67.33717431517377,52.940000000000005
FOLLOW,-,TRACKING,0.0,0.0,58.80931557905836,-51.749999584007945,2.886847268131079e-08,0.0,69.08700000000091,-51.75,0.0,8,67.33717431517377,52.96
FOLLOW,-,TRACKING,0.0,0.0,58.80931557905836,-51.749999584007945,2.886847268131079e-08,0.0,69.08700000000091,-51.75,0.0,8,67.33717431517377,52.980000000000004
FOLLOW,-,TRACKING,0.0,0.0,58.80931557905836,-51.749999584007945,2.886847268131079e-08,0.0,69.08700000000091,-51.75,0.0,8,67.33717431517377,53.0
FOLLOW,-,TRACKING,0.0,0.0,58.80931557905836,-51.749999584007945,2.886847268131079e-08,0.0,69.08700000000091,-51.75,0.0,8,67.33717431517377,53.02
FOLLOW,-,TRACKING,0.0,0.0,58.80931557905836,-51.749999584007945,2.886847268131079e-08,0.0,69.08700000000091,-51.75,0.0,8,67.3349372847572,53.040000000000006
FOLLOW,-,TRACKING,0.0,0.0,58.80931557905836,-51.749999584007945,2.886847268131079e-08,0.0,69.08700000000091,-51.75,0.0,8,67.3349372847572,53.06
FOLLOW,-,TRACKING,0.0,0.0,58.80931557905836,-51.749999584007945,2.886847268131079e-08,0.0,69.08700000000091,-51.75,0.0,8,67.3349372847572,53.080000000000005
FOLLOW,-,TRACKING,0.0,0.0,58.80931557905836,-51.749999584007945,2.886847268131079e-08,0.0,69.08700000000091,-51.75,0.0,8,67.3349372847572,53.1
FOLLOW,-,TRACKING,0.0,0.0,58.80931557905836,-51.749999584007945,2.886847268131079e-08,0.0,69.08700000000091,-51.75,0.0,8,67.3349372847572,53.120000000000005
FOLLOW,-,TRACKING,0.0,0.0,58.80931557905836,-51.749999584007945,2.886847268131079e-08,0.0,69.08700000000091,-51.75,0.0,8,67.33179349601902,53.14
FOLLOW,-,TRACKING,0.0,0.0,58.80931557905836,-51.749999584007945,2.886847268131079e-08,0.0,69.08700000000091,-51.75,0.0,8,67.33179349601902,53.160000000000004
FOLLOW,-,TRACKING,0.0,0.0,58.80931557905836,-51.749999584007945,2.886847268131079e-08,0.0,69.08700000000091,-51.75,0.0,8,67.33179349601902,53.18000000000001
FOLLOW,-,TRACKING,0.0,0.0,58.80931557905836,-51.749999584007945,2.886847268131079e-08,0.0,69.08700000000091,-51.75,0.0,8,67.33179349601902,53.2
FOLLOW,-,TRACKING,0.0,0.0,58.80931557905836,-51.749999584007945,2.886847268131079e-08,0.0,69.08700000000091,-51.75,0.0,8,67.33179349601902,53.220000000000006
FOLLOW,-,TRACKING,0.0,0.0,58.80931557905836,-51.749999584007945,2.886847268131079e-08,0.0,69.08700000000091,-51.75,0.0,8,67.33120101358794,53.24100000000001
FOLLOW,-,TRACKING,0.0,0.0,58.80931557905836,-51.749999584007945,2.886847268131079e-08,0.0,69.08700000000091,-51.75,0.0,8,67.33120101358794,53.260000000000005
FOLLOW,-,TRACKING,0.0,0.0,58.80931557905836,-51.749999584007945,2.886847268131079e-08,0.0,69.08700000000091,-51.75,0.0,8,67.33120101358794,53.28
FOLLOW,-,TRACKING,0.0,0.0,58.80931557905836,-51.749999584007945,2.886847268131079e-08,0.0,69.08700000000091,-51.75,0.0,8,67.33120101358794,53.300000000000004
FOLLOW,-,TRACKING,0.0,0.0,58.80931557905836,-51.749999584007945,2.886847268131079e-08,0.0,69.08700000000091,-51.75,0.0,8,67.33120101358794,53.32
FOLLOW,-,TRACKING,0.0,0.0,58.80931557905836,-51.749999584007945,2.886847268131079e-08,0.0,69.08700000000091,-51.75,0.0,8,67.33215351719824,53.341
FOLLOW,-,TRACKING,0.0,0.0,58.80931557905836,-51.749999584007945,2.886847268131079e-08,0.0,69.08700000000091,-51.75,0.0,8,67.33215351719824,53.36000000000001
FOLLOW,-,TRACKING,0.0,0.0,58.80931557905836,-51.749999584007945,2.886847268131079e-08,0.0,69.08700000000091,-51.75,0.0,8,67.33215351719824,53.38
FOLLOW,-,TRACKING,0.0,0.0,58.80931557905836,-51.749999584007945,2.886847268131079e-08,0.0,69.08700000000091,-51.75,0.0,8,67.33215351719824,53.400000000000006
FOLLOW,-,TRACKING,0.0,0.0,58.80931557905836,-51.749999584007945,2.886847268131079e-08,0.0,69.08700000000091,-51.75,0.0,8,67.33215351719824,53.42
FOLLOW,-,TRACKING,0.0,0.0,58.80931557905836,-51.749999584007945,2.886847268131079e-08,0.0,69.08700000000091,-51.75,0.0,8,67.33215351719824,53.440000000000005
FOLLOW,-,TRACKING,0.0,0.0,58.80931557905836,-51.749999584007945,2.886847268131079e-08,0.0,69.08700000000091,-51.75,0.0,8,67.33012293835587,53.46
FOLLOW,-,TRACKING,0.0,0.0,58.80931557905836,-51.749999584007945,2.886847268131079e-08,0.0,69.08700000000091,-51.75,0.0,8,67.33012293835587,53.480000000000004
FOLLOW,-,TRACKING,0.0,0.0,58.80931557905836,-51.749999584007945,2.886847268131079e-08,0.0,69.08700000000091,-51.75,0.0,8,67.33012293835587,53.5
FOLLOW,-,TRACKING,0.0,0.0,58.80931557905836,-51.749999584007945,2.886847268131079e-08,0.0,69.08700000000091,-51.75,0.0,8,67.33012293835587,53.521
FOLLOW,-,TRACKING,0.0,0.0,58.80931557905836,-51.749999584007945,2.886847268131079e-08,0.0,69.08700000000091,-51.75,0.0,8,67.3323780938698,53.540000000000006
FOLLOW,-,TRACKING,0.0,0.0,58.80931557905836,-51.749999584007945,2.886847268131079e-08,0.0,69.08700000000091,-51.75,0.0,8,67.3323780938698,53.56
FOLLOW,-,TRACKING,0.0,0.0,58.80931557905836,-51.749999584007945,2.886847268131079e-08,0.0,69.08700000000091,-51.75,0.0,8,67.3323780938698,53.580000000000005
FOLLOW,-,TRACKING,0.0,0.0,58.80931557905836,-51.749999584007945,2.886847268131079e-08,0.0,69.08700000000091,-51.75,0.0,8,67.3323780938698,53.6
FOLLOW,-,TRACKING,0.0,0.0,58.80931557905836,-51.749999584007945,2.886847268131079e-08,0.0,69.08700000000091,-51.75,0.0,8,67.3323780938698,53.620000000000005
FOLLOW,-,TRACKING,0.0,0.0,58.80931557905836,-51.749999584007945,2.886847268131079e-08,0.0,69.08700000000091,-51.75,0.0,8,67.33252227012349,53.64
FOLLOW,-,TRACKING,0.0,0.0,58.80931557905836,-51.749999584007945,2.886847268131079e-08,0.0,69.08700000000091,-51.75,0.0,8,67.33252227012349,53.660000000000004
FOLLOW,-,TRACKING,0.0,0.0,58.80931557905836,-51.749999584007945,2.886847268131079e-08,0.0,69.08700000000091,-51.75,0.0,8,67.33252227012349,53.68000000000001
FOLLOW,-,TRACKING,0.0,0.0,58.80931557905836,-51.749999584007945,2.886847268131079e-08,0.0,69.08700000000091,-51.75,0.0,8,67.33252227012349,53.7
FOLLOW,-,TRACKING,0.0,0.0,58.80931557905836,-51.749999584007945,2.886847268131079e-08,0.0,69.08700000000091,-51.75,0.0,8,67.33252227012349,53.720000000000006
FOLLOW,-,TRACKING,0.0,0.0,58.80931557905836,-51.749999584007945,2.886847268131079e-08,0.0,69.08700000000091,-51.75,0.0,8,67.33252227012349,53.74
FOLLOW,-,TRACKING,0.0,0.0,58.80931557905836,-51.749999584007945,2.886847268131079e-08,0.0,69.08700000000091,-51.75,0.0,8,67.33201960262923,53.760000000000005
FOLLOW,-,TRACKING,0.0,0.0,58.80931557905836,-51.749999584007945,2.886847268131079e-08,0.0,69.08700000000091,-51.75,0.0,8,67.33201960262923,53.78
FOLLOW,-,TRACKING,0.0,0.0,58.80931557905836,-51.749999584007945,2.886847268131079e-08,0.0,69.08700000000091,-51.75,0.0,8,67.33201960262923,53.800000000000004
FOLLOW,-,TRACKING,0.0,0.0,58.80931557905836,-51.749999584007945,2.886847268131079e-08,0.0,69.08700000000091,-51.75,0.0,8,67.33201960262923,53.82
FOLLOW,-,TRACKING,0.0,0.0,58.80931557905836,-51.749999584007945,2.886847268131079e-08,0.0,69.08700000000091,-51.75,0.0,8,67.33366694272182,53.84
FOLLOW,-,TRACKING,0.0,0.0,58.80931557905836,-51.749999584007945,2.886847268131079e-08,0.0,69.08700000000091,-51.75,0.0,8,67.33366694272182,53.86000000000001
FOLLOW,-,TRACKING,0.0,0.0,58.80931557905836,-51.749999584007945,2.886847268131079e-08,0.0,69.08700000000091,-51.75,0.0,8,67.33366694272182,53.88
FOLLOW,-,TRACKING,0.0,0.0,58.80931557905836,-51.749999584007945,2.886847268131079e-08,0.0,69.08700000000091,-51.75,0.0,8,67.33366694272182,53.900000000000006
FOLLOW,-,TRACKING,0.0,0.0,58.80931557905836,-51.749999584007945,2.886847268131079e-08,0.0,69.08700000000091,-51.75,0.0,8,67.33366694272182,53.92100000000001
FOLLOW,-,TRACKING,0.0,0.0,58.80931557905836,-51.749999584007945,2.886847268131079e-08,0.0,69.08700000000091,-51.75,0.0,8,67.33193790623355,53.941
FOLLOW,-,TRACKING,0.0,0.0,58.80931557905836,-51.749999584007945,2.886847268131079e-08,0.0,69.08700000000091,-51.75,0.0,8,67.33193790623355,53.96
FOLLOW,-,TRACKING,0.0,0.0,58.80931557905836,-51.749999584007945,2.886847268131079e-08,0.0,69.08700000000091,-51.75,0.0,8,67.33193790623355,53.980000000000004
FOLLOW,-,TRACKING,0.0,0.0,58.80931557905836,-51.749999584007945,2.886847268131079e-08,0.0,69.08700000000091,-51.75,0.0,8,67.33193790623355,54.0
FOLLOW,-,TRACKING,0.0,0.0,58.80931557905836,-51.749999584007945,2.886847268131079e-08,0.0,69.08700000000091,-51.75,0.0,8,67.33193790623355,54.02
FOLLOW,-,TRACKING,0.0,0.0,58.80931557905836,-51.749999584007945,2.886847268131079e-08,0.0,69.08700000000091,-51.75,0.0,8,67.33333726966026,54.040000000000006
FOLLOW,-,TRACKING,0.0,0.0,58.80931557905836,-51.749999584007945,2.886847268131079e-08,0.0,69.08700000000091,-51.75,0.0,8,67.33333726966026,54.06
FOLLOW,-,TRACKING,0.0,0.0,58.80931557905836,-51.749999584007945,2.886847268131079e-08,0.0,69.08700000000091,-51.75,0.0,8,67.33333726966026,54.080000000000005
FOLLOW,-,TRACKING,0.0,0.0,58.80931557905836,-51.749999584007945,2.886847268131079e-08,0.0,69.08700000000091,-51.75,0.0,8,67.33333726966026,54.1
FOLLOW,-,TRACKING,0.0,0.0,58.80931557905836,-51.749999584007945,2.886847268131079e-08,0.0,69.08700000000091,-51.75,0.0,8,67.33333726966026,54.120000000000005
FOLLOW,-,TRACKING,0.0,0.0,58.80931557905836,-51.749999584007945,2.886847268131079e-08,0.0,69.08700000000091,-51.75,0.0,8,67.33354651605056,54.14
FOLLOW,-,TRACKING,0.0,0.0,58.80931557905836,-51.749999584007945,2.886847268131079e-08,0.0,69.08700000000091,-51.75,0.0,8,67.33354651605056,54.160000000000004
FOLLOW,-,TRACKING,0.0,0.0,58.80931557905836,-51.749999584007945,2.886847268131079e-08,0.0,69.08700000000091,-51.75,0.0,8,67.33354651605056,54.18000000000001
FOLLOW,-,TRACKING,0.0,0.0,58.80931557905836,-51.749999584007945,2.886847268131079e-08,0.0,69.08700000000091,-51.75,0.0,8,67.33354651605056,54.2
FOLLOW,-,TRACKING,0.0,0.0,58.80931557905836,-51.749999584007945,2.886847268131079e-08,0.0,69.08700000000091,-51.75,0.0,8,67.33354651605056,54.220000000000006
FOLLOW,-,TRACKING,0.0,0.0,58.80931557905836,-51.749999584007945,2.886847268131079e-08,0.0,69.08700000000091,-51.75,0.0,8,67.33413241042837,54.24
FOLLOW,-,TRACKING,0.0,0.0,58.80931557905836,-51.749999584007945,2.886847268131079e-08,0.0,69.08700000000091,-51.75,0.0,8,67.33413241042837,54.260000000000005
FOLLOW,-,TRACKING,0.0,0.0,58.80931557905836,-51.749999584007945,2.886847268131079e-08,0.0,69.08700000000091,-51.75,0.0,8,67.33413241042837,54.281000000000006
FOLLOW,-,TRACKING,0.0,0.0,58.80931557905836,-51.749999584007945,2.886847268131079e-08,0.0,69.08700000000091,-51.75,0.0,8,67.33413241042837,54.300000000000004
FOLLOW,-,TRACKING,0.0,0.0,58.80931557905836,-51.749999584007945,2.886847268131079e-08,0.0,69.08700000000091,-51.75,0.0,8,67.33413241042837,54.32
FOLLOW,-,TRACKING,0.0,0.0,58.80931557905836,-51.749999584007945,2.886847268131079e-08,0.0,69.08700000000091,-51.75,0.0,8,67.33206276963831,54.34
FOLLOW,-,TRACKING,0.0,0.0,58.80931557905836,-51.749999584007945,2.886847268131079e-08,0.0,69.08700000000091,-51.75,0.0,8,67.33206276963831,54.36000000000001
FOLLOW,-,TRACKING,0.0,0.0,58.80931557905836,-51.749999584007945,2.886847268131079e-08,0.0,69.08700000000091,-51.75,0.0,8,67.33206276963831,54.38
FOLLOW,-,TRACKING,0.0,0.0,58.80931557905836,-51.749999584007945,2.886847268131079e-08,0.0,69.08700000000091,-51.75,0.0,8,67.33206276963831,54.400000000000006
FOLLOW,-,TRACKING,0.0,0.0,58.80931557905836,-51.749999584007945,2.886847268131079e-08,0.0,69.08700000000091,-51.75,0.0,8,67.33206276963831,54.42
FOLLOW,-,TRACKING,0.0,0.0,58.80931557905836,-51.749999584007945,2.886847268131079e-08,0.0,69.08700000000091,-51.75,0.0,8,67.33299950096688,54.440000000000005
FOLLOW,-,TRACKING,0.0,0.0,58.80931557905836,-51.749999584007945,2.886847268131079e-08,0.0,69.08700000000091,-51.75,0.0,8,67.33299950096688,54.46
FOLLOW,-,TRACKING,0.0,0.0,58.80931557905836,-51.749999584007945,2.886847268131079e-08,0.0,69.08700000000091,-51.75,0.0,8,67.33299950096688,54.480000000000004
FOLLOW,-,TRACKING,0.0,0.0,58.80931557905836,-51.749999584007945,2.886847268131079e-08,0.0,69.08700000000091,-51.75,0.0,8,67.33299950096688,54.5
FOLLOW,-,TRACKING,0.0,0.0,58.80931557905836,-51.749999584007945,2.886847268131079e-08,0.0,69.08700000000091,-51.75,0.0,8,67.33299950096688,54.52
FOLLOW,-,TRACKING,0.0,0.0,58.80931557905836,-51.749999584007945,2.886847268131079e-08,0.0,69.08700000000091,-51.75,0.0,8,67.33504898339542,54.540000000000006
FOLLOW,-,TRACKING,0.0,0.0,58.80931557905836,-51.749999584007945,2.886847268131079e-08,0.0,69.08700000000091,-51.75,0.0,8,67.33504898339542,54.56
FOLLOW,-,TRACKING,0.0,0.0,58.80931557905836,-51.749999584007945,2.886847268131079e-08,0.0,69.08700000000091,-51.75,0.0,8,67.33504898339542,54.580000000000005
FOLLOW,-,TRACKING,0.0,0.0,58.80931557905836,-51.749999584007945,2.886847268131079e-08,0.0,69.08700000000091,-51.75,0.0,8,67.33504898339542,54.6
FOLLOW,-,TRACKING,0.0,0.0,58.80931557905836,-51.749999584007945,2.886847268131079e-08,0.0,69.08700000000091,-51.75,0.0,8,67.33504898339542,54.620000000000005
FOLLOW,-,TRACKING,0.0,0.0,58.80931557905836,-51.749999584007945,2.886847268131079e-08,0.0,69.08700000000091,-51.75,0.0,8,67.33628513444727,54.64
FOLLOW,-,TRACKING,0.0,0.0,58.80931557905836,-51.749999584007945,2.886847268131079e-08,0.0,69.08700000000091,-51.75,0.0,8,67.33628513444727,54.660000000000004
FOLLOW,-,TRACKING,0.0,0.0,58.80931557905836,-51.749999584007945,2.886847268131079e-08,0.0,69.08700000000091,-51.75,0.0,8,67.33628513444727,54.68000000000001
FOLLOW,-,TRACKING,0.0,0.0,58.80931557905836,-51.749999584007945,2.886847268131079e-08,0.0,69.08700000000091,-51.75,0.0,8,67.33628513444727,54.7
FOLLOW,-,TRACKING,0.0,0.0,58.80931557905836,-51.749999584007945,2.886847268131079e-08,0.0,69.08700000000091,-51.75,0.0,8,67.33628513444727,54.720000000000006
FOLLOW,-,TRACKING,0.0,0.0,58.80931557905836,-51.749999584007945,2.886847268131079e-08,0.0,69.08700000000091,-51.75,0.0,8,67.3356054996101,54.74
FOLLOW,-,TRACKING,0.0,0.0,58.80931557905836,-51.749999584007945,2.886847268131079e-08,0.0,69.08700000000091,-51.75,0.0,8,67.3356054996101,54.760000000000005
FOLLOW,-,TRACKING,0.0,0.0,58.80931557905836,-51.749999584007945,2.886847268131079e-08,0.0,69.08700000000091,-51.75,0.0,8,67.3356054996101,54.78
FOLLOW,-,TRACKING,0.0,0.0,58.80931557905836,-51.749999584007945,2.886847268131079e-08,0.0,69.08700000000091,-51.75,0.0,8,67.3356054996101,54.800000000000004
FOLLOW,-,TRACKING,0.0,0.0,58.80931557905836,-51.749999584007945,2.886847268131079e-08,0.0,69.08700000000091,-51.75,0.0,8,67.3356054996101,54.82
FOLLOW,-,TRACKING,0.0,0.0,58.80931557905836,-51.749999584007945,2.886847268131079e-08,0.0,69.08700000000091,-51.75,0.0,8,67.33399542053421,54.84
FOLLOW,-,TRACKING,0.0,0.0,58.80931557905836,-51.749999584007945,2.886847268131079e-08,0.0,69.08700000000091,-51.75,0.0,8,67.33399542053421,54.86000000000001
FOLLOW,-,TRACKING,0.0,0.0,58.80931557905836,-51.749999584007945,2.886847268131079e-08,0.0,69.08700000000091,-51.75,0.0,8,67.33399542053421,54.88
FOLLOW,-,TRACKING,0.0,0.0,58.80931557905836,-51.749999584007945,2.886847268131079e-08,0.0,69.08700000000091,-51.75,0.0,8,67.33399542053421,54.900000000000006
FOLLOW,-,TRACKING,0.0,0.0,58.80931557905836,-51.749999584007945,2.886847268131079e-08,0.0,69.08700000000091,-51.75,0.0,8,67.33399542053421,54.92
FOLLOW,-,TRACKING,0.0,0.0,58.80931557905836,-51.749999584007945,2.886847268131079e-08,0.0,69.08700000000091,-51.75,0.0,8,67.33487004206262,54.940000000000005
FOLLOW,-,TRACKING,0.0,0.0,58.80931557905836,-51.749999584007945,2.886847268131079e-08,0.0,69.08700000000091,-51.75,0.0,8,67.33487004206262,54.96
FOLLOW,-,TRACKING,0.0,0.0,58.80931557905836,-51.749999584007945,2.886847268131079e-08,0.0,69.08700000000091,-51.75,0.0,8,67.33487004206262,54.980000000000004
FOLLOW,-,TRACKING,0.0,0.0,58.80931557905836,-51.749999584007945,2.886847268131079e-08,0.0,69.08700000000091,-51.75,0.0,8,67.33487004206262,55.0
FOLLOW,-,TRACKING,0.0,0.0,58.80931557905836,-51.749999584007945,2.886847268131079e-08,0.0,69.08700000000091,-51.75,0.0,8,67.33487004206262,55.02
FOLLOW,-,TRACKING,0.0,0.0,58.80931557905836,-51.749999584007945,2.886847268131079e-08,0.0,69.08700000000091,-51.75,0.0,8,67.33487004206262,55.040000000000006
FOLLOW,-,TRACKING,0.0,0.0,58.80931557905836,-51.749999584007945,2.886847268131079e-08,0.0,69.08700000000091,-51.75,0.0,8,67.33525783146861,55.06
FOLLOW,-,TRACKING,0.0,0.0,58.80931557905836,-51.749999584007945,2.886847268131079e-08,0.0,69.08700000000091,-51.75,0.0,8,67.33525783146861,55.080000000000005
FOLLOW,-,TRACKING,0.0,0.0,58.80931557905836,-51.749999584007945,2.886847268131079e-08,0.0,69.08700000000091,-51.75,0.0,8,67.33525783146861,55.1
FOLLOW,-,TRACKING,0.0,0.0,58.80931557905836,-51.749999584007945,2.886847268131079e-08,0.0,69.08700000000091,-51.75,0.0,8,67.33525783146861,55.120000000000005
FOLLOW,-,TRACKING,0.0,0.0,58.80931557905836,-51.749999584007945,2.886847268131079e-08,0.0,69.08700000000091,-51.75,0.0,8,67.33542404322553,55.14
FOLLOW,-,TRACKING,0.0,0.0,58.80931557905836,-51.749999584007945,2.886847268131079e-08,0.0,69.08700000000091,-51.75,0.0,8,67.33542404322553,55.160000000000004
FOLLOW,-,TRACKING,0.0,0.0,58.80931557905836,-51.749999584007945,2.886847268131079e-08,0.0,69.08700000000091,-51.75,0.0,8,67.33542404322553,55.18000000000001
FOLLOW,-,TRACKING,0.0,0.0,58.80931557905836,-51.749999584007945,2.886847268131079e-08,0.0,69.08700000000091,-51.75,0.0,8,67.33542404322553,55.2
FOLLOW,-,TRACKING,0.0,0.0,58.80931557905836,-51.749999584007945,2.886847268131079e-08,0.0,69.08700000000091,-51.75,0.0,8,67.33542404322553,55.220000000000006
FOLLOW,-,TRACKING,0.0,0.0,58.80931557905836,-51.749999584007945,2.886847268131079e-08,0.0,69.08700000000091,-51.75,0.0,8,67.33542404322553,55.24
FOLLOW,-,TRACKING,0.0,0.0,58.80931557905836,-51.749999584007945,2.886847268131079e-08,0.0,69.08700000000091,-51.75,0.0,8,67.33470328200963,55.260000000000005
FOLLOW,-,TRACKING,0.0,0.0,58.80931557905836,-51.749999584007945,2.886847268131079e-08,0.0,69.08700000000091,-51.75,0.0,8,67.33470328200963,55.281000000000006
FOLLOW,-,TRACKING,0.0,0.0,58.80931557905836,-51.749999584007945,2.886847268131079e-08,0.0,69.08700000000091,-51.75,0.0,8,67.33470328200963,55.300000000000004
FOLLOW,-,TRACKING,0.0,0.0,58.80931557905836,-51.749999584007945,2.886847268131079e-08,0.0,69.08700000000091,-51.75,0.0,8,67.33470328200963,55.32
FOLLOW,-,TRACKING,0.0,0.0,58.80931557905836,-51.749999584007945,2.886847268131079e-08,0.0,69.08700000000091,-51.75,0.0,8,67.33470328200963,55.34
FOLLOW,-,TRACKING,0.0,0.0,58.80931557905836,-51.749999584007945,2.886847268131079e-08,0.0,69.08700000000091,-51.75,0.0,8,67.3329924506673,55.36000000000001
FOLLOW,-,TRACKING,0.0,0.0,58.80931557905836,-51.749999584007945,2.886847268131079e-08,0.0,69.08700000000091,-51.75,0.0,8,67.3329924506673,55.38
FOLLOW,-,TRACKING,0.0,0.0,58.80931557905836,-51.749999584007945,2.886847268131079e-08,0.0,69.08700000000091,-51.75,0.0,8,67.3329924506673,55.400000000000006
FOLLOW,-,TRACKING,0.0,0.0,58.80931557905836,-51.749999584007945,2.886847268131079e-08,0.0,69.08700000000091,-51.75,0.0,8,67.3329924506673,55.42
FOLLOW,-,TRACKING,0.0,0.0,58.80931557905836,-51.749999584007945,2.886847268131079e-08,0.0,69.08700000000091,-51.75,0.0,8,67.32755180422694,55.440000000000005
FOLLOW,-,TRACKING,0.0,0.0,58.80931557905836,-51.749999584007945,2.886847268131079e-08,0.0,69.08700000000091,-51.75,0.0,8,67.32755180422694,55.461000000000006
FOLLOW,-,TRACKING,0.0,0.0,58.80931557905836,-51.749999584007945,2.886847268131079e-08,0.0,69.08700000000091,-51.75,0.0,8,67.32755180422694,55.480000000000004
FOLLOW,-,TRACKING,0.0,0.0,58.80931557905836,-51.749999584007945,2.886847268131079e-08,0.0,69.08700000000091,-51.75,0.0,8,67.32755180422694,55.5
FOLLOW,-,TRACKING,0.0,0.0,58.80931557905836,-51.749999584007945,2.886847268131079e-08,0.0,69.08700000000091,-51.75,0.0,8,67.32755180422694,55.52
FOLLOW,-,TRACKING,0.0,0.0,58.80931557905836,-51.749999584007945,2.886847268131079e-08,0.0,69.08700000000091,-51.75,0.0,8,67.32926695503636,55.540000000000006
FOLLOW,-,TRACKING,0.0,0.0,58.80931557905836,-51.749999584007945,2.886847268131079e-08,0.0,69.08700000000091,-51.75,0.0,8,67.32926695503636,55.56
FOLLOW,-,TRACKING,0.0,0.0,58.80931557905836,-51.749999584007945,2.886847268131079e-08,0.0,69.08700000000091,-51.75,0.0,8,67.32926695503636,55.580000000000005
FOLLOW,-,TRACKING,0.0,0.0,58.80931557905836,-51.749999584007945,2.886847268131079e-08,0.0,69.08700000000091,-51.75,0.0,8,67.32926695503636,55.6
FOLLOW,-,TRACKING,0.0,0.0,58.80931557905836,-51.749999584007945,2.886847268131079e-08,0.0,69.08700000000091,-51.75,0.0,8,67.32926695503636,55.621
FOLLOW,-,TRACKING,0.0,0.0,58.80931557905836,-51.749999584007945,2.886847268131079e-08,0.0,69.08700000000091,-51.75,0.0,8,67.32929503382499,55.64
FOLLOW,-,TRACKING,0.0,0.0,58.80931557905836,-51.749999584007945,2.886847268131079e-08,0.0,69.08700000000091,-51.75,0.0,8,67.32929503382499,55.660000000000004
FOLLOW,-,TRACKING,0.0,0.0,58.80931557905836,-51.749999584007945,2.886847268131079e-08,0.0,69.08700000000091,-51.75,0.0,8,67.32929503382499,55.68000000000001
FOLLOW,-,TRACKING,0.0,0.0,58.80931557905836,-51.749999584007945,2.886847268131079e-08,0.0,69.08700000000091,-51.75,0.0,8,67.32929503382499,55.7
FOLLOW,-,TRACKING,0.0,0.0,58.80931557905836,-51.749999584007945,2.886847268131079e-08,0.0,69.08700000000091,-51.75,0.0,8,67.33212695868212,55.720000000000006
FOLLOW,-,TRACKING,0.0,0.0,58.80931557905836,-51.749999584007945,2.886847268131079e-08,0.0,69.08700000000091,-51.75,0.0,8,67.33212695868212,55.74
FOLLOW,-,TRACKING,0.0,0.0,58.80931557905836,-51.749999584007945,2.886847268131079e-08,0.0,69.08700000000091,-51.75,0.0,8,67.33212695868212,55.760000000000005
FOLLOW,-,TRACKING,0.0,0.0,58.80931557905836,-51.749999584007945,2.886847268131079e-08,0.0,69.08700000000091,-51.75,0.0,8,67.33212695868212,55.78
FOLLOW,-,TRACKING,0.0,0.0,58.80931557905836,-51.749999584007945,2.886847268131079e-08,0.0,69.08700000000091,-51.75,0.0,8,67.33212695868212,55.800000000000004
FOLLOW,-,TRACKING,0.0,0.0,58.80931557905836,-51.749999584007945,2.886847268131079e-08,0.0,69.08700000000091,-51.75,0.0,8,67.33212695868212,55.822
FOLLOW,-,TRACKING,0.0,0.0,58.80931557905836,-51.749999584007945,2.886847268131079e-08,0.0,69.08700000000091,-51.75,0.0,8,67.3330726257452,55.84
FOLLOW,-,TRACKING,0.0,0.0,58.80931557905836,-51.749999584007945,2.886847268131079e-08,0.0,69.08700000000091,-51.75,0.0,8,67.3330726257452,55.86000000000001
FOLLOW,-,TRACKING,0.0,0.0,58.80931557905836,-51.749999584007945,2.886847268131079e-08,0.0,69.08700000000091,-51.75,0.0,8,67.3330726257452,55.88
FOLLOW,-,TRACKING,0.0,0.0,58.80931557905836,-51.749999584007945,2.886847268131079e-08,0.0,69.08700000000091,-51.75,0.0,8,67.3330726257452,55.901
FOLLOW,-,TRACKING,0.0,0.0,58.80931557905836,-51.749999584007945,2.886847268131079e-08,0.0,69.08700000000091,-51.75,0.0,8,67.3330726257452,55.92100000000001
FOLLOW,-,TRACKING,0.0,0.0,58.80931557905836,-51.749999584007945,2.886847268131079e-08,0.0,69.08700000000091,-51.75,0.0,8,67.33437509608096,55.940000000000005
FOLLOW,-,TRACKING,0.0,0.0,58.80931557905836,-51.749999584007945,2.886847268131079e-08,0.0,69.08700000000091,-51.75,0.0,8,67.33437509608096,55.96
FOLLOW,-,TRACKING,0.0,0.0,58.80931557905836,-51.749999584007945,2.886847268131079e-08,0.0,69.08700000000091,-51.75,0.0,8,67.33437509608096,55.980000000000004
FOLLOW,-,TRACKING,0.0,0.0,58.80931557905836,-51.749999584007945,2.886847268131079e-08,0.0,69.08700000000091,-51.75,0.0,8,67.33437509608096,56.0
FOLLOW,-,TRACKING,0.0,0.0,58.80931557905836,-51.749999584007945,2.886847268131079e-08,0.0,69.08700000000091,-51.75,0.0,8,67.33437509608096,56.02
FOLLOW,-,TRACKING,0.0,0.0,58.80931557905836,-51.749999584007945,2.886847268131079e-08,0.0,69.08700000000091,-51.75,0.0,8,67.33449653126722,56.040000000000006
FOLLOW,-,TRACKING,0.0,0.0,58.80931557905836,-51.749999584007945,2.886847268131079e-08,0.0,69.08700000000091,-51.75,0.0,8,67.33449653126722,56.06
FOLLOW,-,TRACKING,0.0,0.0,58.80931557905836,-51.749999584007945,2.886847268131079e-08,0.0,69.08700000000091,-51.75,0.0,8,67.33449653126722,56.080000000000005
FOLLOW,-,TRACKING,0.0,0.0,58.80931557905836,-51.749999584007945,2.886847268131079e-08,0.0,69.08700000000091,-51.75,0.0,8,67.33449653126722,56.1
FOLLOW,-,TRACKING,0.0,0.0,58.80931557905836,-51.749999584007945,2.886847268131079e-08,0.0,69.08700000000091,-51.75,0.0,8,67.33449653126722,56.120000000000005
FOLLOW,-,TRACKING,0.0,0.0,58.80931557905836,-51.749999584007945,2.886847268131079e-08,0.0,69.08700000000091,-51.75,0.0,8,67.33473522560703,56.14
FOLLOW,-,TRACKING,0.0,0.0,58.80931557905836,-51.749999584007945,2.886847268131079e-08,0.0,69.08700000000091,-51.75,0.0,8,67.33473522560703,56.161
FOLLOW,-,TRACKING,0.0,0.0,58.80931557905836,-51.749999584007945,2.886847268131079e-08,0.0,69.08700000000091,-51.75,0.0,8,67.33473522560703,56.18000000000001
FOLLOW,-,TRACKING,0.0,0.0,58.80931557905836,-51.749999584007945,2.886847268131079e-08,0.0,69.08700000000091,-51.75,0.0,8,67.33473522560703,56.2
FOLLOW,-,TRACKING,0.0,0.0,58.80931557905836,-51.749999584007945,2.886847268131079e-08,0.0,69.08700000000091,-51.75,0.0,8,67.33473522560703,56.220000000000006
FOLLOW,-,TRACKING,0.0,0.0,58.80931557905836,-51.749999584007945,2.886847268131079e-08,0.0,69.08700000000091,-51.75,0.0,8,67.33226261356016,56.24
FOLLOW,-,TRACKING,0.0,0.0,58.80931557905836,-51.749999584007945,2.886847268131079e-08,0.0,69.08700000000091,-51.75,0.0,8,67.33226261356016,56.261
FOLLOW,-,TRACKING,0.0,0.0,58.80931557905836,-51.749999584007945,2.886847268131079e-08,0.0,69.08700000000091,-51.75,0.0,8,67.33226261356016,56.28
FOLLOW,-,TRACKING,0.0,0.0,58.80931557905836,-51.749999584007945,2.886847268131079e-08,0.0,69.08700000000091,-51.75,0.0,8,67.33226261356016,56.300000000000004
FOLLOW,-,TRACKING,0.0,0.0,58.80931557905836,-51.749999584007945,2.886847268131079e-08,0.0,69.08700000000091,-51.75,0.0,8,67.33226261356016,56.32
FOLLOW,-,TRACKING,0.0,0.0,58.80931557905836,-51.749999584007945,2.886847268131079e-08,0.0,69.08700000000091,-51.75,0.0,8,67.33226261356016,56.343
FOLLOW,-,TRACKING,0.0,0.0,58.80931557905836,-51.749999584007945,2.886847268131079e-08,0.0,69.08700000000091,-51.75,0.0,8,67.33196299755272,56.36000000000001
FOLLOW,-,TRACKING,0.0,0.0,58.80931557905836,-51.749999584007945,2.886847268131079e-08,0.0,69.08700000000091,-51.75,0.0,8,67.33196299755272,56.38
FOLLOW,-,TRACKING,0.0,0.0,58.80931557905836,-51.749999584007945,2.886847268131079e-08,0.0,69.08700000000091,-51.75,0.0,8,67.33196299755272,56.400000000000006
FOLLOW,-,TRACKING,0.0,0.0,58.80931557905836,-51.749999584007945,2.886847268131079e-08,0.0,69.08700000000091,-51.75,0.0,8,67.33196299755272,56.42
FOLLOW,-,TRACKING,0.0,0.0,58.80931557905836,-51.749999584007945,2.886847268131079e-08,0.0,69.08700000000091,-51.75,0.0,8,67.33275521324406,56.440000000000005
FOLLOW,-,TRACKING,0.0,0.0,58.80931557905836,-51.749999584007945,2.886847268131079e-08,0.0,69.08700000000091,-51.75,0.0,8,67.33275521324406,56.46
FOLLOW,-,TRACKING,0.0,0.0,58.80931557905836,-51.749999584007945,2.886847268131079e-08,0.0,69.08700000000091,-51.75,0.0,8,67.33275521324406,56.480000000000004
FOLLOW,-,TRACKING,0.0,0.0,58.80931557905836,-51.749999584007945,2.886847268131079e-08,0.0,69.08700000000091,-51.75,0.0,8,67.33275521324406,56.5
FOLLOW,-,TRACKING,0.0,0.0,58.80931557905836,-51.749999584007945,2.886847268131079e-08,0.0,69.08700000000091,-51.75,0.0,8,67.33275521324406,56.52
FOLLOW,-,TRACKING,0.0,0.0,58.80931557905836,-51.749999584007945,2.886847268131079e-08,0.0,69.08700000000091,-51.75,0.0,8,67.3322638613512,56.540000000000006
FOLLOW,-,TRACKING,0.0,0.0,58.80931557905836,-51.749999584007945,2.886847268131079e-08,0.0,69.08700000000091,-51.75,0.0,8,67.3322638613512,56.56
FOLLOW,-,TRACKING,0.0,0.0,58.80931557905836,-51.749999584007945,2.886847268131079e-08,0.0,69.08700000000091,-51.75,0.0,8,67.3322638613512,56.580000000000005
FOLLOW,-,TRACKING,0.0,0.0,58.80931557905836,-51.749999584007945,2.886847268131079e-08,0.0,69.08700000000091,-51.75,0.0,8,67.3322638613512,56.6
FOLLOW,-,TRACKING,0.0,0.0,58.80931557905836,-51.749999584007945,2.886847268131079e-08,0.0,69.08700000000091,-51.75,0.0,8,67.3322638613512,56.620000000000005
FOLLOW,-,TRACKING,0.0,0.0,58.80931557905836,-51.749999584007945,2.886847268131079e-08,0.0,69.08700000000091,-51.75,0.0,8,67.33262864605958,56.64
FOLLOW,-,TRACKING,0.0,0.0,58.80931557905836,-51.749999584007945,2.886847268131079e-08,0.0,69.08700000000091,-51.75,0.0,8,67.33262864605958,56.661
FOLLOW,-,TRACKING,0.0,0.0,58.80931557905836,-51.749999584007945,2.886847268131079e-08,0.0,69.08700000000091,-51.75,0.0,8,67.33262864605958,56.681000000000004
FOLLOW,-,TRACKING,0.0,0.0,58.80931557905836,-51.749999584007945,2.886847268131079e-08,0.0,69.08700000000091,-51.75,0.0,8,67.33262864605958,56.7
FOLLOW,-,TRACKING,0.0,0.0,58.80931557905836,-51.749999584007945,2.886847268131079e-08,0.0,69.08700000000091,-51.75,0.0,8,67.33262864605958,56.721000000000004
FOLLOW,-,TRACKING,0.0,0.0,58.80931557905836,-51.749999584007945,2.886847268131079e-08,0.0,69.08700000000091,-51.75,0.0,8,67.33264176619089,56.74
FOLLOW,-,TRACKING,0.0,0.0,58.80931557905836,-51.749999584007945,2.886847268131079e-08,0.0,69.08700000000091,-51.75,0.0,8,67.33264176619089,56.760000000000005
FOLLOW,-,TRACKING,0.0,0.0,58.80931557905836,-51.749999584007945,2.886847268131079e-08,0.0,69.08700000000091,-51.75,0.0,8,67.33264176619089,56.78
FOLLOW,-,TRACKING,0.0,0.0,58.80931557905836,-51.749999584007945,2.886847268131079e-08,0.0,69.08700000000091,-51.75,0.0,8,67.33264176619089,56.800000000000004
FOLLOW,-,TRACKING,0.0,0.0,58.80931557905836,-51.749999584007945,2.886847268131079e-08,0.0,69.08700000000091,-51.75,0.0,8,67.33264176619089,56.82
FOLLOW,-,TRACKING,0.0,0.0,58.80931557905836,-51.749999584007945,2.886847268131079e-08,0.0,69.08700000000091,-51.75,0.0,8,67.33405826456966,56.84
FOLLOW,-,TRACKING,0.0,0.0,58.80931557905836,-51.749999584007945,2.886847268131079e-08,0.0,69.08700000000091,-51.75,0.0,8,67.33405826456966,56.86000000000001
FOLLOW,-,TRACKING,0.0,0.0,58.80931557905836,-51.749999584007945,2.886847268131079e-08,0.0,69.08700000000091,-51.75,0.0,8,67.33405826456966,56.88
FOLLOW,-,TRACKING,0.0,0.0,58.80931557905836,-51.749999584007945,2.886847268131079e-08,0.0,69.08700000000091,-51.75,0.0,8,67.33405826456966,56.901
FOLLOW,-,TRACKING,0.0,0.0,58.80931557905836,-51.749999584007945,2.886847268131079e-08,0.0,69.08700000000091,-51.75,0.0,8,67.33405826456966,56.92
FOLLOW,-,TRACKING,0.0,0.0,58.80931557905836,-51.749999584007945,2.886847268131079e-08,0.0,69.08700000000091,-51.75,0.0,8,67.33299186381215,56.940000000000005
FOLLOW,-,TRACKING,0.0,0.0,58.80931557905836,-51.749999584007945,2.886847268131079e-08,0.0,69.08700000000091,-51.75,0.0,8,67.33299186381215,56.96
FOLLOW,-,TRACKING,0.0,0.0,58.80931557905836,-51.749999584007945,2.886847268131079e-08,0.0,69.08700000000091,-51.75,0.0,8,67.33299186381215,56.980000000000004
FOLLOW,-,TRACKING,0.0,0.0,58.80931557905836,-51.749999584007945,2.886847268131079e-08,0.0,69.08700000000091,-51.75,0.0,8,67.33299186381215,57.0
FOLLOW,-,TRACKING,0.0,0.0,58.80931557905836,-51.749999584007945,2.886847268131079e-08,0.0,69.08700000000091,-51.75,0.0,8,67.33299186381215,57.02
FOLLOW,-,TRACKING,0.0,0.0,58.80931557905836,-51.749999584007945,2.886847268131079e-08,0.0,69.08700000000091,-51.75,0.0,8,67.33236985951228,57.040000000000006
FOLLOW,-,TRACKING,0.0,0.0,58.80931557905836,-51.749999584007945,2.886847268131079e-08,0.0,69.08700000000091,-51.75,0.0,8,67.33236985951228,57.06
FOLLOW,-,TRACKING,0.0,0.0,58.80931557905836,-51.749999584007945,2.886847268131079e-08,0.0,69.08700000000091,-51.75,0.0,8,67.33236985951228,57.080000000000005
FOLLOW,-,TRACKING,0.0,0.0,58.80931557905836,-51.749999584007945,2.886847268131079e-08,0.0,69.08700000000091,-51.75,0.0,8,67.33236985951228,57.1
FOLLOW,-,TRACKING,0.0,0.0,58.80931557905836,-51.749999584007945,2.886847268131079e-08,0.0,69.08700000000091,-51.75,0.0,8,67.33236985951228,57.120000000000005
FOLLOW,-,TRACKING,0.0,0.0,58.80931557905836,-51.749999584007945,2.886847268131079e-08,0.0,69.08700000000091,-51.75,0.0,8,67.33236985951228,57.14
FOLLOW,-,TRACKING,0.0,0.0,58.80931557905836,-51.749999584007945,2.886847268131079e-08,0.0,69.08700000000091,-51.75,0.0,8,67.33459775577705,57.160000000000004
FOLLOW,-,TRACKING,0.0,0.0,58.80931557905836,-51.749999584007945,2.886847268131079e-08,0.0,69.08700000000091,-51.75,0.0,8,67.33459775577705,57.18000000000001
FOLLOW,-,TRACKING,0.0,0.0,58.80931557905836,-51.749999584007945,2.886847268131079e-08,0.0,69.08700000000091,-51.75,0.0,8,67.33459775577705,57.2
FOLLOW,-,TRACKING,0.0,0.0,58.80931557905836,-51.749999584007945,2.886847268131079e-08,0.0,69.08700000000091,-51.75,0.0,8,67.33459775577705,57.220000000000006
FOLLOW,-,TRACKING,0.0,0.0,58.80931557905836,-51.749999584007945,2.886847268131079e-08,0.0,69.08700000000091,-51.75,0.0,8,67.33390005983696,57.24
FOLLOW,-,TRACKING,0.0,0.0,58.80931557905836,-51.749999584007945,2.886847268131079e-08,0.0,69.08700000000091,-51.75,0.0,8,67.33390005983696,57.260000000000005
FOLLOW,-,TRACKING,0.0,0.0,58.80931557905836,-51.749999584007945,2.886847268131079e-08,0.0,69.08700000000091,-51.75,0.0,8,67.33390005983696,57.28
FOLLOW,-,TRACKING,0.0,0.0,58.80931557905836,-51.749999584007945,2.886847268131079e-08,0.0,69.08700000000091,-51.75,0.0,8,67.33390005983696,57.300000000000004
FOLLOW,-,TRACKING,0.0,0.0,58.80931557905836,-51.749999584007945,2.886847268131079e-08,0.0,69.08700000000091,-51.75,0.0,8,67.33390005983696,57.32
FOLLOW,-,TRACKING,0.0,0.0,58.80931557905836,-51.749999584007945,2.886847268131079e-08,0.0,69.08700000000091,-51.75,0.0,8,67.33018410108292,57.34
FOLLOW,-,TRACKING,0.0,0.0,58.80931557905836,-51.749999584007945,2.886847268131079e-08,0.0,69.08700000000091,-51.75,0.0,8,67.33018410108292,57.36000000000001
FOLLOW,-,TRACKING,0.0,0.0,58.80931557905836,-51.749999584007945,2.886847268131079e-08,0.0,69.08700000000091,-51.75,0.0,8,67.33018410108292,57.38
FOLLOW,-,TRACKING,0.0,0.0,58.80931557905836,-51.749999584007945,2.886847268131079e-08,0.0,69.08700000000091,-51.75,0.0,8,67.33018410108292,57.400000000000006
FOLLOW,-,TRACKING,0.0,0.0,58.80931557905836,-51.749999584007945,2.886847268131079e-08,0.0,69.08700000000091,-51.75,0.0,8,67.33018410108292,57.42
FOLLOW,-,TRACKING,0.0,0.0,58.80931557905836,-51.749999584007945,2.886847268131079e-08,0.0,69.08700000000091,-51.75,0.0,8,67.33272938120045,57.440000000000005
FOLLOW,-,TRACKING,0.0,0.0,58.80931557905836,-51.749999584007945,2.886847268131079e-08,0.0,69.08700000000091,-51.75,0.0,8,67.33272938120045,57.46
FOLLOW,-,TRACKING,0.0,0.0,58.80931557905836,-51.749999584007945,2.886847268131079e-08,0.0,69.08700000000091,-51.75,0.0,8,67.33272938120045,57.480000000000004
FOLLOW,-,TRACKING,0.0,0.0,58.80931557905836,-51.749999584007945,2.886847268131079e-08,0.0,69.08700000000091,-51.75,0.0,8,67.33272938120045,57.50000000000001
FOLLOW,-,TRACKING,0.0,0.0,58.80931557905836,-51.749999584007945,2.886847268131079e-08,0.0,69.08700000000091,-51.75,0.0,8,67.33272938120045,57.52
FOLLOW,-,TRACKING,0.0,0.0,58.80931557905836,-51.749999584007945,2.886847268131079e-08,0.0,69.08700000000091,-51.75,0.0,8,67.3342376744464,57.540000000000006
FOLLOW,-,TRACKING,0.0,0.0,58.80931557905836,-51.749999584007945,2.886847268131079e-08,0.0,69.08700000000091,-51.75,0.0,8,67.3342376744464,57.56
FOLLOW,-,TRACKING,0.0,0.0,58.80931557905836,-51.749999584007945,2.886847268131079e-08,0.0,69.08700000000091,-51.75,0.0,8,67.3342376744464,57.580000000000005
FOLLOW,-,TRACKING,0.0,0.0,58.80931557905836,-51.749999584007945,2.886847268131079e-08,0.0,69.08700000000091,-51.75,0.0,8,67.3342376744464,57.6
FOLLOW,-,TRACKING,0.0,0.0,58.80931557905836,-51.749999584007945,2.886847268131079e-08,0.0,69.08700000000091,-51.75,0.0,8,67.3342376744464,57.620000000000005
FOLLOW,-,TRACKING,0.0,0.0,58.80931557905836,-51.749999584007945,2.886847268131079e-08,0.0,69.08700000000091,-51.75,0.0,8,67.33488478372249,57.64
FOLLOW,-,TRACKING,0.0,0.0,58.80931557905836,-51.749999584007945,2.886847268131079e-08,0.0,69.08700000000091,-51.75,0.0,8,67.33488478372249,57.660000000000004
FOLLOW,-,TRACKING,0.0,0.0,58.80931557905836,-51.749999584007945,2.886847268131079e-08,0.0,69.08700000000091,-51.75,0.0,8,67.33488478372249,57.68000000000001
FOLLOW,-,TRACKING,0.0,0.0,58.80931557905836,-51.749999584007945,2.886847268131079e-08,0.0,69.08700000000091,-51.75,0.0,8,67.33488478372249,57.7
FOLLOW,-,TRACKING,0.0,0.0,58.80931557905836,-51.749999584007945,2.886847268131079e-08,0.0,69.08700000000091,-51.75,0.0,8,67.33488478372249,57.721000000000004
FOLLOW,-,TRACKING,0.0,0.0,58.80931557905836,-51.749999584007945,2.886847268131079e-08,0.0,69.08700000000091,-51.75,0.0,8,67.33432661485855,57.74
FOLLOW,-,TRACKING,0.0,0.0,58.80931557905836,-51.749999584007945,2.886847268131079e-08,0.0,69.08700000000091,-51.75,0.0,8,67.33432661485855,57.760000000000005
FOLLOW,-,TRACKING,0.0,0.0,58.80931557905836,-51.749999584007945,2.886847268131079e-08,0.0,69.08700000000091,-51.75,0.0,8,67.33432661485855,57.78
FOLLOW,-,TRACKING,0.0,0.0,58.80931557905836,-51.749999584007945,2.886847268131079e-08,0.0,69.08700000000091,-51.75,0.0,8,67.33432661485855,57.800000000000004
FOLLOW,-,TRACKING,0.0,0.0,58.80931557905836,-51.749999584007945,2.886847268131079e-08,0.0,69.08700000000091,-51.75,0.0,8,67.33432661485855,57.82
FOLLOW,-,TRACKING,0.0,0.0,58.80931557905836,-51.749999584007945,2.886847268131079e-08,0.0,69.08700000000091,-51.75,0.0,8,67.33432661485855,57.84
FOLLOW,-,TRACKING,0.0,0.0,58.80931557905836,-51.749999584007945,2.886847268131079e-08,0.0,69.08700000000091,-51.75,0.0,8,67.33220782752123,57.86000000000001
FOLLOW,-,TRACKING,0.0,0.0,58.80931557905836,-51.749999584007945,2.886847268131079e-08,0.0,69.08700000000091,-51.75,0.0,8,67.33220782752123,57.88
FOLLOW,-,TRACKING,0.0,0.0,58.80931557905836,-51.749999584007945,2.886847268131079e-08,0.0,69.08700000000091,-51.75,0.0,8,67.33220782752123,57.900000000000006
FOLLOW,-,TRACKING,0.0,0.0,58.80931557905836,-51.749999584007945,2.886847268131079e-08,0.0,69.08700000000091,-51.75,0.0,8,67.33220782752123,57.92
FOLLOW,-,TRACKING,0.0,0.0,58.80931557905836,-51.749999584007945,2.886847268131079e-08,0.0,69.08700000000091,-51.75,0.0,8,67.33199844826723,57.940000000000005
FOLLOW,-,TRACKING,0.0,0.0,58.80931557905836,-51.749999584007945,2.886847268131079e-08,0.0,69.08700000000091,-51.75,0.0,8,67.33199844826723,57.96
FOLLOW,-,TRACKING,0.0,0.0,58.80931557905836,-51.749999584007945,2.886847268131079e-08,0.0,69.08700000000091,-51.75,0.0,8,67.33199844826723,57.980000000000004
FOLLOW,-,TRACKING,0.0,0.0,58.80931557905836,-51.749999584007945,2.886847268131079e-08,0.0,69.08700000000091,-51.75,0.0,8,67.33199844826723,58.00000000000001
FOLLOW,-,TRACKING,0.0,0.0,58.80931557905836,-51.749999584007945,2.886847268131079e-08,0.0,69.08700000000091,-51.75,0.0,8,67.33199844826723,58.02
FOLLOW,-,TRACKING,0.0,0.0,58.80931557905836,-51.749999584007945,2.886847268131079e-08,0.0,69.08700000000091,-51.75,0.0,8,67.33351412560843,58.040000000000006
FOLLOW,-,TRACKING,0.0,0.0,58.80931557905836,-51.749999584007945,2.886847268131079e-08,0.0,69.08700000000091,-51.75,0.0,8,67.33351412560843,58.06
FOLLOW,-,TRACKING,0.0,0.0,58.80931557905836,-51.749999584007945,2.886847268131079e-08,0.0,69.08700000000091,-51.75,0.0,8,67.33351412560843,58.080000000000005
FOLLOW,-,TRACKING,0.0,0.0,58.80931557905836,-51.749999584007945,2.886847268131079e-08,0.0,69.08700000000091,-51.75,0.0,8,67.33351412560843,58.1
FOLLOW,-,TRACKING,0.0,0.0,58.80931557905836,-51.749999584007945,2.886847268131079e-08,0.0,69.08700000000091,-51.75,0.0,8,67.33351412560843,58.121
FOLLOW,-,TRACKING,0.0,0.0,58.80931557905836,-51.749999584007945,2.886847268131079e-08,0.0,69.08700000000091,-51.75,0.0,8,67.33229861464045,58.14
FOLLOW,-,TRACKING,0.0,0.0,58.80931557905836,-51.749999584007945,2.886847268131079e-08,0.0,69.08700000000091,-51.75,0.0,8,67.33229861464045,58.160000000000004
FOLLOW,-,TRACKING,0.0,0.0,58.80931557905836,-51.749999584007945,2.886847268131079e-08,0.0,69.08700000000091,-51.75,0.0,8,67.33229861464045,58.18000000000001
FOLLOW,-,TRACKING,0.0,0.0,58.80931557905836,-51.749999584007945,2.886847268131079e-08,0.0,69.08700000000091,-51.75,0.0,8,67.33229861464045,58.2
FOLLOW,-,TRACKING,0.0,0.0,58.80931557905836,-51.749999584007945,2.886847268131079e-08,0.0,69.08700000000091,-51.75,0.0,8,67.33229861464045,58.220000000000006
FOLLOW,-,TRACKING,0.0,0.0,58.80931557905836,-51.749999584007945,2.886847268131079e-08,0.0,69.08700000000091,-51.75,0.0,8,67.33229861464045,58.24100000000001
FOLLOW,-,TRACKING,0.0,0.0,58.80931557905836,-51.749999584007945,2.886847268131079e-08,0.0,69.08700000000091,-51.75,0.0,8,67.3320559892493,58.260000000000005
FOLLOW,-,TRACKING,0.0,0.0,58.80931557905836,-51.749999584007945,2.886847268131079e-08,0.0,69.08700000000091,-51.75,0.0,8,67.3320559892493,58.28
FOLLOW,-,TRACKING,0.0,0.0,58.80931557905836,-51.749999584007945,2.886847268131079e-08,0.0,69.08700000000091,-51.75,0.0,8,67.3320559892493,58.300000000000004
FOLLOW,-,TRACKING,0.0,0.0,58.80931557905836,-51.749999584007945,2.886847268131079e-08,0.0,69.08700000000091,-51.75,0.0,8,67.3320559892493,58.32
FOLLOW,-,TRACKING,0.0,0.0,58.80931557905836,-51.749999584007945,2.886847268131079e-08,0.0,69.08700000000091,-51.75,0.0,8,67.33151939356493,58.34
FOLLOW,-,TRACKING,0.0,0.0,58.80931557905836,-51.749999584007945,2.886847268131079e-08,0.0,69.08700000000091,-51.75,0.0,8,67.33151939356493,58.36000000000001
FOLLOW,-,TRACKING,0.0,0.0,58.80931557905836,-51.749999584007945,2.886847268131079e-08,0.0,69.08700000000091,-51.75,0.0,8,67.33151939356493,58.381
FOLLOW,-,TRACKING,0.0,0.0,58.80931557905836,-51.749999584007945,2.886847268131079e-08,0.0,69.08700000000091,-51.75,0.0,8,67.33151939356493,58.400000000000006
FOLLOW,-,TRACKING,0.0,0.0,58.80931557905836,-51.749999584007945,2.886847268131079e-08,0.0,69.08700000000091,-51.75,0.0,8,67.33151939356493,58.42
FOLLOW,-,TRACKING,0.0,0.0,58.80931557905836,-51.749999584007945,2.886847268131079e-08,0.0,69.08700000000091,-51.75,0.0,8,67.33201773750214,58.440000000000005
FOLLOW,-,TRACKING,0.0,0.0,58.80931557905836,-51.749999584007945,2.886847268131079e-08,0.0,69.08700000000091,-51.75,0.0,8,67.33201773750214,58.46
FOLLOW,-,TRACKING,0.0,0.0,58.80931557905836,-51.749999584007945,2.886847268131079e-08,0.0,69.08700000000091,-51.75,0.0,8,67.33201773750214,58.480000000000004
FOLLOW,-,TRACKING,0.0,0.0,58.80931557905836,-51.749999584007945,2.886847268131079e-08,0.0,69.08700000000091,-51.75,0.0,8,67.33201773750214,58.50000000000001
FOLLOW,-,TRACKING,0.0,0.0,58.80931557905836,-51.749999584007945,2.886847268131079e-08,0.0,69.08700000000091,-51.75,0.0,8,67.33201773750214,58.52
FOLLOW,-,TRACKING,0.0,0.0,58.80931557905836,-51.749999584007945,2.886847268131079e-08,0.0,69.08700000000091,-51.75,0.0,8,67.33361560237184,58.540000000000006
FOLLOW,-,TRACKING,0.0,0.0,58.80931557905836,-51.749999584007945,2.886847268131079e-08,0.0,69.08700000000091,-51.75,0.0,8,67.33361560237184,58.56
FOLLOW,-,TRACKING,0.0,0.0,58.80931557905836,-51.749999584007945,2.886847268131079e-08,0.0,69.08700000000091,-51.75,0.0,8,67.33361560237184,58.580000000000005
FOLLOW,-,TRACKING,0.0,0.0,58.80931557905836,-51.749999584007945,2.886847268131079e-08,0.0,69.08700000000091,-51.75,0.0,8,67.33361560237184,58.6
FOLLOW,-,TRACKING,0.0,0.0,58.80931557905836,-51.749999584007945,2.886847268131079e-08,0.0,69.08700000000091,-51.75,0.0,8,67.33361560237184,58.620000000000005
FOLLOW,-,TRACKING,0.0,0.0,58.80931557905836,-51.749999584007945,2.886847268131079e-08,0.0,69.08700000000091,-51.75,0.0,8,67.33216953210464,58.64
FOLLOW,-,TRACKING,0.0,0.0,58.80931557905836,-51.749999584007945,2.886847268131079e-08,0.0,69.08700000000091,-51.75,0.0,8,67.33216953210464,58.660000000000004
FOLLOW,-,TRACKING,0.0,0.0,58.80931557905836,-51.749999584007945,2.886847268131079e-08,0.0,69.08700000000091,-51.75,0.0,8,67.33216953210464,58.68000000000001
FOLLOW,-,TRACKING,0.0,0.0,58.80931557905836,-51.749999584007945,2.886847268131079e-08,0.0,69.08700000000091,-51.75,0.0,8,67.33216953210464,58.7
FOLLOW,-,TRACKING,0.0,0.0,58.80931557905836,-51.749999584007945,2.886847268131079e-08,0.0,69.08700000000091,-51.75,0.0,8,67.33216953210464,58.720000000000006
FOLLOW,-,TRACKING,0.0,0.0,58.80931557905836,-51.749999584007945,2.886847268131079e-08,0.0,69.08700000000091,-51.75,0.0,8,67.33307470901524,58.74100000000001
FOLLOW,-,TRACKING,0.0,0.0,58.80931557905836,-51.749999584007945,2.886847268131079e-08,0.0,69.08700000000091,-51.75,0.0,8,67.33307470901524,58.760000000000005
FOLLOW,-,TRACKING,0.0,0.0,58.80931557905836,-51.749999584007945,2.886847268131079e-08,0.0,69.08700000000091,-51.75,0.0,8,67.33307470901524,58.78
FOLLOW,-,TRACKING,0.0,0.0,58.80931557905836,-51.749999584007945,2.886847268131079e-08,0.0,69.08700000000091,-51.75,0.0,8,67.33307470901524,58.800000000000004
FOLLOW,-,TRACKING,0.0,0.0,58.80931557905836,-51.749999584007945,2.886847268131079e-08,0.0,69.08700000000091,-51.75,0.0,8,67.33307470901524,58.821000000000005
FOLLOW,-,TRACKING,0.0,0.0,58.80931557905836,-51.749999584007945,2.886847268131079e-08,0.0,69.08700000000091,-51.75,0.0,8,67.33370336412297,58.84
FOLLOW,-,TRACKING,0.0,0.0,58.80931557905836,-51.749999584007945,2.886847268131079e-08,0.0,69.08700000000091,-51.75,0.0,8,67.33370336412297,58.86000000000001
FOLLOW,-,TRACKING,0.0,0.0,58.80931557905836,-51.749999584007945,2.886847268131079e-08,0.0,69.08700000000091,-51.75,0.0,8,67.33370336412297,58.88
FOLLOW,-,TRACKING,0.0,0.0,58.80931557905836,-51.749999584007945,2.886847268131079e-08,0.0,69.08700000000091,-51.75,0.0,8,67.33370336412297,58.900000000000006
FOLLOW,-,TRACKING,0.0,0.0,58.80931557905836,-51.749999584007945,2.886847268131079e-08,0.0,69.08700000000091,-51.75,0.0,8,67.33370336412297,58.92
FOLLOW,-,TRACKING,0.0,0.0,58.80931557905836,-51.749999584007945,2.886847268131079e-08,0.0,69.08700000000091,-51.75,0.0,8,67.33330801188826,58.940000000000005
FOLLOW,-,TRACKING,0.0,0.0,58.80931557905836,-51.749999584007945,2.886847268131079e-08,0.0,69.08700000000091,-51.75,0.0,8,67.33330801188826,58.96
FOLLOW,-,TRACKING,0.0,0.0,58.80931557905836,-51.749999584007945,2.886847268131079e-08,0.0,69.08700000000091,-51.75,0.0,8,67.33330801188826,58.980000000000004
FOLLOW,-,TRACKING,0.0,0.0,58.80931557905836,-51.749999584007945,2.886847268131079e-08,0.0,69.08700000000091,-51.75,0.0,8,67.33330801188826,59.00000000000001
FOLLOW,-,TRACKING,0.0,0.0,58.80931557905836,-51.749999584007945,2.886847268131079e-08,0.0,69.08700000000091,-51.75,0.0,8,67.33330801188826,59.02
FOLLOW,-,TRACKING,0.0,0.0,58.80931557905836,-51.749999584007945,2.886847268131079e-08,0.0,69.08700000000091,-51.75,0.0,8,67.33406734231319,59.040000000000006
FOLLOW,-,TRACKING,0.0,0.0,58.80931557905836,-51.749999584007945,2.886847268131079e-08,0.0,69.08700000000091,-51.75,0.0,8,67.33406734231319,59.06
FOLLOW,-,TRACKING,0.0,0.0,58.80931557905836,-51.749999584007945,2.886847268131079e-08,0.0,69.08700000000091,-51.75,0.0,8,67.33406734231319,59.080000000000005
FOLLOW,-,TRACKING,0.0,0.0,58.80931557905836,-51.749999584007945,2.886847268131079e-08,0.0,69.08700000000091,-51.75,0.0,8,67.33406734231319,59.1
FOLLOW,-,TRACKING,0.0,0.0,58.80931557905836,-51.749999584007945,2.886847268131079e-08,0.0,69.08700000000091,-51.75,0.0,8,67.33406734231319,59.120000000000005
FOLLOW,-,TRACKING,0.0,0.0,58.80931557905836,-51.749999584007945,2.886847268131079e-08,0.0,69.08700000000091,-51.75,0.0,8,67.33359090857043,59.14
FOLLOW,-,TRACKING,0.0,0.0,58.80931557905836,-51.749999584007945,2.886847268131079e-08,3.0000000000001137,69.14400000000091,-51.75,0.0,8,67.33359090857043,59.160000000000004
FOLLOW,-,TRACKING,0.0,0.0,58.80931557905836,-51.749999584007945,2.886847268131079e-08,3.0000000000001137,69.20400000000092,-51.75,0.0,8,67.33359090857043,59.18000000000001
FOLLOW,-,TRACKING,0.0,0.0,58.80931557905836,-51.749999584007945,2.886847268131079e-08,3.0000000000001137,69.26400000000092,-51.75,0.0,8,67.33359090857043,59.2
FOLLOW,-,TRACKING,0.0,0.0,58.80931557905836,-51.749999584007945,2.886847268131079e-08,3.0000000000001137,69.32400000000092,-51.75,0.0,8,67.33359090857043,59.220000000000006
FOLLOW,-,TRACKING,0.0,0.0,58.80931557905836,-51.749999584007945,2.886847268131079e-08,3.0000000000001137,69.38400000000092,-51.75,0.0,8,67.40750173714572,59.24
FOLLOW,-,TRACKING,0.0,0.0,58.80931557905836,-51.749999584007945,2.886847268131079e-08,3.0000000000001137,69.44400000000093,-51.75,0.0,8,67.40750173714572,59.260000000000005
FOLLOW,-,TRACKING,0.0,0.0,58.80931557905836,-51.749999584007945,2.886847268131079e-08,3.0000000000001137,69.50400000000093,-51.75,0.0,8,67.40750173714572,59.28
FOLLOW,-,TRACKING,0.0,0.0,58.80931557905836,-51.749999584007945,2.886847268131079e-08,3.0000000000001137,69.62400000000093,-51.75,0.0,8,67.40750173714572,59.300000000000004
FOLLOW,-,TRACKING,0.0,0.0,58.80931557905836,-51.749999584007945,2.886847268131079e-08,3.0000000000001137,69.62400000000093,-51.75,0.0,8,67.40750173714572,59.32
FOLLOW,-,TRACKING,0.0,0.0,58.80931557905836,-51.749999584007945,2.886847268131079e-08,3.0000000000001137,69.68400000000094,-51.75,0.0,8,67.55738732133666,59.34
FOLLOW,-,TRACKING,0.0,0.0,58.80931557905836,-51.749999584007945,2.886847268131079e-08,3.0000000000001137,69.80400000000094,-51.75,0.0,8,67.55738732133666,59.36000000000001
FOLLOW,-,TRACKING,0.0,0.0,58.80931557905836,-51.749999584007945,2.886847268131079e-08,3.0000000000001137,69.80400000000094,-51.75,0.0,8,67.55738732133666,59.38
FOLLOW,-,TRACKING,0.0,0.0,58.80931557905836,-51.749999584007945,2.886847268131079e-08,3.0000000000001137,69.86400000000094,-51.75,0.0,8,67.55738732133666,59.400000000000006
FOLLOW,-,TRACKING,0.0,0.0,58.80931557905836,-51.749999584007945,2.886847268131079e-08,3.0000000000001137,69.98400000000095,-51.75,0.0,8,67.55738732133666,59.42
FOLLOW,-,TRACKING,0.0,0.0,58.80931557905836,-51.749999584007945,2.886847268131079e-08,3.0000000000001137,69.98400000000095,-51.75,0.0,8,67.77173427469249,59.440000000000005
FOLLOW,-,TRACKING,0.0,0.0,58.80931557905836,-51.749999584007945,2.886847268131079e-08,3.0000000000001137,70.04400000000095,-51.75,0.0,8,67.77173427469249,59.46
FOLLOW,-,TRACKING,0.0,0.0,58.80931557905836,-51.749999584007945,2.886847268131079e-08,3.0000000000001137,70.10400000000095,-51.75,0.0,8,67.77173427469249,59.480000000000004
FOLLOW,-,TRACKING,0.0,0.0,58.80931557905836,-51.749999584007945,2.886847268131079e-08,3.0000000000001137,70.22400000000096,-51.75,0.0,8,67.77173427469249,59.50000000000001
FOLLOW,-,TRACKING,0.0,0.0,58.80931557905836,-51.749999584007945,2.886847268131079e-08,3.0000000000001137,70.22400000000096,-51.75,0.0,8,67.77173427469249,59.52
FOLLOW,-,TRACKING,0.0,0.0,58.80931557905836,-51.749999584007945,2.886847268131079e-08,3.0000000000001137,70.28400000000096,-51.75,0.0,8,68.03381416410747,59.540000000000006
FOLLOW,-,TRACKING,0.0,0.0,58.80931557905836,-51.749999584007945,2.886847268131079e-08,3.0000000000001137,70.34400000000096,-51.75,0.0,8,68.03381416410747,59.56
FOLLOW,-,TRACKING,0.0,0.0,58.80931557905836,-51.749999584007945,2.886847268131079e-08,3.0000000000001137,70.40400000000096,-51.75,0.0,8,68.03381416410747,59.580000000000005
FOLLOW,-,TRACKING,0.0,0.0,58.80931557905836,-51.749999584007945,2.886847268131079e-08,3.0000000000001137,70.52400000000097,-51.75,0.0,8,68.03381416410747,59.6
FOLLOW,-,TRACKING,0.0,0.0,58.80931557905836,-51.749999584007945,2.886847268131079e-08,3.0000000000001137,70.52400000000097,-51.75,0.0,8,68.03381416410747,59.620000000000005
FOLLOW,-,TRACKING,0.0,0.0,58.80931557905836,-51.749999584007945,2.886847268131079e-08,3.0000000000001137,70.58400000000097,-51.75,0.0,8,68.03381416410747,59.64
FOLLOW,-,TRACKING,0.0,0.0,58.80931557905836,-51.749999584007945,2.886847268131079e-08,3.0000000000001137,70.64400000000097,-51.75,0.0,8,68.33259032798358,59.660000000000004
FOLLOW,-,TRACKING,0.0,0.0,58.80931557905836,-51.749999584007945,2.886847268131079e-08,3.0000000000001137,70.70400000000097,-51.75,0.0,8,68.33259032798358,59.68000000000001
FOLLOW,-,TRACKING,0.0,0.0,58.80931557905836,-51.749999584007945,2.886847268131079e-08,3.0000000000001137,70.76400000000098,-51.75,0.0,8,68.33259032798358,59.7
FOLLOW,-,TRACKING,0.0,0.0,58.80931557905836,-51.749999584007945,2.886847268131079e-08,3.0000000000001137,70.82400000000098,-51.75,0.0,8,68.33259032798358,59.720000000000006
FOLLOW,-,TRACKING,0.0,0.0,58.80931557905836,-51.749999584007945,2.886847268131079e-08,3.0000000000001137,70.88400000000098,-51.75,0.0,8,68.65537439675809,59.74
FOLLOW,-,TRACKING,0.0,0.0,58.80931557905836,-51.749999584007945,2.886847268131079e-08,3.0000000000001137,70.94400000000098,-51.75,0.0,8,68.65537439675809,59.760000000000005
FOLLOW,-,TRACKING,0.0,0.0,58.80931557905836,-51.749999584007945,2.886847268131079e-08,3.0000000000001137,71.06400000000099,-51.75,0.0,8,68.65537439675809,59.78
FOLLOW,-,TRACKING,0.0,0.0,58.80931557905836,-51.749999584007945,2.886847268131079e-08,3.0000000000001137,71.06400000000099,-51.75,0.0,8,68.65537439675809,59.800000000000004
FOLLOW,-,TRACKING,0.0,0.0,58.80931557905836,-51.749999584007945,2.886847268131079e-08,3.0000000000001137,71.12400000000099,-51.75,0.0,8,68.65537439675809,59.82
FOLLOW,-,TRACKING,0.0,0.0,58.80931557905836,-51.749999584007945,2.886847268131079e-08,3.0000000000001137,71.18400000000099,-51.75,0.0,8,68.99182830852027,59.84
FOLLOW,-,TRACKING,0.0,0.009282032301882738,58.80946774142472,-51.74999958400353,2.886862446267185e-08,3.0000000000001137,71.244000000001,-51.75,0.0,8,68.99182830852027,59.86000000000001
FOLLOW,-,TRACKING,0.0,0.018564064603765477,58.80980554376401,-51.74999958399382,2.8868961642988943e-08,3.0000000000001137,71.304000000001,-51.75,0.0,8,68.99182830852027,59.88
FOLLOW,-,TRACKING,0.0185640646,0.027846096905648217,58.81032898674933,-51.74999958397871,2.8869484145529638e-08,3.0000000000001137,71.424000000001,-51.75,0.0,8,68.99182830852027,59.901
FOLLOW,-,TRACKING,0.0278460969,0.03693985291164382,58.81103562288474,-51.74999958395832,2.8870189522160052e-08,3.0000000000001137,71.424000000001,-51.75,0.0,8,68.99182830852027,59.92
FOLLOW,-,TRACKING,0.0278460969,0.04584211681901707,58.81192154710439,-51.74999958393278,2.8871073866919062e-08,3.0000000000001137,71.484000000001,-51.75,0.0,8,69.33922863824397,59.940000000000005
FOLLOW,-,TRACKING,0.0369398529,0.0625076521892254,58.813072537920235,-51.749999583899545,2.8872222753620625e-08,3.0000000000001137,71.544000000001,-51.75,0.0,8,69.33922863824397,59.96
FOLLOW,-,TRACKING,0.0458421168,0.07924803793457615,58.81455987894698,-51.749999583856585,2.887370736496708e-08,3.0000000000001137,71.60400000000101,-51.75,0.0,8,69.33922863824397,59.980000000000004
FOLLOW,-,TRACKING,0.0794385632,0.09549535904582741,58.816363212059414,-51.7499995838045,2.8875507349805908e-08,3.0000000000001137,71.72400000000101,-51.75,0.0,8,69.33922863824397,60.00000000000001
FOLLOW,-,TRACKING,0.0959485997,0.11266803780927151,58.818516871560135,-51.7499995837423,2.8877656941331618e-08,3.0000000000001137,71.72400000000101,-51.75,0.0,8,69.33922863824397,60.02
FOLLOW,-,TRACKING,0.112910618,0.1279171523364653,58.8209926423869,-51.74999958367079,2.8880127947187415e-08,3.0000000000001137,71.78400000000101,-51.75,0.0,8,69.33922863824397,60.040000000000006
FOLLOW,-,TRACKING,0.127917964,0.14337933857859755,58.82377310853579,-51.74999958359049,2.888290292596886e-08,3.0000000000001137,71.84400000000102,-51.75,0.0,8,69.6871180688649,60.06
FOLLOW,-,TRACKING,0.127917964,0.1585567485221873,58.82686047631055,-51.749999583501285,2.88859840344424e-08,3.0000000000001137,71.90400000000102,-51.75,0.0,8,69.6871180688649,60.080000000000005
FOLLOW,-,TRACKING,0.143430716,0.17337236575301065,58.830247401543254,-51.74999958340343,2.888936388825151e-08,3.0000000000001137,71.96400000000102,-51.75,0.0,8,69.6871180688649,60.1
FOLLOW,-,TRACKING,0.173372432,0.18782057335897664,58.83392682472337,-51.749999583297104,2.8893035384532865e-08,3.0000000000001137,72.02400000000102,-51.75,0.0,8,69.6871180688649,60.120000000000005
FOLLOW,-,TRACKING,0.187820622,0.20191804560241172,58.83789170452199,-51.74999958318254,2.889699143622597e-08,3.0000000000001137,72.08400000000103,-51.75,0.0,8,70.03980792617962,60.14
FOLLOW,-,TRACKING,0.201918076,0.22158640347811348,58.84219424244322,-51.7499995830582,2.8901284018633934e-08,3.0000000000001137,72.20400000000103,-51.75,0.0,8,70.03980792617962,60.160000000000004
FOLLOW,-,TRACKING,0.223255529,0.24275299275302592,58.84692182078833,-51.749999582921525,2.8906000260501073e-08,3.0000000000001137,72.26400000000103,-51.75,0.0,8,70.03980792617962,60.18000000000001
FOLLOW,-,TRACKING,0.223255529,0.2635465554064354,58.852067298849214,-51.74999958277276,2.8911132926249684e-08,3.0000000000001137,72.26400000000103,-51.75,0.0,8,70.03980792617962,60.205000000000005
FOLLOW,-,TRACKING,0.264910241,0.28034371048448753,58.85754233454734,-51.74999958261444,2.8916593786197836e-08,3.0000000000001137,72.38400000000104,-51.75,0.0,8,70.03980792617962,60.220000000000006
FOLLOW,-,TRACKING,0.264910241,0.3037906518976286,58.86349854233106,-51.74999958244216,2.892253394399844e-08,3.0000000000001137,72.38400000000104,-51.75,0.0,8,70.03980792617962,60.24
FOLLOW,-,TRACKING,0.304764402,0.3262209337805189,58.86987588881574,-51.74999958225766,2.8928893341733414e-08,3.0000000000001137,72.44400000000104,-51.75,0.0,8,70.38854458122678,60.260000000000005
FOLLOW,-,TRACKING,0.331050316,0.35241183651280045,58.87677800346811,-51.74999958205794,2.8935775196221812e-08,3.0000000000001137,72.56400000000104,-51.75,0.0,8,70.38854458122678,60.28
FOLLOW,-,TRACKING,0.356861053,0.37811212805323186,58.88419522840122,-51.74999958184326,2.8943169689568908e-08,3.0000000000001137,72.56400000000104,-51.75,0.0,8,70.38854458122678,60.300000000000004
FOLLOW,-,TRACKING,0.38219998,0.40424127413629674,58.892142133307544,-51.749999581613196,2.895109114880608e-08,3.0000000000001137,72.62400000000105,-51.75,0.0,8,70.38854458122678,60.32
FOLLOW,-,TRACKING,0.406929454,0.42781567635330486,58.90055707773306,-51.7499995813695,2.8959477930502722e-08,3.0000000000001137,72.68400000000105,-51.75,0.0,8,70.73173526704586,60.34
FOLLOW,-,TRACKING,0.406929454,0.4518656084727014,58.90945374693656,-51.74999958111178,2.896834347979964e-08,3.0000000000001137,72.74400000000105,-51.75,0.0,8,70.73173526704586,60.36000000000001
FOLLOW,-,TRACKING,0.454962348,0.47553646379796544,58.9188262281768,-51.74999958084019,2.897768171003629e-08,3.0000000000001137,72.80400000000105,-51.75,0.0,8,70.73173526704586,60.38
FOLLOW,-,TRACKING,0.454962348,0.4986108583821648,58.92866256875848,-51.74999958055506,2.8987480516332995e-08,3.0000000000001137,72.86400000000106,-51.75,0.0,8,70.73173526704586,60.400000000000006
FOLLOW,-,TRACKING,0.500992489,0.5210537682472706,58.93895052445515,-51.74999958025675,2.899772751217481e-08,3.0000000000001137,72.92400000000106,-51.75,0.0,8,70.73173526704586,60.42
FOLLOW,-,TRACKING,0.523115926,0.5448651621513535,58.949697828462405,-51.74999957994499,2.9008430176212915e-08,3.0000000000001137,72.98400000000106,-51.75,0.0,8,71.06991036421097,60.440000000000005
FOLLOW,-,TRACKING,0.523115926,0.572541069205812,58.96100070348474,-51.74999957961699,2.9019684164197257e-08,3.0000000000001137,73.04400000000106,-51.75,0.0,8,71.06991036421097,60.46
FOLLOW,-,TRACKING,0.551615926,0.6004206647396871,58.9728603464289,-51.74999957927268,2.903149043728948e-08,3.0000000000001137,73.10400000000107,-51.75,0.0,8,71.06991036421097,60.480000000000004
FOLLOW,-,TRACKING,0.578794317,0.6275778284440038,58.985264265898664,-51.74999957891243,2.9043836342880124e-08,3.0000000000001137,73.22400000000107,-51.75,0.0,8,71.06991036421097,60.50000000000001
FOLLOW,-,TRACKING,0.632633246,0.6540097760876052,58.99819818924527,-51.749999578536624,2.9056707482065068e-08,3.0000000000001137,73.22400000000107,-51.75,0.0,8,71.06991036421097,60.52
FOLLOW,-,TRACKING,0.65851905,0.6807462361237527,59.011673334471084,-51.7499995781449,2.9070114838944218e-08,3.0000000000001137,73.28400000000107,-51.75,0.0,8,71.4007205799182,60.540000000000006
FOLLOW,-,TRACKING,0.65851905,0.7054625489743672,59.0256325862148,-51.74999957773891,2.908400141672591e-08,3.0000000000001137,73.34400000000107,-51.75,0.0,8,71.4007205799182,60.56
FOLLOW,-,TRACKING,0.712213313,0.735462548973942,59.04019183719428,-51.749999577315265,2.9098482379462828e-08,3.0000000000001137,73.40400000000108,-51.75,0.0,8,71.4007205799182,60.580000000000005
FOLLOW,-,TRACKING,0.742213313,0.7654625489742274,59.055351088173765,-51.74999957687393,2.911355760167399e-08,3.0000000000001137,73.46400000000108,-51.75,0.0,8,71.4007205799182,60.6
FOLLOW,-,TRACKING,0.742213313,0.7952621863545064,59.071106332002884,-51.74999957641501,2.9129223001847396e-08,3.0000000000001137,73.52400000000108,-51.75,0.0,8,71.4007205799182,60.620000000000005
FOLLOW,-,TRACKING,0.772213313,0.8243096571888489,59.08744272714473,-51.74999957593888,2.914546378306135e-08,3.0000000000001137,73.58400000000108,-51.75,0.0,8,71.72672266248048,60.64
FOLLOW,-,TRACKING,0.830878947,0.8526085526384011,59.104345095271036,-51.74999957544598,2.9162264860471083e-08,3.0000000000001137,73.70400000000109,-51.75,0.0,8,71.72672266248048,60.661
FOLLOW,-,TRACKING,0.859182538,0.8808343440264823,59.12181275721525,-51.7499995749363,2.9179625630332793e-08,3.0000000000001137,73.70400000000109,-51.75,0.0,8,71.72672266248048,60.68000000000001
FOLLOW,-,TRACKING,0.886707742,0.9082587512928344,59.13982991527297,-51.74999957441026,2.9197530523947427e-08,3.0000000000001137,73.82400000000109,-51.75,0.0,8,71.72672266248048,60.701
FOLLOW,-,TRACKING,0.886707742,0.934864720395723,59.15838071725075,-51.749999573868294,2.921596399148179e-08,3.0000000000001137,73.82400000000109,-51.75,0.0,8,71.72672266248048,60.720000000000006
FOLLOW,-,TRACKING,0.939462125,0.9606841574466787,59.177449673197216,-51.749999573310845,2.9234910923069915e-08,3.0000000000001137,73.8840000000011,-51.75,0.0,8,71.72672266248048,60.74
FOLLOW,-,TRACKING,0.964704227,0.9864534634715485,59.197028743230874,-51.749999572738105,2.925436366229568e-08,3.0000000000001137,73.9440000000011,-51.75,0.0,8,72.04517868589633,60.760000000000005
FOLLOW,-,TRACKING,0.993204227,1.0164534634711233,59.21720781250029,-51.74999957214741,2.9274411957649243e-08,3.0000000000001137,74.0040000000011,-51.75,0.0,8,72.04517868589633,60.78
FOLLOW,-,TRACKING,1.02320423,1.0464534634706981,59.23798688176971,-51.74999957153874,2.9295056335082548e-08,3.0000000000001137,74.1240000000011,-51.75,0.0,8,72.04517868589633,60.800000000000004
FOLLOW,-,TRACKING,1.02320423,1.0760927131535427,59.25935873621649,-51.749999570912244,2.9316290249295232e-08,3.0000000000001137,74.1240000000011,-51.75,0.0,8,72.04517868589633,60.82
FOLLOW,-,TRACKING,1.08284348,1.1048991306509495,59.28130718878121,-51.749999570268386,2.9338098341800832e-08,3.0000000000001137,74.1840000000011,-51.75,0.0,8,72.04517868589633,60.84
FOLLOW,-,TRACKING,1.11122722,1.1329517298726446,59.3038164714502,-51.74999956960757,2.936046575986864e-08,3.0000000000001137,74.24400000000111,-51.75,0.0,8,72.3611900161241,60.86000000000001
FOLLOW,-,TRACKING,1.13947979,1.1611215742682648,59.32688997822817,-51.749999568929674,2.938339680806515e-08,3.0000000000001137,74.30400000000111,-51.75,0.0,8,72.3611900161241,60.88
FOLLOW,-,TRACKING,1.16690472,1.1884271528039394,59.35051079003303,-51.74999956823517,2.9406875690399138e-08,3.0000000000001137,74.36400000000111,-51.75,0.0,8,72.3611900161241,60.900000000000006
FOLLOW,-,TRACKING,1.19352024,1.2148800207143042,59.37466228579758,-51.74999956752448,2.9430886993229865e-08,3.0000000000001137,74.42400000000112,-51.75,0.0,8,72.3611900161241,60.92
FOLLOW,-,TRACKING,1.19352024,1.240471151626821,59.39932771307359,-51.74999956679809,2.9455415253865004e-08,3.0000000000001137,74.54400000000112,-51.75,0.0,8,72.3611900161241,60.941
FOLLOW,-,TRACKING,1.24432051,1.2655944167342172,59.42449435546052,-51.74999956605631,2.9480449081353595e-08,3.0000000000001137,74.54400000000112,-51.75,0.0,8,72.67326207894419,60.96
FOLLOW,-,TRACKING,1.24432051,1.2905297049186972,59.450164501200675,-51.74999956529906,2.950599207498376e-08,3.0000000000001137,74.60400000000112,-51.75,0.0,8,72.67326207894419,60.980000000000004
FOLLOW,-,TRACKING,1.29359725,1.3143913951353172,59.476311880745186,-51.74999956452707,2.953201945653895e-08,3.0000000000001137,74.72400000000113,-51.75,0.0,8,72.67326207894419,61.001000000000005
FOLLOW,-,TRACKING,1.31745894,1.3379385804746848,59.50293334904526,-51.74999956374039,2.955852948405733e-08,3.0000000000001137,74.72400000000113,-51.75,0.0,8,72.67326207894419,61.02
FOLLOW,-,TRACKING,1.31745894,1.360690682685828,59.53001309164653,-51.74999956293945,2.9585507803910175e-08,3.0000000000001137,74.78400000000113,-51.75,0.0,8,72.97887870571358,61.040000000000006
FOLLOW,-,TRACKING,1.362848,1.384597234387286,59.5575550370985,-51.7499995621241,2.9612959691735447e-08,3.0000000000001137,74.90400000000113,-51.75,0.0,8,72.97887870571358,61.06
FOLLOW,-,TRACKING,1.391348,1.414597234386861,59.585696981786235,-51.74999956129026,2.964102399380199e-08,3.0000000000001137,74.90400000000113,-51.75,0.0,8,72.97887870571358,61.080000000000005
FOLLOW,-,TRACKING,1.421348,1.4445972343864357,59.614438926473966,-51.74999956043784,2.9669702294577232e-08,3.0000000000001137,75.02400000000114,-51.75,0.0,8,72.97887870571358,61.1
FOLLOW,-,TRACKING,1.421348,1.474597234386721,59.6437808711617,-51.7499995595668,2.9698996133175277e-08,3.0000000000001137,75.02400000000114,-51.75,0.0,8,72.97887870571358,61.120000000000005
FOLLOW,-,TRACKING,1.451348,1.5045972343870067,59.67372281584943,-51.749999558677096,2.9728906980226616e-08,3.0000000000001137,75.08400000000114,-51.75,0.0,8,73.28491110415165,61.14
FOLLOW,-,TRACKING,1.511348,1.534597234385871,59.70426476053716,-51.74999955776866,2.9759436203523143e-08,3.0000000000001137,75.20400000000114,-51.75,0.0,8,73.28491110415165,61.160000000000004
FOLLOW,-,TRACKING,1.541348,1.5645972343868668,59.7354067052249,-51.749999556841445,2.9790585048406224e-08,3.0000000000001137,75.20400000000114,-51.75,0.0,8,73.28491110415165,61.18000000000001
FOLLOW,-,TRACKING,1.571348,1.5945972343871522,59.76714864991263,-51.7499995558954,2.9822354579257895e-08,3.0000000000001137,75.26400000000115,-51.75,0.0,8,73.28491110415165,61.2
FOLLOW,-,TRACKING,1.571348,1.6245972343860164,59.79949059460036,-51.749999554930454,2.985474565513789e-08,3.0000000000001137,75.38400000000115,-51.75,0.0,8,73.28491110415165,61.221000000000004
FOLLOW,-,TRACKING,1.631348,1.6530972343865362,59.832404040051934,-51.749999553947404,2.988773032131232e-08,3.0000000000001137,75.38400000000115,-51.75,0.0,8,73.58573959690558,61.24100000000001
FOLLOW,-,TRACKING,1.631348,1.6830972343875321,59.86591598473967,-51.7499995529454,2.9921335924003564e-08,3.0000000000001137,75.44400000000115,-51.75,0.0,8,73.58573959690558,61.260000000000005
FOLLOW,-,TRACKING,1.659848,1.7130972343863964,59.9000279294274,-51.749999551924326,2.9955563963949113e-08,3.0000000000001137,75.50400000000116,-51.75,0.0,8,73.58573959690558,61.28
FOLLOW,-,TRACKING,1.689848,1.7430972343866817,59.93473987411514,-51.74999955088412,2.9990414088921114e-08,3.0000000000001137,75.56400000000116,-51.75,0.0,8,73.58573959690558,61.300000000000004
FOLLOW,-,TRACKING,1.749848,1.7730972343876776,59.97005181880288,-51.74999954982472,3.002588553340918e-08,3.0000000000001137,75.62400000000116,-51.75,0.0,8,73.58573959690558,61.32
FOLLOW,-,TRACKING,1.779848,1.803097234386542,60.00596376349061,-51.749999548746054,3.006197712931176e-08,3.0000000000001137,75.68400000000116,-51.75,0.0,8,73.88475142466618,61.34
FOLLOW,-,TRACKING,1.809848,1.8330972343861167,60.04247570817834,-51.74999954764806,3.009868726516007e-08,3.0000000000001137,75.74400000000117,-51.75,0.0,8,73.88475142466618,61.36000000000001
FOLLOW,-,TRACKING,1.839848,1.8630972343878232,60.07958765286608,-51.74999954653066,3.013601386271592e-08,3.0000000000001137,75.80400000000117,-51.75,0.0,8,73.88475142466618,61.38
FOLLOW,-,TRACKING,1.869848,1.8930972343866874,60.11729959755381,-51.7499995453938,3.0173954393258155e-08,3.0000000000001137,75.92400000000117,-51.75,0.0,8,73.88475142466618,61.400000000000006
FOLLOW,-,TRACKING,1.899848,1.9230972343862622,60.15561154224155,-51.7499995442374,3.021250585756387e-08,3.0000000000001137,75.98400000000117,-51.75,0.0,8,73.88475142466618,61.42
FOLLOW,-,TRACKING,1.899848,1.9530972343872581,60.19452348692929,-51.74999954306138,3.025166482869865e-08,3.0000000000001137,75.98400000000117,-51.75,0.0,8,73.88475142466618,61.440000000000005
FOLLOW,-,TRACKING,1.959848,1.983097234386833,60.23403543161702,-51.74999954186567,3.029142746471689e-08,3.0000000000001137,76.10400000000118,-51.75,0.0,8,74.18326553091265,61.46
FOLLOW,-,TRACKING,1.959848,2.0130972343864078,60.27414737630476,-51.749999540650165,3.0331789549197236e-08,3.0000000000001137,76.10400000000118,-51.75,0.0,8,74.18326553091265,61.480000000000004
FOLLOW,-,TRACKING,1.989848,2.043097234386693,60.3148593209925,-51.74999953941489,3.037274656606843e-08,3.0000000000001137,76.16400000000118,-51.75,0.0,8,74.18326553091265,61.50000000000001
FOLLOW,-,TRACKING,2.049848,2.0730972343869785,60.356171265680224,-51.749999538159614,3.0414293761570434e-08,3.0000000000001137,76.22400000000118,-51.75,0.0,8,74.18326553091265,61.52
FOLLOW,-,TRACKING,2.049848,2.1030972343865533,60.398083210367965,-51.749999536884346,3.045642623261433e-08,3.0000000000001137,76.28400000000119,-51.75,0.0,8,74.18326553091265,61.540000000000006
FOLLOW,-,TRACKING,2.109848,2.1330972343868386,60.4405951550557,-51.74999953558899,3.049913902432585e-08,3.0000000000001137,76.40400000000119,-51.75,0.0,8,74.48249090368493,61.56100000000001
FOLLOW,-,TRACKING,2.139848,2.163097234387124,60.483707099743434,-51.74999953427346,3.054242725093492e-08,3.0000000000001137,76.40400000000119,-51.75,0.0,8,74.48249090368493,61.580000000000005
FOLLOW,-,TRACKING,2.139848,2.1930972343859882,60.52741904443116,-51.74999953293768,3.058628622008201e-08,3.0000000000001137,76.46400000000119,-51.75,0.0,8,74.48249090368493,61.6
FOLLOW,-,TRACKING,2.169848,2.223097234386984,60.571730989118905,-51.74999953158156,3.063071156326261e-08,3.0000000000001137,76.5240000000012,-51.75,0.0,8,74.48249090368493,61.620000000000005
FOLLOW,-,TRACKING,2.229848,2.2530972343872695,60.61664293380664,-51.74999953020501,3.0675699388616674e-08,3.0000000000001137,76.5840000000012,-51.75,0.0,8,74.78263360339835,61.64
FOLLOW,-,TRACKING,2.259848,2.2830972343861338,60.66215487849438,-51.74999952880796,3.0721246429426335e-08,3.0000000000001137,76.7040000000012,-51.75,0.0,8,74.78263360339835,61.660000000000004
FOLLOW,-,TRACKING,2.259848,2.3130972343871297,60.708266823182115,-51.74999952739032,3.0767350160401325e-08,3.0000000000001137,76.7040000000012,-51.75,0.0,8,74.78263360339835,61.68000000000001
FOLLOW,-,TRACKING,2.319848,2.3430972343867045,60.754978767869844,-51.74999952595201,3.081400895879148e-08,3.0000000000001137,76.7640000000012,-51.75,0.0,8,74.78263360339835,61.7
FOLLOW,-,TRACKING,2.349848,2.3730972343862793,60.80229071255757,-51.74999952449294,3.0861222219443114e-08,3.0000000000001137,76.8240000000012,-51.75,0.0,8,74.78263360339835,61.720000000000006
FOLLOW,-,TRACKING,2.349848,2.403097232674867,60.850202657228195,-51.74999952301296,3.09089307807227e-08,3.0000000000001137,76.88400000000121,-51.75,0.0,8,74.78263360339835,61.74
FOLLOW,-,TRACKING,2.379848,2.433097208052715,60.89871460150928,-51.74999952151026,3.0955838078481e-08,3.0000000000001137,76.94400000000121,-51.75,0.0,9,75.0820973809282,61.760000000000005
FOLLOW,-,TRACKING,2.439848,2.463097189099273,60.94782654539258,-51.74999951998507,3.1002131992913376e-08,3.0000000000001137,77.06400000000122,-51.75,0.0,9,75.0820973809282,61.78
FOLLOW,-,TRACKING,2.439848,2.4930971864080225,60.99753848907382,-51.74999951843873,3.1048837151181034e-08,3.0000000000001137,77.06400000000122,-51.75,0.0,9,75.0820973809282,61.801
FOLLOW,-,TRACKING,2.469848,2.523097206606906,61.04785043311833,-51.749999516872045,3.1096620567794e-08,3.0000000000001137,77.18400000000122,-51.75,0.0,9,75.0820973809282,61.821000000000005
FOLLOW,-,TRACKING,2.499848,2.553097232338786,61.098762377630194,-51.749999515286405,3.114660201016733e-08,3.0000000000001137,77.18400000000122,-51.75,0.0,9,75.0820973809282,61.84
FOLLOW,-,TRACKING,2.559848,2.5830972343868557,61.150274322317934,-51.749999513680294,3.119778059374911e-08,3.0000000000001137,77.24400000000122,-51.75,0.0,9,75.38067850498649,61.86000000000001
FOLLOW,-,TRACKING,2.559848,2.6130972343864305,61.202386267005664,-51.749999512052774,3.124955210581712e-08,3.0000000000001137,77.30400000000122,-51.75,0.0,9,75.38067850498649,61.88
FOLLOW,-,TRACKING,2.619848,2.643097234386716,61.2550982116934,-51.74999951040379,3.130192604591111e-08,3.0000000000001137,77.42400000000123,-51.75,0.0,9,75.38067850498649,61.900000000000006
FOLLOW,-,TRACKING,2.649848,2.6730972343870016,61.30841015638114,-51.74999950873325,3.135491243046064e-08,3.0000000000001137,77.48400000000123,-51.75,0.0,9,75.38067850498649,61.92100000000001
FOLLOW,-,TRACKING,2.649848,2.7030972343865765,61.36232210106888,-51.74999950704107,3.140852141262535e-08,3.0000000000001137,77.54400000000123,-51.75,0.0,9,75.68170282046671,61.940000000000005
FOLLOW,-,TRACKING,2.709848,2.733097234386862,61.41683404575661,-51.74999950532717,3.146276303530553e-08,3.0000000000001137,77.60400000000124,-51.75,0.0,9,75.68170282046671,61.96
FOLLOW,-,TRACKING,2.709848,2.7630972343864366,61.47194599044434,-51.74999950359146,3.151764680434156e-08,3.0000000000001137,77.60400000000124,-51.75,0.0,9,75.68170282046671,61.980000000000004
FOLLOW,-,TRACKING,2.739848,2.793097234386722,61.527657935132076,-51.749999501833855,3.157318139337439e-08,3.0000000000001137,77.66400000000124,-51.75,0.0,9,75.68170282046671,62.00000000000001
FOLLOW,-,TRACKING,2.799848,2.8230972343870073,61.58396987981981,-51.74999950005425,3.162937417702036e-08,3.0000000000001137,77.78400000000124,-51.75,0.0,9,75.68170282046671,62.02
FOLLOW,-,TRACKING,2.829848,2.8530972343858716,61.64088182450754,-51.749999498252556,3.168623092138081e-08,3.0000000000001137,77.84400000000124,-51.75,0.0,9,75.98030613777573,62.040000000000006
FOLLOW,-,TRACKING,2.859848,2.8830972343868675,61.69839376919528,-51.749999496428664,3.1743755438885245e-08,3.0000000000001137,77.90400000000125,-51.75,0.0,9,75.98030613777573,62.06
FOLLOW,-,TRACKING,2.889848,2.9130972261363306,61.75650571380051,-51.74999949458285,3.180223693057678e-08,3.0000000000001137,77.90400000000125,-51.75,0.0,9,75.98030613777573,62.080000000000005
FOLLOW,-,TRACKING,2.919848,2.943097145964658,61.815217657264235,-51.74999949271768,3.186368535020365e-08,3.0000000000001137,78.02400000000125,-51.75,0.0,9,75.98030613777573,62.1
FOLLOW,-,TRACKING,2.949848,2.9730970530899024,61.874529598703845,-51.74999949083064,3.192641457496848e-08,3.0000000000001137,78.08400000000125,-51.75,0.0,9,75.98030613777573,62.121
FOLLOW,-,TRACKING,2.949848,3.0030970320886765,61.93444153935773,-51.74999948892094,3.198994343474666e-08,3.0000000000001137,78.08400000000125,-51.75,0.0,9,76.27996368301258,62.14
FOLLOW,-,TRACKING,3.009848,3.033097086589011,61.99495348072145,-51.749999486988074,3.2053967845208177e-08,3.0000000000001137,78.14400000000126,-51.75,0.0,9,76.27996368301258,62.160000000000004
FOLLOW,-,TRACKING,3.009848,3.063097200620747,62.05606542415262,-51.74999948503124,3.211798488284994e-08,3.0000000000001137,78.20400000000126,-51.75,0.0,9,76.27996368301258,62.18000000000001
FOLLOW,-,TRACKING,3.039848,3.0930972343874443,62.11777736877397,-51.74999948304815,3.2180316031300954e-08,3.0000000000001137,78.32400000000126,-51.75,0.0,9,76.27996368301258,62.2
FOLLOW,-,TRACKING,3.099848,3.1230972343863086,62.1800893134617,-51.7499994810416,3.224302603853986e-08,3.0000000000001137,78.32400000000126,-51.75,0.0,9,76.27996368301258,62.221000000000004
FOLLOW,-,TRACKING,3.099848,3.153097234386594,62.24300125814944,-51.74999947901175,3.230633003132226e-08,3.0000000000001137,78.38400000000127,-51.75,0.0,9,76.57720545738661,62.24
FOLLOW,-,TRACKING,3.159848,3.18309723438759,62.30651320283718,-51.74999947695848,3.23702112505149e-08,3.0000000000001137,78.50400000000127,-51.75,0.0,9,76.57720545738661,62.260000000000005
FOLLOW,-,TRACKING,3.159848,3.2130972343864537,62.37062514752491,-51.749999474881626,3.243465308853443e-08,3.0000000000001137,78.50400000000127,-51.75,0.0,9,76.57720545738661,62.28
FOLLOW,-,TRACKING,3.219848,3.2430972343860285,62.43533709221265,-51.74999947278108,3.249963987899372e-08,3.0000000000001137,78.56400000000127,-51.75,0.0,9,76.57720545738661,62.300000000000004
FOLLOW,-,TRACKING,3.249848,3.2730972343870244,62.500649036900384,-51.74999947065669,3.256515770332396e-08,3.0000000000001137,78.62400000000127,-51.75,0.0,9,76.57720545738661,62.32000000000001
FOLLOW,-,TRACKING,3.249848,3.303097234386599,62.56656098158811,-51.74999946850835,3.263119513081104e-08,3.0000000000001137,78.68400000000128,-51.75,0.0,9,76.87729774359916,62.34
FOLLOW,-,TRACKING,3.309848,3.333097234386174,62.633072926275844,-51.749999466335936,3.269774396661991e-08,3.0000000000001137,78.74400000000128,-51.75,0.0,9,76.87729774359916,62.36000000000001
FOLLOW,-,TRACKING,3.339848,3.3630971964832677,62.70018487055472,-51.74999946413768,3.276358520132483e-08,3.0000000000001137,78.80400000000128,-51.75,0.0,9,76.87729774359916,62.38
FOLLOW,-,TRACKING,3.369848,3.3930970145959813,62.767896811743924,-51.7499994619125,3.282787881699753e-08,3.0000000000001137,78.86400000000128,-51.75,0.0,9,76.87729774359916,62.401
FOLLOW,-,TRACKING,3.369848,3.42309690627829,62.836208750288286,-51.74999945966246,3.2892180657344636e-08,3.0000000000001137,78.92400000000129,-51.75,0.0,9,76.87729774359916,62.42
FOLLOW,-,TRACKING,3.429848,3.4530968997302134,62.90512068818466,-51.749999457388014,3.2956894887673364e-08,3.0000000000001137,78.98400000000129,-51.75,0.0,9,77.17482950901147,62.440000000000005
FOLLOW,-,TRACKING,3.429848,3.4830969988988167,62.97463262753446,-51.749999455089615,3.302244946100521e-08,3.0000000000001137,79.04400000000129,-51.75,0.0,9,77.17482950901147,62.46
FOLLOW,-,TRACKING,3.459848,3.513097188902493,63.0447445703019,-51.7499994527679,3.3089426774902344e-08,3.0000000000001137,79.10400000000129,-51.75,0.0,9,77.17482950901147,62.480000000000004
FOLLOW,-,TRACKING,3.489848,3.5430972343867504,63.115456514953514,-51.74999945042496,3.315955286734271e-08,3.0000000000001137,79.1640000000013,-51.75,0.0,9,77.17482950901147,62.502
FOLLOW,-,TRACKING,3.519848,3.573097234387037,63.18676845964124,-51.74999944805727,3.323040027632181e-08,3.0000000000001137,79.2240000000013,-51.75,0.0,9,77.17482950901147,62.52
FOLLOW,-,TRACKING,3.579848,3.6030972343859013,63.25868040432897,-51.74999944566458,3.330186750698356e-08,3.0000000000001137,79.3440000000013,-51.75,0.0,9,77.47415042137156,62.540000000000006
FOLLOW,-,TRACKING,3.579848,3.6330972343868972,63.33119234901671,-51.74999944324678,3.337397893682017e-08,3.0000000000001137,79.3440000000013,-51.75,0.0,9,77.47415042137156,62.56
FOLLOW,-,TRACKING,3.639848,3.6630972343871826,63.40430429370444,-51.74999944080378,3.34467575141511e-08,3.0000000000001137,79.4040000000013,-51.75,0.0,9,77.47415042137156,62.580000000000005
FOLLOW,-,TRACKING,3.639848,3.693097234386047,63.47801623839217,-51.74999943833547,3.352022329832381e-08,3.0000000000001137,79.4640000000013,-51.75,0.0,9,77.47415042137156,62.6
FOLLOW,-,TRACKING,3.669848,3.7230972343870428,63.552328183079915,-51.74999943584168,3.3594392140992157e-08,3.0000000000001137,79.52400000000131,-51.75,0.0,9,77.77373787946395,62.620000000000005
FOLLOW,-,TRACKING,3.729848,3.7530972001548,63.627240127423,-51.74999943332364,3.3670256475923294e-08,3.0000000000001137,79.64400000000131,-51.75,0.0,9,77.77373787946395,62.64
FOLLOW,-,TRACKING,3.729848,3.783096951221412,63.70275206770477,-51.74999943078311,3.374932179812725e-08,3.0000000000001137,79.64400000000131,-51.75,0.0,9,77.77373787946395,62.660000000000004
FOLLOW,-,TRACKING,3.789848,3.813096790514694,63.77886400416068,-51.749999428217414,3.382983303037798e-08,3.0000000000001137,79.70400000000132,-51.75,0.0,9,77.77373787946395,62.68000000000001
FOLLOW,-,TRACKING,3.789848,3.8430967617230776,63.85557593936846,-51.74999942562568,3.3911270143670676e-08,3.0000000000001137,79.76400000000132,-51.75,0.0,9,77.77373787946395,62.7
FOLLOW,-,TRACKING,3.819848,3.873096870996309,63.932887876069096,-51.749999423007,3.399307541446163e-08,3.0000000000001137,79.82400000000132,-51.75,0.0,9,77.77373787946395,62.720000000000006
FOLLOW,-,TRACKING,3.879848,3.903097115662748,64.01079981699495,-51.74999942036048,3.407468816423632e-08,3.0000000000001137,79.88400000000132,-51.75,0.0,9,77.77373787946395,62.74
FOLLOW,-,TRACKING,3.879848,3.933097234387618,64.08931176154205,-51.74999941768356,3.4154188024450185e-08,3.0000000000001137,79.94400000000132,-51.75,0.0,9,78.07151597494624,62.760000000000005
FOLLOW,-,TRACKING,3.909848,3.9630972343871926,64.16842370622979,-51.74999941497923,3.423380265453921e-08,3.0000000000001137,80.00400000000133,-51.75,0.0,9,78.07151597494624,62.78
FOLLOW,-,TRACKING,3.939848,3.9930972343853464,64.24813565091752,-51.74999941224797,3.431398902901943e-08,3.0000000000001137,80.06400000000133,-51.75,0.0,9,78.07151597494624,62.800000000000004
FOLLOW,-,TRACKING,3.969848,4.023097234386342,64.32844759560525,-51.74999940948961,3.439471449200177e-08,3.0000000000001137,80.18400000000133,-51.75,0.0,9,78.07151597494624,62.82000000000001
FOLLOW,-,TRACKING,3.999848,4.048597234387331,64.40928304258453,-51.74999940670661,3.447587259146227e-08,3.0000000000001137,80.18400000000133,-51.75,0.0,9,78.37009379559358,62.84
FOLLOW,-,TRACKING,4.055348,4.078597234385485,64.49070498727225,-51.74999940389662,3.4557502124677814e-08,3.0000000000001137,80.30400000000134,-51.75,0.0,9,78.37009379559358,62.861000000000004
FOLLOW,-,TRACKING,4.085348,4.108597185494035,64.57272693146864,-51.749999401057565,3.46384966312382e-08,3.0000000000001137,80.30400000000134,-51.75,0.0,9,78.37009379559358,62.88
FOLLOW,-,TRACKING,4.115348,4.138596866917511,64.65534887034948,-51.74999939818739,3.4717303163767785e-08,3.0000000000001137,80.42400000000134,-51.75,0.0,9,78.37009379559358,62.900000000000006
FOLLOW,-,TRACKING,4.145348,4.168596671456727,64.73857080455834,-51.74999939528852,3.47956768419222e-08,3.0000000000001137,80.48400000000134,-51.75,0.0,9,78.37009379559358,62.92
FOLLOW,-,TRACKING,4.145348,4.198596641541031,64.82239273732434,-51.74999939236169,3.487426833309346e-08,3.0000000000001137,80.48400000000134,-51.75,0.0,9,78.66826455591864,62.940000000000005
FOLLOW,-,TRACKING,4.205348,4.22859678443075,64.90681467208286,-51.74999938940773,3.4953776967492955e-08,3.0000000000001137,80.54400000000135,-51.75,0.0,9,78.66826455591864,62.96
FOLLOW,-,TRACKING,4.235348,4.2585970943733304,64.99183661222067,-51.74999938642737,3.503489898840634e-08,3.0000000000001137,80.60400000000135,-51.75,0.0,9,78.66826455591864,62.980000000000004
FOLLOW,-,TRACKING,4.235348,4.288453827430773,65.07745712272431,-51.74999938342297,3.5119561880789e-08,3.0000000000001137,80.66400000000135,-51.75,0.0,9,78.66826455591864,63.00000000000001
FOLLOW,-,TRACKING,4.265348,4.315395148822178,65.16361769932254,-51.74999938039282,3.520516584544132e-08,3.0000000000001137,80.78400000000136,-51.75,0.0,9,78.66826455591864,63.02
FOLLOW,-,TRACKING,4.32032624,4.340373911321651,65.25027869470999,-51.74999937733767,3.5291314904120555e-08,3.0000000000001137,80.78400000000136,-51.75,0.0,9,78.96652815356987,63.040000000000006
FOLLOW,-,TRACKING,4.32032624,4.36678989733821,65.33746976655411,-51.74999937425644,3.537807890880459e-08,3.0000000000001137,80.84400000000136,-51.75,0.0,9,78.96652815356987,63.06
FOLLOW,-,TRACKING,4.37080971,4.391873182031249,65.42516408860546,-51.74999937114995,3.546546599616899e-08,3.0000000000001137,80.90400000000136,-51.75,0.0,9,78.96652815356987,63.080000000000005
FOLLOW,-,TRACKING,4.39552319,4.416435222204031,65.51335116581083,-51.74999936801893,3.555385265834715e-08,3.0000000000001137,80.96400000000136,-51.75,0.0,9,78.96652815356987,63.1
FOLLOW,-,TRACKING,4.39552319,4.440462579476902,65.60202060099229,-51.74999936486653,3.5645476864204845e-08,3.0000000000001137,81.02400000000137,-51.75,0.0,9,78.96652815356987,63.120000000000005
FOLLOW,-,TRACKING,4.44343563,4.463968544489207,65.69116213088587,-51.74999936169042,3.573856275591833e-08,3.0000000000001137,81.08400000000137,-51.75,0.0,9,79.26579894873026,63.14
FOLLOW,-,TRACKING,4.44343563,4.471711562840143,65.7805850916752,-51.7499993584923,3.58291726937366e-08,3.0000000000001137,81.14400000000137,-51.75,0.0,9,79.26579894873026,63.160000000000004
FOLLOW,-,TRACKING,4.46664517,4.476025425336163,65.87009715449747,-51.74999935528286,3.5919858124852327e-08,3.0000000000001137,81.20400000000137,-51.75,0.0,9,79.26579894873026,63.18000000000001
FOLLOW,-,TRACKING,4.47602543,4.479594449975368,65.95968283371293,-51.74999935206235,3.6010395496698525e-08,3.0000000000001137,81.32400000000138,-51.75,0.0,9,79.26579894873026,63.2
FOLLOW,-,TRACKING,4.47602543,4.482779894203761,66.04933337354869,-51.74999934883125,3.610087737053775e-08,3.0000000000001137,81.32400000000138,-51.75,0.0,9,79.26579894873026,63.220000000000006
FOLLOW,-,TRACKING,4.47959445,4.48664464953197,66.13904371128399,-51.74999934558953,3.619115363744001e-08,3.0000000000001137,81.38400000000138,-51.75,0.0,9,79.56700641516558,63.24
FOLLOW,-,TRACKING,4.48277989,4.490509404874389,66.2288468031474,-51.74999934233628,3.628147112732137e-08,3.0000000000001137,81.44400000000138,-51.75,0.0,9,79.56700641516558,63.260000000000005
FOLLOW,-,TRACKING,4.4905094,4.493669144920888,66.31871520521666,-51.7499993390724,3.637175864409555e-08,3.0000000000001137,81.50400000000138,-51.75,0.0,9,79.56700641516558,63.28
FOLLOW,-,TRACKING,4.49366914,4.496828884968808,66.40864680208689,-51.74999933579795,3.646197827497027e-08,3.0000000000001137,81.56400000000139,-51.75,0.0,9,79.56700641516558,63.300000000000004
FOLLOW,-,TRACKING,4.49682888,4.499627852055712,66.49863525976853,-51.7499993325131,3.655209872839607e-08,3.0000000000001137,81.62400000000139,-51.75,0.0,9,79.56700641516558,63.32000000000001
FOLLOW,-,TRACKING,4.49682888,4.502079207043154,66.588673439717,-51.74999932921785,3.6641898888351623e-08,3.0000000000001137,81.68400000000139,-51.75,0.0,8,79.86635847191191,63.34
FOLLOW,-,TRACKING,4.49962785,4.5055981886861245,66.67877934351928,-51.749999325911396,3.673127053806064e-08,3.0000000000001137,81.74400000000139,-51.75,0.0,8,79.86635847191191,63.36000000000001
FOLLOW,-,TRACKING,4.50559819,4.50877857463752,66.76894987077387,-51.749999322594114,3.6820416070883875e-08,3.0000000000001137,81.8040000000014,-51.75,0.0,8,79.86635847191191,63.38
FOLLOW,-,TRACKING,4.50559819,4.511626433085783,66.85917820103383,-51.749999319266784,3.6909692222273494e-08,3.0000000000001137,81.8640000000014,-51.75,0.0,8,79.86635847191191,63.400000000000006
FOLLOW,-,TRACKING,4.50877857,4.5141194696753955,66.94945710255067,-51.74999931592966,3.69991142475641e-08,3.0000000000001137,81.9240000000014,-51.75,0.0,8,79.86635847191191,63.42
FOLLOW,-,TRACKING,4.51162643,4.516263513039578,67.03977958361466,-51.74999931258309,3.708878235272479e-08,3.0000000000001137,81.9840000000014,-51.75,0.0,8,79.86635847191191,63.440000000000005
FOLLOW,-,TRACKING,4.51411947,4.519485612988208,67.13016412793378,-51.74999930922623,3.717858925408254e-08,3.0000000000001137,82.0440000000014,-51.75,0.0,7,80.1678956754182,63.46
FOLLOW,-,TRACKING,4.51948561,4.522374319122949,67.22060733543297,-51.749999305859134,3.726851614546379e-08,3.0000000000001137,82.16400000000141,-51.75,0.0,7,80.1678956754182,63.480000000000004
FOLLOW,-,TRACKING,4.51948561,4.524935744910866,67.31110242617525,-51.74999930248212,3.735859951239491e-08,3.0000000000001137,82.16400000000141,-51.75,0.0,7,80.1678956754182,63.50000000000001
FOLLOW,-,TRACKING,4.52237432,4.527147397595857,67.40164244969557,-51.74999929909544,3.744886686823606e-08,3.0000000000001137,82.28400000000141,-51.75,0.0,7,80.1678956754182,63.52
FOLLOW,-,TRACKING,4.52493574,4.529015017013196,67.49221304335009,-51.74999929569973,3.753939001291043e-08,3.0000000000001137,82.28400000000141,-51.75,0.0,8,80.46928331389026,63.540000000000006
FOLLOW,-,TRACKING,4.52901502,4.488851093151427,67.58222673127891,-51.74999929230751,3.7622203093852124e-08,3.0000000000001137,82.34400000000142,-51.75,0.0,8,80.46928331389026,63.56
FOLLOW,-,TRACKING,4.52901502,4.4475666321361045,67.67143807384197,-51.74999928893702,3.7703437961612054e-08,3.0000000000001137,82.40400000000142,-51.75,0.0,8,80.46928331389026,63.580000000000005
FOLLOW,-,TRACKING,4.4440651,4.402634935152608,67.75974010447949,-51.74999928559284,3.7783251965574784e-08,3.0000000000001137,82.46400000000142,-51.75,0.0,8,80.46928331389026,63.601000000000006
FOLLOW,-,TRACKING,4.4440651,4.359897856710407,67.84720423399901,-51.74999928227451,3.7863006520590785e-08,3.0000000000001137,82.52400000000142,-51.75,0.0,8,80.46928331389026,63.620000000000005
FOLLOW,-,TRACKING,4.35578001,4.315585408761538,67.93378291170502,-51.749999278984035,3.7942844569555834e-08,3.0000000000001137,82.64400000000143,-51.75,0.0,8,80.46928331389026,63.64
FOLLOW,-,TRACKING,4.31138798,4.275175319578753,68.01954056192574,-51.74999927572055,3.802392122076704e-08,3.0000000000001137,82.64400000000143,-51.75,0.0,10,80.76753620232483,63.660000000000004
FOLLOW,-,TRACKING,4.31138798,4.234453039489952,68.10446971342101,-51.749999272484466,3.8106309446983865e-08,3.0000000000001137,82.70400000000143,-51.75,0.0,10,80.76753620232483,63.68000000000001
FOLLOW,-,TRACKING,4.27196063,4.194890049650726,68.18860809660666,-51.74999926927549,3.819091753958043e-08,3.0000000000001137,82.82400000000143,-51.75,0.0,10,80.76753620232483,63.7
FOLLOW,-,TRACKING,4.19285108,4.155185680359355,68.27195347800078,-51.74999926608964,3.827464075314322e-08,3.0000000000001137,82.88400000000144,-51.75,0.0,10,80.76753620232483,63.721000000000004
FOLLOW,-,TRACKING,4.15307433,4.115301739230405,68.35450225259483,-51.74999926292934,3.8359090695901135e-08,3.0000000000001137,82.88400000000144,-51.75,0.0,10,81.06821090730712,63.74
FOLLOW,-,TRACKING,4.15307433,4.078628918144036,68.43628474768536,-51.74999925979471,3.844522265277747e-08,3.0000000000001137,82.94400000000144,-51.75,0.0,10,81.06821090730712,63.760000000000005
FOLLOW,-,TRACKING,4.07788076,4.0432875934968155,68.51736145232849,-51.74999925668142,3.8531573364820436e-08,3.0000000000001137,83.06400000000144,-51.75,0.0,10,81.06821090730712,63.78
FOLLOW,-,TRACKING,4.04251346,4.007820660231689,68.59772981748281,-51.74999925358931,3.8617843274692317e-08,3.0000000000001137,83.12400000000144,-51.75,0.0,10,81.06821090730712,63.800000000000004
FOLLOW,-,TRACKING,4.04251346,3.972154050843815,68.6773865984759,-51.74999925051823,3.870372460523765e-08,3.0000000000001137,83.12400000000144,-51.75,0.0,10,81.06821090730712,63.82000000000001
FOLLOW,-,TRACKING,3.97131116,3.9362710372770975,68.75632744608649,-51.74999924746806,3.8788883093131084e-08,3.0000000000001137,83.18400000000145,-51.75,0.0,10,81.06821090730712,63.84
FOLLOW,-,TRACKING,3.93538495,3.8994811315149063,68.83454113158534,-51.74999924443917,3.887310337377116e-08,3.0000000000001137,83.24400000000145,-51.75,0.0,10,81.36739611022671,63.86000000000001
FOLLOW,-,TRACKING,3.93538495,3.8621787725503536,68.91201029553288,-51.74999924143179,3.895589642173501e-08,3.0000000000001137,83.30400000000145,-51.75,0.0,10,81.36739611022671,63.88
FOLLOW,-,TRACKING,3.89823538,3.8246612121810157,68.98873060358692,-51.749999238445966,3.903697196078255e-08,3.0000000000001137,83.36400000000145,-51.75,0.0,10,81.36739611022671,63.900000000000006
FOLLOW,3@27.747759,TRACKING,3.82328604,3.786946872898514,69.06469794803004,-51.749999235481845,3.911612239115926e-08,3.0000000000001137,83.42400000000146,-51.75,0.0,10,81.36739611022671,63.92
FOLLOW,3@27.747759,TRACKING,3.78551499,3.7483941809298953,69.13990205346478,-51.74999923253691,3.919088383856242e-08,3.0000000000001137,83.48400000000146,-51.75,0.0,10,81.66356751267013,63.940000000000005
FOLLOW,3@27.747759,TRACKING,3.74662726,3.7634020916073068,69.21506984006645,-51.74999922958784,3.9265672448188654e-08,3.0000000000001137,83.60400000000146,-51.75,0.0,10,81.66356751267013,63.96
FOLLOW,3@27.747759,TRACKING,3.76365853,3.7808469147776718,69.2905823875934,-51.74999922661971,3.934089063592356e-08,3.0000000000001137,83.66400000000147,-51.75,0.0,10,81.66356751267013,63.980000000000004
FOLLOW,3@27.747759,TRACKING,3.78120677,3.798819145363555,69.36645013987159,-51.74999922363204,3.9416567102587455e-08,3.0000000000001137,83.66400000000147,-51.75,0.0,10,81.66356751267013,64.0
FOLLOW,3@28.031124,TRACKING,3.78120677,3.814801710913687,69.44262261451445,-51.749999220626755,3.9492663973471875e-08,3.0000000000001137,83.72400000000147,-51.75,0.0,10,81.66356751267013,64.02000000000001
FOLLOW,3@28.031124,TRACKING,3.81680808,3.8334957478738856,69.51919314510899,-51.749999217602216,3.957091393875146e-08,3.0000000000001137,83.78400000000147,-51.75,0.0,10,81.66356751267013,64.04
FOLLOW,3@28.031124,TRACKING,3.83373043,3.851142608553462,69.5961243644389,-51.74999921455833,3.9650286266191214e-08,3.0000000000001137,83.84400000000147,-51.75,0.0,10,81.96196907018405,64.06
FOLLOW,3@28.031124,TRACKING,3.85124416,3.8679334258617386,69.67338362919936,-51.74999921149568,3.973026618587192e-08,3.0000000000001137,83.96400000000148,-51.75,0.0,10,81.96196907018405,64.08
FOLLOW,3@28.031124,TRACKING,3.86816858,3.8843789577015313,69.75097659348381,-51.7499992084136,3.981060498726394e-08,3.0000000000001137,84.02400000000148,-51.75,0.0,10,81.96196907018405,64.10000000000001
FOLLOW,3@28.283401,TRACKING,3.86816858,3.9001906401082946,69.82889112701478,-51.74999920531194,3.98908542627574e-08,3.0000000000001137,84.02400000000148,-51.75,0.0,10,82.25917503168918,64.12
FOLLOW,3@28.283401,TRACKING,3.8845137,3.9154186901129178,69.90711546662301,-51.749999202190764,3.997075958008545e-08,3.0000000000001137,84.08400000000148,-51.75,0.0,10,82.25917503168918,64.14
FOLLOW,3@28.283401,TRACKING,3.91543575,3.8864367785848257,69.98499921014164,-51.749999199070906,4.004563283566329e-08,3.0000000000001137,84.14400000000148,-51.75,0.0,10,82.25917503168918,64.161
FOLLOW,3@28.283401,TRACKING,3.91543575,3.8552171757075397,70.06228076307517,-51.74999919597094,4.012111664822806e-08,3.0000000000001137,84.20400000000149,-51.75,0.0,10,82.25917503168918,64.18
FOLLOW,3@28.283401,TRACKING,3.85508143,3.8238619215690077,70.13893521029343,-51.749999192893235,4.01981933296287e-08,3.0000000000001137,84.26400000000149,-51.75,0.0,10,82.25917503168918,64.2
FOLLOW,3@28.554236,TRACKING,3.82372617,3.794535243405053,70.21505483363917,-51.74999918983105,4.027465830379581e-08,3.0000000000001137,84.32400000000149,-51.75,0.0,10,82.25917503168918,64.22
FOLLOW,3@28.554236,TRACKING,3.79207346,3.760360566482748,70.29044418768963,-51.74999918679241,4.0350304256133385e-08,3.0000000000001137,84.4440000000015,-51.75,0.0,11,82.56180989904117,64.24000000000001
FOLLOW,3@28.554236,TRACKING,3.79207346,3.732397043749816,70.36523487295536,-51.74999918377568,4.042802128400025e-08,3.0000000000001137,84.4440000000015,-51.75,0.0,11,82.56180989904117,64.26
FOLLOW,3@28.554236,TRACKING,3.76016997,3.704413558047295,70.43946799741319,-51.74999918077661,4.050582810675491e-08,3.0000000000001137,84.5040000000015,-51.75,0.0,11,82.56180989904117,64.28
FOLLOW,3@28.554236,TRACKING,3.732397,3.676226095582538,70.51313941516216,-51.749999177795296,4.058364683063268e-08,3.0000000000001137,84.5640000000015,-51.75,0.0,11,82.56180989904117,64.3
YIELD,3@28.800135,TRACKING,3.67622603,3.647752165470311,70.58624422079332,-51.74999917483181,4.0661293294361016e-08,3.0000000000001137,84.6240000000015,-51.75,0.0,11,82.56180989904117,64.32000000000001
YIELD,3@28.800135,TRACKING,3.67622603,3.618152961703916,70.65876829553713,-51.74999917188675,4.07387052944695e-08,3.0000000000001137,84.7440000000015,-51.75,0.0,11,82.8626525839871,64.34
YIELD,3@28.800135,TRACKING,3.64775205,3.593362739948705,70.73077547197373,-51.749999168955895,4.0814614284846845e-08,3.0000000000001137,84.80400000000151,-51.75,0.0,11,82.8626525839871,64.36
YIELD,3@28.800135,TRACKING,3.61815273,3.568332336723759,70.80225941332127,-51.749999166040666,4.0889789705711674e-08,3.0000000000001137,84.80400000000151,-51.75,0.0,11,82.8626525839871,64.38000000000001
YIELD,3@28.800135,TRACKING,3.56833234,3.5430845446640573,70.87324035405567,-51.74999916314007,4.096398866687758e-08,3.0000000000001137,84.92400000000151,-51.75,0.0,11,82.8626525839871,64.4
YIELD,3@29.083548,TRACKING,3.54308454,3.517522804698106,70.94371288322752,-51.74999916025442,4.1037183800636493e-08,3.0000000000001137,84.98400000000152,-51.75,0.0,11,83.16530919612455,64.42
YIELD,3@29.083548,TRACKING,3.54308454,3.491651659700781,71.01367077129355,-51.749999157384,4.1109279265845023e-08,3.0000000000001137,84.98400000000152,-51.75,0.0,11,83.16530919612455,64.44
YIELD,3@29.083548,TRACKING,3.49165166,3.4695541438765103,71.08315464556647,-51.749999154524815,4.1178410601775806e-08,3.0000000000001137,85.10400000000152,-51.75,0.0,11,83.16530919612455,64.46000000000001
YIELD,3@29.083548,TRACKING,3.49165166,3.447187537318544,71.15219334055504,-51.7499991516792,4.124709509622802e-08,3.0000000000001137,85.16400000000152,-51.75,0.0,11,83.16530919612455,64.48
YIELD,3@29.083548,TRACKING,3.44718754,3.4245581088470116,71.22078154968338,-51.74999914884754,4.131540099097448e-08,3.0000000000001137,85.16400000000152,-51.75,0.0,11,83.16530919612455,64.5
YIELD,3@29.316484,TRACKING,3.42455811,3.4012560106475602,71.28890909854807,-51.74999914603037,4.138333018592743e-08,3.0000000000001137,85.22400000000152,-51.75,0.0,11,83.16530919612455,64.52000000000001
YIELD,3@29.316484,TRACKING,3.42455811,3.377953912448109,71.3565706063046,-51.749999143225246,4.144877151792547e-08,3.0000000000001137,85.28400000000153,-51.75,0.0,11,83.46289410735656,64.54
YIELD,3@29.316484,TRACKING,3.37795391,3.3582533211955505,71.4238105896745,-51.74999914043316,4.151375571020413e-08,3.0000000000001137,85.34400000000153,-51.75,0.0,11,83.46289410735656,64.56
YIELD,3@29.316484,TRACKING,3.35825332,3.338264686675532,71.49065281878545,-51.7499991376526,4.1577852383115116e-08,3.0000000000001137,85.40400000000153,-51.75,0.0,11,83.46289410735656,64.58
YIELD,3@29.316484,TRACKING,3.33826469,3.3179879212781342,71.55709153122156,-51.749999134884234,4.1641283146402455e-08,3.0000000000001137,85.46400000000153,-51.75,0.0,11,83.46289410735656,64.601
YIELD,3@29.586485,TRACKING,3.31798792,3.297350403954627,71.62312001975778,-51.74999913212851,4.1704139016427935e-08,3.0000000000001137,85.52400000000154,-51.75,0.0,11,83.46289410735656,64.62
YIELD,3@29.586485,TRACKING,3.31798792,3.2763570224005916,71.68873113226232,-51.749999129386,4.1766527111042477e-08,3.0000000000001137,85.58400000000154,-51.75,0.0,10,83.7652275814473,64.64
YIELD,3@29.586485,TRACKING,3.2973504,3.2531502917123616,71.75389581163577,-51.74999912665781,4.1828270039274644e-08,3.0000000000001137,85.64400000000154,-51.75,0.0,10,83.7652275814473,64.66000000000001
YIELD,3@29.586485,TRACKING,3.27635702,3.2295853074373353,71.81859205653733,-51.74999912394548,4.1889735678618734e-08,3.0000000000001137,85.70400000000154,-51.75,0.0,10,83.7652275814473,64.68
YIELD,3@29.586485,TRACKING,3.22958531,3.2056682657781748,71.88281277564948,-51.749999121249495,4.195101996030858e-08,3.0000000000001137,85.82400000000155,-51.75,0.0,10,83.7652275814473,64.7
YIELD,3@29.798463,TRACKING,3.22958531,3.181442837224327,71.94655167663772,-51.74999911857036,4.201225524165889e-08,3.0000000000001137,85.82400000000155,-51.75,0.0,10,83.7652275814473,64.72
YIELD,3@29.798463,TRACKING,3.18144284,3.156915840392574,72.00980274953153,-51.7499991159089,4.207379384176929e-08,3.0000000000001137,85.94400000000155,-51.75,0.0,10,84.0632540390569,64.741
YIELD,3@29.798463,TRACKING,3.18144284,3.1359813019378207,72.07260592799987,-51.74999911326511,4.2136946317891516e-08,3.0000000000001137,85.94400000000155,-51.75,0.0,10,84.0632540390569,64.76
YIELD,3@29.798463,TRACKING,3.1359813,3.1147872878563048,72.13498723666233,-51.749999110635095,4.219962763904611e-08,3.0000000000001137,86.06400000000156,-51.75,0.0,10,84.0632540390569,64.78
YIELD,3@29.798463,TRACKING,3.1359813,3.093340142967807,72.19694162760234,-51.74999910801913,4.226182150522208e-08,3.0000000000001137,86.06400000000156,-51.75,0.0,10,84.0632540390569,64.8
YIELD,3@30.063956,TRACKING,3.09334014,3.071567863827343,72.25846317419914,-51.749999105417544,4.23235135461302e-08,3.0000000000001137,86.18400000000156,-51.75,0.0,10,84.0632540390569,64.82000000000001
YIELD,3@30.063956,TRACKING,3.09334014,3.0494751705703065,72.31954543072551,-51.749999102832135,4.238580292074688e-08,3.0000000000001137,86.18400000000156,-51.75,0.0,12,84.36267303910527,64.84
YIELD,3@30.063956,TRACKING,3.07156786,3.031531416129954,72.38022078838164,-51.74999910026119,4.24484662526697e-08,3.0000000000001137,86.24400000000156,-51.75,0.0,12,84.36267303910527,64.86
YIELD,3@30.063956,TRACKING,3.04947517,3.0133102730758337,72.44055155429325,-51.74999909770147,4.25110682836129e-08,3.0000000000001137,86.30400000000157,-51.75,0.0,12,84.36267303910527,64.88000000000001
YIELD,3@30.063956,TRACKING,3.01331027,2.9948183351393736,72.50051437843244,-51.74999909515389,4.257349109329476e-08,3.0000000000001137,86.36400000000157,-51.75,0.0,12,84.36267303910527,64.9
YIELD,3@30.320846,TRACKING,2.99481834,2.975972431087828,72.56010276333762,-51.74999909261867,4.263565783675228e-08,3.0000000000001137,86.48400000000157,-51.75,0.0,12,84.36267303910527,64.92
YIELD,3@30.320846,TRACKING,2.97597243,2.956777172414607,72.61930968929416,-51.74999909009626,4.269760523802276e-08,3.0000000000001137,86.48400000000157,-51.75,0.0,12,84.66433164200721,64.94
YIELD,3@30.320846,TRACKING,2.97597243,2.940109141235328,72.67816689406534,-51.7499990875846,4.275879099088171e-08,3.0000000000001137,86.54400000000157,-51.75,0.0,12,84.66433164200721,64.96000000000001
YIELD,3@30.320846,TRACKING,2.94010914,2.923122990466712,72.73668628455377,-51.74999908508374,4.281960786823205e-08,3.0000000000001137,86.66400000000158,-51.75,0.0,12,84.66433164200721,64.98
YIELD,3@30.320846,TRACKING,2.94010914,2.90582545849816,72.79486159231317,-51.749999082593966,4.2879983465685806e-08,3.0000000000001137,86.66400000000158,-51.75,0.0,12,84.66433164200721,65.0
YIELD,3@30.510922,TRACKING,2.90582546,2.888165370393384,72.85268587297094,-51.74999908011556,4.293986319343064e-08,3.0000000000001137,86.72400000000158,-51.75,0.0,12,84.66433164200721,65.02000000000001
YIELD,3@30.510922,TRACKING,2.90582546,2.8701483028186234,72.91015197022334,-51.74999907764883,4.2999186062225475e-08,3.0000000000001137,86.78400000000158,-51.75,0.0,14,84.96464656362998,65.04
YIELD,3@30.510922,TRACKING,2.88816537,2.861909155449011,72.96741144971455,-51.74999874426017,2.3439152709957053e-05,3.0000000000001137,86.84400000000159,-51.75,0.0,14,84.96464656362998,65.06
YIELD,3@30.510922,TRACKING,2.85548047,2.8508321710606066,73.02446880079074,-51.74999507167216,0.00013068244343843066,3.0000000000001137,86.90400000000159,-51.75,0.0,14,84.96464656362998,65.08
YIELD,3@30.510922,TRACKING,2.84049289,2.8377135663451982,73.0812770834072,-51.74998219341606,0.0003631914410758908,3.0000000000001137,87.02400000000159,-51.75,0.0,14,84.96464656362998,65.101
YIELD,3@30.763681,TRACKING,2.84049289,2.8229958787642206,73.13779422854498,-51.74995239339346,0.0007496129366846171,3.0000000000001137,87.02400000000159,-51.75,0.0,14,84.96464656362998,65.12
YIELD,3@30.763681,TRACKING,2.80951148,2.8072194434924755,73.1939993051619,-51.749896849547845,0.0013057309756831649,3.0000000000001137,87.0840000000016,-51.75,0.0,14,84.96464656362998,65.14
YIELD,3@30.763681,TRACKING,2.79345535,2.7938636066043165,73.24992086296739,-51.74980608774527,0.002042454647333915,3.0000000000001137,87.2040000000016,-51.75,0.0,13,85.26610056524177,65.161
YIELD,3@30.763681,TRACKING,2.78033199,2.779762135884042,73.30555749178934,-51.749670630260965,0.0029692289075839403,3.0000000000001137,87.2640000000016,-51.75,0.0,13,85.26610056524177,65.18
YIELD,3@30.763681,TRACKING,2.76686737,2.7651277238750898,73.36091099519852,-51.74948027128784,0.004086316422440006,3.0000000000001137,87.2640000000016,-51.75,0.0,13,85.26610056524177,65.2
YIELD,3@37.236657,TRACKING,2.75306854,2.749880964479251,73.41598981900094,-51.74922537252302,0.005387583498058161,3.0000000000001137,87.3240000000016,-51.75,0.0,13,85.26610056524177,65.22
YIELD,3@37.236657,TRACKING,2.75306854,2.734591248789489,73.47074095087626,-51.74889711383028,0.006880512580343982,3.0000000000001137,87.3840000000016,-51.75,0.0,11,85.56728981833389,65.24000000000001
YIELD,3@37.236657,TRACKING,2.7388759,2.7338963463321444,73.52538715193887,-51.74848038201981,0.00852245849380167,3.0000000000001137,87.44400000000161,-51.75,0.0,11,85.56728981833389,65.26
YIELD,3@37.236657,TRACKING,2.75279536,2.7661215802388104,73.5805510294797,-51.74796536460832,0.01021377238021114,3.0000000000001137,87.56400000000161,-51.75,0.0,11,85.56728981833389,65.28
YIELD,3@37.236657,TRACKING,2.78279536,2.7909666474878114,73.63624853922643,-51.74734939560955,0.01187622211069963,3.0000000000001137,87.56400000000161,-51.75,0.0,11,85.56728981833389,65.3
YIELD,3@37.296732,TRACKING,2.78279536,2.817453394782643,73.69246440435306,-51.7466337019058,0.013454100613629541,3.0000000000001137,87.62400000000162,-51.75,0.0,11,85.56728981833389,65.321
YIELD,3@37.296732,TRACKING,2.81279536,2.8466100596421335,73.74924487136614,-51.74582331013005,0.014924084691183273,3.0000000000001137,87.68400000000162,-51.75,0.0,12,85.86707054097545,65.34
YIELD,3@37.296732,TRACKING,2.84279536,2.875893422149333,73.80661739940058,-51.74492154030873,0.016273504937535804,3.0000000000001137,87.74400000000162,-51.75,0.0,12,85.86707054097545,65.36
YIELD,3@37.296732,TRACKING,2.90129536,2.9071969871334318,73.86459243711246,-51.74393455877903,0.017473403097371182,3.0000000000001137,87.80400000000162,-51.75,0.0,12,85.86707054097545,65.38000000000001
YIELD,3@37.296732,TRACKING,2.90129536,2.9422871569827924,73.92324895635883,-51.742870274945304,0.018504529680932254,3.0000000000001137,87.86400000000162,-51.75,0.0,12,85.86707054097545,65.4
YIELD,3@37.783345,TRACKING,2.96129536,2.970346666094041,73.98248737229014,-51.74173801943059,0.01934872395945224,3.0000000000001137,87.98400000000163,-51.75,0.0,12,85.86707054097545,65.42
YIELD,3@37.783345,TRACKING,2.96129536,3.0021330994860134,74.04234803145687,-51.74054933683719,0.020012327993807363,3.0000000000001137,87.98400000000163,-51.75,0.0,12,86.1687162404052,65.44
YIELD,3@37.783345,TRACKING,2.99129536,3.037376817263636,74.1029136340377,-51.73931483151942,0.020537368406770742,3.0000000000001137,88.04400000000163,-51.75,0.0,12,86.1687162404052,65.46000000000001
YIELD,3@37.783345,TRACKING,3.02129536,3.0692438759327274,74.16412322965373,-51.738039661437234,0.020970495513612717,3.0000000000001137,88.10400000000163,-51.75,0.0,12,86.1687162404052,65.48
YIELD,3@37.783345,TRACKING,3.05129536,3.100676129547996,74.22596330526149,-51.73672789253594,0.02133639991171149,3.0000000000001137,88.16400000000164,-51.75,0.0,12,86.1687162404052,65.5
YIELD,3@37.783345,TRACKING,3.11129536,3.1318398678182198,74.28842829067726,-51.73538271736892,0.021649517539252365,3.0000000000001137,88.22400000000164,-51.75,0.0,12,86.1687162404052,65.52000000000001
YIELD,3@37.783345,TRACKING,3.14129536,3.1627341921617464,74.35151236283639,-51.73400657935079,0.021922156289597386,3.0000000000001137,88.28400000000164,-51.75,0.0,12,86.47056846038127,65.54
YIELD,3@37.783345,TRACKING,3.17129536,3.186260366838812,74.41507936216642,-51.732598875966325,0.022133386048043276,3.0000000000001137,88.34400000000164,-51.75,0.0,12,86.47056846038127,65.56
YIELD,3@37.783345,TRACKING,3.20129536,3.2169091437077277,74.47923883691213,-51.73116719692122,0.022247963275048906,3.0000000000001137,88.46400000000165,-51.75,0.0,12,86.47056846038127,65.581
YIELD,3@37.783345,TRACKING,3.20129536,3.2487393795445603,74.54403661292825,-51.72971823031755,0.02228313040079924,3.0000000000001137,88.46400000000165,-51.75,0.0,12,86.47056846038127,65.60000000000001
YIELD,3@37.965167,TRACKING,3.26129536,3.280017644829972,74.609462670465,-51.728256259069404,0.0222596731067188,3.0000000000001137,88.52400000000165,-51.75,0.0,12,86.47056846038127,65.62
YIELD,3@37.965167,TRACKING,3.29129536,3.3109689973706673,74.67550972681977,-51.72678458335614,0.02219261038339513,3.0000000000001137,88.58400000000165,-51.75,0.0,12,86.77214385187095,65.64
YIELD,3@37.965167,TRACKING,3.32129536,3.3438484555609143,74.74221579305484,-51.72530632050424,0.02210404826096167,3.0000000000001137,88.64400000000165,-51.75,0.0,12,86.77214385187095,65.66000000000001
YIELD,3@37.965167,TRACKING,3.32129536,3.3738164792571057,74.80952522960868,-51.723820948414144,0.022011592260143372,3.0000000000001137,88.70400000000166,-51.75,0.0,12,86.77214385187095,65.68
YIELD,3@37.965167,TRACKING,3.35129536,3.4038367698329126,74.87743506719181,-51.72232875753645,0.021915707630390763,3.0000000000001137,88.76400000000166,-51.75,0.0,12,86.77214385187095,65.7
YIELD,3@38.187571,TRACKING,3.41129536,3.433945599417281,74.94594651172957,-51.72083009967004,0.021816639842535467,3.0000000000001137,88.88400000000166,-51.75,0.0,12,86.77214385187095,65.72
YIELD,3@38.187571,TRACKING,3.41129536,3.4641455664674985,75.01506310143814,-51.719325274145454,0.021716162128384585,3.0000000000001137,88.88400000000166,-51.75,0.0,12,86.77214385187095,65.74300000000001
YIELD,3@38.187571,TRACKING,3.44129536,3.4942533457060394,75.08478185142323,-51.71781424253566,0.021616359890377544,3.0000000000001137,88.94400000000167,-51.75,0.0,12,87.07386788606694,65.76
YIELD,3@38.187571,TRACKING,3.50129536,3.524307706490627,75.15510060992298,-51.71629700932881,0.021517439847236745,3.0000000000001137,89.00400000000167,-51.75,0.0,12,87.07386788606694,65.78
YIELD,3@38.187571,TRACKING,3.53129536,3.554946819491628,75.22603313497952,-51.71477381144929,0.021418958780904374,3.0000000000001137,89.06400000000167,-51.75,0.0,12,87.07386788606694,65.8
YIELD,3@38.355862,TRACKING,3.53129536,3.5849814295662403,75.2975664198111,-51.71324476142015,0.021320407974267815,3.0000000000001137,89.18400000000167,-51.75,0.0,12,87.07386788606694,65.82000000000001
YIELD,3@38.355862,TRACKING,3.56129536,3.6130744731139735,75.36966177368338,-51.7117106289024,0.021230615705856364,3.0000000000001137,89.18400000000167,-51.75,0.0,12,87.37529372349526,65.84100000000001
YIELD,3@38.355862,TRACKING,3.62129536,3.638359527520802,75.44227183495053,-51.71017105134252,0.021178206965124218,3.0000000000001137,89.24400000000168,-51.75,0.0,12,87.37529372349526,65.86
YIELD,3@38.355862,TRACKING,3.62129536,3.6676573130850154,75.51545163505843,-51.70862083377636,0.021196385021910284,3.0000000000001137,89.30400000000168,-51.75,0.0,12,87.37529372349526,65.88000000000001
YIELD,3@38.355862,TRACKING,3.65129536,3.69701979731801,75.5892180470137,-51.707054215104876,0.02129018028486305,3.0000000000001137,89.36400000000168,-51.75,0.0,12,87.37529372349526,65.9
YIELD,3@38.355862,TRACKING,3.71129536,3.7264670683410586,75.6635726645199,-51.7054653626891,0.021462525796061737,3.0000000000001137,89.48400000000169,-51.75,0.0,12,87.6743850560919,65.92
YIELD,3@38.355862,TRACKING,3.74129536,3.756018628150462,75.73851747665279,-51.70384811710544,0.02171524747559519,3.0000000000001137,89.54400000000169,-51.75,0.0,12,87.6743850560919,65.94
YIELD,3@38.355862,TRACKING,3.77129536,3.782521238564998,75.81400408805818,-51.70219702404989,0.022058409600138894,3.0000000000001137,89.54400000000169,-51.75,0.0,12,87.6743850560919,65.96000000000001
YIELD,3@38.355862,TRACKING,3.80129536,3.8111526705596463,75.89005690433798,-51.70050207778246,0.022516060025198806,3.0000000000001137,89.66400000000169,-51.75,0.0,12,87.6743850560919,65.98
YIELD,3@38.355862,TRACKING,3.80129536,3.843203013808224,75.96673752632653,-51.69875348856286,0.02309755494451976,3.0000000000001137,89.66400000000169,-51.75,0.0,12,87.6743850560919,66.0
YIELD,-,TRACKING,3.86129536,3.8765665240147706,76.04408198252592,-51.69694131421961,0.023806342940990478,3.0000000000001137,89.7840000000017,-51.75,0.0,12,87.6743850560919,66.02000000000001
YIELD,-,TRACKING,3.89129536,3.9071216424248334,76.12203567663366,-51.695054912224286,0.0246460252933763,3.0000000000001137,89.7840000000017,-51.75,0.0,12,87.97514673547084,66.04
YIELD,-,TRACKING,3.89129536,3.9335236633140167,76.20054364958126,-51.69308402422606,0.02562820853284466,3.0000000000001137,89.8440000000017,-51.75,0.0,12,87.97514673547084,66.06
YIELD,-,TRACKING,3.95129536,3.9650759685416834,76.2796477763799,-51.691013944572454,0.026784162728949665,3.0000000000001137,89.9040000000017,-51.75,0.0,12,87.97514673547084,66.08
YIELD,-,TRACKING,3.95129536,3.996528655983957,76.3593784382028,-51.68882866221848,0.028112538074144846,3.0000000000001137,89.9640000000017,-51.75,0.0,12,87.97514673547084,66.10000000000001
YIELD,-,TRACKING,4.01129536,4.0278275177033525,76.4397323170599,-51.6865130229491,0.02960894018728847,3.0000000000001137,90.08400000000171,-51.75,0.0,12,87.97514673547084,66.12
YIELD,-,TRACKING,4.01129536,4.058574805317805,76.52070029536802,-51.684052045718374,0.03127117130691513,3.0000000000001137,90.08400000000171,-51.75,0.0,12,87.97514673547084,66.14
YIELD,-,TRACKING,4.07129536,4.075937238378092,76.602141944093,-51.68144435689812,0.03310039669692803,3.0000000000001137,90.14400000000171,-51.75,0.0,12,88.27708929294319,66.16000000000001
YIELD,-,TRACKING,4.06409178,4.076538489511362,76.68363377261151,-51.67869073500507,0.03513468663594091,3.0000000000001137,90.26400000000172,-51.75,0.0,12,88.27708929294319,66.18
YIELD,-,TRACKING,4.05269623,4.065094005589388,76.76495186294133,-51.67577134589915,0.03737035711364144,3.0000000000001137,90.26400000000172,-51.75,0.0,12,88.27708929294319,66.2
YIELD,-,TRACKING,4.05269623,4.044457289130415,76.84590100030202,-51.67267278963825,0.03977447252167896,3.0000000000001137,90.32400000000172,-51.75,0.0,12,88.27708929294319,66.22
YIELD,-,TRACKING,4.04010104,4.0154089863376115,76.92628055968677,-51.669384457428485,0.04231692850900275,3.0000000000001137,90.38400000000172,-51.75,0.0,12,88.27708929294319,66.24000000000001
YIELD,-,TRACKING,4.01361217,3.9856195691759555,77.00610078457228,-51.66591195263484,0.0450019295176173,3.0000000000001137,90.50400000000172,-51.75,0.0,13,88.57531453698972,66.26
YIELD,-,TRACKING,3.9799163,3.9531462984008687,77.08527460187125,-51.66225263496758,0.04787632584341404,3.0000000000001137,90.50400000000172,-51.75,0.0,13,88.57531453698972,66.28
YIELD,-,TRACKING,3.94557495,3.9139267203411174,77.16369804372478,-51.6584012907656,0.05094647351698099,3.0000000000001137,90.62400000000173,-51.75,0.0,13,88.57531453698972,66.3
YIELD,-,TRACKING,3.91059077,3.875564323822759,77.24135311753365,-51.65434741789668,0.05417566145007109,3.0000000000001137,90.62400000000173,-51.75,0.0,13,88.57531453698972,66.32000000000001
YIELD,-,TRACKING,3.91059077,3.8364332258656377,77.3181953589412,-51.650085258236096,0.05752728410355827,3.0000000000001137,90.68400000000173,-51.75,0.0,13,88.87575020682252,66.34
YIELD,-,TRACKING,3.83991644,3.8041525791804243,77.39435165696669,-51.64561298644879,0.06100454797434785,3.0000000000001137,90.80400000000174,-51.75,0.0,13,88.87575020682252,66.36
YIELD,-,TRACKING,3.80371549,3.769780215456293,77.46981622288179,-51.64092310091516,0.0646466405993753,3.0000000000001137,90.80400000000174,-51.75,0.0,13,88.87575020682252,66.38000000000001
YIELD,-,TRACKING,3.76730008,3.7331511114350184,77.54454631587686,-51.63600639907748,0.06847638210558864,3.0000000000001137,90.92400000000174,-51.75,0.0,13,88.87575020682252,66.4
CRUISE,-,TRACKING,3.76730008,3.6904268937753337,77.61842341277669,-51.63084740270998,0.07246874381677808,3.0000000000001137,90.92400000000174,-51.75,0.0,13,88.87575020682252,66.42
CRUISE,-,TRACKING,3.69385607,3.6497354670331514,77.69145904915483,-51.625442329436126,0.07657193972100908,3.0000000000001137,90.98400000000174,-51.75,0.0,13,89.17607430869535,66.44
CRUISE,-,TRACKING,3.69385607,3.6170269876391656,77.76378633321633,-51.61980090356613,0.08078923019160687,3.0000000000001137,91.04400000000174,-51.75,0.0,13,89.17607430869535,66.46000000000001
CRUISE,-,TRACKING,3.61864082,3.581741399411816,77.83539215488088,-51.61387508069504,0.08514644381941153,3.0000000000001137,91.16400000000175,-51.75,0.0,13,89.17607430869535,66.48100000000001
CRUISE,-,TRACKING,3.58043438,3.550252392199236,77.90631322877204,-51.6076802020433,0.08967180741796911,3.0000000000001137,91.22400000000175,-51.75,0.0,13,89.17607430869535,66.5
CRUISE,-,TRACKING,3.58043438,3.5236147689433266,77.97662663736128,-51.60123714784633,0.09437928818055917,3.0000000000001137,91.22400000000175,-51.75,0.0,13,89.17607430869535,66.52000000000001
CRUISE,-,TRACKING,3.50349178,3.499748270785288,78.04643197556948,-51.594530859334704,0.09923137513013644,3.0000000000001137,91.28400000000175,-51.75,0.0,13,89.17607430869535,66.54
CRUISE,-,TRACKING,3.50349178,3.4679383428197537,78.11564036954194,-51.58753223775492,0.1041889958693552,3.0000000000001137,91.40400000000176,-51.75,0.0,13,89.47538512526866,66.56
CRUISE,-,TRACKING,3.42843649,3.434399255469683,78.18415753484837,-51.58026883176446,0.10928874612722148,3.0000000000001137,91.46400000000176,-51.75,0.0,13,89.47538512526866,66.581
CRUISE,-,TRACKING,3.42843649,3.399951661410119,78.25195718735604,-51.57273727709976,0.11455144501617254,3.0000000000001137,91.52400000000176,-51.75,0.0,13,89.47538512526866,66.60000000000001
CRUISE,-,TRACKING,3.39196577,3.3616387460364647,78.31897251885586,-51.56492774589583,0.1199706238324231,3.0000000000001137,91.52400000000176,-51.75,0.0,13,89.47538512526866,66.62
CRUISE,-,TRACKING,3.31861235,3.3194626480661156,78.38510291592972,-51.55682943806513,0.12548274446983576,3.0000000000001137,91.58400000000177,-51.75,0.0,14,89.7739413845077,66.64
CRUISE,-,TRACKING,3.31861235,3.284782133914801,78.45049344429383,-51.54846713528916,0.13108516533065007,3.0000000000001137,91.64400000000177,-51.75,0.0,14,89.7739413845077,66.66000000000001
CRUISE,-,TRACKING,3.28168684,3.244507799306042,78.5150689823921,-51.53983049917739,0.13677422064511208,3.0000000000001137,91.70400000000177,-51.75,0.0,14,89.7739413845077,66.68
CRUISE,-,TRACKING,3.20365108,3.1998486289594994,78.57869015213947,-51.530928900478806,0.14248791944560782,3.0000000000001137,91.82400000000177,-51.75,0.0,14,89.7739413845077,66.7
CRUISE,-,TRACKING,3.20365108,3.156740360097875,78.64140438847393,-51.52176966574928,0.14818176089988747,3.0000000000001137,91.88400000000178,-51.75,0.0,14,89.7739413845077,66.72
CRUISE,-,TRACKING,3.16437302,3.120413180784182,78.70337160220306,-51.51235371460633,0.15384186592596488,3.0000000000001137,91.88400000000178,-51.75,0.0,15,90.07268775306984,66.74000000000001
CRUISE,-,TRACKING,3.08345079,3.103589401385717,78.7647133026679,-51.502674080964624,0.15948738510893037,3.0000000000001137,92.00400000000178,-51.75,0.0,15,90.07268775306984,66.76
CRUISE,-,TRACKING,3.08345079,3.105986481887367,78.8260008355455,-51.492644916330235,0.16521906133574552,3.0000000000001137,92.00400000000178,-51.75,0.0,15,90.07268775306984,66.78
CRUISE,-,TRACKING,3.08248352,3.110518614028377,78.8873191853099,-51.482247197549334,0.17101508272861757,3.0000000000001137,92.06400000000178,-51.75,0.0,15,90.07268775306984,66.8
CRUISE,-,TRACKING,3.08248352,3.1084493578681105,78.9485683264496,-51.471491464131034,0.17683444859098424,3.0000000000001137,92.18400000000179,-51.75,0.0,15,90.07268775306984,66.822
CRUISE,-,TRACKING,3.08276113,3.0955399055116155,79.00956063724429,-51.46040489614477,0.18262428617763984,3.0000000000001137,92.18400000000179,-51.75,0.0,14,90.37065939586383,66.84
CRUISE,-,TRACKING,3.08276113,3.0778288881033973,79.07012624660186,-51.44907322400942,0.18839456394645718,3.0000000000001137,92.24400000000179,-51.75,0.0,14,90.37065939586383,66.86
CRUISE,-,TRACKING,3.0824704,3.090424133861702,79.13072759792034,-51.43734577051477,0.19421131532438798,3.0000000000001137,92.30400000000179,-51.75,0.0,14,90.37065939586383,66.88000000000001
CRUISE,-,TRACKING,3.09913931,3.1041547921602093,79.191522292524,-51.425212308786264,0.20006554741533647,3.0000000000001137,92.3640000000018,-51.75,0.0,14,90.37065939586383,66.9
CRUISE,-,TRACKING,3.13241054,3.1194079929388105,79.25253224304288,-51.41265926252092,0.20592785132729127,3.0000000000001137,92.4240000000018,-51.75,0.0,14,90.37065939586383,66.92
CRUISE,-,TRACKING,3.13241054,3.1346313041512617,79.31376113721852,-51.39967541556291,0.21177322945926735,3.0000000000001137,92.4840000000018,-51.75,0.0,14,90.37065939586383,66.94
CRUISE,-,TRACKING,3.16459097,3.1529623187364235,79.37526712433679,-51.38628569678324,0.2176424935625896,3.0000000000001137,92.5440000000018,-51.75,0.0,15,90.6662131596219,66.96000000000001
CRUISE,-,TRACKING,3.1897868,3.177160345112002,79.43714074693297,-51.37242495862857,0.2235894477720023,3.0000000000001137,92.6040000000018,-51.75,0.0,15,90.6662131596219,66.98
CRUISE,-,TRACKING,3.1897868,3.2052923711992194,79.4994623657421,-51.35806745303509,0.22959376625548633,3.0000000000001137,92.6640000000018,-51.75,0.0,15,90.6662131596219,67.0
CRUISE,-,TRACKING,3.21480387,3.2318367388383185,79.5622118914702,-51.343208686297594,0.2356217655065082,3.0000000000001137,92.72400000000181,-51.75,0.0,15,90.6662131596219,67.02000000000001
CRUISE,-,TRACKING,3.23964983,3.258662422542779,79.62539714144097,-51.32784615523714,0.24165282266807706,3.0000000000001137,92.78400000000181,-51.75,0.0,16,90.96227749527644,67.04
CRUISE,-,TRACKING,3.26413956,3.272702367191537,79.68882328950387,-51.312026406089224,0.24768944991598263,3.0000000000001137,92.90400000000182,-51.75,0.0,16,90.96227749527644,67.06
CRUISE,-,TRACKING,3.3118253,3.2948853119736694,79.75253769935321,-51.29572426904662,0.25381020931180226,3.0000000000001137,92.90400000000182,-51.75,0.0,16,90.96227749527644,67.08
CRUISE,-,TRACKING,3.33504862,3.3227072182436466,79.8166656770354,-51.27889123384802,0.2600130993876464,3.0000000000001137,93.02400000000182,-51.75,0.0,16,90.96227749527644,67.105
CRUISE,-,TRACKING,3.33504862,3.348263419500452,79.88119041340947,-51.26152311735075,0.26625617984886013,3.0000000000001137,93.02400000000182,-51.75,0.0,16,90.96227749527644,67.12
CRUISE,-,TRACKING,3.35795542,3.3741448597365316,79.9461017355315,-51.24361702410841,0.27250920899228204,3.0000000000001137,93.08400000000182,-51.75,0.0,16,90.96227749527644,67.14
CRUISE,-,TRACKING,3.3805584,3.406229703068684,80.01151227818123,-51.22520999086771,0.2788237268974435,3.0000000000001137,93.14400000000182,-51.75,0.0,16,91.26336045585248,67.16000000000001
CRUISE,-,TRACKING,3.42456404,3.4494640619461263,80.0775963466296,-51.20622354299195,0.28525477029067947,3.0000000000001137,93.26400000000183,-51.75,0.0,16,91.26336045585248,67.18
CRUISE,-,TRACKING,3.44599041,3.492363635181796,80.144402202198,-51.186437744870986,0.2917055885701508,3.0000000000001137,93.32400000000183,-51.75,0.0,16,91.26336045585248,67.20100000000001
CRUISE,-,TRACKING,3.46715066,3.511326505896176,80.21147885652681,-51.16607254359759,0.29813829901564903,3.0000000000001137,93.32400000000183,-51.75,0.0,16,91.26336045585248,67.22
CRUISE,-,TRACKING,3.46715066,3.5310190143684923,80.2787981913878,-51.14516072203808,0.304541642176185,3.0000000000001137,93.38400000000183,-51.75,0.0,15,91.56431451187535,67.24000000000001
CRUISE,-,TRACKING,3.50871774,3.5575781025659596,80.34648100674372,-51.123660442425184,0.3109549139196233,3.0000000000001137,93.44400000000184,-51.75,0.0,15,91.56431451187535,67.26
CRUISE,-,TRACKING,3.50871774,3.5792514705839205,80.4144337426346,-51.101590694070616,0.31744740928135573,3.0000000000001137,93.56400000000184,-51.75,0.0,15,91.56431451187535,67.28
CRUISE,-,TRACKING,3.52881443,3.597186382534482,80.4826061810448,-51.07895688086002,0.32399388162321546,3.0000000000001137,93.56400000000184,-51.75,0.0,15,91.56431451187535,67.3
CRUISE,-,TRACKING,3.54869074,3.614060015057974,80.55094574304348,-51.055769221714705,0.33055023043465476,3.0000000000001137,93.62400000000184,-51.75,0.0,15,91.56431451187535,67.32000000000001
CRUISE,-,TRACKING,3.58781099,3.630819123990111,80.61944976477567,-51.032018538383134,0.33708783104140894,3.0000000000001137,93.68400000000184,-51.75,0.0,15,91.56431451187535,67.34
CRUISE,-,TRACKING,3.6070719,3.642756376945103,80.68805551236453,-51.00767620223644,0.3436065044784685,3.0000000000001137,93.74400000000185,-51.75,0.0,15,91.86491956650102,67.36
CRUISE,-,TRACKING,3.6070719,3.644865768938877,80.75656653928374,-50.98275781579617,0.3501325259034001,3.0000000000001137,93.80400000000185,-51.75,0.0,15,91.86491956650102,67.38000000000001
CRUISE,-,TRACKING,3.62558944,3.6400461537425413,80.82477656245521,-50.95728309120744,0.3565909009455226,3.0000000000001137,93.86400000000185,-51.75,0.0,15,91.86491956650102,67.4
CRUISE,-,TRACKING,3.66210609,3.64875082268628,80.89295940939164,-50.93145145432557,0.3630760108247307,3.0000000000001137,93.92400000000185,-51.75,0.0,15,91.86491956650102,67.42
CRUISE,-,TRACKING,3.68012514,3.6624493175445725,80.96123530362195,-50.905209574122246,0.36957882705414985,3.0000000000001137,94.04400000000186,-51.75,0.0,14,92.1655946397422,67.441
CRUISE,-,TRACKING,3.69799379,3.68918658781354,81.02981255366889,-50.878395853697704,0.37611693130699436,3.0000000000001137,94.04400000000186,-51.75,0.0,14,92.1655946397422,67.46000000000001
CRUISE,-,TRACKING,3.69799379,3.702992964657133,81.09854025512104,-50.85100458501678,0.3827257307037895,3.0000000000001137,94.10400000000186,-51.75,0.0,14,92.1655946397422,67.48
CRUISE,-,TRACKING,3.71506802,3.7157178769592587,81.16730523192554,-50.82307017410177,0.3893624413427196,3.0000000000001137,94.16400000000186,-51.75,0.0,14,92.1655946397422,67.5
CRUISE,-,TRACKING,3.73201428,3.733098547234591,81.23617814936804,-50.79454261434636,0.395993633024225,3.0000000000001137,94.22400000000187,-51.75,0.0,14,92.1655946397422,67.52000000000001
CRUISE,-,TRACKING,3.76554949,3.7525287751633716,81.30522388385064,-50.76541324992061,0.4026111125765472,3.0000000000001137,94.28400000000187,-51.75,0.0,14,92.64597950575624,67.54
CRUISE,-,TRACKING,3.78215775,3.767684378500683,81.37437730705045,-50.7357624737152,0.409248663959502,3.0000000000001137,94.34400000000187,-51.75,0.0,14,92.64597950575624,67.56
CRUISE,-,TRACKING,3.7980621,3.7832277645098884,81.44364790552395,-50.70554052609377,0.41597572199406396,3.0000000000001137,94.46400000000187,-51.75,0.0,14,92.64597950575624,67.58
CRUISE,-,TRACKING,3.81388382,3.7961872883487566,81.51292804712811,-50.67469355221918,0.42273156512867155,3.0000000000001137,94.46400000000187,-51.75,0.0,14,92.64597950575624,67.60000000000001
CRUISE,-,TRACKING,3.82962533,3.813975070765314,81.58230015197303,-50.64322551890645,0.429495600203408,3.0000000000001137,94.58400000000188,-51.75,0.0,14,92.64597950575624,67.62
CRUISE,-,TRACKING,3.82962533,3.834373514929357,81.6518157137923,-50.61113573635486,0.43625505222610617,3.0000000000001137,94.58400000000188,-51.75,0.0,14,92.64597950575624,67.64
CRUISE,-,TRACKING,3.86091262,3.8574361476567653,81.72158509045546,-50.578500718612155,0.4430853503868542,3.0000000000001137,94.64400000000188,-51.75,0.0,16,92.96357081663916,67.66000000000001
CRUISE,-,TRACKING,3.87560188,3.8883064540320227,81.7916981302766,-50.54523899249911,0.45005538940864925,3.0000000000001137,94.70400000000188,-51.75,0.0,16,92.96357081663916,67.68
CRUISE,-,TRACKING,3.89024693,3.92046623379685,81.86222715731898,-50.51130074974429,0.45713801025238415,3.0000000000001137,94.76400000000189,-51.75,0.0,16,92.96357081663916,67.7
CRUISE,-,TRACKING,3.89024693,3.9354876002873915,81.93281853687199,-50.47669179988764,0.46421367894121357,3.0000000000001137,94.82400000000189,-51.75,0.0,16,92.96357081663916,67.72
CRUISE,-,TRACKING,3.90484925,3.9518696716084287,82.00340647256915,-50.44135908381823,0.47122638027407726,3.0000000000001137,94.88400000000189,-51.75,0.0,16,92.96357081663916,67.74000000000001
CRUISE,-,TRACKING,3.93398232,3.97570822086657,82.07413333516217,-50.40526219003311,0.4782155743359949,3.0000000000001137,94.94400000000189,-51.75,0.0,17,93.42123989294716,67.76
CRUISE,-,TRACKING,3.94756086,3.9948721019107323,82.14490984360017,-50.368400865848656,0.48524884196914225,3.0000000000001137,95.0040000000019,-51.75,0.0,17,93.42123989294716,67.78
CRUISE,-,TRACKING,3.94756086,4.0061064561408,82.215598944157,-50.330822538264485,0.49227541543530856,3.0000000000001137,95.0640000000019,-51.75,0.0,17,93.42123989294716,67.8
CRUISE,-,TRACKING,3.97470626,4.0162076452498585,82.28618800127957,-50.292641976507156,0.4992844873721068,3.0000000000001137,95.1240000000019,-51.75,0.0,17,93.42123989294716,67.82000000000001
CRUISE,-,TRACKING,3.98829309,4.021886667122061,82.35661996539949,-50.25384847019271,0.5062336724064057,3.0000000000001137,95.1840000000019,-51.75,0.0,16,93.7229982960608,67.84100000000001
CRUISE,-,TRACKING,4.00189588,4.020203919247756,82.426733240022,-50.214444268910725,0.5131029041944601,3.0000000000001137,95.3040000000019,-51.75,0.0,16,93.7229982960608,67.86
CRUISE,-,TRACKING,4.00189588,4.016208692366658,82.4964130529962,-50.17448626299247,0.5199649215871026,3.0000000000001137,95.3040000000019,-51.75,0.0,16,93.7229982960608,67.88000000000001
CRUISE,-,TRACKING,4.0274731,4.02332187384412,82.56589219726686,-50.13398720994083,0.5268677671061496,3.0000000000001137,95.36400000000191,-51.75,0.0,16,93.7229982960608,67.9
CRUISE,-,TRACKING,4.0274731,4.029830917983975,82.63524093361889,-50.09298464295299,0.5337982885305821,3.0000000000001137,95.42400000000191,-51.75,0.0,16,93.7229982960608,67.921
CRUISE,-,TRACKING,4.0532101,4.036982779775333,82.7044647193037,-50.051517677779685,0.5407368279807612,3.0000000000001137,95.48400000000191,-51.75,0.0,16,94.11821530217203,67.94
CRUISE,-,TRACKING,4.06615587,4.05511048301477,82.77374651461999,-50.00958057845323,0.5476973597851947,3.0000000000001137,95.54400000000192,-51.75,0.0,16,94.11821530217203,67.96000000000001
CRUISE,-,TRACKING,4.06615587,4.065286293865274,82.8429770789661,-49.96703995918766,0.5546418619732696,3.0000000000001137,95.60400000000192,-51.75,0.0,16,94.11821530217203,67.98
CRUISE,-,TRACKING,4.07798443,4.0670358774768545,82.9119709536401,-49.92397799422666,0.5617056939430011,3.0000000000001137,95.66400000000192,-51.75,0.0,16,94.11821530217203,68.0
CRUISE,-,TRACKING,4.1018452,4.080765667447247,82.98085248231355,-49.88030553143327,0.568808054557804,3.0000000000001137,95.72400000000192,-51.75,0.0,16,94.11821530217203,68.021
CRUISE,-,TRACKING,4.1018452,4.097696436069211,83.0496955079443,-49.83598625463324,0.5758873486540794,3.0000000000001137,95.78400000000192,-51.75,0.0,16,94.84706351200646,68.04
CRUISE,-,TRACKING,4.11389802,4.110746160880411,83.11850860716426,-49.791140424742494,0.5830004439320217,3.0000000000001137,95.84400000000193,-51.75,0.0,16,94.84706351200646,68.06
CRUISE,-,TRACKING,4.12603798,4.13324828013961,83.1874030773163,-49.745669176628695,0.5902344561205461,3.0000000000001137,95.90400000000193,-51.75,0.0,16,94.84706351200646,68.08
CRUISE,-,TRACKING,4.1480776,4.16048469236522,83.25646043629712,-49.699499161421016,0.5975792744204868,3.0000000000001137,95.96400000000193,-51.75,0.0,16,94.84706351200646,68.10000000000001
CRUISE,-,TRACKING,4.1480776,4.179590230777284,83.32562284047178,-49.65263822069283,0.60498143875626,3.0000000000001137,96.02400000000193,-51.75,0.0,16,94.84706351200646,68.12
CRUISE,-,TRACKING,4.15925127,4.190037179152057,83.39459055416633,-49.605121799548186,0.6123344330565244,3.0000000000001137,96.08400000000194,-51.75,0.0,16,95.14668699262558,68.14
CRUISE,-,TRACKING,4.17054961,4.203220632966188,83.46348333108867,-49.557068061725126,0.6197307095592202,3.0000000000001137,96.14400000000194,-51.75,0.0,16,95.14668699262558,68.16000000000001
CRUISE,-,TRACKING,4.19214108,4.212263608776614,83.53220219811166,-49.50839685964197,0.6272011909064092,3.0000000000001137,96.26400000000194,-51.75,0.0,16,95.14668699262558,68.18
CRUISE,-,TRACKING,4.20245051,4.221282854908247,83.6006566396286,-49.45905880706683,0.6346750197061438,3.0000000000001137,96.32400000000194,-51.75,0.0,16,95.14668699262558,68.20100000000001
CRUISE,-,TRACKING,4.21289505,4.228738958760168,83.66882855356188,-49.409081013430466,0.6420957659691103,3.0000000000001137,96.32400000000194,-51.75,0.0,16,95.14668699262558,68.22
CRUISE,-,TRACKING,4.22349888,4.2311851945124275,83.73664799360338,-49.358466128419536,0.6494354078140808,3.0000000000001137,96.38400000000195,-51.75,0.0,17,95.44723585005036,68.24000000000001
CRUISE,-,TRACKING,4.23425841,4.224284377037754,83.80392651429705,-49.30730615700359,0.6566845549133168,3.0000000000001137,96.44400000000195,-51.75,0.0,17,95.44723585005036,68.26
CRUISE,-,TRACKING,4.23425841,4.227027703264638,83.8706963888796,-49.25548489477819,0.6639233366454635,3.0000000000001137,96.50400000000195,-51.75,0.0,17,95.44723585005036,68.28
CRUISE,-,TRACKING,4.25390981,4.231443833637182,83.93714572425141,-49.203122027959495,0.6712220664024842,3.0000000000001137,96.62400000000196,-51.75,0.0,17,95.44723585005036,68.3
YIELD,5079@60.475642,TRACKING,4.25390981,4.237773554083946,84.00328719604762,-49.1502133096171,0.678535467352728,3.0000000000001137,96.62400000000196,-51.75,0.0,17,95.44723585005036,68.32000000000001
YIELD,5079@60.475642,TRACKING,4.27426386,4.247960985535034,84.06917862613616,-49.09666662674428,0.685815044087701,3.0000000000001137,96.68400000000196,-51.75,0.0,16,95.74723658342968,68.34
YIELD,5079@60.475642,TRACKING,4.28472026,4.266793736412488,84.13495282475375,-49.04245159617609,0.6931123873416423,3.0000000000001137,96.74400000000196,-51.75,0.0,16,95.74723658342968,68.36
YIELD,5079@60.475642,TRACKING,4.28472026,4.274787209338707,84.20046867126563,-48.98759849709588,0.7004673555360058,3.0000000000001137,96.80400000000196,-51.75,0.0,16,95.74723658342968,68.38000000000001
YIELD,5079@60.475642,TRACKING,4.29377332,4.2899580792011,84.26569481957041,-48.93199905246015,0.7077820494861579,3.0000000000001137,96.86400000000197,-51.75,0.0,16,95.74723658342968,68.4
YIELD,5079@60.615677,TRACKING,4.31247339,4.3132649795558615,84.33073168395522,-48.87550210908287,0.714900272192492,3.0000000000001137,96.92400000000197,-51.75,0.0,16,95.74723658342968,68.42
YIELD,5079@60.615677,TRACKING,4.31247339,4.334463466822224,84.3955688987429,-48.81811570186578,0.7219974361108042,3.0000000000001137,96.98400000000197,-51.75,0.0,18,96.04892679614777,68.44
YIELD,5079@60.615677,TRACKING,4.33202817,4.361284584908831,84.46053666197098,-48.7601348548663,0.729284288758365,3.0000000000001137,97.04400000000197,-51.75,0.0,18,96.04892679614777,68.46000000000001
YIELD,5079@60.615677,TRACKING,4.34045601,4.385815459666808,84.52569164941006,-48.70150727087704,0.7367823680874255,3.0000000000001137,97.10400000000197,-51.75,0.0,18,96.04892679614777,68.48
YIELD,5079@60.615677,TRACKING,4.3491155,4.392421420450766,84.59052446407091,-48.642268615110346,0.7443118274943831,3.0000000000001137,97.22400000000198,-51.75,0.0,18,96.04892679614777,68.5
YIELD,5079@60.475642,TRACKING,4.35800096,4.398400910007933,84.65499185779265,-48.582468158165895,0.7518252417733366,3.0000000000001137,97.22400000000198,-51.75,0.0,18,96.04892679614777,68.52000000000001
YIELD,5079@60.475642,TRACKING,4.35800096,4.403701843218142,84.71910195587645,-48.52213206206754,0.7592990532636481,3.0000000000001137,97.28400000000198,-51.75,0.0,22,96.35153625249015,68.54100000000001
YIELD,5079@60.475642,TRACKING,4.36714004,4.406044385411985,84.78298281801044,-48.461422968889316,0.7668271090747554,3.0000000000001137,97.34400000000198,-51.75,0.0,22,96.35153625249015,68.56
YIELD,5079@60.475642,TRACKING,4.37652664,4.394806957187575,84.84650237532702,-48.40057581278709,0.7745007213882866,3.0000000000001137,97.40400000000199,-51.75,0.0,22,96.35153625249015,68.58
YIELD,5079@60.475642,TRACKING,4.39248568,4.4012673322072,84.90959457879642,-48.33922971794164,0.7822065301886315,3.0000000000001137,97.46400000000199,-51.75,0.0,22,96.35153625249015,68.60000000000001
YIELD,5079@60.615677,TRACKING,4.4008523,4.40945714258053,84.97228142289144,-48.27724328691372,0.7898790325529782,3.0000000000001137,97.58400000000199,-51.75,0.0,22,96.35153625249015,68.622
YIELD,5079@60.615677,TRACKING,4.40950382,4.409760990419112,85.03443445039422,-48.21464579849707,0.7974509594216278,3.0000000000001137,97.58400000000199,-51.75,0.0,22,96.65329580409978,68.64
YIELD,5079@60.615677,TRACKING,4.41843323,4.394782332019838,85.09585038454672,-48.15165348738563,0.8049236255722279,3.0000000000001137,97.644000000002,-51.75,0.0,22,96.65329580409978,68.66000000000001
YIELD,5079@60.615677,TRACKING,4.41843323,4.395708871815759,85.15663104692204,-48.08816154431236,0.8123910279954251,3.0000000000001137,97.704000000002,-51.75,0.0,22,96.65329580409978,68.68
YIELD,5079@60.615677,TRACKING,4.43333603,4.404349199164029,85.21698343745084,-48.02404075662192,0.8198594978535453,3.0000000000001137,97.764000000002,-51.75,0.0,22,96.65329580409978,68.7
YIELD,5079@60.755712,TRACKING,4.44121868,4.4137984935420045,85.27694917246572,-47.95930993095669,0.8273013550615286,3.0000000000001137,97.824000000002,-51.75,0.0,22,96.65329580409978,68.72
YIELD,5079@60.755712,TRACKING,4.4494168,4.421442385417189,85.33650311805297,-47.89399017937431,0.8346789870981346,3.0000000000001137,97.884000000002,-51.75,0.0,22,96.65329580409978,68.741
YIELD,5079@60.755712,TRACKING,4.4494168,4.436189640805033,85.39578464470083,-47.82808712436872,0.8420649154772584,3.0000000000001137,97.944000000002,-51.75,0.0,20,96.95360954795369,68.76
YIELD,5079@60.755712,TRACKING,4.45792253,4.4406791051457715,85.45468253943193,-47.761633540587155,0.8495185904326563,3.0000000000001137,98.00400000000201,-51.75,0.0,20,96.95360954795369,68.78
YIELD,5079@60.755712,TRACKING,4.46471243,4.4433284256618935,85.51311644442613,-47.694702662093164,0.8569986986918874,3.0000000000001137,98.06400000000201,-51.75,0.0,20,96.95360954795369,68.80000000000001
YIELD,5079@60.895748,TRACKING,4.47182408,4.4553217716291975,85.57110926731166,-47.62716581755723,0.8644460250035979,3.0000000000001137,98.18400000000202,-51.75,0.0,20,96.95360954795369,68.82300000000001
YIELD,5079@60.895748,TRACKING,4.48701967,4.48163660348105,85.62875945255989,-47.558744022436805,0.8718084680180114,3.0000000000001137,98.18400000000202,-51.75,0.0,22,97.25632546053019,68.84
YIELD,5079@60.895748,TRACKING,4.49634293,4.525093481597033,85.68643334321155,-47.48929685283244,0.8792076535230909,3.0000000000001137,98.30400000000202,-51.75,0.0,22,97.25632546053019,68.86
YIELD,5079@60.895748,TRACKING,4.50256289,4.539559209888434,85.74406541895077,-47.41918072652635,0.8868181672722554,3.0000000000001137,98.30400000000202,-51.75,0.0,22,97.25632546053019,68.88000000000001
YIELD,5079@60.895748,TRACKING,4.50256289,4.555774104997477,85.8013598025196,-47.34839078988239,0.8945381106602007,3.0000000000001137,98.36400000000202,-51.75,0.0,22,97.25632546053019,68.9
YIELD,-,TRACKING,4.51720731,4.559711579258858,85.85816177319742,-47.27707348407146,0.9022748968018716,3.0000000000001137,98.42400000000202,-51.75,0.0,22,97.25632546053019,68.92
YIELD,-,TRACKING,4.5250693,4.562232805939796,85.9144365215469,-47.20528749854053,0.9099621276902531,3.0000000000001137,98.54400000000203,-51.75,0.0,22,97.55697989504647,68.94
YIELD,-,TRACKING,4.5250693,4.579842002015624,85.97036423927578,-47.13283639289529,0.9176170912019036,3.0000000000001137,98.60400000000203,-51.75,0.0,22,97.55697989504647,68.96000000000001
YIELD,-,TRACKING,4.53558838,4.586424724923565,86.02589029318332,-47.05984935299113,0.9253615685760346,3.0000000000001137,98.60400000000203,-51.75,0.0,22,97.55697989504647,68.98
YIELD,-,TRACKING,4.54194562,4.593110202127626,86.08087153595514,-46.98629767065893,0.9331470074244582,3.0000000000001137,98.66400000000203,-51.75,0.0,22,97.55697989504647,69.0
YIELD,-,TRACKING,4.54867539,4.5854329355126,86.135304415576,-46.91241715975407,0.9409454615413024,3.0000000000001137,98.72400000000204,-51.75,0.0,22,97.55697989504647,69.02000000000001
YIELD,-,TRACKING,4.56316584,4.564769242849119,86.18919277176481,-46.83860742277558,0.9487695853110852,3.0000000000001137,98.84400000000204,-51.75,0.0,22,97.55697989504647,69.04
YIELD,-,TRACKING,4.57290619,4.553404907043164,86.24239588491744,-46.764594496075624,0.9565446125215373,3.0000000000001137,98.90400000000204,-51.75,0.0,21,97.8572197635977,69.06
YIELD,-,TRACKING,4.57911091,4.544162930389399,86.29466712574201,-46.690214999210944,0.9642660725633532,3.0000000000001137,98.90400000000204,-51.75,0.0,21,97.8572197635977,69.08
YIELD,-,TRACKING,4.58510714,4.5524862375524675,86.34631563148119,-46.61525733019791,0.9719863130707038,3.0000000000001137,99.02400000000205,-51.75,0.0,21,97.8572197635977,69.10000000000001
YIELD,-,TRACKING,4.59177268,4.56216106016083,86.39744527647126,-46.53972433891103,0.9796818740138106,3.0000000000001137,99.02400000000205,-51.75,0.0,21,97.8572197635977,69.12
YIELD,-,TRACKING,4.59177268,4.571928626561194,86.44804349442238,-46.46363081999088,0.987307656949821,3.0000000000001137,99.08400000000205,-51.75,0.0,21,98.15704305082943,69.14
YIELD,-,TRACKING,4.59885946,4.582123616516289,86.49811907763086,-46.386967664989285,0.9948169695550582,3.0000000000001137,99.14400000000205,-51.75,0.0,21,98.15704305082943,69.16000000000001
YIELD,-,TRACKING,4.62091712,4.597039631344845,86.54771722119892,-46.30964898912572,1.0021277592744027,3.0000000000001137,99.26400000000206,-51.75,0.0,21,98.15704305082943,69.18
YIELD,-,TRACKING,4.62091712,4.615716220394275,86.59687778103047,-46.23163622319512,1.0091914002433249,3.0000000000001137,99.26400000000206,-51.75,0.0,21,98.15704305082943,69.2
YIELD,-,TRACKING,4.6339901,4.6383342885354235,86.64566801042808,-46.15288519396421,1.015976822947504,3.0000000000001137,99.38400000000206,-51.75,0.0,21,98.15704305082943,69.22
YIELD,-,TRACKING,4.64735491,4.670628480084481,86.69441603383132,-46.07342687678358,1.0225770698623264,3.0000000000001137,99.38400000000206,-51.75,0.0,21,98.45727865967241,69.24000000000001
YIELD,-,TRACKING,4.66144744,4.687465495364452,86.74300086324851,-45.99332158707273,1.0289348874777438,3.0000000000001137,99.44400000000206,-51.75,0.0,21,98.45727865967241,69.26
YIELD,-,TRACKING,4.68704032,4.696734014537741,86.79118076578273,-45.91275314922516,1.034966473541576,3.0000000000001137,99.56400000000207,-51.75,0.0,21,98.45727865967241,69.28
YIELD,-,TRACKING,4.69854906,4.706647084541031,86.83898509251979,-45.831735470950086,1.0406663156846057,3.0000000000001137,99.62400000000207,-51.75,0.0,21,98.45727865967241,69.30000000000001
CRUISE,-,TRACKING,4.71051317,4.7170070030879145,86.88644216443274,-45.75027791492774,1.0460348226052614,3.0000000000001137,99.68400000000207,-51.75,0.0,21,98.45727865967241,69.32000000000001
CRUISE,-,TRACKING,4.72299758,4.728199997882169,86.9335827411814,-45.668387324607416,1.051063968185914,3.0000000000001137,99.74400000000207,-51.75,0.0,21,98.45727865967241,69.34100000000001
CRUISE,-,TRACKING,4.72299758,4.758219335947701,86.98058658142627,-45.58580590629975,1.055838228649405,3.0000000000001137,99.74400000000207,-51.75,0.0,21,98.75814018824981,69.36
CRUISE,-,TRACKING,4.73598767,4.77800102973938,87.02742750676103,-45.5025973246614,1.0605497288542045,3.0000000000001137,99.80400000000208,-51.75,0.0,21,98.75814018824981,69.38000000000001
CRUISE,-,TRACKING,4.75548864,4.782431576344807,87.07393689585622,-45.41906047853221,1.0652401744939977,3.0000000000001137,99.86400000000208,-51.75,0.0,21,98.75814018824981,69.4
CRUISE,-,TRACKING,4.75548864,4.7891789154222515,87.12011618772675,-45.335203723508315,1.0698503055454684,3.0000000000001137,99.92400000000208,-51.75,0.0,21,98.75814018824981,69.42
CRUISE,-,TRACKING,4.76599548,4.784662138591389,87.16598142178202,-45.25117736940104,1.074363665234967,3.0000000000001137,99.98400000000208,-51.75,0.0,20,99.05586010396719,69.44
CRUISE,-,TRACKING,4.78868229,4.7753104754191,87.21140862882343,-45.16709039184791,1.0787799480146925,3.0000000000001137,100.10400000000209,-51.75,0.0,20,99.05586010396719,69.46000000000001
CRUISE,-,TRACKING,4.79684896,4.776220957324833,87.25649610152483,-45.0828715969853,1.0832634082456922,3.0000000000001137,100.10400000000209,-51.75,0.0,20,99.05586010396719,69.48
CRUISE,-,TRACKING,4.79684896,4.789419402215457,87.30124300194906,-44.998225760867335,1.087832551308393,3.0000000000001137,100.22400000000209,-51.75,0.0,20,99.05586010396719,69.5
CRUISE,-,TRACKING,4.8055698,4.8026768611116735,87.34563577809713,-44.91309864460503,1.0923967933694327,3.0000000000001137,100.22400000000209,-51.75,0.0,20,99.355674215864,69.52000000000001
CRUISE,-,TRACKING,4.8148277,4.815357951313985,87.38969463459135,-44.82754745101223,1.0969039698336638,3.0000000000001137,100.2840000000021,-51.75,0.0,20,99.355674215864,69.54
CRUISE,-,TRACKING,4.82468535,4.8156718711291715,87.43352031000094,-44.74176092981028,1.1014195379849587,3.0000000000001137,100.3440000000021,-51.75,0.0,20,99.355674215864,69.56
CRUISE,-,TRACKING,4.84214243,4.820759958269864,87.47708187667524,-44.65576619621501,1.1060659606147447,3.0000000000001137,100.4040000000021,-51.75,0.0,20,99.355674215864,69.58
CRUISE,-,TRACKING,4.84214243,4.837672223415147,87.52025641252904,-44.569278708015446,1.1107823928521117,3.0000000000001137,100.4640000000021,-51.75,0.0,20,99.355674215864,69.60000000000001
CRUISE,-,TRACKING,4.8579223,4.84485140537241,87.56305970234412,-44.48238716482739,1.1155025801963685,3.0000000000001137,100.5240000000021,-51.75,0.0,20,99.355674215864,69.62
CRUISE,-,TRACKING,4.8579223,4.862688156889876,87.60560283379876,-44.395032003710654,1.1201963465040945,3.0000000000001137,100.5840000000021,-51.75,0.0,20,99.355674215864,69.64
CRUISE,-,TRACKING,4.87614824,4.891180878751508,87.648024798222,-44.307075239394855,1.1249059927117475,3.0000000000001137,100.64400000000211,-51.75,0.0,19,99.65834311124304,69.66000000000001
CRUISE,-,TRACKING,4.88215745,4.903436274878614,87.69015395205956,-44.218543497339354,1.1297019610751504,3.0000000000001137,100.70400000000211,-51.75,0.0,19,99.65834311124304,69.68
CRUISE,-,TRACKING,4.88878413,4.918949569471665,87.73197787336336,-44.129537342807566,1.13461255337878,3.0000000000001137,100.82400000000212,-51.75,0.0,19,99.65834311124304,69.7
CRUISE,-,TRACKING,4.89600909,4.924983478033402,87.7733740364077,-44.040198017706395,1.1395352128969172,3.0000000000001137,100.82400000000212,-51.75,0.0,19,99.65834311124304,69.72
CRUISE,-,TRACKING,4.90389346,4.928935943819522,87.81436154942399,-43.95057433249669,1.1444118511506478,3.0000000000001137,100.88400000000212,-51.75,0.0,19,99.65834311124304,69.74000000000001
CRUISE,-,TRACKING,4.91241802,4.942273818580616,87.85504084356289,-43.86053311700457,1.1492725991044166,3.0000000000001137,100.94400000000212,-51.75,0.0,19,99.95898039130412,69.76
CRUISE,-,TRACKING,4.91241802,4.941713440616452,87.89539367096845,-43.77030282088374,1.1542625923185514,3.0000000000001137,101.00400000000212,-51.75,0.0,19,99.95898039130412,69.78
CRUISE,-,TRACKING,4.9175444,4.953086263617203,87.93529626413701,-43.67966747207603,1.1593384101679176,3.0000000000001137,101.06400000000212,-51.75,0.0,19,99.95898039130412,69.80000000000001
CRUISE,-,TRACKING,4.92331388,4.959403096809144,87.97474133759812,-43.5886809851682,1.1644223652297083,3.0000000000001137,101.18400000000213,-51.75,0.0,19,99.95898039130412,69.82000000000001
CRUISE,-,TRACKING,4.93678318,4.952197943380926,88.01374123864193,-43.49757706686026,1.1694785281110067,3.0000000000001137,101.18400000000213,-51.75,0.0,19,99.95898039130412,69.84
CRUISE,-,TRACKING,4.94452351,4.928860359929787,88.05214802142,-43.40668920926977,1.1744902716358483,3.0000000000001137,101.24400000000213,-51.75,0.0,19,100.26361322858483,69.86
CRUISE,-,TRACKING,4.94452351,4.921602895279482,88.09006944425276,-43.31579585717637,1.1795992393791008,3.0000000000001137,101.30400000000213,-51.75,0.0,19,100.26361322858483,69.88000000000001
CRUISE,-,TRACKING,4.95390174,4.929563459606371,88.12751001890321,-43.22461899237834,1.1848103104805596,3.0000000000001137,101.36400000000214,-51.75,0.0,19,100.26361322858483,69.9
CRUISE,-,TRACKING,4.9595689,4.939955311557154,88.16447271244431,-43.133020877535046,1.1900296277763127,3.0000000000001137,101.42400000000214,-51.75,0.0,19,100.26361322858483,69.921
CRUISE,-,TRACKING,4.96594114,4.949203816063281,88.20098122932171,-43.041077161537416,1.1951945544486484,3.0000000000001137,101.48400000000214,-51.75,0.0,19,100.56231884274642,69.94
CRUISE,-,TRACKING,4.96594114,4.944902977037284,88.23710903822727,-42.94896843233709,1.2003760110698802,3.0000000000001137,101.54400000000214,-51.75,0.0,19,100.56231884274642,69.96000000000001
CRUISE,-,TRACKING,4.97299762,4.94440198362778,88.27283538710411,-42.85674060296085,1.205697480327837,3.0000000000001137,101.60400000000215,-51.75,0.0,19,100.56231884274642,69.98
CRUISE,-,TRACKING,4.97668471,4.959272550606115,88.30805405362344,-42.76409046160994,1.2111123381915188,3.0000000000001137,101.66400000000215,-51.75,0.0,19,100.56231884274642,70.0
CRUISE,-,TRACKING,4.98105733,4.964997283952036,88.34277026355974,-42.67106472337207,1.2165440842456687,3.0000000000001137,101.72400000000215,-51.75,0.0,19,100.56231884274642,70.02000000000001
CRUISE,-,TRACKING,4.99185437,4.985767144736199,88.37719351457423,-42.57760039746149,1.2220022312322154,3.0000000000001137,101.84400000000215,-51.75,0.0,19,100.86157098414022,70.04100000000001
CRUISE,-,TRACKING,4.99185437,5.018603417245288,88.41129540138185,-42.48339401328558,1.2274666742113802,3.0000000000001137,101.84400000000215,-51.75,0.0,19,100.86157098414022,70.06
CRUISE,-,TRACKING,5.0014248,5.023848499072537,88.445001193956,-42.38872787304942,1.2330585157743517,3.0000000000001137,101.96400000000216,-51.75,0.0,19,100.86157098414022,70.08
CRUISE,-,TRACKING,5.00523548,5.035217698486933,88.47816299294058,-42.293669248122114,1.238751253004625,3.0000000000001137,102.02400000000216,-51.75,0.0,19,100.86157098414022,70.10000000000001
CRUISE,-,TRACKING,5.00523548,5.0417528401461125,88.51077288726489,-42.1982650108584,1.244464658096606,3.0000000000001137,102.02400000000216,-51.75,0.0,19,100.86157098414022,70.12
CRUISE,-,TRACKING,5.00972673,5.043095180582291,88.54284333550763,-42.10265145693821,1.2501505402310302,3.0000000000001137,102.08400000000216,-51.75,0.0,17,101.16034149698339,70.14
CRUISE,-,TRACKING,5.02090558,5.052205467067646,88.57444799191738,-42.00670164008208,1.25583587564994,3.0000000000001137,102.20400000000217,-51.75,0.0,17,101.16034149698339,70.16000000000001
CRUISE,-,TRACKING,5.02090558,5.046116999976181,88.6055755479994,-41.91066584312638,1.2616540703869359,3.0000000000001137,102.20400000000217,-51.75,0.0,17,101.16034149698339,70.18
CRUISE,-,TRACKING,5.02351489,5.056817479448259,88.63611794978972,-41.81428100026111,1.2675777082098436,3.0000000000001137,102.26400000000217,-51.75,0.0,17,101.16034149698339,70.2
CRUISE,-,TRACKING,5.03086271,5.061300261092284,88.6660780302762,-41.71761218576664,1.273532128651873,3.0000000000001137,102.32400000000217,-51.75,0.0,17,101.16034149698339,70.22
CRUISE,-,TRACKING,5.03086271,5.040331310963414,88.69536991719113,-41.62099683072759,1.27943836668384,3.0000000000001137,102.38400000000217,-51.75,0.0,16,101.46015245356483,70.24000000000001
CRUISE,-,TRACKING,5.04114217,5.021635226203221,88.72394610959103,-41.52471902147726,1.285301434289812,3.0000000000001137,102.44400000000218,-51.75,0.0,16,101.46015245356483,70.26
CRUISE,-,TRACKING,5.04332384,5.019546522859874,88.752006616656,-41.428302459715255,1.2912876726656113,3.0000000000001137,102.50400000000218,-51.75,0.0,16,101.46015245356483,70.28
CRUISE,-,TRACKING,5.04623526,5.013474891250167,88.77946344085089,-41.331854517637666,1.2973909718860053,3.0000000000001137,102.62400000000218,-51.75,0.0,16,101.46015245356483,70.30000000000001
CRUISE,-,TRACKING,5.04623526,5.022600522123855,88.80631615942822,-41.23507459667647,1.3035212301163952,3.0000000000001137,102.62400000000218,-51.75,0.0,16,101.46015245356483,70.32000000000001
CRUISE,-,TRACKING,5.04985359,5.030805213626902,88.83258458148933,-41.13799066106569,1.3096030500200504,3.0000000000001137,102.68400000000219,-51.75,0.0,16,101.75551205406671,70.34
CRUISE,-,TRACKING,5.05936176,5.0234107059428625,88.85831117914246,-41.04080928043917,1.3157114255907842,3.0000000000001137,102.80400000000219,-51.75,0.0,16,101.75551205406671,70.36
CRUISE,-,TRACKING,5.06117877,5.019867226631013,88.88349254745383,-40.943598987363146,1.3219496419616261,3.0000000000001137,102.86400000000219,-51.75,0.0,16,101.75551205406671,70.381
CRUISE,-,TRACKING,5.06373626,5.032500747601071,88.90808602015481,-40.846067105055035,1.328322657827198,3.0000000000001137,102.9240000000022,-51.75,0.0,16,101.75551205406671,70.40100000000001
CRUISE,-,TRACKING,5.06701101,5.044292866002029,88.93227728153995,-40.74815319406101,1.3348342288203747,3.0000000000001137,102.9840000000022,-51.75,0.0,16,101.75551205406671,70.42
CRUISE,-,TRACKING,5.06701101,5.069584736154824,88.95583417295812,-40.64970738396953,1.3413367097439473,3.0000000000001137,102.9840000000022,-51.75,0.0,16,101.75551205406671,70.44
CRUISE,-,TRACKING,5.07106006,5.105258510980488,88.97879408881522,-40.55033845914472,1.347854277263072,3.0000000000001137,103.0440000000022,-51.75,0.0,16,102.0549961177301,70.46000000000001
CRUISE,-,TRACKING,5.07586076,5.112437247957346,89.00111428034438,-40.45059582708246,1.3544621641295114,3.0000000000001137,103.1640000000022,-51.75,0.0,16,102.0549961177301,70.48
CRUISE,-,TRACKING,5.08044812,5.119122239683126,89.02277517313453,-40.35055512072283,1.3611288312719267,3.0000000000001137,103.2240000000022,-51.75,0.0,16,102.0549961177301,70.5
CRUISE,-,TRACKING,5.08044812,5.112490479927687,89.04374317461483,-40.25045139634518,1.367788340424539,3.0000000000001137,103.2240000000022,-51.75,0.0,16,102.0549961177301,70.52000000000001
CRUISE,-,TRACKING,5.08343157,5.109283493715604,89.06403279708479,-40.1502910016873,1.3743416163533198,3.0000000000001137,103.28400000000221,-51.75,0.0,16,102.0549961177301,70.54
CRUISE,-,TRACKING,5.09170706,5.108644644935096,89.08367024405956,-40.05002782705168,1.3807910842234943,3.0000000000001137,103.40400000000221,-51.75,0.0,16,102.35550003936885,70.561
CRUISE,-,TRACKING,5.07762949,5.085068038175578,89.10263205534133,-39.94994122721506,1.387287298875881,3.0000000000001137,103.46400000000222,-51.75,0.0,16,102.35550003936885,70.58
CRUISE,-,TRACKING,5.07762949,5.060861333039404,89.12080908312593,-39.850268328731005,1.393913057771441,3.0000000000001137,103.46400000000222,-51.75,0.0,16,102.35550003936885,70.60000000000001
YIELD,5631@79.373362,TRACKING,5.05084215,5.036089249346179,89.13822800147747,-39.75091141095464,1.4007397379085842,3.0000000000001137,103.52400000000222,-51.75,0.0,16,102.35550003936885,70.62
YIELD,5631@79.373362,TRACKING,5.05084215,5.014754508522619,89.15488299051897,-39.65194050522159,1.4078058534781965,3.0000000000001137,103.58400000000222,-51.75,0.0,16,102.65709919948742,70.64
YIELD,5631@79.373362,TRACKING,5.02597887,4.9808433765625235,89.17072961676894,-39.5534298473818,1.4150096105926757,3.0000000000001137,103.64400000000222,-51.75,0.0,16,102.65709919948742,70.66000000000001
YIELD,5631@79.373362,TRACKING,5.01158783,4.968678547935949,89.18578822811341,-39.455186456179966,1.4221747900714194,3.0000000000001137,103.76400000000223,-51.75,0.0,16,102.65709919948742,70.68
YIELD,5631@79.373362,TRACKING,5.01158783,4.9656858052923765,89.20014562769413,-39.3569074062908,1.4292206375272343,3.0000000000001137,103.76400000000223,-51.75,0.0,16,102.65709919948742,70.7
YIELD,"5631@79.799368,5896@80.739533",TRACKING,4.99785007,4.960526144119876,89.21382612808567,-39.25862687094985,1.43606339950459,3.0000000000001137,103.82400000000223,-51.75,0.0,16,102.65709919948742,70.72
YIELD,"5631@79.799368,5896@80.739533",TRACKING,4.98474358,4.954088572552744,89.22682949269922,-39.16037833916747,1.4426386540088172,3.0000000000001137,103.88400000000223,-51.75,0.0,14,102.95978715848362,70.74000000000001
YIELD,"5631@79.799368,5896@80.739533",TRACKING,4.95989666,4.944818197911046,89.23917641540528,-39.06222165768046,1.4489061282349989,3.0000000000001137,103.94400000000223,-51.75,0.0,14,102.95978715848362,70.76
YIELD,"5631@79.799368,5896@80.739533",TRACKING,4.95989666,4.93449861527102,89.2508939051452,-38.96418950567661,1.4548365181536416,3.0000000000001137,104.00400000000224,-51.75,0.0,14,102.95978715848362,70.78
YIELD,"5631@79.799368,5896@80.739533",TRACKING,4.93283565,4.923666275772605,89.2620154760551,-38.86630225285189,1.4604172340475854,0.0,104.02500000000224,-51.75,0.0,14,102.95978715848362,70.80000000000001
YIELD,"5631@79.638828,5896@80.728009",TRACKING,4.92022474,4.919028947428619,89.27258907632935,-38.76848480428221,1.4656538222323392,0.0,104.02500000000224,-51.75,0.0,14,102.95978715848362,70.82000000000001
YIELD,"5631@79.638828,5896@80.728009",TRACKING,4.91626265,4.9133550890210484,89.28265769668286,-38.670706491459306,1.4705547116731117,0.0,104.02500000000224,-51.75,0.0,17,103.2290547645688,70.84
YIELD,"5631@79.638828,5896@80.728009",TRACKING,4.91626265,4.904911283241381,89.29225278919537,-38.57303442376477,1.4751203474200234,0.0,104.02500000000224,-51.75,0.0,17,103.2290547645688,70.86
YIELD,"5631@79.638828,5896@80.728009",TRACKING,4.91018648,4.898174130739351,89.30140942686018,-38.47546530838108,1.4793480075975796,0.0,104.02500000000224,-51.75,0.0,17,103.2290547645688,70.88000000000001
YIELD,"5631@79.638828,5896@80.728009",TRACKING,4.91018648,4.8964500366218635,89.31016690180951,-38.37791588028078,1.4832379798154856,0.0,104.02500000000224,-51.75,0.0,17,103.2290547645688,70.9
YIELD,5631@80.319904,TRACKING,4.90632942,4.903376809580069,89.31857023840713,-38.28025281153879,1.4868166752113579,0.0,104.02500000000224,-51.75,0.0,17,103.2290547645688,70.921
YIELD,5631@80.319904,TRACKING,4.91278112,4.911070558655732,89.3266497984356,-38.18241147477573,1.4901101795046983,0.0,104.02500000000224,-51.75,0.0,17,103.41539546566361,70.94
YIELD,5631@80.319904,TRACKING,4.91278112,4.918669301321917,89.33443115073342,-38.08440221503144,1.4931242239792988,0.0,104.02500000000224,-51.75,0.0,17,103.41539546566361,70.96000000000001
YIELD,5631@80.319904,TRACKING,4.92006244,4.9273556540466785,89.34194381315048,-37.986201577389735,1.4958352322980446,0.0,104.02500000000224,-51.75,0.0,17,103.41539546566361,70.98
YIELD,5631@80.319904,TRACKING,4.93198744,4.937190798225883,89.34921928945562,-37.887789056380214,1.4982230299392183,0.0,104.02500000000224,-51.75,0.0,17,103.41539546566361,71.0
YIELD,5631@80.072532,TRACKING,4.95726931,4.94783020084934,89.35626665077352,-37.78914878797877,1.5002662573674648,0.0,104.02500000000224,-51.75,0.0,17,103.41539546566361,71.02000000000001
YIELD,5631@80.072532,TRACKING,4.97068747,4.957415030079696,89.36314456740541,-37.69028601349612,1.5019669828526485,0.0,104.02500000000224,-51.75,0.0,16,103.529572125702,71.04
YIELD,5631@80.072532,TRACKING,4.98457812,4.966445269116743,89.36989131934769,-37.591230926156776,1.5033171944258048,0.0,104.02500000000224,-51.75,0.0,16,103.529572125702,71.06
YIELD,5631@80.072532,TRACKING,4.99796069,4.977225669363247,89.37654017640904,-37.49196694395981,1.504309823297426,0.0,104.02500000000224,-51.75,0.0,16,103.529572125702,71.08
YIELD,5631@80.072532,TRACKING,5.01110207,4.992039584254238,89.38312774547234,-37.39242517657827,1.5049371264296294,0.0,104.02500000000224,-51.75,0.0,16,103.529572125702,71.10000000000001
YIELD,5631@79.808554,TRACKING,5.02399287,5.009180338507652,89.38969677426168,-37.29255558579856,1.5052085908865183,0.0,104.02500000000224,-51.75,0.0,16,103.529572125702,71.12
YIELD,5631@79.808554,TRACKING,5.03664331,5.027995010998577,89.39627887529356,-37.192312698395824,1.505193381272253,0.0,104.02500000000224,-51.75,0.0,16,103.529572125702,71.14
YIELD,5631@79.808554,TRACKING,5.04905829,5.055909616347424,89.40290536163653,-37.0915822666957,1.504989844138785,0.0,104.02500000000224,-51.75,0.0,16,103.58946185366453,71.16000000000001
YIELD,5631@79.808554,TRACKING,5.05969844,5.068312142953369,89.40957757560055,-36.99049137926673,1.5047154837561334,0.0,104.02500000000224,-51.75,0.0,16,103.58946185366453,71.18
YIELD,5631@79.808554,TRACKING,5.07008557,5.077787707212297,89.41629151106085,-36.88921042015702,1.5043891008808747,0.0,104.02500000000224,-51.75,0.0,16,103.58946185366453,71.2
YIELD,5631@80.079238,TRACKING,5.0802244,5.085082173460129,89.42305475612599,-36.787769551691355,1.5040222743178122,0.0,104.02500000000224,-51.75,0.0,16,103.58946185366453,71.22
YIELD,5631@80.079238,TRACKING,5.09015044,5.095222141111699,89.4298705958754,-36.686134450677514,1.5036220968525607,0.0,104.02500000000224,-51.75,0.0,15,103.60546944734243,71.24000000000001
YIELD,5631@80.079238,TRACKING,5.09015044,5.10862363129719,89.43674602810175,-36.58423623978797,1.5032108389632053,0.0,104.02500000000224,-51.75,0.0,15,103.60546944734243,71.26
YIELD,5631@80.079238,TRACKING,5.10938424,5.117383576242715,89.44367530853813,-36.482158890905616,1.5028099557628478,0.0,104.02500000000224,-51.75,0.0,15,103.60546944734243,71.28
YIELD,5631@80.079238,TRACKING,5.11870123,5.126187638393281,89.4506572545269,-36.379909690900504,1.5024143669375272,0.0,104.02500000000224,-51.75,0.0,15,103.60546944734243,71.30000000000001
YIELD,-,TRACKING,5.11870123,5.134796919392939,89.4576914112561,-36.277485919518774,1.5020201632097097,0.0,104.02500000000224,-51.75,0.0,15,103.60546944734243,71.32000000000001
YIELD,-,TRACKING,5.12782385,5.143732117995197,89.46477839389385,-36.174888609221775,1.5016242553238592,0.0,104.02500000000224,-51.75,0.0,15,103.60546944734243,71.34
YIELD,-,TRACKING,5.14550214,5.1532695204615795,89.47191943189956,-36.072122409118364,1.50123379671987,0.0,104.02500000000224,-51.75,0.0,16,103.59308947284396,71.36
YIELD,-,TRACKING,5.14550214,5.1613744847045195,89.4791138682875,-35.969182753036534,1.50085578892698,0.0,104.02500000000224,-51.75,0.0,16,103.59308947284396,71.38000000000001
YIELD,-,TRACKING,5.15406567,5.172066069560814,89.4863596752522,-35.866046399200556,1.500484023155874,0.0,104.02500000000224,-51.75,0.0,16,103.59308947284396,71.4
YIELD,-,TRACKING,5.16245054,5.18043939625665,89.49365533545657,-35.76272114895534,1.5001142632217064,0.0,104.02500000000224,-51.75,0.0,16,103.59308947284396,71.42
YIELD,-,TRACKING,5.17869919,5.188290518381884,89.50100005178086,-35.65924074662522,1.4997437159833784,0.0,104.02500000000224,-51.75,0.0,16,103.56261399865731,71.44
YIELD,-,TRACKING,5.18657018,5.194998270611295,89.50839576268265,-35.55562847283703,1.4993787207398972,0.0,104.02500000000224,-51.75,0.0,16,103.56261399865731,71.46000000000001
YIELD,-,TRACKING,5.18657018,5.202953521797914,89.515839024772,-35.45186012928803,1.4990231146400381,0.0,104.02500000000224,-51.75,0.0,16,103.56261399865731,71.48
YIELD,-,TRACKING,5.20182298,5.21060060555357,89.52332804206425,-35.34794032976593,1.4986721812211659,0.0,104.02500000000224,-51.75,0.0,16,103.56261399865731,71.5
YIELD,-,TRACKING,5.20182298,5.218147255253197,89.5308643185503,-35.243871395075715,1.4983230858216587,0.0,104.02500000000224,-51.75,0.0,16,103.56261399865731,71.52000000000001
YIELD,-,TRACKING,5.20921158,5.225453704653705,89.53844661610557,-35.13966775064591,1.4979727916423269,0.0,104.02500000000224,-51.75,0.0,15,103.51628308231413,71.54
YIELD,-,TRACKING,5.22352958,5.231027816074137,89.54607371941403,-35.03535061849136,1.4976258470491228,0.0,104.02500000000224,-51.75,0.0,15,103.51628308231413,71.56
YIELD,-,TRACKING,5.23046535,5.236253227419987,89.55374516666154,-34.9309229049019,1.497288875405416,0.0,104.02500000000224,-51.75,0.0,15,103.51628308231413,71.58
YIELD,-,TRACKING,5.23046535,5.242614250628615,89.56146086283069,-34.826372388878994,1.4969574931359537,0.0,104.02500000000224,-51.75,0.0,15,103.51628308231413,71.60000000000001
YIELD,-,TRACKING,5.23725643,5.2488214369733335,89.56922026743786,-34.7217003924758,1.4966282031581193,0.0,104.02500000000224,-51.75,0.0,15,103.51628308231413,71.623
YIELD,-,TRACKING,5.25041653,5.254978347491212,89.5770233181127,-34.616907902531295,1.4962980271713877,0.0,104.02500000000224,-51.75,0.0,16,103.46418311659652,71.64
YIELD,-,TRACKING,5.2567914,5.262505572476367,89.58487214651666,-34.51197877674132,1.4959722387532521,0.0,104.02500000000224,-51.75,0.0,16,103.46418311659652,71.66000000000001
YIELD,-,TRACKING,5.2567914,5.268214301953853,89.59276335384628,-34.40693250249096,1.4956559137521974,0.0,104.02500000000224,-51.75,0.0,16,103.46418311659652,71.68
YIELD,-,TRACKING,5.26303328,5.273925973803386,89.60069610022605,-34.30177113947837,1.4953449096376867,0.0,104.02500000000224,-51.75,0.0,16,103.46418311659652,71.7
CRUISE,-,TRACKING,5.26914495,5.279500880692422,89.60866985642171,-34.19649730314694,1.4950359291476734,0.0,104.02500000000224,-51.75,0.0,16,103.46418311659652,71.72
CRUISE,-,TRACKING,5.27512913,5.2853224625878585,89.61668501031951,-34.091108937913084,1.4947262252398084,0.0,104.02500000000224,-51.75,0.0,16,103.41078105292739,71.74000000000001
CRUISE,-,TRACKING,5.28098846,5.292617275813801,89.62474404913695,-33.98559517152827,1.494421193505812,0.0,104.02500000000224,-51.75,0.0,16,103.41078105292739,71.76
CRUISE,-,TRACKING,5.29234298,5.298713170460593,89.63284530121675,-33.8799503298708,1.49412553097689,0.0,104.02500000000224,-51.75,0.0,16,103.41078105292739,71.78
CRUISE,-,TRACKING,5.29234298,5.304347725208303,89.64098586935205,-33.77418949150834,1.4938349105742987,0.0,104.02500000000224,-51.75,0.0,16,103.41078105292739,71.80000000000001
CRUISE,-,TRACKING,5.3032287,5.309877108149371,89.64916475703201,-33.66831983877015,1.493546146886598,0.0,104.02500000000224,-51.75,0.0,16,103.41078105292739,71.82000000000001
CRUISE,-,TRACKING,5.30850184,5.315222796197309,89.65738193237988,-33.56234672804199,1.493256710263815,0.0,104.02500000000224,-51.75,0.0,16,103.41078105292739,71.84
CRUISE,-,TRACKING,5.31366497,5.31911089536247,89.66563706540074,-33.456296465410254,1.4929719355757678,0.0,104.02500000000224,-51.75,0.0,16,103.35807701792653,71.86
CRUISE,-,TRACKING,5.3187204,5.324424626231823,89.67392914696946,-33.350143428127865,1.492695876724212,0.0,104.02500000000224,-51.75,0.0,16,103.35807701792653,71.88000000000001
CRUISE,-,TRACKING,5.3187204,5.3295191376365265,89.68225827689568,-33.24389014324559,1.4924250892032553,0.0,104.02500000000224,-51.75,0.0,16,103.35807701792653,71.9
CRUISE,-,TRACKING,5.32851706,5.334515877805541,89.69062393915685,-33.13753867390514,1.492156574731135,0.0,104.02500000000224,-51.75,0.0,16,103.35807701792653,71.92
CRUISE,-,TRACKING,5.33326266,5.338651788548333,89.69902168158369,-33.03110761786405,1.4918867408138121,0.0,104.02500000000224,-51.75,0.0,17,103.3118352718567,71.94
CRUISE,-,TRACKING,5.33790925,5.342327289105902,89.70745689012413,-32.9246044814893,1.4916230747262074,0.0,104.02500000000224,-51.75,0.0,17,103.3118352718567,71.96000000000001
CRUISE,-,TRACKING,5.33790925,5.346383341958293,89.71592616463657,-32.81802015186049,1.491369979455076,0.0,104.02500000000224,-51.75,0.0,17,103.3118352718567,71.98
CRUISE,-,TRACKING,5.34245891,5.3504808118568645,89.72442854779983,-32.71135654552368,1.4911233680401266,0.0,104.02500000000224,-51.75,0.0,17,103.3118352718567,72.0
CRUISE,-,TRACKING,5.35127547,5.354558668577816,89.7329635192919,-32.604614592045436,1.4908804316642155,0.0,104.02500000000224,-51.75,0.0,17,103.3118352718567,72.02000000000001
CRUISE,-,TRACKING,5.35127547,5.358524372780491,89.74153067588222,-32.497794981069596,1.4906387463053736,0.0,104.02500000000224,-51.75,0.0,17,103.26949842225149,72.04
CRUISE,-,TRACKING,5.35972802,5.3633712053582006,89.75013130845055,-32.3908899269879,1.4904010087879946,0.0,104.02500000000224,-51.75,0.0,17,103.26949842225149,72.06
CRUISE,-,TRACKING,5.36382251,5.36710733480799,89.75876340062202,-32.28390339234577,1.490169582416339,0.0,104.02500000000224,-51.75,0.0,17,103.26949842225149,72.08
CRUISE,-,TRACKING,5.36783158,5.370839649321947,89.76742586375951,-32.17684504347754,1.4899417159962243,0.0,104.02500000000224,-51.75,0.0,17,103.26949842225149,72.10000000000001
CRUISE,-,TRACKING,5.37175702,5.374796714325369,89.77612141709207,-32.069711308089666,1.4897160930217046,0.0,104.02500000000224,-51.75,0.0,17,103.26949842225149,72.12
CRUISE,-,TRACKING,5.37175702,5.379569533336188,89.78484840869905,-31.96248237277274,1.4894946554638777,0.0,104.02500000000224,-51.75,0.0,17,103.23491823776834,72.14
CRUISE,-,TRACKING,5.37928543,5.383490405340474,89.79360479453703,-31.855176861821214,1.4892811133671555,0.0,104.02500000000224,-51.75,0.0,17,103.23491823776834,72.16000000000001
CRUISE,-,TRACKING,5.37928543,5.387300072077855,89.80238929179777,-31.74779658914041,1.489072370635346,0.0,104.02500000000224,-51.75,0.0,17,103.23491823776834,72.18
CRUISE,-,TRACKING,5.38297029,5.390983095974811,89.81120154079855,-31.64034416296173,1.4888662128380707,0.0,104.02500000000224,-51.75,0.0,17,103.23491823776834,72.2
CRUISE,-,TRACKING,5.38657828,5.394602179182628,89.82004127732104,-31.53282091268803,1.48866069699311,0.0,104.02500000000224,-51.75,0.0,17,103.23491823776834,72.22
CRUISE,-,TRACKING,5.39357317,5.39811288538734,89.82890852642417,-31.425229668480252,1.4884541950980856,0.0,104.02500000000224,-51.75,0.0,17,103.20580028023493,72.24000000000001
CRUISE,-,TRACKING,5.39357317,5.400459016476047,89.83780233059882,-31.31759095893117,1.4882517722000952,0.0,104.02500000000224,-51.75,0.0,17,103.20580028023493,72.26
CRUISE,-,TRACKING,5.3969616,5.403983376975875,89.84672310010896,-31.209886380028266,1.4880568450380314,0.0,104.02500000000224,-51.75,0.0,17,103.20580028023493,72.28
CRUISE,-,TRACKING,5.40027935,5.407090507550111,89.85566866555095,-31.102120087609137,1.4878660025915835,0.0,104.02500000000224,-51.75,0.0,17,103.20580028023493,72.30000000000001
CRUISE,-,TRACKING,5.40352788,5.408992766146911,89.86463904217338,-30.994317309978854,1.4876779268372846,0.0,104.02500000000224,-51.75,0.0,17,103.20580028023493,72.32000000000001
CRUISE,-,TRACKING,5.40982307,5.411906111744258,89.87363424689035,-30.886461136921504,1.4874903131166275,0.0,104.02500000000224,-51.75,0.0,18,103.18224746772279,72.34
CRUISE,-,TRACKING,5.40982307,5.415925070301612,89.88265654037582,-30.77852419166305,1.4873073872601479,0.0,104.02500000000224,-51.75,0.0,18,103.18224746772279,72.36
CRUISE,-,TRACKING,5.41585834,5.4185446096500955,89.89170253683618,-30.67053493698415,1.4871334675778216,0.0,104.02500000000224,-51.75,0.0,18,103.18224746772279,72.38000000000001
CRUISE,-,TRACKING,5.41878187,5.421205263770039,89.90077140875594,-30.562496439414385,1.4869654168350068,0.0,104.02500000000224,-51.75,0.0,18,103.18224746772279,72.4
CRUISE,-,TRACKING,5.42164442,5.423860699106954,89.90986267489504,-30.454405919886316,1.486800923347893,0.0,104.02500000000224,-51.75,0.0,18,103.18224746772279,72.42
CRUISE,-,TRACKING,5.42164442,5.426450589991187,89.91897595760697,-30.346264322837154,1.4866381478737403,0.0,104.02500000000224,-51.75,0.0,18,103.16303380729671,72.44
CRUISE,-,TRACKING,5.42719162,5.429714938601885,89.92811224257461,-30.23806418654945,1.4864791586370807,0.0,104.02500000000224,-51.75,0.0,18,103.16303380729671,72.46000000000001
CRUISE,-,TRACKING,5.42719162,5.432370498634812,89.9372706371838,-30.129810665230316,1.4863261219404855,0.0,104.02500000000224,-51.75,0.0,18,103.16303380729671,72.48
CRUISE,-,TRACKING,5.42987873,5.435613895342066,89.94645067307039,-30.021492948737187,1.486176467186504,0.0,104.02500000000224,-51.75,0.0,18,103.16303380729671,72.501
CRUISE,-,TRACKING,5.43250979,5.438270168930755,89.95565102884164,-29.91312118148888,1.4860283955298619,0.0,104.02500000000224,-51.75,0.0,18,103.16303380729671,72.52000000000001
CRUISE,-,TRACKING,5.43760838,5.440801793862897,89.96487141526987,-29.804700053211427,1.4858805493369611,0.0,104.02500000000224,-51.75,0.0,18,103.16303380729671,72.54
CRUISE,-,TRACKING,5.44007818,5.442509443867988,89.97411302689432,-29.696246681070242,1.4857372973277556,0.0,104.02500000000224,-51.75,0.0,18,103.15097161922327,72.56
CRUISE,-,TRACKING,5.44249646,5.445082138940641,89.98337317134371,-29.5877435278013,1.4856005944626125,0.0,104.02500000000224,-51.75,0.0,18,103.15097161922327,72.58
CRUISE,-,TRACKING,5.4448643,5.447535824164475,89.99265064089415,-29.479192298018557,1.4854678032616682,0.0,104.02500000000224,-51.75,0.0,18,103.15097161922327,72.60000000000001
CRUISE,-,TRACKING,5.4448643,5.4499438297621605,90.00194651253621,-29.370593958367483,1.4853376395677544,0.0,104.02500000000224,-51.75,0.0,18,103.15097161922327,72.62
CRUISE,-,TRACKING,5.4494528,5.452269888351857,90.01126045010385,-29.26195017543893,1.4852086236277202,0.0,104.02500000000224,-51.75,0.0,17,103.14452060761002,72.64
CRUISE,-,TRACKING,5.45167552,5.453767195517168,90.02059127700701,-29.153277956672852,1.485083711052457,0.0,104.02500000000224,-51.75,0.0,17,103.14452060761002,72.66000000000001
CRUISE,-,TRACKING,5.45167552,5.455870126337035,90.02993857091211,-29.044563572290812,1.4849653014033555,0.0,104.02500000000224,-51.75,0.0,17,103.14452060761002,72.68
CRUISE,-,TRACKING,5.45385186,5.45781178574467,90.03930180809202,-28.93581172389303,1.484851313039802,0.0,104.02500000000224,-51.75,0.0,17,103.14452060761002,72.7
YIELD,6683@80.392874,TRACKING,5.45598281,5.459727301743415,90.04868056773496,-28.827022904133667,1.4847400533688022,0.0,104.02500000000224,-51.75,0.0,17,103.14452060761002,72.72200000000001
YIELD,6683@80.392874,TRACKING,5.4580693,5.461828699665934,90.05807436698295,-28.71820030383014,1.4846302425636257,0.0,104.02500000000224,-51.75,0.0,17,103.14452060761002,72.74000000000001
YIELD,6683@80.392874,TRACKING,5.46231264,5.464217708032034,90.06748472522679,-28.60932776593209,1.4845243975520415,0.0,104.02500000000224,-51.75,0.0,18,103.13850172953212,72.76100000000001
YIELD,6683@80.392874,TRACKING,5.46231264,5.465943009222401,90.07690924445308,-28.500421043315207,1.4844248372214122,0.0,104.02500000000224,-51.75,0.0,18,103.13850172953212,72.78
YIELD,6683@80.392874,TRACKING,5.46407539,5.4676904259278984,90.08634737679249,-28.3914794191583,1.4843294648936318,0.0,104.02500000000224,-51.75,0.0,18,103.13850172953212,72.80000000000001
YIELD,"5896@80.653547,6683@80.395899",TRACKING,5.46599315,5.469418389271973,90.09579893669873,-28.282502882003676,1.4842368359055236,0.0,104.02500000000224,-51.75,0.0,18,103.13850172953212,72.824
YIELD,"5896@80.653547,6683@80.395899",TRACKING,5.46970538,5.471582443104354,90.10526450363325,-28.173488000307277,1.4841459487257165,0.0,104.02500000000224,-51.75,0.0,16,103.13402997029817,72.84
YIELD,"5896@80.653547,6683@80.395899",TRACKING,5.47150552,5.473062589670268,90.11474402031084,-28.064440394334156,1.4840593354227083,0.0,104.02500000000224,-51.75,0.0,16,103.13402997029817,72.861
YIELD,"5896@80.653547,6683@80.395899",TRACKING,5.47150552,5.474961171407008,90.12423528199731,-27.955356034585666,1.4839784817889157,0.0,104.02500000000224,-51.75,0.0,16,103.13402997029817,72.88000000000001
YIELD,"5896@80.653547,6683@80.395899",TRACKING,5.47495731,5.476757044764932,90.1337378133541,-27.84623627669438,1.4839015116507321,0.0,104.02500000000224,-51.75,0.0,16,103.13402997029817,72.9
YIELD,5896@80.657386,TRACKING,5.4766472,5.478500075423389,90.14325126657059,-27.737082236188428,1.4838271221713237,0.0,104.02500000000224,-51.75,0.0,16,103.13402997029817,72.921
YIELD,5896@80.657386,TRACKING,5.47830257,5.480183666297924,90.15277530698984,-27.627895072913233,1.4837542623122517,0.0,104.02500000000224,-51.75,0.0,16,103.13331282795012,72.94
YIELD,5896@80.657386,TRACKING,5.47830257,5.481286767194943,90.16230967858434,-27.518686834559393,1.4836852813709676,0.0,104.02500000000224,-51.75,0.0,16,103.13331282795012,72.96000000000001
YIELD,5896@80.657386,TRACKING,5.48151048,5.482979545154447,90.17185373171282,-27.409445703682138,1.483621716782071,0.0,104.02500000000224,-51.75,0.0,16,103.13331282795012,72.98
YIELD,5896@80.657386,TRACKING,5.48306443,5.48459144837176,90.18140700484666,-27.300172698680754,1.4835619770271915,0.0,104.02500000000224,-51.75,0.0,16,103.13331282795012,73.0
YIELD,"5896@80.670441,6791@92.305730",TRACKING,5.48306443,5.4859606075734,90.19096903945099,-27.190871221637,1.483504930142935,0.0,104.02500000000224,-51.75,0.0,16,103.13331282795012,73.02000000000001
YIELD,"5896@80.670441,6791@92.305730",TRACKING,5.48458596,5.487360429895993,90.20053963752657,-27.08154331632839,1.4834497537596927,0.0,104.02500000000224,-51.75,0.0,16,103.13080776357842,73.04
YIELD,"5896@80.670441,6791@92.305730",TRACKING,5.48750338,5.489217114500355,90.21011938626576,-26.972180045410454,1.4833981941982886,0.0,104.02500000000224,-51.75,0.0,16,103.13080776357842,73.06
YIELD,"5896@80.670441,6791@92.305730",TRACKING,5.48750338,5.490488346110838,90.21970673491161,-26.86279080725146,1.4833518768389762,0.0,104.02500000000224,-51.75,0.0,16,103.13080776357842,73.08
YIELD,"5896@80.670441,6791@92.305730",TRACKING,5.48893166,5.491771947137399,90.2293011693007,-26.753376415659684,1.4833093747673165,0.0,104.02500000000224,-51.75,0.0,16,103.13080776357842,73.10000000000001
YIELD,"5896@80.684971,6791@92.540127",TRACKING,5.49033077,5.493049721377836,90.23890232288666,-26.643937314207896,1.4832696720191139,0.0,104.02500000000224,-51.75,0.0,16,103.13080776357842,73.12
YIELD,"5896@80.684971,6791@92.540127",TRACKING,5.4917007,5.494313698583648,90.24850991378864,-26.53447335256411,1.4832319834285086,0.0,104.02500000000224,-51.75,0.0,16,103.13080776357842,73.14
YIELD,"5896@80.684971,6791@92.540127",TRACKING,5.49435545,5.496561642301624,90.25812535473061,-26.4249765209111,1.4832012196484725,0.0,104.02500000000224,-51.75,0.0,16,103.13333510945861,73.16000000000001
YIELD,"5896@80.684971,6791@92.540127",TRACKING,5.49564144,5.49632579029695,90.26774528381738,-26.31546915552651,1.4831810723433716,0.0,104.02500000000224,-51.75,0.0,16,103.13333510945861,73.18
YIELD,"5896@80.684971,6791@92.540127",TRACKING,5.49564144,5.497739380749486,90.27736897393635,-26.20593862165447,1.4831678100108772,0.0,104.02500000000224,-51.75,0.0,16,103.13333510945861,73.2
YIELD,"5896@80.666687,6683@80.401948,6791@92.774524",TRACKING,5.49813349,5.499078783179933,90.28699547803559,-26.096383387564135,1.483158959892516,0.0,104.02500000000224,-51.75,0.0,16,103.13333510945861,73.22
YIELD,"5896@80.666687,6683@80.401948,6791@92.774524",TRACKING,5.49813349,5.500349343547755,90.29662484575512,-25.986800249701368,1.483153048995548,0.0,104.02500000000224,-51.75,0.0,16,103.13482710832004,73.24000000000001
YIELD,"5896@80.666687,6683@80.401948,6791@92.774524",TRACKING,5.50052265,5.501565856288253,90.30625662969794,-25.877192741947482,1.483149100906588,0.0,104.02500000000224,-51.75,0.0,16,103.13482710832004,73.26
YIELD,"5896@80.666687,6683@80.401948,6791@92.774524",TRACKING,5.50167998,5.502738513946205,90.31589065871107,-25.767561774888193,1.4831464640674799,0.0,104.02500000000224,-51.75,0.0,16,103.13482710832004,73.28
YIELD,"5896@80.666687,6683@80.401948,6791@92.774524",TRACKING,5.50281316,5.503873752645274,90.32552679111845,-25.657908112427247,1.4831446971136708,0.0,104.02500000000224,-51.75,0.0,16,103.13482710832004,73.30000000000001
YIELD,"5896@80.662122,6683@80.404973,6791@93.008921",TRACKING,5.50281316,5.504977827409998,90.33516493985972,-25.548232403192007,1.4831435128199875,0.0,104.02500000000224,-51.75,0.0,16,103.13482710832004,73.32000000000001
YIELD,"5896@80.662122,6683@80.404973,6791@93.008921",TRACKING,5.50500911,5.50605347193696,90.34480503752016,-25.43853522024656,1.4831427208767112,0.0,104.02500000000224,-51.75,0.0,17,103.13968492330184,73.34
YIELD,"5896@80.662122,6683@80.404973,6791@93.008921",TRACKING,5.50500911,5.5071025158337035,90.35444701718612,-25.328817098225187,1.483142191116028,0.0,104.02500000000224,-51.75,0.0,17,103.13968492330184,73.36
YIELD,"5896@80.662122,6683@80.404973,6791@93.008921",TRACKING,5.50711439,5.508129473480931,90.36409082217794,-25.21907850810975,1.4831418362112312,0.0,104.02500000000224,-51.75,0.0,17,103.13968492330184,73.38000000000001
YIELD,"5896@80.662122,6683@80.404973,6791@93.008921",TRACKING,5.50711439,5.509135490082437,90.37373640333705,-25.109319805602905,1.4831415944381665,0.0,104.02500000000224,-51.75,0.0,17,103.13968492330184,73.4
YIELD,"5896@80.626098,6791@93.243318",TRACKING,5.50813421,5.510110964265193,90.383383715477,-24.99954164873224,1.4831414336634487,0.0,104.02500000000224,-51.75,0.0,17,103.13968492330184,73.42
YIELD,"5896@80.626098,6791@93.243318",TRACKING,5.50913275,5.5110669978743925,90.39303271694695,-24.889744427773483,1.4831413269776514,0.0,104.02500000000224,-51.75,0.0,16,103.14236706902054,73.44
YIELD,"5896@80.626098,6791@93.243318",TRACKING,5.51106778,5.51279830070702,90.40268466318045,-24.779914763596068,1.4831453018860667,0.0,104.02500000000224,-51.75,0.0,16,103.14236706902054,73.46000000000001
YIELD,"5896@80.626098,6791@93.243318",TRACKING,5.51106778,5.51343665135771,90.41233715432764,-24.67006939221049,1.4831569464398027,0.0,104.02500000000224,-51.75,0.0,16,103.14236706902054,73.48
YIELD,"5896@80.626098,6791@93.243318",TRACKING,5.51292292,5.514187188070391,90.42198936191221,-24.560210094634108,1.4831745758924522,0.0,104.02500000000224,-51.75,0.0,16,103.14236706902054,73.5
YIELD,"5896@80.607822,6791@93.477715",TRACKING,5.51382156,5.514974303728426,90.4316405044753,-24.45033534090409,1.4831969808050889,0.0,104.02500000000224,-51.75,0.0,16,103.14236706902054,73.52000000000001
YIELD,"5896@80.607822,6791@93.477715",TRACKING,5.51470146,5.515384284539476,90.44129029459019,-24.3404516889547,1.4832237089205704,0.0,104.02500000000224,-51.75,0.0,15,103.12975454658776,73.54
YIELD,"5896@80.607822,6791@93.477715",TRACKING,5.51470146,5.516224677276473,90.45093842380777,-24.23055139517631,1.4832543084747043,0.0,104.02500000000224,-51.75,0.0,15,103.12975454658776,73.561
YIELD,"5896@80.607822,6791@93.477715",TRACKING,5.515563,5.517115842506244,90.46058431935751,-24.120632955360403,1.4832885322631608,0.0,104.02500000000224,-51.75,0.0,15,103.12975454658776,73.58
YIELD,"5896@80.607822,6791@93.477715",TRACKING,5.51640657,5.517973680439764,90.47022760403087,-24.0106969597296,1.4833258798572775,0.0,104.02500000000224,-51.75,0.0,15,103.12975454658776,73.60000000000001
YIELD,"5561@80.048464,5896@80.603673,6791@93.712112",TRACKING,5.51723254,5.518479738571704,90.47986795879969,-23.90074769700265,1.4833662027719379,0.0,104.02500000000224,-51.75,0.0,15,103.12975454658776,73.62
YIELD,"5561@80.048464,5896@80.603673,6791@93.712112",TRACKING,5.51804128,5.519171196455727,90.48950502017175,-23.790786885622346,1.483409397550601,0.0,104.02500000000224,-51.75,0.0,14,103.12450334727548,73.64
YIELD,"5561@80.048464,5896@80.603673,6791@93.712112",TRACKING,5.5196085,5.519861179248384,90.49913857638754,-23.680811919677346,1.483455624380431,0.0,104.02500000000224,-51.75,0.0,14,103.12450334727548,73.66000000000001
YIELD,"5561@80.048464,5896@80.603673,6791@93.712112",TRACKING,5.5196085,5.520619227233393,90.50876810351133,-23.570821396965297,1.4835049534399298,0.0,104.02500000000224,-51.75,0.0,14,103.12450334727548,73.68
YIELD,"5561@80.048464,5896@80.603673,6791@93.712112",TRACKING,5.52111101,5.521353100338557,90.51839326286888,-23.46081570511088,1.4835570963394837,0.0,104.02500000000224,-51.75,0.0,14,103.12450334727548,73.7
YIELD,"5561@79.967564,6791@93.946509",TRACKING,5.52111101,5.522531915021988,90.5280143237974,-23.350789426194375,1.4836119965082424,0.0,104.02500000000224,-51.75,0.0,14,103.12450334727548,73.723
YIELD,"5561@79.967564,6791@93.946509",TRACKING,5.52183884,5.523430392730384,90.53763081153693,-23.240742693247856,1.4836696175104727,0.0,104.02500000000224,-51.75,0.0,13,102.71876067698904,73.74000000000001
YIELD,"5561@79.967564,6791@93.946509",TRACKING,5.52253662,5.524482693332321,90.54724209339722,-23.13067300980972,1.483729849150653,0.0,104.02500000000224,-51.75,0.0,13,102.71876067698904,73.76
YIELD,"5561@79.967564,6791@93.946509",TRACKING,5.5232344,5.525150164698165,90.55684775722402,-23.020588796636208,1.4837929664731442,0.0,104.02500000000224,-51.75,0.0,13,102.71876067698904,73.78
YIELD,"5561@79.967564,6791@93.946509",TRACKING,5.52458689,5.52580916401938,90.56644747212617,-22.91049080267272,1.4838588392429548,0.0,104.02500000000224,-51.75,0.0,13,102.71876067698904,73.80000000000001
YIELD,"5561@79.886664,6791@94.180906",TRACKING,5.52458689,5.526435254668003,90.57604095819767,-22.80037930481671,1.4839275134996588,0.0,104.02500000000224,-51.75,0.0,13,102.71876067698904,73.82000000000001
YIELD,"5561@79.886664,6791@94.180906",TRACKING,5.5252422,5.526626892513305,90.58562765531276,-22.690264353560707,1.4839993505131748,0.0,104.02500000000224,-51.75,0.0,12,102.71386573769851,73.84
YIELD,"5561@79.886664,6791@94.180906",TRACKING,5.52588385,5.5272743461122555,90.5952066639509,-22.58013578666061,1.484073679834502,0.0,104.02500000000224,-51.75,0.0,12,102.71386573769851,73.86
YIELD,"5561@79.886664,6791@94.180906",TRACKING,5.52712727,5.527885885442397,90.60477841623262,-22.46999426846324,1.4841506034921,0.0,104.02500000000224,-51.75,0.0,12,102.71386573769851,73.88000000000001
YIELD,"5561@79.886664,6791@94.180906",TRACKING,5.52772959,5.528279203544145,90.61434230245207,-22.359843212556267,1.484230686859291,0.0,104.02500000000224,-51.75,0.0,12,102.71386573769851,73.9
YIELD,5561@79.805763,TRACKING,5.52772959,5.528703865953847,90.62389793120494,-22.249682793272942,1.484314002446756,0.0,104.02500000000224,-51.75,0.0,12,102.71386573769851,73.92
YIELD,5561@79.805763,TRACKING,5.5288968,5.5292755183661555,90.63344528639338,-22.139509545940328,1.484400058619954,0.0,104.02500000000224,-51.75,0.0,12,102.71386573769851,73.94
YIELD,5561@79.805763,TRACKING,5.5288968,5.529742137511888,90.64298376845649,-22.029326919665127,1.4844885432715906,0.0,104.02500000000224,-51.75,0.0,12,102.65457393388002,73.96000000000001
YIELD,5561@79.805763,TRACKING,5.53001582,5.529919051233701,90.65251331478537,-21.919140350003463,1.4845793646795733,0.0,104.02500000000224,-51.75,0.0,12,102.65457393388002,73.98
YIELD,5561@79.805763,TRACKING,5.53001582,5.530420963411167,90.66203365649584,-21.808943234914526,1.4846725426682552,0.0,104.02500000000224,-51.75,0.0,12,102.65457393388002,74.0
YIELD,-,TRACKING,5.53108864,5.530886078490319,90.67154453869725,-21.698735995240945,1.4847684296574217,0.0,104.02500000000224,-51.75,0.0,12,102.65457393388002,74.02000000000001
YIELD,-,TRACKING,5.53160833,5.531357715656646,90.68104558604485,-21.588518478523138,1.4848673822584217,0.0,104.02500000000224,-51.75,0.0,11,102.60681630910877,74.04
YIELD,-,TRACKING,5.53211717,5.53201102664911,90.69053660324217,-21.478287422366627,1.4849688520039859,0.0,104.02500000000224,-51.75,0.0,11,102.60681630910877,74.06
YIELD,-,TRACKING,5.5326154,5.5333791947902435,90.70001853525007,-21.36803356627865,1.4850724383873433,0.0,104.02500000000224,-51.75,0.0,11,102.60681630910877,74.08
YIELD,-,TRACKING,5.53310323,5.534324875149642,90.70948986930485,-21.257757635681944,1.4851780299124726,0.0,104.02500000000224,-51.75,0.0,11,102.60681630910877,74.10000000000001
YIELD,-,TRACKING,5.53310323,5.534859656215131,90.71895035574738,-21.147465777759347,1.485286242449305,0.0,104.02500000000224,-51.75,0.0,11,102.60681630910877,74.12
YIELD,-,TRACKING,5.53358089,5.535362773327265,90.72839960812087,-21.037162580432216,1.485397658610954,0.0,104.02500000000224,-51.75,0.0,11,102.60681630910877,74.14
YIELD,-,TRACKING,5.53450651,5.535645399336546,90.73783689905328,-20.926852733249387,1.4855115446534424,0.0,104.02500000000224,-51.75,0.0,11,102.26980171228097,74.16000000000001
YIELD,-,TRACKING,5.53450651,5.5358461355047375,90.74726237514726,-20.816535402573624,1.4856272130692287,0.0,104.02500000000224,-51.75,0.0,11,102.26980171228097,74.18
YIELD,-,TRACKING,5.5349549,5.536205127157101,90.7566753526092,-20.70621284110828,1.4857450633916252,0.0,104.02500000000224,-51.75,0.0,11,102.26980171228097,74.2
YIELD,5561@87.189317,TRACKING,5.5358238,5.536576042060411,90.76607549452724,-20.59588196879585,1.4858655213326892,0.0,104.02500000000224,-51.75,0.0,11,102.26980171228097,74.22
YIELD,5561@87.189317,TRACKING,5.5362447,5.536957630742673,90.77546261557754,-20.48554232957363,1.485989194600145,0.0,104.02500000000224,-51.75,0.0,11,102.26980171228097,74.24000000000001
YIELD,5561@87.189317,TRACKING,5.5362447,5.536521737588263,90.78483552141016,-20.37520261859983,1.4861150983731986,0.0,104.02500000000224,-51.75,0.0,11,101.93278711545317,74.26
YIELD,5561@87.189317,TRACKING,5.53706034,5.5369733404791734,90.79419519681531,-20.264859515062284,1.4862425819055969,0.0,104.02500000000224,-51.75,0.0,11,101.93278711545317,74.28
YIELD,5561@87.189317,TRACKING,5.53706034,5.5373954711415525,90.80354143003301,-20.154506676477773,1.486372099165787,0.0,104.02500000000224,-51.75,0.0,11,101.93278711545317,74.30000000000001
YIELD,5561@87.944543,TRACKING,5.53745545,5.53772106218608,90.81287398193113,-20.044144905936946,1.4865043549939785,0.0,104.02500000000224,-51.75,0.0,11,101.59577251862537,74.32000000000001
YIELD,5561@87.944543,TRACKING,5.53784231,5.537607224284552,90.82219239526246,-19.933786261670093,1.4866403446009824,0.0,104.02500000000224,-51.75,0.0,11,101.59577251862537,74.34
YIELD,5561@87.944543,TRACKING,5.53822111,5.538260652682744,90.83149575700135,-19.823413087600645,1.4867779749541803,0.0,104.02500000000224,-51.75,0.0,11,101.59577251862537,74.363
YIELD,5561@87.944543,TRACKING,5.53895515,5.5385588122737905,90.84078461229713,-19.7130333615554,1.4869162174652357,0.0,104.02500000000224,-51.75,0.0,11,101.59577251862537,74.381
YIELD,5561@87.944543,TRACKING,5.53895515,5.538676851936886,90.85005899767799,-19.60264931182999,1.4870569128699316,0.0,104.02500000000224,-51.75,0.0,11,101.59577251862537,74.4
YIELD,5561@89.374960,TRACKING,5.53936407,5.539404838403953,90.85931958599645,-19.492252574543013,1.4872007300538326,0.0,104.02500000000224,-51.75,0.0,11,101.59577251862537,74.42
YIELD,5561@89.374960,TRACKING,5.53999472,5.540810596659432,90.86856576743556,-19.381826583476546,1.4873469580355834,0.0,104.02500000000224,-51.75,0.0,11,101.25875792179757,74.44
YIELD,5561@89.374960,TRACKING,5.54032744,5.541461288377811,90.8777959166442,-19.27138284802661,1.4874948760026976,0.0,104.02500000000224,-51.75,0.0,11,101.25875792179757,74.46000000000001
YIELD,5561@89.374960,TRACKING,5.54065437,5.541871516813591,90.88701034473709,-19.160929264246413,1.4876440328405478,0.0,104.02500000000224,-51.75,0.0,11,101.25875792179757,74.48
YIELD,5561@89.374960,TRACKING,5.54065437,5.542257277556299,90.89620884611989,-19.050466491964528,1.4877952532544911,0.0,104.02500000000224,-51.75,0.0,11,101.25875792179757,74.5
YIELD,5561@91.351744,TRACKING,5.54097447,5.5426669387404806,90.90539118942357,-18.939994035856856,1.487949364048316,0.0,104.02500000000224,-51.75,0.0,11,101.25875792179757,74.52000000000001
YIELD,5561@91.351744,TRACKING,5.54159484,5.542358934997029,90.91455688376084,-18.82952639337989,1.4881075569858673,0.0,104.02500000000224,-51.75,0.0,11,101.25875792179757,74.54100000000001
YIELD,5561@91.351744,TRACKING,5.54189535,5.542988554934349,90.92370485298034,-18.719045314432794,1.4882675083881842,0.0,104.02500000000224,-51.75,0.0,12,100.92174332496977,74.56
YIELD,5561@91.351744,TRACKING,5.54218959,5.543172593946884,90.93283545350326,-18.608558905659123,1.488428032913037,0.0,104.02500000000224,-51.75,0.0,12,100.92174332496977,74.58
YIELD,5561@91.351744,TRACKING,5.54218959,5.543227541793511,90.94194735268606,-18.498068569247867,1.4885897875528193,0.0,104.02500000000224,-51.75,0.0,12,100.92174332496977,74.601
YIELD,5561@91.474530,TRACKING,5.54275978,5.542499420339643,90.95104108906514,-18.38759171975946,1.4887545599850358,0.0,104.02500000000224,-51.75,0.0,12,100.92174332496977,74.62
YIELD,5561@91.474530,TRACKING,5.54275978,5.542811705121761,90.960116967567,-18.277107215137423,1.4889229359378093,0.0,104.02500000000224,-51.75,0.0,12,100.58472872814197,74.64
YIELD,5561@91.474530,TRACKING,5.54303599,5.542749260442329,90.96917386517917,-18.16662274797364,1.4890932277457334,0.0,104.02500000000224,-51.75,0.0,12,100.58472872814197,74.66000000000001
YIELD,5561@91.474530,TRACKING,5.54357124,5.542894553366888,90.97821253956994,-18.05613279534885,1.4892638864935916,0.0,104.02500000000224,-51.75,0.0,12,100.58472872814197,74.68
YIELD,5561@91.474530,TRACKING,5.54357124,5.5430546047828075,90.98723283134747,-17.94563971620598,1.4894361705727306,0.0,104.02500000000224,-51.75,0.0,12,100.58472872814197,74.7
YIELD,5561@91.597316,TRACKING,5.54383052,5.543182757763558,90.99623452311917,-17.835142683814503,1.4896111830233048,0.0,104.02500000000224,-51.75,0.0,12,100.58472872814197,74.72
YIELD,5561@91.597316,TRACKING,5.54433297,5.543340520539542,91.00521717267301,-17.72464106612638,1.4897899144499993,0.0,104.02500000000224,-51.75,0.0,13,100.24771413131417,74.74000000000001
YIELD,5561@91.597316,TRACKING,5.54457636,5.543979219106613,91.01417985034628,-17.614124828517078,1.4899700960446713,0.0,104.02500000000224,-51.75,0.0,13,100.24771413131417,74.76
YIELD,5561@91.597316,TRACKING,5.54481467,5.5449418885049075,91.02312566440844,-17.503595155575248,1.4901510947619072,0.0,104.02500000000224,-51.75,0.0,13,100.24771413131417,74.78
YIELD,5561@91.597316,TRACKING,5.54481467,5.546318234766677,91.03205217845516,-17.393031920987898,1.4903328058245602,0.0,104.02500000000224,-51.75,0.0,13,100.24771413131417,74.80000000000001
YIELD,5561@91.720102,TRACKING,5.54527648,5.546711884278879,91.04095908109811,-17.282455812540046,1.490516982916145,0.0,104.02500000000224,-51.75,0.0,13,100.24771413131417,74.822
YIELD,5561@91.720102,TRACKING,5.54550019,5.547026326482207,91.04984594877108,-17.1718715311497,1.4907048521639148,0.0,104.02500000000224,-51.75,0.0,13,99.91069953448637,74.84
YIELD,5561@91.720102,TRACKING,5.54550019,5.546792362723086,91.05871149788902,-17.061290457365896,1.4908944709206864,0.0,104.02500000000224,-51.75,0.0,13,99.91069953448637,74.86
YIELD,5561@91.720102,TRACKING,5.54571923,5.547063172733849,91.06755665281055,-16.950701799625175,1.4910838911188231,0.0,104.02500000000224,-51.75,0.0,13,99.91069953448637,74.88000000000001
YIELD,5561@91.720102,TRACKING,5.5459337,5.547142038513895,91.07638106179627,-16.84011079937566,1.4912746057606356,0.0,104.02500000000224,-51.75,0.0,13,99.91069953448637,74.9
YIELD,5561@91.842888,TRACKING,5.5461437,5.547227648197138,91.08518409684777,-16.729516734409035,1.4914677507747647,0.0,104.02500000000224,-51.75,0.0,13,99.91069953448637,74.92
YIELD,5561@91.842888,TRACKING,5.54655064,5.547356005969175,91.09396566824269,-16.618918549361517,1.491664592565,0.0,104.02500000000224,-51.75,0.0,13,99.91069953448637,74.94
YIELD,5561@91.842888,TRACKING,5.54655064,5.5462816301618085,91.10272338290717,-16.50832732014762,1.4918633268412178,0.0,104.02500000000224,-51.75,0.0,12,103.17155430952133,74.96000000000001
YIELD,5561@91.842888,TRACKING,5.54674776,5.5461606860915,91.11145934396679,-16.397748676570533,1.4920619413826572,0.0,104.02500000000224,-51.75,0.0,12,103.17155430952133,74.98
YIELD,5561@91.842888,TRACKING,5.54694078,5.546459823118475,91.12017380356534,-16.287162290609977,1.492261467262642,0.0,104.02500000000224,-51.75,0.0,12,103.17155430952133,75.0
YIELD,5561@92.211245,TRACKING,5.54731481,5.546761190804606,91.1288665898729,-16.176567842938823,1.4924633661161,0.0,104.02500000000224,-51.75,0.0,12,103.17155430952133,75.02000000000001
YIELD,5561@92.211245,TRACKING,5.547496,5.546286104413896,91.13753722039165,-16.06598132347675,1.492669334444106,0.0,104.02500000000224,-51.75,0.0,12,103.17155430952133,75.04
YIELD,5561@92.211245,TRACKING,5.547496,5.547889018080954,91.14618481656065,-15.955362262272095,1.492871201178951,0.0,104.02500000000224,-51.75,0.0,12,103.17835572874198,75.06
YIELD,5561@92.211245,TRACKING,5.5476734,5.547692327346394,91.15481204991826,-15.844743184231255,1.4930640712524585,0.0,104.02500000000224,-51.75,0.0,12,103.17835572874198,75.08
YIELD,5561@92.211245,TRACKING,5.5478471,5.547601060474081,91.16341808975625,-15.734124829258553,1.4932512914840768,0.0,104.02500000000224,-51.75,0.0,12,103.17835572874198,75.10000000000001
YIELD,-,TRACKING,5.54801718,5.547543690001749,91.17200417759916,-15.623506728859237,1.493436188253276,0.0,104.02500000000224,-51.75,0.0,12,103.17835572874198,75.12
YIELD,-,TRACKING,5.54818372,5.549347711209605,91.18057208916773,-15.512862359456909,1.4936211714478316,0.0,104.02500000000224,-51.75,0.0,11,103.18072920971204,75.14
YIELD,-,TRACKING,5.54850643,5.5501535846970835,91.18912041454064,-15.40219087779265,1.493808933226326,0.0,104.02500000000224,-51.75,0.0,11,103.18072920971204,75.16000000000001
YIELD,-,TRACKING,5.54866276,5.550313870352281,91.19764798464733,-15.29151196902729,1.4940027034830439,0.0,104.02500000000224,-51.75,0.0,11,103.18072920971204,75.18
YIELD,-,TRACKING,5.54881582,5.550494197842948,91.20615407046259,-15.180827805814767,1.494202427319802,0.0,104.02500000000224,-51.75,0.0,11,103.18072920971204,75.2
YIELD,-,TRACKING,5.54896569,5.550733049355855,91.21463809490189,-15.070137115520893,1.4944084238643272,0.0,104.02500000000224,-51.75,0.0,11,103.18072920971204,75.22
YIELD,-,TRACKING,5.54896569,5.549753611114907,91.22309923160782,-14.95945983999366,1.4946216866136999,0.0,104.02500000000224,-51.75,0.0,11,103.17568298135258,75.24000000000001
YIELD,-,TRACKING,5.54911244,5.550004029151271,91.23153498110543,-14.84878206676501,1.494840645456266,0.0,104.02500000000224,-51.75,0.0,11,103.17568298135258,75.26
YIELD,-,TRACKING,5.54939681,5.550148618135859,91.239946338692,-14.73809943154097,1.495065256975836,0.0,104.02500000000224,-51.75,0.0,11,103.17568298135258,75.28
YIELD,-,TRACKING,5.54939681,5.550237328055736,91.24833181609952,-14.627412479383882,1.4952953502260633,0.0,104.02500000000224,-51.75,0.0,11,103.17568298135258,75.301
YIELD,-,TRACKING,5.54966944,5.549221526568638,91.2566909908597,-14.516740891451361,1.4955321283096483,0.0,104.02500000000224,-51.75,0.0,11,103.17568298135258,75.32000000000001
YIELD,-,TRACKING,5.5498015,5.549367382438653,91.26502370439206,-14.40606740257,1.495775526138505,0.0,104.02500000000224,-51.75,0.0,11,103.17568298135258,75.34
YIELD,-,TRACKING,5.54993081,5.549165337229954,91.27332896046765,-14.295394401766082,1.4960247415618586,0.0,104.02500000000224,-51.75,0.0,11,103.1721707773015,75.36
YIELD,-,TRACKING,5.55005742,5.54886980238494,91.28160663878559,-14.18472078834884,1.4962785051669318,0.0,104.02500000000224,-51.75,0.0,11,103.1721707773015,75.38000000000001
YIELD,-,TRACKING,5.55018139,5.548543441949378,91.2898561455609,-14.074057739742424,1.4965377624878302,0.0,104.02500000000224,-51.75,0.0,11,103.1721707773015,75.4
YIELD,-,TRACKING,5.55030277,5.548535434068578,91.29807693308547,-13.963392816186342,1.4968030666479024,0.0,104.02500000000224,-51.75,0.0,11,103.1721707773015,75.42
YIELD,-,TRACKING,5.55030277,5.548565872728004,91.30626820504348,-13.852725207867518,1.4970752509655827,0.0,104.02500000000224,-51.75,0.0,12,103.16875478784961,75.44
YIELD,-,TRACKING,5.550538,5.549041097079718,91.31442876935314,-13.742045668879964,1.4973521896284052,0.0,104.02500000000224,-51.75,0.0,12,103.16875478784961,75.46000000000001
YIELD,-,TRACKING,5.550538,5.550084120581312,91.32256252355883,-13.63135050146249,1.497633610628026,0.0,104.02500000000224,-51.75,0.0,12,103.16875478784961,75.48
YIELD,-,TRACKING,5.55065194,5.552408539617867,91.33066541225857,-13.520604507665288,1.4979184022589591,0.0,104.02500000000224,-51.75,0.0,12,103.16875478784961,75.5
CRUISE,-,TRACKING,5.55076351,5.55298876715286,91.33873690561492,-13.409837918947261,1.498208435233459,0.0,104.02500000000224,-51.75,0.0,12,103.16875478784961,75.521
CRUISE,-,TRACKING,5.55087275,5.553208489798518,91.34677623270744,-13.299064766105198,1.4985050051658295,0.0,104.02500000000224,-51.75,0.0,12,103.16875478784961,75.54
CRUISE,-,TRACKING,5.55108968,5.553035016559738,91.35478215827855,-13.188292319972115,1.4988071719134415,0.0,104.02500000000224,-51.75,0.0,14,103.16471157496277,75.56
CRUISE,-,TRACKING,5.55108968,5.55283085863381,91.362754404133,-13.077519810938147,1.4991126377622435,0.0,104.02500000000224,-51.75,0.0,14,103.16471157496277,75.58
CRUISE,-,TRACKING,5.55118709,5.552586898247617,91.37069256382205,-12.966752683639948,1.49942148487997,0.0,104.02500000000224,-51.75,0.0,14,103.16471157496277,75.60000000000001
CRUISE,-,TRACKING,5.5512875,5.5525466132513355,91.37859556870747,-12.855984337524266,1.4997349029082276,0.0,104.02500000000224,-51.75,0.0,14,103.16471157496277,75.62
CRUISE,-,TRACKING,5.55148196,5.552578108500943,91.3864635667437,-12.745213114797394,1.5000545682529594,0.0,104.02500000000224,-51.75,0.0,14,103.16471157496277,75.64
CRUISE,-,TRACKING,5.55148196,5.551454364282475,91.39429272331003,-12.63444389213637,1.5003770020877216,0.0,104.02500000000224,-51.75,0.0,13,103.15889105710964,75.66000000000001
CRUISE,-,TRACKING,5.5516685,5.550354837259161,91.40208626344332,-12.523710501538226,1.5007017790534496,0.0,104.02500000000224,-51.75,0.0,13,103.15889105710964,75.68
CRUISE,-,TRACKING,5.5516685,5.550555736033798,91.40984399308095,-12.412970248591577,1.501029721793401,0.0,104.02500000000224,-51.75,0.0,13,103.15889105710964,75.7
CRUISE,-,TRACKING,5.55175886,5.5507801174452265,91.41756550554983,-12.302222649339475,1.5013625000018498,0.0,104.02500000000224,-51.75,0.0,13,103.15889105710964,75.72
CRUISE,-,TRACKING,5.55193397,5.549715111573657,91.42525001051754,-12.191488747014759,1.5017019259430555,0.0,104.02500000000224,-51.75,0.0,13,103.15889105710964,75.74000000000001
CRUISE,-,TRACKING,5.55193397,5.550414190898392,91.43289594252987,-12.080744700817858,1.5020445161437384,0.0,104.02500000000224,-51.75,0.0,13,103.16015181158906,75.76100000000001
CRUISE,-,TRACKING,5.55210184,5.55029463352515,91.44050421657914,-11.97000001091414,1.50238800393873,0.0,104.02500000000224,-51.75,0.0,13,103.16015181158906,75.78
CRUISE,-,TRACKING,5.55210184,5.5502136565009215,91.4480746159432,-11.859254607475489,1.5027344077727158,0.0,104.02500000000224,-51.75,0.0,13,103.16015181158906,75.80000000000001
CRUISE,-,TRACKING,5.55218316,5.550295433379708,91.45560895091262,-11.748507361404489,1.503086389212812,0.0,104.02500000000224,-51.75,0.0,13,103.16015181158906,75.821
CRUISE,-,TRACKING,5.55234075,5.553573025079313,91.46310673807359,-11.6377091409269,1.5034446405893855,0.0,104.02500000000224,-51.75,0.0,14,103.15717097091253,75.84
CRUISE,-,TRACKING,5.55241709,5.554169648187104,91.47056377753724,-11.526876973891493,1.503805042444813,0.0,104.02500000000224,-51.75,0.0,14,103.15717097091253,75.86
CRUISE,-,TRACKING,5.55249183,5.554479287380701,91.47798128598518,-11.41603540199727,1.50416536967376,0.0,104.02500000000224,-51.75,0.0,14,103.15717097091253,75.88000000000001
CRUISE,-,TRACKING,5.55249183,5.554735009325038,91.48535911515273,-11.305185740777535,1.5045279470880224,0.0,104.02500000000224,-51.75,0.0,14,103.15717097091253,75.9
CRUISE,-,TRACKING,5.55256502,5.555020868857122,91.49269696322439,-11.19432696783284,1.5048949981840942,0.0,104.02500000000224,-51.75,0.0,14,103.15717097091253,75.92
CRUISE,-,TRACKING,5.55263668,5.554078018198883,91.4999940630168,-11.083479061246248,1.505268518149881,0.0,104.02500000000224,-51.75,0.0,14,103.1552037729689,75.94
CRUISE,-,TRACKING,5.55277554,5.5545205575935475,91.50724857578156,-10.972626470710335,1.505644303303185,0.0,104.02500000000224,-51.75,0.0,14,103.1552037729689,75.96000000000001
CRUISE,-,TRACKING,5.5528428,5.554721881908906,91.51446172564725,-10.86176676668928,1.506019247880178,0.0,104.02500000000224,-51.75,0.0,14,103.1552037729689,75.98
CRUISE,-,TRACKING,5.55290867,5.5545370061870365,91.52163130946134,-10.750907357339342,1.5063952595451717,0.0,104.02500000000224,-51.75,0.0,14,103.1552037729689,76.001
CRUISE,-,TRACKING,5.55297316,5.551601002704867,91.52875705965859,-10.640089944375923,1.5067754220874887,0.0,104.02500000000224,-51.75,0.0,14,103.1552037729689,76.02000000000001
CRUISE,-,TRACKING,5.55297316,5.551762683687581,91.53584057685875,-10.529279787371859,1.5071618242671354,0.0,104.02500000000224,-51.75,0.0,15,103.15219967292188,76.04
CRUISE,-,TRACKING,5.55309813,5.551477994993583,91.54288003023775,-10.418472823605212,1.5075505837243517,0.0,104.02500000000224,-51.75,0.0,15,103.15219967292188,76.06
CRUISE,-,TRACKING,5.55315866,5.551279271141893,91.5498768606732,-10.307667598653973,1.5079379991722355,0.0,104.02500000000224,-51.75,0.0,15,103.15219967292188,76.08
CRUISE,-,TRACKING,5.55315866,5.551116664825831,91.55683105345557,-10.196863471238379,1.5083268183436773,0.0,104.02500000000224,-51.75,0.0,15,103.15219967292188,76.10000000000001
CRUISE,-,TRACKING,5.55321794,5.550929220902087,91.56374231334321,-10.086060401594523,1.5087193103999381,0.0,104.02500000000224,-51.75,0.0,15,103.15219967292188,76.12
CRUISE,-,TRACKING,5.55327598,5.5508210207377084,91.57061003832084,-9.9752577130445,1.50911790478066,0.0,104.02500000000224,-51.75,0.0,14,103.15027479976598,76.14
CRUISE,-,TRACKING,5.5533328,5.551779348949906,91.57743314671428,-9.8644323276322,1.509517855076765,0.0,104.02500000000224,-51.75,0.0,14,103.15027479976598,76.16000000000001
CRUISE,-,TRACKING,5.55344292,5.551796645101138,91.58421506163747,-9.753605789629969,1.509916818796298,0.0,104.02500000000224,-51.75,0.0,14,103.15027479976598,76.18
CRUISE,-,TRACKING,5.55344292,5.555657477107245,91.59095447049427,-9.64270671712642,1.5103159382746754,0.0,104.02500000000224,-51.75,0.0,14,103.15027479976598,76.2
CRUISE,-,TRACKING,5.55349627,5.556035791162751,91.59764987328262,-9.531787629382025,1.5107182782903663,0.0,104.02500000000224,-51.75,0.0,14,103.15027479976598,76.22
CRUISE,-,TRACKING,5.55359964,5.556267573695217,91.60430066340113,-9.420860790743204,1.5111262514261559,0.0,104.02500000000224,-51.75,0.0,14,103.14783089027453,76.24000000000001
CRUISE,-,TRACKING,5.55364972,5.5553505985399765,91.61090489448058,-9.309950014877236,1.5115356645385345,0.0,104.02500000000224,-51.75,0.0,14,103.14783089027453,76.26
CRUISE,-,TRACKING,5.55369875,5.555718775519732,91.61746428354213,-9.19902984992559,1.5119424557949364,0.0,104.02500000000224,-51.75,0.0,14,103.14783089027453,76.28
CRUISE,-,TRACKING,5.55374675,5.555687973167958,91.62397872377774,-9.08810744331574,1.5123497424879777,0.0,104.02500000000224,-51.75,0.0,14,103.14783089027453,76.30000000000001
CRUISE,-,TRACKING,5.55379376,5.555494697414979,91.63044741079727,-8.977186668836394,1.5127599723198726,0.0,104.02500000000224,-51.75,0.0,14,103.14783089027453,76.32000000000001
CRUISE,-,TRACKING,5.55379376,5.55540108697437,91.63687019476744,-8.86626552461296,1.513175629708945,0.0,104.02500000000224,-51.75,0.0,14,103.15282879815356,76.34
CRUISE,-,TRACKING,5.55388485,5.55365610921712,91.6432442326011,-8.755366873427267,1.5136012966075605,0.0,104.02500000000224,-51.75,0.0,14,103.15282879815356,76.36
CRUISE,-,TRACKING,5.55388485,5.553002334480569,91.64956993652011,-8.644484474485967,1.514041753141986,0.0,104.02500000000224,-51.75,0.0,14,103.15282879815356,76.38000000000001
CRUISE,-,TRACKING,5.55397218,5.5529152449457815,91.6558459669814,-8.53360115893477,1.5144959217161704,0.0,104.02500000000224,-51.75,0.0,14,103.15282879815356,76.4
CRUISE,-,TRACKING,5.55397218,5.55296259115593,91.66207097759626,-8.42271398135423,1.5149638484512136,0.0,104.02500000000224,-51.75,0.0,14,103.15282879815356,76.42
CRUISE,-,TRACKING,5.5540559,5.55131202629263,91.66824331787073,-8.311841528387733,1.5154463582535875,0.0,104.02500000000224,-51.75,0.0,15,103.15405355137965,76.44
CRUISE,-,TRACKING,5.55409646,5.549634773034833,91.67436193761485,-8.2010188506657,1.5159480690617273,0.0,104.02500000000224,-51.75,0.0,15,103.15405355137965,76.46000000000001
CRUISE,-,TRACKING,5.55413617,5.549839704391332,91.6804234462719,-8.090190503740113,1.5164709004151034,0.0,104.02500000000224,-51.75,0.0,15,103.15405355137965,76.48
CRUISE,-,TRACKING,5.55417505,5.549973958894572,91.6864256947204,-7.979355896095471,1.5170122178843721,0.0,104.02500000000224,-51.75,0.0,15,103.15405355137965,76.5
YIELD,7386@100.351435,TRACKING,5.55421312,5.550061657560773,91.69236943696318,-7.868517004415699,1.5175716547332907,0.0,104.02500000000224,-51.75,0.0,15,103.15405355137965,76.52000000000001
YIELD,7386@100.351435,TRACKING,5.5542504,5.555283437213619,91.69825353715707,-7.757602853039313,1.5181477939925918,0.0,104.02500000000224,-51.75,0.0,14,103.15299081341708,76.54
YIELD,7386@100.351435,TRACKING,5.5542869,5.558560295887856,91.70407302907947,-7.64660177747571,1.518738659680633,0.0,104.02500000000224,-51.75,0.0,14,103.15299081341708,76.56
YIELD,7386@100.351435,TRACKING,5.55432263,5.558659889154846,91.70982613531706,-7.535575550542171,1.5193443169979803,0.0,104.02500000000224,-51.75,0.0,14,103.15299081341708,76.58
YIELD,7386@100.351435,TRACKING,5.55432263,5.558676671248888,91.71551126088637,-7.424545639791094,1.5199639268901521,0.0,104.02500000000224,-51.75,0.0,14,103.15299081341708,76.60000000000001
YIELD,7386@100.593780,TRACKING,5.55439189,5.55878287235531,91.72112698389628,-7.3135101406780025,1.5205970107618005,0.0,104.02500000000224,-51.75,0.0,14,103.15299081341708,76.62
YIELD,7386@100.593780,TRACKING,5.55442544,5.556727566428964,91.72667174331156,-7.202496863938694,1.521243749011157,0.0,104.02500000000224,-51.75,0.0,14,103.15299081341708,76.64
YIELD,7386@100.593780,TRACKING,5.55442544,5.557112443939956,91.73214231934693,-7.091491183918752,1.5219005773641392,0.0,104.02500000000224,-51.75,0.0,13,103.15398703717031,76.66000000000001
YIELD,7386@100.593780,TRACKING,5.55445828,5.557128197724237,91.73753950313338,-6.980481267025243,1.5225653701372674,0.0,104.02500000000224,-51.75,0.0,13,103.15398703717031,76.68
YIELD,7386@100.593780,TRACKING,5.55449045,5.557095273003561,91.74286061061159,-6.869467733154484,1.5232379834691248,0.0,104.02500000000224,-51.75,0.0,13,103.15398703717031,76.7
YIELD,7386@100.836125,TRACKING,5.55452194,5.552100286234113,91.74810382272088,-6.758513378319918,1.5239193870613523,0.0,104.02500000000224,-51.75,0.0,13,103.15398703717031,76.72
YIELD,7386@100.836125,TRACKING,5.55458296,5.552035983441818,91.7532708946605,-6.647591604990201,1.5246107434291576,0.0,104.02500000000224,-51.75,0.0,16,103.16642765757962,76.74000000000001
YIELD,7386@100.836125,TRACKING,5.55458296,5.551218052794122,91.75836004265946,-6.536683102996992,1.5253068622797683,0.0,104.02500000000224,-51.75,0.0,16,103.16642765757962,76.76
YIELD,7386@100.836125,TRACKING,5.55464147,5.551371141757741,91.76337220951433,-6.425768571854602,1.526003540537417,0.0,104.02500000000224,-51.75,0.0,16,103.16642765757962,76.78
YIELD,7386@100.836125,TRACKING,5.55464147,5.550865513062814,91.76830711176079,-6.314860800984237,1.5267031598359326,0.0,104.02500000000224,-51.75,0.0,16,103.16642765757962,76.80000000000001
YIELD,7386@101.078470,TRACKING,5.55469756,5.550750106848058,91.77316431284922,-6.203952684005988,1.527407125265305,0.0,104.02500000000224,-51.75,0.0,16,103.16642765757962,76.82000000000001
YIELD,7386@101.078470,TRACKING,5.55469756,5.550627580028069,91.77794324650475,-6.09304379795144,1.5281167920859826,0.0,104.02500000000224,-51.75,0.0,15,103.1726510757379,76.84
YIELD,7386@101.078470,TRACKING,5.55472473,5.5514304791566165,91.78264296133656,-5.982115094203229,1.5288284712566345,0.0,104.02500000000224,-51.75,0.0,15,103.1726510757379,76.86
YIELD,7386@101.078470,TRACKING,5.55477738,5.5513906666426305,91.78726858819434,-5.871184727935569,1.5295407793562683,0.0,104.02500000000224,-51.75,0.0,15,103.1726510757379,76.88000000000001
YIELD,7386@101.078470,TRACKING,5.55480289,5.558528806640949,91.79181612328401,-5.7601436556572505,1.530253738993901,0.0,104.02500000000224,-51.75,0.0,15,103.1726510757379,76.90100000000001
YIELD,7386@101.320815,TRACKING,5.55482786,5.5587780553641775,91.796284520507,-5.649057548088876,1.5309695492086568,0.0,104.02500000000224,-51.75,0.0,15,103.1726510757379,76.92
YIELD,7386@101.320815,TRACKING,5.55485231,5.558916860828243,91.8006732841171,-5.5379652899080805,1.531689962134074,0.0,104.02500000000224,-51.75,0.0,15,103.17878360674628,76.94
YIELD,7386@101.320815,TRACKING,5.55485231,5.557715450624547,91.80498099461367,-5.426894580709025,1.5324090543961368,0.0,104.02500000000224,-51.75,0.0,15,103.17878360674628,76.96000000000001
YIELD,7386@101.320815,TRACKING,5.5548997,5.558086325982473,91.80920946523575,-5.315814241307114,1.5331216329643351,0.0,104.02500000000224,-51.75,0.0,15,103.17878360674628,76.98
YIELD,7386@101.320815,TRACKING,5.5548997,5.558363539327389,91.81335918780096,-5.204724880643722,1.5338313279836786,0.0,104.02500000000224,-51.75,0.0,15,103.17878360674628,77.0
YIELD,7386@101.563160,TRACKING,5.55494513,5.558439478292564,91.81743016652422,-5.093630917930386,1.5345408194434664,0.0,104.02500000000224,-51.75,0.0,15,103.17878360674628,77.02000000000001
YIELD,7386@101.563160,TRACKING,5.55496713,5.55833402713386,91.82142216773998,-4.9825363060498935,1.5352520492212771,0.0,104.02500000000224,-51.75,0.0,16,103.1821905273344,77.04
YIELD,7386@101.563160,TRACKING,5.55498868,5.556453771427615,91.82533106422567,-4.871466061795302,1.5359576929028658,0.0,104.02500000000224,-51.75,0.0,16,103.1821905273344,77.06
YIELD,7386@101.563160,TRACKING,5.55498868,5.552166415199724,91.82916122045525,-4.760485244930108,1.536653801457746,0.0,104.02500000000224,-51.75,0.0,16,103.1821905273344,77.08
YIELD,7386@101.563160,TRACKING,5.55503043,5.551900008764087,91.83291472015291,-4.649509969102125,1.5373445259281582,0.0,104.02500000000224,-51.75,0.0,16,103.1821905273344,77.10000000000001
YIELD,7386@101.805505,TRACKING,5.55505066,5.551696298387097,91.83659191218997,-4.538536632154012,1.5380329328872313,0.0,104.02500000000224,-51.75,0.0,16,103.1821905273344,77.12
YIELD,7386@101.805505,TRACKING,5.55505066,5.551610061359454,91.84019285861828,-4.42756153370444,1.5387212191648434,0.0,104.02500000000224,-51.75,0.0,16,103.1821905273344,77.14
YIELD,7386@101.805505,TRACKING,5.55507046,5.552988047625537,91.84371816094078,-4.3165578994118246,1.5394033324912957,0.0,104.02500000000224,-51.75,0.0,20,103.18823869111995,77.16000000000001
YIELD,7386@101.805505,TRACKING,5.55510884,5.552575504223286,91.84716845415927,-4.205558387518049,1.5400735882718066,0.0,104.02500000000224,-51.75,0.0,20,103.18823869111995,77.18
YIELD,7386@101.805505,TRACKING,5.55512743,5.55231535429493,91.85054459613814,-4.094562427383929,1.5407364131381232,0.0,104.02500000000224,-51.75,0.0,20,103.18823869111995,77.2
YIELD,7386@102.047850,TRACKING,5.55512743,5.552114193962918,91.85384803931132,-3.983568959308207,1.5413953366594595,0.0,104.02500000000224,-51.75,0.0,20,103.18823869111995,77.22
YIELD,7386@102.047850,TRACKING,5.55516346,5.555181135081506,91.8570812503114,-3.8725434511996197,1.5420535159114386,0.0,104.02500000000224,-51.75,0.0,20,103.18823869111995,77.24000000000001
YIELD,7386@102.047850,TRACKING,5.55518091,5.556964841494327,91.86024081395387,-3.761448208041898,1.5427040747618903,0.0,104.02500000000224,-51.75,0.0,19,103.20856015801562,77.26
YIELD,7386@102.047850,TRACKING,5.55518091,5.557433146769292,91.86332904826352,-3.6503443569833727,1.543341075637106,0.0,104.02500000000224,-51.75,0.0,19,103.20856015801562,77.28
YIELD,7386@102.047850,TRACKING,5.55521473,5.557747227336968,91.86634719921227,-3.539231633407645,1.543969230613328,0.0,104.02500000000224,-51.75,0.0,19,103.20856015801562,77.30000000000001
YIELD,7386@102.290195,TRACKING,5.55523111,5.558005995392864,91.8692960177243,-3.428111405748069,1.5445919497346363,0.0,104.02500000000224,-51.75,0.0,19,103.20856015801562,77.32000000000001
YIELD,7386@102.290195,TRACKING,5.55523111,5.558195915086313,91.8721759174331,-3.316985212438262,1.5452118083171018,0.0,104.02500000000224,-51.75,0.0,19,103.20856015801562,77.34
YIELD,7386@102.290195,TRACKING,5.55526286,5.556763245162826,91.8749865345777,-3.2058809860901656,1.5458234114540912,0.0,104.02500000000224,-51.75,0.0,20,103.21543878605787,77.36
YIELD,7386@102.290195,TRACKING,5.55527823,5.557228884579756,91.87773017835113,-3.0947722953945314,1.5464204640893315,0.0,104.02500000000224,-51.75,0.0,20,103.21543878605787,77.38000000000001
YIELD,7386@102.290195,TRACKING,5.55527823,5.557566750164214,91.88040659846456,-2.983654651766368,1.5470071474163622,0.0,104.02500000000224,-51.75,0.0,20,103.21543878605787,77.4
YIELD,7386@102.532540,TRACKING,5.55529329,5.553133263231999,91.88301725627365,-2.8725851798671957,1.5475872818521508,0.0,104.02500000000224,-51.75,0.0,20,103.21543878605787,77.42
YIELD,7386@102.532540,TRACKING,5.55530803,5.552670366993747,91.88556382446352,-2.7615604751056635,1.5481638925182182,0.0,104.02500000000224,-51.75,0.0,20,103.21543878605787,77.44
YIELD,7386@102.532540,TRACKING,5.5553366,5.5540677452889025,91.88804616969435,-2.650512817211028,1.5487307497438787,0.0,104.02500000000224,-51.75,0.0,20,103.22231741410013,77.46000000000001
YIELD,7386@102.532540,TRACKING,5.55535044,5.553649645782468,91.89046667078031,-2.5394642032722414,1.5492828271564614,0.0,104.02500000000224,-51.75,0.0,20,103.22231741410013,77.48
YIELD,7386@102.532540,TRACKING,5.55536399,5.553379461689166,91.89282683796446,-2.4284203986703345,1.549824957485831,0.0,104.02500000000224,-51.75,0.0,20,103.22231741410013,77.5
YIELD,7386@102.774885,NO_PATH,5.55537726,5.553170506390404,91.89512754262032,-2.31737991913952,1.550360485974043,0.0,104.02500000000224,-51.75,0.0,20,103.22231741410013,77.52000000000001
YIELD,7386@102.774885,NO_PATH,5.55537726,5.553019586253536,91.89736895790769,-2.206341588536491,1.5508917587527014,0.0,104.02500000000224,-51.75,0.0,20,103.22231741410013,77.54
YIELD,7386@102.774885,NO_PATH,5.55539025,5.5227069121392045,91.8995443125273,-2.095649595957232,1.5513722366286768,0.0,104.02500000000224,-51.75,0.0,17,103.22919604214239,77.56
YIELD,7386@102.774885,NO_PATH,5.49840297,5.4621580197733515,91.9016487728098,-1.986108686545632,1.5517120580548571,0.0,104.02500000000224,-51.75,0.0,17,103.22919604214239,77.58
YIELD,7386@102.774885,NO_PATH,5.43840297,5.3986521956024,91.90369725280473,-1.8778394111881243,1.5519352539799591,0.0,104.02500000000224,-51.75,0.0,17,103.22919604214239,77.601
YIELD,7386@103.017230,NO_PATH,5.37840297,5.336402090704524,91.90570422890916,-1.7708203567242438,1.552082470384723,0.0,104.02500000000224,-51.75,0.0,17,103.22919604214239,77.62
YIELD,7386@103.017230,NO_PATH,5.37840297,5.275703944193124,91.9076764427346,-1.6650173764026768,1.5521794872969075,0.0,104.02500000000224,-51.75,0.0,17,103.22919604214239,77.64
YIELD,7386@103.017230,NO_PATH,5.25840297,5.214411071254995,91.90961829522618,-1.5604413881832766,1.5522434865983454,0.0,104.02500000000224,-51.75,0.0,15,103.23607467018465,77.66000000000001
YIELD,7386@103.017230,NO_PATH,5.19840297,5.153568542638472,91.91153263902369,-1.457083913750014,1.552285955440495,0.0,104.02500000000224,-51.75,0.0,15,103.23607467018465,77.68
YIELD,7386@103.017230,NO_PATH,5.19840297,5.092995456066207,91.91342134590796,-1.3549388975196561,1.5523138621349335,0.0,104.02500000000224,-51.75,0.0,15,103.23607467018465,77.7
YIELD,-,NO_PATH,5.13840297,5.035624463443732,91.91528670425497,-1.2539453485246272,1.5523322503633745,0.0,104.02500000000224,-51.75,0.0,15,103.23607467018465,77.72
YIELD,-,NO_PATH,5.02140297,4.975379133115794,91.91712851139361,-1.1541536496956,1.5523443917133817,0.0,104.02500000000224,-51.75,0.0,15,103.23607467018465,77.74000000000001
YIELD,-,NO_PATH,4.96140297,4.915216997988986,91.9189472327317,-1.0555653567767982,1.5523523911252632,0.0,104.02500000000224,-51.75,0.0,13,nan,77.76
YIELD,-,NO_PATH,4.96140297,4.855110796361349,91.9207432071986,-0.9581792293455875,1.5523576786829665,0.0,104.02500000000224,-51.75,0.0,13,nan,77.78
YIELD,-,NO_PATH,4.84140297,4.7950395771016465,91.92251665398437,-0.8619944648021107,1.5523611799613244,0.0,104.02500000000224,-51.75,0.0,13,nan,77.80000000000001
YIELD,-,NO_PATH,4.84140297,4.73499202303697,91.92426771115078,-0.7670105506828078,1.5523634859287854,0.0,104.02500000000224,-51.75,0.0,13,nan,77.82000000000001
YIELD,-,NO_PATH,4.72140297,4.674952175932512,91.92599648255333,-0.6732272146974908,1.5523650069027997,0.0,104.02500000000224,-51.75,0.0,13,nan,77.84
YIELD,-,NO_PATH,4.72140297,4.620936025815112,91.9277049715179,-0.5805391786301697,1.5523660107568076,0.0,104.02500000000224,-51.75,0.0,12,nan,77.86
YIELD,-,NO_PATH,4.60740297,4.560925265975495,91.92939155877683,-0.4890361666465932,1.5523666748177745,0.0,104.02500000000224,-51.75,0.0,12,nan,77.88000000000001
YIELD,-,NO_PATH,4.54740297,4.500918022588645,91.93105597882487,-0.39873311126045496,1.5523671122500253,0.0,104.02500000000224,-51.75,0.0,12,nan,77.9
YIELD,-,NO_PATH,4.54740297,4.440913280479334,91.93269825067395,-0.30962995779866265,1.552367400307545,0.0,104.02500000000224,-51.75,0.0,12,nan,77.92
YIELD,-,TRACKING,4.48740297,4.380910207973259,91.9343183851303,-0.221726668753601,1.5523675893252467,0.0,104.02500000000224,-51.75,0.0,12,nan,77.94000000000001
YIELD,-,TRACKING,4.36740297,4.366730265907992,91.93593251941526,-0.1344128906086036,1.5523985396371203,0.0,104.02500000000224,-51.75,0.0,12,nan,77.96000000000001
YIELD,-,TRACKING,4.37677491,4.384146505255501,91.93754722178434,-0.04688254609252282,1.5525431067463846,0.0,104.02500000000224,-51.75,0.0,12,nan,77.98
YIELD,-,TRACKING,4.37677491,4.411490063888436,91.93915232374039,0.04117382211165044,1.5528079193903845,0.0,104.02500000000224,-51.75,0.0,12,nan,78.001
YIELD,-,TRACKING,4.42311879,4.434956172691565,91.94073689442936,0.12971768923270482,1.5531619204960259,0.0,104.02500000000224,-51.75,0.0,12,nan,78.021
YIELD,-,TRACKING,4.4467033,4.464682051761393,91.94229509593407,0.21884660637761666,1.5535833089642834,0.0,104.02500000000224,-51.75,0.0,12,nan,78.04
YIELD,-,TRACKING,4.4467033,4.492612860060372,91.94382066699069,0.30854779729633464,1.5540409633530938,0.0,104.02500000000224,-51.75,0.0,12,nan,78.06
YIELD,-,TRACKING,4.49249398,4.514264158494041,91.945311572348,0.3986857456044939,1.5545125474844772,0.0,104.02500000000224,-51.75,0.0,12,nan,78.08
YIELD,-,TRACKING,4.49249398,4.536311063524899,91.94676645839651,0.4892678926773922,1.5549957375875962,0.0,104.02500000000224,-51.75,0.0,12,nan,78.10000000000001
YIELD,-,TRACKING,4.53640319,4.558052663244909,91.94818367379538,0.5802873459136302,1.5554879541678395,0.0,104.02500000000224,-51.75,0.0,12,nan,78.12100000000001
YIELD,-,TRACKING,4.53640319,4.579272275223384,91.94956203540136,0.6717345961816489,1.5559870874569828,0.0,104.02500000000224,-51.75,0.0,12,nan,78.14
YIELD,-,TRACKING,4.57849971,4.598620162611735,91.95090043241198,0.7635726392557389,1.5564827814999942,0.0,104.02500000000224,-51.75,0.0,15,nan,78.16000000000001
YIELD,-,TRACKING,4.59889165,4.619066073396505,91.9521995609176,0.8558223520864573,1.5569664482057364,0.0,104.02500000000224,-51.75,0.0,15,nan,78.18
YIELD,-,TRACKING,4.59889165,4.635827271258951,91.95345926806404,0.9484213139308464,1.5574415309443808,0.0,104.02500000000224,-51.75,0.0,15,nan,78.2
YIELD,-,TRACKING,4.63840819,4.654467670761427,91.95467994077377,1.0413839947563062,1.5579105123431967,0.0,104.02500000000224,-51.75,0.0,15,nan,78.22
YIELD,-,TRACKING,4.63840819,4.67332838152239,91.95586205595724,1.134725537029674,1.558375297850892,0.0,104.02500000000224,-51.75,0.0,15,nan,78.24000000000001
YIELD,-,TRACKING,4.67629319,4.6909800563878825,91.95700536639913,1.228420279922338,1.5588302144456878,0.0,104.02500000000224,-51.75,0.0,15,nan,78.26
YIELD,-,TRACKING,4.69464503,4.709965277490569,91.9581111535598,1.3224957582529646,1.5592703405987074,0.0,104.02500000000224,-51.75,0.0,15,nan,78.28
YIELD,-,TRACKING,4.71261402,4.727924428893554,91.95918020589325,1.4169342931040407,1.559699863905779,0.0,104.02500000000224,-51.75,0.0,15,nan,78.30000000000001
CRUISE,-,TRACKING,4.71261402,4.745360752581398,91.96021314895866,1.5117269362037364,1.5601217406012433,0.0,104.02500000000224,-51.75,0.0,15,nan,78.32000000000001
CRUISE,-,TRACKING,4.73020816,4.762558165086478,91.96120998550087,1.6068746471738253,1.5605379870499436,0.0,104.02500000000224,-51.75,0.0,15,nan,78.34
CRUISE,-,TRACKING,4.76430298,4.780301712330609,91.96217118720114,1.7023802018354584,1.5609439920156705,0.0,104.02500000000224,-51.75,0.0,15,nan,78.36
CRUISE,-,TRACKING,4.78081881,4.796141252734515,91.9630974201727,1.7982074710122868,1.5613352387348205,0.0,104.02500000000224,-51.75,0.0,15,nan,78.38000000000001
CRUISE,-,TRACKING,4.78081881,4.811767344752883,91.96398974124455,1.8943500374119715,1.561715847152236,0.0,104.02500000000224,-51.75,0.0,15,nan,78.4
YIELD,7874@91.294613,NO_PATH,4.81282405,4.828625702029664,91.96484884545771,1.9908177884483576,1.5620886845870383,0.0,104.02500000000224,-51.75,0.0,15,nan,78.421
YIELD,7874@91.294613,NO_PATH,4.81282405,4.844401014771404,91.96567489869553,2.0876049690120158,1.562455717686929,0.0,104.02500000000224,-51.75,0.0,15,nan,78.44000000000001
YIELD,7874@91.294613,NO_PATH,4.84350787,4.8118572002371875,91.96646125249096,2.184095024752616,1.5627739895997912,0.0,104.02500000000224,-51.75,0.0,14,nan,78.46000000000001
YIELD,7874@91.294613,NO_PATH,4.78650787,4.7482995238120544,91.96721280570729,2.2793773250481535,1.5629855812116304,0.0,104.02500000000224,-51.75,0.0,14,nan,78.48
YIELD,7874@91.294613,NO_PATH,4.72650787,4.685474844160675,91.96793884750689,2.3733966330411898,1.5631249769830442,0.0,104.02500000000224,-51.75,0.0,14,nan,78.5
YIELD,7874@91.351363,NO_PATH,4.72650787,4.623619198783326,91.96864516117581,2.4661746927634924,1.5632170851464249,0.0,104.02500000000224,-51.75,0.0,14,nan,78.52000000000001
YIELD,7874@91.351363,NO_PATH,4.60650787,4.562377255671345,91.96933553184843,2.557725188069554,1.5632775823873688,0.0,104.02500000000224,-51.75,0.0,14,nan,78.54
YIELD,7874@91.351363,NO_PATH,4.60650787,4.501568673703478,91.9700124407061,2.6480576474974327,1.563317384853841,0.0,104.02500000000224,-51.75,0.0,14,nan,78.56
YIELD,7874@91.351363,NO_PATH,4.54650787,4.441041452369092,91.97067748757365,2.737178341558946,1.5633436771737992,0.0,104.02500000000224,-51.75,0.0,14,nan,78.58
YIELD,7874@91.351363,NO_PATH,4.48650787,4.380688598910063,91.97133170788933,2.8250912605361447,1.563361032787138,0.0,104.02500000000224,-51.75,0.0,14,nan,78.60000000000001
YIELD,7874@91.358204,NO_PATH,4.42650787,4.323456227635196,91.97197620542427,2.9118558953167777,1.5633724653667516,0.0,104.02500000000224,-51.75,0.0,14,nan,78.622
YIELD,7874@91.358204,NO_PATH,4.30950787,4.266302832555488,91.97261142110085,2.997474193700468,1.5633799969880013,0.0,104.02500000000224,-51.75,0.0,14,nan,78.64
YIELD,7874@91.358204,NO_PATH,4.25250787,4.206201373924589,91.97323726532991,3.0818963562795654,1.5633849566465325,0.0,104.02500000000224,-51.75,0.0,13,nan,78.66000000000001
YIELD,7874@91.358204,NO_PATH,4.19250787,4.146134355102225,91.97385388058325,3.165117059551952,1.563388220728356,0.0,104.02500000000224,-51.75,0.0,13,nan,78.68
YIELD,7874@91.358204,NO_PATH,4.13250787,4.08607707895321,91.97446138873157,3.2471366797222436,1.5633903689012476,0.0,104.02500000000224,-51.75,0.0,13,nan,78.7
YIELD,7874@91.241716,NO_PATH,4.07250787,4.026053183084712,91.97505986906648,3.32795563018315,1.5633917770895256,0.0,104.02500000000224,-51.75,0.0,13,nan,78.72
YIELD,7874@91.241716,NO_PATH,4.01250787,3.9660382327767505,91.97564937322294,3.407574279588759,1.5633927019902887,0.0,104.02500000000224,-51.75,0.0,13,nan,78.74000000000001
YIELD,7874@91.241716,NO_PATH,3.95250787,3.9060283284549455,91.97622993436192,3.485992741562923,1.5633933103683009,0.0,104.02500000000224,-51.75,0.0,12,nan,78.76
YIELD,7874@91.241716,NO_PATH,3.89250787,3.8460217850929586,91.97680157397289,3.563211090716037,1.5633937105457734,0.0,104.02500000000224,-51.75,0.0,12,nan,78.78
YIELD,7874@91.241716,NO_PATH,3.89250787,3.786017491698688,91.9773643059782,3.6392293769264006,1.5633939738056695,0.0,104.02500000000224,-51.75,0.0,12,nan,78.80000000000001
YIELD,7874@91.125229,NO_PATH,3.77250787,3.7260145882650675,91.97791813916989,3.7140476324355847,1.5633941469660728,0.0,104.02500000000224,-51.75,0.0,12,nan,78.82000000000001
YIELD,7874@91.125229,NO_PATH,3.71250787,3.6660124798043676,91.97846307929004,3.7876658746773195,1.5633942606815714,0.0,104.02500000000224,-51.75,0.0,14,nan,78.84
YIELD,7874@91.125229,NO_PATH,3.71250787,3.60601108464211,91.97899913024955,3.860084118691917,1.5633943353040216,0.0,104.02500000000224,-51.75,0.0,14,nan,78.86
YIELD,7874@91.125229,NO_PATH,3.59250787,3.5460103027470766,91.97952629455348,3.9313023764137722,1.5633943843475573,0.0,104.02500000000224,-51.75,0.0,14,nan,78.88000000000001
YIELD,7874@91.125229,NO_PATH,3.59250787,3.486010162717135,91.98004457383985,4.00132066214875,1.56339441655611,0.0,104.02500000000224,-51.75,0.0,14,nan,78.9
YIELD,7874@91.008741,NO_PATH,3.53250787,3.4260100696085622,91.98055396909696,4.0701389787131195,1.5633944376917976,0.0,104.02500000000224,-51.75,0.0,14,nan,78.92
YIELD,7874@91.008741,NO_PATH,3.47250787,3.3660099974259388,91.9810544809911,4.137757326635816,1.5633944515564022,0.0,104.02500000000224,-51.75,0.0,14,nan,78.94000000000001
YIELD,7874@91.008741,NO_PATH,3.35250787,3.3060099301165393,91.98154610994823,4.2041757060814176,1.563394460647117,0.0,104.02500000000224,-51.75,0.0,14,nan,78.96000000000001
YIELD,7874@91.008741,NO_PATH,3.29250787,3.2460098586905373,91.98202885625126,4.2693941170027605,1.5633944666012454,0.0,104.02500000000224,-51.75,0.0,14,nan,78.98
YIELD,7874@91.008741,NO_PATH,3.29250787,3.1860098694843995,91.9825027200819,4.33341256031062,1.5633944704929865,0.0,104.02500000000224,-51.75,0.0,14,nan,79.0
YIELD,7874@90.892253,NO_PATH,3.23250787,3.126009911034024,91.98296770155373,4.3962310375208675,1.5633944730232348,0.0,104.02500000000224,-51.75,0.0,14,nan,79.02000000000001
YIELD,7874@90.892253,NO_PATH,3.11250787,3.0660099003205135,91.98342380074295,4.457849547647995,1.5633944746593766,0.0,104.02500000000224,-51.75,0.0,12,nan,79.04
YIELD,7874@90.892253,NO_PATH,3.05250787,3.006009841159444,91.98387101769902,4.518268089701168,1.5633944757092593,0.0,104.02500000000224,-51.75,0.0,12,nan,79.06
YIELD,7874@90.892253,NO_PATH,2.99250787,2.946009739122389,91.98430935245412,4.5774866627926905,1.563394476375734,0.0,104.02500000000224,-51.75,0.0,12,nan,79.08
YIELD,7874@90.892253,NO_PATH,2.93250787,2.8860096547471095,91.9847388050308,4.635505266716767,1.5633944767921968,0.0,104.02500000000224,-51.75,0.0,12,nan,79.10000000000001
YIELD,-,NO_PATH,2.93250787,2.8260096473683882,91.98515937544931,4.692323903221583,1.5633944770452226,0.0,104.02500000000224,-51.75,0.0,12,nan,79.12
YIELD,-,TRACKING,2.87250787,2.766009620312147,91.98557106371992,4.747942572152804,1.5633944771930541,0.0,104.02500000000224,-51.75,0.0,12,nan,79.14
YIELD,-,TRACKING,2.75250787,2.7644026509252826,91.98598057513941,4.803103529723639,1.5634173951998045,0.0,104.02500000000224,-51.75,0.0,12,nan,79.16000000000001
YIELD,-,TRACKING,2.77350787,2.7913549465361607,91.98639072264693,4.85876827885287,1.5634985432862885,0.0,104.02500000000224,-51.75,0.0,12,nan,79.18
YIELD,-,TRACKING,2.77350787,2.8227694003660444,91.98679922259586,4.915064197361971,1.5636238921297791,0.0,104.02500000000224,-51.75,0.0,12,nan,79.2
YIELD,-,TRACKING,2.80200787,2.853805194902051,91.9872038205469,4.971982992650973,1.5637820640181592,0.0,104.02500000000224,-51.75,0.0,12,nan,79.22
YIELD,-,TRACKING,2.86200787,2.8845794311232655,91.98760275326632,5.029518859822039,1.5639644094611838,0.0,104.02500000000224,-51.75,0.0,12,nan,79.24000000000001
YIELD,-,TRACKING,2.89200787,2.914556365663247,91.98799459342447,5.087659938107781,1.5641601390488291,0.0,104.02500000000224,-51.75,0.0,11,nan,79.26
YIELD,-,TRACKING,2.92200787,2.9444375046193003,91.98837881148555,5.146398325445564,1.5643608119350827,0.0,104.02500000000224,-51.75,0.0,11,nan,79.28
YIELD,-,TRACKING,2.95200787,2.974327332408372,91.98875491646166,5.205734384218286,1.564565377584903,0.0,104.02500000000224,-51.75,0.0,11,nan,79.30000000000001
YIELD,-,TRACKING,2.98200787,3.004196303953567,91.98912246285921,5.265667808922789,1.5647728998033619,0.0,104.02500000000224,-51.75,0.0,11,nan,79.32000000000001
YIELD,-,TRACKING,3.01200787,3.0341779966907994,91.9894810547627,5.32620058878433,1.5649826094598869,0.0,104.02500000000224,-51.75,0.0,11,nan,79.34
YIELD,-,TRACKING,3.01200787,3.063650916338921,91.9898304404715,5.387322918561087,1.565191405800773,0.0,104.02500000000224,-51.75,0.0,11,nan,79.36
YIELD,-,TRACKING,3.07200787,3.094633179946283,91.99017046626366,5.449057252022299,1.5653965857654353,0.0,104.02500000000224,-51.75,0.0,11,nan,79.38000000000001
YIELD,-,TRACKING,3.10200787,3.1246164256258777,91.99050107675737,5.5113990518643154,1.5655992248185238,0.0,104.02500000000224,-51.75,0.0,11,nan,79.4
YIELD,-,TRACKING,3.13200787,3.154571101941763,91.99082216774558,5.574339903621383,1.5658000326233026,0.0,104.02500000000224,-51.75,0.0,11,nan,79.42
YIELD,-,TRACKING,3.16200787,3.184535050153511,91.9911335987849,5.637880022828443,1.5659995237267001,0.0,104.02500000000224,-51.75,0.0,11,nan,79.44000000000001
YIELD,-,TRACKING,3.16200787,3.2149380248388675,91.99143528389033,5.702028453905226,1.5661959768842257,0.0,104.02500000000224,-51.75,0.0,11,nan,79.46000000000001
YIELD,-,TRACKING,3.19200787,3.244816457101736,91.99172721381265,5.7667747635736175,1.5663877455339323,0.0,104.02500000000224,-51.75,0.0,11,nan,79.48
YIELD,-,TRACKING,3.25200787,3.27473444884204,91.99200942081278,5.832119301773601,1.5665761403566485,0.0,104.02500000000224,-51.75,0.0,11,nan,79.5
CRUISE,-,TRACKING,3.25200787,3.3046779671131237,91.99228195307052,5.898062627936651,1.5667621059335257,0.0,104.02500000000224,-51.75,0.0,11,nan,79.52000000000001
CRUISE,-,TRACKING,3.31200787,3.3346346013825667,91.99254465829779,5.964605044034228,1.5669462778136118,0.0,104.02500000000224,-51.75,0.0,11,nan,79.54
CRUISE,-,TRACKING,3.34200787,3.365031777766865,91.9927974174084,6.03175563226125,1.5671270000998712,0.0,104.02500000000224,-51.75,0.0,11,nan,79.56
CRUISE,-,TRACKING,3.37200787,3.395609311036226,91.99304036711402,6.099514952457366,1.5673027434950784,0.0,104.02500000000224,-51.75,0.0,11,nan,79.58
CRUISE,-,TRACKING,3.37200787,3.425695969198117,91.99327358465554,6.167877973419132,1.5674748700715262,0.0,104.02500000000224,-51.75,0.0,11,nan,79.60000000000001
CRUISE,-,TRACKING,3.43200787,3.4557575308385498,91.99349707515442,6.236842393781058,1.567644333484531,0.0,104.02500000000224,-51.75,0.0,11,nan,79.62
CRUISE,-,TRACKING,3.43200787,3.485804056793103,91.99371079320824,6.306407874412128,1.567811830509681,0.0,104.02500000000224,-51.75,0.0,11,nan,79.64
CRUISE,-,TRACKING,3.49200787,3.515403555949036,91.99391467490223,6.376565188641473,1.5679756774581606,0.0,104.02500000000224,-51.75,0.0,12,nan,79.66000000000001
CRUISE,-,TRACKING,3.49200787,3.545531343502211,91.99410889713629,6.447324837437292,1.568134342120085,0.0,104.02500000000224,-51.75,0.0,12,nan,79.68
CRUISE,-,TRACKING,3.55200787,3.575617612891562,91.99429358439899,6.518686433179824,1.568289217916798,0.0,104.02500000000224,-51.75,0.0,12,nan,79.7
CRUISE,-,TRACKING,3.55200787,3.6056780576298775,91.99446878378235,6.59064939745836,1.5684412770013885,0.0,104.02500000000224,-51.75,0.0,12,nan,79.72
CRUISE,-,TRACKING,3.58200787,3.6357210198238463,91.99463448900576,6.663213341019139,1.5685912122555228,0.0,104.02500000000224,-51.75,0.0,12,nan,79.74000000000001
CRUISE,-,TRACKING,3.64200787,3.6651897928407107,91.99479068260347,6.73636779881018,1.5687373537355345,0.0,104.02500000000224,-51.75,0.0,12,nan,79.76
CRUISE,-,TRACKING,3.64200787,3.694805578783184,91.99493756734834,6.810117053309148,1.5688781839293582,0.0,104.02500000000224,-51.75,0.0,12,nan,79.78
CRUISE,-,TRACKING,3.70200787,3.7241824416707368,91.99507531827093,6.884449889810614,1.569015090483008,0.0,104.02500000000224,-51.75,0.0,12,nan,79.80000000000001
CRUISE,-,TRACKING,3.73200787,3.754270675706188,91.99520400573574,6.959384668624871,1.569149069918629,0.0,104.02500000000224,-51.75,0.0,12,nan,79.82000000000001
CRUISE,-,TRACKING,3.76200787,3.7843328705340546,91.99532368797072,7.034920829074332,1.5692808231424518,0.0,104.02500000000224,-51.75,0.0,12,nan,79.84
CRUISE,-,TRACKING,3.79200787,3.8139897437273973,91.99543439257869,7.111049744058902,1.5694087086149213,0.0,104.02500000000224,-51.75,0.0,12,nan,79.86
CRUISE,-,TRACKING,3.79200787,3.8441639739390303,91.9955363670885,7.187781993840843,1.5695312462161715,0.0,104.02500000000224,-51.75,0.0,12,nan,79.88000000000001
CRUISE,-,TRACKING,3.82200787,3.874285093784627,91.99562983003636,7.265116925495206,1.5696498223632742,0.0,104.02500000000224,-51.75,0.0,12,nan,79.9
CRUISE,-,TRACKING,3.88200787,3.9043810423860306,91.99571489700611,7.3430538812417945,1.569765401317891,0.0,104.02500000000224,-51.75,0.0,12,nan,79.92
CRUISE,-,TRACKING,3.91200787,3.9349518862350705,91.99579162908223,7.421601913715537,1.5698786794169373,0.0,104.02500000000224,-51.75,0.0,12,nan,79.94000000000001
CRUISE,-,TRACKING,3.91200787,3.9651772158565497,91.99586010395974,7.500754291651151,1.5699880831817923,0.0,104.02500000000224,-51.75,0.0,12,nan,79.96000000000001
CRUISE,-,TRACKING,3.94200787,3.995215441452595,91.99592058671323,7.580508670284366,1.5700921537081989,0.0,104.02500000000224,-51.75,0.0,12,nan,79.98
CRUISE,-,TRACKING,4.00200787,4.025135121904522,91.9959733218064,7.66086189386301,1.5701922322764208,0.0,104.02500000000224,-51.75,0.0,12,nan,80.0
CRUISE,-,TRACKING,4.03200787,4.055078448380706,91.99601847145834,7.741813858512185,1.5702892689978665,0.0,104.02500000000224,-51.75,0.0,12,nan,80.02000000000001
CRUISE,-,TRACKING,4.03200787,4.085039023379753,91.99605613956865,7.823364981152788,1.5703839257514745,0.0,104.02500000000224,-51.75,0.0,12,nan,80.04
CRUISE,-,TRACKING,4.09200787,4.115115526404034,91.99608643040568,7.905516321098162,1.5704747419686667,0.0,104.02500000000224,-51.75,0.0,14,nan,80.06
CRUISE,-,TRACKING,4.12200787,4.143730413656529,91.9961096353511,7.9882417685460645,1.570560337229178,0.0,104.02500000000224,-51.75,0.0,14,nan,80.081
CRUISE,-,TRACKING,4.12200787,4.173803468122117,91.99612603899159,8.071567325358679,1.570642012435915,0.0,104.02500000000224,-51.75,0.0,14,nan,80.10000000000001
CRUISE,-,TRACKING,4.15050787,4.2038527920058035,91.99613583278176,8.155493960875868,1.5707206398784535,0.0,104.02500000000224,-51.75,0.0,14,nan,80.12
CRUISE,-,TRACKING,4.21050787,4.233189088794612,91.99613915241925,8.240007796082002,1.5707968023573107,0.0,104.02500000000224,-51.75,0.0,14,nan,80.14
CRUISE,-,TRACKING,4.23945724,4.2609069453585375,91.99613614477575,8.325076440424649,1.5708691193698978,0.0,104.02500000000224,-51.75,0.0,14,nan,80.16000000000001
CRUISE,-,TRACKING,4.26696708,4.2884544876209825,91.99612714234128,8.410696523836794,1.5709363531280598,0.0,104.02500000000224,-51.75,0.0,14,nan,80.18
CRUISE,-,TRACKING,4.29387693,4.3153207411768975,91.99611245607768,8.496855256744244,1.5709997139829424,0.0,104.02500000000224,-51.75,0.0,14,nan,80.2
CRUISE,-,TRACKING,4.32020778,4.340357605356694,91.99609232354896,8.583514784568623,1.5710600355966535,0.0,104.02500000000224,-51.75,0.0,14,nan,80.22
CRUISE,-,TRACKING,4.32020778,4.367184370279568,91.9960669109901,8.670713946909897,1.5711178857199835,0.0,104.02500000000224,-51.75,0.0,14,nan,80.24000000000001
CRUISE,-,TRACKING,4.34598844,4.391662531728605,91.99603640813206,8.758404355000291,1.5711720065759742,0.0,104.02500000000224,-51.75,0.0,14,nan,80.26
CRUISE,-,TRACKING,4.3712309,4.416404244636202,91.99600117512972,8.84658882676277,1.5712212956027476,0.0,104.02500000000224,-51.75,0.0,14,nan,80.28
CRUISE,-,TRACKING,4.42014698,4.440501882123743,91.9959615428218,8.935257538713989,1.5712668732860564,0.0,104.02500000000224,-51.75,0.0,14,nan,80.30000000000001
CRUISE,-,TRACKING,4.42014698,4.464045937559836,91.99591776616651,9.024399325670771,1.571309510781394,0.0,104.02500000000224,-51.75,0.0,14,nan,80.32000000000001
CRUISE,-,TRACKING,4.44384236,4.487127131680459,91.99587004872686,9.11400441930694,1.5713497232856648,0.0,104.02500000000224,-51.75,0.0,14,nan,80.34
CRUISE,-,TRACKING,4.46704342,4.509540975860654,91.99581859468613,9.204058247759589,1.571386429999232,0.0,104.02500000000224,-51.75,0.0,14,nan,80.36
CRUISE,-,TRACKING,4.51200364,4.530783092704747,91.9957637803565,9.294536212970826,1.5714186774837573,0.0,104.02500000000224,-51.75,0.0,14,nan,80.38000000000001
CRUISE,-,TRACKING,4.51200364,4.5534091101336625,91.99570591467703,9.385474044845909,1.5714474596530552,0.0,104.02500000000224,-51.75,0.0,14,nan,80.4
CRUISE,-,TRACKING,4.53378277,4.5734202894926375,91.99564534821823,9.476806720845595,1.571470793467291,0.0,104.02500000000224,-51.75,0.0,14,nan,80.42
CRUISE,-,TRACKING,4.55510756,4.595008969469768,91.99558270749252,9.568579702673265,1.5714864882566935,0.0,104.02500000000224,-51.75,0.0,14,nan,80.44000000000001
CRUISE,-,TRACKING,4.59643183,4.61519441724784,91.99551858731435,9.660760396386513,1.571497012645227,0.0,104.02500000000224,-51.75,0.0,14,nan,80.46000000000001
CRUISE,-,TRACKING,4.59643183,4.6348986249868185,91.99545338084177,9.753339318430209,1.5715040689074777,0.0,104.02500000000224,-51.75,0.0,14,nan,80.48
CRUISE,-,TRACKING,4.61644968,4.654293673042832,91.99538735513684,9.846308494758,1.571508799609431,0.0,104.02500000000224,-51.75,0.0,14,nan,80.5
CRUISE,-,TRACKING,4.65524129,4.673252133132292,91.99532069185501,9.939659747721656,1.5715119710407799,0.0,104.02500000000224,-51.75,0.0,14,nan,80.52000000000001
CRUISE,-,TRACKING,4.6740323,4.6915319271473575,91.99525351704,10.033382095110102,1.5715140970923889,0.0,104.02500000000224,-51.75,0.0,14,nan,80.54
CRUISE,-,TRACKING,4.69204747,4.709568246964259,91.995185917667,10.127465217073821,1.5715155219828778,0.0,104.02500000000224,-51.75,0.0,14,nan,80.56
CRUISE,-,TRACKING,4.71006265,4.7268839535491125,91.99511796241381,10.221888321659211,1.5715164764793466,0.0,104.02500000000224,-51.75,0.0,14,nan,80.58
CRUISE,-,TRACKING,4.727702,4.744658376417418,91.9950496674509,10.316679172374334,1.5715171162219093,0.0,104.02500000000224,-51.75,0.0,14,nan,80.60000000000001
CRUISE,-,TRACKING,4.727702,4.761655041363296,91.99498107501185,10.411812852358764,1.5715175449204397,0.0,104.02500000000224,-51.75,0.0,14,nan,80.62
CRUISE,-,TRACKING,4.74498105,4.778295350983244,91.99491220655887,10.507282169174491,1.5715178321262477,0.0,104.02500000000224,-51.75,0.0,14,nan,80.64
CRUISE,-,TRACKING,4.77846576,4.794559528326953,91.99484307840156,10.603079825783883,1.5715180244807982,0.0,104.02500000000224,-51.75,0.0,14,nan,80.66000000000001
CRUISE,-,TRACKING,4.79468614,4.810479299688004,91.99477370295641,10.699198910891138,1.5715181533164155,0.0,104.02500000000224,-51.75,0.0,14,nan,80.68
CRUISE,-,TRACKING,4.79468614,4.826064013217765,91.99470409005627,10.795632684245815,1.571518239596281,0.0,104.02500000000224,-51.75,0.0,14,nan,80.7
CRUISE,-,TRACKING,4.81056814,4.841322893798855,91.99463424781666,10.892374568705737,1.5715182973793198,0.0,104.02500000000224,-51.75,0.0,14,nan,80.72
CRUISE,-,TRACKING,4.82611883,4.856254010361267,91.99456418324091,10.989418029291807,1.5715183361044096,0.0,104.02500000000224,-51.75,0.0,14,nan,80.74000000000001
CRUISE,-,TRACKING,4.85625374,4.870851461931364,91.9944939025502,11.08675654788761,1.5715183620734543,0.0,104.02500000000224,-51.75,0.0,16,nan,80.76
CRUISE,-,TRACKING,4.87085136,4.885144370592299,91.99442341118356,11.18438397078726,1.5715183794999779,0.0,104.02500000000224,-51.75,0.0,16,nan,80.78
CRUISE,-,TRACKING,4.88514446,4.899516617764559,91.99435280030585,11.282291167193927,1.5715150683007695,0.0,104.02500000000224,-51.75,0.0,16,nan,80.80000000000001
CRUISE,-,TRACKING,4.89913939,4.91325495013712,91.99428262797032,11.380478473412797,1.5715053836239115,0.0,104.02500000000224,-51.75,0.0,16,nan,80.82000000000001
CRUISE,-,TRACKING,4.91284236,4.92667019281698,91.99421345693807,11.478937884927788,1.5714907529984845,0.0,104.02500000000224,-51.75,0.0,16,nan,80.84
CRUISE,-,TRACKING,4.91284236,4.939742069691266,91.99414573829141,11.577662750183771,1.5714721741058604,0.0,104.02500000000224,-51.75,0.0,15,nan,80.86
CRUISE,-,TRACKING,4.93939668,4.952184558758229,91.99407983583075,11.676642273148422,1.5714504104353162,0.0,104.02500000000224,-51.75,0.0,15,nan,80.88000000000001
CRUISE,-,TRACKING,4.93939668,4.964524817007854,91.99401605505524,11.775873239710732,1.571425975505788,0.0,104.02500000000224,-51.75,0.0,15,nan,80.9
CRUISE,-,TRACKING,4.95225984,4.97682973538977,91.99395466891143,11.875340249679194,1.5713990958739552,0.0,104.02500000000224,-51.75,0.0,15,nan,80.92
CRUISE,-,TRACKING,4.97718671,4.98896127860456,91.99389593171449,11.975040467496964,1.5713700210945132,0.0,104.02500000000224,-51.75,0.0,15,nan,80.941
CRUISE,-,TRACKING,4.97718671,5.000806586549612,91.99384002745789,12.07500375580706,1.5713392975386453,0.0,104.02500000000224,-51.75,0.0,15,nan,80.96000000000001
CRUISE,-,TRACKING,5.00108442,5.012534602188671,91.9937871414027,12.175202132154094,1.5713071253264659,0.0,104.02500000000224,-51.75,0.0,15,nan,80.98
CRUISE,-,TRACKING,5.00108442,5.023940892813051,91.99373743197222,12.275630231149723,1.5712735601933507,0.0,104.02500000000224,-51.75,0.0,15,nan,81.0
CRUISE,-,TRACKING,5.02399546,5.03503446422505,91.99369105737684,12.376282337851732,1.5712385853422615,0.0,104.02500000000224,-51.75,0.0,15,nan,81.02000000000001
CRUISE,-,TRACKING,5.03509377,5.045893917170848,91.99364817723551,12.477155496680059,1.5712022057810842,0.0,104.02500000000224,-51.75,0.0,15,nan,81.04
CRUISE,-,TRACKING,5.03509377,5.056515634487436,91.99360894800205,12.578242886105297,1.571164506480343,0.0,104.02500000000224,-51.75,0.0,15,nan,81.06
CRUISE,-,TRACKING,5.05660065,5.067113813929591,91.99357351480272,12.67954210075084,1.5711255950254879,0.0,104.02500000000224,-51.75,0.0,15,nan,81.08
CRUISE,-,TRACKING,5.06701877,5.077314129194574,91.99354201759544,12.781047347940065,1.5710854539283206,0.0,104.02500000000224,-51.75,0.0,15,nan,81.10000000000001
CRUISE,-,TRACKING,5.07721956,5.0873060150079805,91.99351460283047,12.8827547807186,1.571044005044618,0.0,104.02500000000224,-51.75,0.0,15,nan,81.12
CRUISE,-,TRACKING,5.08720755,5.097093389439575,91.99349142315789,12.98465941773126,1.5710012164705998,0.0,104.02500000000224,-51.75,0.0,15,nan,81.14
CRUISE,-,TRACKING,5.09698717,5.106697198241119,91.99347262999171,13.086757587301543,1.5709571927966646,0.0,104.02500000000224,-51.75,0.0,14,nan,81.16000000000001
CRUISE,-,TRACKING,5.10656278,5.116250813899574,91.99345835881313,13.189046866940043,1.570912064814992,0.0,104.02500000000224,-51.75,0.0,14,nan,81.18
CRUISE,-,TRACKING,5.10656278,5.12544981616384,91.99344874173809,13.291521733444913,1.57086577313926,0.0,104.02500000000224,-51.75,0.0,14,nan,81.2
CRUISE,-,TRACKING,5.11593863,5.134450727124672,91.99344392113369,13.394177872462652,1.5708182120896639,0.0,104.02500000000224,-51.75,0.0,14,nan,81.22
CRUISE,-,TRACKING,5.13410763,5.14325978416736,91.99344404680988,13.497011299036929,1.5707693390082809,0.0,104.02500000000224,-51.75,0.0,14,nan,81.24000000000001
CRUISE,-,TRACKING,5.13410763,5.151704440182692,91.99344926676608,13.60001352152625,1.5707192936357515,0.0,104.02500000000224,-51.75,0.0,15,nan,81.26
CRUISE,-,TRACKING,5.14290886,5.159622415082411,91.99345970883712,13.703178022598111,1.5706682052500827,0.0,104.02500000000224,-51.75,0.0,15,nan,81.28
CRUISE,-,TRACKING,5.15996433,5.167875774200196,91.9934755009652,13.806508307008126,1.5706160069739306,0.0,104.02500000000224,-51.75,0.0,15,nan,81.30000000000001
CRUISE,-,TRACKING,5.16822615,5.175960464977861,91.99349677529877,13.910001316592915,1.5705626873425018,0.0,104.02500000000224,-51.75,0.0,15,nan,81.32100000000001
CRUISE,-,TRACKING,5.17631562,5.18386403612114,91.99352366925788,14.013661267195822,1.5705081636138205,0.0,104.02500000000224,-51.75,0.0,14,nan,81.34
CRUISE,-,TRACKING,5.17631562,5.191713911625247,91.99355631646081,14.117470768481578,1.5704526098886034,0.0,104.02500000000224,-51.75,0.0,14,nan,81.36
CRUISE,-,TRACKING,5.19199181,5.199375362686086,91.99359482852971,14.221434413184655,1.5703961965187057,0.0,104.02500000000224,-51.75,0.0,14,nan,81.38000000000001
CRUISE,-,TRACKING,5.19199181,5.206813402297049,91.9936393168404,14.325547640565004,1.5703388146402697,0.0,104.02500000000224,-51.75,0.0,14,nan,81.4
CRUISE,-,TRACKING,5.20702077,5.214091796618092,91.9936899010675,14.429808218037886,1.570280420744376,0.0,104.02500000000224,-51.75,0.0,14,nan,81.42
CRUISE,-,TRACKING,5.21430094,5.2212288031395095,91.99374670565408,14.534212306280605,1.5702209448450017,0.0,104.02500000000224,-51.75,0.0,14,nan,81.44000000000001
CRUISE,-,TRACKING,5.22142923,5.228670640170259,91.99380985574706,14.63876172552059,1.5701606099533005,0.0,104.02500000000224,-51.75,0.0,13,nan,81.46000000000001
CRUISE,-,TRACKING,5.22840881,5.235490549033214,91.99387943404182,14.743450367260536,1.5700996664621827,0.0,104.02500000000224,-51.75,0.0,13,nan,81.48
CRUISE,-,TRACKING,5.23524279,5.242177676090434,91.9939555280641,14.848275275596354,1.570037945550138,0.0,104.02500000000224,-51.75,0.0,13,nan,81.5
CRUISE,-,TRACKING,5.24193421,5.248731039311903,91.99403823839361,14.953231931289318,1.5699753635532328,0.0,104.02500000000224,-51.75,0.0,13,nan,81.52000000000001
CRUISE,-,TRACKING,5.24193421,5.20718288938304,91.99412708711944,15.057657456116548,1.5699122850958427,0.0,104.02500000000224,-51.75,0.0,13,nan,81.54
CRUISE,-,TRACKING,5.24848603,5.15867059395709,91.99422164391008,15.161117242336285,1.5698493135161127,0.0,104.02500000000224,-51.75,0.0,13,nan,81.56
CRUISE,-,TRACKING,5.20048455,5.108890119632108,91.99432172209664,15.263584820793184,1.569786776222057,0.0,104.02500000000224,-51.75,0.0,13,nan,81.58
CRUISE,-,TRACKING,5.10039967,5.058247572798967,91.99442714451781,15.36503985566686,1.5697244306417926,0.0,104.02500000000224,-51.75,0.0,13,nan,81.60000000000001
CRUISE,-,TRACKING,5.04967506,5.007513060807351,91.99453777002553,15.465480408571663,1.5696621242255764,0.0,104.02500000000224,-51.75,0.0,13,nan,81.62
CRUISE,-,TRACKING,4.99888631,4.9558577739439444,91.9946534560401,15.564896617620972,1.569599763254774,0.0,104.02500000000224,-51.75,0.0,13,nan,81.64
CRUISE,-,TRACKING,4.94275324,4.899620091174407,91.99477394905223,15.663187921844234,1.5695378093304466,0.0,104.02500000000224,-51.75,0.0,13,nan,81.66000000000001
CRUISE,-,TRACKING,4.88647853,4.843360500939519,91.99489904238158,15.76035376160641,1.5694766126453406,0.0,104.02500000000224,-51.75,0.0,13,nan,81.68
CRUISE,-,TRACKING,4.88647853,4.786914176601736,91.99502853640281,15.856391166109294,1.5694158751638205,0.0,104.02500000000224,-51.75,0.0,13,nan,81.7
CRUISE,-,TRACKING,4.83006231,4.729912338066323,91.99516225671532,15.951288670862514,1.5693554395387237,0.0,104.02500000000224,-51.75,0.0,13,nan,81.72
CRUISE,-,TRACKING,4.71712567,4.6734322900124,91.99530004263269,16.04505658454223,1.5692952008522443,0.0,104.02500000000224,-51.75,0.0,13,nan,81.74000000000001
CRUISE,-,TRACKING,4.66061106,4.619851871795899,91.99544181934192,16.137750687568673,1.569235502114353,0.0,104.02500000000224,-51.75,0.0,12,nan,81.76
CRUISE,-,TRACKING,4.60661106,4.5603437170373535,91.99558719546559,16.229256900870308,1.5691768190275535,0.0,104.02500000000224,-51.75,0.0,12,nan,81.78
CRUISE,-,TRACKING,4.54749549,4.504299689445274,91.99573604866616,16.319641290496104,1.569118773556513,0.0,104.02500000000224,-51.75,0.0,12,nan,81.80000000000001
CRUISE,-,TRACKING,4.49089608,4.447679123484029,91.99588819782423,16.408893987278898,1.5690611872730804,0.0,104.02500000000224,-51.75,0.0,12,nan,81.82000000000001
CRUISE,-,TRACKING,4.49089608,4.390999803712727,91.99604347303607,16.497013076604816,1.5690039730445235,0.0,104.02500000000224,-51.75,0.0,12,nan,81.84
CRUISE,-,TRACKING,4.37756546,4.334418641393117,91.99620171902843,16.58400073368035,1.5689475327232865,0.0,104.02500000000224,-51.75,0.0,11,nan,81.86
CRUISE,-,TRACKING,4.37756546,4.277702004566706,91.99636270258588,16.66985446787087,1.568892183806835,0.0,104.02500000000224,-51.75,0.0,11,nan,81.88000000000001
CRUISE,-,TRACKING,4.26418565,4.22099350758291,91.99652621472018,16.75457388082382,1.5688376378560822,0.0,104.02500000000224,-51.75,0.0,11,nan,81.9
CRUISE,-,TRACKING,4.20746025,4.164284961246784,91.99669207116062,16.838159068957893,1.568783659957731,0.0,104.02500000000224,-51.75,0.0,11,nan,81.921
CRUISE,-,TRACKING,4.15068955,4.107503007116923,91.99686010741586,16.920608585121478,1.5687301627689272,0.0,104.02500000000224,-51.75,0.0,11,nan,81.94000000000001
CRUISE,-,TRACKING,4.15068955,4.050722973663378,91.997030153408,17.001922824711457,1.5686774354260917,0.0,104.02500000000224,-51.75,0.0,11,nan,81.96000000000001
CRUISE,-,TRACKING,4.09391885,3.993923490805074,91.99720201179608,17.08210110419596,1.5686257480920784,0.0,104.02500000000224,-51.75,0.0,11,nan,81.98
CRUISE,-,TRACKING,3.98031404,3.9344204581505684,91.99737535299947,17.161086276632155,1.5685751802104972,0.0,104.02500000000224,-51.75,0.0,11,nan,82.0
CRUISE,-,TRACKING,3.98031404,3.880272547572441,91.99755022365291,17.238991568654065,1.5685256897639936,0.0,104.02500000000224,-51.75,0.0,11,nan,82.02000000000001
CRUISE,-,TRACKING,3.86662956,3.8234110504203125,91.99772629855931,17.315759684024925,1.5684773548442683,0.0,104.02500000000224,-51.75,0.0,11,nan,82.04
CRUISE,-,TRACKING,3.80975917,3.7664635349736435,91.99790337576984,17.391388513968128,1.5684302431213553,0.0,104.02500000000224,-51.75,0.0,10,nan,82.06
CRUISE,-,TRACKING,3.75287188,3.7095768868197294,91.99808125399613,17.46587957220711,1.5683843594543105,0.0,104.02500000000224,-51.75,0.0,10,nan,82.08
CRUISE,-,TRACKING,3.69596762,3.652636365390966,91.99825973392633,17.539231824870612,1.5683397767964702,0.0,104.02500000000224,-51.75,0.0,10,nan,82.10000000000001
CRUISE,-,TRACKING,3.63904719,3.595689023212141,91.99843860110369,17.611445091365685,1.5682967257577591,0.0,104.02500000000224,-51.75,0.0,10,nan,82.12
CRUISE,-,TRACKING,3.58211137,3.5387328519785735,91.99861765201811,17.682518959010995,1.5682553443318803,0.0,104.02500000000224,-51.75,0.0,10,nan,82.14
CRUISE,-,TRACKING,3.58211137,3.4817666435944647,91.99879667026751,17.752453537207927,1.5682156983978126,0.0,104.02500000000224,-51.75,0.0,10,nan,82.16000000000001
CRUISE,-,TRACKING,3.52516095,3.424790161996235,91.99897544236117,17.821248618388132,1.568177808100195,0.0,104.02500000000224,-51.75,0.0,10,nan,82.18
CRUISE,-,TRACKING,3.46819674,3.3678034237853454,91.99915376059613,17.888903995461355,1.5681416608268086,0.0,104.02500000000224,-51.75,0.0,10,nan,82.2
CRUISE,-,TRACKING,3.41121957,3.310806703500373,91.99933142491305,17.955419466417112,1.5681072212968716,0.0,104.02500000000224,-51.75,0.0,10,nan,82.22
CRUISE,-,TRACKING,3.29723027,3.2538012996747168,91.99950824404492,18.020794846162183,1.568074438941293,0.0,104.02500000000224,-51.75,0.0,10,nan,82.24000000000001
CRUISE,-,TRACKING,3.24022971,3.196786659723875,91.99968403607815,18.085029949212345,1.5680432535907303,0.0,104.02500000000224,-51.75,0.0,11,nan,82.26100000000001
CRUISE,-,TRACKING,3.18321874,3.1397633803585676,91.99985862867862,18.148124602284106,1.5680135994438265,0.0,104.02500000000224,-51.75,0.0,11,nan,82.28
CRUISE,-,TRACKING,3.18321874,3.082732137568441,92.00003185908066,18.21007864564755,1.567985407791347,0.0,104.02500000000224,-51.75,0.0,11,nan,82.30000000000001
CRUISE,-,TRACKING,3.06916915,3.028817747181379,92.00020373597295,18.270950071843437,1.5679585670324063,0.0,104.02500000000224,-51.75,0.0,11,nan,82.32000000000001
CRUISE,-,TRACKING,3.06916915,2.9688241582717345,92.00037379614376,18.330626559672396,1.5679330795608373,0.0,104.02500000000224,-51.75,0.0,11,nan,82.34
CRUISE,-,TRACKING,3.01513216,2.911719935952123,92.00054205871368,18.38916070289213,1.5679088527140452,0.0,104.02500000000224,-51.75,0.0,11,nan,82.36
CRUISE,-,TRACKING,2.95513216,2.854655369776327,92.00070839861324,18.446553556034274,1.567885820674945,0.0,104.02500000000224,-51.75,0.0,11,nan,82.38000000000001
CRUISE,-,TRACKING,2.89803838,2.797526026579056,92.00087269370643,18.502803824323713,1.5678639216420456,0.0,104.02500000000224,-51.75,0.0,11,nan,82.4
CRUISE,-,TRACKING,2.84098361,2.7410012848424765,92.00103482127555,18.557924259155477,1.567846016154951,0.0,104.02500000000224,-51.75,0.0,11,nan,82.421
CRUISE,-,TRACKING,2.78386391,2.686694990687763,92.00119454750062,18.611955718596146,1.5678342844185262,0.0,104.02500000000224,-51.75,0.0,12,nan,82.44000000000001
CRUISE,-,TRACKING,2.67273635,2.626535753809407,92.00135123731683,18.66478691311669,1.567826625352017,0.0,104.02500000000224,-51.75,0.0,12,nan,82.461
CRUISE,-,TRACKING,2.61273635,2.5693045016440674,92.00150485925343,18.716473178379786,1.5678216241444045,0.0,104.02500000000224,-51.75,0.0,12,nan,82.48
CRUISE,-,TRACKING,2.55560897,2.5121759671135013,92.00165529383756,18.767016679050815,1.5678183591711516,0.0,104.02500000000224,-51.75,0.0,12,nan,82.5
CRUISE,-,TRACKING,2.55560897,2.4550130243653667,92.00180245877898,18.81641683767894,1.5678162286224346,0.0,104.02500000000224,-51.75,0.0,12,nan,82.52000000000001
CRUISE,-,TRACKING,2.44142969,2.3979287659958954,92.00194630733196,18.864675200259796,1.567814839033277,0.0,104.02500000000224,-51.75,0.0,12,nan,82.54
CRUISE,-,TRACKING,2.44142969,2.3408618709887836,92.00208680761493,18.911792230686274,1.5678139331290466,0.0,104.02500000000224,-51.75,0.0,13,nan,82.56
CRUISE,-,TRACKING,2.38437442,2.2838090376935583,92.00222393953221,18.95776821007997,1.5678133430898786,0.0,104.02500000000224,-51.75,0.0,13,nan,82.58
CRUISE,-,TRACKING,2.3273265,2.2267708243729576,92.00235769076755,19.002603430782404,1.567812958903183,0.0,104.02500000000224,-51.75,0.0,13,nan,82.60000000000001
CRUISE,-,TRACKING,2.2702861,2.1697461991216023,92.00248805379653,19.04629816444936,1.5678127089924427,0.0,104.02500000000224,-51.75,0.0,13,nan,82.62
CRUISE,-,TRACKING,2.21325605,2.1127368724312,92.00261502394952,19.088852707458003,1.5678125465430128,0.0,104.02500000000224,-51.75,0.0,12,nan,82.64
CRUISE,-,TRACKING,2.09923766,2.055744122266766,92.0027385986802,19.130267384340442,1.5678124410251073,0.0,104.02500000000224,-51.75,0.0,12,nan,82.66000000000001
CRUISE,-,TRACKING,2.04226149,1.9987685021347368,92.00285877679407,19.17054253579738,1.5678123725468718,0.0,104.02500000000224,-51.75,0.0,12,nan,82.68
CRUISE,-,TRACKING,1.9853036,1.941812177635557,92.00297555799311,19.2096785419864,1.5678123281231484,0.0,104.02500000000224,-51.75,0.0,12,nan,82.7
CRUISE,-,TRACKING,1.928366,1.8848766423617374,92.00308894260915,19.24767581966205,1.5678122993068162,0.0,104.02500000000224,-51.75,0.0,12,nan,82.72
CRUISE,-,TRACKING,1.928366,1.8279638488241303,92.00319893144349,19.28453482140156,1.567812280636677,0.0,104.02500000000224,-51.75,0.0,11,nan,82.74000000000001
CRUISE,-,TRACKING,1.81456054,1.7710762161121145,92.003305525644,19.32025604795011,1.567812268548356,0.0,104.02500000000224,-51.75,0.0,11,nan,82.76
CRUISE,-,TRACKING,1.7576977,1.7142196690505085,92.00340872674234,19.354840085121992,1.567812260722258,0.0,104.02500000000224,-51.75,0.0,11,nan,82.78
CRUISE,-,TRACKING,1.70089837,1.657420293026036,92.00350853820288,19.38828813981506,1.5678122556584717,0.0,104.02500000000224,-51.75,0.0,11,nan,82.80000000000001
CRUISE,-,TRACKING,1.70089837,1.6006245718257683,92.00360496004852,19.42060024867757,1.567812252383756,0.0,104.02500000000224,-51.75,0.0,11,nan,82.82000000000001
CRUISE,-,TRACKING,1.58733618,1.5438656255863843,92.00369799441094,19.45177714438604,1.5678122502656326,0.0,104.02500000000224,-51.75,0.0,10,nan,82.84
CRUISE,-,TRACKING,1.58733618,1.4871464819085813,92.00378764361723,19.481819618341678,1.56781224889489,0.0,104.02500000000224,-51.75,0.0,10,nan,82.86
CRUISE,-,GOAL_REACHED,1.47393287,1.4304715068908318,92.00387391027036,19.510728550062506,1.5678122480067918,0.0,104.02500000000224,-51.75,0.0,10,nan,82.88000000000001
CRUISE,-,GOAL_REACHED,1.41730096,1.3738028403990918,92.00395679597233,19.5385044812449,1.567812247429524,0.0,104.02500000000224,-51.75,0.0,10,nan,82.9
CRUISE,-,GOAL_REACHED,1.36030096,1.3138028522581782,92.0040361007999,19.565080419912494,1.567812247051088,0.0,104.02500000000224,-51.75,0.0,10,nan,82.92
CRUISE,-,GOAL_REACHED,1.36030096,1.2538028584517584,92.00411182474834,19.590456364074004,1.5678122468021896,0.0,104.02500000000224,-51.75,0.0,11,nan,82.94000000000001
CRUISE,-,GOAL_REACHED,1.30030096,1.1938028598821335,92.00418396781416,19.614632313629702,1.5678122466364923,0.0,104.02500000000224,-51.75,0.0,11,nan,82.96000000000001
CRUISE,-,GOAL_REACHED,1.18030096,1.133802857390723,92.00425252999507,19.637608268496923,1.5678122465242035,0.0,104.02500000000224,-51.75,0.0,11,nan,82.98
CRUISE,-,GOAL_REACHED,1.12030096,1.0738028517691904,92.00431751128956,19.659384228609202,1.567812246446177,0.0,104.02500000000224,-51.75,0.0,11,nan,83.0
CRUISE,-,GOAL_REACHED,1.06030096,1.013802843749096,92.00437891169662,19.679960193915115,1.5678122463901143,0.0,104.02500000000224,-51.75,0.0,11,nan,83.02000000000001
CRUISE,-,GOAL_REACHED,1.06030096,0.9538028340200606,92.00443673121553,19.699336164376955,1.5678122463481061,0.0,104.02500000000224,-51.75,0.0,11,nan,83.04
CRUISE,-,GOAL_REACHED,0.940300956,0.8938028231388089,92.0044909698458,19.717512139969106,1.5678122463150548,0.0,104.02500000000224,-51.75,0.0,11,nan,83.06
CRUISE,-,GOAL_REACHED,0.940300956,0.8338028116801801,92.00454162758697,19.73448812067707,1.567812246287669,0.0,104.02500000000224,-51.75,0.0,11,nan,83.08
CRUISE,-,GOAL_REACHED,0.820300956,0.7738028000751337,92.0045887044387,19.75026410649605,1.5678122462638,0.0,104.02500000000224,-51.75,0.0,11,nan,83.10000000000001
CRUISE,-,GOAL_REACHED,0.820300956,0.713802788736497,92.0046322004007,19.76484009742939,1.567812246242036,0.0,104.02500000000224,-51.75,0.0,11,nan,83.12
CRUISE,-,GOAL_REACHED,0.700300956,0.6538027780355274,92.00467211547272,19.778216093487934,1.5678122462214283,0.0,104.02500000000224,-51.75,0.0,11,nan,83.14
CRUISE,-,GOAL_REACHED,0.640300956,0.5938027682319438,92.00470844965452,19.790392094688343,1.5678122462013233,0.0,104.02500000000224,-51.75,0.0,11,nan,83.16000000000001
CRUISE,-,GOAL_REACHED,0.580300956,0.533802759576207,92.00474120294587,19.8013681010525,1.5678122461812527,0.0,104.02500000000224,-51.75,0.0,11,nan,83.18
CRUISE,-,GOAL_REACHED,0.580300956,0.47380275222605295,92.00477037534657,19.811144112605795,1.5678122461608723,0.0,104.02500000000224,-51.75,0.0,11,nan,83.2
CRUISE,-,GOAL_REACHED,0.460300956,0.4138027463438311,92.00479596685642,19.81972012937685,1.5678122461399084,0.0,104.02500000000224,-51.75,0.0,11,nan,83.22
CRUISE,-,GOAL_REACHED,0.460300956,0.35380274201374484,92.00481797747518,19.82709615139618,1.5678122461181383,0.0,104.02500000000224,-51.75,0.0,11,nan,83.24000000000001
CRUISE,-,GOAL_REACHED,0.400300956,0.2938027392670875,92.00483640720269,19.8332721786955,1.5678122460953674,0.0,104.02500000000224,-51.75,0.0,11,nan,83.26
CRUISE,-,GOAL_REACHED,0.340300956,0.2338027381677865,92.00485125603872,19.838248211307377,1.567812246071419,0.0,104.02500000000224,-51.75,0.0,11,nan,83.28
CRUISE,-,GOAL_REACHED,0.280300956,0.17380273861031822,92.00486252398308,19.842024249263343,1.5678122460461332,0.0,104.02500000000224,-51.75,0.0,11,nan,83.30000000000001
CRUISE,-,GOAL_REACHED,0.220300956,0.1138027405581026,92.0048702110356,19.844600292593796,1.5678122460193569,0.0,104.02500000000224,-51.75,0.0,11,nan,83.32100000000001
CRUISE,-,GOAL_REACHED,0.100300956,0.056802743640434424,92.0048744872877,19.846033339281625,1.5678122459925112,0.0,104.02500000000224,-51.75,0.0,11,nan,83.34
CRUISE,-,GOAL_REACHED,0.0433009557,0.00232109897525388,92.00487535630033,19.846324576432593,1.5678122459716395,0.0,104.02500000000224,-51.75,0.0,10,nan,83.36
CRUISE,-,GOAL_REACHED,0.0433009557,0.0,92.00487535630033,19.846324576432593,1.5678122459716395,0.0,104.02500000000224,-51.75,0.0,10,nan,83.38000000000001
CRUISE,-,GOAL_REACHED,0.0,0.0,92.00487535630033,19.846324576432593,1.5678122459716395,0.0,104.02500000000224,-51.75,0.0,10,nan,83.4
CRUISE,-,GOAL_REACHED,0.0,0.0,92.00487535630033,19.846324576432593,1.5678122459716395,0.0,104.02500000000224,-51.75,0.0,10,nan,83.42
CRUISE,-,GOAL_REACHED,0.0,0.0,92.00487535630033,19.846324576432593,1.5678122459716395,0.0,104.02500000000224,-51.75,0.0,9,nan,83.44000000000001
CRUISE,-,GOAL_REACHED,0.0,0.0,92.00487535630033,19.846324576432593,1.5678122459716395,0.0,104.02500000000224,-51.75,0.0,9,nan,83.46000000000001
CRUISE,-,GOAL_REACHED,0.0,0.0,92.00487535630033,19.846324576432593,1.5678122459716395,0.0,104.02500000000224,-51.75,0.0,9,nan,83.48
CRUISE,-,GOAL_REACHED,0.0,0.0,92.00487535630033,19.846324576432593,1.5678122459716395,0.0,104.02500000000224,-51.75,0.0,9,nan,83.5
CRUISE,-,GOAL_REACHED,0.0,0.0,92.00487535630033,19.846324576432593,1.5678122459716395,0.0,104.02500000000224,-51.75,0.0,9,nan,83.52000000000001
CRUISE,-,GOAL_REACHED,0.0,0.0,92.00487535630033,19.846324576432593,1.5678122459716395,0.0,104.02500000000224,-51.75,0.0,9,nan,83.54100000000001
CRUISE,-,GOAL_REACHED,0.0,0.0,92.00487535630033,19.846324576432593,1.5678122459716395,0.0,104.02500000000224,-51.75,0.0,9,nan,83.56
CRUISE,-,GOAL_REACHED,0.0,0.0,92.00487535630033,19.846324576432593,1.5678122459716395,0.0,104.02500000000224,-51.75,0.0,9,nan,83.58
CRUISE,-,GOAL_REACHED,0.0,0.0,92.00487535630033,19.846324576432593,1.5678122459716395,0.0,104.02500000000224,-51.75,0.0,9,nan,83.60000000000001
CRUISE,-,GOAL_REACHED,0.0,0.0,92.00487535630033,19.846324576432593,1.5678122459716395,0.0,104.02500000000224,-51.75,0.0,9,nan,83.62
CRUISE,-,GOAL_REACHED,0.0,0.0,92.00487535630033,19.846324576432593,1.5678122459716395,0.0,104.02500000000224,-51.75,0.0,9,nan,83.64
CRUISE,-,GOAL_REACHED,0.0,0.0,92.00487535630033,19.846324576432593,1.5678122459716395,0.0,104.02500000000224,-51.75,0.0,9,nan,83.66000000000001
CRUISE,-,GOAL_REACHED,0.0,0.0,92.00487535630033,19.846324576432593,1.5678122459716395,0.0,104.02500000000224,-51.75,0.0,9,nan,83.68
CRUISE,-,GOAL_REACHED,0.0,0.0,92.00487535630033,19.846324576432593,1.5678122459716395,0.0,104.02500000000224,-51.75,0.0,9,nan,83.7
CRUISE,-,GOAL_REACHED,0.0,0.0,92.00487535630033,19.846324576432593,1.5678122459716395,0.0,104.02500000000224,-51.75,0.0,9,nan,83.72
CRUISE,-,GOAL_REACHED,0.0,0.0,92.00487535630033,19.846324576432593,1.5678122459716395,0.0,104.02500000000224,-51.75,0.0,9,nan,83.74000000000001
CRUISE,-,GOAL_REACHED,0.0,0.0,92.00487535630033,19.846324576432593,1.5678122459716395,0.0,104.02500000000224,-51.75,0.0,9,nan,83.76
CRUISE,-,GOAL_REACHED,0.0,0.0,92.00487535630033,19.846324576432593,1.5678122459716395,0.0,104.02500000000224,-51.75,0.0,9,nan,83.78
CRUISE,-,GOAL_REACHED,0.0,0.0,92.00487535630033,19.846324576432593,1.5678122459716395,0.0,104.02500000000224,-51.75,0.0,9,nan,83.80000000000001
CRUISE,-,GOAL_REACHED,0.0,0.0,92.00487535630033,19.846324576432593,1.5678122459716395,0.0,104.02500000000224,-51.75,0.0,9,nan,83.82000000000001
CRUISE,-,GOAL_REACHED,0.0,0.0,92.00487535630033,19.846324576432593,1.5678122459716395,0.0,104.02500000000224,-51.75,0.0,9,nan,83.84
CRUISE,-,GOAL_REACHED,0.0,0.0,92.00487535630033,19.846324576432593,1.5678122459716395,0.0,104.02500000000224,-51.75,0.0,8,nan,83.86
CRUISE,-,GOAL_REACHED,0.0,0.0,92.00487535630033,19.846324576432593,1.5678122459716395,0.0,104.02500000000224,-51.75,0.0,8,nan,83.88000000000001
CRUISE,-,GOAL_REACHED,0.0,0.0,92.00487535630033,19.846324576432593,1.5678122459716395,0.0,104.02500000000224,-51.75,0.0,8,nan,83.9
CRUISE,-,GOAL_REACHED,0.0,0.0,92.00487535630033,19.846324576432593,1.5678122459716395,0.0,104.02500000000224,-51.75,0.0,8,nan,83.92200000000001
CRUISE,-,GOAL_REACHED,0.0,0.0,92.00487535630033,19.846324576432593,1.5678122459716395,0.0,104.02500000000224,-51.75,0.0,8,nan,83.94000000000001
CRUISE,-,GOAL_REACHED,0.0,0.0,92.00487535630033,19.846324576432593,1.5678122459716395,0.0,104.02500000000224,-51.75,0.0,8,nan,83.96000000000001
CRUISE,-,GOAL_REACHED,0.0,0.0,92.00487535630033,19.846324576432593,1.5678122459716395,0.0,104.02500000000224,-51.75,0.0,8,nan,83.98
CRUISE,-,GOAL_REACHED,0.0,0.0,92.00487535630033,19.846324576432593,1.5678122459716395,0.0,104.02500000000224,-51.75,0.0,8,nan,84.0
CRUISE,-,GOAL_REACHED,0.0,0.0,92.00487535630033,19.846324576432593,1.5678122459716395,0.0,104.02500000000224,-51.75,0.0,8,nan,84.02000000000001
CRUISE,-,GOAL_REACHED,0.0,0.0,92.00487535630033,19.846324576432593,1.5678122459716395,0.0,104.02500000000224,-51.75,0.0,8,nan,84.04
CRUISE,-,GOAL_REACHED,0.0,0.0,92.00487535630033,19.846324576432593,1.5678122459716395,0.0,104.02500000000224,-51.75,0.0,8,nan,84.06
CRUISE,-,GOAL_REACHED,0.0,0.0,92.00487535630033,19.846324576432593,1.5678122459716395,0.0,104.02500000000224,-51.75,0.0,8,nan,84.08
CRUISE,-,GOAL_REACHED,0.0,0.0,92.00487535630033,19.846324576432593,1.5678122459716395,0.0,104.02500000000224,-51.75,0.0,8,nan,84.10000000000001
CRUISE,-,GOAL_REACHED,0.0,0.0,92.00487535630033,19.846324576432593,1.5678122459716395,0.0,104.02500000000224,-51.75,0.0,8,nan,84.12
CRUISE,-,GOAL_REACHED,0.0,0.0,92.00487535630033,19.846324576432593,1.5678122459716395,0.0,104.02500000000224,-51.75,0.0,8,nan,84.14
CRUISE,-,GOAL_REACHED,0.0,0.0,92.00487535630033,19.846324576432593,1.5678122459716395,0.0,104.02500000000224,-51.75,0.0,8,nan,84.16000000000001
CRUISE,-,GOAL_REACHED,0.0,0.0,92.00487535630033,19.846324576432593,1.5678122459716395,0.0,104.02500000000224,-51.75,0.0,8,nan,84.18
CRUISE,-,GOAL_REACHED,0.0,0.0,92.00487535630033,19.846324576432593,1.5678122459716395,0.0,104.02500000000224,-51.75,0.0,8,nan,84.2
CRUISE,-,GOAL_REACHED,0.0,0.0,92.00487535630033,19.846324576432593,1.5678122459716395,0.0,104.02500000000224,-51.75,0.0,8,nan,84.221
CRUISE,-,GOAL_REACHED,0.0,0.0,92.00487535630033,19.846324576432593,1.5678122459716395,0.0,104.02500000000224,-51.75,0.0,8,nan,84.24000000000001
CRUISE,-,GOAL_REACHED,0.0,0.0,92.00487535630033,19.846324576432593,1.5678122459716395,0.0,104.02500000000224,-51.75,0.0,8,nan,84.26100000000001
CRUISE,-,GOAL_REACHED,0.0,0.0,92.00487535630033,19.846324576432593,1.5678122459716395,0.0,104.02500000000224,-51.75,0.0,8,nan,84.28
CRUISE,-,GOAL_REACHED,0.0,0.0,92.00487535630033,19.846324576432593,1.5678122459716395,0.0,104.02500000000224,-51.75,0.0,8,nan,84.30000000000001
CRUISE,-,GOAL_REACHED,0.0,0.0,92.00487535630033,19.846324576432593,1.5678122459716395,0.0,104.02500000000224,-51.75,0.0,8,nan,84.32000000000001
CRUISE,-,GOAL_REACHED,0.0,0.0,92.00487535630033,19.846324576432593,1.5678122459716395,0.0,104.02500000000224,-51.75,0.0,8,nan,84.34
CRUISE,-,GOAL_REACHED,0.0,0.0,92.00487535630033,19.846324576432593,1.5678122459716395,0.0,104.02500000000224,-51.75,0.0,8,nan,84.36
CRUISE,-,GOAL_REACHED,0.0,0.0,92.00487535630033,19.846324576432593,1.5678122459716395,0.0,104.02500000000224,-51.75,0.0,8,nan,84.38000000000001
CRUISE,-,GOAL_REACHED,0.0,0.0,92.00487535630033,19.846324576432593,1.5678122459716395,0.0,104.02500000000224,-51.75,0.0,8,nan,84.4
CRUISE,-,GOAL_REACHED,0.0,0.0,92.00487535630033,19.846324576432593,1.5678122459716395,0.0,104.02500000000224,-51.75,0.0,8,nan,84.42
CRUISE,-,GOAL_REACHED,0.0,0.0,92.00487535630033,19.846324576432593,1.5678122459716395,0.0,104.02500000000224,-51.75,0.0,8,nan,84.44000000000001
CRUISE,-,GOAL_REACHED,0.0,0.0,92.00487535630033,19.846324576432593,1.5678122459716395,0.0,104.02500000000224,-51.75,0.0,8,nan,84.46000000000001
CRUISE,-,GOAL_REACHED,0.0,0.0,92.00487535630033,19.846324576432593,1.5678122459716395,0.0,104.02500000000224,-51.75,0.0,8,nan,84.48
CRUISE,-,GOAL_REACHED,0.0,0.0,92.00487535630033,19.846324576432593,1.5678122459716395,0.0,104.02500000000224,-51.75,0.0,8,nan,84.501
CRUISE,-,GOAL_REACHED,0.0,0.0,92.00487535630033,19.846324576432593,1.5678122459716395,0.0,104.02500000000224,-51.75,0.0,8,nan,84.52000000000001
CRUISE,-,GOAL_REACHED,0.0,0.0,92.00487535630033,19.846324576432593,1.5678122459716395,0.0,104.02500000000224,-51.75,0.0,8,nan,84.54
CRUISE,-,GOAL_REACHED,0.0,0.0,92.00487535630033,19.846324576432593,1.5678122459716395,0.0,104.02500000000224,-51.75,0.0,8,nan,84.56
CRUISE,-,GOAL_REACHED,0.0,0.0,92.00487535630033,19.846324576432593,1.5678122459716395,0.0,104.02500000000224,-51.75,0.0,8,nan,84.58
CRUISE,-,GOAL_REACHED,0.0,0.0,92.00487535630033,19.846324576432593,1.5678122459716395,0.0,104.02500000000224,-51.75,0.0,8,nan,84.60000000000001
CRUISE,-,GOAL_REACHED,0.0,0.0,92.00487535630033,19.846324576432593,1.5678122459716395,0.0,104.02500000000224,-51.75,0.0,8,nan,84.62
CRUISE,-,GOAL_REACHED,0.0,0.0,92.00487535630033,19.846324576432593,1.5678122459716395,0.0,104.02500000000224,-51.75,0.0,8,nan,84.64
CRUISE,-,GOAL_REACHED,0.0,0.0,92.00487535630033,19.846324576432593,1.5678122459716395,0.0,104.02500000000224,-51.75,0.0,8,nan,84.66000000000001
CRUISE,-,GOAL_REACHED,0.0,0.0,92.00487535630033,19.846324576432593,1.5678122459716395,0.0,104.02500000000224,-51.75,0.0,8,nan,84.68
CRUISE,-,GOAL_REACHED,0.0,0.0,92.00487535630033,19.846324576432593,1.5678122459716395,0.0,104.02500000000224,-51.75,0.0,8,nan,84.7
CRUISE,-,GOAL_REACHED,0.0,0.0,92.00487535630033,19.846324576432593,1.5678122459716395,0.0,104.02500000000224,-51.75,0.0,8,nan,84.72
CRUISE,-,GOAL_REACHED,0.0,0.0,92.00487535630033,19.846324576432593,1.5678122459716395,0.0,104.02500000000224,-51.75,0.0,8,nan,84.74000000000001
CRUISE,-,GOAL_REACHED,0.0,0.0,92.00487535630033,19.846324576432593,1.5678122459716395,0.0,104.02500000000224,-51.75,0.0,8,nan,84.76100000000001
CRUISE,-,GOAL_REACHED,0.0,0.0,92.00487535630033,19.846324576432593,1.5678122459716395,0.0,104.02500000000224,-51.75,0.0,8,nan,84.781
CRUISE,-,GOAL_REACHED,0.0,0.0,92.00487535630033,19.846324576432593,1.5678122459716395,0.0,104.02500000000224,-51.75,0.0,8,nan,84.80000000000001
CRUISE,-,GOAL_REACHED,0.0,0.0,92.00487535630033,19.846324576432593,1.5678122459716395,0.0,104.02500000000224,-51.75,0.0,8,nan,84.82000000000001
CRUISE,-,GOAL_REACHED,0.0,0.0,92.00487535630033,19.846324576432593,1.5678122459716395,0.0,104.02500000000224,-51.75,0.0,8,nan,84.84
CRUISE,-,GOAL_REACHED,0.0,0.0,92.00487535630033,19.846324576432593,1.5678122459716395,0.0,104.02500000000224,-51.75,0.0,8,nan,84.86
CRUISE,-,GOAL_REACHED,0.0,0.0,92.00487535630033,19.846324576432593,1.5678122459716395,0.0,104.02500000000224,-51.75,0.0,8,nan,84.88000000000001
CRUISE,-,GOAL_REACHED,0.0,0.0,92.00487535630033,19.846324576432593,1.5678122459716395,0.0,104.02500000000224,-51.75,0.0,8,nan,84.9
CRUISE,-,GOAL_REACHED,0.0,0.0,92.00487535630033,19.846324576432593,1.5678122459716395,0.0,104.02500000000224,-51.75,0.0,8,nan,84.921
CRUISE,-,GOAL_REACHED,0.0,0.0,92.00487535630033,19.846324576432593,1.5678122459716395,0.0,104.02500000000224,-51.75,0.0,8,nan,84.94000000000001
CRUISE,-,GOAL_REACHED,0.0,0.0,92.00487535630033,19.846324576432593,1.5678122459716395,0.0,104.02500000000224,-51.75,0.0,8,nan,84.96000000000001
CRUISE,-,GOAL_REACHED,0.0,0.0,92.00487535630033,19.846324576432593,1.5678122459716395,0.0,104.02500000000224,-51.75,0.0,8,nan,84.98
CRUISE,-,GOAL_REACHED,0.0,0.0,92.00487535630033,19.846324576432593,1.5678122459716395,0.0,104.02500000000224,-51.75,0.0,8,nan,85.0
CRUISE,-,GOAL_REACHED,0.0,0.0,92.00487535630033,19.846324576432593,1.5678122459716395,0.0,104.02500000000224,-51.75,0.0,8,nan,85.02000000000001
CRUISE,-,GOAL_REACHED,0.0,0.0,92.00487535630033,19.846324576432593,1.5678122459716395,0.0,104.02500000000224,-51.75,0.0,8,nan,85.04
CRUISE,-,GOAL_REACHED,0.0,0.0,92.00487535630033,19.846324576432593,1.5678122459716395,0.0,104.02500000000224,-51.75,0.0,8,nan,85.06
CRUISE,-,GOAL_REACHED,0.0,0.0,92.00487535630033,19.846324576432593,1.5678122459716395,0.0,104.02500000000224,-51.75,0.0,8,nan,85.081
CRUISE,-,GOAL_REACHED,0.0,0.0,92.00487535630033,19.846324576432593,1.5678122459716395,0.0,104.02500000000224,-51.75,0.0,8,nan,85.10000000000001
CRUISE,-,GOAL_REACHED,0.0,0.0,92.00487535630033,19.846324576432593,1.5678122459716395,0.0,104.02500000000224,-51.75,0.0,8,nan,85.12
CRUISE,-,GOAL_REACHED,0.0,0.0,92.00487535630033,19.846324576432593,1.5678122459716395,0.0,104.02500000000224,-51.75,0.0,8,nan,85.141
CRUISE,-,GOAL_REACHED,0.0,0.0,92.00487535630033,19.846324576432593,1.5678122459716395,0.0,104.02500000000224,-51.75,0.0,8,nan,85.16000000000001
CRUISE,-,GOAL_REACHED,0.0,0.0,92.00487535630033,19.846324576432593,1.5678122459716395,0.0,104.02500000000224,-51.75,0.0,8,nan,85.18
CRUISE,-,GOAL_REACHED,0.0,0.0,92.00487535630033,19.846324576432593,1.5678122459716395,0.0,104.02500000000224,-51.75,0.0,8,nan,85.2
CRUISE,-,GOAL_REACHED,0.0,0.0,92.00487535630033,19.846324576432593,1.5678122459716395,0.0,104.02500000000224,-51.75,0.0,8,nan,85.22
CRUISE,-,GOAL_REACHED,0.0,0.0,92.00487535630033,19.846324576432593,1.5678122459716395,0.0,104.02500000000224,-51.75,0.0,8,nan,85.24000000000001
CRUISE,-,GOAL_REACHED,0.0,0.0,92.00487535630033,19.846324576432593,1.5678122459716395,0.0,104.02500000000224,-51.75,0.0,8,nan,85.26
CRUISE,-,GOAL_REACHED,0.0,0.0,92.00487535630033,19.846324576432593,1.5678122459716395,0.0,104.02500000000224,-51.75,0.0,8,nan,85.28
CRUISE,-,GOAL_REACHED,0.0,0.0,92.00487535630033,19.846324576432593,1.5678122459716395,0.0,104.02500000000224,-51.75,0.0,8,nan,85.301
CRUISE,-,GOAL_REACHED,0.0,0.0,92.00487535630033,19.846324576432593,1.5678122459716395,0.0,104.02500000000224,-51.75,0.0,8,nan,85.32000000000001
CRUISE,-,GOAL_REACHED,0.0,0.0,92.00487535630033,19.846324576432593,1.5678122459716395,0.0,104.02500000000224,-51.75,0.0,8,nan,85.34
CRUISE,-,GOAL_REACHED,0.0,0.0,92.00487535630033,19.846324576432593,1.5678122459716395,0.0,104.02500000000224,-51.75,0.0,8,nan,85.36
CRUISE,-,GOAL_REACHED,0.0,0.0,92.00487535630033,19.846324576432593,1.5678122459716395,0.0,104.02500000000224,-51.75,0.0,8,nan,85.38000000000001
CRUISE,-,GOAL_REACHED,0.0,0.0,92.00487535630033,19.846324576432593,1.5678122459716395,0.0,104.02500000000224,-51.75,0.0,8,nan,85.4
CRUISE,-,GOAL_REACHED,0.0,0.0,92.00487535630033,19.846324576432593,1.5678122459716395,0.0,104.02500000000224,-51.75,0.0,8,nan,85.42
CRUISE,-,GOAL_REACHED,0.0,0.0,92.00487535630033,19.846324576432593,1.5678122459716395,0.0,104.02500000000224,-51.75,0.0,8,nan,85.44000000000001
CRUISE,-,GOAL_REACHED,0.0,0.0,92.00487535630033,19.846324576432593,1.5678122459716395,0.0,104.02500000000224,-51.75,0.0,8,nan,85.46000000000001
CRUISE,-,GOAL_REACHED,0.0,0.0,92.00487535630033,19.846324576432593,1.5678122459716395,0.0,104.02500000000224,-51.75,0.0,8,nan,85.48
CRUISE,-,GOAL_REACHED,0.0,0.0,92.00487535630033,19.846324576432593,1.5678122459716395,0.0,104.02500000000224,-51.75,0.0,8,nan,85.5
CRUISE,-,GOAL_REACHED,0.0,0.0,92.00487535630033,19.846324576432593,1.5678122459716395,0.0,104.02500000000224,-51.75,0.0,8,nan,85.52000000000001
CRUISE,-,GOAL_REACHED,0.0,0.0,92.00487535630033,19.846324576432593,1.5678122459716395,0.0,104.02500000000224,-51.75,0.0,8,nan,85.54
CRUISE,-,GOAL_REACHED,0.0,0.0,92.00487535630033,19.846324576432593,1.5678122459716395,0.0,104.02500000000224,-51.75,0.0,8,nan,85.561
CRUISE,-,GOAL_REACHED,0.0,0.0,92.00487535630033,19.846324576432593,1.5678122459716395,0.0,104.02500000000224,-51.75,0.0,8,nan,85.58
CRUISE,-,GOAL_REACHED,0.0,0.0,92.00487535630033,19.846324576432593,1.5678122459716395,0.0,104.02500000000224,-51.75,0.0,8,nan,85.60000000000001
CRUISE,-,GOAL_REACHED,0.0,0.0,92.00487535630033,19.846324576432593,1.5678122459716395,0.0,104.02500000000224,-51.75,0.0,8,nan,85.62
CRUISE,-,GOAL_REACHED,0.0,0.0,92.00487535630033,19.846324576432593,1.5678122459716395,0.0,104.02500000000224,-51.75,0.0,8,nan,85.64
CRUISE,-,GOAL_REACHED,0.0,0.0,92.00487535630033,19.846324576432593,1.5678122459716395,0.0,104.02500000000224,-51.75,0.0,8,nan,85.66000000000001
CRUISE,-,GOAL_REACHED,0.0,0.0,92.00487535630033,19.846324576432593,1.5678122459716395,0.0,104.02500000000224,-51.75,0.0,8,nan,85.68
CRUISE,-,GOAL_REACHED,0.0,0.0,92.00487535630033,19.846324576432593,1.5678122459716395,0.0,104.02500000000224,-51.75,0.0,8,nan,85.7
CRUISE,-,GOAL_REACHED,0.0,0.0,92.00487535630033,19.846324576432593,1.5678122459716395,0.0,104.02500000000224,-51.75,0.0,8,nan,85.72
CRUISE,-,GOAL_REACHED,0.0,0.0,92.00487535630033,19.846324576432593,1.5678122459716395,0.0,104.02500000000224,-51.75,0.0,8,nan,85.74000000000001
CRUISE,-,GOAL_REACHED,0.0,0.0,92.00487535630033,19.846324576432593,1.5678122459716395,0.0,104.02500000000224,-51.75,0.0,8,nan,85.76
CRUISE,-,GOAL_REACHED,0.0,0.0,92.00487535630033,19.846324576432593,1.5678122459716395,0.0,104.02500000000224,-51.75,0.0,8,nan,85.78
CRUISE,-,GOAL_REACHED,0.0,0.0,92.00487535630033,19.846324576432593,1.5678122459716395,0.0,104.02500000000224,-51.75,0.0,8,nan,85.80000000000001
CRUISE,-,GOAL_REACHED,0.0,0.0,92.00487535630033,19.846324576432593,1.5678122459716395,0.0,104.02500000000224,-51.75,0.0,8,nan,85.82000000000001
CRUISE,-,GOAL_REACHED,0.0,0.0,92.00487535630033,19.846324576432593,1.5678122459716395,0.0,104.02500000000224,-51.75,0.0,8,nan,85.84
CRUISE,-,GOAL_REACHED,0.0,0.0,92.00487535630033,19.846324576432593,1.5678122459716395,0.0,104.02500000000224,-51.75,0.0,8,nan,85.86
CRUISE,-,GOAL_REACHED,0.0,0.0,92.00487535630033,19.846324576432593,1.5678122459716395,0.0,104.02500000000224,-51.75,0.0,8,nan,85.88000000000001
CRUISE,-,GOAL_REACHED,0.0,0.0,92.00487535630033,19.846324576432593,1.5678122459716395,0.0,104.02500000000224,-51.75,0.0,8,nan,85.9
CRUISE,-,GOAL_REACHED,0.0,0.0,92.00487535630033,19.846324576432593,1.5678122459716395,0.0,104.02500000000224,-51.75,0.0,8,nan,85.92
CRUISE,-,GOAL_REACHED,0.0,0.0,92.00487535630033,19.846324576432593,1.5678122459716395,0.0,104.02500000000224,-51.75,0.0,8,nan,85.94000000000001
CRUISE,-,GOAL_REACHED,0.0,0.0,92.00487535630033,19.846324576432593,1.5678122459716395,0.0,104.02500000000224,-51.75,0.0,8,nan,85.96000000000001
CRUISE,-,GOAL_REACHED,0.0,0.0,92.00487535630033,19.846324576432593,1.5678122459716395,0.0,104.02500000000224,-51.75,0.0,8,nan,85.98
CRUISE,-,GOAL_REACHED,0.0,0.0,92.00487535630033,19.846324576432593,1.5678122459716395,0.0,104.02500000000224,-51.75,0.0,8,nan,86.0
CRUISE,-,GOAL_REACHED,0.0,0.0,92.00487535630033,19.846324576432593,1.5678122459716395,0.0,104.02500000000224,-51.75,0.0,8,nan,86.02000000000001
CRUISE,-,GOAL_REACHED,0.0,0.0,92.00487535630033,19.846324576432593,1.5678122459716395,0.0,104.02500000000224,-51.75,0.0,8,nan,86.04
CRUISE,-,GOAL_REACHED,0.0,0.0,92.00487535630033,19.846324576432593,1.5678122459716395,0.0,104.02500000000224,-51.75,0.0,8,nan,86.06
CRUISE,-,GOAL_REACHED,0.0,0.0,92.00487535630033,19.846324576432593,1.5678122459716395,0.0,104.02500000000224,-51.75,0.0,8,nan,86.08
CRUISE,-,GOAL_REACHED,0.0,0.0,92.00487535630033,19.846324576432593,1.5678122459716395,0.0,104.02500000000224,-51.75,0.0,8,nan,86.10000000000001
CRUISE,-,GOAL_REACHED,0.0,0.0,92.00487535630033,19.846324576432593,1.5678122459716395,0.0,104.02500000000224,-51.75,0.0,8,nan,86.12
CRUISE,-,GOAL_REACHED,0.0,0.0,92.00487535630033,19.846324576432593,1.5678122459716395,0.0,104.02500000000224,-51.75,0.0,8,nan,86.14
CRUISE,-,GOAL_REACHED,0.0,0.0,92.00487535630033,19.846324576432593,1.5678122459716395,0.0,104.02500000000224,-51.75,0.0,8,nan,86.16000000000001
CRUISE,-,GOAL_REACHED,0.0,0.0,92.00487535630033,19.846324576432593,1.5678122459716395,0.0,104.02500000000224,-51.75,0.0,8,nan,86.18
CRUISE,-,GOAL_REACHED,0.0,0.0,92.00487535630033,19.846324576432593,1.5678122459716395,0.0,104.02500000000224,-51.75,0.0,8,nan,86.2
CRUISE,-,GOAL_REACHED,0.0,0.0,92.00487535630033,19.846324576432593,1.5678122459716395,0.0,104.02500000000224,-51.75,0.0,8,nan,86.22
CRUISE,-,GOAL_REACHED,0.0,0.0,92.00487535630033,19.846324576432593,1.5678122459716395,0.0,104.02500000000224,-51.75,0.0,8,nan,86.241
CRUISE,-,GOAL_REACHED,0.0,0.0,92.00487535630033,19.846324576432593,1.5678122459716395,0.0,104.02500000000224,-51.75,0.0,8,nan,86.26
CRUISE,-,GOAL_REACHED,0.0,0.0,92.00487535630033,19.846324576432593,1.5678122459716395,0.0,104.02500000000224,-51.75,0.0,8,nan,86.28
CRUISE,-,GOAL_REACHED,0.0,0.0,92.00487535630033,19.846324576432593,1.5678122459716395,0.0,104.02500000000224,-51.75,0.0,8,nan,86.30000000000001
CRUISE,-,GOAL_REACHED,0.0,0.0,92.00487535630033,19.846324576432593,1.5678122459716395,0.0,104.02500000000224,-51.75,0.0,8,nan,86.32000000000001
CRUISE,-,GOAL_REACHED,0.0,0.0,92.00487535630033,19.846324576432593,1.5678122459716395,0.0,104.02500000000224,-51.75,0.0,8,nan,86.34
CRUISE,-,GOAL_REACHED,0.0,0.0,92.00487535630033,19.846324576432593,1.5678122459716395,0.0,104.02500000000224,-51.75,0.0,8,nan,86.36
CRUISE,-,GOAL_REACHED,0.0,0.0,92.00487535630033,19.846324576432593,1.5678122459716395,0.0,104.02500000000224,-51.75,0.0,8,nan,86.38000000000001
CRUISE,-,GOAL_REACHED,0.0,0.0,92.00487535630033,19.846324576432593,1.5678122459716395,0.0,104.02500000000224,-51.75,0.0,8,nan,86.4
CRUISE,-,GOAL_REACHED,0.0,0.0,92.00487535630033,19.846324576432593,1.5678122459716395,0.0,104.02500000000224,-51.75,0.0,8,nan,86.42
CRUISE,-,GOAL_REACHED,0.0,0.0,92.00487535630033,19.846324576432593,1.5678122459716395,0.0,104.02500000000224,-51.75,0.0,8,nan,86.44000000000001
CRUISE,-,GOAL_REACHED,0.0,0.0,92.00487535630033,19.846324576432593,1.5678122459716395,0.0,104.02500000000224,-51.75,0.0,8,nan,86.46000000000001
CRUISE,-,GOAL_REACHED,0.0,0.0,92.00487535630033,19.846324576432593,1.5678122459716395,0.0,104.02500000000224,-51.75,0.0,8,nan,86.48
CRUISE,-,GOAL_REACHED,0.0,0.0,92.00487535630033,19.846324576432593,1.5678122459716395,0.0,104.02500000000224,-51.75,0.0,8,nan,86.5
CRUISE,-,GOAL_REACHED,0.0,0.0,92.00487535630033,19.846324576432593,1.5678122459716395,0.0,104.02500000000224,-51.75,0.0,8,nan,86.52000000000001
CRUISE,-,GOAL_REACHED,0.0,0.0,92.00487535630033,19.846324576432593,1.5678122459716395,0.0,104.02500000000224,-51.75,0.0,8,nan,86.54
CRUISE,-,GOAL_REACHED,0.0,0.0,92.00487535630033,19.846324576432593,1.5678122459716395,0.0,104.02500000000224,-51.75,0.0,8,nan,86.56
CRUISE,-,GOAL_REACHED,0.0,0.0,92.00487535630033,19.846324576432593,1.5678122459716395,0.0,104.02500000000224,-51.75,0.0,8,nan,86.58
CRUISE,-,GOAL_REACHED,0.0,0.0,92.00487535630033,19.846324576432593,1.5678122459716395,0.0,104.02500000000224,-51.75,0.0,8,nan,86.60000000000001
CRUISE,-,GOAL_REACHED,0.0,0.0,92.00487535630033,19.846324576432593,1.5678122459716395,0.0,104.02500000000224,-51.75,0.0,8,nan,86.62
CRUISE,-,GOAL_REACHED,0.0,0.0,92.00487535630033,19.846324576432593,1.5678122459716395,0.0,104.02500000000224,-51.75,0.0,8,nan,86.64
CRUISE,-,GOAL_REACHED,0.0,0.0,92.00487535630033,19.846324576432593,1.5678122459716395,0.0,104.02500000000224,-51.75,0.0,8,nan,86.66000000000001
CRUISE,-,GOAL_REACHED,0.0,0.0,92.00487535630033,19.846324576432593,1.5678122459716395,0.0,104.02500000000224,-51.75,0.0,8,nan,86.68
CRUISE,-,GOAL_REACHED,0.0,0.0,92.00487535630033,19.846324576432593,1.5678122459716395,0.0,104.02500000000224,-51.75,0.0,8,nan,86.7
CRUISE,-,GOAL_REACHED,0.0,0.0,92.00487535630033,19.846324576432593,1.5678122459716395,0.0,104.02500000000224,-51.75,0.0,8,nan,86.72
CRUISE,-,GOAL_REACHED,0.0,0.0,92.00487535630033,19.846324576432593,1.5678122459716395,0.0,104.02500000000224,-51.75,0.0,8,nan,86.74000000000001
CRUISE,-,GOAL_REACHED,0.0,0.0,92.00487535630033,19.846324576432593,1.5678122459716395,0.0,104.02500000000224,-51.75,0.0,8,nan,86.76
CRUISE,-,GOAL_REACHED,0.0,0.0,92.00487535630033,19.846324576432593,1.5678122459716395,0.0,104.02500000000224,-51.75,0.0,8,nan,86.78
CRUISE,-,GOAL_REACHED,0.0,0.0,92.00487535630033,19.846324576432593,1.5678122459716395,0.0,104.02500000000224,-51.75,0.0,8,nan,86.80000000000001
CRUISE,-,GOAL_REACHED,0.0,0.0,92.00487535630033,19.846324576432593,1.5678122459716395,0.0,104.02500000000224,-51.75,0.0,8,nan,86.82000000000001
CRUISE,-,GOAL_REACHED,0.0,0.0,92.00487535630033,19.846324576432593,1.5678122459716395,0.0,104.02500000000224,-51.75,0.0,8,nan,86.84
CRUISE,-,GOAL_REACHED,0.0,0.0,92.00487535630033,19.846324576432593,1.5678122459716395,0.0,104.02500000000224,-51.75,0.0,8,nan,86.86
CRUISE,-,GOAL_REACHED,0.0,0.0,92.00487535630033,19.846324576432593,1.5678122459716395,0.0,104.02500000000224,-51.75,0.0,8,nan,86.88000000000001
CRUISE,-,GOAL_REACHED,0.0,0.0,92.00487535630033,19.846324576432593,1.5678122459716395,0.0,104.02500000000224,-51.75,0.0,8,nan,86.9
CRUISE,-,GOAL_REACHED,0.0,0.0,92.00487535630033,19.846324576432593,1.5678122459716395,0.0,104.02500000000224,-51.75,0.0,8,nan,86.92
CRUISE,-,GOAL_REACHED,0.0,0.0,92.00487535630033,19.846324576432593,1.5678122459716395,0.0,104.02500000000224,-51.75,0.0,8,nan,86.94000000000001
CRUISE,-,GOAL_REACHED,0.0,0.0,92.00487535630033,19.846324576432593,1.5678122459716395,0.0,104.02500000000224,-51.75,0.0,8,nan,86.96000000000001
CRUISE,-,GOAL_REACHED,0.0,0.0,92.00487535630033,19.846324576432593,1.5678122459716395,0.0,104.02500000000224,-51.75,0.0,8,nan,86.98
CRUISE,-,GOAL_REACHED,0.0,0.0,92.00487535630033,19.846324576432593,1.5678122459716395,0.0,104.02500000000224,-51.75,0.0,8,nan,87.001
CRUISE,-,GOAL_REACHED,0.0,0.0,92.00487535630033,19.846324576432593,1.5678122459716395,0.0,104.02500000000224,-51.75,0.0,8,nan,87.021
CRUISE,-,GOAL_REACHED,0.0,0.0,92.00487535630033,19.846324576432593,1.5678122459716395,0.0,104.02500000000224,-51.75,0.0,8,nan,87.04
CRUISE,-,GOAL_REACHED,0.0,0.0,92.00487535630033,19.846324576432593,1.5678122459716395,0.0,104.02500000000224,-51.75,0.0,8,nan,87.06
CRUISE,-,GOAL_REACHED,0.0,0.0,92.00487535630033,19.846324576432593,1.5678122459716395,0.0,104.02500000000224,-51.75,0.0,8,nan,87.08000000000001
CRUISE,-,GOAL_REACHED,0.0,0.0,92.00487535630033,19.846324576432593,1.5678122459716395,0.0,104.02500000000224,-51.75,0.0,8,nan,87.10000000000001
CRUISE,-,GOAL_REACHED,0.0,0.0,92.00487535630033,19.846324576432593,1.5678122459716395,0.0,104.02500000000224,-51.75,0.0,8,nan,87.12
CRUISE,-,GOAL_REACHED,0.0,0.0,92.00487535630033,19.846324576432593,1.5678122459716395,0.0,104.02500000000224,-51.75,0.0,8,nan,87.14
CRUISE,-,GOAL_REACHED,0.0,0.0,92.00487535630033,19.846324576432593,1.5678122459716395,0.0,104.02500000000224,-51.75,0.0,8,nan,87.161
CRUISE,-,GOAL_REACHED,0.0,0.0,92.00487535630033,19.846324576432593,1.5678122459716395,0.0,104.02500000000224,-51.75,0.0,8,nan,87.18100000000001
CRUISE,-,GOAL_REACHED,0.0,0.0,92.00487535630033,19.846324576432593,1.5678122459716395,0.0,104.02500000000224,-51.75,0.0,8,nan,87.2
CRUISE,-,GOAL_REACHED,0.0,0.0,92.00487535630033,19.846324576432593,1.5678122459716395,0.0,104.02500000000224,-51.75,0.0,8,nan,87.22
CRUISE,-,GOAL_REACHED,0.0,0.0,92.00487535630033,19.846324576432593,1.5678122459716395,0.0,104.02500000000224,-51.75,0.0,8,nan,87.24000000000001
CRUISE,-,GOAL_REACHED,0.0,0.0,92.00487535630033,19.846324576432593,1.5678122459716395,0.0,104.02500000000224,-51.75,0.0,8,nan,87.26
CRUISE,-,GOAL_REACHED,0.0,0.0,92.00487535630033,19.846324576432593,1.5678122459716395,0.0,104.02500000000224,-51.75,0.0,8,nan,87.28
CRUISE,-,GOAL_REACHED,0.0,0.0,92.00487535630033,19.846324576432593,1.5678122459716395,0.0,104.02500000000224,-51.75,0.0,8,nan,87.30000000000001
CRUISE,-,GOAL_REACHED,0.0,0.0,92.00487535630033,19.846324576432593,1.5678122459716395,0.0,104.02500000000224,-51.75,0.0,8,nan,87.32000000000001
CRUISE,-,GOAL_REACHED,0.0,0.0,92.00487535630033,19.846324576432593,1.5678122459716395,0.0,104.02500000000224,-51.75,0.0,8,nan,87.34
CRUISE,-,GOAL_REACHED,0.0,0.0,92.00487535630033,19.846324576432593,1.5678122459716395,0.0,104.02500000000224,-51.75,0.0,8,nan,87.36
CRUISE,-,GOAL_REACHED,0.0,0.0,92.00487535630033,19.846324576432593,1.5678122459716395,0.0,104.02500000000224,-51.75,0.0,8,nan,87.38000000000001
CRUISE,-,GOAL_REACHED,0.0,0.0,92.00487535630033,19.846324576432593,1.5678122459716395,0.0,104.02500000000224,-51.75,0.0,8,nan,87.4
CRUISE,-,GOAL_REACHED,0.0,0.0,92.00487535630033,19.846324576432593,1.5678122459716395,0.0,104.02500000000224,-51.75,0.0,8,nan,87.42
CRUISE,-,GOAL_REACHED,0.0,0.0,92.00487535630033,19.846324576432593,1.5678122459716395,0.0,104.02500000000224,-51.75,0.0,8,nan,87.44000000000001
CRUISE,-,GOAL_REACHED,0.0,0.0,92.00487535630033,19.846324576432593,1.5678122459716395,0.0,104.02500000000224,-51.75,0.0,8,nan,87.46000000000001
CRUISE,-,GOAL_REACHED,0.0,0.0,92.00487535630033,19.846324576432593,1.5678122459716395,0.0,104.02500000000224,-51.75,0.0,8,nan,87.48
CRUISE,-,GOAL_REACHED,0.0,0.0,92.00487535630033,19.846324576432593,1.5678122459716395,0.0,104.02500000000224,-51.75,0.0,8,nan,87.5
CRUISE,-,GOAL_REACHED,0.0,0.0,92.00487535630033,19.846324576432593,1.5678122459716395,0.0,104.02500000000224,-51.75,0.0,8,nan,87.52000000000001
CRUISE,-,GOAL_REACHED,0.0,0.0,92.00487535630033,19.846324576432593,1.5678122459716395,0.0,104.02500000000224,-51.75,0.0,8,nan,87.54
CRUISE,-,GOAL_REACHED,0.0,0.0,92.00487535630033,19.846324576432593,1.5678122459716395,0.0,104.02500000000224,-51.75,0.0,8,nan,87.56
CRUISE,-,GOAL_REACHED,0.0,0.0,92.00487535630033,19.846324576432593,1.5678122459716395,0.0,104.02500000000224,-51.75,0.0,8,nan,87.58000000000001
CRUISE,-,GOAL_REACHED,0.0,0.0,92.00487535630033,19.846324576432593,1.5678122459716395,0.0,104.02500000000224,-51.75,0.0,8,nan,87.60000000000001
CRUISE,-,GOAL_REACHED,0.0,0.0,92.00487535630033,19.846324576432593,1.5678122459716395,0.0,104.02500000000224,-51.75,0.0,8,nan,87.62
CRUISE,-,GOAL_REACHED,0.0,0.0,92.00487535630033,19.846324576432593,1.5678122459716395,0.0,104.02500000000224,-51.75,0.0,8,nan,87.64
CRUISE,-,GOAL_REACHED,0.0,0.0,92.00487535630033,19.846324576432593,1.5678122459716395,0.0,104.02500000000224,-51.75,0.0,8,nan,87.66000000000001
CRUISE,-,GOAL_REACHED,0.0,0.0,92.00487535630033,19.846324576432593,1.5678122459716395,0.0,104.02500000000224,-51.75,0.0,8,nan,87.68
CRUISE,-,GOAL_REACHED,0.0,0.0,92.00487535630033,19.846324576432593,1.5678122459716395,0.0,104.02500000000224,-51.75,0.0,8,nan,87.7
CRUISE,-,GOAL_REACHED,0.0,0.0,92.00487535630033,19.846324576432593,1.5678122459716395,0.0,104.02500000000224,-51.75,0.0,8,nan,87.72
CRUISE,-,GOAL_REACHED,0.0,0.0,92.00487535630033,19.846324576432593,1.5678122459716395,0.0,104.02500000000224,-51.75,0.0,8,nan,87.74000000000001
CRUISE,-,GOAL_REACHED,0.0,0.0,92.00487535630033,19.846324576432593,1.5678122459716395,0.0,104.02500000000224,-51.75,0.0,8,nan,87.76
CRUISE,-,GOAL_REACHED,0.0,0.0,92.00487535630033,19.846324576432593,1.5678122459716395,0.0,104.02500000000224,-51.75,0.0,8,nan,87.78
CRUISE,-,GOAL_REACHED,0.0,0.0,92.00487535630033,19.846324576432593,1.5678122459716395,0.0,104.02500000000224,-51.75,0.0,8,nan,87.80000000000001
CRUISE,-,GOAL_REACHED,0.0,0.0,92.00487535630033,19.846324576432593,1.5678122459716395,0.0,104.02500000000224,-51.75,0.0,8,nan,87.82000000000001
CRUISE,-,GOAL_REACHED,0.0,0.0,92.00487535630033,19.846324576432593,1.5678122459716395,0.0,104.02500000000224,-51.75,0.0,8,nan,87.84
CRUISE,-,GOAL_REACHED,0.0,0.0,92.00487535630033,19.846324576432593,1.5678122459716395,0.0,104.02500000000224,-51.75,0.0,8,nan,87.86
CRUISE,-,GOAL_REACHED,0.0,0.0,92.00487535630033,19.846324576432593,1.5678122459716395,0.0,104.02500000000224,-51.75,0.0,8,nan,87.88000000000001
CRUISE,-,GOAL_REACHED,0.0,0.0,92.00487535630033,19.846324576432593,1.5678122459716395,0.0,104.02500000000224,-51.75,0.0,8,nan,87.9
CRUISE,-,GOAL_REACHED,0.0,0.0,92.00487535630033,19.846324576432593,1.5678122459716395,0.0,104.02500000000224,-51.75,0.0,8,nan,87.92
CRUISE,-,GOAL_REACHED,0.0,0.0,92.00487535630033,19.846324576432593,1.5678122459716395,0.0,104.02500000000224,-51.75,0.0,8,nan,87.94000000000001
CRUISE,-,GOAL_REACHED,0.0,0.0,92.00487535630033,19.846324576432593,1.5678122459716395,0.0,104.02500000000224,-51.75,0.0,8,nan,87.96000000000001
CRUISE,-,GOAL_REACHED,0.0,0.0,92.00487535630033,19.846324576432593,1.5678122459716395,0.0,104.02500000000224,-51.75,0.0,8,nan,87.98
CRUISE,-,GOAL_REACHED,0.0,0.0,92.00487535630033,19.846324576432593,1.5678122459716395,0.0,104.02500000000224,-51.75,0.0,8,nan,88.0
CRUISE,-,GOAL_REACHED,0.0,0.0,92.00487535630033,19.846324576432593,1.5678122459716395,0.0,104.02500000000224,-51.75,0.0,8,nan,88.02000000000001
CRUISE,-,GOAL_REACHED,0.0,0.0,92.00487535630033,19.846324576432593,1.5678122459716395,0.0,104.02500000000224,-51.75,0.0,8,nan,88.04
CRUISE,-,GOAL_REACHED,0.0,0.0,92.00487535630033,19.846324576432593,1.5678122459716395,0.0,104.02500000000224,-51.75,0.0,8,nan,88.06
CRUISE,-,GOAL_REACHED,0.0,0.0,92.00487535630033,19.846324576432593,1.5678122459716395,0.0,104.02500000000224,-51.75,0.0,8,nan,88.08000000000001
CRUISE,-,GOAL_REACHED,0.0,0.0,92.00487535630033,19.846324576432593,1.5678122459716395,0.0,104.02500000000224,-51.75,0.0,8,nan,88.10000000000001
CRUISE,-,GOAL_REACHED,0.0,0.0,92.00487535630033,19.846324576432593,1.5678122459716395,0.0,104.02500000000224,-51.75,0.0,8,nan,88.12
CRUISE,-,GOAL_REACHED,0.0,0.0,92.00487535630033,19.846324576432593,1.5678122459716395,0.0,104.02500000000224,-51.75,0.0,8,nan,88.14
CRUISE,-,GOAL_REACHED,0.0,0.0,92.00487535630033,19.846324576432593,1.5678122459716395,0.0,104.02500000000224,-51.75,0.0,8,nan,88.16000000000001
CRUISE,-,GOAL_REACHED,0.0,0.0,92.00487535630033,19.846324576432593,1.5678122459716395,0.0,104.02500000000224,-51.75,0.0,8,nan,88.18
CRUISE,-,GOAL_REACHED,0.0,0.0,92.00487535630033,19.846324576432593,1.5678122459716395,0.0,104.02500000000224,-51.75,0.0,8,nan,88.2
CRUISE,-,GOAL_REACHED,0.0,0.0,92.00487535630033,19.846324576432593,1.5678122459716395,0.0,104.02500000000224,-51.75,0.0,8,nan,88.22
CRUISE,-,GOAL_REACHED,0.0,0.0,92.00487535630033,19.846324576432593,1.5678122459716395,0.0,104.02500000000224,-51.75,0.0,8,nan,88.24000000000001
CRUISE,-,GOAL_REACHED,0.0,0.0,92.00487535630033,19.846324576432593,1.5678122459716395,0.0,104.02500000000224,-51.75,0.0,8,nan,88.26
CRUISE,-,GOAL_REACHED,0.0,0.0,92.00487535630033,19.846324576432593,1.5678122459716395,0.0,104.02500000000224,-51.75,0.0,8,nan,88.28
CRUISE,-,GOAL_REACHED,0.0,0.0,92.00487535630033,19.846324576432593,1.5678122459716395,0.0,104.02500000000224,-51.75,0.0,8,nan,88.30000000000001
CRUISE,-,GOAL_REACHED,0.0,0.0,92.00487535630033,19.846324576432593,1.5678122459716395,0.0,104.02500000000224,-51.75,0.0,8,nan,88.32000000000001
CRUISE,-,GOAL_REACHED,0.0,0.0,92.00487535630033,19.846324576432593,1.5678122459716395,0.0,104.02500000000224,-51.75,0.0,8,nan,88.34
CRUISE,-,GOAL_REACHED,0.0,0.0,92.00487535630033,19.846324576432593,1.5678122459716395,0.0,104.02500000000224,-51.75,0.0,8,nan,88.36
CRUISE,-,GOAL_REACHED,0.0,0.0,92.00487535630033,19.846324576432593,1.5678122459716395,0.0,104.02500000000224,-51.75,0.0,8,nan,88.38000000000001
CRUISE,-,GOAL_REACHED,0.0,0.0,92.00487535630033,19.846324576432593,1.5678122459716395,0.0,104.02500000000224,-51.75,0.0,8,nan,88.4
CRUISE,-,GOAL_REACHED,0.0,0.0,92.00487535630033,19.846324576432593,1.5678122459716395,0.0,104.02500000000224,-51.75,0.0,8,nan,88.421
CRUISE,-,GOAL_REACHED,0.0,0.0,92.00487535630033,19.846324576432593,1.5678122459716395,0.0,104.02500000000224,-51.75,0.0,8,nan,88.44000000000001
CRUISE,-,GOAL_REACHED,0.0,0.0,92.00487535630033,19.846324576432593,1.5678122459716395,0.0,104.02500000000224,-51.75,0.0,8,nan,88.46000000000001
CRUISE,-,GOAL_REACHED,0.0,0.0,92.00487535630033,19.846324576432593,1.5678122459716395,0.0,104.02500000000224,-51.75,0.0,8,nan,88.48
CRUISE,-,GOAL_REACHED,0.0,0.0,92.00487535630033,19.846324576432593,1.5678122459716395,0.0,104.02500000000224,-51.75,0.0,8,nan,88.5
CRUISE,-,GOAL_REACHED,0.0,0.0,92.00487535630033,19.846324576432593,1.5678122459716395,0.0,104.02500000000224,-51.75,0.0,8,nan,88.52000000000001
CRUISE,-,GOAL_REACHED,0.0,0.0,92.00487535630033,19.846324576432593,1.5678122459716395,0.0,104.02500000000224,-51.75,0.0,8,nan,88.54
CRUISE,-,GOAL_REACHED,0.0,0.0,92.00487535630033,19.846324576432593,1.5678122459716395,0.0,104.02500000000224,-51.75,0.0,8,nan,88.56
CRUISE,-,GOAL_REACHED,0.0,0.0,92.00487535630033,19.846324576432593,1.5678122459716395,0.0,104.02500000000224,-51.75,0.0,8,nan,88.58000000000001
CRUISE,-,GOAL_REACHED,0.0,0.0,92.00487535630033,19.846324576432593,1.5678122459716395,0.0,104.02500000000224,-51.75,0.0,8,nan,88.60000000000001
CRUISE,-,GOAL_REACHED,0.0,0.0,92.00487535630033,19.846324576432593,1.5678122459716395,0.0,104.02500000000224,-51.75,0.0,8,nan,88.62
CRUISE,-,GOAL_REACHED,0.0,0.0,92.00487535630033,19.846324576432593,1.5678122459716395,0.0,104.02500000000224,-51.75,0.0,8,nan,88.64
CRUISE,-,GOAL_REACHED,0.0,0.0,92.00487535630033,19.846324576432593,1.5678122459716395,0.0,104.02500000000224,-51.75,0.0,8,nan,88.66000000000001
CRUISE,-,GOAL_REACHED,0.0,0.0,92.00487535630033,19.846324576432593,1.5678122459716395,0.0,104.02500000000224,-51.75,0.0,8,nan,88.68
CRUISE,-,GOAL_REACHED,0.0,0.0,92.00487535630033,19.846324576432593,1.5678122459716395,0.0,104.02500000000224,-51.75,0.0,8,nan,88.7
CRUISE,-,GOAL_REACHED,0.0,0.0,92.00487535630033,19.846324576432593,1.5678122459716395,0.0,104.02500000000224,-51.75,0.0,8,nan,88.72
CRUISE,-,GOAL_REACHED,0.0,0.0,92.00487535630033,19.846324576432593,1.5678122459716395,0.0,104.02500000000224,-51.75,0.0,8,nan,88.74000000000001
CRUISE,-,GOAL_REACHED,0.0,0.0,92.00487535630033,19.846324576432593,1.5678122459716395,0.0,104.02500000000224,-51.75,0.0,8,nan,88.76
CRUISE,-,GOAL_REACHED,0.0,0.0,92.00487535630033,19.846324576432593,1.5678122459716395,0.0,104.02500000000224,-51.75,0.0,8,nan,88.78
CRUISE,-,GOAL_REACHED,0.0,0.0,92.00487535630033,19.846324576432593,1.5678122459716395,0.0,104.02500000000224,-51.75,0.0,8,nan,88.80000000000001
CRUISE,-,GOAL_REACHED,0.0,0.0,92.00487535630033,19.846324576432593,1.5678122459716395,0.0,104.02500000000224,-51.75,0.0,8,nan,88.82000000000001
CRUISE,-,GOAL_REACHED,0.0,0.0,92.00487535630033,19.846324576432593,1.5678122459716395,0.0,104.02500000000224,-51.75,0.0,8,nan,88.84
CRUISE,-,GOAL_REACHED,0.0,0.0,92.00487535630033,19.846324576432593,1.5678122459716395,0.0,104.02500000000224,-51.75,0.0,8,nan,88.86
CRUISE,-,GOAL_REACHED,0.0,0.0,92.00487535630033,19.846324576432593,1.5678122459716395,0.0,104.02500000000224,-51.75,0.0,8,nan,88.88000000000001
CRUISE,-,GOAL_REACHED,0.0,0.0,92.00487535630033,19.846324576432593,1.5678122459716395,0.0,104.02500000000224,-51.75,0.0,8,nan,88.9
CRUISE,-,GOAL_REACHED,0.0,0.0,92.00487535630033,19.846324576432593,1.5678122459716395,0.0,104.02500000000224,-51.75,0.0,8,nan,88.92
CRUISE,-,GOAL_REACHED,0.0,0.0,92.00487535630033,19.846324576432593,1.5678122459716395,0.0,104.02500000000224,-51.75,0.0,8,nan,88.94000000000001
CRUISE,-,GOAL_REACHED,0.0,0.0,92.00487535630033,19.846324576432593,1.5678122459716395,0.0,104.02500000000224,-51.75,0.0,8,nan,88.96000000000001
CRUISE,-,GOAL_REACHED,0.0,0.0,92.00487535630033,19.846324576432593,1.5678122459716395,0.0,104.02500000000224,-51.75,0.0,8,nan,88.98
CRUISE,-,GOAL_REACHED,0.0,0.0,92.00487535630033,19.846324576432593,1.5678122459716395,0.0,104.02500000000224,-51.75,0.0,8,nan,89.0
CRUISE,-,GOAL_REACHED,0.0,0.0,92.00487535630033,19.846324576432593,1.5678122459716395,0.0,104.02500000000224,-51.75,0.0,8,nan,89.02000000000001
CRUISE,-,GOAL_REACHED,0.0,0.0,92.00487535630033,19.846324576432593,1.5678122459716395,0.0,104.02500000000224,-51.75,0.0,8,nan,89.04
CRUISE,-,GOAL_REACHED,0.0,0.0,92.00487535630033,19.846324576432593,1.5678122459716395,0.0,104.02500000000224,-51.75,0.0,8,nan,89.06
CRUISE,-,GOAL_REACHED,0.0,0.0,92.00487535630033,19.846324576432593,1.5678122459716395,0.0,104.02500000000224,-51.75,0.0,8,nan,89.08000000000001
CRUISE,-,GOAL_REACHED,0.0,0.0,92.00487535630033,19.846324576432593,1.5678122459716395,0.0,104.02500000000224,-51.75,0.0,8,nan,89.101
CRUISE,-,GOAL_REACHED,0.0,0.0,92.00487535630033,19.846324576432593,1.5678122459716395,0.0,104.02500000000224,-51.75,0.0,8,nan,89.12
CRUISE,-,GOAL_REACHED,0.0,0.0,92.00487535630033,19.846324576432593,1.5678122459716395,0.0,104.02500000000224,-51.75,0.0,8,nan,89.14
CRUISE,-,GOAL_REACHED,0.0,0.0,92.00487535630033,19.846324576432593,1.5678122459716395,0.0,104.02500000000224,-51.75,0.0,8,nan,89.16000000000001
CRUISE,-,GOAL_REACHED,0.0,0.0,92.00487535630033,19.846324576432593,1.5678122459716395,0.0,104.02500000000224,-51.75,0.0,8,nan,89.18
CRUISE,-,GOAL_REACHED,0.0,0.0,92.00487535630033,19.846324576432593,1.5678122459716395,0.0,104.02500000000224,-51.75,0.0,8,nan,89.2
CRUISE,-,GOAL_REACHED,0.0,0.0,92.00487535630033,19.846324576432593,1.5678122459716395,0.0,104.02500000000224,-51.75,0.0,8,nan,89.22
CRUISE,-,GOAL_REACHED,0.0,0.0,92.00487535630033,19.846324576432593,1.5678122459716395,0.0,104.02500000000224,-51.75,0.0,8,nan,89.24000000000001
CRUISE,-,GOAL_REACHED,0.0,0.0,92.00487535630033,19.846324576432593,1.5678122459716395,0.0,104.02500000000224,-51.75,0.0,8,nan,89.26
CRUISE,-,GOAL_REACHED,0.0,0.0,92.00487535630033,19.846324576432593,1.5678122459716395,0.0,104.02500000000224,-51.75,0.0,8,nan,89.28
CRUISE,-,GOAL_REACHED,0.0,0.0,92.00487535630033,19.846324576432593,1.5678122459716395,0.0,104.02500000000224,-51.75,0.0,8,nan,89.30000000000001
CRUISE,-,GOAL_REACHED,0.0,0.0,92.00487535630033,19.846324576432593,1.5678122459716395,0.0,104.02500000000224,-51.75,0.0,8,nan,89.32000000000001
CRUISE,-,GOAL_REACHED,0.0,0.0,92.00487535630033,19.846324576432593,1.5678122459716395,0.0,104.02500000000224,-51.75,0.0,8,nan,89.34
CRUISE,-,GOAL_REACHED,0.0,0.0,92.00487535630033,19.846324576432593,1.5678122459716395,0.0,104.02500000000224,-51.75,0.0,8,nan,89.36
CRUISE,-,GOAL_REACHED,0.0,0.0,92.00487535630033,19.846324576432593,1.5678122459716395,0.0,104.02500000000224,-51.75,0.0,8,nan,89.38000000000001
CRUISE,-,GOAL_REACHED,0.0,0.0,92.00487535630033,19.846324576432593,1.5678122459716395,0.0,104.02500000000224,-51.75,0.0,8,nan,89.4
CRUISE,-,GOAL_REACHED,0.0,0.0,92.00487535630033,19.846324576432593,1.5678122459716395,0.0,104.02500000000224,-51.75,0.0,8,nan,89.42
CRUISE,-,GOAL_REACHED,0.0,0.0,92.00487535630033,19.846324576432593,1.5678122459716395,0.0,104.02500000000224,-51.75,0.0,8,nan,89.44000000000001
CRUISE,-,GOAL_REACHED,0.0,0.0,92.00487535630033,19.846324576432593,1.5678122459716395,0.0,104.02500000000224,-51.75,0.0,8,nan,89.46000000000001
CRUISE,-,GOAL_REACHED,0.0,0.0,92.00487535630033,19.846324576432593,1.5678122459716395,0.0,104.02500000000224,-51.75,0.0,8,nan,89.48
CRUISE,-,GOAL_REACHED,0.0,0.0,92.00487535630033,19.846324576432593,1.5678122459716395,0.0,104.02500000000224,-51.75,0.0,8,nan,89.501
CRUISE,-,GOAL_REACHED,0.0,0.0,92.00487535630033,19.846324576432593,1.5678122459716395,0.0,104.02500000000224,-51.75,0.0,8,nan,89.52000000000001
CRUISE,-,GOAL_REACHED,0.0,0.0,92.00487535630033,19.846324576432593,1.5678122459716395,0.0,104.02500000000224,-51.75,0.0,8,nan,89.54
CRUISE,-,GOAL_REACHED,0.0,0.0,92.00487535630033,19.846324576432593,1.5678122459716395,0.0,104.02500000000224,-51.75,0.0,8,nan,89.56
CRUISE,-,GOAL_REACHED,0.0,0.0,92.00487535630033,19.846324576432593,1.5678122459716395,0.0,104.02500000000224,-51.75,0.0,8,nan,89.58000000000001
CRUISE,-,GOAL_REACHED,0.0,0.0,92.00487535630033,19.846324576432593,1.5678122459716395,0.0,104.02500000000224,-51.75,0.0,8,nan,89.60000000000001
CRUISE,-,GOAL_REACHED,0.0,0.0,92.00487535630033,19.846324576432593,1.5678122459716395,0.0,104.02500000000224,-51.75,0.0,8,nan,89.62100000000001
CRUISE,-,GOAL_REACHED,0.0,0.0,92.00487535630033,19.846324576432593,1.5678122459716395,0.0,104.02500000000224,-51.75,0.0,8,nan,89.64
CRUISE,-,GOAL_REACHED,0.0,0.0,92.00487535630033,19.846324576432593,1.5678122459716395,0.0,104.02500000000224,-51.75,0.0,8,nan,89.66000000000001
CRUISE,-,GOAL_REACHED,0.0,0.0,92.00487535630033,19.846324576432593,1.5678122459716395,0.0,104.02500000000224,-51.75,0.0,8,nan,89.68
CRUISE,-,GOAL_REACHED,0.0,0.0,92.00487535630033,19.846324576432593,1.5678122459716395,0.0,104.02500000000224,-51.75,0.0,8,nan,89.7
CRUISE,-,GOAL_REACHED,0.0,0.0,92.00487535630033,19.846324576432593,1.5678122459716395,0.0,104.02500000000224,-51.75,0.0,8,nan,89.72
CRUISE,-,GOAL_REACHED,0.0,0.0,92.00487535630033,19.846324576432593,1.5678122459716395,0.0,104.02500000000224,-51.75,0.0,8,nan,89.74000000000001
CRUISE,-,GOAL_REACHED,0.0,0.0,92.00487535630033,19.846324576432593,1.5678122459716395,0.0,104.02500000000224,-51.75,0.0,8,nan,89.76
CRUISE,-,GOAL_REACHED,0.0,0.0,92.00487535630033,19.846324576432593,1.5678122459716395,0.0,104.02500000000224,-51.75,0.0,8,nan,89.78
CRUISE,-,GOAL_REACHED,0.0,0.0,92.00487535630033,19.846324576432593,1.5678122459716395,0.0,104.02500000000224,-51.75,0.0,8,nan,89.80000000000001
CRUISE,-,GOAL_REACHED,0.0,0.0,92.00487535630033,19.846324576432593,1.5678122459716395,0.0,104.02500000000224,-51.75,0.0,8,nan,89.82000000000001
CRUISE,-,GOAL_REACHED,0.0,0.0,92.00487535630033,19.846324576432593,1.5678122459716395,0.0,104.02500000000224,-51.75,0.0,8,nan,89.84
CRUISE,-,GOAL_REACHED,0.0,0.0,92.00487535630033,19.846324576432593,1.5678122459716395,0.0,104.02500000000224,-51.75,0.0,8,nan,89.86
CRUISE,-,GOAL_REACHED,0.0,0.0,92.00487535630033,19.846324576432593,1.5678122459716395,0.0,104.02500000000224,-51.75,0.0,8,nan,89.88000000000001
CRUISE,-,GOAL_REACHED,0.0,0.0,92.00487535630033,19.846324576432593,1.5678122459716395,0.0,104.02500000000224,-51.75,0.0,8,nan,89.9
CRUISE,-,GOAL_REACHED,0.0,0.0,92.00487535630033,19.846324576432593,1.5678122459716395,0.0,104.02500000000224,-51.75,0.0,8,nan,89.92
CRUISE,-,GOAL_REACHED,0.0,0.0,92.00487535630033,19.846324576432593,1.5678122459716395,0.0,104.02500000000224,-51.75,0.0,8,nan,89.941
CRUISE,-,GOAL_REACHED,0.0,0.0,92.00487535630033,19.846324576432593,1.5678122459716395,0.0,104.02500000000224,-51.75,0.0,8,nan,89.96000000000001
CRUISE,-,GOAL_REACHED,0.0,0.0,92.00487535630033,19.846324576432593,1.5678122459716395,0.0,104.02500000000224,-51.75,0.0,8,nan,89.98
CRUISE,-,GOAL_REACHED,0.0,0.0,92.00487535630033,19.846324576432593,1.5678122459716395,0.0,104.02500000000224,-51.75,0.0,8,nan,90.0
CRUISE,-,GOAL_REACHED,0.0,0.0,92.00487535630033,19.846324576432593,1.5678122459716395,0.0,104.02500000000224,-51.75,0.0,8,nan,90.02000000000001
CRUISE,-,GOAL_REACHED,0.0,0.0,92.00487535630033,19.846324576432593,1.5678122459716395,0.0,104.02500000000224,-51.75,0.0,8,nan,90.04
CRUISE,-,GOAL_REACHED,0.0,0.0,92.00487535630033,19.846324576432593,1.5678122459716395,0.0,104.02500000000224,-51.75,0.0,8,nan,90.06
CRUISE,-,GOAL_REACHED,0.0,0.0,92.00487535630033,19.846324576432593,1.5678122459716395,0.0,104.02500000000224,-51.75,0.0,8,nan,90.08000000000001
CRUISE,-,GOAL_REACHED,0.0,0.0,92.00487535630033,19.846324576432593,1.5678122459716395,0.0,104.02500000000224,-51.75,0.0,8,nan,90.10000000000001
CRUISE,-,GOAL_REACHED,0.0,0.0,92.00487535630033,19.846324576432593,1.5678122459716395,0.0,104.02500000000224,-51.75,0.0,8,nan,90.12
CRUISE,-,GOAL_REACHED,0.0,0.0,92.00487535630033,19.846324576432593,1.5678122459716395,0.0,104.02500000000224,-51.75,0.0,8,nan,90.14
CRUISE,-,GOAL_REACHED,0.0,0.0,92.00487535630033,19.846324576432593,1.5678122459716395,0.0,104.02500000000224,-51.75,0.0,8,nan,90.16000000000001
CRUISE,-,GOAL_REACHED,0.0,0.0,92.00487535630033,19.846324576432593,1.5678122459716395,0.0,104.02500000000224,-51.75,0.0,8,nan,90.18
CRUISE,-,GOAL_REACHED,0.0,0.0,92.00487535630033,19.846324576432593,1.5678122459716395,0.0,104.02500000000224,-51.75,0.0,8,nan,90.2
CRUISE,-,GOAL_REACHED,0.0,0.0,92.00487535630033,19.846324576432593,1.5678122459716395,0.0,104.02500000000224,-51.75,0.0,8,nan,90.22
CRUISE,-,GOAL_REACHED,0.0,0.0,92.00487535630033,19.846324576432593,1.5678122459716395,0.0,104.02500000000224,-51.75,0.0,8,nan,90.241
CRUISE,-,GOAL_REACHED,0.0,0.0,92.00487535630033,19.846324576432593,1.5678122459716395,0.0,104.02500000000224,-51.75,0.0,8,nan,90.26
CRUISE,-,GOAL_REACHED,0.0,0.0,92.00487535630033,19.846324576432593,1.5678122459716395,0.0,104.02500000000224,-51.75,0.0,8,nan,90.28
CRUISE,-,GOAL_REACHED,0.0,0.0,92.00487535630033,19.846324576432593,1.5678122459716395,0.0,104.02500000000224,-51.75,0.0,8,nan,90.30000000000001
CRUISE,-,GOAL_REACHED,0.0,0.0,92.00487535630033,19.846324576432593,1.5678122459716395,0.0,104.02500000000224,-51.75,0.0,8,nan,90.32000000000001
CRUISE,-,GOAL_REACHED,0.0,0.0,92.00487535630033,19.846324576432593,1.5678122459716395,0.0,104.02500000000224,-51.75,0.0,8,nan,90.34
CRUISE,-,GOAL_REACHED,0.0,0.0,92.00487535630033,19.846324576432593,1.5678122459716395,0.0,104.02500000000224,-51.75,0.0,8,nan,90.36
CRUISE,-,GOAL_REACHED,0.0,0.0,92.00487535630033,19.846324576432593,1.5678122459716395,0.0,104.02500000000224,-51.75,0.0,8,nan,90.38000000000001
CRUISE,-,GOAL_REACHED,0.0,0.0,92.00487535630033,19.846324576432593,1.5678122459716395,0.0,104.02500000000224,-51.75,0.0,8,nan,90.4
CRUISE,-,GOAL_REACHED,0.0,0.0,92.00487535630033,19.846324576432593,1.5678122459716395,0.0,104.02500000000224,-51.75,0.0,8,nan,90.42
CRUISE,-,GOAL_REACHED,0.0,0.0,92.00487535630033,19.846324576432593,1.5678122459716395,0.0,104.02500000000224,-51.75,0.0,8,nan,90.44000000000001
CRUISE,-,GOAL_REACHED,0.0,0.0,92.00487535630033,19.846324576432593,1.5678122459716395,0.0,104.02500000000224,-51.75,0.0,8,nan,90.46000000000001
CRUISE,-,GOAL_REACHED,0.0,0.0,92.00487535630033,19.846324576432593,1.5678122459716395,0.0,104.02500000000224,-51.75,0.0,8,nan,90.48
CRUISE,-,GOAL_REACHED,0.0,0.0,92.00487535630033,19.846324576432593,1.5678122459716395,0.0,104.02500000000224,-51.75,0.0,8,nan,90.5
CRUISE,-,GOAL_REACHED,0.0,0.0,92.00487535630033,19.846324576432593,1.5678122459716395,0.0,104.02500000000224,-51.75,0.0,8,nan,90.52000000000001
CRUISE,-,GOAL_REACHED,0.0,0.0,92.00487535630033,19.846324576432593,1.5678122459716395,0.0,104.02500000000224,-51.75,0.0,8,nan,90.54
CRUISE,-,GOAL_REACHED,0.0,0.0,92.00487535630033,19.846324576432593,1.5678122459716395,0.0,104.02500000000224,-51.75,0.0,8,nan,90.56
CRUISE,-,GOAL_REACHED,0.0,0.0,92.00487535630033,19.846324576432593,1.5678122459716395,0.0,104.02500000000224,-51.75,0.0,8,nan,90.58000000000001
CRUISE,-,GOAL_REACHED,0.0,0.0,92.00487535630033,19.846324576432593,1.5678122459716395,0.0,104.02500000000224,-51.75,0.0,8,nan,90.60000000000001
CRUISE,-,GOAL_REACHED,0.0,0.0,92.00487535630033,19.846324576432593,1.5678122459716395,0.0,104.02500000000224,-51.75,0.0,8,nan,90.62
CRUISE,-,GOAL_REACHED,0.0,0.0,92.00487535630033,19.846324576432593,1.5678122459716395,0.0,104.02500000000224,-51.75,0.0,8,nan,90.64
CRUISE,-,GOAL_REACHED,0.0,0.0,92.00487535630033,19.846324576432593,1.5678122459716395,0.0,104.02500000000224,-51.75,0.0,8,nan,90.66000000000001
CRUISE,-,GOAL_REACHED,0.0,0.0,92.00487535630033,19.846324576432593,1.5678122459716395,0.0,104.02500000000224,-51.75,0.0,8,nan,90.68
CRUISE,-,GOAL_REACHED,0.0,0.0,92.00487535630033,19.846324576432593,1.5678122459716395,0.0,104.02500000000224,-51.75,0.0,8,nan,90.7
CRUISE,-,GOAL_REACHED,0.0,0.0,92.00487535630033,19.846324576432593,1.5678122459716395,0.0,104.02500000000224,-51.75,0.0,8,nan,90.72
CRUISE,-,GOAL_REACHED,0.0,0.0,92.00487535630033,19.846324576432593,1.5678122459716395,0.0,104.02500000000224,-51.75,0.0,8,nan,90.74000000000001
CRUISE,-,GOAL_REACHED,0.0,0.0,92.00487535630033,19.846324576432593,1.5678122459716395,0.0,104.02500000000224,-51.75,0.0,8,nan,90.76
CRUISE,-,GOAL_REACHED,0.0,0.0,92.00487535630033,19.846324576432593,1.5678122459716395,0.0,104.02500000000224,-51.75,0.0,8,nan,90.78
CRUISE,-,GOAL_REACHED,0.0,0.0,92.00487535630033,19.846324576432593,1.5678122459716395,0.0,104.02500000000224,-51.75,0.0,8,nan,90.80000000000001
CRUISE,-,GOAL_REACHED,0.0,0.0,92.00487535630033,19.846324576432593,1.5678122459716395,0.0,104.02500000000224,-51.75,0.0,8,nan,90.82000000000001
CRUISE,-,GOAL_REACHED,0.0,0.0,92.00487535630033,19.846324576432593,1.5678122459716395,0.0,104.02500000000224,-51.75,0.0,8,nan,90.84
CRUISE,-,GOAL_REACHED,0.0,0.0,92.00487535630033,19.846324576432593,1.5678122459716395,0.0,104.02500000000224,-51.75,0.0,8,nan,90.86
CRUISE,-,GOAL_REACHED,0.0,0.0,92.00487535630033,19.846324576432593,1.5678122459716395,0.0,104.02500000000224,-51.75,0.0,8,nan,90.88000000000001
CRUISE,-,GOAL_REACHED,0.0,0.0,92.00487535630033,19.846324576432593,1.5678122459716395,0.0,104.02500000000224,-51.75,0.0,8,nan,90.9
CRUISE,-,GOAL_REACHED,0.0,0.0,92.00487535630033,19.846324576432593,1.5678122459716395,0.0,104.02500000000224,-51.75,0.0,8,nan,90.92
CRUISE,-,GOAL_REACHED,0.0,0.0,92.00487535630033,19.846324576432593,1.5678122459716395,0.0,104.02500000000224,-51.75,0.0,8,nan,90.94000000000001
CRUISE,-,GOAL_REACHED,0.0,0.0,92.00487535630033,19.846324576432593,1.5678122459716395,0.0,104.02500000000224,-51.75,0.0,8,nan,90.96000000000001
CRUISE,-,GOAL_REACHED,0.0,0.0,92.00487535630033,19.846324576432593,1.5678122459716395,0.0,104.02500000000224,-51.75,0.0,8,nan,90.98
CRUISE,-,GOAL_REACHED,0.0,0.0,92.00487535630033,19.846324576432593,1.5678122459716395,0.0,104.02500000000224,-51.75,0.0,8,nan,91.0
CRUISE,-,GOAL_REACHED,0.0,0.0,92.00487535630033,19.846324576432593,1.5678122459716395,0.0,104.02500000000224,-51.75,0.0,8,nan,91.02000000000001
CRUISE,-,GOAL_REACHED,0.0,0.0,92.00487535630033,19.846324576432593,1.5678122459716395,0.0,104.02500000000224,-51.75,0.0,8,nan,91.04
CRUISE,-,GOAL_REACHED,0.0,0.0,92.00487535630033,19.846324576432593,1.5678122459716395,0.0,104.02500000000224,-51.75,0.0,8,nan,91.06
CRUISE,-,GOAL_REACHED,0.0,0.0,92.00487535630033,19.846324576432593,1.5678122459716395,0.0,104.02500000000224,-51.75,0.0,8,nan,91.08000000000001
CRUISE,-,GOAL_REACHED,0.0,0.0,92.00487535630033,19.846324576432593,1.5678122459716395,0.0,104.02500000000224,-51.75,0.0,8,nan,91.10000000000001
CRUISE,-,GOAL_REACHED,0.0,0.0,92.00487535630033,19.846324576432593,1.5678122459716395,0.0,104.02500000000224,-51.75,0.0,8,nan,91.12100000000001
CRUISE,-,GOAL_REACHED,0.0,0.0,92.00487535630033,19.846324576432593,1.5678122459716395,0.0,104.02500000000224,-51.75,0.0,8,nan,91.14
CRUISE,-,GOAL_REACHED,0.0,0.0,92.00487535630033,19.846324576432593,1.5678122459716395,0.0,104.02500000000224,-51.75,0.0,8,nan,91.16000000000001
CRUISE,-,GOAL_REACHED,0.0,0.0,92.00487535630033,19.846324576432593,1.5678122459716395,0.0,104.02500000000224,-51.75,0.0,8,nan,91.18
CRUISE,-,GOAL_REACHED,0.0,0.0,92.00487535630033,19.846324576432593,1.5678122459716395,0.0,104.02500000000224,-51.75,0.0,8,nan,91.2
CRUISE,-,GOAL_REACHED,0.0,0.0,92.00487535630033,19.846324576432593,1.5678122459716395,0.0,104.02500000000224,-51.75,0.0,8,nan,91.22
CRUISE,-,GOAL_REACHED,0.0,0.0,92.00487535630033,19.846324576432593,1.5678122459716395,0.0,104.02500000000224,-51.75,0.0,8,nan,91.24000000000001
CRUISE,-,GOAL_REACHED,0.0,0.0,92.00487535630033,19.846324576432593,1.5678122459716395,0.0,104.02500000000224,-51.75,0.0,8,nan,91.26
CRUISE,-,GOAL_REACHED,0.0,0.0,92.00487535630033,19.846324576432593,1.5678122459716395,0.0,104.02500000000224,-51.75,0.0,8,nan,91.28
CRUISE,-,GOAL_REACHED,0.0,0.0,92.00487535630033,19.846324576432593,1.5678122459716395,0.0,104.02500000000224,-51.75,0.0,8,nan,91.30000000000001
CRUISE,-,GOAL_REACHED,0.0,0.0,92.00487535630033,19.846324576432593,1.5678122459716395,0.0,104.02500000000224,-51.75,0.0,8,nan,91.32000000000001
CRUISE,-,GOAL_REACHED,0.0,0.0,92.00487535630033,19.846324576432593,1.5678122459716395,0.0,104.02500000000224,-51.75,0.0,8,nan,91.34
CRUISE,-,GOAL_REACHED,0.0,0.0,92.00487535630033,19.846324576432593,1.5678122459716395,0.0,104.02500000000224,-51.75,0.0,8,nan,91.36
CRUISE,-,GOAL_REACHED,0.0,0.0,92.00487535630033,19.846324576432593,1.5678122459716395,0.0,104.02500000000224,-51.75,0.0,8,nan,91.38000000000001
CRUISE,-,GOAL_REACHED,0.0,0.0,92.00487535630033,19.846324576432593,1.5678122459716395,0.0,104.02500000000224,-51.75,0.0,8,nan,91.4
CRUISE,-,GOAL_REACHED,0.0,0.0,92.00487535630033,19.846324576432593,1.5678122459716395,0.0,104.02500000000224,-51.75,0.0,8,nan,91.42
CRUISE,-,GOAL_REACHED,0.0,0.0,92.00487535630033,19.846324576432593,1.5678122459716395,0.0,104.02500000000224,-51.75,0.0,8,nan,91.44000000000001
CRUISE,-,GOAL_REACHED,0.0,0.0,92.00487535630033,19.846324576432593,1.5678122459716395,0.0,104.02500000000224,-51.75,0.0,8,nan,91.46000000000001
CRUISE,-,GOAL_REACHED,0.0,0.0,92.00487535630033,19.846324576432593,1.5678122459716395,0.0,104.02500000000224,-51.75,0.0,8,nan,91.48
CRUISE,-,GOAL_REACHED,0.0,0.0,92.00487535630033,19.846324576432593,1.5678122459716395,0.0,104.02500000000224,-51.75,0.0,8,nan,91.5
CRUISE,-,GOAL_REACHED,0.0,0.0,92.00487535630033,19.846324576432593,1.5678122459716395,0.0,104.02500000000224,-51.75,0.0,8,nan,91.52000000000001
CRUISE,-,GOAL_REACHED,0.0,0.0,92.00487535630033,19.846324576432593,1.5678122459716395,0.0,104.02500000000224,-51.75,0.0,8,nan,91.54
CRUISE,-,GOAL_REACHED,0.0,0.0,92.00487535630033,19.846324576432593,1.5678122459716395,0.0,104.02500000000224,-51.75,0.0,8,nan,91.56
CRUISE,-,GOAL_REACHED,0.0,0.0,92.00487535630033,19.846324576432593,1.5678122459716395,0.0,104.02500000000224,-51.75,0.0,8,nan,91.58000000000001
CRUISE,-,GOAL_REACHED,0.0,0.0,92.00487535630033,19.846324576432593,1.5678122459716395,0.0,104.02500000000224,-51.75,0.0,8,nan,91.60000000000001
CRUISE,-,GOAL_REACHED,0.0,0.0,92.00487535630033,19.846324576432593,1.5678122459716395,0.0,104.02500000000224,-51.75,0.0,8,nan,91.62
CRUISE,-,GOAL_REACHED,0.0,0.0,92.00487535630033,19.846324576432593,1.5678122459716395,0.0,104.02500000000224,-51.75,0.0,8,nan,91.64
CRUISE,-,GOAL_REACHED,0.0,0.0,92.00487535630033,19.846324576432593,1.5678122459716395,0.0,104.02500000000224,-51.75,0.0,8,nan,91.66000000000001
CRUISE,-,GOAL_REACHED,0.0,0.0,92.00487535630033,19.846324576432593,1.5678122459716395,0.0,104.02500000000224,-51.75,0.0,8,nan,91.68
CRUISE,-,GOAL_REACHED,0.0,0.0,92.00487535630033,19.846324576432593,1.5678122459716395,0.0,104.02500000000224,-51.75,0.0,8,nan,91.7
CRUISE,-,GOAL_REACHED,0.0,0.0,92.00487535630033,19.846324576432593,1.5678122459716395,0.0,104.02500000000224,-51.75,0.0,8,nan,91.72
CRUISE,-,GOAL_REACHED,0.0,0.0,92.00487535630033,19.846324576432593,1.5678122459716395,0.0,104.02500000000224,-51.75,0.0,8,nan,91.74000000000001
CRUISE,-,GOAL_REACHED,0.0,0.0,92.00487535630033,19.846324576432593,1.5678122459716395,0.0,104.02500000000224,-51.75,0.0,8,nan,91.76100000000001
CRUISE,-,GOAL_REACHED,0.0,0.0,92.00487535630033,19.846324576432593,1.5678122459716395,0.0,104.02500000000224,-51.75,0.0,8,nan,91.78
CRUISE,-,GOAL_REACHED,0.0,0.0,92.00487535630033,19.846324576432593,1.5678122459716395,0.0,104.02500000000224,-51.75,0.0,8,nan,91.80000000000001
CRUISE,-,GOAL_REACHED,0.0,0.0,92.00487535630033,19.846324576432593,1.5678122459716395,0.0,104.02500000000224,-51.75,0.0,8,nan,91.82000000000001
CRUISE,-,GOAL_REACHED,0.0,0.0,92.00487535630033,19.846324576432593,1.5678122459716395,0.0,104.02500000000224,-51.75,0.0,8,nan,91.84
CRUISE,-,GOAL_REACHED,0.0,0.0,92.00487535630033,19.846324576432593,1.5678122459716395,0.0,104.02500000000224,-51.75,0.0,8,nan,91.86
CRUISE,-,GOAL_REACHED,0.0,0.0,92.00487535630033,19.846324576432593,1.5678122459716395,0.0,104.02500000000224,-51.75,0.0,8,nan,91.88000000000001
CRUISE,-,GOAL_REACHED,0.0,0.0,92.00487535630033,19.846324576432593,1.5678122459716395,0.0,104.02500000000224,-51.75,0.0,8,nan,91.9
CRUISE,-,GOAL_REACHED,0.0,0.0,92.00487535630033,19.846324576432593,1.5678122459716395,0.0,104.02500000000224,-51.75,0.0,8,nan,91.92
CRUISE,-,GOAL_REACHED,0.0,0.0,92.00487535630033,19.846324576432593,1.5678122459716395,0.0,104.02500000000224,-51.75,0.0,8,nan,91.94000000000001
CRUISE,-,GOAL_REACHED,0.0,0.0,92.00487535630033,19.846324576432593,1.5678122459716395,0.0,104.02500000000224,-51.75,0.0,8,nan,91.96000000000001
CRUISE,-,GOAL_REACHED,0.0,0.0,92.00487535630033,19.846324576432593,1.5678122459716395,0.0,104.02500000000224,-51.75,0.0,8,nan,91.98
CRUISE,-,GOAL_REACHED,0.0,0.0,92.00487535630033,19.846324576432593,1.5678122459716395,0.0,104.02500000000224,-51.75,0.0,8,nan,92.0
CRUISE,-,GOAL_REACHED,0.0,0.0,92.00487535630033,19.846324576432593,1.5678122459716395,0.0,104.02500000000224,-51.75,0.0,8,nan,92.02000000000001
CRUISE,-,GOAL_REACHED,0.0,0.0,92.00487535630033,19.846324576432593,1.5678122459716395,0.0,104.02500000000224,-51.75,0.0,8,nan,92.04
CRUISE,-,GOAL_REACHED,0.0,0.0,92.00487535630033,19.846324576432593,1.5678122459716395,0.0,104.02500000000224,-51.75,0.0,8,nan,92.06
CRUISE,-,GOAL_REACHED,0.0,0.0,92.00487535630033,19.846324576432593,1.5678122459716395,0.0,104.02500000000224,-51.75,0.0,8,nan,92.081
CRUISE,-,GOAL_REACHED,0.0,0.0,92.00487535630033,19.846324576432593,1.5678122459716395,0.0,104.02500000000224,-51.75,0.0,8,nan,92.10000000000001
CRUISE,-,GOAL_REACHED,0.0,0.0,92.00487535630033,19.846324576432593,1.5678122459716395,0.0,104.02500000000224,-51.75,0.0,8,nan,92.12
CRUISE,-,GOAL_REACHED,0.0,0.0,92.00487535630033,19.846324576432593,1.5678122459716395,0.0,104.02500000000224,-51.75,0.0,8,nan,92.14
CRUISE,-,GOAL_REACHED,0.0,0.0,92.00487535630033,19.846324576432593,1.5678122459716395,0.0,104.02500000000224,-51.75,0.0,8,nan,92.16000000000001
CRUISE,-,GOAL_REACHED,0.0,0.0,92.00487535630033,19.846324576432593,1.5678122459716395,0.0,104.02500000000224,-51.75,0.0,8,nan,92.18
CRUISE,-,GOAL_REACHED,0.0,0.0,92.00487535630033,19.846324576432593,1.5678122459716395,0.0,104.02500000000224,-51.75,0.0,8,nan,92.2
CRUISE,-,GOAL_REACHED,0.0,0.0,92.00487535630033,19.846324576432593,1.5678122459716395,0.0,104.02500000000224,-51.75,0.0,8,nan,92.22
CRUISE,-,GOAL_REACHED,0.0,0.0,92.00487535630033,19.846324576432593,1.5678122459716395,0.0,104.02500000000224,-51.75,0.0,8,nan,92.24000000000001
CRUISE,-,GOAL_REACHED,0.0,0.0,92.00487535630033,19.846324576432593,1.5678122459716395,0.0,104.02500000000224,-51.75,0.0,8,nan,92.26
CRUISE,-,GOAL_REACHED,0.0,0.0,92.00487535630033,19.846324576432593,1.5678122459716395,0.0,104.02500000000224,-51.75,0.0,8,nan,92.28
CRUISE,-,GOAL_REACHED,0.0,0.0,92.00487535630033,19.846324576432593,1.5678122459716395,0.0,104.02500000000224,-51.75,0.0,8,nan,92.30000000000001
CRUISE,-,GOAL_REACHED,0.0,0.0,92.00487535630033,19.846324576432593,1.5678122459716395,0.0,104.02500000000224,-51.75,0.0,8,nan,92.32000000000001
CRUISE,-,GOAL_REACHED,0.0,0.0,92.00487535630033,19.846324576432593,1.5678122459716395,0.0,104.02500000000224,-51.75,0.0,8,nan,92.34
CRUISE,-,GOAL_REACHED,0.0,0.0,92.00487535630033,19.846324576432593,1.5678122459716395,0.0,104.02500000000224,-51.75,0.0,8,nan,92.36
CRUISE,-,GOAL_REACHED,0.0,0.0,92.00487535630033,19.846324576432593,1.5678122459716395,0.0,104.02500000000224,-51.75,0.0,8,nan,92.38000000000001
CRUISE,-,GOAL_REACHED,0.0,0.0,92.00487535630033,19.846324576432593,1.5678122459716395,0.0,104.02500000000224,-51.75,0.0,8,nan,92.4
CRUISE,-,GOAL_REACHED,0.0,0.0,92.00487535630033,19.846324576432593,1.5678122459716395,0.0,104.02500000000224,-51.75,0.0,8,nan,92.42
CRUISE,-,GOAL_REACHED,0.0,0.0,92.00487535630033,19.846324576432593,1.5678122459716395,0.0,104.02500000000224,-51.75,0.0,8,nan,92.44000000000001
CRUISE,-,GOAL_REACHED,0.0,0.0,92.00487535630033,19.846324576432593,1.5678122459716395,0.0,104.02500000000224,-51.75,0.0,8,nan,92.46000000000001
CRUISE,-,GOAL_REACHED,0.0,0.0,92.00487535630033,19.846324576432593,1.5678122459716395,0.0,104.02500000000224,-51.75,0.0,8,nan,92.48
CRUISE,-,GOAL_REACHED,0.0,0.0,92.00487535630033,19.846324576432593,1.5678122459716395,0.0,104.02500000000224,-51.75,0.0,8,nan,92.5
CRUISE,-,GOAL_REACHED,0.0,0.0,92.00487535630033,19.846324576432593,1.5678122459716395,0.0,104.02500000000224,-51.75,0.0,8,nan,92.52000000000001
CRUISE,-,GOAL_REACHED,0.0,0.0,92.00487535630033,19.846324576432593,1.5678122459716395,0.0,104.02500000000224,-51.75,0.0,8,nan,92.54
CRUISE,-,GOAL_REACHED,0.0,0.0,92.00487535630033,19.846324576432593,1.5678122459716395,0.0,104.02500000000224,-51.75,0.0,8,nan,92.56
CRUISE,-,GOAL_REACHED,0.0,0.0,92.00487535630033,19.846324576432593,1.5678122459716395,0.0,104.02500000000224,-51.75,0.0,8,nan,92.58000000000001
CRUISE,-,GOAL_REACHED,0.0,0.0,92.00487535630033,19.846324576432593,1.5678122459716395,0.0,104.02500000000224,-51.75,0.0,8,nan,92.60000000000001
CRUISE,-,GOAL_REACHED,0.0,0.0,92.00487535630033,19.846324576432593,1.5678122459716395,0.0,104.02500000000224,-51.75,0.0,8,nan,92.62
CRUISE,-,GOAL_REACHED,0.0,0.0,92.00487535630033,19.846324576432593,1.5678122459716395,0.0,104.02500000000224,-51.75,0.0,8,nan,92.64
CRUISE,-,GOAL_REACHED,0.0,0.0,92.00487535630033,19.846324576432593,1.5678122459716395,0.0,104.02500000000224,-51.75,0.0,8,nan,92.66000000000001
CRUISE,-,GOAL_REACHED,0.0,0.0,92.00487535630033,19.846324576432593,1.5678122459716395,0.0,104.02500000000224,-51.75,0.0,8,nan,92.68
CRUISE,-,GOAL_REACHED,0.0,0.0,92.00487535630033,19.846324576432593,1.5678122459716395,0.0,104.02500000000224,-51.75,0.0,8,nan,92.7
CRUISE,-,GOAL_REACHED,0.0,0.0,92.00487535630033,19.846324576432593,1.5678122459716395,0.0,104.02500000000224,-51.75,0.0,8,nan,92.72
CRUISE,-,GOAL_REACHED,0.0,0.0,92.00487535630033,19.846324576432593,1.5678122459716395,0.0,104.02500000000224,-51.75,0.0,8,nan,92.74000000000001
CRUISE,-,GOAL_REACHED,0.0,0.0,92.00487535630033,19.846324576432593,1.5678122459716395,0.0,104.02500000000224,-51.75,0.0,8,nan,92.76
CRUISE,-,GOAL_REACHED,0.0,0.0,92.00487535630033,19.846324576432593,1.5678122459716395,0.0,104.02500000000224,-51.75,0.0,8,nan,92.78
CRUISE,-,GOAL_REACHED,0.0,0.0,92.00487535630033,19.846324576432593,1.5678122459716395,0.0,104.02500000000224,-51.75,0.0,8,nan,92.801
CRUISE,-,GOAL_REACHED,0.0,0.0,92.00487535630033,19.846324576432593,1.5678122459716395,0.0,104.02500000000224,-51.75,0.0,8,nan,92.82000000000001
CRUISE,-,GOAL_REACHED,0.0,0.0,92.00487535630033,19.846324576432593,1.5678122459716395,0.0,104.02500000000224,-51.75,0.0,8,nan,92.84
CRUISE,-,GOAL_REACHED,0.0,0.0,92.00487535630033,19.846324576432593,1.5678122459716395,0.0,104.02500000000224,-51.75,0.0,8,nan,92.86
CRUISE,-,GOAL_REACHED,0.0,0.0,92.00487535630033,19.846324576432593,1.5678122459716395,0.0,104.02500000000224,-51.75,0.0,8,nan,92.88000000000001
CRUISE,-,GOAL_REACHED,0.0,0.0,92.00487535630033,19.846324576432593,1.5678122459716395,0.0,104.02500000000224,-51.75,0.0,8,nan,92.9
CRUISE,-,GOAL_REACHED,0.0,0.0,92.00487535630033,19.846324576432593,1.5678122459716395,0.0,104.02500000000224,-51.75,0.0,8,nan,92.92
CRUISE,-,GOAL_REACHED,0.0,0.0,92.00487535630033,19.846324576432593,1.5678122459716395,0.0,104.02500000000224,-51.75,0.0,8,nan,92.94000000000001
CRUISE,-,GOAL_REACHED,0.0,0.0,92.00487535630033,19.846324576432593,1.5678122459716395,0.0,104.02500000000224,-51.75,0.0,8,nan,92.96000000000001
CRUISE,-,GOAL_REACHED,0.0,0.0,92.00487535630033,19.846324576432593,1.5678122459716395,0.0,104.02500000000224,-51.75,0.0,8,nan,92.98
CRUISE,-,GOAL_REACHED,0.0,0.0,92.00487535630033,19.846324576432593,1.5678122459716395,0.0,104.02500000000224,-51.75,0.0,8,nan,93.0
CRUISE,-,GOAL_REACHED,0.0,0.0,92.00487535630033,19.846324576432593,1.5678122459716395,0.0,104.02500000000224,-51.75,0.0,8,nan,93.02000000000001
CRUISE,-,GOAL_REACHED,0.0,0.0,92.00487535630033,19.846324576432593,1.5678122459716395,0.0,104.02500000000224,-51.75,0.0,8,nan,93.04
CRUISE,-,GOAL_REACHED,0.0,0.0,92.00487535630033,19.846324576432593,1.5678122459716395,0.0,104.02500000000224,-51.75,0.0,8,nan,93.06
CRUISE,-,GOAL_REACHED,0.0,0.0,92.00487535630033,19.846324576432593,1.5678122459716395,0.0,104.02500000000224,-51.75,0.0,8,nan,93.08000000000001
CRUISE,-,GOAL_REACHED,0.0,0.0,92.00487535630033,19.846324576432593,1.5678122459716395,0.0,104.02500000000224,-51.75,0.0,8,nan,93.101
CRUISE,-,GOAL_REACHED,0.0,0.0,92.00487535630033,19.846324576432593,1.5678122459716395,0.0,104.02500000000224,-51.75,0.0,8,nan,93.12
CRUISE,-,GOAL_REACHED,0.0,0.0,92.00487535630033,19.846324576432593,1.5678122459716395,0.0,104.02500000000224,-51.75,0.0,8,nan,93.14
CRUISE,-,GOAL_REACHED,0.0,0.0,92.00487535630033,19.846324576432593,1.5678122459716395,0.0,104.02500000000224,-51.75,0.0,8,nan,93.16000000000001
CRUISE,-,GOAL_REACHED,0.0,0.0,92.00487535630033,19.846324576432593,1.5678122459716395,0.0,104.02500000000224,-51.75,0.0,8,nan,93.18100000000001
CRUISE,-,GOAL_REACHED,0.0,0.0,92.00487535630033,19.846324576432593,1.5678122459716395,0.0,104.02500000000224,-51.75,0.0,8,nan,93.2
CRUISE,-,GOAL_REACHED,0.0,0.0,92.00487535630033,19.846324576432593,1.5678122459716395,0.0,104.02500000000224,-51.75,0.0,8,nan,93.22
CRUISE,-,GOAL_REACHED,0.0,0.0,92.00487535630033,19.846324576432593,1.5678122459716395,0.0,104.02500000000224,-51.75,0.0,8,nan,93.24000000000001
CRUISE,-,GOAL_REACHED,0.0,0.0,92.00487535630033,19.846324576432593,1.5678122459716395,0.0,104.02500000000224,-51.75,0.0,8,nan,93.26
CRUISE,-,GOAL_REACHED,0.0,0.0,92.00487535630033,19.846324576432593,1.5678122459716395,0.0,104.02500000000224,-51.75,0.0,8,nan,93.28
CRUISE,-,GOAL_REACHED,0.0,0.0,92.00487535630033,19.846324576432593,1.5678122459716395,0.0,104.02500000000224,-51.75,0.0,8,nan,93.30000000000001
CRUISE,-,GOAL_REACHED,0.0,0.0,92.00487535630033,19.846324576432593,1.5678122459716395,0.0,104.02500000000224,-51.75,0.0,8,nan,93.32100000000001
CRUISE,-,GOAL_REACHED,0.0,0.0,92.00487535630033,19.846324576432593,1.5678122459716395,0.0,104.02500000000224,-51.75,0.0,8,nan,93.34
CRUISE,-,GOAL_REACHED,0.0,0.0,92.00487535630033,19.846324576432593,1.5678122459716395,0.0,104.02500000000224,-51.75,0.0,8,nan,93.36
CRUISE,-,GOAL_REACHED,0.0,0.0,92.00487535630033,19.846324576432593,1.5678122459716395,0.0,104.02500000000224,-51.75,0.0,8,nan,93.38000000000001
CRUISE,-,GOAL_REACHED,0.0,0.0,92.00487535630033,19.846324576432593,1.5678122459716395,0.0,104.02500000000224,-51.75,0.0,8,nan,93.4
CRUISE,-,GOAL_REACHED,0.0,0.0,92.00487535630033,19.846324576432593,1.5678122459716395,0.0,104.02500000000224,-51.75,0.0,8,nan,93.42
CRUISE,-,GOAL_REACHED,0.0,0.0,92.00487535630033,19.846324576432593,1.5678122459716395,0.0,104.02500000000224,-51.75,0.0,8,nan,93.44000000000001
CRUISE,-,GOAL_REACHED,0.0,0.0,92.00487535630033,19.846324576432593,1.5678122459716395,0.0,104.02500000000224,-51.75,0.0,8,nan,93.46000000000001
CRUISE,-,GOAL_REACHED,0.0,0.0,92.00487535630033,19.846324576432593,1.5678122459716395,0.0,104.02500000000224,-51.75,0.0,8,nan,93.48
CRUISE,-,GOAL_REACHED,0.0,0.0,92.00487535630033,19.846324576432593,1.5678122459716395,0.0,104.02500000000224,-51.75,0.0,8,nan,93.5
CRUISE,-,GOAL_REACHED,0.0,0.0,92.00487535630033,19.846324576432593,1.5678122459716395,0.0,104.02500000000224,-51.75,0.0,8,nan,93.52000000000001
CRUISE,-,GOAL_REACHED,0.0,0.0,92.00487535630033,19.846324576432593,1.5678122459716395,0.0,104.02500000000224,-51.75,0.0,8,nan,93.54
CRUISE,-,GOAL_REACHED,0.0,0.0,92.00487535630033,19.846324576432593,1.5678122459716395,0.0,104.02500000000224,-51.75,0.0,8,nan,93.56
CRUISE,-,GOAL_REACHED,0.0,0.0,92.00487535630033,19.846324576432593,1.5678122459716395,0.0,104.02500000000224,-51.75,0.0,8,nan,93.58000000000001
CRUISE,-,GOAL_REACHED,0.0,0.0,92.00487535630033,19.846324576432593,1.5678122459716395,0.0,104.02500000000224,-51.75,0.0,8,nan,93.60000000000001
CRUISE,-,GOAL_REACHED,0.0,0.0,92.00487535630033,19.846324576432593,1.5678122459716395,0.0,104.02500000000224,-51.75,0.0,8,nan,93.62
CRUISE,-,GOAL_REACHED,0.0,0.0,92.00487535630033,19.846324576432593,1.5678122459716395,0.0,104.02500000000224,-51.75,0.0,8,nan,93.64
CRUISE,-,GOAL_REACHED,0.0,0.0,92.00487535630033,19.846324576432593,1.5678122459716395,0.0,104.02500000000224,-51.75,0.0,8,nan,93.66000000000001
CRUISE,-,GOAL_REACHED,0.0,0.0,92.00487535630033,19.846324576432593,1.5678122459716395,0.0,104.02500000000224,-51.75,0.0,8,nan,93.68
CRUISE,-,GOAL_REACHED,0.0,0.0,92.00487535630033,19.846324576432593,1.5678122459716395,0.0,104.02500000000224,-51.75,0.0,8,nan,93.7
CRUISE,-,GOAL_REACHED,0.0,0.0,92.00487535630033,19.846324576432593,1.5678122459716395,0.0,104.02500000000224,-51.75,0.0,8,nan,93.72
CRUISE,-,GOAL_REACHED,0.0,0.0,92.00487535630033,19.846324576432593,1.5678122459716395,0.0,104.02500000000224,-51.75,0.0,8,nan,93.74000000000001
CRUISE,-,GOAL_REACHED,0.0,0.0,92.00487535630033,19.846324576432593,1.5678122459716395,0.0,104.02500000000224,-51.75,0.0,8,nan,93.76
CRUISE,-,GOAL_REACHED,0.0,0.0,92.00487535630033,19.846324576432593,1.5678122459716395,0.0,104.02500000000224,-51.75,0.0,8,nan,93.78
CRUISE,-,GOAL_REACHED,0.0,0.0,92.00487535630033,19.846324576432593,1.5678122459716395,0.0,104.02500000000224,-51.75,0.0,8,nan,93.80000000000001
CRUISE,-,GOAL_REACHED,0.0,0.0,92.00487535630033,19.846324576432593,1.5678122459716395,0.0,104.02500000000224,-51.75,0.0,8,nan,93.82000000000001
CRUISE,-,GOAL_REACHED,0.0,0.0,92.00487535630033,19.846324576432593,1.5678122459716395,0.0,104.02500000000224,-51.75,0.0,8,nan,93.84100000000001
CRUISE,-,GOAL_REACHED,0.0,0.0,92.00487535630033,19.846324576432593,1.5678122459716395,0.0,104.02500000000224,-51.75,0.0,8,nan,93.86
CRUISE,-,GOAL_REACHED,0.0,0.0,92.00487535630033,19.846324576432593,1.5678122459716395,0.0,104.02500000000224,-51.75,0.0,8,nan,93.881
CRUISE,-,GOAL_REACHED,0.0,0.0,92.00487535630033,19.846324576432593,1.5678122459716395,0.0,104.02500000000224,-51.75,0.0,8,nan,93.9
CRUISE,-,GOAL_REACHED,0.0,0.0,92.00487535630033,19.846324576432593,1.5678122459716395,0.0,104.02500000000224,-51.75,0.0,8,nan,93.92
CRUISE,-,GOAL_REACHED,0.0,0.0,92.00487535630033,19.846324576432593,1.5678122459716395,0.0,104.02500000000224,-51.75,0.0,8,nan,93.94000000000001
CRUISE,-,GOAL_REACHED,0.0,0.0,92.00487535630033,19.846324576432593,1.5678122459716395,0.0,104.02500000000224,-51.75,0.0,8,nan,93.96000000000001
CRUISE,-,GOAL_REACHED,0.0,0.0,92.00487535630033,19.846324576432593,1.5678122459716395,0.0,104.02500000000224,-51.75,0.0,8,nan,93.98
CRUISE,-,GOAL_REACHED,0.0,0.0,92.00487535630033,19.846324576432593,1.5678122459716395,0.0,104.02500000000224,-51.75,0.0,8,nan,94.001
CRUISE,-,GOAL_REACHED,0.0,0.0,92.00487535630033,19.846324576432593,1.5678122459716395,0.0,104.02500000000224,-51.75,0.0,8,nan,94.021
CRUISE,-,GOAL_REACHED,0.0,0.0,92.00487535630033,19.846324576432593,1.5678122459716395,0.0,104.02500000000224,-51.75,0.0,8,nan,94.04
CRUISE,-,GOAL_REACHED,0.0,0.0,92.00487535630033,19.846324576432593,1.5678122459716395,0.0,104.02500000000224,-51.75,0.0,8,nan,94.06
CRUISE,-,GOAL_REACHED,0.0,0.0,92.00487535630033,19.846324576432593,1.5678122459716395,0.0,104.02500000000224,-51.75,0.0,8,nan,94.08000000000001
CRUISE,-,GOAL_REACHED,0.0,0.0,92.00487535630033,19.846324576432593,1.5678122459716395,0.0,104.02500000000224,-51.75,0.0,8,nan,94.10000000000001
CRUISE,-,GOAL_REACHED,0.0,0.0,92.00487535630033,19.846324576432593,1.5678122459716395,0.0,104.02500000000224,-51.75,0.0,8,nan,94.12
CRUISE,-,GOAL_REACHED,0.0,0.0,92.00487535630033,19.846324576432593,1.5678122459716395,0.0,104.02500000000224,-51.75,0.0,8,nan,94.14
CRUISE,-,GOAL_REACHED,0.0,0.0,92.00487535630033,19.846324576432593,1.5678122459716395,0.0,104.02500000000224,-51.75,0.0,8,nan,94.16000000000001
CRUISE,-,GOAL_REACHED,0.0,0.0,92.00487535630033,19.846324576432593,1.5678122459716395,0.0,104.02500000000224,-51.75,0.0,8,nan,94.18
CRUISE,-,GOAL_REACHED,0.0,0.0,92.00487535630033,19.846324576432593,1.5678122459716395,0.0,104.02500000000224,-51.75,0.0,8,nan,94.2
CRUISE,-,GOAL_REACHED,0.0,0.0,92.00487535630033,19.846324576432593,1.5678122459716395,0.0,104.02500000000224,-51.75,0.0,8,nan,94.22
CRUISE,-,GOAL_REACHED,0.0,0.0,92.00487535630033,19.846324576432593,1.5678122459716395,0.0,104.02500000000224,-51.75,0.0,8,nan,94.24000000000001
CRUISE,-,GOAL_REACHED,0.0,0.0,92.00487535630033,19.846324576432593,1.5678122459716395,0.0,104.02500000000224,-51.75,0.0,8,nan,94.26
CRUISE,-,GOAL_REACHED,0.0,0.0,92.00487535630033,19.846324576432593,1.5678122459716395,0.0,104.02500000000224,-51.75,0.0,8,nan,94.28
CRUISE,-,GOAL_REACHED,0.0,0.0,92.00487535630033,19.846324576432593,1.5678122459716395,0.0,104.02500000000224,-51.75,0.0,8,nan,94.30000000000001
CRUISE,-,GOAL_REACHED,0.0,0.0,92.00487535630033,19.846324576432593,1.5678122459716395,0.0,104.02500000000224,-51.75,0.0,8,nan,94.32000000000001
CRUISE,-,GOAL_REACHED,0.0,0.0,92.00487535630033,19.846324576432593,1.5678122459716395,0.0,104.02500000000224,-51.75,0.0,8,nan,94.34
CRUISE,-,GOAL_REACHED,0.0,0.0,92.00487535630033,19.846324576432593,1.5678122459716395,0.0,104.02500000000224,-51.75,0.0,8,nan,94.36
CRUISE,-,GOAL_REACHED,0.0,0.0,92.00487535630033,19.846324576432593,1.5678122459716395,0.0,104.02500000000224,-51.75,0.0,8,nan,94.38000000000001
CRUISE,-,GOAL_REACHED,0.0,0.0,92.00487535630033,19.846324576432593,1.5678122459716395,0.0,104.02500000000224,-51.75,0.0,8,nan,94.4
CRUISE,-,GOAL_REACHED,0.0,0.0,92.00487535630033,19.846324576432593,1.5678122459716395,0.0,104.02500000000224,-51.75,0.0,8,nan,94.42
CRUISE,-,GOAL_REACHED,0.0,0.0,92.00487535630033,19.846324576432593,1.5678122459716395,0.0,104.02500000000224,-51.75,0.0,8,nan,94.44000000000001
CRUISE,-,GOAL_REACHED,0.0,0.0,92.00487535630033,19.846324576432593,1.5678122459716395,0.0,104.02500000000224,-51.75,0.0,8,nan,94.46000000000001
CRUISE,-,GOAL_REACHED,0.0,0.0,92.00487535630033,19.846324576432593,1.5678122459716395,0.0,104.02500000000224,-51.75,0.0,8,nan,94.48
CRUISE,-,GOAL_REACHED,0.0,0.0,92.00487535630033,19.846324576432593,1.5678122459716395,0.0,104.02500000000224,-51.75,0.0,8,nan,94.5
CRUISE,-,GOAL_REACHED,0.0,0.0,92.00487535630033,19.846324576432593,1.5678122459716395,0.0,104.02500000000224,-51.75,0.0,8,nan,94.52000000000001
CRUISE,-,GOAL_REACHED,0.0,0.0,92.00487535630033,19.846324576432593,1.5678122459716395,0.0,104.02500000000224,-51.75,0.0,8,nan,94.54
CRUISE,-,GOAL_REACHED,0.0,0.0,92.00487535630033,19.846324576432593,1.5678122459716395,0.0,104.02500000000224,-51.75,0.0,8,nan,94.561
CRUISE,-,GOAL_REACHED,0.0,0.0,92.00487535630033,19.846324576432593,1.5678122459716395,0.0,104.02500000000224,-51.75,0.0,8,nan,94.58000000000001
CRUISE,-,GOAL_REACHED,0.0,0.0,92.00487535630033,19.846324576432593,1.5678122459716395,0.0,104.02500000000224,-51.75,0.0,8,nan,94.60000000000001
CRUISE,-,GOAL_REACHED,0.0,0.0,92.00487535630033,19.846324576432593,1.5678122459716395,0.0,104.02500000000224,-51.75,0.0,8,nan,94.62
CRUISE,-,GOAL_REACHED,0.0,0.0,92.00487535630033,19.846324576432593,1.5678122459716395,0.0,104.02500000000224,-51.75,0.0,8,nan,94.64
CRUISE,-,GOAL_REACHED,0.0,0.0,92.00487535630033,19.846324576432593,1.5678122459716395,0.0,104.02500000000224,-51.75,0.0,8,nan,94.66000000000001
CRUISE,-,GOAL_REACHED,0.0,0.0,92.00487535630033,19.846324576432593,1.5678122459716395,0.0,104.02500000000224,-51.75,0.0,8,nan,94.68100000000001
CRUISE,-,GOAL_REACHED,0.0,0.0,92.00487535630033,19.846324576432593,1.5678122459716395,0.0,104.02500000000224,-51.75,0.0,8,nan,94.7
CRUISE,-,GOAL_REACHED,0.0,0.0,92.00487535630033,19.846324576432593,1.5678122459716395,0.0,104.02500000000224,-51.75,0.0,8,nan,94.721
CRUISE,-,GOAL_REACHED,0.0,0.0,92.00487535630033,19.846324576432593,1.5678122459716395,0.0,104.02500000000224,-51.75,0.0,8,nan,94.74000000000001
CRUISE,-,GOAL_REACHED,0.0,0.0,92.00487535630033,19.846324576432593,1.5678122459716395,0.0,104.02500000000224,-51.75,0.0,8,nan,94.76
CRUISE,-,GOAL_REACHED,0.0,0.0,92.00487535630033,19.846324576432593,1.5678122459716395,0.0,104.02500000000224,-51.75,0.0,8,nan,94.78
CRUISE,-,GOAL_REACHED,0.0,0.0,92.00487535630033,19.846324576432593,1.5678122459716395,0.0,104.02500000000224,-51.75,0.0,8,nan,94.80000000000001
CRUISE,-,GOAL_REACHED,0.0,0.0,92.00487535630033,19.846324576432593,1.5678122459716395,0.0,104.02500000000224,-51.75,0.0,8,nan,94.82000000000001
CRUISE,-,GOAL_REACHED,0.0,0.0,92.00487535630033,19.846324576432593,1.5678122459716395,0.0,104.02500000000224,-51.75,0.0,8,nan,94.84
CRUISE,-,GOAL_REACHED,0.0,0.0,92.00487535630033,19.846324576432593,1.5678122459716395,0.0,104.02500000000224,-51.75,0.0,8,nan,94.86
CRUISE,-,GOAL_REACHED,0.0,0.0,92.00487535630033,19.846324576432593,1.5678122459716395,0.0,104.02500000000224,-51.75,0.0,8,nan,94.88000000000001
CRUISE,-,GOAL_REACHED,0.0,0.0,92.00487535630033,19.846324576432593,1.5678122459716395,0.0,104.02500000000224,-51.75,0.0,8,nan,94.9
CRUISE,-,GOAL_REACHED,0.0,0.0,92.00487535630033,19.846324576432593,1.5678122459716395,0.0,104.02500000000224,-51.75,0.0,8,nan,94.92
CRUISE,-,GOAL_REACHED,0.0,0.0,92.00487535630033,19.846324576432593,1.5678122459716395,0.0,104.02500000000224,-51.75,0.0,8,nan,94.94000000000001
CRUISE,-,GOAL_REACHED,0.0,0.0,92.00487535630033,19.846324576432593,1.5678122459716395,0.0,104.02500000000224,-51.75,0.0,8,nan,94.96000000000001
CRUISE,-,GOAL_REACHED,0.0,0.0,92.00487535630033,19.846324576432593,1.5678122459716395,0.0,104.02500000000224,-51.75,0.0,8,nan,94.98
CRUISE,-,GOAL_REACHED,0.0,0.0,92.00487535630033,19.846324576432593,1.5678122459716395,0.0,104.02500000000224,-51.75,0.0,8,nan,95.0
CRUISE,-,GOAL_REACHED,0.0,0.0,92.00487535630033,19.846324576432593,1.5678122459716395,0.0,104.02500000000224,-51.75,0.0,8,nan,95.02000000000001
CRUISE,-,GOAL_REACHED,0.0,0.0,92.00487535630033,19.846324576432593,1.5678122459716395,0.0,104.02500000000224,-51.75,0.0,8,nan,95.04
CRUISE,-,GOAL_REACHED,0.0,0.0,92.00487535630033,19.846324576432593,1.5678122459716395,0.0,104.02500000000224,-51.75,0.0,8,nan,95.06
CRUISE,-,GOAL_REACHED,0.0,0.0,92.00487535630033,19.846324576432593,1.5678122459716395,0.0,104.02500000000224,-51.75,0.0,8,nan,95.08000000000001
CRUISE,-,GOAL_REACHED,0.0,0.0,92.00487535630033,19.846324576432593,1.5678122459716395,0.0,104.02500000000224,-51.75,0.0,8,nan,95.10000000000001
CRUISE,-,GOAL_REACHED,0.0,0.0,92.00487535630033,19.846324576432593,1.5678122459716395,0.0,104.02500000000224,-51.75,0.0,8,nan,95.12100000000001
CRUISE,-,GOAL_REACHED,0.0,0.0,92.00487535630033,19.846324576432593,1.5678122459716395,0.0,104.02500000000224,-51.75,0.0,8,nan,95.14
CRUISE,-,GOAL_REACHED,0.0,0.0,92.00487535630033,19.846324576432593,1.5678122459716395,0.0,104.02500000000224,-51.75,0.0,8,nan,95.16000000000001
CRUISE,-,GOAL_REACHED,0.0,0.0,92.00487535630033,19.846324576432593,1.5678122459716395,0.0,104.02500000000224,-51.75,0.0,8,nan,95.18
CRUISE,-,GOAL_REACHED,0.0,0.0,92.00487535630033,19.846324576432593,1.5678122459716395,0.0,104.02500000000224,-51.75,0.0,8,nan,95.2
CRUISE,-,GOAL_REACHED,0.0,0.0,92.00487535630033,19.846324576432593,1.5678122459716395,0.0,104.02500000000224,-51.75,0.0,8,nan,95.22
CRUISE,-,GOAL_REACHED,0.0,0.0,92.00487535630033,19.846324576432593,1.5678122459716395,0.0,104.02500000000224,-51.75,0.0,8,nan,95.24000000000001
CRUISE,-,GOAL_REACHED,0.0,0.0,92.00487535630033,19.846324576432593,1.5678122459716395,0.0,104.02500000000224,-51.75,0.0,8,nan,95.26
CRUISE,-,GOAL_REACHED,0.0,0.0,92.00487535630033,19.846324576432593,1.5678122459716395,0.0,104.02500000000224,-51.75,0.0,8,nan,95.28
CRUISE,-,GOAL_REACHED,0.0,0.0,92.00487535630033,19.846324576432593,1.5678122459716395,0.0,104.02500000000224,-51.75,0.0,8,nan,95.30000000000001
CRUISE,-,GOAL_REACHED,0.0,0.0,92.00487535630033,19.846324576432593,1.5678122459716395,0.0,104.02500000000224,-51.75,0.0,8,nan,95.32000000000001
CRUISE,-,GOAL_REACHED,0.0,0.0,92.00487535630033,19.846324576432593,1.5678122459716395,0.0,104.02500000000224,-51.75,0.0,8,nan,95.34
CRUISE,-,GOAL_REACHED,0.0,0.0,92.00487535630033,19.846324576432593,1.5678122459716395,0.0,104.02500000000224,-51.75,0.0,8,nan,95.36
CRUISE,-,GOAL_REACHED,0.0,0.0,92.00487535630033,19.846324576432593,1.5678122459716395,0.0,104.02500000000224,-51.75,0.0,8,nan,95.38000000000001
CRUISE,-,GOAL_REACHED,0.0,0.0,92.00487535630033,19.846324576432593,1.5678122459716395,0.0,104.02500000000224,-51.75,0.0,8,nan,95.4
CRUISE,-,GOAL_REACHED,0.0,0.0,92.00487535630033,19.846324576432593,1.5678122459716395,0.0,104.02500000000224,-51.75,0.0,8,nan,95.42
CRUISE,-,GOAL_REACHED,0.0,0.0,92.00487535630033,19.846324576432593,1.5678122459716395,0.0,104.02500000000224,-51.75,0.0,8,nan,95.44000000000001
CRUISE,-,GOAL_REACHED,0.0,0.0,92.00487535630033,19.846324576432593,1.5678122459716395,0.0,104.02500000000224,-51.75,0.0,8,nan,95.46000000000001
CRUISE,-,GOAL_REACHED,0.0,0.0,92.00487535630033,19.846324576432593,1.5678122459716395,0.0,104.02500000000224,-51.75,0.0,8,nan,95.48
CRUISE,-,GOAL_REACHED,0.0,0.0,92.00487535630033,19.846324576432593,1.5678122459716395,0.0,104.02500000000224,-51.75,0.0,8,nan,95.5
CRUISE,-,GOAL_REACHED,0.0,0.0,92.00487535630033,19.846324576432593,1.5678122459716395,0.0,104.02500000000224,-51.75,0.0,8,nan,95.521
CRUISE,-,GOAL_REACHED,0.0,0.0,92.00487535630033,19.846324576432593,1.5678122459716395,0.0,104.02500000000224,-51.75,0.0,8,nan,95.54
CRUISE,-,GOAL_REACHED,0.0,0.0,92.00487535630033,19.846324576432593,1.5678122459716395,0.0,104.02500000000224,-51.75,0.0,8,nan,95.56
CRUISE,-,GOAL_REACHED,0.0,0.0,92.00487535630033,19.846324576432593,1.5678122459716395,0.0,104.02500000000224,-51.75,0.0,8,nan,95.58000000000001
CRUISE,-,GOAL_REACHED,0.0,0.0,92.00487535630033,19.846324576432593,1.5678122459716395,0.0,104.02500000000224,-51.75,0.0,8,nan,95.60000000000001
CRUISE,-,GOAL_REACHED,0.0,0.0,92.00487535630033,19.846324576432593,1.5678122459716395,0.0,104.02500000000224,-51.75,0.0,8,nan,95.62
CRUISE,-,GOAL_REACHED,0.0,0.0,92.00487535630033,19.846324576432593,1.5678122459716395,0.0,104.02500000000224,-51.75,0.0,8,nan,95.64
CRUISE,-,GOAL_REACHED,0.0,0.0,92.00487535630033,19.846324576432593,1.5678122459716395,0.0,104.02500000000224,-51.75,0.0,8,nan,95.66000000000001
CRUISE,-,GOAL_REACHED,0.0,0.0,92.00487535630033,19.846324576432593,1.5678122459716395,0.0,104.02500000000224,-51.75,0.0,8,nan,95.68
CRUISE,-,GOAL_REACHED,0.0,0.0,92.00487535630033,19.846324576432593,1.5678122459716395,0.0,104.02500000000224,-51.75,0.0,8,nan,95.7
CRUISE,-,GOAL_REACHED,0.0,0.0,92.00487535630033,19.846324576432593,1.5678122459716395,0.0,104.02500000000224,-51.75,0.0,8,nan,95.72
CRUISE,-,GOAL_REACHED,0.0,0.0,92.00487535630033,19.846324576432593,1.5678122459716395,0.0,104.02500000000224,-51.75,0.0,8,nan,95.74000000000001
CRUISE,-,GOAL_REACHED,0.0,0.0,92.00487535630033,19.846324576432593,1.5678122459716395,0.0,104.02500000000224,-51.75,0.0,8,nan,95.76
CRUISE,-,GOAL_REACHED,0.0,0.0,92.00487535630033,19.846324576432593,1.5678122459716395,0.0,104.02500000000224,-51.75,0.0,8,nan,95.78
CRUISE,-,GOAL_REACHED,0.0,0.0,92.00487535630033,19.846324576432593,1.5678122459716395,0.0,104.02500000000224,-51.75,0.0,8,nan,95.80000000000001
CRUISE,-,GOAL_REACHED,0.0,0.0,92.00487535630033,19.846324576432593,1.5678122459716395,0.0,104.02500000000224,-51.75,0.0,8,nan,95.82000000000001
CRUISE,-,GOAL_REACHED,0.0,0.0,92.00487535630033,19.846324576432593,1.5678122459716395,0.0,104.02500000000224,-51.75,0.0,8,nan,95.84100000000001
CRUISE,-,GOAL_REACHED,0.0,0.0,92.00487535630033,19.846324576432593,1.5678122459716395,0.0,104.02500000000224,-51.75,0.0,8,nan,95.86
CRUISE,-,GOAL_REACHED,0.0,0.0,92.00487535630033,19.846324576432593,1.5678122459716395,0.0,104.02500000000224,-51.75,0.0,8,nan,95.88000000000001
CRUISE,-,GOAL_REACHED,0.0,0.0,92.00487535630033,19.846324576432593,1.5678122459716395,0.0,104.02500000000224,-51.75,0.0,8,nan,95.9
CRUISE,-,GOAL_REACHED,0.0,0.0,92.00487535630033,19.846324576432593,1.5678122459716395,0.0,104.02500000000224,-51.75,0.0,8,nan,95.92
CRUISE,-,GOAL_REACHED,0.0,0.0,92.00487535630033,19.846324576432593,1.5678122459716395,0.0,104.02500000000224,-51.75,0.0,8,nan,95.94000000000001
CRUISE,-,GOAL_REACHED,0.0,0.0,92.00487535630033,19.846324576432593,1.5678122459716395,0.0,104.02500000000224,-51.75,0.0,8,nan,95.96000000000001
CRUISE,-,GOAL_REACHED,0.0,0.0,92.00487535630033,19.846324576432593,1.5678122459716395,0.0,104.02500000000224,-51.75,0.0,8,nan,95.98
CRUISE,-,GOAL_REACHED,0.0,0.0,92.00487535630033,19.846324576432593,1.5678122459716395,0.0,104.02500000000224,-51.75,0.0,8,nan,96.0
CRUISE,-,GOAL_REACHED,0.0,0.0,92.00487535630033,19.846324576432593,1.5678122459716395,0.0,104.02500000000224,-51.75,0.0,8,nan,96.02000000000001
CRUISE,-,GOAL_REACHED,0.0,0.0,92.00487535630033,19.846324576432593,1.5678122459716395,0.0,104.02500000000224,-51.75,0.0,8,nan,96.04
CRUISE,-,GOAL_REACHED,0.0,0.0,92.00487535630033,19.846324576432593,1.5678122459716395,0.0,104.02500000000224,-51.75,0.0,8,nan,96.06
CRUISE,-,GOAL_REACHED,0.0,0.0,92.00487535630033,19.846324576432593,1.5678122459716395,0.0,104.02500000000224,-51.75,0.0,8,nan,96.08000000000001
CRUISE,-,GOAL_REACHED,0.0,0.0,92.00487535630033,19.846324576432593,1.5678122459716395,0.0,104.02500000000224,-51.75,0.0,8,nan,96.10000000000001
CRUISE,-,GOAL_REACHED,0.0,0.0,92.00487535630033,19.846324576432593,1.5678122459716395,0.0,104.02500000000224,-51.75,0.0,8,nan,96.12
CRUISE,-,GOAL_REACHED,0.0,0.0,92.00487535630033,19.846324576432593,1.5678122459716395,0.0,104.02500000000224,-51.75,0.0,8,nan,96.14
CRUISE,-,GOAL_REACHED,0.0,0.0,92.00487535630033,19.846324576432593,1.5678122459716395,0.0,104.02500000000224,-51.75,0.0,8,nan,96.16000000000001
CRUISE,-,GOAL_REACHED,0.0,0.0,92.00487535630033,19.846324576432593,1.5678122459716395,0.0,104.02500000000224,-51.75,0.0,8,nan,96.18
CRUISE,-,GOAL_REACHED,0.0,0.0,92.00487535630033,19.846324576432593,1.5678122459716395,0.0,104.02500000000224,-51.75,0.0,8,nan,96.2
CRUISE,-,GOAL_REACHED,0.0,0.0,92.00487535630033,19.846324576432593,1.5678122459716395,0.0,104.02500000000224,-51.75,0.0,8,nan,96.22000000000001
CRUISE,-,GOAL_REACHED,0.0,0.0,92.00487535630033,19.846324576432593,1.5678122459716395,0.0,104.02500000000224,-51.75,0.0,8,nan,96.24000000000001
CRUISE,-,GOAL_REACHED,0.0,0.0,92.00487535630033,19.846324576432593,1.5678122459716395,0.0,104.02500000000224,-51.75,0.0,8,nan,96.26
CRUISE,-,GOAL_REACHED,0.0,0.0,92.00487535630033,19.846324576432593,1.5678122459716395,0.0,104.02500000000224,-51.75,0.0,8,nan,96.28
CRUISE,-,GOAL_REACHED,0.0,0.0,92.00487535630033,19.846324576432593,1.5678122459716395,0.0,104.02500000000224,-51.75,0.0,8,nan,96.30000000000001
CRUISE,-,GOAL_REACHED,0.0,0.0,92.00487535630033,19.846324576432593,1.5678122459716395,0.0,104.02500000000224,-51.75,0.0,8,nan,96.32000000000001
CRUISE,-,GOAL_REACHED,0.0,0.0,92.00487535630033,19.846324576432593,1.5678122459716395,0.0,104.02500000000224,-51.75,0.0,8,nan,96.34
CRUISE,-,GOAL_REACHED,0.0,0.0,92.00487535630033,19.846324576432593,1.5678122459716395,0.0,104.02500000000224,-51.75,0.0,8,nan,96.36
CRUISE,-,GOAL_REACHED,0.0,0.0,92.00487535630033,19.846324576432593,1.5678122459716395,0.0,104.02500000000224,-51.75,0.0,8,nan,96.38000000000001
CRUISE,-,GOAL_REACHED,0.0,0.0,92.00487535630033,19.846324576432593,1.5678122459716395,0.0,104.02500000000224,-51.75,0.0,8,nan,96.4
CRUISE,-,GOAL_REACHED,0.0,0.0,92.00487535630033,19.846324576432593,1.5678122459716395,0.0,104.02500000000224,-51.75,0.0,8,nan,96.42
CRUISE,-,GOAL_REACHED,0.0,0.0,92.00487535630033,19.846324576432593,1.5678122459716395,0.0,104.02500000000224,-51.75,0.0,8,nan,96.44000000000001
CRUISE,-,GOAL_REACHED,0.0,0.0,92.00487535630033,19.846324576432593,1.5678122459716395,0.0,104.02500000000224,-51.75,0.0,8,nan,96.46000000000001
CRUISE,-,GOAL_REACHED,0.0,0.0,92.00487535630033,19.846324576432593,1.5678122459716395,0.0,104.02500000000224,-51.75,0.0,8,nan,96.48
CRUISE,-,GOAL_REACHED,0.0,0.0,92.00487535630033,19.846324576432593,1.5678122459716395,0.0,104.02500000000224,-51.75,0.0,8,nan,96.5
CRUISE,-,GOAL_REACHED,0.0,0.0,92.00487535630033,19.846324576432593,1.5678122459716395,0.0,104.02500000000224,-51.75,0.0,8,nan,96.52000000000001
CRUISE,-,GOAL_REACHED,0.0,0.0,92.00487535630033,19.846324576432593,1.5678122459716395,0.0,104.02500000000224,-51.75,0.0,8,nan,96.54
CRUISE,-,GOAL_REACHED,0.0,0.0,92.00487535630033,19.846324576432593,1.5678122459716395,0.0,104.02500000000224,-51.75,0.0,8,nan,96.56
CRUISE,-,GOAL_REACHED,0.0,0.0,92.00487535630033,19.846324576432593,1.5678122459716395,0.0,104.02500000000224,-51.75,0.0,8,nan,96.58000000000001
CRUISE,-,GOAL_REACHED,0.0,0.0,92.00487535630033,19.846324576432593,1.5678122459716395,0.0,104.02500000000224,-51.75,0.0,8,nan,96.60000000000001
CRUISE,-,GOAL_REACHED,0.0,0.0,92.00487535630033,19.846324576432593,1.5678122459716395,0.0,104.02500000000224,-51.75,0.0,8,nan,96.62100000000001
CRUISE,-,GOAL_REACHED,0.0,0.0,92.00487535630033,19.846324576432593,1.5678122459716395,0.0,104.02500000000224,-51.75,0.0,8,nan,96.64
CRUISE,-,GOAL_REACHED,0.0,0.0,92.00487535630033,19.846324576432593,1.5678122459716395,0.0,104.02500000000224,-51.75,0.0,8,nan,96.66000000000001
CRUISE,-,GOAL_REACHED,0.0,0.0,92.00487535630033,19.846324576432593,1.5678122459716395,0.0,104.02500000000224,-51.75,0.0,8,nan,96.68
CRUISE,-,GOAL_REACHED,0.0,0.0,92.00487535630033,19.846324576432593,1.5678122459716395,0.0,104.02500000000224,-51.75,0.0,8,nan,96.70100000000001
CRUISE,-,GOAL_REACHED,0.0,0.0,92.00487535630033,19.846324576432593,1.5678122459716395,0.0,104.02500000000224,-51.75,0.0,8,nan,96.72000000000001
CRUISE,-,GOAL_REACHED,0.0,0.0,92.00487535630033,19.846324576432593,1.5678122459716395,0.0,104.02500000000224,-51.75,0.0,8,nan,96.74000000000001
CRUISE,-,GOAL_REACHED,0.0,0.0,92.00487535630033,19.846324576432593,1.5678122459716395,0.0,104.02500000000224,-51.75,0.0,8,nan,96.76
CRUISE,-,GOAL_REACHED,0.0,0.0,92.00487535630033,19.846324576432593,1.5678122459716395,0.0,104.02500000000224,-51.75,0.0,8,nan,96.78
CRUISE,-,GOAL_REACHED,0.0,0.0,92.00487535630033,19.846324576432593,1.5678122459716395,0.0,104.02500000000224,-51.75,0.0,8,nan,96.80000000000001
CRUISE,-,GOAL_REACHED,0.0,0.0,92.00487535630033,19.846324576432593,1.5678122459716395,0.0,104.02500000000224,-51.75,0.0,8,nan,96.82000000000001
CRUISE,-,GOAL_REACHED,0.0,0.0,92.00487535630033,19.846324576432593,1.5678122459716395,0.0,104.02500000000224,-51.75,0.0,8,nan,96.84
CRUISE,-,GOAL_REACHED,0.0,0.0,92.00487535630033,19.846324576432593,1.5678122459716395,0.0,104.02500000000224,-51.75,0.0,8,nan,96.86
CRUISE,-,GOAL_REACHED,0.0,0.0,92.00487535630033,19.846324576432593,1.5678122459716395,0.0,104.02500000000224,-51.75,0.0,8,nan,96.88000000000001
CRUISE,-,GOAL_REACHED,0.0,0.0,92.00487535630033,19.846324576432593,1.5678122459716395,0.0,104.02500000000224,-51.75,0.0,8,nan,96.9
CRUISE,-,GOAL_REACHED,0.0,0.0,92.00487535630033,19.846324576432593,1.5678122459716395,0.0,104.02500000000224,-51.75,0.0,8,nan,96.92
CRUISE,-,GOAL_REACHED,0.0,0.0,92.00487535630033,19.846324576432593,1.5678122459716395,0.0,104.02500000000224,-51.75,0.0,8,nan,96.94000000000001
CRUISE,-,GOAL_REACHED,0.0,0.0,92.00487535630033,19.846324576432593,1.5678122459716395,0.0,104.02500000000224,-51.75,0.0,8,nan,96.96000000000001
CRUISE,-,GOAL_REACHED,0.0,0.0,92.00487535630033,19.846324576432593,1.5678122459716395,0.0,104.02500000000224,-51.75,0.0,8,nan,96.98
CRUISE,-,GOAL_REACHED,0.0,0.0,92.00487535630033,19.846324576432593,1.5678122459716395,0.0,104.02500000000224,-51.75,0.0,8,nan,97.0
CRUISE,-,GOAL_REACHED,0.0,0.0,92.00487535630033,19.846324576432593,1.5678122459716395,0.0,104.02500000000224,-51.75,0.0,8,nan,97.02000000000001
CRUISE,-,GOAL_REACHED,0.0,0.0,92.00487535630033,19.846324576432593,1.5678122459716395,0.0,104.02500000000224,-51.75,0.0,8,nan,97.04
CRUISE,-,GOAL_REACHED,0.0,0.0,92.00487535630033,19.846324576432593,1.5678122459716395,0.0,104.02500000000224,-51.75,0.0,8,nan,97.061
CRUISE,-,GOAL_REACHED,0.0,0.0,92.00487535630033,19.846324576432593,1.5678122459716395,0.0,104.02500000000224,-51.75,0.0,8,nan,97.08000000000001
CRUISE,-,GOAL_REACHED,0.0,0.0,92.00487535630033,19.846324576432593,1.5678122459716395,0.0,104.02500000000224,-51.75,0.0,8,nan,97.10000000000001
CRUISE,-,GOAL_REACHED,0.0,0.0,92.00487535630033,19.846324576432593,1.5678122459716395,0.0,104.02500000000224,-51.75,0.0,8,nan,97.12
CRUISE,-,GOAL_REACHED,0.0,0.0,92.00487535630033,19.846324576432593,1.5678122459716395,0.0,104.02500000000224,-51.75,0.0,8,nan,97.14
CRUISE,-,GOAL_REACHED,0.0,0.0,92.00487535630033,19.846324576432593,1.5678122459716395,0.0,104.02500000000224,-51.75,0.0,8,nan,97.16000000000001
CRUISE,-,GOAL_REACHED,0.0,0.0,92.00487535630033,19.846324576432593,1.5678122459716395,0.0,104.02500000000224,-51.75,0.0,8,nan,97.18
CRUISE,-,GOAL_REACHED,0.0,0.0,92.00487535630033,19.846324576432593,1.5678122459716395,0.0,104.02500000000224,-51.75,0.0,8,nan,97.2
CRUISE,-,GOAL_REACHED,0.0,0.0,92.00487535630033,19.846324576432593,1.5678122459716395,0.0,104.02500000000224,-51.75,0.0,8,nan,97.22000000000001
CRUISE,-,GOAL_REACHED,0.0,0.0,92.00487535630033,19.846324576432593,1.5678122459716395,0.0,104.02500000000224,-51.75,0.0,8,nan,97.24000000000001
CRUISE,-,GOAL_REACHED,0.0,0.0,92.00487535630033,19.846324576432593,1.5678122459716395,0.0,104.02500000000224,-51.75,0.0,8,nan,97.26
CRUISE,-,GOAL_REACHED,0.0,0.0,92.00487535630033,19.846324576432593,1.5678122459716395,0.0,104.02500000000224,-51.75,0.0,8,nan,97.28
CRUISE,-,GOAL_REACHED,0.0,0.0,92.00487535630033,19.846324576432593,1.5678122459716395,0.0,104.02500000000224,-51.75,0.0,8,nan,97.30000000000001
CRUISE,-,GOAL_REACHED,0.0,0.0,92.00487535630033,19.846324576432593,1.5678122459716395,0.0,104.02500000000224,-51.75,0.0,8,nan,97.32000000000001
CRUISE,-,GOAL_REACHED,0.0,0.0,92.00487535630033,19.846324576432593,1.5678122459716395,0.0,104.02500000000224,-51.75,0.0,8,nan,97.34
CRUISE,-,GOAL_REACHED,0.0,0.0,92.00487535630033,19.846324576432593,1.5678122459716395,0.0,104.02500000000224,-51.75,0.0,8,nan,97.36
CRUISE,-,GOAL_REACHED,0.0,0.0,92.00487535630033,19.846324576432593,1.5678122459716395,0.0,104.02500000000224,-51.75,0.0,8,nan,97.38000000000001
CRUISE,-,GOAL_REACHED,0.0,0.0,92.00487535630033,19.846324576432593,1.5678122459716395,0.0,104.02500000000224,-51.75,0.0,8,nan,97.4
CRUISE,-,GOAL_REACHED,0.0,0.0,92.00487535630033,19.846324576432593,1.5678122459716395,0.0,104.02500000000224,-51.75,0.0,8,nan,97.42
CRUISE,-,GOAL_REACHED,0.0,0.0,92.00487535630033,19.846324576432593,1.5678122459716395,0.0,104.02500000000224,-51.75,0.0,8,nan,97.44000000000001
CRUISE,-,GOAL_REACHED,0.0,0.0,92.00487535630033,19.846324576432593,1.5678122459716395,0.0,104.02500000000224,-51.75,0.0,8,nan,97.46000000000001
CRUISE,-,GOAL_REACHED,0.0,0.0,92.00487535630033,19.846324576432593,1.5678122459716395,0.0,104.02500000000224,-51.75,0.0,8,nan,97.48
CRUISE,-,GOAL_REACHED,0.0,0.0,92.00487535630033,19.846324576432593,1.5678122459716395,0.0,104.02500000000224,-51.75,0.0,8,nan,97.5
CRUISE,-,GOAL_REACHED,0.0,0.0,92.00487535630033,19.846324576432593,1.5678122459716395,0.0,104.02500000000224,-51.75,0.0,8,nan,97.52000000000001
CRUISE,-,GOAL_REACHED,0.0,0.0,92.00487535630033,19.846324576432593,1.5678122459716395,0.0,104.02500000000224,-51.75,0.0,8,nan,97.54
CRUISE,-,GOAL_REACHED,0.0,0.0,92.00487535630033,19.846324576432593,1.5678122459716395,0.0,104.02500000000224,-51.75,0.0,8,nan,97.56
CRUISE,-,GOAL_REACHED,0.0,0.0,92.00487535630033,19.846324576432593,1.5678122459716395,0.0,104.02500000000224,-51.75,0.0,8,nan,97.58000000000001
CRUISE,-,GOAL_REACHED,0.0,0.0,92.00487535630033,19.846324576432593,1.5678122459716395,0.0,104.02500000000224,-51.75,0.0,8,nan,97.60000000000001
CRUISE,-,GOAL_REACHED,0.0,0.0,92.00487535630033,19.846324576432593,1.5678122459716395,0.0,104.02500000000224,-51.75,0.0,8,nan,97.62
CRUISE,-,GOAL_REACHED,0.0,0.0,92.00487535630033,19.846324576432593,1.5678122459716395,0.0,104.02500000000224,-51.75,0.0,8,nan,97.64
CRUISE,-,GOAL_REACHED,0.0,0.0,92.00487535630033,19.846324576432593,1.5678122459716395,0.0,104.02500000000224,-51.75,0.0,8,nan,97.66000000000001
CRUISE,-,GOAL_REACHED,0.0,0.0,92.00487535630033,19.846324576432593,1.5678122459716395,0.0,104.02500000000224,-51.75,0.0,8,nan,97.68
CRUISE,-,GOAL_REACHED,0.0,0.0,92.00487535630033,19.846324576432593,1.5678122459716395,0.0,104.02500000000224,-51.75,0.0,8,nan,97.7
CRUISE,-,GOAL_REACHED,0.0,0.0,92.00487535630033,19.846324576432593,1.5678122459716395,0.0,104.02500000000224,-51.75,0.0,8,nan,97.72000000000001
CRUISE,-,GOAL_REACHED,0.0,0.0,92.00487535630033,19.846324576432593,1.5678122459716395,0.0,104.02500000000224,-51.75,0.0,8,nan,97.74000000000001
CRUISE,-,GOAL_REACHED,0.0,0.0,92.00487535630033,19.846324576432593,1.5678122459716395,0.0,104.02500000000224,-51.75,0.0,8,nan,97.76
CRUISE,-,GOAL_REACHED,0.0,0.0,92.00487535630033,19.846324576432593,1.5678122459716395,0.0,104.02500000000224,-51.75,0.0,8,nan,97.78
CRUISE,-,GOAL_REACHED,0.0,0.0,92.00487535630033,19.846324576432593,1.5678122459716395,0.0,104.02500000000224,-51.75,0.0,8,nan,97.80000000000001
CRUISE,-,GOAL_REACHED,0.0,0.0,92.00487535630033,19.846324576432593,1.5678122459716395,0.0,104.02500000000224,-51.75,0.0,8,nan,97.82100000000001
CRUISE,-,GOAL_REACHED,0.0,0.0,92.00487535630033,19.846324576432593,1.5678122459716395,0.0,104.02500000000224,-51.75,0.0,8,nan,97.84100000000001
CRUISE,-,GOAL_REACHED,0.0,0.0,92.00487535630033,19.846324576432593,1.5678122459716395,0.0,104.02500000000224,-51.75,0.0,8,nan,97.86
CRUISE,-,GOAL_REACHED,0.0,0.0,92.00487535630033,19.846324576432593,1.5678122459716395,0.0,104.02500000000224,-51.75,0.0,8,nan,97.88000000000001
CRUISE,-,GOAL_REACHED,0.0,0.0,92.00487535630033,19.846324576432593,1.5678122459716395,0.0,104.02500000000224,-51.75,0.0,8,nan,97.9
CRUISE,-,GOAL_REACHED,0.0,0.0,92.00487535630033,19.846324576432593,1.5678122459716395,0.0,104.02500000000224,-51.75,0.0,8,nan,97.921
CRUISE,-,GOAL_REACHED,0.0,0.0,92.00487535630033,19.846324576432593,1.5678122459716395,0.0,104.02500000000224,-51.75,0.0,8,nan,97.94000000000001
CRUISE,-,GOAL_REACHED,0.0,0.0,92.00487535630033,19.846324576432593,1.5678122459716395,0.0,104.02500000000224,-51.75,0.0,8,nan,97.96000000000001
CRUISE,-,GOAL_REACHED,0.0,0.0,92.00487535630033,19.846324576432593,1.5678122459716395,0.0,104.02500000000224,-51.75,0.0,8,nan,97.98
CRUISE,-,GOAL_REACHED,0.0,0.0,92.00487535630033,19.846324576432593,1.5678122459716395,0.0,104.02500000000224,-51.75,0.0,8,nan,98.0
CRUISE,-,GOAL_REACHED,0.0,0.0,92.00487535630033,19.846324576432593,1.5678122459716395,0.0,104.02500000000224,-51.75,0.0,8,nan,98.02000000000001
CRUISE,-,GOAL_REACHED,0.0,0.0,92.00487535630033,19.846324576432593,1.5678122459716395,0.0,104.02500000000224,-51.75,0.0,8,nan,98.04
CRUISE,-,GOAL_REACHED,0.0,0.0,92.00487535630033,19.846324576432593,1.5678122459716395,0.0,104.02500000000224,-51.75,0.0,8,nan,98.06
CRUISE,-,GOAL_REACHED,0.0,0.0,92.00487535630033,19.846324576432593,1.5678122459716395,0.0,104.02500000000224,-51.75,0.0,8,nan,98.08000000000001
CRUISE,-,GOAL_REACHED,0.0,0.0,92.00487535630033,19.846324576432593,1.5678122459716395,0.0,104.02500000000224,-51.75,0.0,8,nan,98.10000000000001
CRUISE,-,GOAL_REACHED,0.0,0.0,92.00487535630033,19.846324576432593,1.5678122459716395,0.0,104.02500000000224,-51.75,0.0,8,nan,98.12
CRUISE,-,GOAL_REACHED,0.0,0.0,92.00487535630033,19.846324576432593,1.5678122459716395,0.0,104.02500000000224,-51.75,0.0,8,nan,98.14
CRUISE,-,GOAL_REACHED,0.0,0.0,92.00487535630033,19.846324576432593,1.5678122459716395,0.0,104.02500000000224,-51.75,0.0,8,nan,98.16000000000001
CRUISE,-,GOAL_REACHED,0.0,0.0,92.00487535630033,19.846324576432593,1.5678122459716395,0.0,104.02500000000224,-51.75,0.0,8,nan,98.18
CRUISE,-,GOAL_REACHED,0.0,0.0,92.00487535630033,19.846324576432593,1.5678122459716395,0.0,104.02500000000224,-51.75,0.0,8,nan,98.2
CRUISE,-,GOAL_REACHED,0.0,0.0,92.00487535630033,19.846324576432593,1.5678122459716395,0.0,104.02500000000224,-51.75,0.0,8,nan,98.22000000000001
CRUISE,-,GOAL_REACHED,0.0,0.0,92.00487535630033,19.846324576432593,1.5678122459716395,0.0,104.02500000000224,-51.75,0.0,8,nan,98.24000000000001
CRUISE,-,GOAL_REACHED,0.0,0.0,92.00487535630033,19.846324576432593,1.5678122459716395,0.0,104.02500000000224,-51.75,0.0,8,nan,98.26
CRUISE,-,GOAL_REACHED,0.0,0.0,92.00487535630033,19.846324576432593,1.5678122459716395,0.0,104.02500000000224,-51.75,0.0,8,nan,98.28
CRUISE,-,GOAL_REACHED,0.0,0.0,92.00487535630033,19.846324576432593,1.5678122459716395,0.0,104.02500000000224,-51.75,0.0,8,nan,98.30000000000001
CRUISE,-,GOAL_REACHED,0.0,0.0,92.00487535630033,19.846324576432593,1.5678122459716395,0.0,104.02500000000224,-51.75,0.0,8,nan,98.32000000000001
CRUISE,-,GOAL_REACHED,0.0,0.0,92.00487535630033,19.846324576432593,1.5678122459716395,0.0,104.02500000000224,-51.75,0.0,8,nan,98.34
CRUISE,-,GOAL_REACHED,0.0,0.0,92.00487535630033,19.846324576432593,1.5678122459716395,0.0,104.02500000000224,-51.75,0.0,8,nan,98.36
CRUISE,-,GOAL_REACHED,0.0,0.0,92.00487535630033,19.846324576432593,1.5678122459716395,0.0,104.02500000000224,-51.75,0.0,8,nan,98.38000000000001
CRUISE,-,GOAL_REACHED,0.0,0.0,92.00487535630033,19.846324576432593,1.5678122459716395,0.0,104.02500000000224,-51.75,0.0,8,nan,98.4
CRUISE,-,GOAL_REACHED,0.0,0.0,92.00487535630033,19.846324576432593,1.5678122459716395,0.0,104.02500000000224,-51.75,0.0,8,nan,98.42
CRUISE,-,GOAL_REACHED,0.0,0.0,92.00487535630033,19.846324576432593,1.5678122459716395,0.0,104.02500000000224,-51.75,0.0,8,nan,98.44000000000001
CRUISE,-,GOAL_REACHED,0.0,0.0,92.00487535630033,19.846324576432593,1.5678122459716395,0.0,104.02500000000224,-51.75,0.0,8,nan,98.46000000000001
CRUISE,-,GOAL_REACHED,0.0,0.0,92.00487535630033,19.846324576432593,1.5678122459716395,0.0,104.02500000000224,-51.75,0.0,8,nan,98.48
CRUISE,-,GOAL_REACHED,0.0,0.0,92.00487535630033,19.846324576432593,1.5678122459716395,0.0,104.02500000000224,-51.75,0.0,8,nan,98.5
CRUISE,-,GOAL_REACHED,0.0,0.0,92.00487535630033,19.846324576432593,1.5678122459716395,0.0,104.02500000000224,-51.75,0.0,8,nan,98.52000000000001
CRUISE,-,GOAL_REACHED,0.0,0.0,92.00487535630033,19.846324576432593,1.5678122459716395,0.0,104.02500000000224,-51.75,0.0,8,nan,98.54
CRUISE,-,GOAL_REACHED,0.0,0.0,92.00487535630033,19.846324576432593,1.5678122459716395,0.0,104.02500000000224,-51.75,0.0,8,nan,98.56
CRUISE,-,GOAL_REACHED,0.0,0.0,92.00487535630033,19.846324576432593,1.5678122459716395,0.0,104.02500000000224,-51.75,0.0,8,nan,98.58000000000001
CRUISE,-,GOAL_REACHED,0.0,0.0,92.00487535630033,19.846324576432593,1.5678122459716395,0.0,104.02500000000224,-51.75,0.0,8,nan,98.60000000000001
CRUISE,-,GOAL_REACHED,0.0,0.0,92.00487535630033,19.846324576432593,1.5678122459716395,0.0,104.02500000000224,-51.75,0.0,8,nan,98.62
CRUISE,-,GOAL_REACHED,0.0,0.0,92.00487535630033,19.846324576432593,1.5678122459716395,0.0,104.02500000000224,-51.75,0.0,8,nan,98.64
CRUISE,-,GOAL_REACHED,0.0,0.0,92.00487535630033,19.846324576432593,1.5678122459716395,0.0,104.02500000000224,-51.75,0.0,8,nan,98.66000000000001
CRUISE,-,GOAL_REACHED,0.0,0.0,92.00487535630033,19.846324576432593,1.5678122459716395,0.0,104.02500000000224,-51.75,0.0,8,nan,98.68
CRUISE,-,GOAL_REACHED,0.0,0.0,92.00487535630033,19.846324576432593,1.5678122459716395,0.0,104.02500000000224,-51.75,0.0,8,nan,98.7
CRUISE,-,GOAL_REACHED,0.0,0.0,92.00487535630033,19.846324576432593,1.5678122459716395,0.0,104.02500000000224,-51.75,0.0,8,nan,98.72000000000001
CRUISE,-,GOAL_REACHED,0.0,0.0,92.00487535630033,19.846324576432593,1.5678122459716395,0.0,104.02500000000224,-51.75,0.0,8,nan,98.74000000000001
CRUISE,-,GOAL_REACHED,0.0,0.0,92.00487535630033,19.846324576432593,1.5678122459716395,0.0,104.02500000000224,-51.75,0.0,8,nan,98.76
CRUISE,-,GOAL_REACHED,0.0,0.0,92.00487535630033,19.846324576432593,1.5678122459716395,0.0,104.02500000000224,-51.75,0.0,8,nan,98.78
CRUISE,-,GOAL_REACHED,0.0,0.0,92.00487535630033,19.846324576432593,1.5678122459716395,0.0,104.02500000000224,-51.75,0.0,8,nan,98.80000000000001
CRUISE,-,GOAL_REACHED,0.0,0.0,92.00487535630033,19.846324576432593,1.5678122459716395,0.0,104.02500000000224,-51.75,0.0,8,nan,98.82000000000001
CRUISE,-,GOAL_REACHED,0.0,0.0,92.00487535630033,19.846324576432593,1.5678122459716395,0.0,104.02500000000224,-51.75,0.0,8,nan,98.84
CRUISE,-,GOAL_REACHED,0.0,0.0,92.00487535630033,19.846324576432593,1.5678122459716395,0.0,104.02500000000224,-51.75,0.0,8,nan,98.86
CRUISE,-,GOAL_REACHED,0.0,0.0,92.00487535630033,19.846324576432593,1.5678122459716395,0.0,104.02500000000224,-51.75,0.0,8,nan,98.88000000000001
CRUISE,-,GOAL_REACHED,0.0,0.0,92.00487535630033,19.846324576432593,1.5678122459716395,0.0,104.02500000000224,-51.75,0.0,8,nan,98.9
CRUISE,-,GOAL_REACHED,0.0,0.0,92.00487535630033,19.846324576432593,1.5678122459716395,0.0,104.02500000000224,-51.75,0.0,8,nan,98.921
CRUISE,-,GOAL_REACHED,0.0,0.0,92.00487535630033,19.846324576432593,1.5678122459716395,0.0,104.02500000000224,-51.75,0.0,8,nan,98.94000000000001
CRUISE,-,GOAL_REACHED,0.0,0.0,92.00487535630033,19.846324576432593,1.5678122459716395,0.0,104.02500000000224,-51.75,0.0,8,nan,98.96000000000001
CRUISE,-,GOAL_REACHED,0.0,0.0,92.00487535630033,19.846324576432593,1.5678122459716395,0.0,104.02500000000224,-51.75,0.0,8,nan,98.98
CRUISE,-,GOAL_REACHED,0.0,0.0,92.00487535630033,19.846324576432593,1.5678122459716395,0.0,104.02500000000224,-51.75,0.0,8,nan,99.001
CRUISE,-,GOAL_REACHED,0.0,0.0,92.00487535630033,19.846324576432593,1.5678122459716395,0.0,104.02500000000224,-51.75,0.0,8,nan,99.021
CRUISE,-,GOAL_REACHED,0.0,0.0,92.00487535630033,19.846324576432593,1.5678122459716395,0.0,104.02500000000224,-51.75,0.0,8,nan,99.04
CRUISE,-,GOAL_REACHED,0.0,0.0,92.00487535630033,19.846324576432593,1.5678122459716395,0.0,104.02500000000224,-51.75,0.0,8,nan,99.06
CRUISE,-,GOAL_REACHED,0.0,0.0,92.00487535630033,19.846324576432593,1.5678122459716395,0.0,104.02500000000224,-51.75,0.0,8,nan,99.08000000000001
CRUISE,-,GOAL_REACHED,0.0,0.0,92.00487535630033,19.846324576432593,1.5678122459716395,0.0,104.02500000000224,-51.75,0.0,8,nan,99.10000000000001
CRUISE,-,GOAL_REACHED,0.0,0.0,92.00487535630033,19.846324576432593,1.5678122459716395,0.0,104.02500000000224,-51.75,0.0,8,nan,99.12
CRUISE,-,GOAL_REACHED,0.0,0.0,92.00487535630033,19.846324576432593,1.5678122459716395,0.0,104.02500000000224,-51.75,0.0,8,nan,99.14
CRUISE,-,GOAL_REACHED,0.0,0.0,92.00487535630033,19.846324576432593,1.5678122459716395,0.0,104.02500000000224,-51.75,0.0,8,nan,99.16000000000001
CRUISE,-,GOAL_REACHED,0.0,0.0,92.00487535630033,19.846324576432593,1.5678122459716395,0.0,104.02500000000224,-51.75,0.0,8,nan,99.18
CRUISE,-,GOAL_REACHED,0.0,0.0,92.00487535630033,19.846324576432593,1.5678122459716395,0.0,104.02500000000224,-51.75,0.0,8,nan,99.2
CRUISE,-,GOAL_REACHED,0.0,0.0,92.00487535630033,19.846324576432593,1.5678122459716395,0.0,104.02500000000224,-51.75,0.0,8,nan,99.22000000000001
CRUISE,-,GOAL_REACHED,0.0,0.0,92.00487535630033,19.846324576432593,1.5678122459716395,0.0,104.02500000000224,-51.75,0.0,8,nan,99.241
CRUISE,-,GOAL_REACHED,0.0,0.0,92.00487535630033,19.846324576432593,1.5678122459716395,0.0,104.02500000000224,-51.75,0.0,8,nan,99.26
CRUISE,-,GOAL_REACHED,0.0,0.0,92.00487535630033,19.846324576432593,1.5678122459716395,0.0,104.02500000000224,-51.75,0.0,8,nan,99.28
CRUISE,-,GOAL_REACHED,0.0,0.0,92.00487535630033,19.846324576432593,1.5678122459716395,0.0,104.02500000000224,-51.75,0.0,8,nan,99.301
CRUISE,-,GOAL_REACHED,0.0,0.0,92.00487535630033,19.846324576432593,1.5678122459716395,0.0,104.02500000000224,-51.75,0.0,8,nan,99.32000000000001
CRUISE,-,GOAL_REACHED,0.0,0.0,92.00487535630033,19.846324576432593,1.5678122459716395,0.0,104.02500000000224,-51.75,0.0,8,nan,99.34
CRUISE,-,GOAL_REACHED,0.0,0.0,92.00487535630033,19.846324576432593,1.5678122459716395,0.0,104.02500000000224,-51.75,0.0,8,nan,99.36
CRUISE,-,GOAL_REACHED,0.0,0.0,92.00487535630033,19.846324576432593,1.5678122459716395,0.0,104.02500000000224,-51.75,0.0,8,nan,99.38000000000001
CRUISE,-,GOAL_REACHED,0.0,0.0,92.00487535630033,19.846324576432593,1.5678122459716395,0.0,104.02500000000224,-51.75,0.0,8,nan,99.4
CRUISE,-,GOAL_REACHED,0.0,0.0,92.00487535630033,19.846324576432593,1.5678122459716395,0.0,104.02500000000224,-51.75,0.0,8,nan,99.42
CRUISE,-,GOAL_REACHED,0.0,0.0,92.00487535630033,19.846324576432593,1.5678122459716395,0.0,104.02500000000224,-51.75,0.0,8,nan,99.44000000000001
CRUISE,-,GOAL_REACHED,0.0,0.0,92.00487535630033,19.846324576432593,1.5678122459716395,0.0,104.02500000000224,-51.75,0.0,8,nan,99.46000000000001
CRUISE,-,GOAL_REACHED,0.0,0.0,92.00487535630033,19.846324576432593,1.5678122459716395,0.0,104.02500000000224,-51.75,0.0,8,nan,99.48
CRUISE,-,GOAL_REACHED,0.0,0.0,92.00487535630033,19.846324576432593,1.5678122459716395,0.0,104.02500000000224,-51.75,0.0,8,nan,99.501
CRUISE,-,GOAL_REACHED,0.0,0.0,92.00487535630033,19.846324576432593,1.5678122459716395,0.0,104.02500000000224,-51.75,0.0,8,nan,99.52000000000001
CRUISE,-,GOAL_REACHED,0.0,0.0,92.00487535630033,19.846324576432593,1.5678122459716395,0.0,104.02500000000224,-51.75,0.0,8,nan,99.54
CRUISE,-,GOAL_REACHED,0.0,0.0,92.00487535630033,19.846324576432593,1.5678122459716395,0.0,104.02500000000224,-51.75,0.0,8,nan,99.56
CRUISE,-,GOAL_REACHED,0.0,0.0,92.00487535630033,19.846324576432593,1.5678122459716395,0.0,104.02500000000224,-51.75,0.0,8,nan,99.58000000000001
CRUISE,-,GOAL_REACHED,0.0,0.0,92.00487535630033,19.846324576432593,1.5678122459716395,0.0,104.02500000000224,-51.75,0.0,8,nan,99.60000000000001
CRUISE,-,GOAL_REACHED,0.0,0.0,92.00487535630033,19.846324576432593,1.5678122459716395,0.0,104.02500000000224,-51.75,0.0,8,nan,99.62
CRUISE,-,GOAL_REACHED,0.0,0.0,92.00487535630033,19.846324576432593,1.5678122459716395,0.0,104.02500000000224,-51.75,0.0,8,nan,99.64
CRUISE,-,GOAL_REACHED,0.0,0.0,92.00487535630033,19.846324576432593,1.5678122459716395,0.0,104.02500000000224,-51.75,0.0,8,nan,99.66000000000001
CRUISE,-,GOAL_REACHED,0.0,0.0,92.00487535630033,19.846324576432593,1.5678122459716395,0.0,104.02500000000224,-51.75,0.0,8,nan,99.68
CRUISE,-,GOAL_REACHED,0.0,0.0,92.00487535630033,19.846324576432593,1.5678122459716395,0.0,104.02500000000224,-51.75,0.0,8,nan,99.7
CRUISE,-,GOAL_REACHED,0.0,0.0,92.00487535630033,19.846324576432593,1.5678122459716395,0.0,104.02500000000224,-51.75,0.0,8,nan,99.72000000000001
CRUISE,-,GOAL_REACHED,0.0,0.0,92.00487535630033,19.846324576432593,1.5678122459716395,0.0,104.02500000000224,-51.75,0.0,8,nan,99.74000000000001
CRUISE,-,GOAL_REACHED,0.0,0.0,92.00487535630033,19.846324576432593,1.5678122459716395,0.0,104.02500000000224,-51.75,0.0,8,nan,99.76
CRUISE,-,GOAL_REACHED,0.0,0.0,92.00487535630033,19.846324576432593,1.5678122459716395,0.0,104.02500000000224,-51.75,0.0,8,nan,99.78
CRUISE,-,GOAL_REACHED,0.0,0.0,92.00487535630033,19.846324576432593,1.5678122459716395,0.0,104.02500000000224,-51.75,0.0,8,nan,99.80000000000001
CRUISE,-,GOAL_REACHED,0.0,0.0,92.00487535630033,19.846324576432593,1.5678122459716395,0.0,104.02500000000224,-51.75,0.0,8,nan,99.82000000000001
CRUISE,-,GOAL_REACHED,0.0,0.0,92.00487535630033,19.846324576432593,1.5678122459716395,0.0,104.02500000000224,-51.75,0.0,8,nan,99.84
CRUISE,-,GOAL_REACHED,0.0,0.0,92.00487535630033,19.846324576432593,1.5678122459716395,0.0,104.02500000000224,-51.75,0.0,8,nan,99.86
CRUISE,-,GOAL_REACHED,0.0,0.0,92.00487535630033,19.846324576432593,1.5678122459716395,0.0,104.02500000000224,-51.75,0.0,8,nan,99.88000000000001
